"method_group","slope_metric","Analysis scope","QC Scenario","Group 1","Group 2","n1","n2","Median difference","W statistics","p value","p-adjusted value"
"per_cell_all_cells_OLS","all_cells_slope","Combined","occurrence5_k1_tropical_temperate","Coldhouse","Hothouse",25,25,-0.42429561754133,111,4.8101737683132e-05,0.00048101737683132
"per_cell_all_cells_OLS","all_cells_slope","Combined","occurrence5_k1_tropical_temperate","Coldhouse","Warmhouse",25,26,-0.415584836784078,131,0.0001331918686924,0.000665959343462
"per_cell_all_cells_OLS","all_cells_slope","Combined","occurrence5_k1_tropical_temperate","Coldhouse","Transitional",25,32,-0.378065507137329,191,0.000399657391221423,0.00133219130407141
"per_cell_all_cells_OLS","all_cells_slope","Combined","occurrence5_k1_tropical_temperate","Coolhouse","Hothouse",32,25,-0.133646706937466,246,0.00678329127955739,0.0169582281988935
"per_cell_all_cells_OLS","all_cells_slope","Combined","occurrence5_k1_tropical_temperate","Coolhouse","Warmhouse",32,26,-0.124935926180214,264,0.00892463574179036,0.0178492714835807
"per_cell_all_cells_OLS","all_cells_slope","Combined","occurrence5_k1_tropical_temperate","Coldhouse","Coolhouse",25,32,-0.290648910603864,258,0.0114362131502449,0.0190603552504082
"per_cell_all_cells_OLS","all_cells_slope","Combined","occurrence5_k1_tropical_temperate","Coolhouse","Transitional",32,32,-0.087416596533465,375,0.0334156756663264,0.0477366795233234
"per_cell_all_cells_OLS","all_cells_slope","Combined","occurrence5_k1_tropical_temperate","Transitional","Hothouse",32,25,-0.0462301104040012,337,0.157423025664408,0.19677878208051
"per_cell_all_cells_OLS","all_cells_slope","Combined","occurrence5_k1_tropical_temperate","Transitional","Warmhouse",32,26,-0.0375193296467492,373,0.25318669243371,0.281318547148567
"per_cell_all_cells_OLS","all_cells_slope","Combined","occurrence5_k1_tropical_temperate","Warmhouse","Hothouse",26,25,-0.00871078075725193,303,0.342699092897766,0.342699092897766
"per_cell_all_cells_OLS","all_cells_slope","Combined","occurrence5_k1_tropical_temperate_polar","Coolhouse","Hothouse",20,14,-0.294470466414766,26,3.56848732393941e-05,0.000356848732393941
"per_cell_all_cells_OLS","all_cells_slope","Combined","occurrence5_k1_tropical_temperate_polar","Coldhouse","Hothouse",10,14,-0.483954586400257,16,0.000866211185146913,0.00433105592573456
"per_cell_all_cells_OLS","all_cells_slope","Combined","occurrence5_k1_tropical_temperate_polar","Transitional","Hothouse",18,14,-0.197993852473704,52,0.00261889160842964,0.00872963869476546
"per_cell_all_cells_OLS","all_cells_slope","Combined","occurrence5_k1_tropical_temperate_polar","Coolhouse","Warmhouse",20,18,-0.132286066917451,93,0.00572183602115164,0.0143045900528791
"per_cell_all_cells_OLS","all_cells_slope","Combined","occurrence5_k1_tropical_temperate_polar","Coldhouse","Warmhouse",10,18,-0.321770186902943,40,0.00881393455594786,0.0176278691118957
"per_cell_all_cells_OLS","all_cells_slope","Combined","occurrence5_k1_tropical_temperate_polar","Warmhouse","Hothouse",18,14,-0.162184399497314,66,0.0119038590286566,0.019839765047761
"per_cell_all_cells_OLS","all_cells_slope","Combined","occurrence5_k1_tropical_temperate_polar","Coldhouse","Transitional",10,18,-0.285960733926553,52,0.0360895037944083,0.0515564339920119
"per_cell_all_cells_OLS","all_cells_slope","Combined","occurrence5_k1_tropical_temperate_polar","Coolhouse","Transitional",20,18,-0.0964766139410611,127,0.0624101504323409,0.0780126880404261
"per_cell_all_cells_OLS","all_cells_slope","Combined","occurrence5_k1_tropical_temperate_polar","Coldhouse","Coolhouse",10,20,-0.189484119985491,75,0.140548946003707,0.156165495559675
"per_cell_all_cells_OLS","all_cells_slope","Combined","occurrence5_k1_tropical_temperate_polar","Transitional","Warmhouse",18,18,-0.0358094529763903,135,0.200896617342761,0.200896617342761
"per_cell_all_cells_OLS","all_cells_slope","Combined","occurrence5_k2_tropical_temperate","Coldhouse","Hothouse",18,18,-0.540753875396806,36,3.58392660370899e-05,0.000358392660370899
"per_cell_all_cells_OLS","all_cells_slope","Combined","occurrence5_k2_tropical_temperate","Coldhouse","Transitional",18,21,-0.473135793158035,70,0.000421373482963671,0.00162887634821012
"per_cell_all_cells_OLS","all_cells_slope","Combined","occurrence5_k2_tropical_temperate","Coldhouse","Warmhouse",18,19,-0.428714530898087,62,0.000488662904463037,0.00162887634821012
"per_cell_all_cells_OLS","all_cells_slope","Combined","occurrence5_k2_tropical_temperate","Coolhouse","Hothouse",24,18,-0.155703074656159,108,0.00314501625384947,0.00786254063462366
"per_cell_all_cells_OLS","all_cells_slope","Combined","occurrence5_k2_tropical_temperate","Coldhouse","Coolhouse",18,24,-0.385050800740648,112,0.00426171024394589,0.00852342048789178
"per_cell_all_cells_OLS","all_cells_slope","Combined","occurrence5_k2_tropical_temperate","Warmhouse","Hothouse",19,18,-0.112039344498719,114,0.0430026169424503,0.0716710282374171
"per_cell_all_cells_OLS","all_cells_slope","Combined","occurrence5_k2_tropical_temperate","Coolhouse","Transitional",24,21,-0.088084992417387,186,0.068088903925451,0.0967687535669041
"per_cell_all_cells_OLS","all_cells_slope","Combined","occurrence5_k2_tropical_temperate","Transitional","Hothouse",21,18,-0.0676180822387716,138,0.0774150028535233,0.0967687535669041
"per_cell_all_cells_OLS","all_cells_slope","Combined","occurrence5_k2_tropical_temperate","Coolhouse","Warmhouse",24,19,-0.0436637301574395,181,0.127728456856813,0.141920507618681
"per_cell_all_cells_OLS","all_cells_slope","Combined","occurrence5_k2_tropical_temperate","Transitional","Warmhouse",21,19,0.0444212622599475,210,0.617119268887399,0.617119268887399
"per_cell_all_cells_OLS","all_cells_slope","Combined","occurrence5_k2_tropical_temperate_polar","Coldhouse","Hothouse",6,10,-0.430680599636,3,0.00202443755354081,0.0101221877677041
"per_cell_all_cells_OLS","all_cells_slope","Combined","occurrence5_k2_tropical_temperate_polar","Coolhouse","Hothouse",12,10,-0.166115934731996,13,0.00108428420954444,0.0101221877677041
"per_cell_all_cells_OLS","all_cells_slope","Combined","occurrence5_k2_tropical_temperate_polar","Transitional","Hothouse",8,10,-0.148599269797366,10,0.00438176461511242,0.0146058820503747
"per_cell_all_cells_OLS","all_cells_slope","Combined","occurrence5_k2_tropical_temperate_polar","Coldhouse","Coolhouse",6,12,-0.264564664904004,13,0.0175450087642061,0.0350900175284123
"per_cell_all_cells_OLS","all_cells_slope","Combined","occurrence5_k2_tropical_temperate_polar","Warmhouse","Hothouse",12,10,-0.136622448287136,27,0.0160570896539537,0.0350900175284123
"per_cell_all_cells_OLS","all_cells_slope","Combined","occurrence5_k2_tropical_temperate_polar","Coldhouse","Warmhouse",6,12,-0.294058151348864,14,0.0220226477048265,0.0367044128413776
"per_cell_all_cells_OLS","all_cells_slope","Combined","occurrence5_k2_tropical_temperate_polar","Coldhouse","Transitional",6,8,-0.282081329838634,15,0.136245241734976,0.194636059621394
"per_cell_all_cells_OLS","all_cells_slope","Combined","occurrence5_k2_tropical_temperate_polar","Coolhouse","Warmhouse",12,12,-0.0294934864448599,60,0.253360257438929,0.312685418842959
"per_cell_all_cells_OLS","all_cells_slope","Combined","occurrence5_k2_tropical_temperate_polar","Transitional","Warmhouse",8,12,-0.0119768215102298,40,0.281416876958663,0.312685418842959
"per_cell_all_cells_OLS","all_cells_slope","Combined","occurrence5_k2_tropical_temperate_polar","Coolhouse","Transitional",12,8,-0.01751666493463,48,0.515385716580331,0.515385716580331
"per_cell_all_cells_OLS","all_cells_slope","Combined","occurrence5_k3_tropical_temperate","Coldhouse","Hothouse",7,10,-0.358550058997098,7,0.003640346121149,0.0320667341137136
"per_cell_all_cells_OLS","all_cells_slope","Combined","occurrence5_k3_tropical_temperate","Coolhouse","Hothouse",14,10,-0.241196479650509,27,0.00641334682274272,0.0320667341137136
"per_cell_all_cells_OLS","all_cells_slope","Combined","occurrence5_k3_tropical_temperate","Coldhouse","Warmhouse",7,12,-0.259986734488953,15,0.0125565419229956,0.0418551397433188
"per_cell_all_cells_OLS","all_cells_slope","Combined","occurrence5_k3_tropical_temperate","Coldhouse","Transitional",7,14,-0.293809977350431,25,0.0397829254190756,0.099457313547689
"per_cell_all_cells_OLS","all_cells_slope","Combined","occurrence5_k3_tropical_temperate","Coolhouse","Warmhouse",14,12,-0.142633155142364,52,0.0525962525600207,0.105192505120041
"per_cell_all_cells_OLS","all_cells_slope","Combined","occurrence5_k3_tropical_temperate","Coolhouse","Transitional",14,14,-0.176456398003842,67,0.0805466122494508,0.134244353749085
"per_cell_all_cells_OLS","all_cells_slope","Combined","occurrence5_k3_tropical_temperate","Warmhouse","Hothouse",12,10,-0.0985633245081451,42,0.124267339586529,0.177524770837899
"per_cell_all_cells_OLS","all_cells_slope","Combined","occurrence5_k3_tropical_temperate","Coldhouse","Coolhouse",7,14,-0.117353579346589,37,0.195458887614202,0.217176541793558
"per_cell_all_cells_OLS","all_cells_slope","Combined","occurrence5_k3_tropical_temperate","Transitional","Hothouse",14,10,-0.0647400816466661,54,0.182048214682635,0.217176541793558
"per_cell_all_cells_OLS","all_cells_slope","Combined","occurrence5_k3_tropical_temperate","Transitional","Warmhouse",14,12,0.0338232428614789,84,0.51025855757873,0.51025855757873
"per_cell_all_cells_OLS","all_cells_slope","Combined","occurrence5_k3_tropical_temperate_polar","Coldhouse","Coolhouse",2,7,-0.167633822478559,1,0.0536732684969056,0.112351197690464
"per_cell_all_cells_OLS","all_cells_slope","Combined","occurrence5_k3_tropical_temperate_polar","Coldhouse","Warmhouse",2,7,-0.274057407194963,1,0.0536732684969056,0.112351197690464
"per_cell_all_cells_OLS","all_cells_slope","Combined","occurrence5_k3_tropical_temperate_polar","Coldhouse","Hothouse",2,4,-0.448811900207528,0,0.0525962525600207,0.112351197690464
"per_cell_all_cells_OLS","all_cells_slope","Combined","occurrence5_k3_tropical_temperate_polar","Coolhouse","Hothouse",7,4,-0.28117807772897,3,0.0236104520017886,0.112351197690464
"per_cell_all_cells_OLS","all_cells_slope","Combined","occurrence5_k3_tropical_temperate_polar","Transitional","Hothouse",4,4,-0.228942323790646,2,0.056175598845232,0.112351197690464
"per_cell_all_cells_OLS","all_cells_slope","Combined","occurrence5_k3_tropical_temperate_polar","Warmhouse","Hothouse",7,4,-0.174754493012566,8,0.149308837224405,0.248848062040675
"per_cell_all_cells_OLS","all_cells_slope","Combined","occurrence5_k3_tropical_temperate_polar","Coldhouse","Transitional",2,4,-0.219869576416883,2,0.243726645182017,0.304658306477522
"per_cell_all_cells_OLS","all_cells_slope","Combined","occurrence5_k3_tropical_temperate_polar","Coolhouse","Warmhouse",7,7,-0.106423584716404,18,0.22164426105822,0.304658306477522
"per_cell_all_cells_OLS","all_cells_slope","Combined","occurrence5_k3_tropical_temperate_polar","Transitional","Warmhouse",4,7,-0.0541878307780803,11,0.3183008162818,0.353667573646445
"per_cell_all_cells_OLS","all_cells_slope","Combined","occurrence5_k3_tropical_temperate_polar","Coolhouse","Transitional",7,4,-0.0522357539383239,14,0.537640481256615,0.537640481256615
"per_cell_all_cells_OLS","all_cells_slope","Combined","occurrence10_k1_tropical_temperate","Coldhouse","Warmhouse",24,25,-0.510990090376758,86,9.77364837291759e-06,9.77364837291759e-05
"per_cell_all_cells_OLS","all_cells_slope","Combined","occurrence10_k1_tropical_temperate","Coldhouse","Hothouse",24,25,-0.539246913054652,95,2.15686594481806e-05,0.000107843297240903
"per_cell_all_cells_OLS","all_cells_slope","Combined","occurrence10_k1_tropical_temperate","Coldhouse","Transitional",24,30,-0.483801035086471,151,0.000141974846100731,0.000473249487002437
"per_cell_all_cells_OLS","all_cells_slope","Combined","occurrence10_k1_tropical_temperate","Coldhouse","Coolhouse",24,31,-0.299372035612292,216,0.00415746372679277,0.0103936593169819
"per_cell_all_cells_OLS","all_cells_slope","Combined","occurrence10_k1_tropical_temperate","Coolhouse","Warmhouse",31,25,-0.211618054764466,242,0.00842766511352507,0.0168553302270501
"per_cell_all_cells_OLS","all_cells_slope","Combined","occurrence10_k1_tropical_temperate","Coolhouse","Hothouse",31,25,-0.23987487744236,252,0.0130395706099036,0.0217326176831726
"per_cell_all_cells_OLS","all_cells_slope","Combined","occurrence10_k1_tropical_temperate","Coolhouse","Transitional",31,30,-0.184428999474179,375,0.0983260201835212,0.140465743119316
"per_cell_all_cells_OLS","all_cells_slope","Combined","occurrence10_k1_tropical_temperate","Transitional","Hothouse",30,25,-0.0554458779681803,311,0.141557973289222,0.176947466611527
"per_cell_all_cells_OLS","all_cells_slope","Combined","occurrence10_k1_tropical_temperate","Transitional","Warmhouse",30,25,-0.0271890552902863,328,0.215935660216303,0.230467442927399
"per_cell_all_cells_OLS","all_cells_slope","Combined","occurrence10_k1_tropical_temperate","Warmhouse","Hothouse",25,25,-0.0282568226778939,274,0.230467442927399,0.230467442927399
"per_cell_all_cells_OLS","all_cells_slope","Combined","occurrence10_k1_tropical_temperate_polar","Coolhouse","Hothouse",17,12,-0.272697221750905,25,0.000352693237039221,0.00352693237039221
"per_cell_all_cells_OLS","all_cells_slope","Combined","occurrence10_k1_tropical_temperate_polar","Coldhouse","Hothouse",9,12,-0.395914579517662,13,0.0019996961246875,0.00999848062343751
"per_cell_all_cells_OLS","all_cells_slope","Combined","occurrence10_k1_tropical_temperate_polar","Coldhouse","Warmhouse",9,18,-0.322497855564766,31,0.00544817709769372,0.0136204427442343
"per_cell_all_cells_OLS","all_cells_slope","Combined","occurrence10_k1_tropical_temperate_polar","Coolhouse","Warmhouse",17,18,-0.199280497798009,73,0.00434658017886441,0.0136204427442343
"per_cell_all_cells_OLS","all_cells_slope","Combined","occurrence10_k1_tropical_temperate_polar","Warmhouse","Hothouse",18,12,-0.0734167239528959,55,0.0131246920008167,0.0262493840016333
"per_cell_all_cells_OLS","all_cells_slope","Combined","occurrence10_k1_tropical_temperate_polar","Transitional","Hothouse",15,12,-0.212412708385957,46,0.0168944196918348,0.028157366153058
"per_cell_all_cells_OLS","all_cells_slope","Combined","occurrence10_k1_tropical_temperate_polar","Coldhouse","Coolhouse",9,17,-0.123217357766757,51,0.0889224790269716,0.111153098783715
"per_cell_all_cells_OLS","all_cells_slope","Combined","occurrence10_k1_tropical_temperate_polar","Coldhouse","Transitional",9,15,-0.183501871131705,44,0.0851165770543603,0.111153098783715
"per_cell_all_cells_OLS","all_cells_slope","Combined","occurrence10_k1_tropical_temperate_polar","Transitional","Warmhouse",15,18,-0.138995984433061,101,0.112910328534132,0.12545592059348
"per_cell_all_cells_OLS","all_cells_slope","Combined","occurrence10_k1_tropical_temperate_polar","Coolhouse","Transitional",17,15,-0.060284513364948,112,0.285546952436498,0.285546952436498
"per_cell_all_cells_OLS","all_cells_slope","Combined","occurrence10_k2_tropical_temperate","Coldhouse","Hothouse",12,14,-0.449866679659778,19,0.000454098775762154,0.00454098775762154
"per_cell_all_cells_OLS","all_cells_slope","Combined","occurrence10_k2_tropical_temperate","Coldhouse","Warmhouse",12,17,-0.389791723863531,39,0.00282399922760349,0.0141199961380174
"per_cell_all_cells_OLS","all_cells_slope","Combined","occurrence10_k2_tropical_temperate","Coldhouse","Transitional",12,19,-0.387728349704529,56,0.00985210993094109,0.0328403664364703
"per_cell_all_cells_OLS","all_cells_slope","Combined","occurrence10_k2_tropical_temperate","Coolhouse","Hothouse",22,14,-0.169589624213318,86,0.0142485803206417,0.0356214508016042
"per_cell_all_cells_OLS","all_cells_slope","Combined","occurrence10_k2_tropical_temperate","Coldhouse","Coolhouse",12,22,-0.28027705544646,84,0.0434685008805463,0.0724475014675771
"per_cell_all_cells_OLS","all_cells_slope","Combined","occurrence10_k2_tropical_temperate","Warmhouse","Hothouse",17,14,-0.0600749557962466,74,0.0386650268433278,0.0724475014675771
"per_cell_all_cells_OLS","all_cells_slope","Combined","occurrence10_k2_tropical_temperate","Transitional","Hothouse",19,14,-0.0621383299552488,94,0.0803983153795437,0.114854736256491
"per_cell_all_cells_OLS","all_cells_slope","Combined","occurrence10_k2_tropical_temperate","Coolhouse","Transitional",22,19,-0.107451294258069,170,0.15707374600195,0.182507878634645
"per_cell_all_cells_OLS","all_cells_slope","Combined","occurrence10_k2_tropical_temperate","Coolhouse","Warmhouse",22,17,-0.109514668417071,152,0.16425709077118,0.182507878634645
"per_cell_all_cells_OLS","all_cells_slope","Combined","occurrence10_k2_tropical_temperate","Transitional","Warmhouse",19,17,-0.00206337415900215,163,0.525266083227747,0.525266083227747
"per_cell_all_cells_OLS","all_cells_slope","Combined","occurrence10_k2_tropical_temperate_polar","Coldhouse","Coolhouse",4,10,-0.296255455202808,2,0.00666416439040878,0.0332740888420268
"per_cell_all_cells_OLS","all_cells_slope","Combined","occurrence10_k2_tropical_temperate_polar","Coldhouse","Warmhouse",4,9,-0.351585295711465,2,0.00838522806319097,0.0332740888420268
"per_cell_all_cells_OLS","all_cells_slope","Combined","occurrence10_k2_tropical_temperate_polar","Coldhouse","Hothouse",4,5,-0.457898358278957,0,0.00998222665260803,0.0332740888420268
"per_cell_all_cells_OLS","all_cells_slope","Combined","occurrence10_k2_tropical_temperate_polar","Coolhouse","Hothouse",10,5,-0.161642903076149,10,0.0378763438081911,0.0946908595204778
"per_cell_all_cells_OLS","all_cells_slope","Combined","occurrence10_k2_tropical_temperate_polar","Transitional","Hothouse",8,5,-0.15754587922872,9,0.0621414370312762,0.124282874062552
"per_cell_all_cells_OLS","all_cells_slope","Combined","occurrence10_k2_tropical_temperate_polar","Warmhouse","Hothouse",9,5,-0.106313062567493,13,0.115069670221708,0.191782783702847
"per_cell_all_cells_OLS","all_cells_slope","Combined","occurrence10_k2_tropical_temperate_polar","Coldhouse","Transitional",4,8,-0.300352479050238,10,0.175118792409497,0.194576436010552
"per_cell_all_cells_OLS","all_cells_slope","Combined","occurrence10_k2_tropical_temperate_polar","Coolhouse","Warmhouse",10,9,-0.0553298405086566,32,0.153717082963698,0.194576436010552
"per_cell_all_cells_OLS","all_cells_slope","Combined","occurrence10_k2_tropical_temperate_polar","Transitional","Warmhouse",8,9,-0.0512328166612271,25,0.156160710838108,0.194576436010552
"per_cell_all_cells_OLS","all_cells_slope","Combined","occurrence10_k2_tropical_temperate_polar","Coolhouse","Transitional",10,8,-0.00409702384742949,43,0.6220932884567,0.6220932884567
"per_cell_all_cells_OLS","all_cells_slope","Combined","occurrence10_k3_tropical_temperate","Coldhouse","Warmhouse",6,10,-0.323320883384463,7,0.00733412981253688,0.0366706490626844
"per_cell_all_cells_OLS","all_cells_slope","Combined","occurrence10_k3_tropical_temperate","Coldhouse","Hothouse",6,8,-0.435842988390555,3,0.00406601094944092,0.0366706490626844
"per_cell_all_cells_OLS","all_cells_slope","Combined","occurrence10_k3_tropical_temperate","Coolhouse","Hothouse",12,8,-0.279584702580838,20,0.0169326851664126,0.056442283888042
"per_cell_all_cells_OLS","all_cells_slope","Combined","occurrence10_k3_tropical_temperate","Coldhouse","Transitional",6,12,-0.359972289335474,17,0.0415759470427971,0.103939867606993
"per_cell_all_cells_OLS","all_cells_slope","Combined","occurrence10_k3_tropical_temperate","Coolhouse","Warmhouse",12,10,-0.167062597574746,36,0.060625487940369,0.12031927028551
"per_cell_all_cells_OLS","all_cells_slope","Combined","occurrence10_k3_tropical_temperate","Transitional","Hothouse",12,8,-0.0758706990550811,29,0.0767458578105445,0.12031927028551
"per_cell_all_cells_OLS","all_cells_slope","Combined","occurrence10_k3_tropical_temperate","Warmhouse","Hothouse",10,8,-0.112522105006092,24,0.0842234891998567,0.12031927028551
"per_cell_all_cells_OLS","all_cells_slope","Combined","occurrence10_k3_tropical_temperate","Coldhouse","Coolhouse",6,12,-0.156258285809717,24,0.140723674483476,0.175904593104345
"per_cell_all_cells_OLS","all_cells_slope","Combined","occurrence10_k3_tropical_temperate","Coolhouse","Transitional",12,12,-0.203714003525757,56,0.185422166652111,0.206024629613456
"per_cell_all_cells_OLS","all_cells_slope","Combined","occurrence10_k3_tropical_temperate","Transitional","Warmhouse",12,10,0.0366514059510111,55,0.383339680184369,0.383339680184369
"per_cell_all_cells_OLS","all_cells_slope","Combined","occurrence10_k3_tropical_temperate_polar","Coldhouse","Coolhouse",2,3,-0.298882109205433,0,0.0744573365893828,0.248191121964609
"per_cell_all_cells_OLS","all_cells_slope","Combined","occurrence10_k3_tropical_temperate_polar","Coldhouse","Warmhouse",2,5,-0.359657187584933,0,0.0406805646170377,0.248191121964609
"per_cell_all_cells_OLS","all_cells_slope","Combined","occurrence10_k3_tropical_temperate_polar","Coldhouse","Hothouse",2,3,-0.597391195994941,0,0.0744573365893828,0.248191121964609
"per_cell_all_cells_OLS","all_cells_slope","Combined","occurrence10_k3_tropical_temperate_polar","Transitional","Hothouse",4,3,-0.386206614276446,2,0.10796246947007,0.269906173675175
"per_cell_all_cells_OLS","all_cells_slope","Combined","occurrence10_k3_tropical_temperate_polar","Coolhouse","Warmhouse",3,5,-0.0607750783794996,4,0.185546684761349,0.279476628059028
"per_cell_all_cells_OLS","all_cells_slope","Combined","occurrence10_k3_tropical_temperate_polar","Coolhouse","Hothouse",3,3,-0.298509086789508,2,0.191366544442613,0.279476628059028
"per_cell_all_cells_OLS","all_cells_slope","Combined","occurrence10_k3_tropical_temperate_polar","Transitional","Warmhouse",4,5,-0.148472605866438,6,0.19563363964132,0.279476628059028
"per_cell_all_cells_OLS","all_cells_slope","Combined","occurrence10_k3_tropical_temperate_polar","Warmhouse","Hothouse",5,3,-0.237734008410008,5,0.275492493792547,0.344365617240683
"per_cell_all_cells_OLS","all_cells_slope","Combined","occurrence10_k3_tropical_temperate_polar","Coldhouse","Transitional",2,4,-0.211184581718495,3,0.408480660857696,0.453867400952995
"per_cell_all_cells_OLS","all_cells_slope","Combined","occurrence10_k3_tropical_temperate_polar","Coolhouse","Transitional",3,4,0.0876975274869384,6,0.570158102400667,0.570158102400667
"per_cell_all_cells_OLS","all_cells_slope","Combined","collection5_k1_tropical_temperate","Coldhouse","Warmhouse",24,25,-0.562281685225896,106,5.44176766336997e-05,0.000272088383168499
"per_cell_all_cells_OLS","all_cells_slope","Combined","collection5_k1_tropical_temperate","Coldhouse","Hothouse",24,22,-0.67328091120274,87,5.19646261359158e-05,0.000272088383168499
"per_cell_all_cells_OLS","all_cells_slope","Combined","collection5_k1_tropical_temperate","Coldhouse","Transitional",24,31,-0.479917939464557,159,0.000155261140054834,0.000517537133516115
"per_cell_all_cells_OLS","all_cells_slope","Combined","collection5_k1_tropical_temperate","Coolhouse","Hothouse",30,22,-0.317515665556577,154,0.000575895047312307,0.00143973761828077
"per_cell_all_cells_OLS","all_cells_slope","Combined","collection5_k1_tropical_temperate","Coolhouse","Warmhouse",30,25,-0.206516439579734,205,0.00208456610301742,0.00416913220603484
"per_cell_all_cells_OLS","all_cells_slope","Combined","collection5_k1_tropical_temperate","Coolhouse","Transitional",30,31,-0.124152693818394,307,0.0115392214276443,0.0192320357127405
"per_cell_all_cells_OLS","all_cells_slope","Combined","collection5_k1_tropical_temperate","Coldhouse","Coolhouse",24,30,-0.355765245646163,244,0.0221840244960592,0.0316914635657989
"per_cell_all_cells_OLS","all_cells_slope","Combined","collection5_k1_tropical_temperate","Transitional","Hothouse",31,22,-0.193362971738183,261,0.0756356476012935,0.0945445595016169
"per_cell_all_cells_OLS","all_cells_slope","Combined","collection5_k1_tropical_temperate","Warmhouse","Hothouse",25,22,-0.110999225976844,217,0.110117379285369,0.12235264365041
"per_cell_all_cells_OLS","all_cells_slope","Combined","collection5_k1_tropical_temperate","Transitional","Warmhouse",31,25,-0.0823637457613397,351,0.276476260726279,0.276476260726279
"per_cell_all_cells_OLS","all_cells_slope","Combined","collection5_k1_tropical_temperate_polar","Coolhouse","Hothouse",19,11,-0.364809688664553,12,3.75762028608613e-05,0.000375762028608613
"per_cell_all_cells_OLS","all_cells_slope","Combined","collection5_k1_tropical_temperate_polar","Coldhouse","Hothouse",10,11,-0.651842851593797,10,0.000863393242266966,0.00431696621133483
"per_cell_all_cells_OLS","all_cells_slope","Combined","collection5_k1_tropical_temperate_polar","Transitional","Hothouse",16,11,-0.265827585797429,29,0.00194613609941332,0.00648712033137774
"per_cell_all_cells_OLS","all_cells_slope","Combined","collection5_k1_tropical_temperate_polar","Coldhouse","Warmhouse",10,16,-0.422631690117947,28,0.00332091656451281,0.00664183312902562
"per_cell_all_cells_OLS","all_cells_slope","Combined","collection5_k1_tropical_temperate_polar","Warmhouse","Hothouse",16,11,-0.22921116147585,32,0.00308390705292613,0.00664183312902562
"per_cell_all_cells_OLS","all_cells_slope","Combined","collection5_k1_tropical_temperate_polar","Coolhouse","Warmhouse",19,16,-0.135598527188703,78,0.00747004201196093,0.0124500700199349
"per_cell_all_cells_OLS","all_cells_slope","Combined","collection5_k1_tropical_temperate_polar","Coldhouse","Transitional",10,16,-0.386015265796368,40,0.0186788726369101,0.0266841037670144
"per_cell_all_cells_OLS","all_cells_slope","Combined","collection5_k1_tropical_temperate_polar","Coldhouse","Coolhouse",10,19,-0.287033162929244,67,0.103512804078468,0.129391005098084
"per_cell_all_cells_OLS","all_cells_slope","Combined","collection5_k1_tropical_temperate_polar","Coolhouse","Transitional",19,16,-0.098982102867124,118,0.133651287607501,0.133651287607501
"per_cell_all_cells_OLS","all_cells_slope","Combined","collection5_k1_tropical_temperate_polar","Transitional","Warmhouse",16,16,-0.036616424321579,98,0.133107112489531,0.133651287607501
"per_cell_all_cells_OLS","all_cells_slope","Combined","collection5_k2_tropical_temperate","Coldhouse","Hothouse",11,12,-0.709842903175021,6,0.000125140680118127,0.00125140680118127
"per_cell_all_cells_OLS","all_cells_slope","Combined","collection5_k2_tropical_temperate","Coldhouse","Warmhouse",11,18,-0.449445137070446,28,0.000765508137905986,0.00255169379301995
"per_cell_all_cells_OLS","all_cells_slope","Combined","collection5_k2_tropical_temperate","Coolhouse","Hothouse",21,12,-0.327074070879932,39,0.000603583799280459,0.00255169379301995
"per_cell_all_cells_OLS","all_cells_slope","Combined","collection5_k2_tropical_temperate","Coldhouse","Transitional",11,18,-0.507651620488298,35,0.0021578605674042,0.00539465141851049
"per_cell_all_cells_OLS","all_cells_slope","Combined","collection5_k2_tropical_temperate","Warmhouse","Hothouse",18,12,-0.260397766104575,64,0.0327740254880112,0.0655480509760223
"per_cell_all_cells_OLS","all_cells_slope","Combined","collection5_k2_tropical_temperate","Coolhouse","Warmhouse",21,18,-0.0666763047753562,129,0.0468472989910424,0.0674936656215028
"per_cell_all_cells_OLS","all_cells_slope","Combined","collection5_k2_tropical_temperate","Transitional","Hothouse",18,12,-0.202191282686722,68,0.047245565935052,0.0674936656215028
"per_cell_all_cells_OLS","all_cells_slope","Combined","collection5_k2_tropical_temperate","Coldhouse","Coolhouse",11,21,-0.382768832295089,76,0.0608878422884262,0.0732008406794937
"per_cell_all_cells_OLS","all_cells_slope","Combined","collection5_k2_tropical_temperate","Coolhouse","Transitional",21,18,-0.124882788193209,135,0.0658807566115443,0.0732008406794937
"per_cell_all_cells_OLS","all_cells_slope","Combined","collection5_k2_tropical_temperate","Transitional","Warmhouse",18,18,0.058206483417853,158,0.455913205876692,0.455913205876692
"per_cell_all_cells_OLS","all_cells_slope","Combined","collection5_k2_tropical_temperate_polar","Coldhouse","Warmhouse",4,11,-0.332277796475732,7,0.0291726511684288,0.072931627921072
"per_cell_all_cells_OLS","all_cells_slope","Combined","collection5_k2_tropical_temperate_polar","Coldhouse","Hothouse",4,5,-0.577842072926824,1,0.0186682079603315,0.072931627921072
"per_cell_all_cells_OLS","all_cells_slope","Combined","collection5_k2_tropical_temperate_polar","Coolhouse","Hothouse",12,5,-0.287212319836918,7,0.00885303290368331,0.072931627921072
"per_cell_all_cells_OLS","all_cells_slope","Combined","collection5_k2_tropical_temperate_polar","Transitional","Hothouse",6,5,-0.396468702186077,4,0.0276171268590319,0.072931627921072
"per_cell_all_cells_OLS","all_cells_slope","Combined","collection5_k2_tropical_temperate_polar","Warmhouse","Hothouse",11,5,-0.245564276451092,13,0.056365649345726,0.112731298691452
"per_cell_all_cells_OLS","all_cells_slope","Combined","collection5_k2_tropical_temperate_polar","Transitional","Warmhouse",6,11,-0.150904425734985,19,0.0874222168052074,0.145703694675346
"per_cell_all_cells_OLS","all_cells_slope","Combined","collection5_k2_tropical_temperate_polar","Coldhouse","Coolhouse",4,12,-0.290629753089906,15,0.151322842383573,0.216175489119389
"per_cell_all_cells_OLS","all_cells_slope","Combined","collection5_k2_tropical_temperate_polar","Coldhouse","Transitional",4,6,-0.181373370740747,8,0.227772546894665,0.253080607660739
"per_cell_all_cells_OLS","all_cells_slope","Combined","collection5_k2_tropical_temperate_polar","Coolhouse","Warmhouse",12,11,-0.0416480433858261,52,0.203024224552363,0.253080607660739
"per_cell_all_cells_OLS","all_cells_slope","Combined","collection5_k2_tropical_temperate_polar","Coolhouse","Transitional",12,6,0.109256382349159,42,0.728665121731464,0.728665121731464
"per_cell_all_cells_OLS","all_cells_slope","Combined","collection5_k3_tropical_temperate","Coolhouse","Hothouse",11,8,-0.391357805060367,10,0.00283593522038022,0.0283593522038022
"per_cell_all_cells_OLS","all_cells_slope","Combined","collection5_k3_tropical_temperate","Coldhouse","Warmhouse",5,11,-0.396208475324765,7,0.0117328957765596,0.039109652588532
"per_cell_all_cells_OLS","all_cells_slope","Combined","collection5_k3_tropical_temperate","Coldhouse","Hothouse",5,8,-0.646939032804202,3,0.0078599901050123,0.039109652588532
"per_cell_all_cells_OLS","all_cells_slope","Combined","collection5_k3_tropical_temperate","Coldhouse","Transitional",5,12,-0.64171818777547,11,0.0255838152567162,0.0639595381417905
"per_cell_all_cells_OLS","all_cells_slope","Combined","collection5_k3_tropical_temperate","Coolhouse","Transitional",11,12,-0.386136960031635,37,0.0397106490731382,0.066184415121897
"per_cell_all_cells_OLS","all_cells_slope","Combined","collection5_k3_tropical_temperate","Coolhouse","Warmhouse",11,11,-0.14062724758093,33,0.0381180578072822,0.066184415121897
"per_cell_all_cells_OLS","all_cells_slope","Combined","collection5_k3_tropical_temperate","Warmhouse","Hothouse",11,8,-0.250730557479437,28,0.100295363724032,0.143279091034332
"per_cell_all_cells_OLS","all_cells_slope","Combined","collection5_k3_tropical_temperate","Coldhouse","Coolhouse",5,11,-0.255581227743835,21,0.24833790177541,0.310422377219263
"per_cell_all_cells_OLS","all_cells_slope","Combined","collection5_k3_tropical_temperate","Transitional","Hothouse",12,8,-0.00522084502873239,41,0.308014603773268,0.342238448636964
"per_cell_all_cells_OLS","all_cells_slope","Combined","collection5_k3_tropical_temperate","Transitional","Warmhouse",12,11,0.245509712450705,71,0.63250738929393,0.63250738929393
"per_cell_all_cells_OLS","all_cells_slope","Combined","collection5_k3_tropical_temperate_polar","Coldhouse","Coolhouse",2,4,-0.353058361380023,0,0.0525962525600207,0.238037829781905
"per_cell_all_cells_OLS","all_cells_slope","Combined","collection5_k3_tropical_temperate_polar","Coldhouse","Warmhouse",2,6,-0.333301505534329,0,0.0333765075848173,0.238037829781905
"per_cell_all_cells_OLS","all_cells_slope","Combined","collection5_k3_tropical_temperate_polar","Coldhouse","Hothouse",2,3,-0.647554272251069,0,0.0744573365893828,0.238037829781905
"per_cell_all_cells_OLS","all_cells_slope","Combined","collection5_k3_tropical_temperate_polar","Transitional","Hothouse",3,3,-0.585528655124835,1,0.095215131912762,0.238037829781905
"per_cell_all_cells_OLS","all_cells_slope","Combined","collection5_k3_tropical_temperate_polar","Coolhouse","Hothouse",4,3,-0.294495910871047,3,0.188379558905791,0.269113655579702
"per_cell_all_cells_OLS","all_cells_slope","Combined","collection5_k3_tropical_temperate_polar","Transitional","Warmhouse",3,6,-0.271275888408094,5,0.18307828009703,0.269113655579702
"per_cell_all_cells_OLS","all_cells_slope","Combined","collection5_k3_tropical_temperate_polar","Warmhouse","Hothouse",6,3,-0.314252766716741,5,0.18307828009703,0.269113655579702
"per_cell_all_cells_OLS","all_cells_slope","Combined","collection5_k3_tropical_temperate_polar","Coldhouse","Transitional",2,3,-0.0620256171262348,2,0.386414996342224,0.48301874542778
"per_cell_all_cells_OLS","all_cells_slope","Combined","collection5_k3_tropical_temperate_polar","Coolhouse","Warmhouse",4,6,0.0197568558456941,11,0.457553017210253,0.508392241344725
"per_cell_all_cells_OLS","all_cells_slope","Combined","collection5_k3_tropical_temperate_polar","Coolhouse","Transitional",4,3,0.291032744253788,8,0.811620441094209,0.811620441094209
"per_cell_all_cells_OLS","all_cells_slope","Combined","collection10_k1_tropical_temperate","Coldhouse","Hothouse",17,18,-0.790175746288359,28,1.98591452004782e-05,0.000198591452004782
"per_cell_all_cells_OLS","all_cells_slope","Combined","collection10_k1_tropical_temperate","Coldhouse","Warmhouse",17,20,-0.65040681944992,41,4.4981799414187e-05,0.000224908997070935
"per_cell_all_cells_OLS","all_cells_slope","Combined","collection10_k1_tropical_temperate","Coolhouse","Hothouse",28,18,-0.475872755255032,99,0.000299146389736701,0.000997154632455669
"per_cell_all_cells_OLS","all_cells_slope","Combined","collection10_k1_tropical_temperate","Coolhouse","Warmhouse",28,20,-0.336103828416593,133,0.00109334895090309,0.00273337237725773
"per_cell_all_cells_OLS","all_cells_slope","Combined","collection10_k1_tropical_temperate","Coldhouse","Transitional",17,23,-0.534206023207229,94,0.00286080364060333,0.00572160728120666
"per_cell_all_cells_OLS","all_cells_slope","Combined","collection10_k1_tropical_temperate","Coolhouse","Transitional",28,23,-0.219903032173902,214,0.0209277778999021,0.0348796298331701
"per_cell_all_cells_OLS","all_cells_slope","Combined","collection10_k1_tropical_temperate","Coldhouse","Coolhouse",17,28,-0.314302991033327,186,0.113979336256069,0.142474170320086
"per_cell_all_cells_OLS","all_cells_slope","Combined","collection10_k1_tropical_temperate","Transitional","Hothouse",23,18,-0.25596972308113,160,0.110934925913654,0.142474170320086
"per_cell_all_cells_OLS","all_cells_slope","Combined","collection10_k1_tropical_temperate","Warmhouse","Hothouse",20,18,-0.139768926838439,147,0.171018988608176,0.190021098453529
"per_cell_all_cells_OLS","all_cells_slope","Combined","collection10_k1_tropical_temperate","Transitional","Warmhouse",23,20,-0.116200796242691,200,0.236285390976097,0.236285390976097
"per_cell_all_cells_OLS","all_cells_slope","Combined","collection10_k1_tropical_temperate_polar","Coldhouse","Hothouse",7,6,-0.67294528592521,3,0.00620966532577613,0.0166604109760219
"per_cell_all_cells_OLS","all_cells_slope","Combined","collection10_k1_tropical_temperate_polar","Coolhouse","Warmhouse",13,12,-0.165992173665941,32,0.00666416439040878,0.0166604109760219
"per_cell_all_cells_OLS","all_cells_slope","Combined","collection10_k1_tropical_temperate_polar","Coolhouse","Hothouse",13,6,-0.403940556183172,6,0.00218294919847229,0.0166604109760219
"per_cell_all_cells_OLS","all_cells_slope","Combined","collection10_k1_tropical_temperate_polar","Transitional","Hothouse",8,6,-0.507109878481207,4,0.00591056891831115,0.0166604109760219
"per_cell_all_cells_OLS","all_cells_slope","Combined","collection10_k1_tropical_temperate_polar","Coldhouse","Warmhouse",7,12,-0.434996903407979,15,0.0125565419229956,0.0232421076002054
"per_cell_all_cells_OLS","all_cells_slope","Combined","collection10_k1_tropical_temperate_polar","Transitional","Warmhouse",8,12,-0.269161495963976,19,0.0139452645601233,0.0232421076002054
"per_cell_all_cells_OLS","all_cells_slope","Combined","collection10_k1_tropical_temperate_polar","Warmhouse","Hothouse",12,6,-0.237948382517231,18,0.0506040088785947,0.0722914412551353
"per_cell_all_cells_OLS","all_cells_slope","Combined","collection10_k1_tropical_temperate_polar","Coldhouse","Coolhouse",7,13,-0.269004729742037,31,0.133628746577194,0.167035933221492
"per_cell_all_cells_OLS","all_cells_slope","Combined","collection10_k1_tropical_temperate_polar","Coldhouse","Transitional",7,8,-0.165835407444002,23,0.301262176180648,0.334735751311832
"per_cell_all_cells_OLS","all_cells_slope","Combined","collection10_k1_tropical_temperate_polar","Coolhouse","Transitional",13,8,0.103169322298035,55,0.600048402309189,0.600048402309189
"per_cell_all_cells_OLS","all_cells_slope","Combined","collection10_k2_tropical_temperate","Coldhouse","Hothouse",6,6,-0.68056283742504,2,0.00653261338221299,0.0392858744305472
"per_cell_all_cells_OLS","all_cells_slope","Combined","collection10_k2_tropical_temperate","Coolhouse","Hothouse",17,6,-0.469868740664731,16,0.00785717488610945,0.0392858744305472
"per_cell_all_cells_OLS","all_cells_slope","Combined","collection10_k2_tropical_temperate","Coldhouse","Warmhouse",6,15,-0.366443951151382,20,0.0282394247737673,0.0798387196458526
"per_cell_all_cells_OLS","all_cells_slope","Combined","collection10_k2_tropical_temperate","Coolhouse","Transitional",17,15,-0.177542511438601,80,0.0379614079848861,0.0798387196458526
"per_cell_all_cells_OLS","all_cells_slope","Combined","collection10_k2_tropical_temperate","Warmhouse","Hothouse",15,6,-0.314118886273659,22,0.0399193598229263,0.0798387196458526
"per_cell_all_cells_OLS","all_cells_slope","Combined","collection10_k2_tropical_temperate","Coldhouse","Transitional",6,15,-0.388236608198911,24,0.0552530112328772,0.08052235620818
"per_cell_all_cells_OLS","all_cells_slope","Combined","collection10_k2_tropical_temperate","Coolhouse","Warmhouse",17,15,-0.155749854391072,85,0.056365649345726,0.08052235620818
"per_cell_all_cells_OLS","all_cells_slope","Combined","collection10_k2_tropical_temperate","Coldhouse","Coolhouse",6,17,-0.21069409676031,44,0.324521876463145,0.371402299381403
"per_cell_all_cells_OLS","all_cells_slope","Combined","collection10_k2_tropical_temperate","Transitional","Hothouse",15,6,-0.29232622922613,39,0.334262069443262,0.371402299381403
"per_cell_all_cells_OLS","all_cells_slope","Combined","collection10_k2_tropical_temperate","Transitional","Warmhouse",15,15,0.021792657047529,124,0.690665221458869,0.690665221458869
"per_cell_all_cells_OLS","all_cells_slope","Combined","collection10_k2_tropical_temperate_polar","Coldhouse","Warmhouse",3,8,-0.322663559048023,0,0.00945177150556067,0.0945177150556067
"per_cell_all_cells_OLS","all_cells_slope","Combined","collection10_k2_tropical_temperate_polar","Coldhouse","Coolhouse",3,5,-0.300662786592001,2,0.0680185640570718,0.15869188652127
"per_cell_all_cells_OLS","all_cells_slope","Combined","collection10_k2_tropical_temperate_polar","Coldhouse","Hothouse",3,3,-0.745095637599937,0,0.0404277991850261,0.15869188652127
"per_cell_all_cells_OLS","all_cells_slope","Combined","collection10_k2_tropical_temperate_polar","Transitional","Warmhouse",3,8,-0.263851851179466,5,0.0922862764199414,0.15869188652127
"per_cell_all_cells_OLS","all_cells_slope","Combined","collection10_k2_tropical_temperate_polar","Transitional","Hothouse",3,3,-0.68628392973138,1,0.095215131912762,0.15869188652127
"per_cell_all_cells_OLS","all_cells_slope","Combined","collection10_k2_tropical_temperate_polar","Warmhouse","Hothouse",8,3,-0.422432078551914,5,0.0922862764199414,0.15869188652127
"per_cell_all_cells_OLS","all_cells_slope","Combined","collection10_k2_tropical_temperate_polar","Coolhouse","Hothouse",5,3,-0.444432851007936,3,0.116518991136953,0.166455701624218
"per_cell_all_cells_OLS","all_cells_slope","Combined","collection10_k2_tropical_temperate_polar","Coolhouse","Warmhouse",5,8,-0.0220007724560212,16,0.304203900116499,0.380254875145624
"per_cell_all_cells_OLS","all_cells_slope","Combined","collection10_k2_tropical_temperate_polar","Coldhouse","Transitional",3,3,-0.0588117078685568,4,0.5,0.555555555555556
"per_cell_all_cells_OLS","all_cells_slope","Combined","collection10_k2_tropical_temperate_polar","Coolhouse","Transitional",5,3,0.241851078723445,10,0.814453315238651,0.814453315238651
"per_cell_all_cells_OLS","all_cells_slope","Combined","collection10_k3_tropical_temperate","Coldhouse","Warmhouse",2,7,-0.366443951151382,1,0.0536732684969056,0.242345538427578
"per_cell_all_cells_OLS","all_cells_slope","Combined","collection10_k3_tropical_temperate","Coldhouse","Hothouse",2,5,-0.677920001482567,0,0.0406805646170377,0.242345538427578
"per_cell_all_cells_OLS","all_cells_slope","Combined","collection10_k3_tropical_temperate","Coolhouse","Hothouse",4,5,-0.446895627961996,4,0.0889547974934913,0.242345538427578
"per_cell_all_cells_OLS","all_cells_slope","Combined","collection10_k3_tropical_temperate","Warmhouse","Hothouse",7,5,-0.311476050331186,9,0.0969382153710313,0.242345538427578
"per_cell_all_cells_OLS","all_cells_slope","Combined","collection10_k3_tropical_temperate","Coolhouse","Transitional",4,7,-0.620201503891315,8,0.149308837224405,0.29861767444881
"per_cell_all_cells_OLS","all_cells_slope","Combined","collection10_k3_tropical_temperate","Coldhouse","Transitional",2,7,-0.851225877411886,4,0.232107156385516,0.386845260642526
"per_cell_all_cells_OLS","all_cells_slope","Combined","collection10_k3_tropical_temperate","Coolhouse","Warmhouse",4,7,-0.13541957763081,12,0.388407002077741,0.554867145825344
"per_cell_all_cells_OLS","all_cells_slope","Combined","collection10_k3_tropical_temperate","Coldhouse","Coolhouse",2,4,-0.231024373520571,4,0.591519339142304,0.657243710158116
"per_cell_all_cells_OLS","all_cells_slope","Combined","collection10_k3_tropical_temperate","Transitional","Hothouse",7,5,0.173305875929319,18,0.564504402601268,0.657243710158116
"per_cell_all_cells_OLS","all_cells_slope","Combined","collection10_k3_tropical_temperate","Transitional","Warmhouse",7,7,0.484781926260505,28,0.695359920347949,0.695359920347949
"per_cell_all_cells_OLS","all_cells_slope","Combined","collection10_k3_tropical_temperate_polar","Warmhouse","Hothouse",3,2,-0.610905623409039,0,0.0744573365893828,0.0744573365893828
"per_cell_all_cells_OLS","all_cells_slope","Combined","collection10_k3_tropical_temperate_polar","Coldhouse","Coolhouse",1,0,NA,NA,NA,NA
"per_cell_all_cells_OLS","all_cells_slope","Combined","collection10_k3_tropical_temperate_polar","Coldhouse","Transitional",1,0,NA,NA,NA,NA
"per_cell_all_cells_OLS","all_cells_slope","Combined","collection10_k3_tropical_temperate_polar","Coldhouse","Warmhouse",1,3,-0.181561182170498,NA,NA,NA
"per_cell_all_cells_OLS","all_cells_slope","Combined","collection10_k3_tropical_temperate_polar","Coldhouse","Hothouse",1,2,-0.792466805579537,NA,NA,NA
"per_cell_all_cells_OLS","all_cells_slope","Combined","collection10_k3_tropical_temperate_polar","Coolhouse","Transitional",0,0,NA,NA,NA,NA
"per_cell_all_cells_OLS","all_cells_slope","Combined","collection10_k3_tropical_temperate_polar","Coolhouse","Warmhouse",0,3,NA,NA,NA,NA
"per_cell_all_cells_OLS","all_cells_slope","Combined","collection10_k3_tropical_temperate_polar","Coolhouse","Hothouse",0,2,NA,NA,NA,NA
"per_cell_all_cells_OLS","all_cells_slope","Combined","collection10_k3_tropical_temperate_polar","Transitional","Warmhouse",0,3,NA,NA,NA,NA
"per_cell_all_cells_OLS","all_cells_slope","Combined","collection10_k3_tropical_temperate_polar","Transitional","Hothouse",0,2,NA,NA,NA,NA
"per_cell_all_cells_OLS","all_cells_slope","Northern","occurrence5_k1_tropical_temperate","Coldhouse","Warmhouse",14,14,-0.392525177004644,32,0.00130807581750705,0.0106360515314707
"per_cell_all_cells_OLS","all_cells_slope","Northern","occurrence5_k1_tropical_temperate","Coolhouse","Warmhouse",15,14,-0.256690999556066,39,0.00212721030629413,0.0106360515314707
"per_cell_all_cells_OLS","all_cells_slope","Northern","occurrence5_k1_tropical_temperate","Coldhouse","Transitional",14,17,-0.429763126581366,52,0.0041494017316023,0.0114632017320213
"per_cell_all_cells_OLS","all_cells_slope","Northern","occurrence5_k1_tropical_temperate","Coolhouse","Transitional",15,17,-0.293928949132787,58,0.00458528069280851,0.0114632017320213
"per_cell_all_cells_OLS","all_cells_slope","Northern","occurrence5_k1_tropical_temperate","Coldhouse","Hothouse",14,11,-0.281941696749995,31,0.00637113331115434,0.0127422666223087
"per_cell_all_cells_OLS","all_cells_slope","Northern","occurrence5_k1_tropical_temperate","Coolhouse","Hothouse",15,11,-0.146107519301417,47,0.034647042755779,0.0577450712596317
"per_cell_all_cells_OLS","all_cells_slope","Northern","occurrence5_k1_tropical_temperate","Coldhouse","Coolhouse",14,15,-0.135834177448578,84,0.185475517266548,0.264965024666498
"per_cell_all_cells_OLS","all_cells_slope","Northern","occurrence5_k1_tropical_temperate","Transitional","Warmhouse",17,14,0.0372379495767212,114,0.429116496971824,0.53639562121478
"per_cell_all_cells_OLS","all_cells_slope","Northern","occurrence5_k1_tropical_temperate","Transitional","Hothouse",17,11,0.14782142983137,114,0.838386447002129,0.890980630590579
"per_cell_all_cells_OLS","all_cells_slope","Northern","occurrence5_k1_tropical_temperate","Warmhouse","Hothouse",14,11,0.110583480254649,99,0.890980630590579,0.890980630590579
"per_cell_all_cells_OLS","all_cells_slope","Northern","occurrence5_k1_tropical_temperate_polar","Coldhouse","Warmhouse",6,10,-0.383115509636428,5,0.00393731952383336,0.0355350971727052
"per_cell_all_cells_OLS","all_cells_slope","Northern","occurrence5_k1_tropical_temperate_polar","Coldhouse","Hothouse",6,4,-0.427760886372867,0,0.00710701943454103,0.0355350971727052
"per_cell_all_cells_OLS","all_cells_slope","Northern","occurrence5_k1_tropical_temperate_polar","Coldhouse","Transitional",6,8,-0.357764379610005,10,0.0406805646170377,0.0813611292340755
"per_cell_all_cells_OLS","all_cells_slope","Northern","occurrence5_k1_tropical_temperate_polar","Coolhouse","Warmhouse",11,10,-0.192472882265391,29,0.036274628610242,0.0813611292340755
"per_cell_all_cells_OLS","all_cells_slope","Northern","occurrence5_k1_tropical_temperate_polar","Coolhouse","Hothouse",11,4,-0.23711825900183,7,0.0291726511684288,0.0813611292340755
"per_cell_all_cells_OLS","all_cells_slope","Northern","occurrence5_k1_tropical_temperate_polar","Coldhouse","Coolhouse",6,11,-0.190642627371037,18,0.0725161267893411,0.120860211315568
"per_cell_all_cells_OLS","all_cells_slope","Northern","occurrence5_k1_tropical_temperate_polar","Coolhouse","Transitional",11,8,-0.167121752238967,28,0.100295363724032,0.143279091034332
"per_cell_all_cells_OLS","all_cells_slope","Northern","occurrence5_k1_tropical_temperate_polar","Transitional","Hothouse",8,4,-0.0699965067628625,12,0.276107111017075,0.345133888771344
"per_cell_all_cells_OLS","all_cells_slope","Northern","occurrence5_k1_tropical_temperate_polar","Transitional","Warmhouse",8,10,-0.0253511300264233,36,0.3779067115433,0.3779067115433
"per_cell_all_cells_OLS","all_cells_slope","Northern","occurrence5_k1_tropical_temperate_polar","Warmhouse","Hothouse",10,4,-0.0446453767364392,17,0.361836804915882,0.3779067115433
"per_cell_all_cells_OLS","all_cells_slope","Northern","occurrence5_k2_tropical_temperate","Coldhouse","Transitional",10,14,-0.520740275823419,18,0.00128264761805522,0.00674547701451991
"per_cell_all_cells_OLS","all_cells_slope","Northern","occurrence5_k2_tropical_temperate","Coldhouse","Warmhouse",10,12,-0.479604328599221,14,0.00134909540290398,0.00674547701451991
"per_cell_all_cells_OLS","all_cells_slope","Northern","occurrence5_k2_tropical_temperate","Coldhouse","Hothouse",10,7,-0.46393655549565,6,0.00270695714397472,0.00865939747153313
"per_cell_all_cells_OLS","all_cells_slope","Northern","occurrence5_k2_tropical_temperate","Coolhouse","Transitional",12,14,-0.221942281946932,31,0.00346375898861325,0.00865939747153313
"per_cell_all_cells_OLS","all_cells_slope","Northern","occurrence5_k2_tropical_temperate","Coolhouse","Warmhouse",12,12,-0.180806334722734,30,0.00828746337492664,0.0165749267498533
"per_cell_all_cells_OLS","all_cells_slope","Northern","occurrence5_k2_tropical_temperate","Coolhouse","Hothouse",12,7,-0.165138561619163,14,0.0100580797332825,0.0167634662221375
"per_cell_all_cells_OLS","all_cells_slope","Northern","occurrence5_k2_tropical_temperate","Coldhouse","Coolhouse",10,12,-0.298797993876487,36,0.060625487940369,0.0866078399148129
"per_cell_all_cells_OLS","all_cells_slope","Northern","occurrence5_k2_tropical_temperate","Transitional","Warmhouse",14,12,0.0411359472241981,86,0.551157427086914,0.612397141207682
"per_cell_all_cells_OLS","all_cells_slope","Northern","occurrence5_k2_tropical_temperate","Warmhouse","Hothouse",12,7,0.0156677731035711,43,0.550440021612951,0.612397141207682
"per_cell_all_cells_OLS","all_cells_slope","Northern","occurrence5_k2_tropical_temperate","Transitional","Hothouse",14,7,0.0568037203277692,56,0.712101784304394,0.712101784304394
"per_cell_all_cells_OLS","all_cells_slope","Northern","occurrence5_k2_tropical_temperate_polar","Coldhouse","Coolhouse",5,6,-0.3066538240035,2,0.0112394366830626,0.0561971834153132
"per_cell_all_cells_OLS","all_cells_slope","Northern","occurrence5_k2_tropical_temperate_polar","Coldhouse","Hothouse",5,4,-0.394166995700993,0,0.00998222665260803,0.0561971834153132
"per_cell_all_cells_OLS","all_cells_slope","Northern","occurrence5_k2_tropical_temperate_polar","Coldhouse","Warmhouse",5,8,-0.327465613637439,5,0.0168944196918348,0.056314732306116
"per_cell_all_cells_OLS","all_cells_slope","Northern","occurrence5_k2_tropical_temperate_polar","Coldhouse","Transitional",5,5,-0.304507554931229,5,0.0718360409034801,0.177909594986983
"per_cell_all_cells_OLS","all_cells_slope","Northern","occurrence5_k2_tropical_temperate_polar","Transitional","Hothouse",5,4,-0.0896594407697633,4,0.0889547974934913,0.177909594986983
"per_cell_all_cells_OLS","all_cells_slope","Northern","occurrence5_k2_tropical_temperate_polar","Coolhouse","Hothouse",6,4,-0.0875131716974925,6,0.120477334350785,0.200795557251308
"per_cell_all_cells_OLS","all_cells_slope","Northern","occurrence5_k2_tropical_temperate_polar","Warmhouse","Hothouse",8,4,-0.0667013820635537,11,0.222348115924854,0.317640165606935
"per_cell_all_cells_OLS","all_cells_slope","Northern","occurrence5_k2_tropical_temperate_polar","Coolhouse","Warmhouse",6,8,-0.0208117896339388,21,0.373442816695182,0.414936462994647
"per_cell_all_cells_OLS","all_cells_slope","Northern","occurrence5_k2_tropical_temperate_polar","Transitional","Warmhouse",5,8,-0.0229580587062097,17,0.357196518817163,0.414936462994647
"per_cell_all_cells_OLS","all_cells_slope","Northern","occurrence5_k2_tropical_temperate_polar","Coolhouse","Transitional",6,5,0.00214626907227083,15,0.536367763237384,0.536367763237384
"per_cell_all_cells_OLS","all_cells_slope","Northern","occurrence5_k3_tropical_temperate","Coolhouse","Transitional",7,9,-0.450797715624135,11,0.0171288844329351,0.0787015066726286
"per_cell_all_cells_OLS","all_cells_slope","Northern","occurrence5_k3_tropical_temperate","Coolhouse","Warmhouse",7,8,-0.345183862296485,7,0.00883613819336122,0.0787015066726286
"per_cell_all_cells_OLS","all_cells_slope","Northern","occurrence5_k3_tropical_temperate","Coolhouse","Hothouse",7,4,-0.314063760430244,3,0.0236104520017886,0.0787015066726286
"per_cell_all_cells_OLS","all_cells_slope","Northern","occurrence5_k3_tropical_temperate","Coldhouse","Warmhouse",5,8,-0.326432486290575,8,0.0461461695170366,0.115365423792592
"per_cell_all_cells_OLS","all_cells_slope","Northern","occurrence5_k3_tropical_temperate","Coldhouse","Transitional",5,9,-0.432046339618225,12,0.0912112197258678,0.152018699543113
"per_cell_all_cells_OLS","all_cells_slope","Northern","occurrence5_k3_tropical_temperate","Coldhouse","Hothouse",5,4,-0.295312384424334,4,0.0889547974934913,0.152018699543113
"per_cell_all_cells_OLS","all_cells_slope","Northern","occurrence5_k3_tropical_temperate","Transitional","Warmhouse",9,8,0.10561385332765,35,0.480813283153069,0.686876118790098
"per_cell_all_cells_OLS","all_cells_slope","Northern","occurrence5_k3_tropical_temperate","Coldhouse","Coolhouse",5,7,0.01875137600591,19,0.627333466334599,0.784166832918248
"per_cell_all_cells_OLS","all_cells_slope","Northern","occurrence5_k3_tropical_temperate","Transitional","Hothouse",9,4,0.136733955193891,23,0.801967089645531,0.801967089645531
"per_cell_all_cells_OLS","all_cells_slope","Northern","occurrence5_k3_tropical_temperate","Warmhouse","Hothouse",8,4,0.0311201018662415,19,0.723892888982925,0.801967089645531
"per_cell_all_cells_OLS","all_cells_slope","Northern","occurrence5_k3_tropical_temperate_polar","Coldhouse","Warmhouse",2,5,-0.274057407194963,1,0.087622122700003,0.306597646008466
"per_cell_all_cells_OLS","all_cells_slope","Northern","occurrence5_k3_tropical_temperate_polar","Coldhouse","Hothouse",2,2,-0.299287380638477,0,0.122639058403386,0.306597646008466
"per_cell_all_cells_OLS","all_cells_slope","Northern","occurrence5_k3_tropical_temperate_polar","Transitional","Warmhouse",2,5,-0.291091849562554,1,0.087622122700003,0.306597646008466
"per_cell_all_cells_OLS","all_cells_slope","Northern","occurrence5_k3_tropical_temperate_polar","Transitional","Hothouse",2,2,-0.316321823006068,0,0.122639058403386,0.306597646008466
"per_cell_all_cells_OLS","all_cells_slope","Northern","occurrence5_k3_tropical_temperate_polar","Coldhouse","Coolhouse",2,3,-0.0927933202017954,1,0.193238115385616,0.322063525642694
"per_cell_all_cells_OLS","all_cells_slope","Northern","occurrence5_k3_tropical_temperate_polar","Coolhouse","Hothouse",3,2,-0.206494060436682,1,0.193238115385616,0.322063525642694
"per_cell_all_cells_OLS","all_cells_slope","Northern","occurrence5_k3_tropical_temperate_polar","Coolhouse","Warmhouse",3,5,-0.181264086993167,5,0.275492493792547,0.393560705417924
"per_cell_all_cells_OLS","all_cells_slope","Northern","occurrence5_k3_tropical_temperate_polar","Warmhouse","Hothouse",5,2,-0.0252299734435146,5,0.576774701561705,0.720968376952131
"per_cell_all_cells_OLS","all_cells_slope","Northern","occurrence5_k3_tropical_temperate_polar","Coldhouse","Transitional",2,2,0.017034442367591,2,0.650732320848331,0.723035912053701
"per_cell_all_cells_OLS","all_cells_slope","Northern","occurrence5_k3_tropical_temperate_polar","Coolhouse","Transitional",3,2,0.109827762569386,4,0.806761884614384,0.806761884614384
"per_cell_all_cells_OLS","all_cells_slope","Northern","occurrence10_k1_tropical_temperate","Coldhouse","Warmhouse",13,14,-0.52982127024056,10,4.6849264260599e-05,0.00046849264260599
"per_cell_all_cells_OLS","all_cells_slope","Northern","occurrence10_k1_tropical_temperate","Coldhouse","Transitional",13,17,-0.537920736454444,34,0.000734514455030682,0.00367257227515341
"per_cell_all_cells_OLS","all_cells_slope","Northern","occurrence10_k1_tropical_temperate","Coldhouse","Hothouse",13,11,-0.455064289947815,21,0.00188478603170883,0.00628262010569609
"per_cell_all_cells_OLS","all_cells_slope","Northern","occurrence10_k1_tropical_temperate","Coolhouse","Warmhouse",14,14,-0.238553723517627,42,0.00538465923605922,0.013461648090148
"per_cell_all_cells_OLS","all_cells_slope","Northern","occurrence10_k1_tropical_temperate","Coldhouse","Coolhouse",13,14,-0.291267546722933,48,0.0195866544805789,0.0391733089611578
"per_cell_all_cells_OLS","all_cells_slope","Northern","occurrence10_k1_tropical_temperate","Coolhouse","Transitional",14,17,-0.246653189731511,76,0.0458013014730794,0.0763355024551323
"per_cell_all_cells_OLS","all_cells_slope","Northern","occurrence10_k1_tropical_temperate","Coolhouse","Hothouse",14,11,-0.163796743224881,54,0.109019369409421,0.155741956299172
"per_cell_all_cells_OLS","all_cells_slope","Northern","occurrence10_k1_tropical_temperate","Transitional","Warmhouse",17,14,0.00809946621388466,101,0.243637753916611,0.304547192395763
"per_cell_all_cells_OLS","all_cells_slope","Northern","occurrence10_k1_tropical_temperate","Transitional","Hothouse",17,11,0.0828564465066298,104,0.697576936915305,0.77508548546145
"per_cell_all_cells_OLS","all_cells_slope","Northern","occurrence10_k1_tropical_temperate","Warmhouse","Hothouse",14,11,0.0747569802927452,100,0.900866548291998,0.900866548291998
"per_cell_all_cells_OLS","all_cells_slope","Northern","occurrence10_k1_tropical_temperate_polar","Coldhouse","Warmhouse",5,10,-0.474298076143937,0,0.00134713100964796,0.0134713100964796
"per_cell_all_cells_OLS","all_cells_slope","Northern","occurrence10_k1_tropical_temperate_polar","Coldhouse","Coolhouse",5,8,-0.332897183283384,4,0.0116351460049754,0.0387838200165846
"per_cell_all_cells_OLS","all_cells_slope","Northern","occurrence10_k1_tropical_temperate_polar","Coldhouse","Hothouse",5,4,-0.493366494447103,0,0.00998222665260803,0.0387838200165846
"per_cell_all_cells_OLS","all_cells_slope","Northern","occurrence10_k1_tropical_temperate_polar","Coldhouse","Transitional",5,8,-0.390266603464607,8,0.0461461695170366,0.115365423792592
"per_cell_all_cells_OLS","all_cells_slope","Northern","occurrence10_k1_tropical_temperate_polar","Coolhouse","Hothouse",8,4,-0.160469311163719,7,0.0744182734383547,0.14883654687671
"per_cell_all_cells_OLS","all_cells_slope","Northern","occurrence10_k1_tropical_temperate_polar","Coolhouse","Warmhouse",8,10,-0.141400892860554,25,0.0988105451594242,0.164684241932374
"per_cell_all_cells_OLS","all_cells_slope","Northern","occurrence10_k1_tropical_temperate_polar","Coolhouse","Transitional",8,8,-0.0573694201812233,29,0.39644775158948,0.399453334821635
"per_cell_all_cells_OLS","all_cells_slope","Northern","occurrence10_k1_tropical_temperate_polar","Transitional","Warmhouse",8,10,-0.0840314726793303,34,0.312531362616684,0.399453334821635
"per_cell_all_cells_OLS","all_cells_slope","Northern","occurrence10_k1_tropical_temperate_polar","Transitional","Hothouse",8,4,-0.103099890982496,14,0.399453334821635,0.399453334821635
"per_cell_all_cells_OLS","all_cells_slope","Northern","occurrence10_k1_tropical_temperate_polar","Warmhouse","Hothouse",10,4,-0.0190684183031656,17,0.361836804915882,0.399453334821635
"per_cell_all_cells_OLS","all_cells_slope","Northern","occurrence10_k2_tropical_temperate","Coldhouse","Transitional",7,12,-0.605081020663999,11,0.0049727206327651,0.0206988844192538
"per_cell_all_cells_OLS","all_cells_slope","Northern","occurrence10_k2_tropical_temperate","Coldhouse","Warmhouse",7,10,-0.508281149748708,6,0.00270695714397472,0.0206988844192538
"per_cell_all_cells_OLS","all_cells_slope","Northern","occurrence10_k2_tropical_temperate","Coldhouse","Hothouse",7,6,-0.539942918911466,3,0.00620966532577613,0.0206988844192538
"per_cell_all_cells_OLS","all_cells_slope","Northern","occurrence10_k2_tropical_temperate","Coolhouse","Transitional",12,12,-0.329957257688001,31,0.00968665966579644,0.0242166491644911
"per_cell_all_cells_OLS","all_cells_slope","Northern","occurrence10_k2_tropical_temperate","Coolhouse","Warmhouse",12,10,-0.23315738677271,28,0.018898541954359,0.0314975699239317
"per_cell_all_cells_OLS","all_cells_slope","Northern","occurrence10_k2_tropical_temperate","Coolhouse","Hothouse",12,6,-0.264819155935468,13,0.0175450087642061,0.0314975699239317
"per_cell_all_cells_OLS","all_cells_slope","Northern","occurrence10_k2_tropical_temperate","Coldhouse","Coolhouse",7,12,-0.275123762975998,32,0.211017267456564,0.301453239223662
"per_cell_all_cells_OLS","all_cells_slope","Northern","occurrence10_k2_tropical_temperate","Warmhouse","Hothouse",10,6,-0.0316617691627577,25,0.312741796808226,0.390927246010283
"per_cell_all_cells_OLS","all_cells_slope","Northern","occurrence10_k2_tropical_temperate","Transitional","Warmhouse",12,10,0.0967998709152909,63,0.591258369964687,0.628470459582408
"per_cell_all_cells_OLS","all_cells_slope","Northern","occurrence10_k2_tropical_temperate","Transitional","Hothouse",12,6,0.0651381017525332,39,0.628470459582408,0.628470459582408
"per_cell_all_cells_OLS","all_cells_slope","Northern","occurrence10_k2_tropical_temperate_polar","Coldhouse","Warmhouse",4,5,-0.311737987279531,0,0.00998222665260803,0.0998222665260803
"per_cell_all_cells_OLS","all_cells_slope","Northern","occurrence10_k2_tropical_temperate_polar","Coldhouse","Hothouse",4,3,-0.34900638178651,0,0.0259149636089548,0.129574818044774
"per_cell_all_cells_OLS","all_cells_slope","Northern","occurrence10_k2_tropical_temperate_polar","Coldhouse","Coolhouse",4,4,-0.357029588267364,2,0.056175598845232,0.187251996150773
"per_cell_all_cells_OLS","all_cells_slope","Northern","occurrence10_k2_tropical_temperate_polar","Coldhouse","Transitional",4,5,-0.252467330512857,6,0.19563363964132,0.459154156320911
"per_cell_all_cells_OLS","all_cells_slope","Northern","occurrence10_k2_tropical_temperate_polar","Transitional","Warmhouse",5,5,-0.0592706567666737,9,0.265434651984254,0.459154156320911
"per_cell_all_cells_OLS","all_cells_slope","Northern","occurrence10_k2_tropical_temperate_polar","Transitional","Hothouse",5,3,-0.0965390512736525,5,0.275492493792547,0.459154156320911
"per_cell_all_cells_OLS","all_cells_slope","Northern","occurrence10_k2_tropical_temperate_polar","Coolhouse","Warmhouse",4,5,0.045291600987833,8,0.356651586939229,0.477602108443703
"per_cell_all_cells_OLS","all_cells_slope","Northern","occurrence10_k2_tropical_temperate_polar","Coolhouse","Hothouse",4,3,0.00802320648085422,5,0.429841897599333,0.477602108443703
"per_cell_all_cells_OLS","all_cells_slope","Northern","occurrence10_k2_tropical_temperate_polar","Warmhouse","Hothouse",5,3,-0.0372683945069788,6,0.382797241997882,0.477602108443703
"per_cell_all_cells_OLS","all_cells_slope","Northern","occurrence10_k2_tropical_temperate_polar","Coolhouse","Transitional",4,5,0.104562257754507,13,0.80436636035868,0.80436636035868
"per_cell_all_cells_OLS","all_cells_slope","Northern","occurrence10_k3_tropical_temperate","Coldhouse","Transitional",5,7,-0.429531337460326,7,0.052188343299878,0.130470858249695
"per_cell_all_cells_OLS","all_cells_slope","Northern","occurrence10_k3_tropical_temperate","Coldhouse","Warmhouse",5,6,-0.340003625512934,3,0.0178818832954889,0.130470858249695
"per_cell_all_cells_OLS","all_cells_slope","Northern","occurrence10_k3_tropical_temperate","Coldhouse","Hothouse",5,4,-0.360114670082727,2,0.0330962898610967,0.130470858249695
"per_cell_all_cells_OLS","all_cells_slope","Northern","occurrence10_k3_tropical_temperate","Coolhouse","Warmhouse",6,6,-0.378000231442049,7,0.0463479012789063,0.130470858249695
"per_cell_all_cells_OLS","all_cells_slope","Northern","occurrence10_k3_tropical_temperate","Coolhouse","Transitional",6,7,-0.467527943389441,10,0.0668072012688581,0.133614402537716
"per_cell_all_cells_OLS","all_cells_slope","Northern","occurrence10_k3_tropical_temperate","Coolhouse","Hothouse",6,4,-0.398111276011842,5,0.0829032800970067,0.138172133495011
"per_cell_all_cells_OLS","all_cells_slope","Northern","occurrence10_k3_tropical_temperate","Coldhouse","Coolhouse",5,6,0.0379966059291147,14,0.463632236762616,0.589410419354402
"per_cell_all_cells_OLS","all_cells_slope","Northern","occurrence10_k3_tropical_temperate","Transitional","Warmhouse",7,6,0.0895277119473923,20,0.471528335483521,0.589410419354402
"per_cell_all_cells_OLS","all_cells_slope","Northern","occurrence10_k3_tropical_temperate","Warmhouse","Hothouse",6,4,-0.0201110445697934,13,0.625440433499702,0.694933814999669
"per_cell_all_cells_OLS","all_cells_slope","Northern","occurrence10_k3_tropical_temperate","Transitional","Hothouse",7,4,0.0694166673775989,20,0.89034867516034,0.89034867516034
"per_cell_all_cells_OLS","all_cells_slope","Northern","occurrence10_k3_tropical_temperate_polar","Coldhouse","Warmhouse",2,3,-0.319809879152999,0,0.0744573365893828,0.111686004884074
"per_cell_all_cells_OLS","all_cells_slope","Northern","occurrence10_k3_tropical_temperate_polar","Transitional","Warmhouse",2,3,-0.393274625128865,0,0.0744573365893828,0.111686004884074
"per_cell_all_cells_OLS","all_cells_slope","Northern","occurrence10_k3_tropical_temperate_polar","Coldhouse","Transitional",2,2,0.0734647459758657,3,0.877360941596614,0.877360941596614
"per_cell_all_cells_OLS","all_cells_slope","Northern","occurrence10_k3_tropical_temperate_polar","Coldhouse","Coolhouse",2,0,NA,NA,NA,NA
"per_cell_all_cells_OLS","all_cells_slope","Northern","occurrence10_k3_tropical_temperate_polar","Coldhouse","Hothouse",2,1,-0.213504595740051,NA,NA,NA
"per_cell_all_cells_OLS","all_cells_slope","Northern","occurrence10_k3_tropical_temperate_polar","Coolhouse","Transitional",0,2,NA,NA,NA,NA
"per_cell_all_cells_OLS","all_cells_slope","Northern","occurrence10_k3_tropical_temperate_polar","Coolhouse","Warmhouse",0,3,NA,NA,NA,NA
"per_cell_all_cells_OLS","all_cells_slope","Northern","occurrence10_k3_tropical_temperate_polar","Coolhouse","Hothouse",0,1,NA,NA,NA,NA
"per_cell_all_cells_OLS","all_cells_slope","Northern","occurrence10_k3_tropical_temperate_polar","Transitional","Hothouse",2,1,-0.286969341715917,NA,NA,NA
"per_cell_all_cells_OLS","all_cells_slope","Northern","occurrence10_k3_tropical_temperate_polar","Warmhouse","Hothouse",3,1,0.106305283412948,NA,NA,NA
"per_cell_all_cells_OLS","all_cells_slope","Northern","collection5_k1_tropical_temperate","Coldhouse","Transitional",13,16,-0.610263562570046,21,0.00014852201280132,0.00108643095245019
"per_cell_all_cells_OLS","all_cells_slope","Northern","collection5_k1_tropical_temperate","Coldhouse","Warmhouse",13,14,-0.502136681435744,18,0.000217286190490038,0.00108643095245019
"per_cell_all_cells_OLS","all_cells_slope","Northern","collection5_k1_tropical_temperate","Coldhouse","Hothouse",13,9,-0.538824880051615,23,0.00971356280322835,0.0242839070080709
"per_cell_all_cells_OLS","all_cells_slope","Northern","collection5_k1_tropical_temperate","Coolhouse","Warmhouse",14,14,-0.176299570109626,46,0.00898330540377774,0.0242839070080709
"per_cell_all_cells_OLS","all_cells_slope","Northern","collection5_k1_tropical_temperate","Coolhouse","Transitional",14,16,-0.284426451243928,59,0.0145380266019489,0.0290760532038978
"per_cell_all_cells_OLS","all_cells_slope","Northern","collection5_k1_tropical_temperate","Coolhouse","Hothouse",14,9,-0.212987768725497,32,0.0273457261367675,0.0455762102279459
"per_cell_all_cells_OLS","all_cells_slope","Northern","collection5_k1_tropical_temperate","Coldhouse","Coolhouse",13,14,-0.325837111326118,64,0.0992314422073779,0.141759203153397
"per_cell_all_cells_OLS","all_cells_slope","Northern","collection5_k1_tropical_temperate","Transitional","Warmhouse",16,14,0.108126881134302,97,0.273329865339186,0.341662331673983
"per_cell_all_cells_OLS","all_cells_slope","Northern","collection5_k1_tropical_temperate","Warmhouse","Hothouse",14,9,-0.0366881986158709,67,0.611592997922259,0.679547775469177
"per_cell_all_cells_OLS","all_cells_slope","Northern","collection5_k1_tropical_temperate","Transitional","Hothouse",16,9,0.0714386825184308,80,0.68481912287733,0.68481912287733
"per_cell_all_cells_OLS","all_cells_slope","Northern","collection5_k1_tropical_temperate_polar","Coldhouse","Warmhouse",6,9,-0.450473635216296,0,0.000894921639311727,0.00894921639311727
"per_cell_all_cells_OLS","all_cells_slope","Northern","collection5_k1_tropical_temperate_polar","Coldhouse","Hothouse",6,4,-0.519491850428715,0,0.00710701943454103,0.0355350971727052
"per_cell_all_cells_OLS","all_cells_slope","Northern","collection5_k1_tropical_temperate_polar","Coldhouse","Transitional",6,7,-0.303133170404711,5,0.0134045653577979,0.0446818845259931
"per_cell_all_cells_OLS","all_cells_slope","Northern","collection5_k1_tropical_temperate_polar","Coldhouse","Coolhouse",6,10,-0.359046980357618,12,0.0288387219082096,0.0720968047705239
"per_cell_all_cells_OLS","all_cells_slope","Northern","collection5_k1_tropical_temperate_polar","Coolhouse","Hothouse",10,4,-0.160444870071098,7,0.0385499358717709,0.0770998717435418
"per_cell_all_cells_OLS","all_cells_slope","Northern","collection5_k1_tropical_temperate_polar","Coolhouse","Warmhouse",10,9,-0.0914266548586786,34,0.19563363964132,0.246932240565094
"per_cell_all_cells_OLS","all_cells_slope","Northern","collection5_k1_tropical_temperate_polar","Transitional","Hothouse",7,4,-0.216358680024004,9,0.197545792452075,0.246932240565094
"per_cell_all_cells_OLS","all_cells_slope","Northern","collection5_k1_tropical_temperate_polar","Warmhouse","Hothouse",9,4,-0.0690182152124192,11,0.157937239915245,0.246932240565094
"per_cell_all_cells_OLS","all_cells_slope","Northern","collection5_k1_tropical_temperate_polar","Transitional","Warmhouse",7,9,-0.147340464811585,24,0.229359279362511,0.254843643736124
"per_cell_all_cells_OLS","all_cells_slope","Northern","collection5_k1_tropical_temperate_polar","Coolhouse","Transitional",10,7,0.0559138099529062,33,0.441808729690684,0.441808729690684
"per_cell_all_cells_OLS","all_cells_slope","Northern","collection5_k2_tropical_temperate","Coldhouse","Transitional",7,11,-0.765261128995087,6,0.00187695177115147,0.0124793175216871
"per_cell_all_cells_OLS","all_cells_slope","Northern","collection5_k2_tropical_temperate","Coldhouse","Warmhouse",7,11,-0.439777928445307,7,0.00249586350433743,0.0124793175216871
"per_cell_all_cells_OLS","all_cells_slope","Northern","collection5_k2_tropical_temperate","Coolhouse","Transitional",11,11,-0.538866314501685,21,0.00521953794999296,0.0130488448749824
"per_cell_all_cells_OLS","all_cells_slope","Northern","collection5_k2_tropical_temperate","Coolhouse","Hothouse",11,6,-0.315962804774665,7,0.00519089789485088,0.0130488448749824
"per_cell_all_cells_OLS","all_cells_slope","Northern","collection5_k2_tropical_temperate","Coldhouse","Hothouse",7,6,-0.542357619268067,4,0.00920808028815198,0.018416160576304
"per_cell_all_cells_OLS","all_cells_slope","Northern","collection5_k2_tropical_temperate","Coolhouse","Warmhouse",11,11,-0.213383113951906,28,0.0178081820499222,0.029680303416537
"per_cell_all_cells_OLS","all_cells_slope","Northern","collection5_k2_tropical_temperate","Coldhouse","Coolhouse",7,11,-0.226394814493401,34,0.358576358733527,0.497507913165973
"per_cell_all_cells_OLS","all_cells_slope","Northern","collection5_k2_tropical_temperate","Transitional","Warmhouse",11,11,0.32548320054978,58,0.447757121849375,0.497507913165973
"per_cell_all_cells_OLS","all_cells_slope","Northern","collection5_k2_tropical_temperate","Warmhouse","Hothouse",11,6,-0.102579690822759,30,0.400806760470752,0.497507913165973
"per_cell_all_cells_OLS","all_cells_slope","Northern","collection5_k2_tropical_temperate","Transitional","Hothouse",11,6,0.22290350972702,36,0.637492083757063,0.637492083757063
"per_cell_all_cells_OLS","all_cells_slope","Northern","collection5_k2_tropical_temperate_polar","Coldhouse","Warmhouse",3,8,-0.338066547518311,0,0.00945177150556067,0.0945177150556067
"per_cell_all_cells_OLS","all_cells_slope","Northern","collection5_k2_tropical_temperate_polar","Coldhouse","Coolhouse",3,6,-0.341747231164456,2,0.0466449780918023,0.186143341473457
"per_cell_all_cells_OLS","all_cells_slope","Northern","collection5_k2_tropical_temperate_polar","Coldhouse","Hothouse",3,2,-0.384023361757919,0,0.0744573365893828,0.186143341473457
"per_cell_all_cells_OLS","all_cells_slope","Northern","collection5_k2_tropical_temperate_polar","Transitional","Warmhouse",3,8,-0.233492086910513,4,0.06289321231947,0.186143341473457
"per_cell_all_cells_OLS","all_cells_slope","Northern","collection5_k2_tropical_temperate_polar","Coldhouse","Transitional",3,3,-0.104574460607798,2,0.191366544442613,0.322063525642694
"per_cell_all_cells_OLS","all_cells_slope","Northern","collection5_k2_tropical_temperate_polar","Transitional","Hothouse",3,2,-0.279448901150121,1,0.193238115385616,0.322063525642694
"per_cell_all_cells_OLS","all_cells_slope","Northern","collection5_k2_tropical_temperate_polar","Coolhouse","Hothouse",6,2,-0.0422761305934631,4,0.308537538725987,0.440767912465696
"per_cell_all_cells_OLS","all_cells_slope","Northern","collection5_k2_tropical_temperate_polar","Coolhouse","Warmhouse",6,8,0.00368068364614499,22,0.423225298438295,0.497847098873803
"per_cell_all_cells_OLS","all_cells_slope","Northern","collection5_k2_tropical_temperate_polar","Warmhouse","Hothouse",8,2,-0.0459568142396081,7,0.448062388986423,0.497847098873803
"per_cell_all_cells_OLS","all_cells_slope","Northern","collection5_k2_tropical_temperate_polar","Coolhouse","Transitional",6,3,0.237172770556658,14,0.922209826103901,0.922209826103901
"per_cell_all_cells_OLS","all_cells_slope","Northern","collection5_k3_tropical_temperate","Coldhouse","Transitional",5,8,-0.712588865196205,4,0.0116351460049754,0.0596711054114359
"per_cell_all_cells_OLS","all_cells_slope","Northern","collection5_k3_tropical_temperate","Coolhouse","Transitional",6,8,-0.678117062789619,6,0.0119342210822872,0.0596711054114359
"per_cell_all_cells_OLS","all_cells_slope","Northern","collection5_k3_tropical_temperate","Coldhouse","Warmhouse",5,7,-0.376874058074489,5,0.0256599517940356,0.064149879485089
"per_cell_all_cells_OLS","all_cells_slope","Northern","collection5_k3_tropical_temperate","Coolhouse","Hothouse",6,4,-0.444981946490662,2,0.0214128046154457,0.064149879485089
"per_cell_all_cells_OLS","all_cells_slope","Northern","collection5_k3_tropical_temperate","Coldhouse","Hothouse",5,4,-0.479453748897248,3,0.0556734432665702,0.0927890721109504
"per_cell_all_cells_OLS","all_cells_slope","Northern","collection5_k3_tropical_temperate","Coolhouse","Warmhouse",6,7,-0.342402255667903,9,0.0502062469930514,0.0927890721109504
"per_cell_all_cells_OLS","all_cells_slope","Northern","collection5_k3_tropical_temperate","Coldhouse","Coolhouse",5,6,-0.0344718024065856,17,0.675961565930427,0.751068406589363
"per_cell_all_cells_OLS","all_cells_slope","Northern","collection5_k3_tropical_temperate","Transitional","Warmhouse",8,7,0.335714807121716,30,0.61383127935361,0.751068406589363
"per_cell_all_cells_OLS","all_cells_slope","Northern","collection5_k3_tropical_temperate","Warmhouse","Hothouse",7,4,-0.102579690822759,14,0.537640481256615,0.751068406589363
"per_cell_all_cells_OLS","all_cells_slope","Northern","collection5_k3_tropical_temperate","Transitional","Hothouse",8,4,0.233135116298957,23,0.898634914676739,0.898634914676739
"per_cell_all_cells_OLS","all_cells_slope","Northern","collection5_k3_tropical_temperate_polar","Coldhouse","Warmhouse",2,5,-0.332277796475732,0,0.0406805646170377,0.0610208469255566
"per_cell_all_cells_OLS","all_cells_slope","Northern","collection5_k3_tropical_temperate_polar","Transitional","Warmhouse",2,5,-0.338356604720352,0,0.0406805646170377,0.0610208469255566
"per_cell_all_cells_OLS","all_cells_slope","Northern","collection5_k3_tropical_temperate_polar","Coldhouse","Transitional",2,2,0.00607880824462015,2,0.650732320848331,0.650732320848331
"per_cell_all_cells_OLS","all_cells_slope","Northern","collection5_k3_tropical_temperate_polar","Coldhouse","Coolhouse",2,1,-0.378244075142186,NA,NA,NA
"per_cell_all_cells_OLS","all_cells_slope","Northern","collection5_k3_tropical_temperate_polar","Coldhouse","Hothouse",2,1,-0.25168169761898,NA,NA,NA
"per_cell_all_cells_OLS","all_cells_slope","Northern","collection5_k3_tropical_temperate_polar","Coolhouse","Transitional",1,2,0.384322883386807,NA,NA,NA
"per_cell_all_cells_OLS","all_cells_slope","Northern","collection5_k3_tropical_temperate_polar","Coolhouse","Warmhouse",1,5,0.0459662786664542,NA,NA,NA
"per_cell_all_cells_OLS","all_cells_slope","Northern","collection5_k3_tropical_temperate_polar","Coolhouse","Hothouse",1,1,0.126562377523206,NA,NA,NA
"per_cell_all_cells_OLS","all_cells_slope","Northern","collection5_k3_tropical_temperate_polar","Transitional","Hothouse",2,1,-0.2577605058636,NA,NA,NA
"per_cell_all_cells_OLS","all_cells_slope","Northern","collection5_k3_tropical_temperate_polar","Warmhouse","Hothouse",5,1,0.0805960988567521,NA,NA,NA
"per_cell_all_cells_OLS","all_cells_slope","Northern","collection10_k1_tropical_temperate","Coldhouse","Warmhouse",12,13,-0.739120825001489,12,0.000183508830019713,0.00183508830019713
"per_cell_all_cells_OLS","all_cells_slope","Northern","collection10_k1_tropical_temperate","Coldhouse","Hothouse",12,8,-0.645739344036551,5,0.000520977515252885,0.00260488757626443
"per_cell_all_cells_OLS","all_cells_slope","Northern","collection10_k1_tropical_temperate","Coldhouse","Transitional",12,14,-0.70057862510888,28,0.00215447194797238,0.00718157315990794
"per_cell_all_cells_OLS","all_cells_slope","Northern","collection10_k1_tropical_temperate","Coolhouse","Warmhouse",13,13,-0.340541353039426,43,0.0177519453247058,0.0443798633117646
"per_cell_all_cells_OLS","all_cells_slope","Northern","collection10_k1_tropical_temperate","Coolhouse","Hothouse",13,8,-0.247159872074488,28,0.0443883668565458,0.0887767337130916
"per_cell_all_cells_OLS","all_cells_slope","Northern","collection10_k1_tropical_temperate","Coldhouse","Coolhouse",12,13,-0.398579471962063,50,0.0673525249200393,0.0962178927429132
"per_cell_all_cells_OLS","all_cells_slope","Northern","collection10_k1_tropical_temperate","Coolhouse","Transitional",13,14,-0.301999153146818,59,0.0631850432928682,0.0962178927429132
"per_cell_all_cells_OLS","all_cells_slope","Northern","collection10_k1_tropical_temperate","Transitional","Warmhouse",14,13,-0.0385421998926081,78,0.272065839672479,0.340082299590599
"per_cell_all_cells_OLS","all_cells_slope","Northern","collection10_k1_tropical_temperate","Transitional","Hothouse",14,8,0.0548392810723295,55,0.486388265355852,0.540431405950946
"per_cell_all_cells_OLS","all_cells_slope","Northern","collection10_k1_tropical_temperate","Warmhouse","Hothouse",13,8,0.0933814809649376,56,0.627747370834004,0.627747370834004
"per_cell_all_cells_OLS","all_cells_slope","Northern","collection10_k1_tropical_temperate_polar","Coldhouse","Warmhouse",5,8,-0.504033257727874,0,0.00215517924976753,0.0215517924976753
"per_cell_all_cells_OLS","all_cells_slope","Northern","collection10_k1_tropical_temperate_polar","Coldhouse","Coolhouse",5,6,-0.392252484086631,4,0.0276171268590319,0.0920570895301064
"per_cell_all_cells_OLS","all_cells_slope","Northern","collection10_k1_tropical_temperate_polar","Coldhouse","Hothouse",5,3,-0.567546448721622,0,0.0184442128535249,0.0920570895301064
"per_cell_all_cells_OLS","all_cells_slope","Northern","collection10_k1_tropical_temperate_polar","Transitional","Warmhouse",3,8,-0.325348253553696,3,0.0413655111575512,0.103413777893878
"per_cell_all_cells_OLS","all_cells_slope","Northern","collection10_k1_tropical_temperate_polar","Coldhouse","Transitional",5,3,-0.178685004174179,2,0.0680185640570718,0.136021617018231
"per_cell_all_cells_OLS","all_cells_slope","Northern","collection10_k1_tropical_temperate_polar","Coolhouse","Warmhouse",6,8,-0.111780773641244,13,0.087622122700003,0.136021617018231
"per_cell_all_cells_OLS","all_cells_slope","Northern","collection10_k1_tropical_temperate_polar","Transitional","Hothouse",3,3,-0.388861444547443,1,0.095215131912762,0.136021617018231
"per_cell_all_cells_OLS","all_cells_slope","Northern","collection10_k1_tropical_temperate_polar","Coolhouse","Hothouse",6,3,-0.175293964634991,4,0.122639058403386,0.153298823004233
"per_cell_all_cells_OLS","all_cells_slope","Northern","collection10_k1_tropical_temperate_polar","Warmhouse","Hothouse",8,3,-0.0635131909937476,12,0.540646297285856,0.600718108095395
"per_cell_all_cells_OLS","all_cells_slope","Northern","collection10_k1_tropical_temperate_polar","Coolhouse","Transitional",6,3,0.213567479912452,10,0.650732320848331,0.650732320848331
"per_cell_all_cells_OLS","all_cells_slope","Northern","collection10_k2_tropical_temperate","Coldhouse","Transitional",5,9,-0.91311584164431,5,0.0117052980805584,0.0585264904027918
"per_cell_all_cells_OLS","all_cells_slope","Northern","collection10_k2_tropical_temperate","Coolhouse","Transitional",9,9,-1.00685593322516,14,0.010842055682496,0.0585264904027918
"per_cell_all_cells_OLS","all_cells_slope","Northern","collection10_k2_tropical_temperate","Coldhouse","Warmhouse",5,8,-0.328827571094358,6,0.024066198109791,0.08022066036597
"per_cell_all_cells_OLS","all_cells_slope","Northern","collection10_k2_tropical_temperate","Coldhouse","Hothouse",5,3,-0.544389707554975,1,0.0368191350601513,0.0920478376503783
"per_cell_all_cells_OLS","all_cells_slope","Northern","collection10_k2_tropical_temperate","Coolhouse","Warmhouse",9,8,-0.42256766267521,22,0.0969654261412053,0.162968048666336
"per_cell_all_cells_OLS","all_cells_slope","Northern","collection10_k2_tropical_temperate","Coolhouse","Hothouse",9,3,-0.638129799135828,6,0.0977808291998018,0.162968048666336
"per_cell_all_cells_OLS","all_cells_slope","Northern","collection10_k2_tropical_temperate","Warmhouse","Hothouse",8,3,-0.215562136460617,9,0.30491702183673,0.435595745481042
"per_cell_all_cells_OLS","all_cells_slope","Northern","collection10_k2_tropical_temperate","Coldhouse","Coolhouse",5,9,0.0937400915808528,21,0.446964883376386,0.558706104220483
"per_cell_all_cells_OLS","all_cells_slope","Northern","collection10_k2_tropical_temperate","Transitional","Warmhouse",9,8,0.584288270549953,47,0.865763954518136,0.866371253422806
"per_cell_all_cells_OLS","all_cells_slope","Northern","collection10_k2_tropical_temperate","Transitional","Hothouse",9,3,0.368726134089336,19,0.866371253422806,0.866371253422806
"per_cell_all_cells_OLS","all_cells_slope","Northern","collection10_k2_tropical_temperate_polar","Coldhouse","Warmhouse",3,5,-0.305341110635346,0,0.0184442128535249,0.0553326385605748
"per_cell_all_cells_OLS","all_cells_slope","Northern","collection10_k2_tropical_temperate_polar","Coldhouse","Coolhouse",3,2,-0.189373882540856,2,0.386414996342224,0.576774701561705
"per_cell_all_cells_OLS","all_cells_slope","Northern","collection10_k2_tropical_temperate_polar","Coolhouse","Warmhouse",2,5,-0.11596722809449,5,0.576774701561705,0.576774701561705
"per_cell_all_cells_OLS","all_cells_slope","Northern","collection10_k2_tropical_temperate_polar","Coldhouse","Transitional",3,1,-0.0588117078685568,NA,NA,NA
"per_cell_all_cells_OLS","all_cells_slope","Northern","collection10_k2_tropical_temperate_polar","Coldhouse","Hothouse",3,1,-0.282969950024727,NA,NA,NA
"per_cell_all_cells_OLS","all_cells_slope","Northern","collection10_k2_tropical_temperate_polar","Coolhouse","Transitional",2,1,0.130562174672299,NA,NA,NA
"per_cell_all_cells_OLS","all_cells_slope","Northern","collection10_k2_tropical_temperate_polar","Coolhouse","Hothouse",2,1,-0.0935960674838713,NA,NA,NA
"per_cell_all_cells_OLS","all_cells_slope","Northern","collection10_k2_tropical_temperate_polar","Transitional","Warmhouse",1,5,-0.246529402766789,NA,NA,NA
"per_cell_all_cells_OLS","all_cells_slope","Northern","collection10_k2_tropical_temperate_polar","Transitional","Hothouse",1,1,-0.22415824215617,NA,NA,NA
"per_cell_all_cells_OLS","all_cells_slope","Northern","collection10_k2_tropical_temperate_polar","Warmhouse","Hothouse",5,1,0.0223711606106186,NA,NA,NA
"per_cell_all_cells_OLS","all_cells_slope","Northern","collection10_k3_tropical_temperate","Coldhouse","Warmhouse",2,3,-0.243451146402922,0,0.0744573365893828,0.248191121964609
"per_cell_all_cells_OLS","all_cells_slope","Northern","collection10_k3_tropical_temperate","Coldhouse","Hothouse",2,3,-0.482499743322551,0,0.0744573365893828,0.248191121964609
"per_cell_all_cells_OLS","all_cells_slope","Northern","collection10_k3_tropical_temperate","Coolhouse","Transitional",3,6,-1.06259185531602,2,0.0466449780918023,0.248191121964609
"per_cell_all_cells_OLS","all_cells_slope","Northern","collection10_k3_tropical_temperate","Coldhouse","Transitional",2,6,-0.884882158104356,2,0.121672504574381,0.304181261435953
"per_cell_all_cells_OLS","all_cells_slope","Northern","collection10_k3_tropical_temperate","Coolhouse","Hothouse",3,3,-0.660209440534215,2,0.191366544442613,0.318944240737688
"per_cell_all_cells_OLS","all_cells_slope","Northern","collection10_k3_tropical_temperate","Warmhouse","Hothouse",3,3,-0.239048596919629,2,0.191366544442613,0.318944240737688
"per_cell_all_cells_OLS","all_cells_slope","Northern","collection10_k3_tropical_temperate","Coolhouse","Warmhouse",3,3,-0.421160843614586,3,0.331260291770029,0.473228988242898
"per_cell_all_cells_OLS","all_cells_slope","Northern","collection10_k3_tropical_temperate","Coldhouse","Coolhouse",2,3,0.177709697211664,4,0.806761884614384,0.81692171990297
"per_cell_all_cells_OLS","all_cells_slope","Northern","collection10_k3_tropical_temperate","Transitional","Warmhouse",6,3,0.641431011701434,12,0.81692171990297,0.81692171990297
"per_cell_all_cells_OLS","all_cells_slope","Northern","collection10_k3_tropical_temperate","Transitional","Hothouse",6,3,0.402382414781805,12,0.81692171990297,0.81692171990297
"per_cell_all_cells_OLS","all_cells_slope","Northern","collection10_k3_tropical_temperate_polar","Coldhouse","Coolhouse",1,0,NA,NA,NA,NA
"per_cell_all_cells_OLS","all_cells_slope","Northern","collection10_k3_tropical_temperate_polar","Coldhouse","Transitional",1,0,NA,NA,NA,NA
"per_cell_all_cells_OLS","all_cells_slope","Northern","collection10_k3_tropical_temperate_polar","Coldhouse","Warmhouse",1,3,-0.181561182170498,NA,NA,NA
"per_cell_all_cells_OLS","all_cells_slope","Northern","collection10_k3_tropical_temperate_polar","Coldhouse","Hothouse",1,0,NA,NA,NA,NA
"per_cell_all_cells_OLS","all_cells_slope","Northern","collection10_k3_tropical_temperate_polar","Coolhouse","Transitional",0,0,NA,NA,NA,NA
"per_cell_all_cells_OLS","all_cells_slope","Northern","collection10_k3_tropical_temperate_polar","Coolhouse","Warmhouse",0,3,NA,NA,NA,NA
"per_cell_all_cells_OLS","all_cells_slope","Northern","collection10_k3_tropical_temperate_polar","Coolhouse","Hothouse",0,0,NA,NA,NA,NA
"per_cell_all_cells_OLS","all_cells_slope","Northern","collection10_k3_tropical_temperate_polar","Transitional","Warmhouse",0,3,NA,NA,NA,NA
"per_cell_all_cells_OLS","all_cells_slope","Northern","collection10_k3_tropical_temperate_polar","Transitional","Hothouse",0,0,NA,NA,NA,NA
"per_cell_all_cells_OLS","all_cells_slope","Northern","collection10_k3_tropical_temperate_polar","Warmhouse","Hothouse",3,0,NA,NA,NA,NA
"per_cell_all_cells_OLS","all_cells_slope","Southern","occurrence5_k1_tropical_temperate","Coldhouse","Hothouse",11,14,-0.617221920199208,27,0.00336545828276561,0.0336545828276561
"per_cell_all_cells_OLS","all_cells_slope","Southern","occurrence5_k1_tropical_temperate","Transitional","Hothouse",15,14,-0.180372158697003,48,0.00683419609549659,0.034170980477483
"per_cell_all_cells_OLS","all_cells_slope","Southern","occurrence5_k1_tropical_temperate","Coldhouse","Coolhouse",11,17,-0.395183941051976,47,0.0152376446561749,0.0507921488539162
"per_cell_all_cells_OLS","all_cells_slope","Southern","occurrence5_k1_tropical_temperate","Coldhouse","Transitional",11,15,-0.436849761502205,49,0.0433840863519378,0.0723068105865631
"per_cell_all_cells_OLS","all_cells_slope","Southern","occurrence5_k1_tropical_temperate","Coldhouse","Warmhouse",11,12,-0.48436528876295,35,0.0302490953592954,0.0723068105865631
"per_cell_all_cells_OLS","all_cells_slope","Southern","occurrence5_k1_tropical_temperate","Warmhouse","Hothouse",12,14,-0.132856631436258,49,0.0379911892885845,0.0723068105865631
"per_cell_all_cells_OLS","all_cells_slope","Southern","occurrence5_k1_tropical_temperate","Coolhouse","Hothouse",17,14,-0.222037979147233,83,0.0793962327018673,0.113423189574096
"per_cell_all_cells_OLS","all_cells_slope","Southern","occurrence5_k1_tropical_temperate","Transitional","Warmhouse",15,12,-0.0475155272607446,70,0.170674656977379,0.213343321221724
"per_cell_all_cells_OLS","all_cells_slope","Southern","occurrence5_k1_tropical_temperate","Coolhouse","Warmhouse",17,12,-0.0891813477109744,89,0.289957355892333,0.32217483988037
"per_cell_all_cells_OLS","all_cells_slope","Southern","occurrence5_k1_tropical_temperate","Coolhouse","Transitional",17,15,-0.0416658204502298,125,0.46989830820259,0.46989830820259
"per_cell_all_cells_OLS","all_cells_slope","Southern","occurrence5_k1_tropical_temperate_polar","Coolhouse","Hothouse",9,10,-0.346990455244871,7,0.00109982353055653,0.0109982353055653
"per_cell_all_cells_OLS","all_cells_slope","Southern","occurrence5_k1_tropical_temperate_polar","Transitional","Hothouse",10,10,-0.250829801194748,12,0.00229319604012675,0.0114659802006337
"per_cell_all_cells_OLS","all_cells_slope","Southern","occurrence5_k1_tropical_temperate_polar","Warmhouse","Hothouse",8,10,-0.163294857436719,12,0.0072740119336715,0.0242467064455717
"per_cell_all_cells_OLS","all_cells_slope","Southern","occurrence5_k1_tropical_temperate_polar","Coolhouse","Warmhouse",9,8,-0.183695597808152,17,0.0375246173604008,0.093811543401002
"per_cell_all_cells_OLS","all_cells_slope","Southern","occurrence5_k1_tropical_temperate_polar","Coldhouse","Hothouse",4,10,-0.243386785962622,10,0.089554596363361,0.179109192726722
"per_cell_all_cells_OLS","all_cells_slope","Southern","occurrence5_k1_tropical_temperate_polar","Transitional","Warmhouse",10,8,-0.0875349437580297,27,0.133358623357958,0.222264372263263
"per_cell_all_cells_OLS","all_cells_slope","Southern","occurrence5_k1_tropical_temperate_polar","Coolhouse","Transitional",9,10,-0.0961606540501226,34,0.19563363964132,0.279476628059028
"per_cell_all_cells_OLS","all_cells_slope","Southern","occurrence5_k1_tropical_temperate_polar","Coldhouse","Warmhouse",4,8,-0.0800919285259034,14,0.399453334821635,0.499316668527044
"per_cell_all_cells_OLS","all_cells_slope","Southern","occurrence5_k1_tropical_temperate_polar","Coldhouse","Transitional",4,10,0.00744301523212632,22,0.638163195084118,0.709070216760132
"per_cell_all_cells_OLS","all_cells_slope","Southern","occurrence5_k1_tropical_temperate_polar","Coldhouse","Coolhouse",4,9,0.103603669282249,22,0.756273354817983,0.756273354817983
"per_cell_all_cells_OLS","all_cells_slope","Southern","occurrence5_k2_tropical_temperate","Coldhouse","Hothouse",8,11,-0.538260235092217,12,0.00464725834535827,0.0280423225281101
"per_cell_all_cells_OLS","all_cells_slope","Southern","occurrence5_k2_tropical_temperate","Warmhouse","Hothouse",7,11,-0.226998061767591,10,0.00560846450562203,0.0280423225281101
"per_cell_all_cells_OLS","all_cells_slope","Southern","occurrence5_k2_tropical_temperate","Transitional","Hothouse",7,11,-0.192910549448647,13,0.0117819207299332,0.0392730690997773
"per_cell_all_cells_OLS","all_cells_slope","Southern","occurrence5_k2_tropical_temperate","Coldhouse","Coolhouse",8,12,-0.331443253032823,21,0.0204511320798069,0.0511278301995172
"per_cell_all_cells_OLS","all_cells_slope","Southern","occurrence5_k2_tropical_temperate","Coldhouse","Transitional",8,7,-0.34534968564357,18,0.135794337121687,0.193991910173839
"per_cell_all_cells_OLS","all_cells_slope","Southern","occurrence5_k2_tropical_temperate","Coldhouse","Warmhouse",8,7,-0.311262173324627,17,0.112156563255577,0.193991910173839
"per_cell_all_cells_OLS","all_cells_slope","Southern","occurrence5_k2_tropical_temperate","Coolhouse","Hothouse",12,11,-0.206816982059395,47,0.127435787950755,0.193991910173839
"per_cell_all_cells_OLS","all_cells_slope","Southern","occurrence5_k2_tropical_temperate","Transitional","Warmhouse",7,7,0.0340875123189437,25,0.550836606365381,0.688545757956726
"per_cell_all_cells_OLS","all_cells_slope","Southern","occurrence5_k2_tropical_temperate","Coolhouse","Transitional",12,7,-0.0139064326107478,50,0.763738836553473,0.81257142865833
"per_cell_all_cells_OLS","all_cells_slope","Southern","occurrence5_k2_tropical_temperate","Coolhouse","Warmhouse",12,7,0.0201810797081959,52,0.81257142865833,0.81257142865833
"per_cell_all_cells_OLS","all_cells_slope","Southern","occurrence5_k2_tropical_temperate_polar","Coolhouse","Hothouse",6,6,-0.299733330196282,1,0.00411950941286232,0.0247170564771739
"per_cell_all_cells_OLS","all_cells_slope","Southern","occurrence5_k2_tropical_temperate_polar","Transitional","Hothouse",3,6,-0.208739954797934,1,0.0264037557080568,0.0699543585800103
"per_cell_all_cells_OLS","all_cells_slope","Southern","occurrence5_k2_tropical_temperate_polar","Warmhouse","Hothouse",4,6,-0.178239670807572,3,0.0349771792900052,0.0699543585800103
"per_cell_all_cells_OLS","all_cells_slope","Southern","occurrence5_k2_tropical_temperate_polar","Coolhouse","Warmhouse",6,4,-0.12149365938871,8,0.227772546894665,0.341658820341998
"per_cell_all_cells_OLS","all_cells_slope","Southern","occurrence5_k2_tropical_temperate_polar","Transitional","Warmhouse",3,4,-0.0305002839903619,4,0.297941545282589,0.357529854339107
"per_cell_all_cells_OLS","all_cells_slope","Southern","occurrence5_k2_tropical_temperate_polar","Coolhouse","Transitional",6,3,-0.090993375398348,8,0.448639480630042,0.448639480630042
"per_cell_all_cells_OLS","all_cells_slope","Southern","occurrence5_k2_tropical_temperate_polar","Coldhouse","Coolhouse",1,6,0.139848710148485,NA,NA,NA
"per_cell_all_cells_OLS","all_cells_slope","Southern","occurrence5_k2_tropical_temperate_polar","Coldhouse","Transitional",1,3,0.0488553347501375,NA,NA,NA
"per_cell_all_cells_OLS","all_cells_slope","Southern","occurrence5_k2_tropical_temperate_polar","Coldhouse","Warmhouse",1,4,0.0183550507597756,NA,NA,NA
"per_cell_all_cells_OLS","all_cells_slope","Southern","occurrence5_k2_tropical_temperate_polar","Coldhouse","Hothouse",1,6,-0.159884620047796,NA,NA,NA
"per_cell_all_cells_OLS","all_cells_slope","Southern","occurrence5_k3_tropical_temperate","Coldhouse","Hothouse",2,6,-0.424592529458767,0,0.0333765075848173,0.138062375264677
"per_cell_all_cells_OLS","all_cells_slope","Southern","occurrence5_k3_tropical_temperate","Transitional","Hothouse",5,6,-0.237558011076778,5,0.0414187125794032,0.138062375264677
"per_cell_all_cells_OLS","all_cells_slope","Southern","occurrence5_k3_tropical_temperate","Warmhouse","Hothouse",4,6,-0.246865624788483,3,0.0349771792900052,0.138062375264677
"per_cell_all_cells_OLS","all_cells_slope","Southern","occurrence5_k3_tropical_temperate","Coolhouse","Hothouse",7,6,-0.240104472094719,10,0.0668072012688581,0.167018003172145
"per_cell_all_cells_OLS","all_cells_slope","Southern","occurrence5_k3_tropical_temperate","Coldhouse","Warmhouse",2,4,-0.177726904670284,1,0.123579986605954,0.247159973211907
"per_cell_all_cells_OLS","all_cells_slope","Southern","occurrence5_k3_tropical_temperate","Coldhouse","Coolhouse",2,7,-0.184488057364048,3,0.152753543430627,0.254589239051045
"per_cell_all_cells_OLS","all_cells_slope","Southern","occurrence5_k3_tropical_temperate","Coldhouse","Transitional",2,5,-0.187034518381989,3,0.280637918067289,0.400911311524698
"per_cell_all_cells_OLS","all_cells_slope","Southern","occurrence5_k3_tropical_temperate","Coolhouse","Warmhouse",7,4,0.00676115269376418,15,0.611592997922259,0.679547775469177
"per_cell_all_cells_OLS","all_cells_slope","Southern","occurrence5_k3_tropical_temperate","Transitional","Warmhouse",5,4,0.00930761371170541,10,0.54873837491116,0.679547775469177
"per_cell_all_cells_OLS","all_cells_slope","Southern","occurrence5_k3_tropical_temperate","Coolhouse","Transitional",7,5,-0.00254646101794123,20,0.686941260041631,0.686941260041631
"per_cell_all_cells_OLS","all_cells_slope","Southern","occurrence5_k3_tropical_temperate_polar","Coolhouse","Hothouse",4,2,-0.45035039892298,0,0.0525962525600207,0.245278116806773
"per_cell_all_cells_OLS","all_cells_slope","Southern","occurrence5_k3_tropical_temperate_polar","Transitional","Hothouse",2,2,-0.359567949061505,0,0.122639058403386,0.245278116806773
"per_cell_all_cells_OLS","all_cells_slope","Southern","occurrence5_k3_tropical_temperate_polar","Warmhouse","Hothouse",2,2,-0.318220521617929,0,0.122639058403386,0.245278116806773
"per_cell_all_cells_OLS","all_cells_slope","Southern","occurrence5_k3_tropical_temperate_polar","Coolhouse","Transitional",4,2,-0.0907824498614753,2,0.243726645182017,0.292471974218421
"per_cell_all_cells_OLS","all_cells_slope","Southern","occurrence5_k3_tropical_temperate_polar","Coolhouse","Warmhouse",4,2,-0.132129877305051,2,0.243726645182017,0.292471974218421
"per_cell_all_cells_OLS","all_cells_slope","Southern","occurrence5_k3_tropical_temperate_polar","Transitional","Warmhouse",2,2,-0.0413474274435756,2,0.650732320848331,0.650732320848331
"per_cell_all_cells_OLS","all_cells_slope","Southern","occurrence5_k3_tropical_temperate_polar","Coldhouse","Coolhouse",0,4,NA,NA,NA,NA
"per_cell_all_cells_OLS","all_cells_slope","Southern","occurrence5_k3_tropical_temperate_polar","Coldhouse","Transitional",0,2,NA,NA,NA,NA
"per_cell_all_cells_OLS","all_cells_slope","Southern","occurrence5_k3_tropical_temperate_polar","Coldhouse","Warmhouse",0,2,NA,NA,NA,NA
"per_cell_all_cells_OLS","all_cells_slope","Southern","occurrence5_k3_tropical_temperate_polar","Coldhouse","Hothouse",0,2,NA,NA,NA,NA
"per_cell_all_cells_OLS","all_cells_slope","Southern","occurrence10_k1_tropical_temperate","Coldhouse","Hothouse",11,14,-0.654837479346984,24,0.00202586006640887,0.0202586006640887
"per_cell_all_cells_OLS","all_cells_slope","Southern","occurrence10_k1_tropical_temperate","Coldhouse","Transitional",11,13,-0.452596912272242,39,0.0318717639317122,0.0637435278634244
"per_cell_all_cells_OLS","all_cells_slope","Southern","occurrence10_k1_tropical_temperate","Coldhouse","Warmhouse",11,11,-0.482706861847264,31,0.0284365180173972,0.0637435278634244
"per_cell_all_cells_OLS","all_cells_slope","Southern","occurrence10_k1_tropical_temperate","Transitional","Hothouse",13,14,-0.202240567074742,51,0.0276327359355577,0.0637435278634244
"per_cell_all_cells_OLS","all_cells_slope","Southern","occurrence10_k1_tropical_temperate","Warmhouse","Hothouse",11,14,-0.17213061749972,36,0.013305804971895,0.0637435278634244
"per_cell_all_cells_OLS","all_cells_slope","Southern","occurrence10_k1_tropical_temperate","Coolhouse","Hothouse",17,14,-0.306069937113346,79,0.0584497538976995,0.0974162564961659
"per_cell_all_cells_OLS","all_cells_slope","Southern","occurrence10_k1_tropical_temperate","Coldhouse","Coolhouse",11,17,-0.348767542233637,62,0.0723855783017014,0.103407969002431
"per_cell_all_cells_OLS","all_cells_slope","Southern","occurrence10_k1_tropical_temperate","Coolhouse","Warmhouse",17,11,-0.133939319613627,75,0.198573697734118,0.248217122167647
"per_cell_all_cells_OLS","all_cells_slope","Southern","occurrence10_k1_tropical_temperate","Coolhouse","Transitional",17,13,-0.103829370038605,100,0.337784391244448,0.342534497485908
"per_cell_all_cells_OLS","all_cells_slope","Southern","occurrence10_k1_tropical_temperate","Transitional","Warmhouse",13,11,-0.0301099495750222,64,0.342534497485908,0.342534497485908
"per_cell_all_cells_OLS","all_cells_slope","Southern","occurrence10_k1_tropical_temperate_polar","Coolhouse","Warmhouse",9,8,-0.208770204460865,12,0.0118706972653629,0.0296767431634073
"per_cell_all_cells_OLS","all_cells_slope","Southern","occurrence10_k1_tropical_temperate_polar","Coolhouse","Hothouse",9,8,-0.442591212844448,7,0.00304947296560718,0.0296767431634073
"per_cell_all_cells_OLS","all_cells_slope","Southern","occurrence10_k1_tropical_temperate_polar","Transitional","Hothouse",7,8,-0.3823066994795,7,0.00883613819336122,0.0296767431634073
"per_cell_all_cells_OLS","all_cells_slope","Southern","occurrence10_k1_tropical_temperate_polar","Warmhouse","Hothouse",8,8,-0.233821008383583,9,0.00906450393248599,0.0296767431634073
"per_cell_all_cells_OLS","all_cells_slope","Southern","occurrence10_k1_tropical_temperate_polar","Coldhouse","Hothouse",4,8,-0.336660656373602,6,0.0533185289012817,0.106637057802563
"per_cell_all_cells_OLS","all_cells_slope","Southern","occurrence10_k1_tropical_temperate_polar","Transitional","Warmhouse",7,8,-0.148485691095917,17,0.112156563255577,0.186927605425962
"per_cell_all_cells_OLS","all_cells_slope","Southern","occurrence10_k1_tropical_temperate_polar","Coldhouse","Warmhouse",4,8,-0.102839647990019,13,0.335562729194906,0.419453411493633
"per_cell_all_cells_OLS","all_cells_slope","Southern","occurrence10_k1_tropical_temperate_polar","Coolhouse","Transitional",9,7,-0.060284513364948,26,0.2983138940017,0.419453411493633
"per_cell_all_cells_OLS","all_cells_slope","Southern","occurrence10_k1_tropical_temperate_polar","Coldhouse","Transitional",4,7,0.0456460431058981,14,0.537640481256615,0.59737831250735
"per_cell_all_cells_OLS","all_cells_slope","Southern","occurrence10_k1_tropical_temperate_polar","Coldhouse","Coolhouse",4,9,0.105930556470846,24,0.842062760084755,0.842062760084755
"per_cell_all_cells_OLS","all_cells_slope","Southern","occurrence10_k2_tropical_temperate","Coldhouse","Hothouse",5,8,-0.491340869170556,6,0.024066198109791,0.0936618531979898
"per_cell_all_cells_OLS","all_cells_slope","Southern","occurrence10_k2_tropical_temperate","Transitional","Hothouse",7,8,-0.313241112564908,11,0.0280985559593969,0.0936618531979898
"per_cell_all_cells_OLS","all_cells_slope","Southern","occurrence10_k2_tropical_temperate","Warmhouse","Hothouse",7,8,-0.356295404224013,10,0.0214218009140082,0.0936618531979898
"per_cell_all_cells_OLS","all_cells_slope","Southern","occurrence10_k2_tropical_temperate","Coldhouse","Coolhouse",5,10,-0.125815493757499,13,0.0794979544386508,0.198744886096627
"per_cell_all_cells_OLS","all_cells_slope","Southern","occurrence10_k2_tropical_temperate","Coldhouse","Warmhouse",5,7,-0.135045464946543,12,0.208396405923813,0.416792811847627
"per_cell_all_cells_OLS","all_cells_slope","Southern","occurrence10_k2_tropical_temperate","Coldhouse","Transitional",5,7,-0.178099756605647,15,0.372666533665401,0.465833167081752
"per_cell_all_cells_OLS","all_cells_slope","Southern","occurrence10_k2_tropical_temperate","Coolhouse","Hothouse",10,8,-0.365525375413056,34,0.312531362616684,0.465833167081752
"per_cell_all_cells_OLS","all_cells_slope","Southern","occurrence10_k2_tropical_temperate","Transitional","Warmhouse",7,7,0.0430542916591049,21,0.350739054433307,0.465833167081752
"per_cell_all_cells_OLS","all_cells_slope","Southern","occurrence10_k2_tropical_temperate","Coolhouse","Transitional",10,7,-0.052284262848148,45,0.847246456569373,0.847246456569373
"per_cell_all_cells_OLS","all_cells_slope","Southern","occurrence10_k2_tropical_temperate","Coolhouse","Warmhouse",10,7,-0.00922997118904306,44,0.823064007800678,0.847246456569373
"per_cell_all_cells_OLS","all_cells_slope","Southern","occurrence10_k2_tropical_temperate_polar","Coolhouse","Hothouse",6,2,-0.479095384239178,0,0.0333765075848173,0.148914673178766
"per_cell_all_cells_OLS","all_cells_slope","Southern","occurrence10_k2_tropical_temperate_polar","Transitional","Hothouse",3,2,-0.336426646625154,0,0.0744573365893828,0.148914673178766
"per_cell_all_cells_OLS","all_cells_slope","Southern","occurrence10_k2_tropical_temperate_polar","Warmhouse","Hothouse",4,2,-0.345746667970797,0,0.0525962525600207,0.148914673178766
"per_cell_all_cells_OLS","all_cells_slope","Southern","occurrence10_k2_tropical_temperate_polar","Coolhouse","Warmhouse",6,4,-0.133348716268382,7,0.168677825888181,0.253016738832271
"per_cell_all_cells_OLS","all_cells_slope","Southern","occurrence10_k2_tropical_temperate_polar","Coolhouse","Transitional",6,3,-0.142668737614024,6,0.259302508214363,0.297941545282589
"per_cell_all_cells_OLS","all_cells_slope","Southern","occurrence10_k2_tropical_temperate_polar","Transitional","Warmhouse",3,4,0.00932002134564217,4,0.297941545282589,0.297941545282589
"per_cell_all_cells_OLS","all_cells_slope","Southern","occurrence10_k2_tropical_temperate_polar","Coldhouse","Coolhouse",0,6,NA,NA,NA,NA
"per_cell_all_cells_OLS","all_cells_slope","Southern","occurrence10_k2_tropical_temperate_polar","Coldhouse","Transitional",0,3,NA,NA,NA,NA
"per_cell_all_cells_OLS","all_cells_slope","Southern","occurrence10_k2_tropical_temperate_polar","Coldhouse","Warmhouse",0,4,NA,NA,NA,NA
"per_cell_all_cells_OLS","all_cells_slope","Southern","occurrence10_k2_tropical_temperate_polar","Coldhouse","Hothouse",0,2,NA,NA,NA,NA
"per_cell_all_cells_OLS","all_cells_slope","Southern","occurrence10_k3_tropical_temperate","Transitional","Hothouse",5,4,-0.454988042439159,1,0.0186682079603315,0.0560046238809944
"per_cell_all_cells_OLS","all_cells_slope","Southern","occurrence10_k3_tropical_temperate","Warmhouse","Hothouse",4,4,-0.457686596432645,0,0.0151914109882887,0.0560046238809944
"per_cell_all_cells_OLS","all_cells_slope","Southern","occurrence10_k3_tropical_temperate","Coolhouse","Hothouse",6,4,-0.525282310670284,3,0.0349771792900052,0.0699543585800103
"per_cell_all_cells_OLS","all_cells_slope","Southern","occurrence10_k3_tropical_temperate","Transitional","Warmhouse",5,4,0.00269855399348547,8,0.356651586939229,0.534977380408843
"per_cell_all_cells_OLS","all_cells_slope","Southern","occurrence10_k3_tropical_temperate","Coolhouse","Warmhouse",6,4,-0.0675957142376396,11,0.457553017210253,0.549063620652303
"per_cell_all_cells_OLS","all_cells_slope","Southern","occurrence10_k3_tropical_temperate","Coolhouse","Transitional",6,5,-0.0702942682311251,17,0.675961565930427,0.675961565930427
"per_cell_all_cells_OLS","all_cells_slope","Southern","occurrence10_k3_tropical_temperate","Coldhouse","Coolhouse",1,6,-0.0606214948683015,NA,NA,NA
"per_cell_all_cells_OLS","all_cells_slope","Southern","occurrence10_k3_tropical_temperate","Coldhouse","Transitional",1,5,-0.130915763099427,NA,NA,NA
"per_cell_all_cells_OLS","all_cells_slope","Southern","occurrence10_k3_tropical_temperate","Coldhouse","Warmhouse",1,4,-0.128217209105941,NA,NA,NA
"per_cell_all_cells_OLS","all_cells_slope","Southern","occurrence10_k3_tropical_temperate","Coldhouse","Hothouse",1,4,-0.585903805538586,NA,NA,NA
"per_cell_all_cells_OLS","all_cells_slope","Southern","occurrence10_k3_tropical_temperate_polar","Coolhouse","Transitional",3,2,-0.10675026432334,0,0.0744573365893828,0.18395858760508
"per_cell_all_cells_OLS","all_cells_slope","Southern","occurrence10_k3_tropical_temperate_polar","Coolhouse","Hothouse",3,2,-0.440256016663759,0,0.0744573365893828,0.18395858760508
"per_cell_all_cells_OLS","all_cells_slope","Southern","occurrence10_k3_tropical_temperate_polar","Transitional","Hothouse",2,2,-0.333505752340418,0,0.122639058403386,0.18395858760508
"per_cell_all_cells_OLS","all_cells_slope","Southern","occurrence10_k3_tropical_temperate_polar","Warmhouse","Hothouse",2,2,-0.297193934553273,0,0.122639058403386,0.18395858760508
"per_cell_all_cells_OLS","all_cells_slope","Southern","occurrence10_k3_tropical_temperate_polar","Coolhouse","Warmhouse",3,2,-0.143062082110486,1,0.193238115385616,0.23188573846274
"per_cell_all_cells_OLS","all_cells_slope","Southern","occurrence10_k3_tropical_temperate_polar","Transitional","Warmhouse",2,2,-0.0363118177871453,2,0.650732320848331,0.650732320848331
"per_cell_all_cells_OLS","all_cells_slope","Southern","occurrence10_k3_tropical_temperate_polar","Coldhouse","Coolhouse",0,3,NA,NA,NA,NA
"per_cell_all_cells_OLS","all_cells_slope","Southern","occurrence10_k3_tropical_temperate_polar","Coldhouse","Transitional",0,2,NA,NA,NA,NA
"per_cell_all_cells_OLS","all_cells_slope","Southern","occurrence10_k3_tropical_temperate_polar","Coldhouse","Warmhouse",0,2,NA,NA,NA,NA
"per_cell_all_cells_OLS","all_cells_slope","Southern","occurrence10_k3_tropical_temperate_polar","Coldhouse","Hothouse",0,2,NA,NA,NA,NA
"per_cell_all_cells_OLS","all_cells_slope","Southern","collection5_k1_tropical_temperate","Coldhouse","Hothouse",11,13,-0.479509538602183,22,0.00226353266969846,0.0226353266969846
"per_cell_all_cells_OLS","all_cells_slope","Southern","collection5_k1_tropical_temperate","Coolhouse","Hothouse",16,13,-0.389066386251381,50,0.00948473980409763,0.0316157993469921
"per_cell_all_cells_OLS","all_cells_slope","Southern","collection5_k1_tropical_temperate","Transitional","Hothouse",15,13,-0.314692303905839,44,0.00731393893311632,0.0316157993469921
"per_cell_all_cells_OLS","all_cells_slope","Southern","collection5_k1_tropical_temperate","Warmhouse","Hothouse",11,13,-0.204999469221935,33,0.0138471857972601,0.0346179644931503
"per_cell_all_cells_OLS","all_cells_slope","Southern","collection5_k1_tropical_temperate","Coldhouse","Warmhouse",11,11,-0.274510069380248,33,0.0381180578072822,0.0762361156145644
"per_cell_all_cells_OLS","all_cells_slope","Southern","collection5_k1_tropical_temperate","Coolhouse","Warmhouse",16,11,-0.184066917029447,58,0.0727352786323032,0.121225464387172
"per_cell_all_cells_OLS","all_cells_slope","Southern","collection5_k1_tropical_temperate","Coldhouse","Transitional",11,15,-0.164817234696343,57,0.0972299051017488,0.13889986443107
"per_cell_all_cells_OLS","all_cells_slope","Southern","collection5_k1_tropical_temperate","Coldhouse","Coolhouse",11,16,-0.0904431523508015,67,0.155864498124165,0.194830622655206
"per_cell_all_cells_OLS","all_cells_slope","Southern","collection5_k1_tropical_temperate","Coolhouse","Transitional",16,15,-0.0743740823455418,96,0.176465516538108,0.196072796153454
"per_cell_all_cells_OLS","all_cells_slope","Southern","collection5_k1_tropical_temperate","Transitional","Warmhouse",15,11,-0.109692834683905,70,0.266708256736347,0.266708256736347
"per_cell_all_cells_OLS","all_cells_slope","Southern","collection5_k1_tropical_temperate_polar","Coolhouse","Hothouse",9,7,-0.434521887988798,0,0.000516487754803409,0.00373898948174397
"per_cell_all_cells_OLS","all_cells_slope","Southern","collection5_k1_tropical_temperate_polar","Transitional","Hothouse",9,7,-0.32271115247223,1,0.000747797896348794,0.00373898948174397
"per_cell_all_cells_OLS","all_cells_slope","Southern","collection5_k1_tropical_temperate_polar","Warmhouse","Hothouse",7,7,-0.204999469221935,2,0.00246895273545365,0.00822984245151218
"per_cell_all_cells_OLS","all_cells_slope","Southern","collection5_k1_tropical_temperate_polar","Coolhouse","Warmhouse",9,7,-0.229522418766863,7,0.00553582227659594,0.0138395556914899
"per_cell_all_cells_OLS","all_cells_slope","Southern","collection5_k1_tropical_temperate_polar","Coldhouse","Hothouse",4,7,-0.335118636562486,4,0.0363004697249787,0.0726009394499574
"per_cell_all_cells_OLS","all_cells_slope","Southern","collection5_k1_tropical_temperate_polar","Coolhouse","Transitional",9,9,-0.111810735516568,25,0.0926631520992898,0.145720116871908
"per_cell_all_cells_OLS","all_cells_slope","Southern","collection5_k1_tropical_temperate_polar","Transitional","Warmhouse",9,7,-0.117711683250295,19,0.102004081810336,0.145720116871908
"per_cell_all_cells_OLS","all_cells_slope","Southern","collection5_k1_tropical_temperate_polar","Coldhouse","Warmhouse",4,7,-0.130119167340551,10,0.254165786776073,0.317707233470091
"per_cell_all_cells_OLS","all_cells_slope","Southern","collection5_k1_tropical_temperate_polar","Coldhouse","Transitional",4,9,-0.0124074840902559,18,0.530748557610764,0.589720619567516
"per_cell_all_cells_OLS","all_cells_slope","Southern","collection5_k1_tropical_temperate_polar","Coldhouse","Coolhouse",4,9,0.0994032514263124,23,0.801967089645531,0.801967089645531
"per_cell_all_cells_OLS","all_cells_slope","Southern","collection5_k2_tropical_temperate","Coldhouse","Hothouse",4,6,-0.899427245379586,0,0.00710701943454103,0.0236900647818034
"per_cell_all_cells_OLS","all_cells_slope","Southern","collection5_k2_tropical_temperate","Transitional","Hothouse",7,6,-0.500907486858443,2,0.00411048566034429,0.0236900647818034
"per_cell_all_cells_OLS","all_cells_slope","Southern","collection5_k2_tropical_temperate","Warmhouse","Hothouse",7,6,-0.470555704918773,3,0.00620966532577613,0.0236900647818034
"per_cell_all_cells_OLS","all_cells_slope","Southern","collection5_k2_tropical_temperate","Coolhouse","Hothouse",10,6,-0.506572166193854,12,0.0288387219082096,0.0720968047705239
"per_cell_all_cells_OLS","all_cells_slope","Southern","collection5_k2_tropical_temperate","Coldhouse","Coolhouse",4,10,-0.392855079185732,11,0.114665971195824,0.19110995199304
"per_cell_all_cells_OLS","all_cells_slope","Southern","collection5_k2_tropical_temperate","Coldhouse","Warmhouse",4,7,-0.428871540460813,7,0.109651324839659,0.19110995199304
"per_cell_all_cells_OLS","all_cells_slope","Southern","collection5_k2_tropical_temperate","Coldhouse","Transitional",4,7,-0.398519758521143,10,0.254165786776073,0.363093981108675
"per_cell_all_cells_OLS","all_cells_slope","Southern","collection5_k2_tropical_temperate","Transitional","Warmhouse",7,7,-0.0303517819396701,20,0.304640079652051,0.380800099565064
"per_cell_all_cells_OLS","all_cells_slope","Southern","collection5_k2_tropical_temperate","Coolhouse","Warmhouse",10,7,-0.0360164612750812,35,0.519458668027414,0.577176297808237
"per_cell_all_cells_OLS","all_cells_slope","Southern","collection5_k2_tropical_temperate","Coolhouse","Transitional",10,7,-0.00566467933541109,41,0.737068905657617,0.737068905657617
"per_cell_all_cells_OLS","all_cells_slope","Southern","collection5_k2_tropical_temperate_polar","Coolhouse","Hothouse",6,3,-0.389066386251381,0,0.0140929010739537,0.0808555983700523
"per_cell_all_cells_OLS","all_cells_slope","Southern","collection5_k2_tropical_temperate_polar","Transitional","Hothouse",3,3,-0.324246422347538,0,0.0404277991850261,0.0808555983700523
"per_cell_all_cells_OLS","all_cells_slope","Southern","collection5_k2_tropical_temperate_polar","Warmhouse","Hothouse",3,3,-0.177314026956946,0,0.0404277991850261,0.0808555983700523
"per_cell_all_cells_OLS","all_cells_slope","Southern","collection5_k2_tropical_temperate_polar","Coolhouse","Warmhouse",6,3,-0.211752359294435,5,0.18307828009703,0.274617420145545
"per_cell_all_cells_OLS","all_cells_slope","Southern","collection5_k2_tropical_temperate_polar","Coolhouse","Transitional",6,3,-0.0648199639038435,7,0.349267679151669,0.349267679151669
"per_cell_all_cells_OLS","all_cells_slope","Southern","collection5_k2_tropical_temperate_polar","Transitional","Warmhouse",3,3,-0.146932395390592,3,0.331260291770029,0.349267679151669
"per_cell_all_cells_OLS","all_cells_slope","Southern","collection5_k2_tropical_temperate_polar","Coldhouse","Coolhouse",1,6,0.136157973800443,NA,NA,NA
"per_cell_all_cells_OLS","all_cells_slope","Southern","collection5_k2_tropical_temperate_polar","Coldhouse","Transitional",1,3,0.0713380098965996,NA,NA,NA
"per_cell_all_cells_OLS","all_cells_slope","Southern","collection5_k2_tropical_temperate_polar","Coldhouse","Warmhouse",1,3,-0.0755943854939923,NA,NA,NA
"per_cell_all_cells_OLS","all_cells_slope","Southern","collection5_k2_tropical_temperate_polar","Coldhouse","Hothouse",1,3,-0.252908412450938,NA,NA,NA
"per_cell_all_cells_OLS","all_cells_slope","Southern","collection5_k3_tropical_temperate","Coolhouse","Hothouse",5,4,-0.517217306028403,2,0.0330962898610967,0.0661925797221935
"per_cell_all_cells_OLS","all_cells_slope","Southern","collection5_k3_tropical_temperate","Transitional","Hothouse",4,4,-0.516123407903196,1,0.030300984856003,0.0661925797221935
"per_cell_all_cells_OLS","all_cells_slope","Southern","collection5_k3_tropical_temperate","Warmhouse","Hothouse",4,4,-0.398401882396291,1,0.030300984856003,0.0661925797221935
"per_cell_all_cells_OLS","all_cells_slope","Southern","collection5_k3_tropical_temperate","Coolhouse","Warmhouse",5,4,-0.118815423632112,7,0.27014568730371,0.399003325261217
"per_cell_all_cells_OLS","all_cells_slope","Southern","collection5_k3_tropical_temperate","Transitional","Warmhouse",4,4,-0.117721525506905,6,0.332502771051015,0.399003325261217
"per_cell_all_cells_OLS","all_cells_slope","Southern","collection5_k3_tropical_temperate","Coolhouse","Transitional",5,4,-0.00109389812520694,11,0.643348413060771,0.643348413060771
"per_cell_all_cells_OLS","all_cells_slope","Southern","collection5_k3_tropical_temperate","Coldhouse","Coolhouse",0,5,NA,NA,NA,NA
"per_cell_all_cells_OLS","all_cells_slope","Southern","collection5_k3_tropical_temperate","Coldhouse","Transitional",0,4,NA,NA,NA,NA
"per_cell_all_cells_OLS","all_cells_slope","Southern","collection5_k3_tropical_temperate","Coldhouse","Warmhouse",0,4,NA,NA,NA,NA
"per_cell_all_cells_OLS","all_cells_slope","Southern","collection5_k3_tropical_temperate","Coldhouse","Hothouse",0,4,NA,NA,NA,NA
"per_cell_all_cells_OLS","all_cells_slope","Southern","collection5_k3_tropical_temperate_polar","Coolhouse","Hothouse",3,2,-0.517217306028403,0,0.0744573365893828,0.0744573365893828
"per_cell_all_cells_OLS","all_cells_slope","Southern","collection5_k3_tropical_temperate_polar","Coldhouse","Coolhouse",0,3,NA,NA,NA,NA
"per_cell_all_cells_OLS","all_cells_slope","Southern","collection5_k3_tropical_temperate_polar","Coldhouse","Transitional",0,1,NA,NA,NA,NA
"per_cell_all_cells_OLS","all_cells_slope","Southern","collection5_k3_tropical_temperate_polar","Coldhouse","Warmhouse",0,1,NA,NA,NA,NA
"per_cell_all_cells_OLS","all_cells_slope","Southern","collection5_k3_tropical_temperate_polar","Coldhouse","Hothouse",0,2,NA,NA,NA,NA
"per_cell_all_cells_OLS","all_cells_slope","Southern","collection5_k3_tropical_temperate_polar","Coolhouse","Transitional",3,1,-0.142735516710712,NA,NA,NA
"per_cell_all_cells_OLS","all_cells_slope","Southern","collection5_k3_tropical_temperate_polar","Coolhouse","Warmhouse",3,1,-0.215314168820159,NA,NA,NA
"per_cell_all_cells_OLS","all_cells_slope","Southern","collection5_k3_tropical_temperate_polar","Transitional","Warmhouse",1,1,-0.0725786521094468,NA,NA,NA
"per_cell_all_cells_OLS","all_cells_slope","Southern","collection5_k3_tropical_temperate_polar","Transitional","Hothouse",1,2,-0.374481789317691,NA,NA,NA
"per_cell_all_cells_OLS","all_cells_slope","Southern","collection5_k3_tropical_temperate_polar","Warmhouse","Hothouse",1,2,-0.301903137208244,NA,NA,NA
"per_cell_all_cells_OLS","all_cells_slope","Southern","collection10_k1_tropical_temperate","Coolhouse","Hothouse",15,10,-0.895414694016016,24,0.00254536381609496,0.0254536381609496
"per_cell_all_cells_OLS","all_cells_slope","Southern","collection10_k1_tropical_temperate","Coldhouse","Hothouse",5,10,-1.00454246564532,7,0.0160443669891157,0.0757267278904107
"per_cell_all_cells_OLS","all_cells_slope","Southern","collection10_k1_tropical_temperate","Warmhouse","Hothouse",7,10,-0.57050669920214,14,0.0227180183671232,0.0757267278904107
"per_cell_all_cells_OLS","all_cells_slope","Southern","collection10_k1_tropical_temperate","Coolhouse","Warmhouse",15,7,-0.324907994813876,27,0.0390119765676398,0.0975299414190995
"per_cell_all_cells_OLS","all_cells_slope","Southern","collection10_k1_tropical_temperate","Coldhouse","Warmhouse",5,7,-0.434035766443182,8,0.0719259348274268,0.127534903465683
"per_cell_all_cells_OLS","all_cells_slope","Southern","collection10_k1_tropical_temperate","Transitional","Hothouse",9,10,-0.657140431600296,27,0.0765209420794101,0.127534903465683
"per_cell_all_cells_OLS","all_cells_slope","Southern","collection10_k1_tropical_temperate","Coolhouse","Transitional",15,9,-0.23827426241572,47,0.116518991136953,0.166455701624218
"per_cell_all_cells_OLS","all_cells_slope","Southern","collection10_k1_tropical_temperate","Coldhouse","Transitional",5,9,-0.347402034045025,16,0.211855398583397,0.264819248229246
"per_cell_all_cells_OLS","all_cells_slope","Southern","collection10_k1_tropical_temperate","Transitional","Warmhouse",9,7,-0.0866337323981561,27,0.33599993550481,0.373333261672011
"per_cell_all_cells_OLS","all_cells_slope","Southern","collection10_k1_tropical_temperate","Coldhouse","Coolhouse",5,15,-0.109127771629305,38,0.534778368497626,0.534778368497626
"per_cell_all_cells_OLS","all_cells_slope","Southern","collection10_k1_tropical_temperate_polar","Coolhouse","Hothouse",7,3,-0.87459690551931,0,0.0113272470400447,0.0863832120298495
"per_cell_all_cells_OLS","all_cells_slope","Southern","collection10_k1_tropical_temperate_polar","Transitional","Hothouse",5,3,-0.814538723469384,0,0.0184442128535249,0.0863832120298495
"per_cell_all_cells_OLS","all_cells_slope","Southern","collection10_k1_tropical_temperate_polar","Warmhouse","Hothouse",4,3,-0.616084655122874,0,0.0259149636089548,0.0863832120298495
"per_cell_all_cells_OLS","all_cells_slope","Southern","collection10_k1_tropical_temperate_polar","Coolhouse","Warmhouse",7,4,-0.258512250396435,4,0.0363004697249787,0.0907511743124467
"per_cell_all_cells_OLS","all_cells_slope","Southern","collection10_k1_tropical_temperate_polar","Coldhouse","Hothouse",2,3,-0.611708355865721,0,0.0744573365893828,0.148257995822485
"per_cell_all_cells_OLS","all_cells_slope","Southern","collection10_k1_tropical_temperate_polar","Transitional","Warmhouse",5,4,-0.19845406834651,4,0.0889547974934913,0.148257995822485
"per_cell_all_cells_OLS","all_cells_slope","Southern","collection10_k1_tropical_temperate_polar","Coolhouse","Transitional",7,5,-0.0600581820499254,14,0.313058739958369,0.447226771369099
"per_cell_all_cells_OLS","all_cells_slope","Southern","collection10_k1_tropical_temperate_polar","Coldhouse","Warmhouse",2,4,0.00437629925715355,5,0.756273354817983,0.945341693522478
"per_cell_all_cells_OLS","all_cells_slope","Southern","collection10_k1_tropical_temperate_polar","Coldhouse","Coolhouse",2,7,0.262888549653589,14,0.985945979926424,0.985945979926424
"per_cell_all_cells_OLS","all_cells_slope","Southern","collection10_k1_tropical_temperate_polar","Coldhouse","Transitional",2,5,0.202830367603663,9,0.959319435382962,0.985945979926424
"per_cell_all_cells_OLS","all_cells_slope","Southern","collection10_k2_tropical_temperate","Coolhouse","Hothouse",8,3,-0.800774406696465,2,0.0262397497796233,0.0787192493388699
"per_cell_all_cells_OLS","all_cells_slope","Southern","collection10_k2_tropical_temperate","Warmhouse","Hothouse",7,3,-0.586431371189069,1,0.0201193385598797,0.0787192493388699
"per_cell_all_cells_OLS","all_cells_slope","Southern","collection10_k2_tropical_temperate","Transitional","Hothouse",6,3,-0.743801913528305,3,0.077790173896099,0.155580347792198
"per_cell_all_cells_OLS","all_cells_slope","Southern","collection10_k2_tropical_temperate","Transitional","Warmhouse",6,7,-0.157370542339236,14,0.176555617253003,0.264833425879504
"per_cell_all_cells_OLS","all_cells_slope","Southern","collection10_k2_tropical_temperate","Coolhouse","Warmhouse",8,7,-0.214343035507396,22,0.262224860903042,0.314669833083651
"per_cell_all_cells_OLS","all_cells_slope","Southern","collection10_k2_tropical_temperate","Coolhouse","Transitional",8,6,-0.0569724931681601,22,0.423225298438295,0.423225298438295
"per_cell_all_cells_OLS","all_cells_slope","Southern","collection10_k2_tropical_temperate","Coldhouse","Coolhouse",1,8,0.161032605555716,NA,NA,NA
"per_cell_all_cells_OLS","all_cells_slope","Southern","collection10_k2_tropical_temperate","Coldhouse","Transitional",1,6,0.104060112387556,NA,NA,NA
"per_cell_all_cells_OLS","all_cells_slope","Southern","collection10_k2_tropical_temperate","Coldhouse","Warmhouse",1,7,-0.05331042995168,NA,NA,NA
"per_cell_all_cells_OLS","all_cells_slope","Southern","collection10_k2_tropical_temperate","Coldhouse","Hothouse",1,3,-0.639741801140749,NA,NA,NA
"per_cell_all_cells_OLS","all_cells_slope","Southern","collection10_k2_tropical_temperate_polar","Coolhouse","Hothouse",3,2,-0.615583947452383,0,0.0744573365893828,0.223372009768148
"per_cell_all_cells_OLS","all_cells_slope","Southern","collection10_k2_tropical_temperate_polar","Warmhouse","Hothouse",3,2,-0.415280274744621,0,0.0744573365893828,0.223372009768148
"per_cell_all_cells_OLS","all_cells_slope","Southern","collection10_k2_tropical_temperate_polar","Transitional","Hothouse",2,2,-0.808072138202292,0,0.122639058403386,0.245278116806773
"per_cell_all_cells_OLS","all_cells_slope","Southern","collection10_k2_tropical_temperate_polar","Transitional","Warmhouse",2,3,-0.39279186345767,1,0.193238115385616,0.289857173078424
"per_cell_all_cells_OLS","all_cells_slope","Southern","collection10_k2_tropical_temperate_polar","Coolhouse","Warmhouse",3,3,-0.200303672707762,3,0.331260291770029,0.397512350124034
"per_cell_all_cells_OLS","all_cells_slope","Southern","collection10_k2_tropical_temperate_polar","Coolhouse","Transitional",3,2,0.192488190749908,3,0.613585003657776,0.613585003657776
"per_cell_all_cells_OLS","all_cells_slope","Southern","collection10_k2_tropical_temperate_polar","Coldhouse","Coolhouse",0,3,NA,NA,NA,NA
"per_cell_all_cells_OLS","all_cells_slope","Southern","collection10_k2_tropical_temperate_polar","Coldhouse","Transitional",0,2,NA,NA,NA,NA
"per_cell_all_cells_OLS","all_cells_slope","Southern","collection10_k2_tropical_temperate_polar","Coldhouse","Warmhouse",0,3,NA,NA,NA,NA
"per_cell_all_cells_OLS","all_cells_slope","Southern","collection10_k2_tropical_temperate_polar","Coldhouse","Hothouse",0,2,NA,NA,NA,NA
"per_cell_all_cells_OLS","all_cells_slope","Southern","collection10_k3_tropical_temperate","Warmhouse","Hothouse",4,2,-0.412696791482824,1,0.123579986605954,0.123579986605954
"per_cell_all_cells_OLS","all_cells_slope","Southern","collection10_k3_tropical_temperate","Coldhouse","Coolhouse",0,1,NA,NA,NA,NA
"per_cell_all_cells_OLS","all_cells_slope","Southern","collection10_k3_tropical_temperate","Coldhouse","Transitional",0,1,NA,NA,NA,NA
"per_cell_all_cells_OLS","all_cells_slope","Southern","collection10_k3_tropical_temperate","Coldhouse","Warmhouse",0,4,NA,NA,NA,NA
"per_cell_all_cells_OLS","all_cells_slope","Southern","collection10_k3_tropical_temperate","Coldhouse","Hothouse",0,2,NA,NA,NA,NA
"per_cell_all_cells_OLS","all_cells_slope","Southern","collection10_k3_tropical_temperate","Coolhouse","Transitional",1,1,1.73046158209463,NA,NA,NA
"per_cell_all_cells_OLS","all_cells_slope","Southern","collection10_k3_tropical_temperate","Coolhouse","Warmhouse",1,4,0.208054691374968,NA,NA,NA
"per_cell_all_cells_OLS","all_cells_slope","Southern","collection10_k3_tropical_temperate","Coolhouse","Hothouse",1,2,-0.204642100107855,NA,NA,NA
"per_cell_all_cells_OLS","all_cells_slope","Southern","collection10_k3_tropical_temperate","Transitional","Warmhouse",1,4,-1.52240689071966,NA,NA,NA
"per_cell_all_cells_OLS","all_cells_slope","Southern","collection10_k3_tropical_temperate","Transitional","Hothouse",1,2,-1.93510368220248,NA,NA,NA
"per_cell_all_cells_OLS","all_cells_slope","Southern","collection10_k3_tropical_temperate_polar","Coldhouse","Coolhouse",0,0,NA,NA,NA,NA
"per_cell_all_cells_OLS","all_cells_slope","Southern","collection10_k3_tropical_temperate_polar","Coldhouse","Transitional",0,0,NA,NA,NA,NA
"per_cell_all_cells_OLS","all_cells_slope","Southern","collection10_k3_tropical_temperate_polar","Coldhouse","Warmhouse",0,0,NA,NA,NA,NA
"per_cell_all_cells_OLS","all_cells_slope","Southern","collection10_k3_tropical_temperate_polar","Coldhouse","Hothouse",0,2,NA,NA,NA,NA
"per_cell_all_cells_OLS","all_cells_slope","Southern","collection10_k3_tropical_temperate_polar","Coolhouse","Transitional",0,0,NA,NA,NA,NA
"per_cell_all_cells_OLS","all_cells_slope","Southern","collection10_k3_tropical_temperate_polar","Coolhouse","Warmhouse",0,0,NA,NA,NA,NA
"per_cell_all_cells_OLS","all_cells_slope","Southern","collection10_k3_tropical_temperate_polar","Coolhouse","Hothouse",0,2,NA,NA,NA,NA
"per_cell_all_cells_OLS","all_cells_slope","Southern","collection10_k3_tropical_temperate_polar","Transitional","Warmhouse",0,0,NA,NA,NA,NA
"per_cell_all_cells_OLS","all_cells_slope","Southern","collection10_k3_tropical_temperate_polar","Transitional","Hothouse",0,2,NA,NA,NA,NA
"per_cell_all_cells_OLS","all_cells_slope","Southern","collection10_k3_tropical_temperate_polar","Warmhouse","Hothouse",0,2,NA,NA,NA,NA
"per_cell_balanced_resampling_OLS","median_resampled_slope","Combined","occurrence5_k1_tropical_temperate","Coldhouse","Warmhouse",25,26,-0.444023197863101,135,0.000178080620933268,0.00178080620933268
"per_cell_balanced_resampling_OLS","median_resampled_slope","Combined","occurrence5_k1_tropical_temperate","Coldhouse","Transitional",25,32,-0.340131937351141,202,0.000746261542689704,0.00373130771344852
"per_cell_balanced_resampling_OLS","median_resampled_slope","Combined","occurrence5_k1_tropical_temperate","Coldhouse","Hothouse",25,25,-0.372878855828837,167,0.00245093051913713,0.00816976839712378
"per_cell_balanced_resampling_OLS","median_resampled_slope","Combined","occurrence5_k1_tropical_temperate","Coolhouse","Warmhouse",32,26,-0.198129998810309,262,0.00819752451930653,0.0204938112982663
"per_cell_balanced_resampling_OLS","median_resampled_slope","Combined","occurrence5_k1_tropical_temperate","Coldhouse","Coolhouse",25,32,-0.245893199052792,263,0.0140764048958882,0.0281528097917764
"per_cell_balanced_resampling_OLS","median_resampled_slope","Combined","occurrence5_k1_tropical_temperate","Coolhouse","Hothouse",32,25,-0.126985656776045,287,0.0352107528999194,0.0586845881665323
"per_cell_balanced_resampling_OLS","median_resampled_slope","Combined","occurrence5_k1_tropical_temperate","Coolhouse","Transitional",32,32,-0.0942387382983488,384,0.0434518246616926,0.0620740352309894
"per_cell_balanced_resampling_OLS","median_resampled_slope","Combined","occurrence5_k1_tropical_temperate","Transitional","Warmhouse",32,26,-0.10389126051196,336,0.106934468296982,0.133668085371228
"per_cell_balanced_resampling_OLS","median_resampled_slope","Combined","occurrence5_k1_tropical_temperate","Transitional","Hothouse",32,25,-0.0327469184776958,364,0.284033740967768,0.315593045519743
"per_cell_balanced_resampling_OLS","median_resampled_slope","Combined","occurrence5_k1_tropical_temperate","Warmhouse","Hothouse",26,25,0.0711443420342647,344,0.643348413060771,0.643348413060771
"per_cell_balanced_resampling_OLS","median_resampled_slope","Combined","occurrence5_k1_tropical_temperate_polar","Coldhouse","Warmhouse",10,18,-0.442817774828085,32,0.00291748493116431,0.0128616690334732
"per_cell_balanced_resampling_OLS","median_resampled_slope","Combined","occurrence5_k1_tropical_temperate_polar","Coldhouse","Hothouse",10,14,-0.489872084195117,24,0.00385850071004195,0.0128616690334732
"per_cell_balanced_resampling_OLS","median_resampled_slope","Combined","occurrence5_k1_tropical_temperate_polar","Coolhouse","Hothouse",20,14,-0.240125251963879,54,0.00138634086111521,0.0128616690334732
"per_cell_balanced_resampling_OLS","median_resampled_slope","Combined","occurrence5_k1_tropical_temperate_polar","Coolhouse","Warmhouse",20,18,-0.193070942596847,92,0.00526250465383044,0.0131562616345761
"per_cell_balanced_resampling_OLS","median_resampled_slope","Combined","occurrence5_k1_tropical_temperate_polar","Coldhouse","Transitional",10,18,-0.290136095643445,39,0.00773277392937214,0.0154655478587443
"per_cell_balanced_resampling_OLS","median_resampled_slope","Combined","occurrence5_k1_tropical_temperate_polar","Transitional","Hothouse",18,14,-0.199735988551672,74,0.025213544722365,0.0420225745372751
"per_cell_balanced_resampling_OLS","median_resampled_slope","Combined","occurrence5_k1_tropical_temperate_polar","Coldhouse","Coolhouse",10,20,-0.249746832231238,64,0.0591685250320674,0.0845264643315249
"per_cell_balanced_resampling_OLS","median_resampled_slope","Combined","occurrence5_k1_tropical_temperate_polar","Coolhouse","Transitional",20,18,-0.0403892634122074,132,0.0824657697991613,0.0937418015864382
"per_cell_balanced_resampling_OLS","median_resampled_slope","Combined","occurrence5_k1_tropical_temperate_polar","Transitional","Warmhouse",18,18,-0.15268167918464,118,0.0843676214277944,0.0937418015864382
"per_cell_balanced_resampling_OLS","median_resampled_slope","Combined","occurrence5_k1_tropical_temperate_polar","Warmhouse","Hothouse",18,14,-0.047054309367032,96,0.131226456044016,0.131226456044016
"per_cell_balanced_resampling_OLS","median_resampled_slope","Combined","occurrence5_k2_tropical_temperate","Coldhouse","Hothouse",18,18,-0.439303021079557,45,0.000113949309757733,0.00113949309757733
"per_cell_balanced_resampling_OLS","median_resampled_slope","Combined","occurrence5_k2_tropical_temperate","Coldhouse","Warmhouse",18,19,-0.443524405696127,57,0.000281429023302191,0.00140714511651096
"per_cell_balanced_resampling_OLS","median_resampled_slope","Combined","occurrence5_k2_tropical_temperate","Coldhouse","Transitional",18,21,-0.366989530267846,72,0.000515339351241643,0.00171779783747214
"per_cell_balanced_resampling_OLS","median_resampled_slope","Combined","occurrence5_k2_tropical_temperate","Coldhouse","Coolhouse",18,24,-0.305209020397206,113,0.00459124784149678,0.0114781196037419
"per_cell_balanced_resampling_OLS","median_resampled_slope","Combined","occurrence5_k2_tropical_temperate","Coolhouse","Hothouse",24,18,-0.134094000682351,138,0.0244321846758395,0.048864369351679
"per_cell_balanced_resampling_OLS","median_resampled_slope","Combined","occurrence5_k2_tropical_temperate","Coolhouse","Warmhouse",24,19,-0.138315385298921,176,0.103929647499183,0.173108026795427
"per_cell_balanced_resampling_OLS","median_resampled_slope","Combined","occurrence5_k2_tropical_temperate","Transitional","Hothouse",21,18,-0.0723134908117117,147,0.121175618756799,0.173108026795427
"per_cell_balanced_resampling_OLS","median_resampled_slope","Combined","occurrence5_k2_tropical_temperate","Coolhouse","Transitional",24,21,-0.0617805098706397,208,0.161170345279765,0.201462931599706
"per_cell_balanced_resampling_OLS","median_resampled_slope","Combined","occurrence5_k2_tropical_temperate","Warmhouse","Hothouse",19,18,0.00422138461656945,145,0.219209766579367,0.243566407310408
"per_cell_balanced_resampling_OLS","median_resampled_slope","Combined","occurrence5_k2_tropical_temperate","Transitional","Warmhouse",21,19,-0.0765348754282811,189,0.393257180743246,0.393257180743246
"per_cell_balanced_resampling_OLS","median_resampled_slope","Combined","occurrence5_k2_tropical_temperate_polar","Coldhouse","Coolhouse",6,12,-0.261179586367559,11,0.0108770185207725,0.0362567284025749
"per_cell_balanced_resampling_OLS","median_resampled_slope","Combined","occurrence5_k2_tropical_temperate_polar","Coldhouse","Warmhouse",6,12,-0.373805949789284,8,0.00500315776345898,0.0362567284025749
"per_cell_balanced_resampling_OLS","median_resampled_slope","Combined","occurrence5_k2_tropical_temperate_polar","Coldhouse","Hothouse",6,10,-0.455471650039236,8,0.00985028188438878,0.0362567284025749
"per_cell_balanced_resampling_OLS","median_resampled_slope","Combined","occurrence5_k2_tropical_temperate_polar","Coldhouse","Transitional",6,8,-0.287682880189548,9,0.030607317477301,0.0697861333876991
"per_cell_balanced_resampling_OLS","median_resampled_slope","Combined","occurrence5_k2_tropical_temperate_polar","Coolhouse","Hothouse",12,10,-0.194292063671677,32,0.0348930666938495,0.0697861333876991
"per_cell_balanced_resampling_OLS","median_resampled_slope","Combined","occurrence5_k2_tropical_temperate_polar","Transitional","Hothouse",8,10,-0.167788769849688,22,0.059983061452921,0.0999717690882017
"per_cell_balanced_resampling_OLS","median_resampled_slope","Combined","occurrence5_k2_tropical_temperate_polar","Coolhouse","Warmhouse",12,12,-0.112626363421725,56,0.185422166652111,0.227672993517187
"per_cell_balanced_resampling_OLS","median_resampled_slope","Combined","occurrence5_k2_tropical_temperate_polar","Transitional","Warmhouse",8,12,-0.0861230695997365,36,0.187473703428313,0.227672993517187
"per_cell_balanced_resampling_OLS","median_resampled_slope","Combined","occurrence5_k2_tropical_temperate_polar","Warmhouse","Hothouse",12,10,-0.0816657002499514,47,0.204905694165468,0.227672993517187
"per_cell_balanced_resampling_OLS","median_resampled_slope","Combined","occurrence5_k2_tropical_temperate_polar","Coolhouse","Transitional",12,8,-0.0265032938219886,43,0.364227094505332,0.364227094505332
"per_cell_balanced_resampling_OLS","median_resampled_slope","Combined","occurrence5_k3_tropical_temperate","Coldhouse","Warmhouse",7,12,-0.39529436044446,7,0.00177399053938254,0.0177399053938254
"per_cell_balanced_resampling_OLS","median_resampled_slope","Combined","occurrence5_k3_tropical_temperate","Coldhouse","Hothouse",7,10,-0.398927103152352,9,0.00641334682274272,0.0320667341137136
"per_cell_balanced_resampling_OLS","median_resampled_slope","Combined","occurrence5_k3_tropical_temperate","Coldhouse","Transitional",7,14,-0.334856853803484,19,0.0138737140509225,0.040999309034003
"per_cell_balanced_resampling_OLS","median_resampled_slope","Combined","occurrence5_k3_tropical_temperate","Coolhouse","Warmhouse",14,12,-0.22017185765136,42,0.0163997236136012,0.040999309034003
"per_cell_balanced_resampling_OLS","median_resampled_slope","Combined","occurrence5_k3_tropical_temperate","Coolhouse","Hothouse",14,10,-0.223804600359252,37,0.0285199371245278,0.0570398742490555
"per_cell_balanced_resampling_OLS","median_resampled_slope","Combined","occurrence5_k3_tropical_temperate","Coldhouse","Coolhouse",7,14,-0.1751225027931,31,0.095847301025944,0.136924715751349
"per_cell_balanced_resampling_OLS","median_resampled_slope","Combined","occurrence5_k3_tropical_temperate","Coolhouse","Transitional",14,14,-0.159734351010384,68,0.0876360696056396,0.136924715751349
"per_cell_balanced_resampling_OLS","median_resampled_slope","Combined","occurrence5_k3_tropical_temperate","Transitional","Warmhouse",14,12,-0.0604375066409757,65,0.170665840250346,0.213332300312932
"per_cell_balanced_resampling_OLS","median_resampled_slope","Combined","occurrence5_k3_tropical_temperate","Transitional","Hothouse",14,10,-0.064070249348868,56,0.214624023571839,0.238471137302044
"per_cell_balanced_resampling_OLS","median_resampled_slope","Combined","occurrence5_k3_tropical_temperate","Warmhouse","Hothouse",12,10,-0.00363274270789221,59,0.486849644868423,0.486849644868423
"per_cell_balanced_resampling_OLS","median_resampled_slope","Combined","occurrence5_k3_tropical_temperate_polar","Coldhouse","Coolhouse",2,7,-0.350215680480034,0,0.0285199371245278,0.108197247523702
"per_cell_balanced_resampling_OLS","median_resampled_slope","Combined","occurrence5_k3_tropical_temperate_polar","Coldhouse","Warmhouse",2,7,-0.522436810902684,0,0.0285199371245278,0.108197247523702
"per_cell_balanced_resampling_OLS","median_resampled_slope","Combined","occurrence5_k3_tropical_temperate_polar","Coldhouse","Hothouse",2,4,-0.558685043690815,0,0.0525962525600207,0.108197247523702
"per_cell_balanced_resampling_OLS","median_resampled_slope","Combined","occurrence5_k3_tropical_temperate_polar","Coolhouse","Warmhouse",7,7,-0.17222113042265,11,0.0483487838088181,0.108197247523702
"per_cell_balanced_resampling_OLS","median_resampled_slope","Combined","occurrence5_k3_tropical_temperate_polar","Coolhouse","Hothouse",7,4,-0.208469363210781,5,0.0540986237618508,0.108197247523702
"per_cell_balanced_resampling_OLS","median_resampled_slope","Combined","occurrence5_k3_tropical_temperate_polar","Transitional","Warmhouse",4,7,-0.165697573015205,6,0.0781878608798223,0.13031310146637
"per_cell_balanced_resampling_OLS","median_resampled_slope","Combined","occurrence5_k3_tropical_temperate_polar","Transitional","Hothouse",4,4,-0.201945805803335,3,0.0969654261412053,0.138522037344579
"per_cell_balanced_resampling_OLS","median_resampled_slope","Combined","occurrence5_k3_tropical_temperate_polar","Coldhouse","Transitional",2,4,-0.35673923788748,1,0.123579986605954,0.154474983257442
"per_cell_balanced_resampling_OLS","median_resampled_slope","Combined","occurrence5_k3_tropical_temperate_polar","Warmhouse","Hothouse",7,4,-0.0362482327881307,12,0.388407002077741,0.431563335641934
"per_cell_balanced_resampling_OLS","median_resampled_slope","Combined","occurrence5_k3_tropical_temperate_polar","Coolhouse","Transitional",7,4,-0.00652355740744581,16,0.6816991837182,0.6816991837182
"per_cell_balanced_resampling_OLS","median_resampled_slope","Combined","occurrence10_k1_tropical_temperate","Coldhouse","Warmhouse",24,25,-0.499464953918802,94,1.9782955868224e-05,0.00019782955868224
"per_cell_balanced_resampling_OLS","median_resampled_slope","Combined","occurrence10_k1_tropical_temperate","Coldhouse","Hothouse",24,25,-0.378775347776198,136,0.000537737421829695,0.00268868710914848
"per_cell_balanced_resampling_OLS","median_resampled_slope","Combined","occurrence10_k1_tropical_temperate","Coldhouse","Transitional",24,30,-0.348034321755426,194,0.00198217123742476,0.00660723745808252
"per_cell_balanced_resampling_OLS","median_resampled_slope","Combined","occurrence10_k1_tropical_temperate","Coolhouse","Warmhouse",31,25,-0.261360189795796,218,0.00267300825348839,0.00668252063372097
"per_cell_balanced_resampling_OLS","median_resampled_slope","Combined","occurrence10_k1_tropical_temperate","Coldhouse","Coolhouse",24,31,-0.238104764123006,248,0.0180441308378059,0.0360882616756119
"per_cell_balanced_resampling_OLS","median_resampled_slope","Combined","occurrence10_k1_tropical_temperate","Coolhouse","Hothouse",31,25,-0.140670583653191,280,0.0389044524720668,0.0648407541201114
"per_cell_balanced_resampling_OLS","median_resampled_slope","Combined","occurrence10_k1_tropical_temperate","Transitional","Warmhouse",30,25,-0.151430632163376,276,0.0479609785483898,0.0685156836405568
"per_cell_balanced_resampling_OLS","median_resampled_slope","Combined","occurrence10_k1_tropical_temperate","Coolhouse","Transitional",31,30,-0.10992955763242,373,0.093417272114091,0.116771590142614
"per_cell_balanced_resampling_OLS","median_resampled_slope","Combined","occurrence10_k1_tropical_temperate","Transitional","Hothouse",30,25,-0.0307410260207716,323,0.19201118361196,0.213345759568845
"per_cell_balanced_resampling_OLS","median_resampled_slope","Combined","occurrence10_k1_tropical_temperate","Warmhouse","Hothouse",25,25,0.120689606142605,329,0.629242761835268,0.629242761835268
"per_cell_balanced_resampling_OLS","median_resampled_slope","Combined","occurrence10_k1_tropical_temperate_polar","Coolhouse","Warmhouse",17,18,-0.224908462665474,52,0.000454957414799507,0.00454957414799507
"per_cell_balanced_resampling_OLS","median_resampled_slope","Combined","occurrence10_k1_tropical_temperate_polar","Coldhouse","Warmhouse",9,18,-0.462462430472126,28,0.00346375898861325,0.0173187949430663
"per_cell_balanced_resampling_OLS","median_resampled_slope","Combined","occurrence10_k1_tropical_temperate_polar","Coldhouse","Hothouse",9,12,-0.432063617665387,21,0.0104530928173394,0.0348436427244647
"per_cell_balanced_resampling_OLS","median_resampled_slope","Combined","occurrence10_k1_tropical_temperate_polar","Coolhouse","Hothouse",17,12,-0.194509649858734,58,0.0270389305621652,0.0626050030731386
"per_cell_balanced_resampling_OLS","median_resampled_slope","Combined","occurrence10_k1_tropical_temperate_polar","Transitional","Warmhouse",15,18,-0.273434157947848,83,0.0313025015365693,0.0626050030731386
"per_cell_balanced_resampling_OLS","median_resampled_slope","Combined","occurrence10_k1_tropical_temperate_polar","Coldhouse","Transitional",9,15,-0.189028272524278,40,0.0537023181651268,0.0895038636085447
"per_cell_balanced_resampling_OLS","median_resampled_slope","Combined","occurrence10_k1_tropical_temperate_polar","Coldhouse","Coolhouse",9,17,-0.237553967806652,54,0.117864526408176,0.168377894868823
"per_cell_balanced_resampling_OLS","median_resampled_slope","Combined","occurrence10_k1_tropical_temperate_polar","Transitional","Hothouse",15,12,-0.243035345141108,70,0.170674656977379,0.213343321221724
"per_cell_balanced_resampling_OLS","median_resampled_slope","Combined","occurrence10_k1_tropical_temperate_polar","Coolhouse","Transitional",17,15,0.048525695282374,104,0.192548530803957,0.213942812004397
"per_cell_balanced_resampling_OLS","median_resampled_slope","Combined","occurrence10_k1_tropical_temperate_polar","Warmhouse","Hothouse",18,12,0.0303988128067393,105,0.457857252576108,0.457857252576108
"per_cell_balanced_resampling_OLS","median_resampled_slope","Combined","occurrence10_k2_tropical_temperate","Coldhouse","Warmhouse",12,17,-0.341457545780243,35,0.00161649905996886,0.00915067846546728
"per_cell_balanced_resampling_OLS","median_resampled_slope","Combined","occurrence10_k2_tropical_temperate","Coldhouse","Hothouse",12,14,-0.332663529700106,27,0.00183013569309346,0.00915067846546728
"per_cell_balanced_resampling_OLS","median_resampled_slope","Combined","occurrence10_k2_tropical_temperate","Coldhouse","Coolhouse",12,22,-0.228483733633912,73,0.0175071206182418,0.0437678015456044
"per_cell_balanced_resampling_OLS","median_resampled_slope","Combined","occurrence10_k2_tropical_temperate","Coldhouse","Transitional",12,19,-0.32631873333634,60,0.0150143538682879,0.0437678015456044
"per_cell_balanced_resampling_OLS","median_resampled_slope","Combined","occurrence10_k2_tropical_temperate","Coolhouse","Hothouse",22,14,-0.104179796066195,108,0.0699083469430151,0.13981669388603
"per_cell_balanced_resampling_OLS","median_resampled_slope","Combined","occurrence10_k2_tropical_temperate","Coolhouse","Warmhouse",22,17,-0.112973812146332,138,0.0847798622813277,0.14129977046888
"per_cell_balanced_resampling_OLS","median_resampled_slope","Combined","occurrence10_k2_tropical_temperate","Coolhouse","Transitional",22,19,-0.0978349997024282,170,0.15707374600195,0.224391065717071
"per_cell_balanced_resampling_OLS","median_resampled_slope","Combined","occurrence10_k2_tropical_temperate","Transitional","Hothouse",19,14,-0.00634479636376637,108,0.186079999243173,0.232599999053966
"per_cell_balanced_resampling_OLS","median_resampled_slope","Combined","occurrence10_k2_tropical_temperate","Transitional","Warmhouse",19,17,-0.0151388124439033,138,0.233057913569632,0.233057913569632
"per_cell_balanced_resampling_OLS","median_resampled_slope","Combined","occurrence10_k2_tropical_temperate","Warmhouse","Hothouse",17,14,0.00879401608013694,100,0.231369897462823,0.233057913569632
"per_cell_balanced_resampling_OLS","median_resampled_slope","Combined","occurrence10_k2_tropical_temperate_polar","Coldhouse","Coolhouse",4,10,-0.290197283200341,5,0.0201524871812704,0.0671749572709013
"per_cell_balanced_resampling_OLS","median_resampled_slope","Combined","occurrence10_k2_tropical_temperate_polar","Coldhouse","Warmhouse",4,9,-0.415457902649141,2,0.00838522806319097,0.0671749572709013
"per_cell_balanced_resampling_OLS","median_resampled_slope","Combined","occurrence10_k2_tropical_temperate_polar","Coldhouse","Hothouse",4,5,-0.394660175162446,1,0.0186682079603315,0.0671749572709013
"per_cell_balanced_resampling_OLS","median_resampled_slope","Combined","occurrence10_k2_tropical_temperate_polar","Coldhouse","Transitional",4,8,-0.287287753122831,7,0.0744182734383547,0.127078282133559
"per_cell_balanced_resampling_OLS","median_resampled_slope","Combined","occurrence10_k2_tropical_temperate_polar","Coolhouse","Warmhouse",10,9,-0.1252606194488,28,0.0889547974934913,0.127078282133559
"per_cell_balanced_resampling_OLS","median_resampled_slope","Combined","occurrence10_k2_tropical_temperate_polar","Coolhouse","Hothouse",10,5,-0.104462891962105,13,0.0794979544386508,0.127078282133559
"per_cell_balanced_resampling_OLS","median_resampled_slope","Combined","occurrence10_k2_tropical_temperate_polar","Transitional","Warmhouse",8,9,-0.12817014952631,21,0.0814682499223287,0.127078282133559
"per_cell_balanced_resampling_OLS","median_resampled_slope","Combined","occurrence10_k2_tropical_temperate_polar","Transitional","Hothouse",8,5,-0.107372422039615,12,0.136126790531499,0.170158488164374
"per_cell_balanced_resampling_OLS","median_resampled_slope","Combined","occurrence10_k2_tropical_temperate_polar","Warmhouse","Hothouse",9,5,0.0207977274866948,19,0.344578258389676,0.382864731544084
"per_cell_balanced_resampling_OLS","median_resampled_slope","Combined","occurrence10_k2_tropical_temperate_polar","Coolhouse","Transitional",10,8,0.00290953007750983,39,0.482282352458667,0.482282352458667
"per_cell_balanced_resampling_OLS","median_resampled_slope","Combined","occurrence10_k3_tropical_temperate","Coldhouse","Warmhouse",6,10,-0.411415861506015,3,0.00202443755354081,0.0202443755354081
"per_cell_balanced_resampling_OLS","median_resampled_slope","Combined","occurrence10_k3_tropical_temperate","Coldhouse","Hothouse",6,8,-0.474119062666435,6,0.0119342210822872,0.0596711054114359
"per_cell_balanced_resampling_OLS","median_resampled_slope","Combined","occurrence10_k3_tropical_temperate","Coldhouse","Coolhouse",6,12,-0.216283464755942,17,0.0415759470427971,0.0809699662941697
"per_cell_balanced_resampling_OLS","median_resampled_slope","Combined","occurrence10_k3_tropical_temperate","Coldhouse","Transitional",6,12,-0.374133844299111,15,0.0274288919950548,0.0809699662941697
"per_cell_balanced_resampling_OLS","median_resampled_slope","Combined","occurrence10_k3_tropical_temperate","Coolhouse","Warmhouse",12,10,-0.195132396750073,34,0.0463406616261541,0.0809699662941697
"per_cell_balanced_resampling_OLS","median_resampled_slope","Combined","occurrence10_k3_tropical_temperate","Coolhouse","Hothouse",12,8,-0.257835597910494,26,0.0485819797765018,0.0809699662941697
"per_cell_balanced_resampling_OLS","median_resampled_slope","Combined","occurrence10_k3_tropical_temperate","Coolhouse","Transitional",12,12,-0.157850379543169,52,0.130118101308594,0.1645427808669
"per_cell_balanced_resampling_OLS","median_resampled_slope","Combined","occurrence10_k3_tropical_temperate","Transitional","Hothouse",12,8,-0.0999852183673247,33,0.13163422469352,0.1645427808669
"per_cell_balanced_resampling_OLS","median_resampled_slope","Combined","occurrence10_k3_tropical_temperate","Transitional","Warmhouse",12,10,-0.0372820172069039,47,0.204905694165468,0.227672993517187
"per_cell_balanced_resampling_OLS","median_resampled_slope","Combined","occurrence10_k3_tropical_temperate","Warmhouse","Hothouse",10,8,-0.0627032011604208,32,0.252580131545728,0.252580131545728
"per_cell_balanced_resampling_OLS","median_resampled_slope","Combined","occurrence10_k3_tropical_temperate_polar","Coldhouse","Coolhouse",2,3,-0.259752486197728,0,0.0744573365893828,0.248191121964609
"per_cell_balanced_resampling_OLS","median_resampled_slope","Combined","occurrence10_k3_tropical_temperate_polar","Coldhouse","Warmhouse",2,5,-0.415457902649141,0,0.0406805646170377,0.248191121964609
"per_cell_balanced_resampling_OLS","median_resampled_slope","Combined","occurrence10_k3_tropical_temperate_polar","Coldhouse","Hothouse",2,3,-0.677571241095104,0,0.0744573365893828,0.248191121964609
"per_cell_balanced_resampling_OLS","median_resampled_slope","Combined","occurrence10_k3_tropical_temperate_polar","Coolhouse","Warmhouse",3,5,-0.155705416451413,3,0.116518991136953,0.27034414065478
"per_cell_balanced_resampling_OLS","median_resampled_slope","Combined","occurrence10_k3_tropical_temperate_polar","Transitional","Warmhouse",4,5,-0.12817014952631,5,0.13517207032739,0.27034414065478
"per_cell_balanced_resampling_OLS","median_resampled_slope","Combined","occurrence10_k3_tropical_temperate_polar","Transitional","Hothouse",4,3,-0.390283487972273,3,0.188379558905791,0.313965931509652
"per_cell_balanced_resampling_OLS","median_resampled_slope","Combined","occurrence10_k3_tropical_temperate_polar","Coldhouse","Transitional",2,4,-0.287287753122831,2,0.243726645182017,0.344365617240683
"per_cell_balanced_resampling_OLS","median_resampled_slope","Combined","occurrence10_k3_tropical_temperate_polar","Warmhouse","Hothouse",5,3,-0.262113338445963,5,0.275492493792547,0.344365617240683
"per_cell_balanced_resampling_OLS","median_resampled_slope","Combined","occurrence10_k3_tropical_temperate_polar","Coolhouse","Hothouse",3,3,-0.417818754897376,3,0.331260291770029,0.368066990855588
"per_cell_balanced_resampling_OLS","median_resampled_slope","Combined","occurrence10_k3_tropical_temperate_polar","Coolhouse","Transitional",3,4,-0.0275352669251031,6,0.570158102400667,0.570158102400667
"per_cell_balanced_resampling_OLS","median_resampled_slope","Combined","collection5_k1_tropical_temperate","Coldhouse","Warmhouse",24,25,-0.534797682693852,95,2.15686594481806e-05,0.000215686594481806
"per_cell_balanced_resampling_OLS","median_resampled_slope","Combined","collection5_k1_tropical_temperate","Coldhouse","Transitional",24,31,-0.450382081609041,160,0.000165727037361109,0.000828635186805546
"per_cell_balanced_resampling_OLS","median_resampled_slope","Combined","collection5_k1_tropical_temperate","Coldhouse","Hothouse",24,22,-0.509509052991597,112,0.00043192568808399,0.0014397522936133
"per_cell_balanced_resampling_OLS","median_resampled_slope","Combined","collection5_k1_tropical_temperate","Coolhouse","Warmhouse",30,25,-0.234857314685555,229,0.0069584948157967,0.0173962370394917
"per_cell_balanced_resampling_OLS","median_resampled_slope","Combined","collection5_k1_tropical_temperate","Coldhouse","Coolhouse",24,30,-0.299940368008297,237,0.0164848825758623,0.0296122324493764
"per_cell_balanced_resampling_OLS","median_resampled_slope","Combined","collection5_k1_tropical_temperate","Coolhouse","Hothouse",30,22,-0.2095686849833,216,0.0177673394696259,0.0296122324493764
"per_cell_balanced_resampling_OLS","median_resampled_slope","Combined","collection5_k1_tropical_temperate","Coolhouse","Transitional",30,31,-0.150441713600744,345,0.0423596735138335,0.0605138193054765
"per_cell_balanced_resampling_OLS","median_resampled_slope","Combined","collection5_k1_tropical_temperate","Transitional","Warmhouse",31,25,-0.0844156010848109,314,0.114456230404438,0.143070288005547
"per_cell_balanced_resampling_OLS","median_resampled_slope","Combined","collection5_k1_tropical_temperate","Transitional","Hothouse",31,22,-0.0591269713825558,289,0.176282090401248,0.19586898933472
"per_cell_balanced_resampling_OLS","median_resampled_slope","Combined","collection5_k1_tropical_temperate","Warmhouse","Hothouse",25,22,0.0252886297022552,276,0.512756042632418,0.512756042632418
"per_cell_balanced_resampling_OLS","median_resampled_slope","Combined","collection5_k1_tropical_temperate_polar","Coldhouse","Warmhouse",10,16,-0.456494691917998,24,0.00172168992452432,0.00579016430871715
"per_cell_balanced_resampling_OLS","median_resampled_slope","Combined","collection5_k1_tropical_temperate_polar","Coldhouse","Hothouse",10,11,-0.507696064526655,13,0.00173704929261515,0.00579016430871715
"per_cell_balanced_resampling_OLS","median_resampled_slope","Combined","collection5_k1_tropical_temperate_polar","Coolhouse","Hothouse",19,11,-0.254201822128187,36,0.00171410828290946,0.00579016430871715
"per_cell_balanced_resampling_OLS","median_resampled_slope","Combined","collection5_k1_tropical_temperate_polar","Coolhouse","Warmhouse",19,16,-0.203000449519529,70,0.00348018219213199,0.00870045548032997
"per_cell_balanced_resampling_OLS","median_resampled_slope","Combined","collection5_k1_tropical_temperate_polar","Coldhouse","Transitional",10,16,-0.290008275332776,36,0.0109340440950654,0.0218680881901307
"per_cell_balanced_resampling_OLS","median_resampled_slope","Combined","collection5_k1_tropical_temperate_polar","Transitional","Hothouse",16,11,-0.21768778919388,45,0.0179870069503156,0.0299783449171927
"per_cell_balanced_resampling_OLS","median_resampled_slope","Combined","collection5_k1_tropical_temperate_polar","Transitional","Warmhouse",16,16,-0.166486416585222,86,0.0588982052917834,0.0841402932739762
"per_cell_balanced_resampling_OLS","median_resampled_slope","Combined","collection5_k1_tropical_temperate_polar","Coolhouse","Transitional",19,16,-0.0365140329343075,115,0.113401402772287,0.141751753465358
"per_cell_balanced_resampling_OLS","median_resampled_slope","Combined","collection5_k1_tropical_temperate_polar","Coldhouse","Coolhouse",10,19,-0.253494242398468,71,0.140460220996167,0.144356969466363
"per_cell_balanced_resampling_OLS","median_resampled_slope","Combined","collection5_k1_tropical_temperate_polar","Warmhouse","Hothouse",16,11,-0.0512013726086578,66,0.144356969466363,0.144356969466363
"per_cell_balanced_resampling_OLS","median_resampled_slope","Combined","collection5_k2_tropical_temperate","Coldhouse","Hothouse",11,12,-0.484427111202365,10,0.000317987670692081,0.00317987670692081
"per_cell_balanced_resampling_OLS","median_resampled_slope","Combined","collection5_k2_tropical_temperate","Coldhouse","Warmhouse",11,18,-0.415865777577956,27,0.000655214438736535,0.00327607219368267
"per_cell_balanced_resampling_OLS","median_resampled_slope","Combined","collection5_k2_tropical_temperate","Coldhouse","Transitional",11,18,-0.452315622832585,31,0.00120707466465495,0.00402358221551651
"per_cell_balanced_resampling_OLS","median_resampled_slope","Combined","collection5_k2_tropical_temperate","Coolhouse","Hothouse",21,12,-0.194660533545337,69,0.0172380262580002,0.0430950656450004
"per_cell_balanced_resampling_OLS","median_resampled_slope","Combined","collection5_k2_tropical_temperate","Coldhouse","Coolhouse",11,21,-0.289766577657028,70,0.0370966812622976,0.0741933625245953
"per_cell_balanced_resampling_OLS","median_resampled_slope","Combined","collection5_k2_tropical_temperate","Coolhouse","Warmhouse",21,18,-0.126099199920928,138,0.0774150028535233,0.129025004755872
"per_cell_balanced_resampling_OLS","median_resampled_slope","Combined","collection5_k2_tropical_temperate","Coolhouse","Transitional",21,18,-0.162549045175557,145,0.110198402465422,0.157426289236317
"per_cell_balanced_resampling_OLS","median_resampled_slope","Combined","collection5_k2_tropical_temperate","Transitional","Hothouse",18,12,-0.0321114883697801,82,0.140182206412669,0.175227758015836
"per_cell_balanced_resampling_OLS","median_resampled_slope","Combined","collection5_k2_tropical_temperate","Warmhouse","Hothouse",18,12,-0.0685613336244092,87,0.192742552000975,0.214158391112194
"per_cell_balanced_resampling_OLS","median_resampled_slope","Combined","collection5_k2_tropical_temperate","Transitional","Warmhouse",18,18,0.0364498452546291,148,0.334645563309045,0.334645563309045
"per_cell_balanced_resampling_OLS","median_resampled_slope","Combined","collection5_k2_tropical_temperate_polar","Coldhouse","Warmhouse",4,11,-0.392476567373756,6,0.0215029466800743,0.136650535000638
"per_cell_balanced_resampling_OLS","median_resampled_slope","Combined","collection5_k2_tropical_temperate_polar","Coldhouse","Hothouse",4,5,-0.507696064526655,2,0.0330962898610967,0.136650535000638
"per_cell_balanced_resampling_OLS","median_resampled_slope","Combined","collection5_k2_tropical_temperate_polar","Coolhouse","Hothouse",12,5,-0.240691568321536,13,0.0409951605001915,0.136650535000638
"per_cell_balanced_resampling_OLS","median_resampled_slope","Combined","collection5_k2_tropical_temperate_polar","Transitional","Hothouse",6,5,-0.218052221739884,6,0.0603454002637228,0.150863500659307
"per_cell_balanced_resampling_OLS","median_resampled_slope","Combined","collection5_k2_tropical_temperate_polar","Coldhouse","Transitional",4,6,-0.289643842786771,5,0.0829032800970067,0.165806560194013
"per_cell_balanced_resampling_OLS","median_resampled_slope","Combined","collection5_k2_tropical_temperate_polar","Coolhouse","Warmhouse",12,11,-0.125472071168636,46,0.115042090958126,0.176975455346232
"per_cell_balanced_resampling_OLS","median_resampled_slope","Combined","collection5_k2_tropical_temperate_polar","Transitional","Warmhouse",6,11,-0.102832724586985,21,0.123882818742362,0.176975455346232
"per_cell_balanced_resampling_OLS","median_resampled_slope","Combined","collection5_k2_tropical_temperate_polar","Warmhouse","Hothouse",11,5,-0.1152194971529,18,0.153960494739779,0.192450618424723
"per_cell_balanced_resampling_OLS","median_resampled_slope","Combined","collection5_k2_tropical_temperate_polar","Coldhouse","Coolhouse",4,12,-0.26700449620512,16,0.181540861779215,0.201712068643573
"per_cell_balanced_resampling_OLS","median_resampled_slope","Combined","collection5_k2_tropical_temperate_polar","Coolhouse","Transitional",12,6,-0.0226393465816515,36,0.518675357935145,0.518675357935145
"per_cell_balanced_resampling_OLS","median_resampled_slope","Combined","collection5_k3_tropical_temperate","Coldhouse","Warmhouse",5,11,-0.424968110239639,4,0.0045852806928085,0.0229264034640425
"per_cell_balanced_resampling_OLS","median_resampled_slope","Combined","collection5_k3_tropical_temperate","Coldhouse","Hothouse",5,8,-0.484427111202365,1,0.00338325001752982,0.0229264034640425
"per_cell_balanced_resampling_OLS","median_resampled_slope","Combined","collection5_k3_tropical_temperate","Coolhouse","Hothouse",11,8,-0.21664599126138,14,0.00742775808156561,0.0247591936052187
"per_cell_balanced_resampling_OLS","median_resampled_slope","Combined","collection5_k3_tropical_temperate","Coldhouse","Transitional",5,12,-0.491512642920922,8,0.0117165416211254,0.0292913540528134
"per_cell_balanced_resampling_OLS","median_resampled_slope","Combined","collection5_k3_tropical_temperate","Coolhouse","Warmhouse",11,11,-0.157186990298654,27,0.0151195105080743,0.0302390210161486
"per_cell_balanced_resampling_OLS","median_resampled_slope","Combined","collection5_k3_tropical_temperate","Coolhouse","Transitional",11,12,-0.223731522979937,37,0.0397106490731382,0.066184415121897
"per_cell_balanced_resampling_OLS","median_resampled_slope","Combined","collection5_k3_tropical_temperate","Coldhouse","Coolhouse",5,11,-0.267781119940985,19,0.182386983234793,0.234342129285391
"per_cell_balanced_resampling_OLS","median_resampled_slope","Combined","collection5_k3_tropical_temperate","Transitional","Hothouse",12,8,0.00708553171855681,36,0.187473703428313,0.234342129285391
"per_cell_balanced_resampling_OLS","median_resampled_slope","Combined","collection5_k3_tropical_temperate","Warmhouse","Hothouse",11,8,-0.0594590009627259,35,0.241381865964596,0.268202073293996
"per_cell_balanced_resampling_OLS","median_resampled_slope","Combined","collection5_k3_tropical_temperate","Transitional","Warmhouse",12,11,0.0665445326812827,56,0.279379911435447,0.279379911435447
"per_cell_balanced_resampling_OLS","median_resampled_slope","Combined","collection5_k3_tropical_temperate_polar","Coldhouse","Coolhouse",2,4,-0.329827501050502,0,0.0525962525600207,0.155580347792198
"per_cell_balanced_resampling_OLS","median_resampled_slope","Combined","collection5_k3_tropical_temperate_polar","Coldhouse","Transitional",2,3,-0.0390699113529742,0,0.0744573365893828,0.155580347792198
"per_cell_balanced_resampling_OLS","median_resampled_slope","Combined","collection5_k3_tropical_temperate_polar","Coldhouse","Warmhouse",2,6,-0.467140791833121,0,0.0333765075848173,0.155580347792198
"per_cell_balanced_resampling_OLS","median_resampled_slope","Combined","collection5_k3_tropical_temperate_polar","Coldhouse","Hothouse",2,3,-0.680228235470759,0,0.0744573365893828,0.155580347792198
"per_cell_balanced_resampling_OLS","median_resampled_slope","Combined","collection5_k3_tropical_temperate_polar","Transitional","Warmhouse",3,6,-0.428070880480147,3,0.077790173896099,0.155580347792198
"per_cell_balanced_resampling_OLS","median_resampled_slope","Combined","collection5_k3_tropical_temperate_polar","Transitional","Hothouse",3,3,-0.641158324117784,1,0.095215131912762,0.15869188652127
"per_cell_balanced_resampling_OLS","median_resampled_slope","Combined","collection5_k3_tropical_temperate_polar","Coolhouse","Warmhouse",4,6,-0.137313290782619,8,0.227772546894665,0.324128135267954
"per_cell_balanced_resampling_OLS","median_resampled_slope","Combined","collection5_k3_tropical_temperate_polar","Warmhouse","Hothouse",6,3,-0.213087443637637,6,0.259302508214363,0.324128135267954
"per_cell_balanced_resampling_OLS","median_resampled_slope","Combined","collection5_k3_tropical_temperate_polar","Coolhouse","Hothouse",4,3,-0.350400734420257,4,0.297941545282589,0.331046161425099
"per_cell_balanced_resampling_OLS","median_resampled_slope","Combined","collection5_k3_tropical_temperate_polar","Coolhouse","Transitional",4,3,0.290757589697528,9,0.89203753052993,0.89203753052993
"per_cell_balanced_resampling_OLS","median_resampled_slope","Combined","collection10_k1_tropical_temperate","Coldhouse","Warmhouse",17,20,-0.597687353002572,52,0.000171179119081175,0.00151652471599836
"per_cell_balanced_resampling_OLS","median_resampled_slope","Combined","collection10_k1_tropical_temperate","Coldhouse","Hothouse",17,18,-0.608678826922351,52,0.000454957414799507,0.00151652471599836
"per_cell_balanced_resampling_OLS","median_resampled_slope","Combined","collection10_k1_tropical_temperate","Coolhouse","Warmhouse",28,20,-0.458755211803669,118,0.000365990755738345,0.00151652471599836
"per_cell_balanced_resampling_OLS","median_resampled_slope","Combined","collection10_k1_tropical_temperate","Coolhouse","Hothouse",28,18,-0.469746685723447,113,0.000912632033463349,0.00228158008365837
"per_cell_balanced_resampling_OLS","median_resampled_slope","Combined","collection10_k1_tropical_temperate","Coldhouse","Transitional",17,23,-0.416818694917412,102,0.00547255928372186,0.0109451185674437
"per_cell_balanced_resampling_OLS","median_resampled_slope","Combined","collection10_k1_tropical_temperate","Coolhouse","Transitional",28,23,-0.277886553718508,211,0.0182307620604694,0.0303846034341156
"per_cell_balanced_resampling_OLS","median_resampled_slope","Combined","collection10_k1_tropical_temperate","Transitional","Hothouse",23,18,-0.191860132004939,159,0.10604455805039,0.151492225786272
"per_cell_balanced_resampling_OLS","median_resampled_slope","Combined","collection10_k1_tropical_temperate","Transitional","Warmhouse",23,20,-0.18086865808516,187,0.150371212001165,0.187964015001456
"per_cell_balanced_resampling_OLS","median_resampled_slope","Combined","collection10_k1_tropical_temperate","Coldhouse","Coolhouse",17,28,-0.138932141198904,215,0.299189414818623,0.332432683131803
"per_cell_balanced_resampling_OLS","median_resampled_slope","Combined","collection10_k1_tropical_temperate","Warmhouse","Hothouse",20,18,-0.0109914739197784,166,0.346540968432442,0.346540968432442
"per_cell_balanced_resampling_OLS","median_resampled_slope","Combined","collection10_k1_tropical_temperate_polar","Coldhouse","Warmhouse",7,12,-0.517190801555142,13,0.00800495341268626,0.0383187631494136
"per_cell_balanced_resampling_OLS","median_resampled_slope","Combined","collection10_k1_tropical_temperate_polar","Coldhouse","Hothouse",7,6,-0.561877016962818,6,0.0191593815747068,0.0383187631494136
"per_cell_balanced_resampling_OLS","median_resampled_slope","Combined","collection10_k1_tropical_temperate_polar","Coolhouse","Warmhouse",13,12,-0.308808431747699,38,0.0158363632792075,0.0383187631494136
"per_cell_balanced_resampling_OLS","median_resampled_slope","Combined","collection10_k1_tropical_temperate_polar","Coolhouse","Hothouse",13,6,-0.353494647155376,13,0.0126595857455009,0.0383187631494136
"per_cell_balanced_resampling_OLS","median_resampled_slope","Combined","collection10_k1_tropical_temperate_polar","Transitional","Hothouse",8,6,-0.414465593522505,6,0.0119342210822872,0.0383187631494136
"per_cell_balanced_resampling_OLS","median_resampled_slope","Combined","collection10_k1_tropical_temperate_polar","Transitional","Warmhouse",8,12,-0.369779378114828,22,0.0245704169559256,0.0409506949265426
"per_cell_balanced_resampling_OLS","median_resampled_slope","Combined","collection10_k1_tropical_temperate_polar","Coldhouse","Coolhouse",7,13,-0.208382369807442,35,0.21405533097043,0.237839256633811
"per_cell_balanced_resampling_OLS","median_resampled_slope","Combined","collection10_k1_tropical_temperate_polar","Coldhouse","Transitional",7,8,-0.147411423440313,20,0.192709116184115,0.237839256633811
"per_cell_balanced_resampling_OLS","median_resampled_slope","Combined","collection10_k1_tropical_temperate_polar","Warmhouse","Hothouse",12,6,-0.0446862154076762,27,0.212987555756803,0.237839256633811
"per_cell_balanced_resampling_OLS","median_resampled_slope","Combined","collection10_k1_tropical_temperate_polar","Coolhouse","Transitional",13,8,0.060970946367129,53,0.543252423479992,0.543252423479992
"per_cell_balanced_resampling_OLS","median_resampled_slope","Combined","collection10_k2_tropical_temperate","Coldhouse","Warmhouse",6,15,-0.348346594663749,19,0.0235626520919562,0.0619615158258289
"per_cell_balanced_resampling_OLS","median_resampled_slope","Combined","collection10_k2_tropical_temperate","Coldhouse","Hothouse",6,6,-0.599004658835094,3,0.0101202852885387,0.0619615158258289
"per_cell_balanced_resampling_OLS","median_resampled_slope","Combined","collection10_k2_tropical_temperate","Coolhouse","Warmhouse",17,15,-0.236951664303805,75,0.0247846063303315,0.0619615158258289
"per_cell_balanced_resampling_OLS","median_resampled_slope","Combined","collection10_k2_tropical_temperate","Coolhouse","Hothouse",17,6,-0.48760972847515,19,0.0137115771906773,0.0619615158258289
"per_cell_balanced_resampling_OLS","median_resampled_slope","Combined","collection10_k2_tropical_temperate","Coolhouse","Transitional",17,15,-0.252968589985771,79,0.0349458591257743,0.0698917182515485
"per_cell_balanced_resampling_OLS","median_resampled_slope","Combined","collection10_k2_tropical_temperate","Coldhouse","Transitional",6,15,-0.364363520345715,24,0.0552530112328772,0.0920883520547953
"per_cell_balanced_resampling_OLS","median_resampled_slope","Combined","collection10_k2_tropical_temperate","Warmhouse","Hothouse",15,6,-0.250658064171345,30,0.129486155105953,0.184980221579933
"per_cell_balanced_resampling_OLS","median_resampled_slope","Combined","collection10_k2_tropical_temperate","Transitional","Hothouse",15,6,-0.234641138489379,35,0.229779262293898,0.287224077867372
"per_cell_balanced_resampling_OLS","median_resampled_slope","Combined","collection10_k2_tropical_temperate","Coldhouse","Coolhouse",6,17,-0.111394930359944,49,0.458179570136744,0.509088411263049
"per_cell_balanced_resampling_OLS","median_resampled_slope","Combined","collection10_k2_tropical_temperate","Transitional","Warmhouse",15,15,0.0160169256819662,119,0.614224406092214,0.614224406092214
"per_cell_balanced_resampling_OLS","median_resampled_slope","Combined","collection10_k2_tropical_temperate_polar","Coldhouse","Warmhouse",3,8,-0.437219947144292,3,0.0413655111575512,0.206827555787756
"per_cell_balanced_resampling_OLS","median_resampled_slope","Combined","collection10_k2_tropical_temperate_polar","Coldhouse","Hothouse",3,3,-0.7832569673365,0,0.0404277991850261,0.206827555787756
"per_cell_balanced_resampling_OLS","median_resampled_slope","Combined","collection10_k2_tropical_temperate_polar","Coldhouse","Coolhouse",3,5,-0.278930626079475,3,0.116518991136953,0.233037982273905
"per_cell_balanced_resampling_OLS","median_resampled_slope","Combined","collection10_k2_tropical_temperate_polar","Transitional","Hothouse",3,3,-0.625851066244308,1,0.095215131912762,0.233037982273905
"per_cell_balanced_resampling_OLS","median_resampled_slope","Combined","collection10_k2_tropical_temperate_polar","Warmhouse","Hothouse",8,3,-0.346037020192208,5,0.0922862764199414,0.233037982273905
"per_cell_balanced_resampling_OLS","median_resampled_slope","Combined","collection10_k2_tropical_temperate_polar","Coolhouse","Hothouse",5,3,-0.504326341257025,4,0.185546684761349,0.309244474602248
"per_cell_balanced_resampling_OLS","median_resampled_slope","Combined","collection10_k2_tropical_temperate_polar","Coolhouse","Warmhouse",5,8,-0.158289321064817,15,0.255033763778767,0.318792204723459
"per_cell_balanced_resampling_OLS","median_resampled_slope","Combined","collection10_k2_tropical_temperate_polar","Transitional","Warmhouse",3,8,-0.279814046052099,8,0.237479269944753,0.318792204723459
"per_cell_balanced_resampling_OLS","median_resampled_slope","Combined","collection10_k2_tropical_temperate_polar","Coldhouse","Transitional",3,3,-0.157405901092192,3,0.331260291770029,0.368066990855588
"per_cell_balanced_resampling_OLS","median_resampled_slope","Combined","collection10_k2_tropical_temperate_polar","Coolhouse","Transitional",5,3,0.121524724987283,9,0.724507506207453,0.724507506207453
"per_cell_balanced_resampling_OLS","median_resampled_slope","Combined","collection10_k3_tropical_temperate","Coldhouse","Warmhouse",2,7,-0.332118420729838,1,0.0536732684969056,0.268366342484528
"per_cell_balanced_resampling_OLS","median_resampled_slope","Combined","collection10_k3_tropical_temperate","Coldhouse","Hothouse",2,5,-0.511739789781187,0,0.0406805646170377,0.268366342484528
"per_cell_balanced_resampling_OLS","median_resampled_slope","Combined","collection10_k3_tropical_temperate","Coldhouse","Transitional",2,7,-0.594126550957527,4,0.232107156385516,0.368536925970392
"per_cell_balanced_resampling_OLS","median_resampled_slope","Combined","collection10_k3_tropical_temperate","Coolhouse","Transitional",4,7,-0.554497538872318,8,0.149308837224405,0.368536925970392
"per_cell_balanced_resampling_OLS","median_resampled_slope","Combined","collection10_k3_tropical_temperate","Coolhouse","Warmhouse",4,7,-0.292489408644628,9,0.197545792452075,0.368536925970392
"per_cell_balanced_resampling_OLS","median_resampled_slope","Combined","collection10_k3_tropical_temperate","Coolhouse","Hothouse",4,5,-0.472110777695978,5,0.13517207032739,0.368536925970392
"per_cell_balanced_resampling_OLS","median_resampled_slope","Combined","collection10_k3_tropical_temperate","Warmhouse","Hothouse",7,5,-0.179621369051349,13,0.257975848179274,0.368536925970392
"per_cell_balanced_resampling_OLS","median_resampled_slope","Combined","collection10_k3_tropical_temperate","Transitional","Hothouse",7,5,0.0823867611763403,17,0.5,0.625
"per_cell_balanced_resampling_OLS","median_resampled_slope","Combined","collection10_k3_tropical_temperate","Coldhouse","Coolhouse",2,4,-0.0396290120852094,4,0.591519339142304,0.657243710158116
"per_cell_balanced_resampling_OLS","median_resampled_slope","Combined","collection10_k3_tropical_temperate","Transitional","Warmhouse",7,7,0.262008130227689,28,0.695359920347949,0.695359920347949
"per_cell_balanced_resampling_OLS","median_resampled_slope","Combined","collection10_k3_tropical_temperate_polar","Warmhouse","Hothouse",3,2,-0.503888372121357,0,0.0744573365893828,0.0744573365893828
"per_cell_balanced_resampling_OLS","median_resampled_slope","Combined","collection10_k3_tropical_temperate_polar","Coldhouse","Coolhouse",1,0,NA,NA,NA,NA
"per_cell_balanced_resampling_OLS","median_resampled_slope","Combined","collection10_k3_tropical_temperate_polar","Coldhouse","Transitional",1,0,NA,NA,NA,NA
"per_cell_balanced_resampling_OLS","median_resampled_slope","Combined","collection10_k3_tropical_temperate_polar","Coldhouse","Warmhouse",1,3,-0.235130981282339,NA,NA,NA
"per_cell_balanced_resampling_OLS","median_resampled_slope","Combined","collection10_k3_tropical_temperate_polar","Coldhouse","Hothouse",1,2,-0.739019353403697,NA,NA,NA
"per_cell_balanced_resampling_OLS","median_resampled_slope","Combined","collection10_k3_tropical_temperate_polar","Coolhouse","Transitional",0,0,NA,NA,NA,NA
"per_cell_balanced_resampling_OLS","median_resampled_slope","Combined","collection10_k3_tropical_temperate_polar","Coolhouse","Warmhouse",0,3,NA,NA,NA,NA
"per_cell_balanced_resampling_OLS","median_resampled_slope","Combined","collection10_k3_tropical_temperate_polar","Coolhouse","Hothouse",0,2,NA,NA,NA,NA
"per_cell_balanced_resampling_OLS","median_resampled_slope","Combined","collection10_k3_tropical_temperate_polar","Transitional","Warmhouse",0,3,NA,NA,NA,NA
"per_cell_balanced_resampling_OLS","median_resampled_slope","Combined","collection10_k3_tropical_temperate_polar","Transitional","Hothouse",0,2,NA,NA,NA,NA
"per_cell_balanced_resampling_OLS","median_resampled_slope","Northern","occurrence5_k1_tropical_temperate","Coldhouse","Warmhouse",14,14,-0.470334892600951,26,0.000509443099772661,0.00509443099772661
"per_cell_balanced_resampling_OLS","median_resampled_slope","Northern","occurrence5_k1_tropical_temperate","Coldhouse","Transitional",14,17,-0.399922715951844,46,0.00200210318766612,0.00812926618466711
"per_cell_balanced_resampling_OLS","median_resampled_slope","Northern","occurrence5_k1_tropical_temperate","Coolhouse","Warmhouse",15,14,-0.254447411379673,40,0.00243877985540013,0.00812926618466711
"per_cell_balanced_resampling_OLS","median_resampled_slope","Northern","occurrence5_k1_tropical_temperate","Coolhouse","Transitional",15,17,-0.184035234730566,62,0.0070524939350795,0.0176312348376987
"per_cell_balanced_resampling_OLS","median_resampled_slope","Northern","occurrence5_k1_tropical_temperate","Coldhouse","Hothouse",14,11,-0.360248806279908,47,0.0531581346536492,0.106316269307298
"per_cell_balanced_resampling_OLS","median_resampled_slope","Northern","occurrence5_k1_tropical_temperate","Coolhouse","Hothouse",15,11,-0.14436132505863,57,0.0972299051017488,0.162049841836248
"per_cell_balanced_resampling_OLS","median_resampled_slope","Northern","occurrence5_k1_tropical_temperate","Coldhouse","Coolhouse",14,15,-0.215887481221278,81,0.152534405311443,0.217906293302062
"per_cell_balanced_resampling_OLS","median_resampled_slope","Northern","occurrence5_k1_tropical_temperate","Transitional","Warmhouse",17,14,-0.0704121766491071,107,0.324021200075846,0.405026500094808
"per_cell_balanced_resampling_OLS","median_resampled_slope","Northern","occurrence5_k1_tropical_temperate","Transitional","Hothouse",17,11,0.039673909671936,122,0.913743126323944,0.97401870818772
"per_cell_balanced_resampling_OLS","median_resampled_slope","Northern","occurrence5_k1_tropical_temperate","Warmhouse","Hothouse",14,11,0.110086086321043,112,0.97401870818772,0.97401870818772
"per_cell_balanced_resampling_OLS","median_resampled_slope","Northern","occurrence5_k1_tropical_temperate_polar","Coldhouse","Warmhouse",6,10,-0.513541569671134,0,0.000687795633623293,0.00687795633623293
"per_cell_balanced_resampling_OLS","median_resampled_slope","Northern","occurrence5_k1_tropical_temperate_polar","Coldhouse","Transitional",6,8,-0.384259118639198,2,0.00275467509673836,0.0137733754836918
"per_cell_balanced_resampling_OLS","median_resampled_slope","Northern","occurrence5_k1_tropical_temperate_polar","Coldhouse","Hothouse",6,4,-0.374514368403272,0,0.00710701943454103,0.0236900647818034
"per_cell_balanced_resampling_OLS","median_resampled_slope","Northern","occurrence5_k1_tropical_temperate_polar","Coldhouse","Coolhouse",6,11,-0.335334012989194,14,0.0314908998366528,0.0725492572204841
"per_cell_balanced_resampling_OLS","median_resampled_slope","Northern","occurrence5_k1_tropical_temperate_polar","Coolhouse","Warmhouse",11,10,-0.17820755668194,29,0.036274628610242,0.0725492572204841
"per_cell_balanced_resampling_OLS","median_resampled_slope","Northern","occurrence5_k1_tropical_temperate_polar","Coolhouse","Transitional",11,8,-0.0489251056500043,27,0.0865291143194494,0.144215190532416
"per_cell_balanced_resampling_OLS","median_resampled_slope","Northern","occurrence5_k1_tropical_temperate_polar","Coolhouse","Hothouse",11,4,-0.0391803554140786,14,0.163743841135708,0.233919773051011
"per_cell_balanced_resampling_OLS","median_resampled_slope","Northern","occurrence5_k1_tropical_temperate_polar","Transitional","Warmhouse",8,10,-0.129282451031936,36,0.3779067115433,0.472383389429126
"per_cell_balanced_resampling_OLS","median_resampled_slope","Northern","occurrence5_k1_tropical_temperate_polar","Transitional","Hothouse",8,4,0.00974475023592569,20,0.777651884075146,0.821014663677836
"per_cell_balanced_resampling_OLS","median_resampled_slope","Northern","occurrence5_k1_tropical_temperate_polar","Warmhouse","Hothouse",10,4,0.139027201267862,26,0.821014663677836,0.821014663677836
"per_cell_balanced_resampling_OLS","median_resampled_slope","Northern","occurrence5_k2_tropical_temperate","Coldhouse","Warmhouse",10,12,-0.626717911276204,4,0.000126323539912908,0.00126323539912908
"per_cell_balanced_resampling_OLS","median_resampled_slope","Northern","occurrence5_k2_tropical_temperate","Coldhouse","Transitional",10,14,-0.557612499577175,11,0.000306936979973628,0.00153468489986814
"per_cell_balanced_resampling_OLS","median_resampled_slope","Northern","occurrence5_k2_tropical_temperate","Coldhouse","Hothouse",10,7,-0.516631824955161,3,0.0010557455033353,0.00351915167778433
"per_cell_balanced_resampling_OLS","median_resampled_slope","Northern","occurrence5_k2_tropical_temperate","Coolhouse","Warmhouse",12,12,-0.229171915230604,30,0.00828746337492664,0.0207186584373166
"per_cell_balanced_resampling_OLS","median_resampled_slope","Northern","occurrence5_k2_tropical_temperate","Coolhouse","Transitional",12,14,-0.160066503531575,42,0.0163997236136012,0.0327994472272024
"per_cell_balanced_resampling_OLS","median_resampled_slope","Northern","occurrence5_k2_tropical_temperate","Coldhouse","Coolhouse",10,12,-0.3975459960456,31,0.0301062507018896,0.0501770845031493
"per_cell_balanced_resampling_OLS","median_resampled_slope","Northern","occurrence5_k2_tropical_temperate","Coolhouse","Hothouse",12,7,-0.119085828909561,25,0.0815826527187714,0.116546646741102
"per_cell_balanced_resampling_OLS","median_resampled_slope","Northern","occurrence5_k2_tropical_temperate","Transitional","Warmhouse",14,12,-0.0691054116990293,75,0.330985756425734,0.413732195532168
"per_cell_balanced_resampling_OLS","median_resampled_slope","Northern","occurrence5_k2_tropical_temperate","Transitional","Hothouse",14,7,0.0409806746220138,56,0.712101784304394,0.79122420478266
"per_cell_balanced_resampling_OLS","median_resampled_slope","Northern","occurrence5_k2_tropical_temperate","Warmhouse","Hothouse",12,7,0.110086086321043,55,0.873056350085463,0.873056350085463
"per_cell_balanced_resampling_OLS","median_resampled_slope","Northern","occurrence5_k2_tropical_temperate_polar","Coldhouse","Coolhouse",5,6,-0.310597597774013,0,0.00405655863278289,0.0202827931639144
"per_cell_balanced_resampling_OLS","median_resampled_slope","Northern","occurrence5_k2_tropical_temperate_polar","Coldhouse","Warmhouse",5,8,-0.373422555950749,0,0.00215517924976753,0.0202827931639144
"per_cell_balanced_resampling_OLS","median_resampled_slope","Northern","occurrence5_k2_tropical_temperate_polar","Coldhouse","Hothouse",5,4,-0.322733471621534,0,0.00998222665260803,0.0332740888420268
"per_cell_balanced_resampling_OLS","median_resampled_slope","Northern","occurrence5_k2_tropical_temperate_polar","Coldhouse","Transitional",5,5,-0.288612105905135,2,0.018356928181352,0.0458923204533801
"per_cell_balanced_resampling_OLS","median_resampled_slope","Northern","occurrence5_k2_tropical_temperate_polar","Transitional","Warmhouse",5,8,-0.0848104500456139,15,0.255033763778767,0.510067527557535
"per_cell_balanced_resampling_OLS","median_resampled_slope","Northern","occurrence5_k2_tropical_temperate_polar","Coolhouse","Warmhouse",6,8,-0.0628249581767361,21,0.373442816695182,0.535085095000425
"per_cell_balanced_resampling_OLS","median_resampled_slope","Northern","occurrence5_k2_tropical_temperate_polar","Coolhouse","Hothouse",6,4,-0.0121358738475206,10,0.374559566500298,0.535085095000425
"per_cell_balanced_resampling_OLS","median_resampled_slope","Northern","occurrence5_k2_tropical_temperate_polar","Coolhouse","Transitional",6,5,0.0219854918688778,14,0.463632236762616,0.57954029595327
"per_cell_balanced_resampling_OLS","median_resampled_slope","Northern","occurrence5_k2_tropical_temperate_polar","Transitional","Hothouse",5,4,-0.0341213657163984,10,0.54873837491116,0.609709305456845
"per_cell_balanced_resampling_OLS","median_resampled_slope","Northern","occurrence5_k2_tropical_temperate_polar","Warmhouse","Hothouse",8,4,0.0506890843292155,18,0.664437270805094,0.664437270805094
"per_cell_balanced_resampling_OLS","median_resampled_slope","Northern","occurrence5_k3_tropical_temperate","Coldhouse","Warmhouse",5,8,-0.498916777412016,2,0.00520749732953164,0.0260374866476582
"per_cell_balanced_resampling_OLS","median_resampled_slope","Northern","occurrence5_k3_tropical_temperate","Coolhouse","Warmhouse",7,8,-0.324504187687164,5,0.00460889867352746,0.0260374866476582
"per_cell_balanced_resampling_OLS","median_resampled_slope","Northern","occurrence5_k3_tropical_temperate","Coldhouse","Transitional",5,9,-0.467064335143134,5,0.0117052980805584,0.0327802266859225
"per_cell_balanced_resampling_OLS","median_resampled_slope","Northern","occurrence5_k3_tropical_temperate","Coolhouse","Transitional",7,9,-0.292651745418282,10,0.013112090674369,0.0327802266859225
"per_cell_balanced_resampling_OLS","median_resampled_slope","Northern","occurrence5_k3_tropical_temperate","Coldhouse","Hothouse",5,4,-0.270366544617147,2,0.0330962898610967,0.0661925797221935
"per_cell_balanced_resampling_OLS","median_resampled_slope","Northern","occurrence5_k3_tropical_temperate","Coolhouse","Hothouse",7,4,-0.0959539548922951,5,0.0540986237618508,0.0901643729364179
"per_cell_balanced_resampling_OLS","median_resampled_slope","Northern","occurrence5_k3_tropical_temperate","Transitional","Warmhouse",9,8,-0.0318524422688819,27,0.206703467214103,0.295290667448718
"per_cell_balanced_resampling_OLS","median_resampled_slope","Northern","occurrence5_k3_tropical_temperate","Coldhouse","Coolhouse",5,7,-0.174412589724852,16,0.435495597398732,0.544369496748415
"per_cell_balanced_resampling_OLS","median_resampled_slope","Northern","occurrence5_k3_tropical_temperate","Transitional","Hothouse",9,4,0.196697790525987,26,0.905168800117927,0.96273421447269
"per_cell_balanced_resampling_OLS","median_resampled_slope","Northern","occurrence5_k3_tropical_temperate","Warmhouse","Hothouse",8,4,0.228550232794869,26,0.96273421447269,0.96273421447269
"per_cell_balanced_resampling_OLS","median_resampled_slope","Northern","occurrence5_k3_tropical_temperate_polar","Coldhouse","Coolhouse",2,3,-0.306525951739067,0,0.0744573365893828,0.245278116806773
"per_cell_balanced_resampling_OLS","median_resampled_slope","Northern","occurrence5_k3_tropical_temperate_polar","Coldhouse","Warmhouse",2,5,-0.522436810902684,0,0.0406805646170377,0.245278116806773
"per_cell_balanced_resampling_OLS","median_resampled_slope","Northern","occurrence5_k3_tropical_temperate_polar","Coldhouse","Hothouse",2,2,-0.396257299451284,0,0.122639058403386,0.245278116806773
"per_cell_balanced_resampling_OLS","median_resampled_slope","Northern","occurrence5_k3_tropical_temperate_polar","Coolhouse","Warmhouse",3,5,-0.215910859163618,3,0.116518991136953,0.245278116806773
"per_cell_balanced_resampling_OLS","median_resampled_slope","Northern","occurrence5_k3_tropical_temperate_polar","Transitional","Warmhouse",2,5,-0.316671454586285,1,0.087622122700003,0.245278116806773
"per_cell_balanced_resampling_OLS","median_resampled_slope","Northern","occurrence5_k3_tropical_temperate_polar","Coolhouse","Hothouse",3,2,-0.0897313477122174,1,0.193238115385616,0.322063525642694
"per_cell_balanced_resampling_OLS","median_resampled_slope","Northern","occurrence5_k3_tropical_temperate_polar","Coldhouse","Transitional",2,2,-0.205765356316399,1,0.349267679151669,0.436584598939587
"per_cell_balanced_resampling_OLS","median_resampled_slope","Northern","occurrence5_k3_tropical_temperate_polar","Transitional","Hothouse",2,2,-0.190491943134885,1,0.349267679151669,0.436584598939587
"per_cell_balanced_resampling_OLS","median_resampled_slope","Northern","occurrence5_k3_tropical_temperate_polar","Coolhouse","Transitional",3,2,0.100760595422668,4,0.806761884614384,0.833539195967217
"per_cell_balanced_resampling_OLS","median_resampled_slope","Northern","occurrence5_k3_tropical_temperate_polar","Warmhouse","Hothouse",5,2,0.1261795114514,7,0.833539195967217,0.833539195967217
"per_cell_balanced_resampling_OLS","median_resampled_slope","Northern","occurrence10_k1_tropical_temperate","Coldhouse","Warmhouse",13,14,-0.64500163457826,6,2.06164494118163e-05,0.000206164494118163
"per_cell_balanced_resampling_OLS","median_resampled_slope","Northern","occurrence10_k1_tropical_temperate","Coldhouse","Transitional",13,17,-0.500354047236654,31,0.000472703666754231,0.00236351833377115
"per_cell_balanced_resampling_OLS","median_resampled_slope","Northern","occurrence10_k1_tropical_temperate","Coolhouse","Warmhouse",14,14,-0.272082550989333,31,0.00112335037671137,0.00374450125570458
"per_cell_balanced_resampling_OLS","median_resampled_slope","Northern","occurrence10_k1_tropical_temperate","Coldhouse","Hothouse",13,11,-0.437487698057651,26,0.00456504018135382,0.0114126004533846
"per_cell_balanced_resampling_OLS","median_resampled_slope","Northern","occurrence10_k1_tropical_temperate","Coldhouse","Coolhouse",13,14,-0.372919083588927,45,0.013624220446153,0.0272484408923059
"per_cell_balanced_resampling_OLS","median_resampled_slope","Northern","occurrence10_k1_tropical_temperate","Transitional","Warmhouse",17,14,-0.144647587341606,76,0.0458013014730794,0.0763355024551323
"per_cell_balanced_resampling_OLS","median_resampled_slope","Northern","occurrence10_k1_tropical_temperate","Coolhouse","Transitional",14,17,-0.127434963647727,78,0.0539597102426804,0.0770853003466863
"per_cell_balanced_resampling_OLS","median_resampled_slope","Northern","occurrence10_k1_tropical_temperate","Coolhouse","Hothouse",14,11,-0.0645686144687237,60,0.183185818868329,0.228982273585411
"per_cell_balanced_resampling_OLS","median_resampled_slope","Northern","occurrence10_k1_tropical_temperate","Transitional","Hothouse",17,11,0.0628663491790031,114,0.838386447002129,0.931540496669032
"per_cell_balanced_resampling_OLS","median_resampled_slope","Northern","occurrence10_k1_tropical_temperate","Warmhouse","Hothouse",14,11,0.207513936520609,122,0.993628866688846,0.993628866688846
"per_cell_balanced_resampling_OLS","median_resampled_slope","Northern","occurrence10_k1_tropical_temperate_polar","Coldhouse","Warmhouse",5,10,-0.523774069570599,1,0.0020000715903473,0.020000715903473
"per_cell_balanced_resampling_OLS","median_resampled_slope","Northern","occurrence10_k1_tropical_temperate_polar","Coldhouse","Transitional",5,8,-0.324590631603939,3,0.0078599901050123,0.0392999505250615
"per_cell_balanced_resampling_OLS","median_resampled_slope","Northern","occurrence10_k1_tropical_temperate_polar","Coldhouse","Coolhouse",5,8,-0.328553027985214,7,0.0336389802691745,0.067277960538349
"per_cell_balanced_resampling_OLS","median_resampled_slope","Northern","occurrence10_k1_tropical_temperate_polar","Coldhouse","Hothouse",5,4,-0.251693355546506,2,0.0330962898610967,0.067277960538349
"per_cell_balanced_resampling_OLS","median_resampled_slope","Northern","occurrence10_k1_tropical_temperate_polar","Coolhouse","Warmhouse",8,10,-0.195221041585385,17,0.0227945780897901,0.067277960538349
"per_cell_balanced_resampling_OLS","median_resampled_slope","Northern","occurrence10_k1_tropical_temperate_polar","Transitional","Warmhouse",8,10,-0.19918343796666,28,0.153437355287375,0.255728925478959
"per_cell_balanced_resampling_OLS","median_resampled_slope","Northern","occurrence10_k1_tropical_temperate_polar","Coolhouse","Transitional",8,8,0.00396239638127466,27,0.318251243456933,0.454644633509904
"per_cell_balanced_resampling_OLS","median_resampled_slope","Northern","occurrence10_k1_tropical_temperate_polar","Coolhouse","Hothouse",8,4,0.0768596724387074,15,0.466162186674167,0.582702733342708
"per_cell_balanced_resampling_OLS","median_resampled_slope","Northern","occurrence10_k1_tropical_temperate_polar","Transitional","Hothouse",8,4,0.0728972760574327,21,0.824881207590503,0.916534675100559
"per_cell_balanced_resampling_OLS","median_resampled_slope","Northern","occurrence10_k1_tropical_temperate_polar","Warmhouse","Hothouse",10,4,0.272080714024092,34,0.97984751281873,0.97984751281873
"per_cell_balanced_resampling_OLS","median_resampled_slope","Northern","occurrence10_k2_tropical_temperate","Coldhouse","Transitional",7,12,-0.515392271507292,6,0.00134857968317303,0.00674289841586515
"per_cell_balanced_resampling_OLS","median_resampled_slope","Northern","occurrence10_k2_tropical_temperate","Coldhouse","Warmhouse",7,10,-0.60007599329882,3,0.0010557455033353,0.00674289841586515
"per_cell_balanced_resampling_OLS","median_resampled_slope","Northern","occurrence10_k2_tropical_temperate","Coldhouse","Hothouse",7,6,-0.397188446639831,4,0.00920808028815198,0.02302020072038
"per_cell_balanced_resampling_OLS","median_resampled_slope","Northern","occurrence10_k2_tropical_temperate","Coolhouse","Warmhouse",12,10,-0.290996827132732,23,0.00804784018963777,0.02302020072038
"per_cell_balanced_resampling_OLS","median_resampled_slope","Northern","occurrence10_k2_tropical_temperate","Coolhouse","Transitional",12,12,-0.206313105341204,35,0.0175445580470239,0.0350891160940479
"per_cell_balanced_resampling_OLS","median_resampled_slope","Northern","occurrence10_k2_tropical_temperate","Coldhouse","Coolhouse",7,12,-0.309079166166088,27,0.110198402465422,0.157426289236317
"per_cell_balanced_resampling_OLS","median_resampled_slope","Northern","occurrence10_k2_tropical_temperate","Coolhouse","Hothouse",12,6,-0.088109280473743,22,0.10304488849257,0.157426289236317
"per_cell_balanced_resampling_OLS","median_resampled_slope","Northern","occurrence10_k2_tropical_temperate","Transitional","Warmhouse",12,10,-0.0846837217915286,46,0.186689012840228,0.233361266050285
"per_cell_balanced_resampling_OLS","median_resampled_slope","Northern","occurrence10_k2_tropical_temperate","Transitional","Hothouse",12,6,0.118203824867461,46,0.837298409759944,0.872624418504781
"per_cell_balanced_resampling_OLS","median_resampled_slope","Northern","occurrence10_k2_tropical_temperate","Warmhouse","Hothouse",10,6,0.202887546658989,40,0.872624418504781,0.872624418504781
"per_cell_balanced_resampling_OLS","median_resampled_slope","Northern","occurrence10_k2_tropical_temperate_polar","Coldhouse","Transitional",4,5,-0.206579505464321,3,0.0556734432665702,0.186019613830487
"per_cell_balanced_resampling_OLS","median_resampled_slope","Northern","occurrence10_k2_tropical_temperate_polar","Coldhouse","Warmhouse",4,5,-0.415457902649141,1,0.0186682079603315,0.186019613830487
"per_cell_balanced_resampling_OLS","median_resampled_slope","Northern","occurrence10_k2_tropical_temperate_polar","Coldhouse","Hothouse",4,3,-0.347578843152408,1,0.0558058841491461,0.186019613830487
"per_cell_balanced_resampling_OLS","median_resampled_slope","Northern","occurrence10_k2_tropical_temperate_polar","Coldhouse","Coolhouse",4,4,-0.334804368204077,4,0.156160710838108,0.312321421676216
"per_cell_balanced_resampling_OLS","median_resampled_slope","Northern","occurrence10_k2_tropical_temperate_polar","Transitional","Warmhouse",5,5,-0.20887839718482,7,0.148134935742143,0.312321421676216
"per_cell_balanced_resampling_OLS","median_resampled_slope","Northern","occurrence10_k2_tropical_temperate_polar","Coolhouse","Warmhouse",4,5,-0.0806535344450638,7,0.27014568730371,0.45024281217285
"per_cell_balanced_resampling_OLS","median_resampled_slope","Northern","occurrence10_k2_tropical_temperate_polar","Coolhouse","Hothouse",4,3,-0.0127744749483304,6,0.570158102400667,0.712697628000834
"per_cell_balanced_resampling_OLS","median_resampled_slope","Northern","occurrence10_k2_tropical_temperate_polar","Transitional","Hothouse",5,3,-0.140999337688087,7,0.5,0.712697628000834
"per_cell_balanced_resampling_OLS","median_resampled_slope","Northern","occurrence10_k2_tropical_temperate_polar","Coolhouse","Transitional",4,5,0.128224862739756,11,0.643348413060771,0.714831570067524
"per_cell_balanced_resampling_OLS","median_resampled_slope","Northern","occurrence10_k2_tropical_temperate_polar","Warmhouse","Hothouse",5,3,0.0678790594967334,11,0.883481008863047,0.883481008863047
"per_cell_balanced_resampling_OLS","median_resampled_slope","Northern","occurrence10_k3_tropical_temperate","Coldhouse","Transitional",5,7,-0.478203394443454,5,0.0256599517940356,0.109253601942504
"per_cell_balanced_resampling_OLS","median_resampled_slope","Northern","occurrence10_k3_tropical_temperate","Coldhouse","Warmhouse",5,6,-0.547938118334012,2,0.0112394366830626,0.109253601942504
"per_cell_balanced_resampling_OLS","median_resampled_slope","Northern","occurrence10_k3_tropical_temperate","Coolhouse","Warmhouse",6,6,-0.445534109068843,6,0.0327760805827513,0.109253601942504
"per_cell_balanced_resampling_OLS","median_resampled_slope","Northern","occurrence10_k3_tropical_temperate","Coolhouse","Transitional",6,7,-0.375799385178286,10,0.0668072012688581,0.167018003172145
"per_cell_balanced_resampling_OLS","median_resampled_slope","Northern","occurrence10_k3_tropical_temperate","Coldhouse","Hothouse",5,4,-0.223096146586717,4,0.0889547974934913,0.177909594986983
"per_cell_balanced_resampling_OLS","median_resampled_slope","Northern","occurrence10_k3_tropical_temperate","Transitional","Warmhouse",7,6,-0.0697347238905575,14,0.176555617253003,0.294259362088338
"per_cell_balanced_resampling_OLS","median_resampled_slope","Northern","occurrence10_k3_tropical_temperate","Coolhouse","Hothouse",6,4,-0.120692137321549,8,0.227772546894665,0.325389352706664
"per_cell_balanced_resampling_OLS","median_resampled_slope","Northern","occurrence10_k3_tropical_temperate","Coldhouse","Coolhouse",5,6,-0.102404009265169,13,0.39209561470081,0.490119518376012
"per_cell_balanced_resampling_OLS","median_resampled_slope","Northern","occurrence10_k3_tropical_temperate","Transitional","Hothouse",7,4,0.255107247856737,22,0.945901376238149,0.965022820709995
"per_cell_balanced_resampling_OLS","median_resampled_slope","Northern","occurrence10_k3_tropical_temperate","Warmhouse","Hothouse",6,4,0.324841971747295,20,0.965022820709995,0.965022820709995
"per_cell_balanced_resampling_OLS","median_resampled_slope","Northern","occurrence10_k3_tropical_temperate_polar","Coldhouse","Warmhouse",2,3,-0.415457902649141,0,0.0744573365893828,0.223372009768148
"per_cell_balanced_resampling_OLS","median_resampled_slope","Northern","occurrence10_k3_tropical_temperate_polar","Transitional","Warmhouse",2,3,-0.328820415635542,1,0.193238115385616,0.289857173078424
"per_cell_balanced_resampling_OLS","median_resampled_slope","Northern","occurrence10_k3_tropical_temperate_polar","Coldhouse","Transitional",2,2,-0.0866374870135989,2,0.650732320848331,0.650732320848331
"per_cell_balanced_resampling_OLS","median_resampled_slope","Northern","occurrence10_k3_tropical_temperate_polar","Coldhouse","Coolhouse",2,0,NA,NA,NA,NA
"per_cell_balanced_resampling_OLS","median_resampled_slope","Northern","occurrence10_k3_tropical_temperate_polar","Coldhouse","Hothouse",2,1,-0.0730933865857524,NA,NA,NA
"per_cell_balanced_resampling_OLS","median_resampled_slope","Northern","occurrence10_k3_tropical_temperate_polar","Coolhouse","Transitional",0,2,NA,NA,NA,NA
"per_cell_balanced_resampling_OLS","median_resampled_slope","Northern","occurrence10_k3_tropical_temperate_polar","Coolhouse","Warmhouse",0,3,NA,NA,NA,NA
"per_cell_balanced_resampling_OLS","median_resampled_slope","Northern","occurrence10_k3_tropical_temperate_polar","Coolhouse","Hothouse",0,1,NA,NA,NA,NA
"per_cell_balanced_resampling_OLS","median_resampled_slope","Northern","occurrence10_k3_tropical_temperate_polar","Transitional","Hothouse",2,1,0.0135441004278465,NA,NA,NA
"per_cell_balanced_resampling_OLS","median_resampled_slope","Northern","occurrence10_k3_tropical_temperate_polar","Warmhouse","Hothouse",3,1,0.342364516063389,NA,NA,NA
"per_cell_balanced_resampling_OLS","median_resampled_slope","Northern","collection5_k1_tropical_temperate","Coldhouse","Warmhouse",13,14,-0.699294165939576,9,3.8286229361198e-05,0.00038286229361198
"per_cell_balanced_resampling_OLS","median_resampled_slope","Northern","collection5_k1_tropical_temperate","Coldhouse","Transitional",13,16,-0.615732354044619,22,0.000175776787287907,0.000878883936439536
"per_cell_balanced_resampling_OLS","median_resampled_slope","Northern","collection5_k1_tropical_temperate","Coolhouse","Warmhouse",14,14,-0.290851912264275,40,0.00412100495310012,0.0137366831770004
"per_cell_balanced_resampling_OLS","median_resampled_slope","Northern","collection5_k1_tropical_temperate","Coldhouse","Hothouse",13,9,-0.546450958211,21,0.00674078413273831,0.0168519603318458
"per_cell_balanced_resampling_OLS","median_resampled_slope","Northern","collection5_k1_tropical_temperate","Coolhouse","Transitional",14,16,-0.207290100369318,60,0.0161417247936086,0.0322834495872172
"per_cell_balanced_resampling_OLS","median_resampled_slope","Northern","collection5_k1_tropical_temperate","Coldhouse","Coolhouse",13,14,-0.408442253675301,56,0.047050318773309,0.0784171979555151
"per_cell_balanced_resampling_OLS","median_resampled_slope","Northern","collection5_k1_tropical_temperate","Coolhouse","Hothouse",14,9,-0.138008704535698,46,0.149308837224405,0.186636046530506
"per_cell_balanced_resampling_OLS","median_resampled_slope","Northern","collection5_k1_tropical_temperate","Transitional","Warmhouse",16,14,-0.0835618118949568,86,0.144561150223938,0.186636046530506
"per_cell_balanced_resampling_OLS","median_resampled_slope","Northern","collection5_k1_tropical_temperate","Transitional","Hothouse",16,9,0.0692813958336194,89,0.839094310400925,0.932327011556583
"per_cell_balanced_resampling_OLS","median_resampled_slope","Northern","collection5_k1_tropical_temperate","Warmhouse","Hothouse",14,9,0.152843207728576,89,0.952475297325331,0.952475297325331
"per_cell_balanced_resampling_OLS","median_resampled_slope","Northern","collection5_k1_tropical_temperate_polar","Coldhouse","Warmhouse",6,9,-0.436405168034955,0,0.000894921639311727,0.00894921639311727
"per_cell_balanced_resampling_OLS","median_resampled_slope","Northern","collection5_k1_tropical_temperate_polar","Coldhouse","Transitional",6,7,-0.280310278496328,2,0.00411048566034429,0.0205524283017215
"per_cell_balanced_resampling_OLS","median_resampled_slope","Northern","collection5_k1_tropical_temperate_polar","Coldhouse","Hothouse",6,4,-0.416887671907514,0,0.00710701943454103,0.0236900647818034
"per_cell_balanced_resampling_OLS","median_resampled_slope","Northern","collection5_k1_tropical_temperate_polar","Coldhouse","Coolhouse",6,10,-0.330880770371931,14,0.046360964153696,0.11590241038424
"per_cell_balanced_resampling_OLS","median_resampled_slope","Northern","collection5_k1_tropical_temperate_polar","Coolhouse","Warmhouse",10,9,-0.105524397663024,28,0.0889547974934913,0.177909594986983
"per_cell_balanced_resampling_OLS","median_resampled_slope","Northern","collection5_k1_tropical_temperate_polar","Coolhouse","Hothouse",10,4,-0.0860069015355827,13,0.178985336322164,0.283643675590179
"per_cell_balanced_resampling_OLS","median_resampled_slope","Northern","collection5_k1_tropical_temperate_polar","Transitional","Warmhouse",7,9,-0.156094889538627,23,0.198550572913125,0.283643675590179
"per_cell_balanced_resampling_OLS","median_resampled_slope","Northern","collection5_k1_tropical_temperate_polar","Coolhouse","Transitional",10,7,0.050570491875603,30,0.330274602600836,0.366971780667596
"per_cell_balanced_resampling_OLS","median_resampled_slope","Northern","collection5_k1_tropical_temperate_polar","Transitional","Hothouse",7,4,-0.136577393411186,11,0.3183008162818,0.366971780667596
"per_cell_balanced_resampling_OLS","median_resampled_slope","Northern","collection5_k1_tropical_temperate_polar","Warmhouse","Hothouse",9,4,0.019517496127441,20,0.650162187182648,0.650162187182648
"per_cell_balanced_resampling_OLS","median_resampled_slope","Northern","collection5_k2_tropical_temperate","Coldhouse","Transitional",7,11,-0.52996044475887,6,0.00187695177115147,0.00938475885575733
"per_cell_balanced_resampling_OLS","median_resampled_slope","Northern","collection5_k2_tropical_temperate","Coldhouse","Warmhouse",7,11,-0.556091893835003,4,0.00103755236149266,0.00938475885575733
"per_cell_balanced_resampling_OLS","median_resampled_slope","Northern","collection5_k2_tropical_temperate","Coldhouse","Hothouse",7,6,-0.396053639165062,2,0.00411048566034429,0.0137016188678143
"per_cell_balanced_resampling_OLS","median_resampled_slope","Northern","collection5_k2_tropical_temperate","Coolhouse","Transitional",11,11,-0.34342955371777,23,0.00755763467824674,0.0180817218207053
"per_cell_balanced_resampling_OLS","median_resampled_slope","Northern","collection5_k2_tropical_temperate","Coolhouse","Warmhouse",11,11,-0.369561002793904,24,0.00904086091035267,0.0180817218207053
"per_cell_balanced_resampling_OLS","median_resampled_slope","Northern","collection5_k2_tropical_temperate","Coolhouse","Hothouse",11,6,-0.209522748123962,15,0.0393043681198797,0.0655072801997995
"per_cell_balanced_resampling_OLS","median_resampled_slope","Northern","collection5_k2_tropical_temperate","Transitional","Warmhouse",11,11,-0.0261314490761338,50,0.255702960925058,0.365289944178655
"per_cell_balanced_resampling_OLS","median_resampled_slope","Northern","collection5_k2_tropical_temperate","Coldhouse","Coolhouse",7,11,-0.1865308910411,34,0.358576358733527,0.448220448416909
"per_cell_balanced_resampling_OLS","median_resampled_slope","Northern","collection5_k2_tropical_temperate","Transitional","Hothouse",11,6,0.133906805593808,41,0.803525660532283,0.803525660532283
"per_cell_balanced_resampling_OLS","median_resampled_slope","Northern","collection5_k2_tropical_temperate","Warmhouse","Hothouse",11,6,0.160038254669942,40,0.774508840365559,0.803525660532283
"per_cell_balanced_resampling_OLS","median_resampled_slope","Northern","collection5_k2_tropical_temperate_polar","Coldhouse","Warmhouse",3,8,-0.367009564698343,0,0.00945177150556067,0.0945177150556067
"per_cell_balanced_resampling_OLS","median_resampled_slope","Northern","collection5_k2_tropical_temperate_polar","Coldhouse","Coolhouse",3,6,-0.301239047253249,3,0.077790173896099,0.155580347792198
"per_cell_balanced_resampling_OLS","median_resampled_slope","Northern","collection5_k2_tropical_temperate_polar","Coldhouse","Transitional",3,3,-0.053356788895491,0,0.0404277991850261,0.155580347792198
"per_cell_balanced_resampling_OLS","median_resampled_slope","Northern","collection5_k2_tropical_temperate_polar","Coldhouse","Hothouse",3,2,-0.311932445913029,0,0.0744573365893828,0.155580347792198
"per_cell_balanced_resampling_OLS","median_resampled_slope","Northern","collection5_k2_tropical_temperate_polar","Transitional","Warmhouse",3,8,-0.313652775802852,4,0.06289321231947,0.155580347792198
"per_cell_balanced_resampling_OLS","median_resampled_slope","Northern","collection5_k2_tropical_temperate_polar","Transitional","Hothouse",3,2,-0.258575657017538,1,0.193238115385616,0.322063525642694
"per_cell_balanced_resampling_OLS","median_resampled_slope","Northern","collection5_k2_tropical_temperate_polar","Coolhouse","Warmhouse",6,8,-0.0657705174450943,19,0.280637918067289,0.400911311524698
"per_cell_balanced_resampling_OLS","median_resampled_slope","Northern","collection5_k2_tropical_temperate_polar","Coolhouse","Hothouse",6,2,-0.0106933986597805,6,0.566183832610904,0.70772979076363
"per_cell_balanced_resampling_OLS","median_resampled_slope","Northern","collection5_k2_tropical_temperate_polar","Warmhouse","Hothouse",8,2,0.0550771187853138,9,0.652350716608682,0.724834129565202
"per_cell_balanced_resampling_OLS","median_resampled_slope","Northern","collection5_k2_tropical_temperate_polar","Coolhouse","Transitional",6,3,0.247882258357758,12,0.81692171990297,0.81692171990297
"per_cell_balanced_resampling_OLS","median_resampled_slope","Northern","collection5_k3_tropical_temperate","Coldhouse","Transitional",5,8,-0.55695067862528,2,0.00520749732953164,0.0371273447184122
"per_cell_balanced_resampling_OLS","median_resampled_slope","Northern","collection5_k3_tropical_temperate","Coldhouse","Warmhouse",5,7,-0.556091893835003,2,0.00742546894368245,0.0371273447184122
"per_cell_balanced_resampling_OLS","median_resampled_slope","Northern","collection5_k3_tropical_temperate","Coldhouse","Hothouse",5,4,-0.396053639165062,1,0.0186682079603315,0.0383187631494136
"per_cell_balanced_resampling_OLS","median_resampled_slope","Northern","collection5_k3_tropical_temperate","Coolhouse","Transitional",6,8,-0.494838408026452,6,0.0119342210822872,0.0383187631494136
"per_cell_balanced_resampling_OLS","median_resampled_slope","Northern","collection5_k3_tropical_temperate","Coolhouse","Warmhouse",6,7,-0.493979623236175,6,0.0191593815747068,0.0383187631494136
"per_cell_balanced_resampling_OLS","median_resampled_slope","Northern","collection5_k3_tropical_temperate","Coolhouse","Hothouse",6,4,-0.333941368566233,6,0.120477334350785,0.200795557251308
"per_cell_balanced_resampling_OLS","median_resampled_slope","Northern","collection5_k3_tropical_temperate","Transitional","Warmhouse",8,7,0.000858784790276942,25,0.38616872064639,0.551669600923415
"per_cell_balanced_resampling_OLS","median_resampled_slope","Northern","collection5_k3_tropical_temperate","Coldhouse","Coolhouse",5,6,-0.0621122705988284,15,0.536367763237384,0.67045970404673
"per_cell_balanced_resampling_OLS","median_resampled_slope","Northern","collection5_k3_tropical_temperate","Transitional","Hothouse",8,4,0.160897039460219,24,0.925581726561645,0.925581726561645
"per_cell_balanced_resampling_OLS","median_resampled_slope","Northern","collection5_k3_tropical_temperate","Warmhouse","Hothouse",7,4,0.160038254669942,20,0.89034867516034,0.925581726561645
"per_cell_balanced_resampling_OLS","median_resampled_slope","Northern","collection5_k3_tropical_temperate_polar","Coldhouse","Warmhouse",2,5,-0.392476567373756,0,0.0406805646170377,0.0610208469255566
"per_cell_balanced_resampling_OLS","median_resampled_slope","Northern","collection5_k3_tropical_temperate_polar","Transitional","Warmhouse",2,5,-0.359001020171199,0,0.0406805646170377,0.0610208469255566
"per_cell_balanced_resampling_OLS","median_resampled_slope","Northern","collection5_k3_tropical_temperate_polar","Coldhouse","Transitional",2,2,-0.0334755472025562,0,0.122639058403386,0.122639058403386
"per_cell_balanced_resampling_OLS","median_resampled_slope","Northern","collection5_k3_tropical_temperate_polar","Coldhouse","Coolhouse",2,1,-0.401125709805276,NA,NA,NA
"per_cell_balanced_resampling_OLS","median_resampled_slope","Northern","collection5_k3_tropical_temperate_polar","Coldhouse","Hothouse",2,1,-0.195251454929928,NA,NA,NA
"per_cell_balanced_resampling_OLS","median_resampled_slope","Northern","collection5_k3_tropical_temperate_polar","Coolhouse","Transitional",1,2,0.36765016260272,NA,NA,NA
"per_cell_balanced_resampling_OLS","median_resampled_slope","Northern","collection5_k3_tropical_temperate_polar","Coolhouse","Warmhouse",1,5,0.00864914243152018,NA,NA,NA
"per_cell_balanced_resampling_OLS","median_resampled_slope","Northern","collection5_k3_tropical_temperate_polar","Coolhouse","Hothouse",1,1,0.205874254875347,NA,NA,NA
"per_cell_balanced_resampling_OLS","median_resampled_slope","Northern","collection5_k3_tropical_temperate_polar","Transitional","Hothouse",2,1,-0.161775907727372,NA,NA,NA
"per_cell_balanced_resampling_OLS","median_resampled_slope","Northern","collection5_k3_tropical_temperate_polar","Warmhouse","Hothouse",5,1,0.197225112443827,NA,NA,NA
"per_cell_balanced_resampling_OLS","median_resampled_slope","Northern","collection10_k1_tropical_temperate","Coldhouse","Warmhouse",12,13,-0.705587029283473,19,0.000731358293340576,0.00731358293340576
"per_cell_balanced_resampling_OLS","median_resampled_slope","Northern","collection10_k1_tropical_temperate","Coldhouse","Transitional",12,14,-0.556133588172167,33,0.00469608013549125,0.0162495614566866
"per_cell_balanced_resampling_OLS","median_resampled_slope","Northern","collection10_k1_tropical_temperate","Coldhouse","Hothouse",12,8,-0.439101861860444,14,0.00487486843700597,0.0162495614566866
"per_cell_balanced_resampling_OLS","median_resampled_slope","Northern","collection10_k1_tropical_temperate","Coolhouse","Warmhouse",13,13,-0.377387906034978,36,0.00691712819285447,0.0172928204821362
"per_cell_balanced_resampling_OLS","median_resampled_slope","Northern","collection10_k1_tropical_temperate","Coolhouse","Transitional",13,14,-0.227934464923672,57,0.0520145870286316,0.104029174057263
"per_cell_balanced_resampling_OLS","median_resampled_slope","Northern","collection10_k1_tropical_temperate","Coldhouse","Coolhouse",12,13,-0.328199123248495,57,0.132413855023378,0.220689758372297
"per_cell_balanced_resampling_OLS","median_resampled_slope","Northern","collection10_k1_tropical_temperate","Coolhouse","Hothouse",13,8,-0.110902738611948,38,0.164116502957265,0.234452147081807
"per_cell_balanced_resampling_OLS","median_resampled_slope","Northern","collection10_k1_tropical_temperate","Transitional","Warmhouse",14,13,-0.149453441111306,82,0.339996622175372,0.424995777719214
"per_cell_balanced_resampling_OLS","median_resampled_slope","Northern","collection10_k1_tropical_temperate","Transitional","Hothouse",14,8,0.117031726311723,57,0.54077189357303,0.60085765952559
"per_cell_balanced_resampling_OLS","median_resampled_slope","Northern","collection10_k1_tropical_temperate","Warmhouse","Hothouse",13,8,0.266485167423029,70,0.909841987000021,0.909841987000021
"per_cell_balanced_resampling_OLS","median_resampled_slope","Northern","collection10_k1_tropical_temperate_polar","Coldhouse","Warmhouse",5,8,-0.727655870302874,2,0.00520749732953164,0.0520749732953164
"per_cell_balanced_resampling_OLS","median_resampled_slope","Northern","collection10_k1_tropical_temperate_polar","Coldhouse","Hothouse",5,3,-0.549651941324756,0,0.0184442128535249,0.0922210642676247
"per_cell_balanced_resampling_OLS","median_resampled_slope","Northern","collection10_k1_tropical_temperate_polar","Transitional","Hothouse",3,3,-0.201769926788589,0,0.0404277991850261,0.134759330616754
"per_cell_balanced_resampling_OLS","median_resampled_slope","Northern","collection10_k1_tropical_temperate_polar","Coldhouse","Coolhouse",5,6,-0.492282351011495,6,0.0603454002637228,0.150863500659307
"per_cell_balanced_resampling_OLS","median_resampled_slope","Northern","collection10_k1_tropical_temperate_polar","Coolhouse","Warmhouse",6,8,-0.235373519291379,13,0.087622122700003,0.175244245400006
"per_cell_balanced_resampling_OLS","median_resampled_slope","Northern","collection10_k1_tropical_temperate_polar","Coldhouse","Transitional",5,3,-0.347882014536167,3,0.116518991136953,0.186837311438535
"per_cell_balanced_resampling_OLS","median_resampled_slope","Northern","collection10_k1_tropical_temperate_polar","Transitional","Warmhouse",3,8,-0.379773855766708,6,0.130786118006975,0.186837311438535
"per_cell_balanced_resampling_OLS","median_resampled_slope","Northern","collection10_k1_tropical_temperate_polar","Coolhouse","Hothouse",6,3,-0.0573695903132609,8,0.448639480630042,0.560799350787552
"per_cell_balanced_resampling_OLS","median_resampled_slope","Northern","collection10_k1_tropical_temperate_polar","Coolhouse","Transitional",6,3,0.144400336475328,12,0.81692171990297,0.907690799892189
"per_cell_balanced_resampling_OLS","median_resampled_slope","Northern","collection10_k1_tropical_temperate_polar","Warmhouse","Hothouse",8,3,0.178003928978118,18,0.907713723580059,0.907713723580059
"per_cell_balanced_resampling_OLS","median_resampled_slope","Northern","collection10_k2_tropical_temperate","Coldhouse","Transitional",5,9,-0.691113990405026,6,0.0164486958227453,0.0822434791137266
"per_cell_balanced_resampling_OLS","median_resampled_slope","Northern","collection10_k2_tropical_temperate","Coolhouse","Transitional",9,9,-0.818452625867343,13,0.00855911985239508,0.0822434791137266
"per_cell_balanced_resampling_OLS","median_resampled_slope","Northern","collection10_k2_tropical_temperate","Coldhouse","Warmhouse",5,8,-0.437219947144292,8,0.0461461695170366,0.115365423792592
"per_cell_balanced_resampling_OLS","median_resampled_slope","Northern","collection10_k2_tropical_temperate","Coolhouse","Warmhouse",9,8,-0.56455858260661,18,0.0460967981828697,0.115365423792592
"per_cell_balanced_resampling_OLS","median_resampled_slope","Northern","collection10_k2_tropical_temperate","Coldhouse","Hothouse",5,3,-0.345734942039884,2,0.0680185640570718,0.136037128114144
"per_cell_balanced_resampling_OLS","median_resampled_slope","Northern","collection10_k2_tropical_temperate","Coolhouse","Hothouse",9,3,-0.473073577502201,8,0.177612940643639,0.296021567739399
"per_cell_balanced_resampling_OLS","median_resampled_slope","Northern","collection10_k2_tropical_temperate","Warmhouse","Hothouse",8,3,0.0914850051044081,12,0.540646297285856,0.772351853265508
"per_cell_balanced_resampling_OLS","median_resampled_slope","Northern","collection10_k2_tropical_temperate","Coldhouse","Coolhouse",5,9,0.127338635462318,25,0.655421741610324,0.819277177012905
"per_cell_balanced_resampling_OLS","median_resampled_slope","Northern","collection10_k2_tropical_temperate","Transitional","Warmhouse",9,8,0.253894043260734,49,0.903034573858795,0.903034573858795
"per_cell_balanced_resampling_OLS","median_resampled_slope","Northern","collection10_k2_tropical_temperate","Transitional","Hothouse",9,3,0.345379048365142,18,0.822387059356361,0.903034573858795
"per_cell_balanced_resampling_OLS","median_resampled_slope","Northern","collection10_k2_tropical_temperate_polar","Coldhouse","Warmhouse",3,5,-0.429105860177336,2,0.0680185640570718,0.204055692171215
"per_cell_balanced_resampling_OLS","median_resampled_slope","Northern","collection10_k2_tropical_temperate_polar","Coolhouse","Warmhouse",2,5,-0.433886339748158,3,0.280637918067289,0.420956877100933
"per_cell_balanced_resampling_OLS","median_resampled_slope","Northern","collection10_k2_tropical_temperate_polar","Coldhouse","Coolhouse",3,2,0.00478047957082178,3,0.613585003657776,0.613585003657776
"per_cell_balanced_resampling_OLS","median_resampled_slope","Northern","collection10_k2_tropical_temperate_polar","Coldhouse","Transitional",3,1,-0.157405901092192,NA,NA,NA
"per_cell_balanced_resampling_OLS","median_resampled_slope","Northern","collection10_k2_tropical_temperate_polar","Coldhouse","Hothouse",3,1,-0.202949714329042,NA,NA,NA
"per_cell_balanced_resampling_OLS","median_resampled_slope","Northern","collection10_k2_tropical_temperate_polar","Coolhouse","Transitional",2,1,-0.162186380663014,NA,NA,NA
"per_cell_balanced_resampling_OLS","median_resampled_slope","Northern","collection10_k2_tropical_temperate_polar","Coolhouse","Hothouse",2,1,-0.207730193899863,NA,NA,NA
"per_cell_balanced_resampling_OLS","median_resampled_slope","Northern","collection10_k2_tropical_temperate_polar","Transitional","Warmhouse",1,5,-0.271699959085144,NA,NA,NA
"per_cell_balanced_resampling_OLS","median_resampled_slope","Northern","collection10_k2_tropical_temperate_polar","Transitional","Hothouse",1,1,-0.0455438132368493,NA,NA,NA
"per_cell_balanced_resampling_OLS","median_resampled_slope","Northern","collection10_k2_tropical_temperate_polar","Warmhouse","Hothouse",5,1,0.226156145848294,NA,NA,NA
"per_cell_balanced_resampling_OLS","median_resampled_slope","Northern","collection10_k3_tropical_temperate","Coldhouse","Hothouse",2,3,-0.248747502592385,0,0.0744573365893828,0.372286682946914
"per_cell_balanced_resampling_OLS","median_resampled_slope","Northern","collection10_k3_tropical_temperate","Coolhouse","Transitional",3,6,-0.86745061145908,2,0.0466449780918023,0.372286682946914
"per_cell_balanced_resampling_OLS","median_resampled_slope","Northern","collection10_k3_tropical_temperate","Coldhouse","Transitional",2,6,-0.643124536549265,2,0.121672504574381,0.405575015247937
"per_cell_balanced_resampling_OLS","median_resampled_slope","Northern","collection10_k3_tropical_temperate","Coldhouse","Warmhouse",2,3,-0.332118420729838,1,0.193238115385616,0.483095288464041
"per_cell_balanced_resampling_OLS","median_resampled_slope","Northern","collection10_k3_tropical_temperate","Coolhouse","Warmhouse",3,3,-0.556444495639654,3,0.331260291770029,0.552100486283381
"per_cell_balanced_resampling_OLS","median_resampled_slope","Northern","collection10_k3_tropical_temperate","Coolhouse","Hothouse",3,3,-0.473073577502201,3,0.331260291770029,0.552100486283381
"per_cell_balanced_resampling_OLS","median_resampled_slope","Northern","collection10_k3_tropical_temperate","Warmhouse","Hothouse",3,3,0.0833709181374524,4,0.5,0.714285714285714
"per_cell_balanced_resampling_OLS","median_resampled_slope","Northern","collection10_k3_tropical_temperate","Coldhouse","Coolhouse",2,3,0.224326074909816,4,0.806761884614384,0.907690799892189
"per_cell_balanced_resampling_OLS","median_resampled_slope","Northern","collection10_k3_tropical_temperate","Transitional","Hothouse",6,3,0.394377033956879,12,0.81692171990297,0.907690799892189
"per_cell_balanced_resampling_OLS","median_resampled_slope","Northern","collection10_k3_tropical_temperate","Transitional","Warmhouse",6,3,0.311006115819427,14,0.922209826103901,0.922209826103901
"per_cell_balanced_resampling_OLS","median_resampled_slope","Northern","collection10_k3_tropical_temperate_polar","Coldhouse","Coolhouse",1,0,NA,NA,NA,NA
"per_cell_balanced_resampling_OLS","median_resampled_slope","Northern","collection10_k3_tropical_temperate_polar","Coldhouse","Transitional",1,0,NA,NA,NA,NA
"per_cell_balanced_resampling_OLS","median_resampled_slope","Northern","collection10_k3_tropical_temperate_polar","Coldhouse","Warmhouse",1,3,-0.235130981282339,NA,NA,NA
"per_cell_balanced_resampling_OLS","median_resampled_slope","Northern","collection10_k3_tropical_temperate_polar","Coldhouse","Hothouse",1,0,NA,NA,NA,NA
"per_cell_balanced_resampling_OLS","median_resampled_slope","Northern","collection10_k3_tropical_temperate_polar","Coolhouse","Transitional",0,0,NA,NA,NA,NA
"per_cell_balanced_resampling_OLS","median_resampled_slope","Northern","collection10_k3_tropical_temperate_polar","Coolhouse","Warmhouse",0,3,NA,NA,NA,NA
"per_cell_balanced_resampling_OLS","median_resampled_slope","Northern","collection10_k3_tropical_temperate_polar","Coolhouse","Hothouse",0,0,NA,NA,NA,NA
"per_cell_balanced_resampling_OLS","median_resampled_slope","Northern","collection10_k3_tropical_temperate_polar","Transitional","Warmhouse",0,3,NA,NA,NA,NA
"per_cell_balanced_resampling_OLS","median_resampled_slope","Northern","collection10_k3_tropical_temperate_polar","Transitional","Hothouse",0,0,NA,NA,NA,NA
"per_cell_balanced_resampling_OLS","median_resampled_slope","Northern","collection10_k3_tropical_temperate_polar","Warmhouse","Hothouse",3,0,NA,NA,NA,NA
"per_cell_balanced_resampling_OLS","median_resampled_slope","Southern","occurrence5_k1_tropical_temperate","Coldhouse","Hothouse",11,14,-0.417015119671392,39,0.0200395195334188,0.100197597667094
"per_cell_balanced_resampling_OLS","median_resampled_slope","Southern","occurrence5_k1_tropical_temperate","Transitional","Hothouse",15,14,-0.19314066802714,57,0.019082884729415,0.100197597667094
"per_cell_balanced_resampling_OLS","median_resampled_slope","Southern","occurrence5_k1_tropical_temperate","Coldhouse","Coolhouse",11,17,-0.176829009280102,56,0.0408861512967953,0.102215378241988
"per_cell_balanced_resampling_OLS","median_resampled_slope","Southern","occurrence5_k1_tropical_temperate","Coldhouse","Warmhouse",11,12,-0.331050791245617,37,0.0397106490731382,0.102215378241988
"per_cell_balanced_resampling_OLS","median_resampled_slope","Southern","occurrence5_k1_tropical_temperate","Coldhouse","Transitional",11,15,-0.223874451644252,52,0.0597354933858504,0.119470986771701
"per_cell_balanced_resampling_OLS","median_resampled_slope","Southern","occurrence5_k1_tropical_temperate","Transitional","Warmhouse",15,12,-0.107176339601365,63,0.0979938405082913,0.163323067513819
"per_cell_balanced_resampling_OLS","median_resampled_slope","Southern","occurrence5_k1_tropical_temperate","Coolhouse","Hothouse",17,14,-0.24018611039129,89,0.120803574116573,0.172576534452247
"per_cell_balanced_resampling_OLS","median_resampled_slope","Southern","occurrence5_k1_tropical_temperate","Warmhouse","Hothouse",12,14,-0.0859643284257747,63,0.145848486794744,0.18231060849343
"per_cell_balanced_resampling_OLS","median_resampled_slope","Southern","occurrence5_k1_tropical_temperate","Coolhouse","Warmhouse",17,12,-0.154221781965515,87,0.260413609691246,0.289348455212495
"per_cell_balanced_resampling_OLS","median_resampled_slope","Southern","occurrence5_k1_tropical_temperate","Coolhouse","Transitional",17,15,-0.0470454423641501,124,0.454901021434357,0.454901021434357
"per_cell_balanced_resampling_OLS","median_resampled_slope","Southern","occurrence5_k1_tropical_temperate_polar","Coolhouse","Hothouse",9,10,-0.296799485833824,14,0.00638150376632062,0.0350481927848999
"per_cell_balanced_resampling_OLS","median_resampled_slope","Southern","occurrence5_k1_tropical_temperate_polar","Transitional","Hothouse",10,10,-0.248408100063881,17,0.00700963855697998,0.0350481927848999
"per_cell_balanced_resampling_OLS","median_resampled_slope","Southern","occurrence5_k1_tropical_temperate_polar","Coolhouse","Warmhouse",9,8,-0.198105762863029,17,0.0375246173604008,0.125082057868003
"per_cell_balanced_resampling_OLS","median_resampled_slope","Southern","occurrence5_k1_tropical_temperate_polar","Warmhouse","Hothouse",8,10,-0.0986937229707948,21,0.050112052808869,0.125280132022172
"per_cell_balanced_resampling_OLS","median_resampled_slope","Southern","occurrence5_k1_tropical_temperate_polar","Transitional","Warmhouse",10,8,-0.149714377093086,23,0.0713154978948937,0.142630995789787
"per_cell_balanced_resampling_OLS","median_resampled_slope","Southern","occurrence5_k1_tropical_temperate_polar","Coldhouse","Hothouse",4,10,-0.215904969031553,11,0.114665971195824,0.19110995199304
"per_cell_balanced_resampling_OLS","median_resampled_slope","Southern","occurrence5_k1_tropical_temperate_polar","Coolhouse","Transitional",9,10,-0.0483913857699428,36,0.243834176729465,0.34833453818495
"per_cell_balanced_resampling_OLS","median_resampled_slope","Southern","occurrence5_k1_tropical_temperate_polar","Coldhouse","Warmhouse",4,8,-0.117211246060758,13,0.335562729194906,0.419453411493633
"per_cell_balanced_resampling_OLS","median_resampled_slope","Southern","occurrence5_k1_tropical_temperate_polar","Coldhouse","Transitional",4,10,0.0325031310323284,22,0.638163195084118,0.709070216760132
"per_cell_balanced_resampling_OLS","median_resampled_slope","Southern","occurrence5_k1_tropical_temperate_polar","Coldhouse","Coolhouse",4,9,0.0808945168022712,23,0.801967089645531,0.801967089645531
"per_cell_balanced_resampling_OLS","median_resampled_slope","Southern","occurrence5_k2_tropical_temperate","Coldhouse","Hothouse",8,11,-0.353509355713229,18,0.0176198518868838,0.171765289091399
"per_cell_balanced_resampling_OLS","median_resampled_slope","Southern","occurrence5_k2_tropical_temperate","Transitional","Hothouse",7,11,-0.226338015950044,19,0.0426465592759705,0.171765289091399
"per_cell_balanced_resampling_OLS","median_resampled_slope","Southern","occurrence5_k2_tropical_temperate","Warmhouse","Hothouse",7,11,-0.235382413861167,20,0.0515295867274198,0.171765289091399
"per_cell_balanced_resampling_OLS","median_resampled_slope","Southern","occurrence5_k2_tropical_temperate","Coldhouse","Coolhouse",8,12,-0.170108329035803,29,0.0767458578105445,0.191864644526361
"per_cell_balanced_resampling_OLS","median_resampled_slope","Southern","occurrence5_k2_tropical_temperate","Coolhouse","Hothouse",12,11,-0.183401026677427,48,0.140728842422311,0.281457684844622
"per_cell_balanced_resampling_OLS","median_resampled_slope","Southern","occurrence5_k2_tropical_temperate","Coldhouse","Transitional",8,7,-0.127171339763185,21,0.225956729139537,0.322795327342195
"per_cell_balanced_resampling_OLS","median_resampled_slope","Southern","occurrence5_k2_tropical_temperate","Coldhouse","Warmhouse",8,7,-0.118126941852062,21,0.225956729139537,0.322795327342195
"per_cell_balanced_resampling_OLS","median_resampled_slope","Southern","occurrence5_k2_tropical_temperate","Transitional","Warmhouse",7,7,0.0090443979111233,25,0.550836606365381,0.688545757956726
"per_cell_balanced_resampling_OLS","median_resampled_slope","Southern","occurrence5_k2_tropical_temperate","Coolhouse","Transitional",12,7,0.0429369892726175,52,0.81257142865833,0.81257142865833
"per_cell_balanced_resampling_OLS","median_resampled_slope","Southern","occurrence5_k2_tropical_temperate","Coolhouse","Warmhouse",12,7,0.0519813871837408,51,0.788982732543436,0.81257142865833
"per_cell_balanced_resampling_OLS","median_resampled_slope","Southern","occurrence5_k2_tropical_temperate_polar","Coolhouse","Hothouse",6,6,-0.288797363476089,6,0.0327760805827513,0.196656483496508
"per_cell_balanced_resampling_OLS","median_resampled_slope","Southern","occurrence5_k2_tropical_temperate_polar","Transitional","Hothouse",3,6,-0.232847643172056,3,0.077790173896099,0.233370521688297
"per_cell_balanced_resampling_OLS","median_resampled_slope","Southern","occurrence5_k2_tropical_temperate_polar","Warmhouse","Hothouse",4,6,-0.130942437604159,7,0.168677825888181,0.337355651776362
"per_cell_balanced_resampling_OLS","median_resampled_slope","Southern","occurrence5_k2_tropical_temperate_polar","Coolhouse","Warmhouse",6,4,-0.157854925871929,8,0.227772546894665,0.341658820341998
"per_cell_balanced_resampling_OLS","median_resampled_slope","Southern","occurrence5_k2_tropical_temperate_polar","Coolhouse","Transitional",6,3,-0.0559497203040324,7,0.349267679151669,0.349267679151669
"per_cell_balanced_resampling_OLS","median_resampled_slope","Southern","occurrence5_k2_tropical_temperate_polar","Transitional","Warmhouse",3,4,-0.101905205567897,4,0.297941545282589,0.349267679151669
"per_cell_balanced_resampling_OLS","median_resampled_slope","Southern","occurrence5_k2_tropical_temperate_polar","Coldhouse","Coolhouse",1,6,0.147280877067054,NA,NA,NA
"per_cell_balanced_resampling_OLS","median_resampled_slope","Southern","occurrence5_k2_tropical_temperate_polar","Coldhouse","Transitional",1,3,0.0913311567630216,NA,NA,NA
"per_cell_balanced_resampling_OLS","median_resampled_slope","Southern","occurrence5_k2_tropical_temperate_polar","Coldhouse","Warmhouse",1,4,-0.0105740488048754,NA,NA,NA
"per_cell_balanced_resampling_OLS","median_resampled_slope","Southern","occurrence5_k2_tropical_temperate_polar","Coldhouse","Hothouse",1,6,-0.141516486409035,NA,NA,NA
"per_cell_balanced_resampling_OLS","median_resampled_slope","Southern","occurrence5_k3_tropical_temperate","Coldhouse","Warmhouse",2,4,-0.128621771823461,1,0.123579986605954,0.247159973211907
"per_cell_balanced_resampling_OLS","median_resampled_slope","Southern","occurrence5_k3_tropical_temperate","Coldhouse","Hothouse",2,6,-0.409097964661977,2,0.121672504574381,0.247159973211907
"per_cell_balanced_resampling_OLS","median_resampled_slope","Southern","occurrence5_k3_tropical_temperate","Coolhouse","Hothouse",7,6,-0.265515587943749,12,0.11231931946189,0.247159973211907
"per_cell_balanced_resampling_OLS","median_resampled_slope","Southern","occurrence5_k3_tropical_temperate","Transitional","Hothouse",5,6,-0.281926624898792,7,0.0854517601153987,0.247159973211907
"per_cell_balanced_resampling_OLS","median_resampled_slope","Southern","occurrence5_k3_tropical_temperate","Warmhouse","Hothouse",4,6,-0.280476192838516,6,0.120477334350785,0.247159973211907
"per_cell_balanced_resampling_OLS","median_resampled_slope","Southern","occurrence5_k3_tropical_temperate","Coldhouse","Coolhouse",2,7,-0.143582376718229,3,0.152753543430627,0.254589239051045
"per_cell_balanced_resampling_OLS","median_resampled_slope","Southern","occurrence5_k3_tropical_temperate","Coldhouse","Transitional",2,5,-0.127171339763185,3,0.280637918067289,0.400911311524698
"per_cell_balanced_resampling_OLS","median_resampled_slope","Southern","occurrence5_k3_tropical_temperate","Transitional","Warmhouse",5,4,-0.00145043206027562,8,0.356651586939229,0.445814483674036
"per_cell_balanced_resampling_OLS","median_resampled_slope","Southern","occurrence5_k3_tropical_temperate","Coolhouse","Warmhouse",7,4,0.0149606048947679,14,0.537640481256615,0.59737831250735
"per_cell_balanced_resampling_OLS","median_resampled_slope","Southern","occurrence5_k3_tropical_temperate","Coolhouse","Transitional",7,5,0.0164110369550436,21,0.742024151820726,0.742024151820726
"per_cell_balanced_resampling_OLS","median_resampled_slope","Southern","occurrence5_k3_tropical_temperate_polar","Coolhouse","Hothouse",4,2,-0.437964587143296,0,0.0525962525600207,0.315577515360124
"per_cell_balanced_resampling_OLS","median_resampled_slope","Southern","occurrence5_k3_tropical_temperate_polar","Transitional","Hothouse",2,2,-0.400106647340844,0,0.122639058403386,0.367917175210159
"per_cell_balanced_resampling_OLS","median_resampled_slope","Southern","occurrence5_k3_tropical_temperate_polar","Coolhouse","Transitional",4,2,-0.0378579398024521,3,0.408480660857696,0.408480660857696
"per_cell_balanced_resampling_OLS","median_resampled_slope","Southern","occurrence5_k3_tropical_temperate_polar","Coolhouse","Warmhouse",4,2,-0.176729850135527,2,0.243726645182017,0.408480660857696
"per_cell_balanced_resampling_OLS","median_resampled_slope","Southern","occurrence5_k3_tropical_temperate_polar","Transitional","Warmhouse",2,2,-0.138871910333075,1,0.349267679151669,0.408480660857696
"per_cell_balanced_resampling_OLS","median_resampled_slope","Southern","occurrence5_k3_tropical_temperate_polar","Warmhouse","Hothouse",2,2,-0.261234737007769,1,0.349267679151669,0.408480660857696
"per_cell_balanced_resampling_OLS","median_resampled_slope","Southern","occurrence5_k3_tropical_temperate_polar","Coldhouse","Coolhouse",0,4,NA,NA,NA,NA
"per_cell_balanced_resampling_OLS","median_resampled_slope","Southern","occurrence5_k3_tropical_temperate_polar","Coldhouse","Transitional",0,2,NA,NA,NA,NA
"per_cell_balanced_resampling_OLS","median_resampled_slope","Southern","occurrence5_k3_tropical_temperate_polar","Coldhouse","Warmhouse",0,2,NA,NA,NA,NA
"per_cell_balanced_resampling_OLS","median_resampled_slope","Southern","occurrence5_k3_tropical_temperate_polar","Coldhouse","Hothouse",0,2,NA,NA,NA,NA
"per_cell_balanced_resampling_OLS","median_resampled_slope","Southern","occurrence10_k1_tropical_temperate","Coldhouse","Hothouse",11,14,-0.402086844150752,39,0.0200395195334188,0.158291571980795
"per_cell_balanced_resampling_OLS","median_resampled_slope","Southern","occurrence10_k1_tropical_temperate","Transitional","Hothouse",13,14,-0.272025707563398,53,0.0343999939827828,0.158291571980795
"per_cell_balanced_resampling_OLS","median_resampled_slope","Southern","occurrence10_k1_tropical_temperate","Warmhouse","Hothouse",11,14,-0.196700876746078,46,0.0474874715942386,0.158291571980795
"per_cell_balanced_resampling_OLS","median_resampled_slope","Southern","occurrence10_k1_tropical_temperate","Coldhouse","Warmhouse",11,11,-0.205385967404674,42,0.118608763876891,0.237217527753781
"per_cell_balanced_resampling_OLS","median_resampled_slope","Southern","occurrence10_k1_tropical_temperate","Coolhouse","Hothouse",17,14,-0.362024694022368,87,0.105582648564362,0.237217527753781
"per_cell_balanced_resampling_OLS","median_resampled_slope","Southern","occurrence10_k1_tropical_temperate","Coolhouse","Warmhouse",17,11,-0.16532381727629,72,0.161613552997871,0.269355921663118
"per_cell_balanced_resampling_OLS","median_resampled_slope","Southern","occurrence10_k1_tropical_temperate","Coldhouse","Coolhouse",11,17,-0.0400621501283837,81,0.286212202796106,0.357228602443639
"per_cell_balanced_resampling_OLS","median_resampled_slope","Southern","occurrence10_k1_tropical_temperate","Coldhouse","Transitional",11,13,-0.130061136587354,63,0.321505742199276,0.357228602443639
"per_cell_balanced_resampling_OLS","median_resampled_slope","Southern","occurrence10_k1_tropical_temperate","Transitional","Warmhouse",13,11,-0.0753248308173199,63,0.321505742199276,0.357228602443639
"per_cell_balanced_resampling_OLS","median_resampled_slope","Southern","occurrence10_k1_tropical_temperate","Coolhouse","Transitional",17,13,-0.0899989864589704,102,0.368882694590985,0.368882694590985
"per_cell_balanced_resampling_OLS","median_resampled_slope","Southern","occurrence10_k1_tropical_temperate_polar","Coolhouse","Warmhouse",9,8,-0.248488890815745,10,0.00706898472795575,0.0706898472795575
"per_cell_balanced_resampling_OLS","median_resampled_slope","Southern","occurrence10_k1_tropical_temperate_polar","Coolhouse","Hothouse",9,8,-0.406883703777837,14,0.0192806237987123,0.0964031189935615
"per_cell_balanced_resampling_OLS","median_resampled_slope","Southern","occurrence10_k1_tropical_temperate_polar","Transitional","Hothouse",7,8,-0.450394601442186,13,0.0466687735890115,0.155562578630038
"per_cell_balanced_resampling_OLS","median_resampled_slope","Southern","occurrence10_k1_tropical_temperate_polar","Transitional","Warmhouse",7,8,-0.291999788480094,16,0.0916164884644109,0.183232976928822
"per_cell_balanced_resampling_OLS","median_resampled_slope","Southern","occurrence10_k1_tropical_temperate_polar","Warmhouse","Hothouse",8,8,-0.158394812962091,18,0.0781269790136817,0.183232976928822
"per_cell_balanced_resampling_OLS","median_resampled_slope","Southern","occurrence10_k1_tropical_temperate_polar","Coldhouse","Hothouse",4,8,-0.328948814228539,9,0.134803052284104,0.224671753806841
"per_cell_balanced_resampling_OLS","median_resampled_slope","Southern","occurrence10_k1_tropical_temperate_polar","Coldhouse","Warmhouse",4,8,-0.170554001266447,12,0.276107111017075,0.372892367502125
"per_cell_balanced_resampling_OLS","median_resampled_slope","Southern","occurrence10_k1_tropical_temperate_polar","Coolhouse","Transitional",9,7,0.0435108976643489,26,0.2983138940017,0.372892367502125
"per_cell_balanced_resampling_OLS","median_resampled_slope","Southern","occurrence10_k1_tropical_temperate_polar","Coldhouse","Transitional",4,7,0.121445787213647,17,0.745834213223927,0.828704681359919
"per_cell_balanced_resampling_OLS","median_resampled_slope","Southern","occurrence10_k1_tropical_temperate_polar","Coldhouse","Coolhouse",4,9,0.077934889549298,24,0.842062760084755,0.842062760084755
"per_cell_balanced_resampling_OLS","median_resampled_slope","Southern","occurrence10_k2_tropical_temperate","Coldhouse","Coolhouse",5,10,-0.0998885201564585,12,0.06289321231947,0.157233030798675
"per_cell_balanced_resampling_OLS","median_resampled_slope","Southern","occurrence10_k2_tropical_temperate","Coldhouse","Hothouse",5,8,-0.544657763259569,9,0.0621414370312762,0.157233030798675
"per_cell_balanced_resampling_OLS","median_resampled_slope","Southern","occurrence10_k2_tropical_temperate","Transitional","Hothouse",7,8,-0.467394135506705,13,0.0466687735890115,0.157233030798675
"per_cell_balanced_resampling_OLS","median_resampled_slope","Southern","occurrence10_k2_tropical_temperate","Warmhouse","Hothouse",7,8,-0.467915161190762,13,0.0466687735890115,0.157233030798675
"per_cell_balanced_resampling_OLS","median_resampled_slope","Southern","occurrence10_k2_tropical_temperate","Coldhouse","Warmhouse",5,7,-0.0767426020688067,14,0.313058739958369,0.626117479916739
"per_cell_balanced_resampling_OLS","median_resampled_slope","Southern","occurrence10_k2_tropical_temperate","Coolhouse","Hothouse",10,8,-0.44476924310311,37,0.41210601955166,0.641661990906599
"per_cell_balanced_resampling_OLS","median_resampled_slope","Southern","occurrence10_k2_tropical_temperate","Transitional","Warmhouse",7,7,0.00052102568405718,23,0.449163393634619,0.641661990906599
"per_cell_balanced_resampling_OLS","median_resampled_slope","Southern","occurrence10_k2_tropical_temperate","Coldhouse","Transitional",5,7,-0.0772636277528639,18,0.564504402601268,0.705630503251585
"per_cell_balanced_resampling_OLS","median_resampled_slope","Southern","occurrence10_k2_tropical_temperate","Coolhouse","Transitional",10,7,0.0226248924035946,44,0.823064007800678,0.823064007800678
"per_cell_balanced_resampling_OLS","median_resampled_slope","Southern","occurrence10_k2_tropical_temperate","Coolhouse","Warmhouse",10,7,0.0231459180876518,42,0.767892843614484,0.823064007800678
"per_cell_balanced_resampling_OLS","median_resampled_slope","Southern","occurrence10_k2_tropical_temperate_polar","Coolhouse","Hothouse",6,2,-0.545225991235296,0,0.0333765075848173,0.148914673178766
"per_cell_balanced_resampling_OLS","median_resampled_slope","Southern","occurrence10_k2_tropical_temperate_polar","Transitional","Hothouse",3,2,-0.446104740714005,0,0.0744573365893828,0.148914673178766
"per_cell_balanced_resampling_OLS","median_resampled_slope","Southern","occurrence10_k2_tropical_temperate_polar","Warmhouse","Hothouse",4,2,-0.342394279917884,0,0.0525962525600207,0.148914673178766
"per_cell_balanced_resampling_OLS","median_resampled_slope","Southern","occurrence10_k2_tropical_temperate_polar","Coolhouse","Warmhouse",6,4,-0.202831711317413,6,0.120477334350785,0.180716001526178
"per_cell_balanced_resampling_OLS","median_resampled_slope","Southern","occurrence10_k2_tropical_temperate_polar","Coolhouse","Transitional",6,3,-0.0991212505212917,6,0.259302508214363,0.297941545282589
"per_cell_balanced_resampling_OLS","median_resampled_slope","Southern","occurrence10_k2_tropical_temperate_polar","Transitional","Warmhouse",3,4,-0.103710460796121,4,0.297941545282589,0.297941545282589
"per_cell_balanced_resampling_OLS","median_resampled_slope","Southern","occurrence10_k2_tropical_temperate_polar","Coldhouse","Coolhouse",0,6,NA,NA,NA,NA
"per_cell_balanced_resampling_OLS","median_resampled_slope","Southern","occurrence10_k2_tropical_temperate_polar","Coldhouse","Transitional",0,3,NA,NA,NA,NA
"per_cell_balanced_resampling_OLS","median_resampled_slope","Southern","occurrence10_k2_tropical_temperate_polar","Coldhouse","Warmhouse",0,4,NA,NA,NA,NA
"per_cell_balanced_resampling_OLS","median_resampled_slope","Southern","occurrence10_k2_tropical_temperate_polar","Coldhouse","Hothouse",0,2,NA,NA,NA,NA
"per_cell_balanced_resampling_OLS","median_resampled_slope","Southern","occurrence10_k3_tropical_temperate","Transitional","Hothouse",5,4,-0.673518705615871,0,0.00998222665260803,0.0455742329648662
"per_cell_balanced_resampling_OLS","median_resampled_slope","Southern","occurrence10_k3_tropical_temperate","Warmhouse","Hothouse",4,4,-0.703699742143773,0,0.0151914109882887,0.0455742329648662
"per_cell_balanced_resampling_OLS","median_resampled_slope","Southern","occurrence10_k3_tropical_temperate","Coolhouse","Hothouse",6,4,-0.735637899382049,4,0.0549097044076186,0.109819408815237
"per_cell_balanced_resampling_OLS","median_resampled_slope","Southern","occurrence10_k3_tropical_temperate","Coolhouse","Warmhouse",6,4,-0.031938157238276,9,0.297016170299521,0.445524255449281
"per_cell_balanced_resampling_OLS","median_resampled_slope","Southern","occurrence10_k3_tropical_temperate","Coolhouse","Transitional",6,5,-0.0621191937661783,15,0.536367763237384,0.54873837491116
"per_cell_balanced_resampling_OLS","median_resampled_slope","Southern","occurrence10_k3_tropical_temperate","Transitional","Warmhouse",5,4,0.0301810365279023,10,0.54873837491116,0.54873837491116
"per_cell_balanced_resampling_OLS","median_resampled_slope","Southern","occurrence10_k3_tropical_temperate","Coldhouse","Coolhouse",1,6,-0.0542011887394274,NA,NA,NA
"per_cell_balanced_resampling_OLS","median_resampled_slope","Southern","occurrence10_k3_tropical_temperate","Coldhouse","Transitional",1,5,-0.116320382505606,NA,NA,NA
"per_cell_balanced_resampling_OLS","median_resampled_slope","Southern","occurrence10_k3_tropical_temperate","Coldhouse","Warmhouse",1,4,-0.0861393459777034,NA,NA,NA
"per_cell_balanced_resampling_OLS","median_resampled_slope","Southern","occurrence10_k3_tropical_temperate","Coldhouse","Hothouse",1,4,-0.789839088121476,NA,NA,NA
"per_cell_balanced_resampling_OLS","median_resampled_slope","Southern","occurrence10_k3_tropical_temperate_polar","Coolhouse","Transitional",3,2,-0.124405059295561,0,0.0744573365893828,0.147166870084064
"per_cell_balanced_resampling_OLS","median_resampled_slope","Southern","occurrence10_k3_tropical_temperate_polar","Coolhouse","Warmhouse",3,2,-0.232945994990192,0,0.0744573365893828,0.147166870084064
"per_cell_balanced_resampling_OLS","median_resampled_slope","Southern","occurrence10_k3_tropical_temperate_polar","Coolhouse","Hothouse",3,2,-0.554348255297618,0,0.0744573365893828,0.147166870084064
"per_cell_balanced_resampling_OLS","median_resampled_slope","Southern","occurrence10_k3_tropical_temperate_polar","Transitional","Hothouse",2,2,-0.429943196002056,0,0.122639058403386,0.147166870084064
"per_cell_balanced_resampling_OLS","median_resampled_slope","Southern","occurrence10_k3_tropical_temperate_polar","Warmhouse","Hothouse",2,2,-0.321402260307426,0,0.122639058403386,0.147166870084064
"per_cell_balanced_resampling_OLS","median_resampled_slope","Southern","occurrence10_k3_tropical_temperate_polar","Transitional","Warmhouse",2,2,-0.10854093569463,2,0.650732320848331,0.650732320848331
"per_cell_balanced_resampling_OLS","median_resampled_slope","Southern","occurrence10_k3_tropical_temperate_polar","Coldhouse","Coolhouse",0,3,NA,NA,NA,NA
"per_cell_balanced_resampling_OLS","median_resampled_slope","Southern","occurrence10_k3_tropical_temperate_polar","Coldhouse","Transitional",0,2,NA,NA,NA,NA
"per_cell_balanced_resampling_OLS","median_resampled_slope","Southern","occurrence10_k3_tropical_temperate_polar","Coldhouse","Warmhouse",0,2,NA,NA,NA,NA
"per_cell_balanced_resampling_OLS","median_resampled_slope","Southern","occurrence10_k3_tropical_temperate_polar","Coldhouse","Hothouse",0,2,NA,NA,NA,NA
"per_cell_balanced_resampling_OLS","median_resampled_slope","Southern","collection5_k1_tropical_temperate","Coldhouse","Hothouse",11,13,-0.295555072644683,33,0.0138471857972601,0.0692359289863007
"per_cell_balanced_resampling_OLS","median_resampled_slope","Southern","collection5_k1_tropical_temperate","Transitional","Hothouse",15,13,-0.142032024417954,48,0.0119977322982034,0.0692359289863007
"per_cell_balanced_resampling_OLS","median_resampled_slope","Southern","collection5_k1_tropical_temperate","Coldhouse","Warmhouse",11,11,-0.169189869082229,34,0.0438840559151621,0.125095388415562
"per_cell_balanced_resampling_OLS","median_resampled_slope","Southern","collection5_k1_tropical_temperate","Coolhouse","Hothouse",16,13,-0.292473738018698,66,0.0500381553662249,0.125095388415562
"per_cell_balanced_resampling_OLS","median_resampled_slope","Southern","collection5_k1_tropical_temperate","Warmhouse","Hothouse",11,13,-0.126365203562454,47,0.0821920237940066,0.164384047588013
"per_cell_balanced_resampling_OLS","median_resampled_slope","Southern","collection5_k1_tropical_temperate","Coldhouse","Transitional",11,15,-0.153523048226729,60,0.126768903098971,0.211281505164952
"per_cell_balanced_resampling_OLS","median_resampled_slope","Southern","collection5_k1_tropical_temperate","Coldhouse","Coolhouse",11,16,-0.00308133462598495,67,0.155864498124165,0.222663568748807
"per_cell_balanced_resampling_OLS","median_resampled_slope","Southern","collection5_k1_tropical_temperate","Coolhouse","Warmhouse",16,11,-0.166108534456244,72,0.222174823605111,0.24686091511679
"per_cell_balanced_resampling_OLS","median_resampled_slope","Southern","collection5_k1_tropical_temperate","Transitional","Warmhouse",15,11,-0.0156668208555,66,0.203156651079896,0.24686091511679
"per_cell_balanced_resampling_OLS","median_resampled_slope","Southern","collection5_k1_tropical_temperate","Coolhouse","Transitional",16,15,-0.150441713600744,106,0.296797267194173,0.296797267194173
"per_cell_balanced_resampling_OLS","median_resampled_slope","Southern","collection5_k1_tropical_temperate_polar","Coolhouse","Warmhouse",9,7,-0.265790011747188,8,0.0074545795581525,0.024848598527175
"per_cell_balanced_resampling_OLS","median_resampled_slope","Southern","collection5_k1_tropical_temperate_polar","Coolhouse","Hothouse",9,7,-0.442291287943942,6,0.00406911366678796,0.024848598527175
"per_cell_balanced_resampling_OLS","median_resampled_slope","Southern","collection5_k1_tropical_temperate_polar","Transitional","Hothouse",9,7,-0.336593362640336,8,0.0074545795581525,0.024848598527175
"per_cell_balanced_resampling_OLS","median_resampled_slope","Southern","collection5_k1_tropical_temperate_polar","Coldhouse","Hothouse",4,7,-0.349961756052318,5,0.0540986237618508,0.10433419134193
"per_cell_balanced_resampling_OLS","median_resampled_slope","Southern","collection5_k1_tropical_temperate_polar","Transitional","Warmhouse",9,7,-0.160092086443582,16,0.0561693629149115,0.10433419134193
"per_cell_balanced_resampling_OLS","median_resampled_slope","Southern","collection5_k1_tropical_temperate_polar","Warmhouse","Hothouse",7,7,-0.176501276196754,12,0.0626005148051577,0.10433419134193
"per_cell_balanced_resampling_OLS","median_resampled_slope","Southern","collection5_k1_tropical_temperate_polar","Coolhouse","Transitional",9,9,-0.105697925303607,26,0.108186504028819,0.154552148612598
"per_cell_balanced_resampling_OLS","median_resampled_slope","Southern","collection5_k1_tropical_temperate_polar","Coldhouse","Warmhouse",4,7,-0.173460479855564,8,0.149308837224405,0.186636046530506
"per_cell_balanced_resampling_OLS","median_resampled_slope","Southern","collection5_k1_tropical_temperate_polar","Coldhouse","Transitional",4,9,-0.0133683934119822,19,0.591519339142304,0.657243710158116
"per_cell_balanced_resampling_OLS","median_resampled_slope","Southern","collection5_k1_tropical_temperate_polar","Coldhouse","Coolhouse",4,9,0.0923295318916244,23,0.801967089645531,0.801967089645531
"per_cell_balanced_resampling_OLS","median_resampled_slope","Southern","collection5_k2_tropical_temperate","Coldhouse","Hothouse",4,6,-0.851006682651514,2,0.0214128046154457,0.107064023077228
"per_cell_balanced_resampling_OLS","median_resampled_slope","Southern","collection5_k2_tropical_temperate","Transitional","Hothouse",7,6,-0.394501522796006,6,0.0191593815747068,0.107064023077228
"per_cell_balanced_resampling_OLS","median_resampled_slope","Southern","collection5_k2_tropical_temperate","Warmhouse","Hothouse",7,6,-0.50437175200123,8,0.0370727655557034,0.123575885185678
"per_cell_balanced_resampling_OLS","median_resampled_slope","Southern","collection5_k2_tropical_temperate","Coldhouse","Coolhouse",4,10,-0.364989183047341,8,0.0519380785315425,0.129845196328856
"per_cell_balanced_resampling_OLS","median_resampled_slope","Southern","collection5_k2_tropical_temperate","Coldhouse","Warmhouse",4,7,-0.346634930650283,7,0.109651324839659,0.182752208066099
"per_cell_balanced_resampling_OLS","median_resampled_slope","Southern","collection5_k2_tropical_temperate","Coolhouse","Hothouse",10,6,-0.486017499604173,18,0.106134571445986,0.182752208066099
"per_cell_balanced_resampling_OLS","median_resampled_slope","Southern","collection5_k2_tropical_temperate","Coldhouse","Transitional",4,7,-0.456505159855508,9,0.197545792452075,0.282208274931536
"per_cell_balanced_resampling_OLS","median_resampled_slope","Southern","collection5_k2_tropical_temperate","Transitional","Warmhouse",7,7,0.109870229205225,24,0.5,0.625
"per_cell_balanced_resampling_OLS","median_resampled_slope","Southern","collection5_k2_tropical_temperate","Coolhouse","Transitional",10,7,-0.0915159768081669,42,0.767892843614484,0.767892843614484
"per_cell_balanced_resampling_OLS","median_resampled_slope","Southern","collection5_k2_tropical_temperate","Coolhouse","Warmhouse",10,7,0.0183542523970576,42,0.767892843614484,0.767892843614484
"per_cell_balanced_resampling_OLS","median_resampled_slope","Southern","collection5_k2_tropical_temperate_polar","Coolhouse","Hothouse",6,3,-0.42421646812366,0,0.0140929010739537,0.0845574064437222
"per_cell_balanced_resampling_OLS","median_resampled_slope","Southern","collection5_k2_tropical_temperate_polar","Transitional","Hothouse",3,3,-0.273774754522916,0,0.0404277991850261,0.121283397555078
"per_cell_balanced_resampling_OLS","median_resampled_slope","Southern","collection5_k2_tropical_temperate_polar","Coolhouse","Warmhouse",6,3,-0.372278525925571,5,0.18307828009703,0.28704981666392
"per_cell_balanced_resampling_OLS","median_resampled_slope","Southern","collection5_k2_tropical_temperate_polar","Warmhouse","Hothouse",3,3,-0.0519379421980896,2,0.191366544442613,0.28704981666392
"per_cell_balanced_resampling_OLS","median_resampled_slope","Southern","collection5_k2_tropical_temperate_polar","Coolhouse","Transitional",6,3,-0.150441713600744,7,0.349267679151669,0.349267679151669
"per_cell_balanced_resampling_OLS","median_resampled_slope","Southern","collection5_k2_tropical_temperate_polar","Transitional","Warmhouse",3,3,-0.221836812324827,3,0.331260291770029,0.349267679151669
"per_cell_balanced_resampling_OLS","median_resampled_slope","Southern","collection5_k2_tropical_temperate_polar","Coldhouse","Coolhouse",1,6,0.15159075876867,NA,NA,NA
"per_cell_balanced_resampling_OLS","median_resampled_slope","Southern","collection5_k2_tropical_temperate_polar","Coldhouse","Transitional",1,3,0.00114904516792578,NA,NA,NA
"per_cell_balanced_resampling_OLS","median_resampled_slope","Southern","collection5_k2_tropical_temperate_polar","Coldhouse","Warmhouse",1,3,-0.220687767156901,NA,NA,NA
"per_cell_balanced_resampling_OLS","median_resampled_slope","Southern","collection5_k2_tropical_temperate_polar","Coldhouse","Hothouse",1,3,-0.272625709354991,NA,NA,NA
"per_cell_balanced_resampling_OLS","median_resampled_slope","Southern","collection5_k3_tropical_temperate","Coolhouse","Hothouse",5,4,-0.54242571144812,0,0.00998222665260803,0.0455742329648662
"per_cell_balanced_resampling_OLS","median_resampled_slope","Southern","collection5_k3_tropical_temperate","Transitional","Hothouse",4,4,-0.506275193694655,0,0.0151914109882887,0.0455742329648662
"per_cell_balanced_resampling_OLS","median_resampled_slope","Southern","collection5_k3_tropical_temperate","Warmhouse","Hothouse",4,4,-0.447322761523978,1,0.030300984856003,0.0606019697120061
"per_cell_balanced_resampling_OLS","median_resampled_slope","Southern","collection5_k3_tropical_temperate","Coolhouse","Warmhouse",5,4,-0.0951029499241419,8,0.356651586939229,0.427981904327075
"per_cell_balanced_resampling_OLS","median_resampled_slope","Southern","collection5_k3_tropical_temperate","Transitional","Warmhouse",4,4,-0.0589524321706771,6,0.332502771051015,0.427981904327075
"per_cell_balanced_resampling_OLS","median_resampled_slope","Southern","collection5_k3_tropical_temperate","Coolhouse","Transitional",5,4,-0.0361505177534648,11,0.643348413060771,0.643348413060771
"per_cell_balanced_resampling_OLS","median_resampled_slope","Southern","collection5_k3_tropical_temperate","Coldhouse","Coolhouse",0,5,NA,NA,NA,NA
"per_cell_balanced_resampling_OLS","median_resampled_slope","Southern","collection5_k3_tropical_temperate","Coldhouse","Transitional",0,4,NA,NA,NA,NA
"per_cell_balanced_resampling_OLS","median_resampled_slope","Southern","collection5_k3_tropical_temperate","Coldhouse","Warmhouse",0,4,NA,NA,NA,NA
"per_cell_balanced_resampling_OLS","median_resampled_slope","Southern","collection5_k3_tropical_temperate","Coldhouse","Hothouse",0,4,NA,NA,NA,NA
"per_cell_balanced_resampling_OLS","median_resampled_slope","Southern","collection5_k3_tropical_temperate_polar","Coolhouse","Hothouse",3,2,-0.54242571144812,0,0.0744573365893828,0.0744573365893828
"per_cell_balanced_resampling_OLS","median_resampled_slope","Southern","collection5_k3_tropical_temperate_polar","Coldhouse","Coolhouse",0,3,NA,NA,NA,NA
"per_cell_balanced_resampling_OLS","median_resampled_slope","Southern","collection5_k3_tropical_temperate_polar","Coldhouse","Transitional",0,1,NA,NA,NA,NA
"per_cell_balanced_resampling_OLS","median_resampled_slope","Southern","collection5_k3_tropical_temperate_polar","Coldhouse","Warmhouse",0,1,NA,NA,NA,NA
"per_cell_balanced_resampling_OLS","median_resampled_slope","Southern","collection5_k3_tropical_temperate_polar","Coldhouse","Hothouse",0,2,NA,NA,NA,NA
"per_cell_balanced_resampling_OLS","median_resampled_slope","Southern","collection5_k3_tropical_temperate_polar","Coolhouse","Transitional",3,1,-0.167969741654052,NA,NA,NA
"per_cell_balanced_resampling_OLS","median_resampled_slope","Southern","collection5_k3_tropical_temperate_polar","Coolhouse","Warmhouse",3,1,-0.376563773714098,NA,NA,NA
"per_cell_balanced_resampling_OLS","median_resampled_slope","Southern","collection5_k3_tropical_temperate_polar","Transitional","Warmhouse",1,1,-0.208594032060047,NA,NA,NA
"per_cell_balanced_resampling_OLS","median_resampled_slope","Southern","collection5_k3_tropical_temperate_polar","Transitional","Hothouse",1,2,-0.374455969794068,NA,NA,NA
"per_cell_balanced_resampling_OLS","median_resampled_slope","Southern","collection5_k3_tropical_temperate_polar","Warmhouse","Hothouse",1,2,-0.165861937734022,NA,NA,NA
"per_cell_balanced_resampling_OLS","median_resampled_slope","Southern","collection10_k1_tropical_temperate","Coolhouse","Hothouse",15,10,-0.848405902058832,26,0.00356943387355456,0.0356943387355456
"per_cell_balanced_resampling_OLS","median_resampled_slope","Southern","collection10_k1_tropical_temperate","Coldhouse","Hothouse",5,10,-0.645175618967212,8,0.0216487328896517,0.0541218322241292
"per_cell_balanced_resampling_OLS","median_resampled_slope","Southern","collection10_k1_tropical_temperate","Coolhouse","Warmhouse",15,7,-0.334896032672533,21,0.0144366212199728,0.0541218322241292
"per_cell_balanced_resampling_OLS","median_resampled_slope","Southern","collection10_k1_tropical_temperate","Transitional","Hothouse",9,10,-0.568979280940472,19,0.0186682079603314,0.0541218322241292
"per_cell_balanced_resampling_OLS","median_resampled_slope","Southern","collection10_k1_tropical_temperate","Warmhouse","Hothouse",7,10,-0.513509869386299,18,0.0536732684969055,0.107346536993811
"per_cell_balanced_resampling_OLS","median_resampled_slope","Southern","collection10_k1_tropical_temperate","Coolhouse","Transitional",15,9,-0.27942662111836,46,0.105248850027669,0.175414750046115
"per_cell_balanced_resampling_OLS","median_resampled_slope","Southern","collection10_k1_tropical_temperate","Coldhouse","Warmhouse",5,7,-0.131665749580913,10,0.127811553773206,0.182587933961723
"per_cell_balanced_resampling_OLS","median_resampled_slope","Southern","collection10_k1_tropical_temperate","Transitional","Warmhouse",9,7,-0.055469411554173,23,0.198550572913125,0.248188216141407
"per_cell_balanced_resampling_OLS","median_resampled_slope","Southern","collection10_k1_tropical_temperate","Coldhouse","Transitional",5,9,-0.0761963380267403,17,0.252492537546923,0.280547263941025
"per_cell_balanced_resampling_OLS","median_resampled_slope","Southern","collection10_k1_tropical_temperate","Coldhouse","Coolhouse",5,15,0.20323028309162,47,0.808633455557387,0.808633455557387
"per_cell_balanced_resampling_OLS","median_resampled_slope","Southern","collection10_k1_tropical_temperate_polar","Coolhouse","Hothouse",7,3,-0.945339423461835,0,0.0113272470400447,0.0863832120298495
"per_cell_balanced_resampling_OLS","median_resampled_slope","Southern","collection10_k1_tropical_temperate_polar","Transitional","Hothouse",5,3,-0.920930582174882,0,0.0184442128535249,0.0863832120298495
"per_cell_balanced_resampling_OLS","median_resampled_slope","Southern","collection10_k1_tropical_temperate_polar","Warmhouse","Hothouse",4,3,-0.636162482728365,0,0.0259149636089548,0.0863832120298495
"per_cell_balanced_resampling_OLS","median_resampled_slope","Southern","collection10_k1_tropical_temperate_polar","Coldhouse","Hothouse",2,3,-0.684763296498475,0,0.0744573365893828,0.156375721759645
"per_cell_balanced_resampling_OLS","median_resampled_slope","Southern","collection10_k1_tropical_temperate_polar","Coolhouse","Warmhouse",7,4,-0.30917694073347,6,0.0781878608798223,0.156375721759645
"per_cell_balanced_resampling_OLS","median_resampled_slope","Southern","collection10_k1_tropical_temperate_polar","Transitional","Warmhouse",5,4,-0.284768099446517,5,0.13517207032739,0.225286783878983
"per_cell_balanced_resampling_OLS","median_resampled_slope","Southern","collection10_k1_tropical_temperate_polar","Coolhouse","Transitional",7,5,-0.0244088412869534,16,0.435495597398732,0.622136567712474
"per_cell_balanced_resampling_OLS","median_resampled_slope","Southern","collection10_k1_tropical_temperate_polar","Coldhouse","Warmhouse",2,4,-0.0486008137701102,4,0.591519339142304,0.73939917392788
"per_cell_balanced_resampling_OLS","median_resampled_slope","Southern","collection10_k1_tropical_temperate_polar","Coldhouse","Transitional",2,5,0.236167285676407,7,0.833539195967217,0.926154662185797
"per_cell_balanced_resampling_OLS","median_resampled_slope","Southern","collection10_k1_tropical_temperate_polar","Coldhouse","Coolhouse",2,7,0.26057612696336,12,0.946326731503094,0.946326731503094
"per_cell_balanced_resampling_OLS","median_resampled_slope","Southern","collection10_k2_tropical_temperate","Coolhouse","Hothouse",8,3,-0.839074999317428,2,0.0262397497796233,0.0528075114161136
"per_cell_balanced_resampling_OLS","median_resampled_slope","Southern","collection10_k2_tropical_temperate","Transitional","Hothouse",6,3,-0.793421692259179,1,0.0264037557080568,0.0528075114161136
"per_cell_balanced_resampling_OLS","median_resampled_slope","Southern","collection10_k2_tropical_temperate","Warmhouse","Hothouse",7,3,-0.610443390789302,1,0.0201193385598797,0.0528075114161136
"per_cell_balanced_resampling_OLS","median_resampled_slope","Southern","collection10_k2_tropical_temperate","Coolhouse","Warmhouse",8,7,-0.228631608528126,17,0.112156563255577,0.168234844883365
"per_cell_balanced_resampling_OLS","median_resampled_slope","Southern","collection10_k2_tropical_temperate","Transitional","Warmhouse",6,7,-0.182978301469876,14,0.176555617253003,0.211866740703603
"per_cell_balanced_resampling_OLS","median_resampled_slope","Southern","collection10_k2_tropical_temperate","Coolhouse","Transitional",8,6,-0.0456533070582498,24,0.525733741574678,0.525733741574678
"per_cell_balanced_resampling_OLS","median_resampled_slope","Southern","collection10_k2_tropical_temperate","Coldhouse","Coolhouse",1,8,0.096965858947213,NA,NA,NA
"per_cell_balanced_resampling_OLS","median_resampled_slope","Southern","collection10_k2_tropical_temperate","Coldhouse","Transitional",1,6,0.0513125518889632,NA,NA,NA
"per_cell_balanced_resampling_OLS","median_resampled_slope","Southern","collection10_k2_tropical_temperate","Coldhouse","Warmhouse",1,7,-0.131665749580913,NA,NA,NA
"per_cell_balanced_resampling_OLS","median_resampled_slope","Southern","collection10_k2_tropical_temperate","Coldhouse","Hothouse",1,3,-0.742109140370215,NA,NA,NA
"per_cell_balanced_resampling_OLS","median_resampled_slope","Southern","collection10_k2_tropical_temperate_polar","Coolhouse","Hothouse",3,2,-0.654063606219218,0,0.0744573365893828,0.223372009768148
"per_cell_balanced_resampling_OLS","median_resampled_slope","Southern","collection10_k2_tropical_temperate_polar","Warmhouse","Hothouse",3,2,-0.300558319152694,0,0.0744573365893828,0.223372009768148
"per_cell_balanced_resampling_OLS","median_resampled_slope","Southern","collection10_k2_tropical_temperate_polar","Transitional","Hothouse",2,2,-0.738367229033372,0,0.122639058403386,0.245278116806773
"per_cell_balanced_resampling_OLS","median_resampled_slope","Southern","collection10_k2_tropical_temperate_polar","Transitional","Warmhouse",2,3,-0.437808909880678,1,0.193238115385616,0.289857173078424
"per_cell_balanced_resampling_OLS","median_resampled_slope","Southern","collection10_k2_tropical_temperate_polar","Coolhouse","Warmhouse",3,3,-0.353505287066525,3,0.331260291770029,0.397512350124034
"per_cell_balanced_resampling_OLS","median_resampled_slope","Southern","collection10_k2_tropical_temperate_polar","Coolhouse","Transitional",3,2,0.0843036228141537,4,0.806761884614384,0.806761884614384
"per_cell_balanced_resampling_OLS","median_resampled_slope","Southern","collection10_k2_tropical_temperate_polar","Coldhouse","Coolhouse",0,3,NA,NA,NA,NA
"per_cell_balanced_resampling_OLS","median_resampled_slope","Southern","collection10_k2_tropical_temperate_polar","Coldhouse","Transitional",0,2,NA,NA,NA,NA
"per_cell_balanced_resampling_OLS","median_resampled_slope","Southern","collection10_k2_tropical_temperate_polar","Coldhouse","Warmhouse",0,3,NA,NA,NA,NA
"per_cell_balanced_resampling_OLS","median_resampled_slope","Southern","collection10_k2_tropical_temperate_polar","Coldhouse","Hothouse",0,2,NA,NA,NA,NA
"per_cell_balanced_resampling_OLS","median_resampled_slope","Southern","collection10_k3_tropical_temperate","Warmhouse","Hothouse",4,2,-0.463345921681881,1,0.123579986605954,0.123579986605954
"per_cell_balanced_resampling_OLS","median_resampled_slope","Southern","collection10_k3_tropical_temperate","Coldhouse","Coolhouse",0,1,NA,NA,NA,NA
"per_cell_balanced_resampling_OLS","median_resampled_slope","Southern","collection10_k3_tropical_temperate","Coldhouse","Transitional",0,1,NA,NA,NA,NA
"per_cell_balanced_resampling_OLS","median_resampled_slope","Southern","collection10_k3_tropical_temperate","Coldhouse","Warmhouse",0,4,NA,NA,NA,NA
"per_cell_balanced_resampling_OLS","median_resampled_slope","Southern","collection10_k3_tropical_temperate","Coldhouse","Hothouse",0,2,NA,NA,NA,NA
"per_cell_balanced_resampling_OLS","median_resampled_slope","Southern","collection10_k3_tropical_temperate","Coolhouse","Transitional",1,1,1.32879397823395,NA,NA,NA
"per_cell_balanced_resampling_OLS","median_resampled_slope","Southern","collection10_k3_tropical_temperate","Coolhouse","Warmhouse",1,4,-0.069076772089079,NA,NA,NA
"per_cell_balanced_resampling_OLS","median_resampled_slope","Southern","collection10_k3_tropical_temperate","Coolhouse","Hothouse",1,2,-0.53242269377096,NA,NA,NA
"per_cell_balanced_resampling_OLS","median_resampled_slope","Southern","collection10_k3_tropical_temperate","Transitional","Warmhouse",1,4,-1.39787075032303,NA,NA,NA
"per_cell_balanced_resampling_OLS","median_resampled_slope","Southern","collection10_k3_tropical_temperate","Transitional","Hothouse",1,2,-1.86121667200491,NA,NA,NA
"per_cell_balanced_resampling_OLS","median_resampled_slope","Southern","collection10_k3_tropical_temperate_polar","Coldhouse","Coolhouse",0,0,NA,NA,NA,NA
"per_cell_balanced_resampling_OLS","median_resampled_slope","Southern","collection10_k3_tropical_temperate_polar","Coldhouse","Transitional",0,0,NA,NA,NA,NA
"per_cell_balanced_resampling_OLS","median_resampled_slope","Southern","collection10_k3_tropical_temperate_polar","Coldhouse","Warmhouse",0,0,NA,NA,NA,NA
"per_cell_balanced_resampling_OLS","median_resampled_slope","Southern","collection10_k3_tropical_temperate_polar","Coldhouse","Hothouse",0,2,NA,NA,NA,NA
"per_cell_balanced_resampling_OLS","median_resampled_slope","Southern","collection10_k3_tropical_temperate_polar","Coolhouse","Transitional",0,0,NA,NA,NA,NA
"per_cell_balanced_resampling_OLS","median_resampled_slope","Southern","collection10_k3_tropical_temperate_polar","Coolhouse","Warmhouse",0,0,NA,NA,NA,NA
"per_cell_balanced_resampling_OLS","median_resampled_slope","Southern","collection10_k3_tropical_temperate_polar","Coolhouse","Hothouse",0,2,NA,NA,NA,NA
"per_cell_balanced_resampling_OLS","median_resampled_slope","Southern","collection10_k3_tropical_temperate_polar","Transitional","Warmhouse",0,0,NA,NA,NA,NA
"per_cell_balanced_resampling_OLS","median_resampled_slope","Southern","collection10_k3_tropical_temperate_polar","Transitional","Hothouse",0,2,NA,NA,NA,NA
"per_cell_balanced_resampling_OLS","median_resampled_slope","Southern","collection10_k3_tropical_temperate_polar","Warmhouse","Hothouse",0,2,NA,NA,NA,NA
"percentile_latbin_OLS","q50","Combined","occurrence5_k1_tropical_temperate","Coldhouse","Warmhouse",25,26,-0.402149988620522,130,0.000123759441806426,0.00123759441806426
"percentile_latbin_OLS","q50","Combined","occurrence5_k1_tropical_temperate","Coldhouse","Transitional",25,32,-0.274202252565844,202,0.000746261542689704,0.0033919296787973
"percentile_latbin_OLS","q50","Combined","occurrence5_k1_tropical_temperate","Coldhouse","Hothouse",25,25,-0.360296029626153,153,0.00101757890363919,0.0033919296787973
"percentile_latbin_OLS","q50","Combined","occurrence5_k1_tropical_temperate","Coldhouse","Coolhouse",25,32,-0.235631669442206,252,0.00884487267775244,0.0221121816943811
"percentile_latbin_OLS","q50","Combined","occurrence5_k1_tropical_temperate","Coolhouse","Warmhouse",32,26,-0.166518319178316,289,0.0239727826076031,0.0479455652152063
"percentile_latbin_OLS","q50","Combined","occurrence5_k1_tropical_temperate","Coolhouse","Hothouse",32,25,-0.124664360183947,314,0.0845681520506993,0.140946920084499
"percentile_latbin_OLS","q50","Combined","occurrence5_k1_tropical_temperate","Transitional","Warmhouse",32,26,-0.127947736054677,339,0.115830435133141,0.165472050190201
"percentile_latbin_OLS","q50","Combined","occurrence5_k1_tropical_temperate","Coolhouse","Transitional",32,32,-0.0385705831236385,447,0.193230980524383,0.241538725655479
"percentile_latbin_OLS","q50","Combined","occurrence5_k1_tropical_temperate","Transitional","Hothouse",32,25,-0.0860937770603084,353,0.227290855605491,0.252545395117212
"percentile_latbin_OLS","q50","Combined","occurrence5_k1_tropical_temperate","Warmhouse","Hothouse",26,25,0.0418539589943691,353,0.704367408877947,0.704367408877947
"percentile_latbin_OLS","q50","Combined","occurrence5_k1_tropical_temperate_polar","Coldhouse","Transitional",10,18,-0.246105967279183,34,0.00389520116787311,0.0149552683888692
"percentile_latbin_OLS","q50","Combined","occurrence5_k1_tropical_temperate_polar","Coldhouse","Warmhouse",10,18,-0.3703059223574,35,0.00448658051666077,0.0149552683888692
"percentile_latbin_OLS","q50","Combined","occurrence5_k1_tropical_temperate_polar","Coldhouse","Hothouse",10,14,-0.404505815589341,23,0.00323694168363047,0.0149552683888692
"percentile_latbin_OLS","q50","Combined","occurrence5_k1_tropical_temperate_polar","Coolhouse","Hothouse",20,14,-0.15975342752819,68,0.00617506584762023,0.0154376646190506
"percentile_latbin_OLS","q50","Combined","occurrence5_k1_tropical_temperate_polar","Coolhouse","Warmhouse",20,18,-0.125553534296249,109,0.0196474016321262,0.0392948032642524
"percentile_latbin_OLS","q50","Combined","occurrence5_k1_tropical_temperate_polar","Coldhouse","Coolhouse",10,20,-0.244752388061151,60,0.041125823075604,0.06854303845934
"percentile_latbin_OLS","q50","Combined","occurrence5_k1_tropical_temperate_polar","Transitional","Hothouse",18,14,-0.158399848310158,82,0.0492236292126605,0.0703194703038007
"percentile_latbin_OLS","q50","Combined","occurrence5_k1_tropical_temperate_polar","Transitional","Warmhouse",18,18,-0.124199955078217,129,0.151915065043922,0.189893831304903
"percentile_latbin_OLS","q50","Combined","occurrence5_k1_tropical_temperate_polar","Coolhouse","Transitional",20,18,-0.00135357921803222,155,0.236914160520982,0.236914160520982
"percentile_latbin_OLS","q50","Combined","occurrence5_k1_tropical_temperate_polar","Warmhouse","Hothouse",18,14,-0.0341998932319413,105,0.218069211592426,0.236914160520982
"percentile_latbin_OLS","q50","Combined","occurrence5_k2_tropical_temperate","Coldhouse","Hothouse",18,18,-0.384164071798871,46,0.000128963261738654,0.00128963261738654
"percentile_latbin_OLS","q50","Combined","occurrence5_k2_tropical_temperate","Coldhouse","Transitional",18,21,-0.262386703802751,77,0.000841409992832292,0.00280469997610764
"percentile_latbin_OLS","q50","Combined","occurrence5_k2_tropical_temperate","Coldhouse","Warmhouse",18,19,-0.355829217172111,64,0.000605661989661182,0.00280469997610764
"percentile_latbin_OLS","q50","Combined","occurrence5_k2_tropical_temperate","Coldhouse","Coolhouse",18,24,-0.283579394480086,104,0.0022989574250182,0.00574739356254549
"percentile_latbin_OLS","q50","Combined","occurrence5_k2_tropical_temperate","Coolhouse","Hothouse",24,18,-0.100584677318785,159,0.0754971579662026,0.150994315932405
"percentile_latbin_OLS","q50","Combined","occurrence5_k2_tropical_temperate","Transitional","Hothouse",21,18,-0.12177736799612,144,0.104985446713145,0.174975744521909
"percentile_latbin_OLS","q50","Combined","occurrence5_k2_tropical_temperate","Coolhouse","Warmhouse",24,19,-0.0722498226920256,194,0.206316397755081,0.294737711078687
"percentile_latbin_OLS","q50","Combined","occurrence5_k2_tropical_temperate","Warmhouse","Hothouse",19,18,-0.0283348546267594,152,0.28700458191124,0.35875572738905
"percentile_latbin_OLS","q50","Combined","occurrence5_k2_tropical_temperate","Transitional","Warmhouse",21,19,-0.0934425133693603,183,0.332382640928468,0.369314045476076
"percentile_latbin_OLS","q50","Combined","occurrence5_k2_tropical_temperate","Coolhouse","Transitional",24,21,0.0211926906773347,245,0.441218688644647,0.441218688644647
"percentile_latbin_OLS","q50","Combined","occurrence5_k2_tropical_temperate_polar","Coldhouse","Coolhouse",6,12,-0.264433767786439,9,0.00653323641526437,0.0217774547175479
"percentile_latbin_OLS","q50","Combined","occurrence5_k2_tropical_temperate_polar","Coldhouse","Warmhouse",6,12,-0.274679928490683,9,0.00653323641526437,0.0217774547175479
"percentile_latbin_OLS","q50","Combined","occurrence5_k2_tropical_temperate_polar","Coldhouse","Hothouse",6,10,-0.362914565602762,6,0.00540265471928412,0.0217774547175479
"percentile_latbin_OLS","q50","Combined","occurrence5_k2_tropical_temperate_polar","Coldhouse","Transitional",6,8,-0.246105967279183,7,0.0165799937294239,0.0414499843235597
"percentile_latbin_OLS","q50","Combined","occurrence5_k2_tropical_temperate_polar","Transitional","Hothouse",8,10,-0.116808598323578,20,0.0415815744681554,0.0831631489363108
"percentile_latbin_OLS","q50","Combined","occurrence5_k2_tropical_temperate_polar","Coolhouse","Hothouse",12,10,-0.0984807978163222,41,0.111260136762377,0.185433561270628
"percentile_latbin_OLS","q50","Combined","occurrence5_k2_tropical_temperate_polar","Transitional","Warmhouse",8,12,-0.0285739612115001,38,0.231797234315624,0.331138906165176
"percentile_latbin_OLS","q50","Combined","occurrence5_k2_tropical_temperate_polar","Warmhouse","Hothouse",12,10,-0.0882346371120782,51,0.287578288363828,0.359472860454785
"percentile_latbin_OLS","q50","Combined","occurrence5_k2_tropical_temperate_polar","Coolhouse","Warmhouse",12,12,-0.010246160704244,67,0.397506085982119,0.441673428869021
"percentile_latbin_OLS","q50","Combined","occurrence5_k2_tropical_temperate_polar","Coolhouse","Transitional",12,8,0.0183278005072561,58,0.79105651784125,0.79105651784125
"percentile_latbin_OLS","q50","Combined","occurrence5_k3_tropical_temperate","Coldhouse","Transitional",7,14,-0.290092054558439,12,0.00323389895964295,0.0161694947982147
"percentile_latbin_OLS","q50","Combined","occurrence5_k3_tropical_temperate","Coldhouse","Warmhouse",7,12,-0.390851603390734,9,0.00300943754156696,0.0161694947982147
"percentile_latbin_OLS","q50","Combined","occurrence5_k3_tropical_temperate","Coldhouse","Hothouse",7,10,-0.390676267568749,9,0.00641334682274272,0.0213778227424758
"percentile_latbin_OLS","q50","Combined","occurrence5_k3_tropical_temperate","Coldhouse","Coolhouse",7,14,-0.258140688654741,26,0.0466144313290924,0.0894554474948425
"percentile_latbin_OLS","q50","Combined","occurrence5_k3_tropical_temperate","Coolhouse","Warmhouse",14,12,-0.132710914735992,52,0.0525962525600207,0.0894554474948425
"percentile_latbin_OLS","q50","Combined","occurrence5_k3_tropical_temperate","Coolhouse","Hothouse",14,10,-0.132535578914007,42,0.0536732684969055,0.0894554474948425
"percentile_latbin_OLS","q50","Combined","occurrence5_k3_tropical_temperate","Coolhouse","Transitional",14,14,-0.0319513659036973,71,0.111685436784797,0.159550623978281
"percentile_latbin_OLS","q50","Combined","occurrence5_k3_tropical_temperate","Transitional","Warmhouse",14,12,-0.100759548832295,71,0.26013455833152,0.299264194868144
"percentile_latbin_OLS","q50","Combined","occurrence5_k3_tropical_temperate","Transitional","Hothouse",14,10,-0.10058421301031,59,0.26933777538133,0.299264194868144
"percentile_latbin_OLS","q50","Combined","occurrence5_k3_tropical_temperate","Warmhouse","Hothouse",12,10,0.000175335821984971,58,0.460606027292368,0.460606027292368
"percentile_latbin_OLS","q50","Combined","occurrence5_k3_tropical_temperate_polar","Coldhouse","Coolhouse",2,7,-0.378099898240344,1,0.0536732684969056,0.178910894989685
"percentile_latbin_OLS","q50","Combined","occurrence5_k3_tropical_temperate_polar","Coldhouse","Warmhouse",2,7,-0.458589220546627,0,0.0285199371245278,0.178910894989685
"percentile_latbin_OLS","q50","Combined","occurrence5_k3_tropical_temperate_polar","Coldhouse","Hothouse",2,4,-0.520793672032301,0,0.0525962525600207,0.178910894989685
"percentile_latbin_OLS","q50","Combined","occurrence5_k3_tropical_temperate_polar","Coldhouse","Transitional",2,4,-0.365389552357406,1,0.123579986605954,0.205966644343256
"percentile_latbin_OLS","q50","Combined","occurrence5_k3_tropical_temperate_polar","Coolhouse","Hothouse",7,4,-0.142693773791957,7,0.109651324839659,0.205966644343256
"percentile_latbin_OLS","q50","Combined","occurrence5_k3_tropical_temperate_polar","Transitional","Hothouse",4,4,-0.155404119674895,3,0.0969654261412053,0.205966644343256
"percentile_latbin_OLS","q50","Combined","occurrence5_k3_tropical_temperate_polar","Coolhouse","Warmhouse",7,7,-0.0804893223062828,18,0.22164426105822,0.277055326322775
"percentile_latbin_OLS","q50","Combined","occurrence5_k3_tropical_temperate_polar","Transitional","Warmhouse",4,7,-0.0931996681892207,9,0.197545792452075,0.277055326322775
"percentile_latbin_OLS","q50","Combined","occurrence5_k3_tropical_temperate_polar","Warmhouse","Hothouse",7,4,-0.0622044514856742,10,0.254165786776073,0.282406429751192
"percentile_latbin_OLS","q50","Combined","occurrence5_k3_tropical_temperate_polar","Coolhouse","Transitional",7,4,0.0127103458829378,16,0.6816991837182,0.6816991837182
"percentile_latbin_OLS","q50","Combined","occurrence10_k1_tropical_temperate","Coldhouse","Warmhouse",24,25,-0.376217431131556,100,3.30366476294024e-05,0.000330366476294024
"percentile_latbin_OLS","q50","Combined","occurrence10_k1_tropical_temperate","Coldhouse","Transitional",24,30,-0.2622408856339,168,0.00042866910188524,0.00142889700628413
"percentile_latbin_OLS","q50","Combined","occurrence10_k1_tropical_temperate","Coldhouse","Hothouse",24,25,-0.332155868859583,128,0.000301790624608637,0.00142889700628413
"percentile_latbin_OLS","q50","Combined","occurrence10_k1_tropical_temperate","Coldhouse","Coolhouse",24,31,-0.215237506606507,239,0.0122667011265752,0.0306667528164379
"percentile_latbin_OLS","q50","Combined","occurrence10_k1_tropical_temperate","Coolhouse","Warmhouse",31,25,-0.16097992452505,260,0.0181666547122809,0.0363333094245618
"percentile_latbin_OLS","q50","Combined","occurrence10_k1_tropical_temperate","Transitional","Warmhouse",30,25,-0.113976545497656,279,0.0532371878503096,0.0887286464171826
"percentile_latbin_OLS","q50","Combined","occurrence10_k1_tropical_temperate","Coolhouse","Hothouse",31,25,-0.116918362253077,307,0.0936619688404631,0.133802812629233
"percentile_latbin_OLS","q50","Combined","occurrence10_k1_tropical_temperate","Coolhouse","Transitional",31,30,-0.0470033790273935,388,0.134881665296717,0.168602081620896
"percentile_latbin_OLS","q50","Combined","occurrence10_k1_tropical_temperate","Transitional","Hothouse",30,25,-0.0699149832256834,326,0.206165171843291,0.229072413159212
"percentile_latbin_OLS","q50","Combined","occurrence10_k1_tropical_temperate","Warmhouse","Hothouse",25,25,0.0440615622719728,323,0.584504735000087,0.584504735000087
"percentile_latbin_OLS","q50","Combined","occurrence10_k1_tropical_temperate_polar","Coldhouse","Warmhouse",9,18,-0.412584577666516,30,0.00469608013549125,0.0232294123787216
"percentile_latbin_OLS","q50","Combined","occurrence10_k1_tropical_temperate_polar","Coldhouse","Hothouse",9,12,-0.405777684011147,18,0.00581998606089702,0.0232294123787216
"percentile_latbin_OLS","q50","Combined","occurrence10_k1_tropical_temperate_polar","Coolhouse","Warmhouse",17,18,-0.144983320989216,78,0.0069688237136165,0.0232294123787216
"percentile_latbin_OLS","q50","Combined","occurrence10_k1_tropical_temperate_polar","Coolhouse","Hothouse",17,12,-0.138176427333847,57,0.0243909413392215,0.0609773533480538
"percentile_latbin_OLS","q50","Combined","occurrence10_k1_tropical_temperate_polar","Transitional","Warmhouse",15,18,-0.156997306515349,85,0.036752984128544,0.073505968257088
"percentile_latbin_OLS","q50","Combined","occurrence10_k1_tropical_temperate_polar","Coldhouse","Transitional",9,15,-0.255587271151166,39,0.0474995202916067,0.0791658671526779
"percentile_latbin_OLS","q50","Combined","occurrence10_k1_tropical_temperate_polar","Coldhouse","Coolhouse",9,17,-0.267601256677299,49,0.0728050476984335,0.104007210997762
"percentile_latbin_OLS","q50","Combined","occurrence10_k1_tropical_temperate_polar","Transitional","Hothouse",15,12,-0.15019041285998,64,0.106699627188181,0.133374533985227
"percentile_latbin_OLS","q50","Combined","occurrence10_k1_tropical_temperate_polar","Coolhouse","Transitional",17,15,0.0120139855261328,108,0.236535234121941,0.262816926802157
"percentile_latbin_OLS","q50","Combined","occurrence10_k1_tropical_temperate_polar","Warmhouse","Hothouse",18,12,0.00680689365536874,104,0.441105560317235,0.441105560317235
"percentile_latbin_OLS","q50","Combined","occurrence10_k2_tropical_temperate","Coldhouse","Hothouse",12,14,-0.222772770630197,28,0.00215447194797238,0.0215447194797238
"percentile_latbin_OLS","q50","Combined","occurrence10_k2_tropical_temperate","Coldhouse","Transitional",12,19,-0.210323678180591,56,0.00985210993094109,0.0328403664364703
"percentile_latbin_OLS","q50","Combined","occurrence10_k2_tropical_temperate","Coldhouse","Warmhouse",12,17,-0.276635738670827,47,0.00790438849634827,0.0328403664364703
"percentile_latbin_OLS","q50","Combined","occurrence10_k2_tropical_temperate","Coldhouse","Coolhouse",12,22,-0.172522839005498,84,0.0434685008805463,0.108671252201366
"percentile_latbin_OLS","q50","Combined","occurrence10_k2_tropical_temperate","Coolhouse","Transitional",22,19,-0.0378008391750932,178,0.212608609472778,0.223477610939681
"percentile_latbin_OLS","q50","Combined","occurrence10_k2_tropical_temperate","Coolhouse","Warmhouse",22,17,-0.104112899665329,158,0.209781771429748,0.223477610939681
"percentile_latbin_OLS","q50","Combined","occurrence10_k2_tropical_temperate","Coolhouse","Hothouse",22,14,-0.0502499316246985,121,0.145798598439641,0.223477610939681
"percentile_latbin_OLS","q50","Combined","occurrence10_k2_tropical_temperate","Transitional","Warmhouse",19,17,-0.0663120604902361,137,0.223477610939681,0.223477610939681
"percentile_latbin_OLS","q50","Combined","occurrence10_k2_tropical_temperate","Transitional","Hothouse",19,14,-0.0124490924496054,109,0.195996467348491,0.223477610939681
"percentile_latbin_OLS","q50","Combined","occurrence10_k2_tropical_temperate","Warmhouse","Hothouse",17,14,0.0538629680406307,97,0.196711692714309,0.223477610939681
"percentile_latbin_OLS","q50","Combined","occurrence10_k2_tropical_temperate_polar","Coldhouse","Coolhouse",4,10,-0.391751921459692,3,0.00981220748831985,0.0421005027200207
"percentile_latbin_OLS","q50","Combined","occurrence10_k2_tropical_temperate_polar","Coldhouse","Warmhouse",4,9,-0.463779737593353,3,0.0126301508160062,0.0421005027200207
"percentile_latbin_OLS","q50","Combined","occurrence10_k2_tropical_temperate_polar","Coldhouse","Hothouse",4,5,-0.463098298145017,0,0.00998222665260803,0.0421005027200207
"percentile_latbin_OLS","q50","Combined","occurrence10_k2_tropical_temperate_polar","Coldhouse","Transitional",4,8,-0.396501617346156,6,0.0533185289012817,0.12578642463894
"percentile_latbin_OLS","q50","Combined","occurrence10_k2_tropical_temperate_polar","Coolhouse","Hothouse",10,5,-0.0713463766853254,12,0.06289321231947,0.12578642463894
"percentile_latbin_OLS","q50","Combined","occurrence10_k2_tropical_temperate_polar","Transitional","Hothouse",8,5,-0.0665966807988609,11,0.106699627188181,0.177832711980302
"percentile_latbin_OLS","q50","Combined","occurrence10_k2_tropical_temperate_polar","Transitional","Warmhouse",8,9,-0.0672781202471964,24,0.134236045481864,0.191765779259806
"percentile_latbin_OLS","q50","Combined","occurrence10_k2_tropical_temperate_polar","Warmhouse","Hothouse",9,5,0.000681439448335507,16,0.211855398583397,0.264819248229246
"percentile_latbin_OLS","q50","Combined","occurrence10_k2_tropical_temperate_polar","Coolhouse","Warmhouse",10,9,-0.0720278161336609,37,0.27014568730371,0.3001618747819
"percentile_latbin_OLS","q50","Combined","occurrence10_k2_tropical_temperate_polar","Coolhouse","Transitional",10,8,-0.00474969588646451,41,0.553013433804891,0.553013433804891
"percentile_latbin_OLS","q50","Combined","occurrence10_k3_tropical_temperate","Coldhouse","Transitional",6,12,-0.274762732931016,10,0.00846340154596831,0.028211338486561
"percentile_latbin_OLS","q50","Combined","occurrence10_k3_tropical_temperate","Coldhouse","Warmhouse",6,10,-0.371051753647708,7,0.00733412981253688,0.028211338486561
"percentile_latbin_OLS","q50","Combined","occurrence10_k3_tropical_temperate","Coldhouse","Hothouse",6,8,-0.400231023827487,4,0.00591056891831115,0.028211338486561
"percentile_latbin_OLS","q50","Combined","occurrence10_k3_tropical_temperate","Coldhouse","Coolhouse",6,12,-0.223558837701708,16,0.0338993562144615,0.0847483905361537
"percentile_latbin_OLS","q50","Combined","occurrence10_k3_tropical_temperate","Coolhouse","Transitional",12,12,-0.0512038952293078,49,0.0969654261412053,0.16553908886667
"percentile_latbin_OLS","q50","Combined","occurrence10_k3_tropical_temperate","Coolhouse","Hothouse",12,8,-0.176672186125779,32,0.115877362206669,0.16553908886667
"percentile_latbin_OLS","q50","Combined","occurrence10_k3_tropical_temperate","Transitional","Hothouse",12,8,-0.125468290896471,32,0.115877362206669,0.16553908886667
"percentile_latbin_OLS","q50","Combined","occurrence10_k3_tropical_temperate","Coolhouse","Warmhouse",12,10,-0.147492915946,44,0.153381047471202,0.191726309339002
"percentile_latbin_OLS","q50","Combined","occurrence10_k3_tropical_temperate","Transitional","Warmhouse",12,10,-0.0962890207166924,47,0.204905694165468,0.227672993517187
"percentile_latbin_OLS","q50","Combined","occurrence10_k3_tropical_temperate","Warmhouse","Hothouse",10,8,-0.0291792701797791,32,0.252580131545728,0.252580131545728
"percentile_latbin_OLS","q50","Combined","occurrence10_k3_tropical_temperate_polar","Coldhouse","Coolhouse",2,3,-0.401160577426723,0,0.0744573365893828,0.248191121964609
"percentile_latbin_OLS","q50","Combined","occurrence10_k3_tropical_temperate_polar","Coldhouse","Warmhouse",2,5,-0.473865569037122,0,0.0406805646170377,0.248191121964609
"percentile_latbin_OLS","q50","Combined","occurrence10_k3_tropical_temperate_polar","Coldhouse","Hothouse",2,3,-0.681180245720528,0,0.0744573365893828,0.248191121964609
"percentile_latbin_OLS","q50","Combined","occurrence10_k3_tropical_temperate_polar","Coldhouse","Transitional",2,4,-0.406587448789926,1,0.123579986605954,0.279476628059028
"percentile_latbin_OLS","q50","Combined","occurrence10_k3_tropical_temperate_polar","Transitional","Warmhouse",4,5,-0.0672781202471964,6,0.19563363964132,0.279476628059028
"percentile_latbin_OLS","q50","Combined","occurrence10_k3_tropical_temperate_polar","Transitional","Hothouse",4,3,-0.274592796930602,3,0.188379558905791,0.279476628059028
"percentile_latbin_OLS","q50","Combined","occurrence10_k3_tropical_temperate_polar","Warmhouse","Hothouse",5,3,-0.207314676683406,4,0.185546684761349,0.279476628059028
"percentile_latbin_OLS","q50","Combined","occurrence10_k3_tropical_temperate_polar","Coolhouse","Hothouse",3,3,-0.280019668293805,3,0.331260291770029,0.414075364712536
"percentile_latbin_OLS","q50","Combined","occurrence10_k3_tropical_temperate_polar","Coolhouse","Warmhouse",3,5,-0.0727049916103996,6,0.382797241997882,0.425330268886536
"percentile_latbin_OLS","q50","Combined","occurrence10_k3_tropical_temperate_polar","Coolhouse","Transitional",3,4,-0.00542687136320325,6,0.570158102400667,0.570158102400667
"percentile_latbin_OLS","q50","Combined","collection5_k1_tropical_temperate","Coldhouse","Warmhouse",24,25,-0.565739872524204,98,2.78884264405639e-05,0.000278884264405639
"percentile_latbin_OLS","q50","Combined","collection5_k1_tropical_temperate","Coldhouse","Transitional",24,31,-0.473976560999291,169,0.000294479228237191,0.00147239614118595
"percentile_latbin_OLS","q50","Combined","collection5_k1_tropical_temperate","Coldhouse","Hothouse",24,22,-0.55846496372391,114,0.000505403717752902,0.00168467905917634
"percentile_latbin_OLS","q50","Combined","collection5_k1_tropical_temperate","Coolhouse","Warmhouse",30,25,-0.151322411736854,234,0.00877724595666177,0.0219431148916544
"percentile_latbin_OLS","q50","Combined","collection5_k1_tropical_temperate","Coldhouse","Coolhouse",24,30,-0.41441746078735,233,0.0138297460731866,0.0276594921463733
"percentile_latbin_OLS","q50","Combined","collection5_k1_tropical_temperate","Coolhouse","Hothouse",30,22,-0.14404750293656,228,0.0300573094248965,0.0500955157081609
"percentile_latbin_OLS","q50","Combined","collection5_k1_tropical_temperate","Coolhouse","Transitional",30,31,-0.0595591002119414,362,0.0696115778307655,0.0977237710744054
"percentile_latbin_OLS","q50","Combined","collection5_k1_tropical_temperate","Transitional","Warmhouse",31,25,-0.0917633115249125,301,0.0781790168595243,0.0977237710744054
"percentile_latbin_OLS","q50","Combined","collection5_k1_tropical_temperate","Transitional","Hothouse",31,22,-0.084488402724619,289,0.176282090401248,0.19586898933472
"percentile_latbin_OLS","q50","Combined","collection5_k1_tropical_temperate","Warmhouse","Hothouse",25,22,0.00727490880029352,277,0.521253631243036,0.521253631243036
"percentile_latbin_OLS","q50","Combined","collection5_k1_tropical_temperate_polar","Coldhouse","Warmhouse",10,16,-0.420437527561305,26,0.00240344640732387,0.00801148802441289
"percentile_latbin_OLS","q50","Combined","collection5_k1_tropical_temperate_polar","Coldhouse","Hothouse",10,11,-0.419432277588069,12,0.00138233596727188,0.00801148802441289
"percentile_latbin_OLS","q50","Combined","collection5_k1_tropical_temperate_polar","Coolhouse","Hothouse",19,11,-0.133050426103751,38,0.00225280067675303,0.00801148802441289
"percentile_latbin_OLS","q50","Combined","collection5_k1_tropical_temperate_polar","Coldhouse","Transitional",10,16,-0.289403501920411,32,0.00614910853061713,0.0153727713265428
"percentile_latbin_OLS","q50","Combined","collection5_k1_tropical_temperate_polar","Coolhouse","Warmhouse",19,16,-0.134055676076987,85,0.013831416584415,0.02766283316883
"percentile_latbin_OLS","q50","Combined","collection5_k1_tropical_temperate_polar","Transitional","Hothouse",16,11,-0.130028775667657,45,0.0179870069503156,0.0299783449171927
"percentile_latbin_OLS","q50","Combined","collection5_k1_tropical_temperate_polar","Coldhouse","Coolhouse",10,19,-0.286381851484318,61,0.0621361968069387,0.0887659954384838
"percentile_latbin_OLS","q50","Combined","collection5_k1_tropical_temperate_polar","Transitional","Warmhouse",16,16,-0.131034025640894,91,0.0844657048403492,0.105582131050436
"percentile_latbin_OLS","q50","Combined","collection5_k1_tropical_temperate_polar","Warmhouse","Hothouse",16,11,0.00100524997323626,65,0.133436289751018,0.148262544167798
"percentile_latbin_OLS","q50","Combined","collection5_k1_tropical_temperate_polar","Coolhouse","Transitional",19,16,-0.00302165043609359,123,0.17265399752004,0.17265399752004
"percentile_latbin_OLS","q50","Combined","collection5_k2_tropical_temperate","Coldhouse","Warmhouse",11,18,-0.382313779127566,22,0.000292560457195727,0.00146280228597864
"percentile_latbin_OLS","q50","Combined","collection5_k2_tropical_temperate","Coldhouse","Hothouse",11,12,-0.42628559096648,8,0.000200913958145289,0.00146280228597864
"percentile_latbin_OLS","q50","Combined","collection5_k2_tropical_temperate","Coldhouse","Transitional",11,18,-0.347126217069685,28,0.000765508137905986,0.00255169379301995
"percentile_latbin_OLS","q50","Combined","collection5_k2_tropical_temperate","Coldhouse","Coolhouse",11,21,-0.330799046295138,59,0.0131465571627329,0.0328663929068323
"percentile_latbin_OLS","q50","Combined","collection5_k2_tropical_temperate","Coolhouse","Hothouse",21,12,-0.0954865446713426,85,0.0648008511041679,0.129601702208336
"percentile_latbin_OLS","q50","Combined","collection5_k2_tropical_temperate","Transitional","Hothouse",18,12,-0.0791593738967951,79,0.11381214708267,0.189686911804449
"percentile_latbin_OLS","q50","Combined","collection5_k2_tropical_temperate","Coolhouse","Warmhouse",21,18,-0.0515147328324281,156,0.179942621978901,0.226708837817013
"percentile_latbin_OLS","q50","Combined","collection5_k2_tropical_temperate","Warmhouse","Hothouse",18,12,-0.0439718118389145,86,0.181367070253611,0.226708837817013
"percentile_latbin_OLS","q50","Combined","collection5_k2_tropical_temperate","Transitional","Warmhouse",18,18,-0.0351875620578806,138,0.228587363294458,0.253985959216065
"percentile_latbin_OLS","q50","Combined","collection5_k2_tropical_temperate","Coolhouse","Transitional",21,18,-0.0163271707745475,166,0.263084238878072,0.263084238878072
"percentile_latbin_OLS","q50","Combined","collection5_k2_tropical_temperate_polar","Coldhouse","Warmhouse",4,11,-0.376723159984694,5,0.0156118146016607,0.0933410398016573
"percentile_latbin_OLS","q50","Combined","collection5_k2_tropical_temperate_polar","Coldhouse","Hothouse",4,5,-0.419432277588069,1,0.0186682079603315,0.0933410398016573
"percentile_latbin_OLS","q50","Combined","collection5_k2_tropical_temperate_polar","Coldhouse","Coolhouse",4,12,-0.308186516034825,11,0.0647789392180663,0.107964898696777
"percentile_latbin_OLS","q50","Combined","collection5_k2_tropical_temperate_polar","Coldhouse","Transitional",4,6,-0.289403501920411,4,0.0549097044076186,0.107964898696777
"percentile_latbin_OLS","q50","Combined","collection5_k2_tropical_temperate_polar","Coolhouse","Hothouse",12,5,-0.111245761553244,14,0.051145862337451,0.107964898696777
"percentile_latbin_OLS","q50","Combined","collection5_k2_tropical_temperate_polar","Transitional","Hothouse",6,5,-0.130028775667657,5,0.0414187125794032,0.107964898696777
"percentile_latbin_OLS","q50","Combined","collection5_k2_tropical_temperate_polar","Warmhouse","Hothouse",11,5,-0.0427091176033747,17,0.12863182766565,0.183759753808072
"percentile_latbin_OLS","q50","Combined","collection5_k2_tropical_temperate_polar","Coolhouse","Warmhouse",12,11,-0.0685366439498694,51,0.186085719891063,0.20676191099007
"percentile_latbin_OLS","q50","Combined","collection5_k2_tropical_temperate_polar","Transitional","Warmhouse",6,11,-0.0873196580642827,23,0.169842983427764,0.20676191099007
"percentile_latbin_OLS","q50","Combined","collection5_k2_tropical_temperate_polar","Coolhouse","Transitional",12,6,0.0187830141144133,41,0.696766183504496,0.696766183504496
"percentile_latbin_OLS","q50","Combined","collection5_k3_tropical_temperate","Coldhouse","Warmhouse",5,11,-0.383813837653915,4,0.0045852806928085,0.0260374866476582
"percentile_latbin_OLS","q50","Combined","collection5_k3_tropical_temperate","Coldhouse","Hothouse",5,8,-0.42628559096648,2,0.00520749732953164,0.0260374866476582
"percentile_latbin_OLS","q50","Combined","collection5_k3_tropical_temperate","Coldhouse","Transitional",5,12,-0.455555239568596,8,0.0117165416211254,0.0358219379791129
"percentile_latbin_OLS","q50","Combined","collection5_k3_tropical_temperate","Coolhouse","Hothouse",11,8,-0.0954865446713426,17,0.0143287751916451,0.0358219379791129
"percentile_latbin_OLS","q50","Combined","collection5_k3_tropical_temperate","Coolhouse","Transitional",11,12,-0.124756193273458,39,0.0514491420256018,0.102898284051204
"percentile_latbin_OLS","q50","Combined","collection5_k3_tropical_temperate","Coolhouse","Warmhouse",11,11,-0.0530147913587773,38,0.0742808874459343,0.123801479076557
"percentile_latbin_OLS","q50","Combined","collection5_k3_tropical_temperate","Coldhouse","Coolhouse",5,11,-0.330799046295138,15,0.0870006181197914,0.124286597313988
"percentile_latbin_OLS","q50","Combined","collection5_k3_tropical_temperate","Transitional","Hothouse",12,8,0.0292696486021156,38,0.231797234315624,0.257552482572915
"percentile_latbin_OLS","q50","Combined","collection5_k3_tropical_temperate","Warmhouse","Hothouse",11,8,-0.0424717533125653,34,0.2163919605608,0.257552482572915
"percentile_latbin_OLS","q50","Combined","collection5_k3_tropical_temperate","Transitional","Warmhouse",12,11,0.0717414019146809,55,0.259065100725077,0.259065100725077
"percentile_latbin_OLS","q50","Combined","collection5_k3_tropical_temperate_polar","Coldhouse","Coolhouse",2,4,-0.444886125596601,0,0.0525962525600207,0.186143341473457
"percentile_latbin_OLS","q50","Combined","collection5_k3_tropical_temperate_polar","Coldhouse","Transitional",2,3,-0.342051802213698,0,0.0744573365893828,0.186143341473457
"percentile_latbin_OLS","q50","Combined","collection5_k3_tropical_temperate_polar","Coldhouse","Warmhouse",2,6,-0.536151351889735,0,0.0333765075848173,0.186143341473457
"percentile_latbin_OLS","q50","Combined","collection5_k3_tropical_temperate_polar","Coldhouse","Hothouse",2,3,-0.718388849055681,0,0.0744573365893828,0.186143341473457
"percentile_latbin_OLS","q50","Combined","collection5_k3_tropical_temperate_polar","Warmhouse","Hothouse",6,3,-0.182237497165946,4,0.122639058403386,0.245278116806773
"percentile_latbin_OLS","q50","Combined","collection5_k3_tropical_temperate_polar","Transitional","Warmhouse",3,6,-0.194099549676037,5,0.18307828009703,0.273380777775161
"percentile_latbin_OLS","q50","Combined","collection5_k3_tropical_temperate_polar","Transitional","Hothouse",3,3,-0.376337046841983,2,0.191366544442613,0.273380777775161
"percentile_latbin_OLS","q50","Combined","collection5_k3_tropical_temperate_polar","Coolhouse","Hothouse",4,3,-0.27350272345908,4,0.297941545282589,0.372426931603236
"percentile_latbin_OLS","q50","Combined","collection5_k3_tropical_temperate_polar","Coolhouse","Warmhouse",4,6,-0.0912652262931341,10,0.374559566500298,0.416177296111442
"percentile_latbin_OLS","q50","Combined","collection5_k3_tropical_temperate_polar","Coolhouse","Transitional",4,3,0.102834323382903,8,0.811620441094209,0.811620441094209
"percentile_latbin_OLS","q50","Combined","collection10_k1_tropical_temperate","Coldhouse","Warmhouse",17,20,-0.54584741640018,49,0.000120155774056053,0.00120155774056053
"percentile_latbin_OLS","q50","Combined","collection10_k1_tropical_temperate","Coldhouse","Hothouse",17,18,-0.544122730876582,47,0.000248824320948479,0.0012441216047424
"percentile_latbin_OLS","q50","Combined","collection10_k1_tropical_temperate","Coolhouse","Warmhouse",28,20,-0.501512901110064,120,0.000425750621285607,0.00141916873761869
"percentile_latbin_OLS","q50","Combined","collection10_k1_tropical_temperate","Coolhouse","Hothouse",28,18,-0.499788215586466,117,0.00123393677764984,0.0030848419441246
"percentile_latbin_OLS","q50","Combined","collection10_k1_tropical_temperate","Coldhouse","Transitional",17,23,-0.366713648500623,98,0.00397855057377547,0.00795710114755094
"percentile_latbin_OLS","q50","Combined","collection10_k1_tropical_temperate","Coolhouse","Transitional",28,23,-0.322379133210507,211,0.0182307620604694,0.0303846034341156
"percentile_latbin_OLS","q50","Combined","collection10_k1_tropical_temperate","Transitional","Hothouse",23,18,-0.177409082375959,160,0.110934925913654,0.158478465590934
"percentile_latbin_OLS","q50","Combined","collection10_k1_tropical_temperate","Transitional","Warmhouse",23,20,-0.179133767899557,193,0.187069485674906,0.233836857093632
"percentile_latbin_OLS","q50","Combined","collection10_k1_tropical_temperate","Coldhouse","Coolhouse",17,28,-0.0443345152901161,204,0.216447504853892,0.240497227615436
"percentile_latbin_OLS","q50","Combined","collection10_k1_tropical_temperate","Warmhouse","Hothouse",20,18,0.00172468552359831,173,0.424643109863468,0.424643109863468
"percentile_latbin_OLS","q50","Combined","collection10_k1_tropical_temperate_polar","Coldhouse","Warmhouse",7,12,-0.501440379984724,10,0.00388117280327845,0.0238684421645744
"percentile_latbin_OLS","q50","Combined","collection10_k1_tropical_temperate_polar","Coldhouse","Hothouse",7,6,-0.523556158927245,4,0.00920808028815198,0.0238684421645744
"percentile_latbin_OLS","q50","Combined","collection10_k1_tropical_temperate_polar","Coolhouse","Warmhouse",13,12,-0.402656977501438,33,0.00774999666764439,0.0238684421645744
"percentile_latbin_OLS","q50","Combined","collection10_k1_tropical_temperate_polar","Coolhouse","Hothouse",13,6,-0.42477275644396,12,0.010057288181236,0.0238684421645744
"percentile_latbin_OLS","q50","Combined","collection10_k1_tropical_temperate_polar","Transitional","Hothouse",8,6,-0.394717717011476,6,0.0119342210822872,0.0238684421645744
"percentile_latbin_OLS","q50","Combined","collection10_k1_tropical_temperate_polar","Transitional","Warmhouse",8,12,-0.372601938068955,24,0.0349109474989976,0.0581849124983293
"percentile_latbin_OLS","q50","Combined","collection10_k1_tropical_temperate_polar","Coldhouse","Transitional",7,8,-0.128838441915769,17,0.112156563255577,0.160223661793681
"percentile_latbin_OLS","q50","Combined","collection10_k1_tropical_temperate_polar","Coldhouse","Coolhouse",7,13,-0.0987834024832857,33,0.170823859235018,0.213529824043772
"percentile_latbin_OLS","q50","Combined","collection10_k1_tropical_temperate_polar","Warmhouse","Hothouse",12,6,-0.0221157789425213,27,0.212987555756803,0.236652839729781
"percentile_latbin_OLS","q50","Combined","collection10_k1_tropical_temperate_polar","Coolhouse","Transitional",13,8,-0.0300550394324835,50,0.456747576520008,0.456747576520008
"percentile_latbin_OLS","q50","Combined","collection10_k2_tropical_temperate","Coldhouse","Warmhouse",6,15,-0.443235245332261,16,0.0132528219928379,0.0457052573022578
"percentile_latbin_OLS","q50","Combined","collection10_k2_tropical_temperate","Coldhouse","Hothouse",6,6,-0.578618332087428,3,0.0101202852885387,0.0457052573022578
"percentile_latbin_OLS","q50","Combined","collection10_k2_tropical_temperate","Coolhouse","Hothouse",17,6,-0.494987809448908,19,0.0137115771906773,0.0457052573022578
"percentile_latbin_OLS","q50","Combined","collection10_k2_tropical_temperate","Coolhouse","Warmhouse",17,15,-0.359604722693742,73,0.0207156209476118,0.0517890523690295
"percentile_latbin_OLS","q50","Combined","collection10_k2_tropical_temperate","Coldhouse","Transitional",6,15,-0.420260472626655,20,0.0282394247737673,0.0564788495475346
"percentile_latbin_OLS","q50","Combined","collection10_k2_tropical_temperate","Coolhouse","Transitional",17,15,-0.336629949988136,80,0.0379614079848861,0.0632690133081436
"percentile_latbin_OLS","q50","Combined","collection10_k2_tropical_temperate","Warmhouse","Hothouse",15,6,-0.135383086755167,30,0.129486155105953,0.184980221579933
"percentile_latbin_OLS","q50","Combined","collection10_k2_tropical_temperate","Transitional","Hothouse",15,6,-0.158357859460773,35,0.229779262293898,0.287224077867372
"percentile_latbin_OLS","q50","Combined","collection10_k2_tropical_temperate","Coldhouse","Coolhouse",6,17,-0.0836305226385193,47,0.403209239901638,0.448010266557375
"percentile_latbin_OLS","q50","Combined","collection10_k2_tropical_temperate","Transitional","Warmhouse",15,15,-0.0229747727056059,122,0.660848767201384,0.660848767201384
"percentile_latbin_OLS","q50","Combined","collection10_k2_tropical_temperate_polar","Coldhouse","Warmhouse",3,8,-0.429819252348808,1,0.0160443669891156,0.160443669891156
"percentile_latbin_OLS","q50","Combined","collection10_k2_tropical_temperate_polar","Coldhouse","Hothouse",3,3,-0.643845669711003,0,0.0404277991850261,0.202138995925131
"percentile_latbin_OLS","q50","Combined","collection10_k2_tropical_temperate_polar","Coolhouse","Warmhouse",5,8,-0.075348490801071,11,0.106699627188181,0.217976863344958
"percentile_latbin_OLS","q50","Combined","collection10_k2_tropical_temperate_polar","Coolhouse","Hothouse",5,3,-0.289374908163266,3,0.116518991136953,0.217976863344958
"percentile_latbin_OLS","q50","Combined","collection10_k2_tropical_temperate_polar","Transitional","Hothouse",3,3,-0.537856274371116,1,0.095215131912762,0.217976863344958
"percentile_latbin_OLS","q50","Combined","collection10_k2_tropical_temperate_polar","Warmhouse","Hothouse",8,3,-0.214026417362195,6,0.130786118006975,0.217976863344958
"percentile_latbin_OLS","q50","Combined","collection10_k2_tropical_temperate_polar","Transitional","Warmhouse",3,8,-0.323829857008922,8,0.237479269944753,0.339256099921076
"percentile_latbin_OLS","q50","Combined","collection10_k2_tropical_temperate_polar","Coldhouse","Coolhouse",3,5,-0.354470761547737,5,0.275492493792547,0.344365617240683
"percentile_latbin_OLS","q50","Combined","collection10_k2_tropical_temperate_polar","Coldhouse","Transitional",3,3,-0.105989395339887,3,0.331260291770029,0.368066990855588
"percentile_latbin_OLS","q50","Combined","collection10_k2_tropical_temperate_polar","Coolhouse","Transitional",5,3,0.248481366207851,8,0.617202758002118,0.617202758002118
"percentile_latbin_OLS","q50","Combined","collection10_k3_tropical_temperate","Coldhouse","Warmhouse",2,7,-0.380523370445937,0,0.0285199371245278,0.203402823085189
"percentile_latbin_OLS","q50","Combined","collection10_k3_tropical_temperate","Coldhouse","Hothouse",2,5,-0.528543874308618,0,0.0406805646170377,0.203402823085189
"percentile_latbin_OLS","q50","Combined","collection10_k3_tropical_temperate","Coldhouse","Transitional",2,7,-0.420260472626655,2,0.0938413862666982,0.312804620888994
"percentile_latbin_OLS","q50","Combined","collection10_k3_tropical_temperate","Coolhouse","Transitional",4,7,-0.253425312657798,10,0.254165786776073,0.368536925970392
"percentile_latbin_OLS","q50","Combined","collection10_k3_tropical_temperate","Coolhouse","Warmhouse",4,7,-0.21368821047708,10,0.254165786776073,0.368536925970392
"percentile_latbin_OLS","q50","Combined","collection10_k3_tropical_temperate","Coolhouse","Hothouse",4,5,-0.361708714339762,6,0.19563363964132,0.368536925970392
"percentile_latbin_OLS","q50","Combined","collection10_k3_tropical_temperate","Warmhouse","Hothouse",7,5,-0.148020503862681,13,0.257975848179274,0.368536925970392
"percentile_latbin_OLS","q50","Combined","collection10_k3_tropical_temperate","Transitional","Hothouse",7,5,-0.108283401681963,17,0.5,0.625
"percentile_latbin_OLS","q50","Combined","collection10_k3_tropical_temperate","Coldhouse","Coolhouse",2,4,-0.166835159968857,4,0.591519339142304,0.657243710158116
"percentile_latbin_OLS","q50","Combined","collection10_k3_tropical_temperate","Transitional","Warmhouse",7,7,0.0397371021807181,28,0.695359920347949,0.695359920347949
"percentile_latbin_OLS","q50","Combined","collection10_k3_tropical_temperate_polar","Warmhouse","Hothouse",3,2,-0.393804436901411,0,0.0744573365893828,0.0744573365893828
"percentile_latbin_OLS","q50","Combined","collection10_k3_tropical_temperate_polar","Coldhouse","Coolhouse",1,0,NA,NA,NA,NA
"percentile_latbin_OLS","q50","Combined","collection10_k3_tropical_temperate_polar","Coldhouse","Transitional",1,0,NA,NA,NA,NA
"percentile_latbin_OLS","q50","Combined","collection10_k3_tropical_temperate_polar","Coldhouse","Warmhouse",1,3,-0.36537049060117,NA,NA,NA
"percentile_latbin_OLS","q50","Combined","collection10_k3_tropical_temperate_polar","Coldhouse","Hothouse",1,2,-0.759174927502581,NA,NA,NA
"percentile_latbin_OLS","q50","Combined","collection10_k3_tropical_temperate_polar","Coolhouse","Transitional",0,0,NA,NA,NA,NA
"percentile_latbin_OLS","q50","Combined","collection10_k3_tropical_temperate_polar","Coolhouse","Warmhouse",0,3,NA,NA,NA,NA
"percentile_latbin_OLS","q50","Combined","collection10_k3_tropical_temperate_polar","Coolhouse","Hothouse",0,2,NA,NA,NA,NA
"percentile_latbin_OLS","q50","Combined","collection10_k3_tropical_temperate_polar","Transitional","Warmhouse",0,3,NA,NA,NA,NA
"percentile_latbin_OLS","q50","Combined","collection10_k3_tropical_temperate_polar","Transitional","Hothouse",0,2,NA,NA,NA,NA
"percentile_latbin_OLS","q50","Northern","occurrence5_k1_tropical_temperate","Coldhouse","Warmhouse",14,14,-0.522020161413127,18,0.000129677638332036,0.00129677638332036
"percentile_latbin_OLS","q50","Northern","occurrence5_k1_tropical_temperate","Coldhouse","Transitional",14,17,-0.405039409591431,40,0.00091662556686249,0.00458312783431245
"percentile_latbin_OLS","q50","Northern","occurrence5_k1_tropical_temperate","Coolhouse","Warmhouse",15,14,-0.203171928523044,46,0.00533768600733213,0.0177922866911071
"percentile_latbin_OLS","q50","Northern","occurrence5_k1_tropical_temperate","Coldhouse","Hothouse",14,11,-0.408499523901355,34,0.00999174195635864,0.0249793548908966
"percentile_latbin_OLS","q50","Northern","occurrence5_k1_tropical_temperate","Coolhouse","Transitional",15,17,-0.0861911767013477,78,0.0321297933617059,0.0642595867234119
"percentile_latbin_OLS","q50","Northern","occurrence5_k1_tropical_temperate","Coldhouse","Coolhouse",14,15,-0.318848232890083,69,0.060649161062572,0.101081935104287
"percentile_latbin_OLS","q50","Northern","occurrence5_k1_tropical_temperate","Coolhouse","Hothouse",15,11,-0.0896512910112718,63,0.162042349937952,0.231489071339931
"percentile_latbin_OLS","q50","Northern","occurrence5_k1_tropical_temperate","Transitional","Warmhouse",17,14,-0.116980751821696,108,0.338416302199953,0.423020377749941
"percentile_latbin_OLS","q50","Northern","occurrence5_k1_tropical_temperate","Transitional","Hothouse",17,11,-0.00346011430992407,116,0.860357903073509,0.955953225637233
"percentile_latbin_OLS","q50","Northern","occurrence5_k1_tropical_temperate","Warmhouse","Hothouse",14,11,0.113520637511772,119,0.990008258043641,0.990008258043641
"percentile_latbin_OLS","q50","Northern","occurrence5_k1_tropical_temperate_polar","Coldhouse","Warmhouse",6,10,-0.473065925731916,0,0.000687795633623293,0.00687795633623293
"percentile_latbin_OLS","q50","Northern","occurrence5_k1_tropical_temperate_polar","Coldhouse","Transitional",6,8,-0.348865970653699,3,0.00406601094944092,0.0203300547472046
"percentile_latbin_OLS","q50","Northern","occurrence5_k1_tropical_temperate_polar","Coldhouse","Hothouse",6,4,-0.366243608088556,0,0.00710701943454103,0.0236900647818034
"percentile_latbin_OLS","q50","Northern","occurrence5_k1_tropical_temperate_polar","Coldhouse","Coolhouse",6,11,-0.340308742483277,12,0.0196836203117476,0.0492090507793691
"percentile_latbin_OLS","q50","Northern","occurrence5_k1_tropical_temperate_polar","Coolhouse","Warmhouse",11,10,-0.132757183248638,31,0.0489804919629963,0.0979609839259926
"percentile_latbin_OLS","q50","Northern","occurrence5_k1_tropical_temperate_polar","Coolhouse","Transitional",11,8,-0.00855722817042154,32,0.171162535354515,0.285270892257525
"percentile_latbin_OLS","q50","Northern","occurrence5_k1_tropical_temperate_polar","Coolhouse","Hothouse",11,4,-0.0259348656052789,17,0.27842991693482,0.3977570241926
"percentile_latbin_OLS","q50","Northern","occurrence5_k1_tropical_temperate_polar","Transitional","Warmhouse",8,10,-0.124199955078217,38,0.446986566195109,0.558733207743886
"percentile_latbin_OLS","q50","Northern","occurrence5_k1_tropical_temperate_polar","Transitional","Hothouse",8,4,-0.0173776374348574,18,0.664437270805094,0.738263634227882
"percentile_latbin_OLS","q50","Northern","occurrence5_k1_tropical_temperate_polar","Warmhouse","Hothouse",10,4,0.106822317643359,27,0.855577816826758,0.855577816826758
"percentile_latbin_OLS","q50","Northern","occurrence5_k2_tropical_temperate","Coldhouse","Warmhouse",10,12,-0.61303340141187,4,0.000126323539912908,0.00126323539912908
"percentile_latbin_OLS","q50","Northern","occurrence5_k2_tropical_temperate","Coldhouse","Transitional",10,14,-0.484530870560737,12,0.000380152921436305,0.00190076460718153
"percentile_latbin_OLS","q50","Northern","occurrence5_k2_tropical_temperate","Coldhouse","Hothouse",10,7,-0.507937336077743,3,0.0010557455033353,0.00351915167778433
"percentile_latbin_OLS","q50","Northern","occurrence5_k2_tropical_temperate","Coldhouse","Coolhouse",10,12,-0.436219948815458,25,0.0114570857676705,0.0286427144191762
"percentile_latbin_OLS","q50","Northern","occurrence5_k2_tropical_temperate","Coolhouse","Warmhouse",12,12,-0.176813452596412,34,0.0151914109882888,0.0303828219765775
"percentile_latbin_OLS","q50","Northern","occurrence5_k2_tropical_temperate","Coolhouse","Transitional",12,14,-0.0483109217452792,57,0.0864392186572151,0.144065364428692
"percentile_latbin_OLS","q50","Northern","occurrence5_k2_tropical_temperate","Coolhouse","Hothouse",12,7,-0.0717173872622854,28,0.126943649914537,0.181348071306481
"percentile_latbin_OLS","q50","Northern","occurrence5_k2_tropical_temperate","Transitional","Warmhouse",14,12,-0.128502530851133,71,0.26013455833152,0.325168197914401
"percentile_latbin_OLS","q50","Northern","occurrence5_k2_tropical_temperate","Transitional","Hothouse",14,7,-0.0234064655170062,53,0.631459438851007,0.701621598723341
"percentile_latbin_OLS","q50","Northern","occurrence5_k2_tropical_temperate","Warmhouse","Hothouse",12,7,0.105096065334126,58,0.918417347281229,0.918417347281229
"percentile_latbin_OLS","q50","Northern","occurrence5_k2_tropical_temperate_polar","Coldhouse","Coolhouse",5,6,-0.258249116145238,0,0.00405655863278289,0.0202827931639144
"percentile_latbin_OLS","q50","Northern","occurrence5_k2_tropical_temperate_polar","Coldhouse","Warmhouse",5,8,-0.280187205775626,0,0.00215517924976753,0.0202827931639144
"percentile_latbin_OLS","q50","Northern","occurrence5_k2_tropical_temperate_polar","Coldhouse","Hothouse",5,4,-0.268990881998984,0,0.00998222665260803,0.0332740888420268
"percentile_latbin_OLS","q50","Northern","occurrence5_k2_tropical_temperate_polar","Coldhouse","Transitional",5,5,-0.235332508040559,3,0.0300514029694332,0.0751285074235829
"percentile_latbin_OLS","q50","Northern","occurrence5_k2_tropical_temperate_polar","Transitional","Warmhouse",5,8,-0.0448546977350678,16,0.304203900116499,0.594419311565381
"percentile_latbin_OLS","q50","Northern","occurrence5_k2_tropical_temperate_polar","Transitional","Hothouse",5,4,-0.0336583739584251,8,0.356651586939229,0.594419311565381
"percentile_latbin_OLS","q50","Northern","occurrence5_k2_tropical_temperate_polar","Coolhouse","Warmhouse",6,8,-0.0219380896303881,23,0.474266258425322,0.677523226321889
"percentile_latbin_OLS","q50","Northern","occurrence5_k2_tropical_temperate_polar","Coolhouse","Hothouse",6,4,-0.0107417658537453,12,0.542446982789747,0.678058728487184
"percentile_latbin_OLS","q50","Northern","occurrence5_k2_tropical_temperate_polar","Coolhouse","Transitional",6,5,0.0229166081046798,18,0.738591673040456,0.738591673040456
"percentile_latbin_OLS","q50","Northern","occurrence5_k2_tropical_temperate_polar","Warmhouse","Hothouse",8,4,0.0111963237766427,19,0.723892888982925,0.738591673040456
"percentile_latbin_OLS","q50","Northern","occurrence5_k3_tropical_temperate","Coldhouse","Transitional",5,9,-0.307786683501858,5,0.0117052980805584,0.0390176602685278
"percentile_latbin_OLS","q50","Northern","occurrence5_k3_tropical_temperate","Coldhouse","Warmhouse",5,8,-0.473685605133428,2,0.00520749732953164,0.0390176602685278
"percentile_latbin_OLS","q50","Northern","occurrence5_k3_tropical_temperate","Coolhouse","Warmhouse",7,8,-0.301392589748687,7,0.00883613819336122,0.0390176602685278
"percentile_latbin_OLS","q50","Northern","occurrence5_k3_tropical_temperate","Coldhouse","Hothouse",5,4,-0.268990881998984,2,0.0330962898610967,0.0719442354531833
"percentile_latbin_OLS","q50","Northern","occurrence5_k3_tropical_temperate","Coolhouse","Transitional",7,9,-0.135493668117117,14,0.0359721177265917,0.0719442354531833
"percentile_latbin_OLS","q50","Northern","occurrence5_k3_tropical_temperate","Coolhouse","Hothouse",7,4,-0.0966978666142424,8,0.149308837224405,0.248848062040675
"percentile_latbin_OLS","q50","Northern","occurrence5_k3_tropical_temperate","Coldhouse","Coolhouse",5,7,-0.172293015384741,12,0.208396405923813,0.260495507404767
"percentile_latbin_OLS","q50","Northern","occurrence5_k3_tropical_temperate","Transitional","Warmhouse",9,8,-0.16589892163157,27,0.206703467214103,0.260495507404767
"percentile_latbin_OLS","q50","Northern","occurrence5_k3_tropical_temperate","Transitional","Hothouse",9,4,0.0387958015028746,23,0.801967089645531,0.89107454405059
"percentile_latbin_OLS","q50","Northern","occurrence5_k3_tropical_temperate","Warmhouse","Hothouse",8,4,0.204694723134444,24,0.925581726561645,0.925581726561645
"percentile_latbin_OLS","q50","Northern","occurrence5_k3_tropical_temperate_polar","Coldhouse","Coolhouse",2,3,-0.354716040388056,0,0.0744573365893828,0.372286682946914
"percentile_latbin_OLS","q50","Northern","occurrence5_k3_tropical_temperate_polar","Coldhouse","Warmhouse",2,5,-0.458589220546627,0,0.0406805646170377,0.372286682946914
"percentile_latbin_OLS","q50","Northern","occurrence5_k3_tropical_temperate_polar","Coldhouse","Hothouse",2,2,-0.366243608088556,0,0.122639058403386,0.408796861344621
"percentile_latbin_OLS","q50","Northern","occurrence5_k3_tropical_temperate_polar","Transitional","Warmhouse",2,5,-0.271818288995448,2,0.166460804032783,0.416152010081957
"percentile_latbin_OLS","q50","Northern","occurrence5_k3_tropical_temperate_polar","Coldhouse","Transitional",2,2,-0.186770931551179,1,0.349267679151669,0.48301874542778
"percentile_latbin_OLS","q50","Northern","occurrence5_k3_tropical_temperate_polar","Coolhouse","Warmhouse",3,5,-0.103873180158571,5,0.275492493792547,0.48301874542778
"percentile_latbin_OLS","q50","Northern","occurrence5_k3_tropical_temperate_polar","Coolhouse","Hothouse",3,2,-0.0115275677005003,2,0.386414996342224,0.48301874542778
"percentile_latbin_OLS","q50","Northern","occurrence5_k3_tropical_temperate_polar","Transitional","Hothouse",2,2,-0.179472676537377,1,0.349267679151669,0.48301874542778
"percentile_latbin_OLS","q50","Northern","occurrence5_k3_tropical_temperate_polar","Warmhouse","Hothouse",5,2,0.0923456124580706,6,0.719362081932711,0.799291202147457
"percentile_latbin_OLS","q50","Northern","occurrence5_k3_tropical_temperate_polar","Coolhouse","Transitional",3,2,0.167945108836877,5,0.925542663410617,0.925542663410617
"percentile_latbin_OLS","q50","Northern","occurrence10_k1_tropical_temperate","Coldhouse","Warmhouse",13,14,-0.658809172855233,7,2.53979714309527e-05,0.000253979714309527
"percentile_latbin_OLS","q50","Northern","occurrence10_k1_tropical_temperate","Coldhouse","Transitional",13,17,-0.535485316837733,25,0.000187272597902097,0.000936362989510484
"percentile_latbin_OLS","q50","Northern","occurrence10_k1_tropical_temperate","Coldhouse","Hothouse",13,11,-0.455204967736195,24,0.00323442999398944,0.00808607498497359
"percentile_latbin_OLS","q50","Northern","occurrence10_k1_tropical_temperate","Coolhouse","Warmhouse",14,14,-0.21617682365748,37,0.00271932921999403,0.00808607498497359
"percentile_latbin_OLS","q50","Northern","occurrence10_k1_tropical_temperate","Coldhouse","Coolhouse",13,14,-0.442632349197753,41,0.00815185466398345,0.0163037093279669
"percentile_latbin_OLS","q50","Northern","occurrence10_k1_tropical_temperate","Transitional","Warmhouse",17,14,-0.1233238560175,78,0.0539597102426804,0.0899328504044674
"percentile_latbin_OLS","q50","Northern","occurrence10_k1_tropical_temperate","Coolhouse","Transitional",14,17,-0.0928529676399799,82,0.0736913251417054,0.105273321631008
"percentile_latbin_OLS","q50","Northern","occurrence10_k1_tropical_temperate","Coolhouse","Hothouse",14,11,-0.0125726185384424,63,0.229936491514133,0.287420614392666
"percentile_latbin_OLS","q50","Northern","occurrence10_k1_tropical_temperate","Transitional","Hothouse",17,11,0.0802803491015375,116,0.860357903073509,0.955953225637233
"percentile_latbin_OLS","q50","Northern","occurrence10_k1_tropical_temperate","Warmhouse","Hothouse",14,11,0.203604205119038,119,0.990008258043641,0.990008258043641
"percentile_latbin_OLS","q50","Northern","occurrence10_k1_tropical_temperate_polar","Coldhouse","Warmhouse",5,10,-0.608762154781708,1,0.0020000715903473,0.020000715903473
"percentile_latbin_OLS","q50","Northern","occurrence10_k1_tropical_temperate_polar","Coldhouse","Transitional",5,8,-0.493625082552046,2,0.00520749732953164,0.0260374866476582
"percentile_latbin_OLS","q50","Northern","occurrence10_k1_tropical_temperate_polar","Coldhouse","Coolhouse",5,8,-0.472261152468877,4,0.0116351460049754,0.0290878650124385
"percentile_latbin_OLS","q50","Northern","occurrence10_k1_tropical_temperate_polar","Coldhouse","Hothouse",5,4,-0.426783544809543,0,0.00998222665260803,0.0290878650124385
"percentile_latbin_OLS","q50","Northern","occurrence10_k1_tropical_temperate_polar","Coolhouse","Warmhouse",8,10,-0.136501002312831,18,0.0280456819981465,0.0560913639962931
"percentile_latbin_OLS","q50","Northern","occurrence10_k1_tropical_temperate_polar","Transitional","Warmhouse",8,10,-0.115137072229662,29,0.175423025993314,0.292371709988857
"percentile_latbin_OLS","q50","Northern","occurrence10_k1_tropical_temperate_polar","Coolhouse","Transitional",8,8,-0.021363930083169,26,0.281761858238859,0.402516940341227
"percentile_latbin_OLS","q50","Northern","occurrence10_k1_tropical_temperate_polar","Coolhouse","Hothouse",8,4,0.0454776076593336,14,0.399453334821635,0.499316668527044
"percentile_latbin_OLS","q50","Northern","occurrence10_k1_tropical_temperate_polar","Transitional","Hothouse",8,4,0.0668415377425027,21,0.824881207590503,0.916534675100559
"percentile_latbin_OLS","q50","Northern","occurrence10_k1_tropical_temperate_polar","Warmhouse","Hothouse",10,4,0.181978609972165,32,0.961450064128229,0.961450064128229
"percentile_latbin_OLS","q50","Northern","occurrence10_k2_tropical_temperate","Coldhouse","Transitional",7,12,-0.430663161197328,4,0.000763958110811169,0.0052787275166765
"percentile_latbin_OLS","q50","Northern","occurrence10_k2_tropical_temperate","Coldhouse","Warmhouse",7,10,-0.564880883144902,3,0.0010557455033353,0.0052787275166765
"percentile_latbin_OLS","q50","Northern","occurrence10_k2_tropical_temperate","Coldhouse","Hothouse",7,6,-0.342027681206658,2,0.00411048566034429,0.0137016188678143
"percentile_latbin_OLS","q50","Northern","occurrence10_k2_tropical_temperate","Coolhouse","Warmhouse",12,10,-0.253950909048502,25,0.0114570857676705,0.0286427144191762
"percentile_latbin_OLS","q50","Northern","occurrence10_k2_tropical_temperate","Coolhouse","Transitional",12,12,-0.119733187100928,41,0.0391261142631185,0.0782522285262371
"percentile_latbin_OLS","q50","Northern","occurrence10_k2_tropical_temperate","Coldhouse","Coolhouse",7,12,-0.310929974096401,26,0.0950997623827324,0.141796921278854
"percentile_latbin_OLS","q50","Northern","occurrence10_k2_tropical_temperate","Transitional","Warmhouse",12,10,-0.134217721947574,40,0.0992578448951981,0.141796921278854
"percentile_latbin_OLS","q50","Northern","occurrence10_k2_tropical_temperate","Coolhouse","Hothouse",12,6,-0.0310977071102571,24,0.140723674483476,0.175904593104345
"percentile_latbin_OLS","q50","Northern","occurrence10_k2_tropical_temperate","Transitional","Hothouse",12,6,0.0886354799906707,45,0.813201681271782,0.872624418504781
"percentile_latbin_OLS","q50","Northern","occurrence10_k2_tropical_temperate","Warmhouse","Hothouse",10,6,0.222853201938245,40,0.872624418504781,0.872624418504781
"percentile_latbin_OLS","q50","Northern","occurrence10_k2_tropical_temperate_polar","Coldhouse","Transitional",4,5,-0.363450474057528,2,0.0330962898610967,0.110320966203656
"percentile_latbin_OLS","q50","Northern","occurrence10_k2_tropical_temperate_polar","Coldhouse","Warmhouse",4,5,-0.463779737593353,1,0.0186682079603315,0.110320966203656
"percentile_latbin_OLS","q50","Northern","occurrence10_k2_tropical_temperate_polar","Coldhouse","Hothouse",4,3,-0.420905408023763,0,0.0259149636089548,0.110320966203656
"percentile_latbin_OLS","q50","Northern","occurrence10_k2_tropical_temperate_polar","Coldhouse","Coolhouse",4,4,-0.405094178668616,2,0.056175598845232,0.14043899711308
"percentile_latbin_OLS","q50","Northern","occurrence10_k2_tropical_temperate_polar","Transitional","Warmhouse",5,5,-0.100329263535825,9,0.265434651984254,0.530869303968508
"percentile_latbin_OLS","q50","Northern","occurrence10_k2_tropical_temperate_polar","Coolhouse","Warmhouse",4,5,-0.0586855589247368,8,0.356651586939229,0.594419311565381
"percentile_latbin_OLS","q50","Northern","occurrence10_k2_tropical_temperate_polar","Coolhouse","Hothouse",4,3,-0.0158112293551475,5,0.429841897599333,0.614059853713333
"percentile_latbin_OLS","q50","Northern","occurrence10_k2_tropical_temperate_polar","Transitional","Hothouse",5,3,-0.0574549339662358,7,0.5,0.625
"percentile_latbin_OLS","q50","Northern","occurrence10_k2_tropical_temperate_polar","Coolhouse","Transitional",4,5,0.0416437046110883,11,0.643348413060771,0.714831570067524
"percentile_latbin_OLS","q50","Northern","occurrence10_k2_tropical_temperate_polar","Warmhouse","Hothouse",5,3,0.0428743295695892,9,0.724507506207453,0.724507506207453
"percentile_latbin_OLS","q50","Northern","occurrence10_k3_tropical_temperate","Coldhouse","Transitional",5,7,-0.410032815997206,3,0.0114951970462325,0.0574759852311623
"percentile_latbin_OLS","q50","Northern","occurrence10_k3_tropical_temperate","Coldhouse","Warmhouse",5,6,-0.508887999807447,2,0.0112394366830626,0.0574759852311623
"percentile_latbin_OLS","q50","Northern","occurrence10_k3_tropical_temperate","Coldhouse","Hothouse",5,4,-0.203598560446151,2,0.0330962898610967,0.110320966203656
"percentile_latbin_OLS","q50","Northern","occurrence10_k3_tropical_temperate","Coolhouse","Warmhouse",6,6,-0.421480107761584,7,0.0463479012789063,0.115869753197266
"percentile_latbin_OLS","q50","Northern","occurrence10_k3_tropical_temperate","Transitional","Warmhouse",7,6,-0.098855183810241,10,0.0668072012688581,0.133614402537716
"percentile_latbin_OLS","q50","Northern","occurrence10_k3_tropical_temperate","Coolhouse","Transitional",6,7,-0.322624923951343,11,0.0873679116076236,0.145613186012706
"percentile_latbin_OLS","q50","Northern","occurrence10_k3_tropical_temperate","Coldhouse","Coolhouse",5,6,-0.087407892045863,11,0.261408326959544,0.373440467085063
"percentile_latbin_OLS","q50","Northern","occurrence10_k3_tropical_temperate","Coolhouse","Hothouse",6,4,-0.116190668400288,10,0.374559566500298,0.468199458125372
"percentile_latbin_OLS","q50","Northern","occurrence10_k3_tropical_temperate","Transitional","Hothouse",7,4,0.206434255551055,21,0.921812139120178,0.965022820709995
"percentile_latbin_OLS","q50","Northern","occurrence10_k3_tropical_temperate","Warmhouse","Hothouse",6,4,0.305289439361296,20,0.965022820709995,0.965022820709995
"percentile_latbin_OLS","q50","Northern","occurrence10_k3_tropical_temperate_polar","Coldhouse","Warmhouse",2,3,-0.473865569037122,0,0.0744573365893828,0.223372009768148
"percentile_latbin_OLS","q50","Northern","occurrence10_k3_tropical_temperate_polar","Transitional","Warmhouse",2,3,-0.273642873368486,1,0.193238115385616,0.289857173078424
"percentile_latbin_OLS","q50","Northern","occurrence10_k3_tropical_temperate_polar","Coldhouse","Transitional",2,2,-0.200222695668636,1,0.349267679151669,0.349267679151669
"percentile_latbin_OLS","q50","Northern","occurrence10_k3_tropical_temperate_polar","Coldhouse","Coolhouse",2,0,NA,NA,NA,NA
"percentile_latbin_OLS","q50","Northern","occurrence10_k3_tropical_temperate_polar","Coldhouse","Hothouse",2,1,-0.26611876462143,NA,NA,NA
"percentile_latbin_OLS","q50","Northern","occurrence10_k3_tropical_temperate_polar","Coolhouse","Transitional",0,2,NA,NA,NA,NA
"percentile_latbin_OLS","q50","Northern","occurrence10_k3_tropical_temperate_polar","Coolhouse","Warmhouse",0,3,NA,NA,NA,NA
"percentile_latbin_OLS","q50","Northern","occurrence10_k3_tropical_temperate_polar","Coolhouse","Hothouse",0,1,NA,NA,NA,NA
"percentile_latbin_OLS","q50","Northern","occurrence10_k3_tropical_temperate_polar","Transitional","Hothouse",2,1,-0.0658960689527937,NA,NA,NA
"percentile_latbin_OLS","q50","Northern","occurrence10_k3_tropical_temperate_polar","Warmhouse","Hothouse",3,1,0.207746804415692,NA,NA,NA
"percentile_latbin_OLS","q50","Northern","collection5_k1_tropical_temperate","Coldhouse","Warmhouse",13,14,-0.640413768259735,7,2.53979714309527e-05,0.000253979714309527
"percentile_latbin_OLS","q50","Northern","collection5_k1_tropical_temperate","Coldhouse","Transitional",13,16,-0.49517688567988,18,8.86209416646013e-05,0.000443104708323007
"percentile_latbin_OLS","q50","Northern","collection5_k1_tropical_temperate","Coolhouse","Warmhouse",14,14,-0.333444132860011,39,0.00359472339480334,0.0119824113160111
"percentile_latbin_OLS","q50","Northern","collection5_k1_tropical_temperate","Coldhouse","Hothouse",13,9,-0.457357013026373,21,0.00674078413273831,0.0168519603318458
"percentile_latbin_OLS","q50","Northern","collection5_k1_tropical_temperate","Coolhouse","Transitional",14,16,-0.188207250280156,55,0.00941862733333513,0.0188372546666703
"percentile_latbin_OLS","q50","Northern","collection5_k1_tropical_temperate","Coldhouse","Coolhouse",13,14,-0.306969635399724,53,0.0343999939827828,0.057333323304638
"percentile_latbin_OLS","q50","Northern","collection5_k1_tropical_temperate","Coolhouse","Hothouse",14,9,-0.150387377626649,46,0.149308837224405,0.213298338892007
"percentile_latbin_OLS","q50","Northern","collection5_k1_tropical_temperate","Transitional","Warmhouse",16,14,-0.145236882579854,89,0.174807231841997,0.218509039802496
"percentile_latbin_OLS","q50","Northern","collection5_k1_tropical_temperate","Transitional","Hothouse",16,9,0.0378198726535074,93,0.88823551870603,0.963699530275021
"percentile_latbin_OLS","q50","Northern","collection5_k1_tropical_temperate","Warmhouse","Hothouse",14,9,0.183056755233362,91,0.963699530275021,0.963699530275021
"percentile_latbin_OLS","q50","Northern","collection5_k1_tropical_temperate_polar","Coldhouse","Transitional",6,7,-0.347415553222171,0,0.00170261791064738,0.00851308955323691
"percentile_latbin_OLS","q50","Northern","collection5_k1_tropical_temperate_polar","Coldhouse","Warmhouse",6,9,-0.457839171959013,0,0.000894921639311727,0.00851308955323691
"percentile_latbin_OLS","q50","Northern","collection5_k1_tropical_temperate_polar","Coldhouse","Hothouse",6,4,-0.4333769333936,0,0.00710701943454103,0.0236900647818034
"percentile_latbin_OLS","q50","Northern","collection5_k1_tropical_temperate_polar","Coldhouse","Coolhouse",6,10,-0.370203185476144,12,0.0288387219082096,0.0720968047705239
"percentile_latbin_OLS","q50","Northern","collection5_k1_tropical_temperate_polar","Coolhouse","Warmhouse",10,9,-0.0876359864828689,32,0.153717082963698,0.298308893870273
"percentile_latbin_OLS","q50","Northern","collection5_k1_tropical_temperate_polar","Coolhouse","Hothouse",10,4,-0.0631737479174564,13,0.178985336322164,0.298308893870273
"percentile_latbin_OLS","q50","Northern","collection5_k1_tropical_temperate_polar","Coolhouse","Transitional",10,7,0.0227876322539727,30,0.330274602600836,0.366971780667596
"percentile_latbin_OLS","q50","Northern","collection5_k1_tropical_temperate_polar","Transitional","Warmhouse",7,9,-0.110423618736842,26,0.2983138940017,0.366971780667596
"percentile_latbin_OLS","q50","Northern","collection5_k1_tropical_temperate_polar","Transitional","Hothouse",7,4,-0.0859613801714291,11,0.3183008162818,0.366971780667596
"percentile_latbin_OLS","q50","Northern","collection5_k1_tropical_temperate_polar","Warmhouse","Hothouse",9,4,0.0244622385654124,19,0.591519339142304,0.591519339142304
"percentile_latbin_OLS","q50","Northern","collection5_k2_tropical_temperate","Coldhouse","Transitional",7,11,-0.501816442461072,3,0.00076263053036908,0.00518776180746331
"percentile_latbin_OLS","q50","Northern","collection5_k2_tropical_temperate","Coldhouse","Warmhouse",7,11,-0.551165699532306,4,0.00103755236149266,0.00518776180746331
"percentile_latbin_OLS","q50","Northern","collection5_k2_tropical_temperate","Coldhouse","Hothouse",7,6,-0.359351599088503,2,0.00411048566034429,0.0137016188678143
"percentile_latbin_OLS","q50","Northern","collection5_k2_tropical_temperate","Coolhouse","Transitional",11,11,-0.230812795554771,23,0.00755763467824674,0.0188940866956169
"percentile_latbin_OLS","q50","Northern","collection5_k2_tropical_temperate","Coolhouse","Warmhouse",11,11,-0.280162052626004,27,0.0151195105080743,0.0302390210161486
"percentile_latbin_OLS","q50","Northern","collection5_k2_tropical_temperate","Coolhouse","Hothouse",11,6,-0.0883479521822015,19,0.0874222168052074,0.145703694675346
"percentile_latbin_OLS","q50","Northern","collection5_k2_tropical_temperate","Coldhouse","Coolhouse",7,11,-0.271003646906301,30,0.234369146257964,0.334813066082805
"percentile_latbin_OLS","q50","Northern","collection5_k2_tropical_temperate","Transitional","Warmhouse",11,11,-0.0493492570712338,51,0.277265203244712,0.34658150405589
"percentile_latbin_OLS","q50","Northern","collection5_k2_tropical_temperate","Transitional","Hothouse",11,6,0.142464843372569,43,0.854353576191094,0.854353576191094
"percentile_latbin_OLS","q50","Northern","collection5_k2_tropical_temperate","Warmhouse","Hothouse",11,6,0.191814100443803,42,0.830157016572236,0.854353576191094
"percentile_latbin_OLS","q50","Northern","collection5_k2_tropical_temperate_polar","Coldhouse","Warmhouse",3,8,-0.322052032780682,0,0.00945177150556067,0.0945177150556067
"percentile_latbin_OLS","q50","Northern","collection5_k2_tropical_temperate_polar","Coldhouse","Coolhouse",3,6,-0.299319257150754,2,0.0466449780918023,0.155483260306008
"percentile_latbin_OLS","q50","Northern","collection5_k2_tropical_temperate_polar","Coldhouse","Transitional",3,3,-0.273390218917074,0,0.0404277991850261,0.155483260306008
"percentile_latbin_OLS","q50","Northern","collection5_k2_tropical_temperate_polar","Coldhouse","Hothouse",3,2,-0.319321048011852,0,0.0744573365893828,0.186143341473457
"percentile_latbin_OLS","q50","Northern","collection5_k2_tropical_temperate_polar","Transitional","Warmhouse",3,8,-0.0486618138636085,8,0.237479269944753,0.474958539889507
"percentile_latbin_OLS","q50","Northern","collection5_k2_tropical_temperate_polar","Coolhouse","Warmhouse",6,8,-0.0227327756299284,22,0.423225298438295,0.604607569197565
"percentile_latbin_OLS","q50","Northern","collection5_k2_tropical_temperate_polar","Transitional","Hothouse",3,2,-0.0459308290947788,2,0.386414996342224,0.604607569197565
"percentile_latbin_OLS","q50","Northern","collection5_k2_tropical_temperate_polar","Coolhouse","Hothouse",6,2,-0.0200017908610988,6,0.566183832610904,0.629093147345449
"percentile_latbin_OLS","q50","Northern","collection5_k2_tropical_temperate_polar","Warmhouse","Hothouse",8,2,0.00273098476882963,8,0.551937611013577,0.629093147345449
"percentile_latbin_OLS","q50","Northern","collection5_k2_tropical_temperate_polar","Coolhouse","Transitional",6,3,0.02592903823368,11,0.740697491785637,0.740697491785637
"percentile_latbin_OLS","q50","Northern","collection5_k3_tropical_temperate","Coldhouse","Transitional",5,8,-0.511951699146439,2,0.00520749732953164,0.0371273447184122
"percentile_latbin_OLS","q50","Northern","collection5_k3_tropical_temperate","Coldhouse","Warmhouse",5,7,-0.551165699532306,2,0.00742546894368245,0.0371273447184122
"percentile_latbin_OLS","q50","Northern","collection5_k3_tropical_temperate","Coolhouse","Transitional",6,8,-0.427099481128513,7,0.0165799937294239,0.0552666457647463
"percentile_latbin_OLS","q50","Northern","collection5_k3_tropical_temperate","Coldhouse","Hothouse",5,4,-0.319321048011852,2,0.0330962898610967,0.0741455311114069
"percentile_latbin_OLS","q50","Northern","collection5_k3_tropical_temperate","Coolhouse","Warmhouse",6,7,-0.46631348151438,8,0.0370727655557034,0.0741455311114069
"percentile_latbin_OLS","q50","Northern","collection5_k3_tropical_temperate","Coolhouse","Hothouse",6,4,-0.234468829993927,7,0.168677825888181,0.281129709813635
"percentile_latbin_OLS","q50","Northern","collection5_k3_tropical_temperate","Transitional","Warmhouse",8,7,-0.039214000385867,23,0.301262176180648,0.430374537400926
"percentile_latbin_OLS","q50","Northern","collection5_k3_tropical_temperate","Coldhouse","Coolhouse",5,6,-0.0848522180179259,14,0.463632236762616,0.57954029595327
"percentile_latbin_OLS","q50","Northern","collection5_k3_tropical_temperate","Transitional","Hothouse",8,4,0.192630651134586,24,0.925581726561645,0.925581726561645
"percentile_latbin_OLS","q50","Northern","collection5_k3_tropical_temperate","Warmhouse","Hothouse",7,4,0.231844651520453,20,0.89034867516034,0.925581726561645
"percentile_latbin_OLS","q50","Northern","collection5_k3_tropical_temperate_polar","Coldhouse","Warmhouse",2,5,-0.45247542095054,0,0.0406805646170377,0.122041693851113
"percentile_latbin_OLS","q50","Northern","collection5_k3_tropical_temperate_polar","Coldhouse","Transitional",2,2,-0.227134760251477,0,0.122639058403386,0.166460804032783
"percentile_latbin_OLS","q50","Northern","collection5_k3_tropical_temperate_polar","Transitional","Warmhouse",2,5,-0.225340660699063,2,0.166460804032783,0.166460804032783
"percentile_latbin_OLS","q50","Northern","collection5_k3_tropical_temperate_polar","Coldhouse","Coolhouse",2,1,-0.46299816833311,NA,NA,NA
"percentile_latbin_OLS","q50","Northern","collection5_k3_tropical_temperate_polar","Coldhouse","Hothouse",2,1,-0.341770386711042,NA,NA,NA
"percentile_latbin_OLS","q50","Northern","collection5_k3_tropical_temperate_polar","Coolhouse","Transitional",1,2,0.235863408081633,NA,NA,NA
"percentile_latbin_OLS","q50","Northern","collection5_k3_tropical_temperate_polar","Coolhouse","Warmhouse",1,5,0.0105227473825699,NA,NA,NA
"percentile_latbin_OLS","q50","Northern","collection5_k3_tropical_temperate_polar","Coolhouse","Hothouse",1,1,0.121227781622068,NA,NA,NA
"percentile_latbin_OLS","q50","Northern","collection5_k3_tropical_temperate_polar","Transitional","Hothouse",2,1,-0.114635626459565,NA,NA,NA
"percentile_latbin_OLS","q50","Northern","collection5_k3_tropical_temperate_polar","Warmhouse","Hothouse",5,1,0.110705034239498,NA,NA,NA
"percentile_latbin_OLS","q50","Northern","collection10_k1_tropical_temperate","Coldhouse","Warmhouse",12,13,-0.631408240957282,19,0.000731358293340576,0.00731358293340576
"percentile_latbin_OLS","q50","Northern","collection10_k1_tropical_temperate","Coldhouse","Transitional",12,14,-0.433862359751162,33,0.00469608013549125,0.0172404953383301
"percentile_latbin_OLS","q50","Northern","collection10_k1_tropical_temperate","Coolhouse","Warmhouse",13,13,-0.392766932198491,34,0.00517214860149904,0.0172404953383301
"percentile_latbin_OLS","q50","Northern","collection10_k1_tropical_temperate","Coldhouse","Hothouse",12,8,-0.409845359773484,17,0.00930816017782372,0.0232704004445593
"percentile_latbin_OLS","q50","Northern","collection10_k1_tropical_temperate","Coolhouse","Transitional",13,14,-0.195221050992371,57,0.0520145870286316,0.104029174057263
"percentile_latbin_OLS","q50","Northern","collection10_k1_tropical_temperate","Coolhouse","Hothouse",13,8,-0.171204051014693,36,0.130820581608281,0.218034302680468
"percentile_latbin_OLS","q50","Northern","collection10_k1_tropical_temperate","Coldhouse","Coolhouse",12,13,-0.238641308758791,61,0.184730971373752,0.263901387676788
"percentile_latbin_OLS","q50","Northern","collection10_k1_tropical_temperate","Transitional","Warmhouse",14,13,-0.19754588120612,76,0.240831829886243,0.301039787357804
"percentile_latbin_OLS","q50","Northern","collection10_k1_tropical_temperate","Transitional","Hothouse",14,8,0.0240169999776781,60,0.620629932475428,0.689588813861586
"percentile_latbin_OLS","q50","Northern","collection10_k1_tropical_temperate","Warmhouse","Hothouse",13,8,0.221562881183798,75,0.955611633143454,0.955611633143454
"percentile_latbin_OLS","q50","Northern","collection10_k1_tropical_temperate_polar","Coldhouse","Warmhouse",5,8,-0.723101389848155,1,0.00338325001752982,0.0338325001752982
"percentile_latbin_OLS","q50","Northern","collection10_k1_tropical_temperate_polar","Coldhouse","Transitional",5,3,-0.349596319097622,0,0.0184442128535249,0.0614807095117498
"percentile_latbin_OLS","q50","Northern","collection10_k1_tropical_temperate_polar","Coldhouse","Hothouse",5,3,-0.547013979917837,0,0.0184442128535249,0.0614807095117498
"percentile_latbin_OLS","q50","Northern","collection10_k1_tropical_temperate_polar","Coldhouse","Coolhouse",5,6,-0.48888225963285,5,0.0414187125794032,0.103546781448508
"percentile_latbin_OLS","q50","Northern","collection10_k1_tropical_temperate_polar","Coolhouse","Warmhouse",6,8,-0.234219130215305,13,0.087622122700003,0.136021617018231
"percentile_latbin_OLS","q50","Northern","collection10_k1_tropical_temperate_polar","Transitional","Warmhouse",3,8,-0.373505070750533,5,0.0922862764199414,0.136021617018231
"percentile_latbin_OLS","q50","Northern","collection10_k1_tropical_temperate_polar","Transitional","Hothouse",3,3,-0.197417660820215,1,0.095215131912762,0.136021617018231
"percentile_latbin_OLS","q50","Northern","collection10_k1_tropical_temperate_polar","Coolhouse","Hothouse",6,3,-0.0581317202849874,7,0.349267679151669,0.436584598939587
"percentile_latbin_OLS","q50","Northern","collection10_k1_tropical_temperate_polar","Coolhouse","Transitional",6,3,0.139285940535228,11,0.740697491785637,0.822997213095152
"percentile_latbin_OLS","q50","Northern","collection10_k1_tropical_temperate_polar","Warmhouse","Hothouse",8,3,0.176087409930318,17,0.869213881993025,0.869213881993025
"percentile_latbin_OLS","q50","Northern","collection10_k2_tropical_temperate","Coldhouse","Transitional",5,9,-0.582062869018674,4,0.00819753592459613,0.0681884594039633
"percentile_latbin_OLS","q50","Northern","collection10_k2_tropical_temperate","Coolhouse","Transitional",9,9,-0.688426996726226,15,0.0136376918807927,0.0681884594039633
"percentile_latbin_OLS","q50","Northern","collection10_k2_tropical_temperate","Coldhouse","Warmhouse",5,8,-0.429819252348808,6,0.024066198109791,0.08022066036597
"percentile_latbin_OLS","q50","Northern","collection10_k2_tropical_temperate","Coolhouse","Warmhouse",9,8,-0.536183380056361,18,0.0460967981828697,0.115241995457174
"percentile_latbin_OLS","q50","Northern","collection10_k2_tropical_temperate","Coldhouse","Hothouse",5,3,-0.369082565894615,2,0.0680185640570718,0.136037128114144
"percentile_latbin_OLS","q50","Northern","collection10_k2_tropical_temperate","Coolhouse","Hothouse",9,3,-0.475446693602168,8,0.177612940643639,0.296021567739399
"percentile_latbin_OLS","q50","Northern","collection10_k2_tropical_temperate","Coldhouse","Coolhouse",5,9,0.106364127707553,23,0.553035116623614,0.775335709137541
"percentile_latbin_OLS","q50","Northern","collection10_k2_tropical_temperate","Warmhouse","Hothouse",8,3,0.0607366864541928,13,0.620268567310033,0.775335709137541
"percentile_latbin_OLS","q50","Northern","collection10_k2_tropical_temperate","Transitional","Warmhouse",9,8,0.152243616669865,45,0.819677811925531,0.822387059356361
"percentile_latbin_OLS","q50","Northern","collection10_k2_tropical_temperate","Transitional","Hothouse",9,3,0.212980303124058,18,0.822387059356361,0.822387059356361
"percentile_latbin_OLS","q50","Northern","collection10_k2_tropical_temperate_polar","Coldhouse","Warmhouse",3,5,-0.395676250290703,1,0.0368191350601513,0.110457405180454
"percentile_latbin_OLS","q50","Northern","collection10_k2_tropical_temperate_polar","Coolhouse","Warmhouse",2,5,-0.358684916128139,3,0.280637918067289,0.420956877100933
"percentile_latbin_OLS","q50","Northern","collection10_k2_tropical_temperate_polar","Coldhouse","Coolhouse",3,2,-0.0369913341625643,3,0.613585003657776,0.613585003657776
"percentile_latbin_OLS","q50","Northern","collection10_k2_tropical_temperate_polar","Coldhouse","Transitional",3,1,-0.105989395339887,NA,NA,NA
"percentile_latbin_OLS","q50","Northern","collection10_k2_tropical_temperate_polar","Coldhouse","Hothouse",3,1,-0.242106838275386,NA,NA,NA
"percentile_latbin_OLS","q50","Northern","collection10_k2_tropical_temperate_polar","Coolhouse","Transitional",2,1,-0.0689980611773225,NA,NA,NA
"percentile_latbin_OLS","q50","Northern","collection10_k2_tropical_temperate_polar","Coolhouse","Hothouse",2,1,-0.205115504112822,NA,NA,NA
"percentile_latbin_OLS","q50","Northern","collection10_k2_tropical_temperate_polar","Transitional","Warmhouse",1,5,-0.289686854950816,NA,NA,NA
"percentile_latbin_OLS","q50","Northern","collection10_k2_tropical_temperate_polar","Transitional","Hothouse",1,1,-0.1361174429355,NA,NA,NA
"percentile_latbin_OLS","q50","Northern","collection10_k2_tropical_temperate_polar","Warmhouse","Hothouse",5,1,0.153569412015317,NA,NA,NA
"percentile_latbin_OLS","q50","Northern","collection10_k3_tropical_temperate","Coldhouse","Transitional",2,6,-0.600018525102935,0,0.0333765075848173,0.194475434740247
"percentile_latbin_OLS","q50","Northern","collection10_k3_tropical_temperate","Coldhouse","Warmhouse",2,3,-0.380523370445937,0,0.0744573365893828,0.194475434740247
"percentile_latbin_OLS","q50","Northern","collection10_k3_tropical_temperate","Coldhouse","Hothouse",2,3,-0.353929686049849,0,0.0744573365893828,0.194475434740247
"percentile_latbin_OLS","q50","Northern","collection10_k3_tropical_temperate","Coolhouse","Transitional",3,6,-0.721535532655254,3,0.077790173896099,0.194475434740247
"percentile_latbin_OLS","q50","Northern","collection10_k3_tropical_temperate","Coolhouse","Warmhouse",3,3,-0.502040377998256,3,0.331260291770029,0.552100486283381
"percentile_latbin_OLS","q50","Northern","collection10_k3_tropical_temperate","Coolhouse","Hothouse",3,3,-0.475446693602168,3,0.331260291770029,0.552100486283381
"percentile_latbin_OLS","q50","Northern","collection10_k3_tropical_temperate","Coldhouse","Coolhouse",2,3,0.121517007552319,4,0.806761884614384,0.81692171990297
"percentile_latbin_OLS","q50","Northern","collection10_k3_tropical_temperate","Transitional","Warmhouse",6,3,0.219495154656998,12,0.81692171990297,0.81692171990297
"percentile_latbin_OLS","q50","Northern","collection10_k3_tropical_temperate","Transitional","Hothouse",6,3,0.246088839053086,12,0.81692171990297,0.81692171990297
"percentile_latbin_OLS","q50","Northern","collection10_k3_tropical_temperate","Warmhouse","Hothouse",3,3,0.0265936843960878,5,0.668739708229971,0.81692171990297
"percentile_latbin_OLS","q50","Northern","collection10_k3_tropical_temperate_polar","Coldhouse","Coolhouse",1,0,NA,NA,NA,NA
"percentile_latbin_OLS","q50","Northern","collection10_k3_tropical_temperate_polar","Coldhouse","Transitional",1,0,NA,NA,NA,NA
"percentile_latbin_OLS","q50","Northern","collection10_k3_tropical_temperate_polar","Coldhouse","Warmhouse",1,3,-0.36537049060117,NA,NA,NA
"percentile_latbin_OLS","q50","Northern","collection10_k3_tropical_temperate_polar","Coldhouse","Hothouse",1,0,NA,NA,NA,NA
"percentile_latbin_OLS","q50","Northern","collection10_k3_tropical_temperate_polar","Coolhouse","Transitional",0,0,NA,NA,NA,NA
"percentile_latbin_OLS","q50","Northern","collection10_k3_tropical_temperate_polar","Coolhouse","Warmhouse",0,3,NA,NA,NA,NA
"percentile_latbin_OLS","q50","Northern","collection10_k3_tropical_temperate_polar","Coolhouse","Hothouse",0,0,NA,NA,NA,NA
"percentile_latbin_OLS","q50","Northern","collection10_k3_tropical_temperate_polar","Transitional","Warmhouse",0,3,NA,NA,NA,NA
"percentile_latbin_OLS","q50","Northern","collection10_k3_tropical_temperate_polar","Transitional","Hothouse",0,0,NA,NA,NA,NA
"percentile_latbin_OLS","q50","Northern","collection10_k3_tropical_temperate_polar","Warmhouse","Hothouse",3,0,NA,NA,NA,NA
"percentile_latbin_OLS","q50","Southern","occurrence5_k1_tropical_temperate","Coldhouse","Hothouse",11,14,-0.332142429593468,42,0.0294661057931726,0.147330528965863
"percentile_latbin_OLS","q50","Southern","occurrence5_k1_tropical_temperate","Transitional","Hothouse",15,14,-0.165848362890311,59,0.0235287231410864,0.147330528965863
"percentile_latbin_OLS","q50","Southern","occurrence5_k1_tropical_temperate","Coldhouse","Coolhouse",11,17,-0.24597000271709,61,0.0661244902289716,0.220414967429905
"percentile_latbin_OLS","q50","Southern","occurrence5_k1_tropical_temperate","Coldhouse","Warmhouse",11,12,-0.271950185945281,44,0.0928788646836939,0.232197161709235
"percentile_latbin_OLS","q50","Southern","occurrence5_k1_tropical_temperate","Coldhouse","Transitional",11,15,-0.166294066703157,62,0.149635355247859,0.247541137943086
"percentile_latbin_OLS","q50","Southern","occurrence5_k1_tropical_temperate","Coolhouse","Hothouse",17,14,-0.0861724268763774,96,0.185896534648279,0.247541137943086
"percentile_latbin_OLS","q50","Southern","occurrence5_k1_tropical_temperate","Transitional","Warmhouse",15,12,-0.105656119242124,71,0.183340559536547,0.247541137943086
"percentile_latbin_OLS","q50","Southern","occurrence5_k1_tropical_temperate","Warmhouse","Hothouse",12,14,-0.0601922436481865,67,0.198032910354469,0.247541137943086
"percentile_latbin_OLS","q50","Southern","occurrence5_k1_tropical_temperate","Coolhouse","Warmhouse",17,12,-0.0259801832281909,99,0.455926385216053,0.506584872462282
"percentile_latbin_OLS","q50","Southern","occurrence5_k1_tropical_temperate","Coolhouse","Transitional",17,15,0.0796759360139333,144,0.739552589641572,0.739552589641572
"percentile_latbin_OLS","q50","Southern","occurrence5_k1_tropical_temperate_polar","Coolhouse","Hothouse",9,10,-0.16111125933928,16,0.00998222665260803,0.0643702020527702
"percentile_latbin_OLS","q50","Southern","occurrence5_k1_tropical_temperate_polar","Transitional","Hothouse",10,10,-0.194616711991374,20,0.012874040410554,0.0643702020527702
"percentile_latbin_OLS","q50","Southern","occurrence5_k1_tropical_temperate_polar","Coldhouse","Hothouse",4,10,-0.215383390667385,13,0.178985336322164,0.298308893870273
"percentile_latbin_OLS","q50","Southern","occurrence5_k1_tropical_temperate_polar","Coolhouse","Warmhouse",9,8,-0.100919015691094,24,0.134236045481864,0.298308893870273
"percentile_latbin_OLS","q50","Southern","occurrence5_k1_tropical_temperate_polar","Transitional","Warmhouse",10,8,-0.134424468343188,28,0.153437355287375,0.298308893870273
"percentile_latbin_OLS","q50","Southern","occurrence5_k1_tropical_temperate_polar","Warmhouse","Hothouse",8,10,-0.0601922436481865,27,0.133358623357958,0.298308893870273
"percentile_latbin_OLS","q50","Southern","occurrence5_k1_tropical_temperate_polar","Coldhouse","Coolhouse",4,9,-0.0542721313281045,17,0.469251442389236,0.516282227430232
"percentile_latbin_OLS","q50","Southern","occurrence5_k1_tropical_temperate_polar","Coldhouse","Transitional",4,10,-0.0207666786760106,19,0.471814011101492,0.516282227430232
"percentile_latbin_OLS","q50","Southern","occurrence5_k1_tropical_temperate_polar","Coldhouse","Warmhouse",4,8,-0.155191147019198,14,0.399453334821635,0.516282227430232
"percentile_latbin_OLS","q50","Southern","occurrence5_k1_tropical_temperate_polar","Coolhouse","Transitional",9,10,0.0335054526520939,45,0.516282227430232,0.516282227430232
"percentile_latbin_OLS","q50","Southern","occurrence5_k2_tropical_temperate","Coldhouse","Coolhouse",8,12,-0.204248967695478,24,0.0349109474989976,0.142155197586568
"percentile_latbin_OLS","q50","Southern","occurrence5_k2_tropical_temperate","Coldhouse","Hothouse",8,11,-0.2701959139184,18,0.0176198518868838,0.142155197586568
"percentile_latbin_OLS","q50","Southern","occurrence5_k2_tropical_temperate","Transitional","Hothouse",7,11,-0.221642217150265,19,0.0426465592759705,0.142155197586568
"percentile_latbin_OLS","q50","Southern","occurrence5_k2_tropical_temperate","Warmhouse","Hothouse",7,11,-0.260726439591867,21,0.0618248447907414,0.154562111976854
"percentile_latbin_OLS","q50","Southern","occurrence5_k2_tropical_temperate","Coolhouse","Hothouse",12,11,-0.0659469462229221,54,0.239542163602674,0.479084327205348
"percentile_latbin_OLS","q50","Southern","occurrence5_k2_tropical_temperate","Coldhouse","Transitional",8,7,-0.0485536967681353,24,0.342721741338761,0.551669600923415
"percentile_latbin_OLS","q50","Southern","occurrence5_k2_tropical_temperate","Coldhouse","Warmhouse",8,7,-0.00946947432653253,25,0.38616872064639,0.551669600923415
"percentile_latbin_OLS","q50","Southern","occurrence5_k2_tropical_temperate","Transitional","Warmhouse",7,7,0.0390842224416028,27,0.649260945566693,0.811576181958366
"percentile_latbin_OLS","q50","Southern","occurrence5_k2_tropical_temperate","Coolhouse","Transitional",12,7,0.155695270927342,55,0.873056350085463,0.889801597534578
"percentile_latbin_OLS","q50","Southern","occurrence5_k2_tropical_temperate","Coolhouse","Warmhouse",12,7,0.194779493368945,56,0.889801597534578,0.889801597534578
"percentile_latbin_OLS","q50","Southern","occurrence5_k2_tropical_temperate_polar","Coolhouse","Hothouse",6,6,-0.123641843107829,8,0.0641026375151958,0.233370521688297
"percentile_latbin_OLS","q50","Southern","occurrence5_k2_tropical_temperate_polar","Transitional","Hothouse",3,6,-0.157605472437847,3,0.077790173896099,0.233370521688297
"percentile_latbin_OLS","q50","Southern","occurrence5_k2_tropical_temperate_polar","Coolhouse","Warmhouse",6,4,0.0147420857244366,10,0.374559566500298,0.5158102771192
"percentile_latbin_OLS","q50","Southern","occurrence5_k2_tropical_temperate_polar","Transitional","Warmhouse",3,4,-0.0192215436055817,5,0.429841897599333,0.5158102771192
"percentile_latbin_OLS","q50","Southern","occurrence5_k2_tropical_temperate_polar","Warmhouse","Hothouse",4,6,-0.138383928832265,10,0.374559566500298,0.5158102771192
"percentile_latbin_OLS","q50","Southern","occurrence5_k2_tropical_temperate_polar","Coolhouse","Transitional",6,3,0.0339636293300183,11,0.740697491785637,0.740697491785637
"percentile_latbin_OLS","q50","Southern","occurrence5_k2_tropical_temperate_polar","Coldhouse","Coolhouse",1,6,-0.0684241015158318,NA,NA,NA
"percentile_latbin_OLS","q50","Southern","occurrence5_k2_tropical_temperate_polar","Coldhouse","Transitional",1,3,-0.0344604721858136,NA,NA,NA
"percentile_latbin_OLS","q50","Southern","occurrence5_k2_tropical_temperate_polar","Coldhouse","Warmhouse",1,4,-0.0536820157913953,NA,NA,NA
"percentile_latbin_OLS","q50","Southern","occurrence5_k2_tropical_temperate_polar","Coldhouse","Hothouse",1,6,-0.192065944623661,NA,NA,NA
"percentile_latbin_OLS","q50","Southern","occurrence5_k3_tropical_temperate","Coldhouse","Coolhouse",2,7,-0.134917706844449,3,0.152753543430627,0.281129709813635
"percentile_latbin_OLS","q50","Southern","occurrence5_k3_tropical_temperate","Coldhouse","Transitional",2,5,-0.138423493745882,2,0.166460804032783,0.281129709813635
"percentile_latbin_OLS","q50","Southern","occurrence5_k3_tropical_temperate","Coldhouse","Hothouse",2,6,-0.327060345137145,2,0.121672504574381,0.281129709813635
"percentile_latbin_OLS","q50","Southern","occurrence5_k3_tropical_temperate","Coolhouse","Hothouse",7,6,-0.192142638292696,13,0.141988385875456,0.281129709813635
"percentile_latbin_OLS","q50","Southern","occurrence5_k3_tropical_temperate","Transitional","Hothouse",5,6,-0.188636851391262,8,0.117666633254793,0.281129709813635
"percentile_latbin_OLS","q50","Southern","occurrence5_k3_tropical_temperate","Warmhouse","Hothouse",4,6,-0.261277727902747,7,0.168677825888181,0.281129709813635
"percentile_latbin_OLS","q50","Southern","occurrence5_k3_tropical_temperate","Coldhouse","Warmhouse",2,4,-0.065782617234398,2,0.243726645182017,0.348180921688596
"percentile_latbin_OLS","q50","Southern","occurrence5_k3_tropical_temperate","Coolhouse","Transitional",7,5,-0.00350578690143324,18,0.564504402601268,0.705630503251585
"percentile_latbin_OLS","q50","Southern","occurrence5_k3_tropical_temperate","Transitional","Warmhouse",5,4,0.0726408765114845,11,0.643348413060771,0.714831570067524
"percentile_latbin_OLS","q50","Southern","occurrence5_k3_tropical_temperate","Coolhouse","Warmhouse",7,4,0.0691350896100512,17,0.745834213223927,0.745834213223927
"percentile_latbin_OLS","q50","Southern","occurrence5_k3_tropical_temperate_polar","Coolhouse","Hothouse",4,2,-0.264272147691595,0,0.0525962525600207,0.315577515360124
"percentile_latbin_OLS","q50","Southern","occurrence5_k3_tropical_temperate_polar","Transitional","Hothouse",2,2,-0.298070312388398,0,0.122639058403386,0.367917175210159
"percentile_latbin_OLS","q50","Southern","occurrence5_k3_tropical_temperate_polar","Coolhouse","Warmhouse",4,2,-0.0398523798930448,3,0.408480660857696,0.612720991286543
"percentile_latbin_OLS","q50","Southern","occurrence5_k3_tropical_temperate_polar","Warmhouse","Hothouse",2,2,-0.224419767798551,1,0.349267679151669,0.612720991286543
"percentile_latbin_OLS","q50","Southern","occurrence5_k3_tropical_temperate_polar","Coolhouse","Transitional",4,2,0.0337981646968022,4,0.591519339142304,0.650732320848331
"percentile_latbin_OLS","q50","Southern","occurrence5_k3_tropical_temperate_polar","Transitional","Warmhouse",2,2,-0.0736505445898471,2,0.650732320848331,0.650732320848331
"percentile_latbin_OLS","q50","Southern","occurrence5_k3_tropical_temperate_polar","Coldhouse","Coolhouse",0,4,NA,NA,NA,NA
"percentile_latbin_OLS","q50","Southern","occurrence5_k3_tropical_temperate_polar","Coldhouse","Transitional",0,2,NA,NA,NA,NA
"percentile_latbin_OLS","q50","Southern","occurrence5_k3_tropical_temperate_polar","Coldhouse","Warmhouse",0,2,NA,NA,NA,NA
"percentile_latbin_OLS","q50","Southern","occurrence5_k3_tropical_temperate_polar","Coldhouse","Hothouse",0,2,NA,NA,NA,NA
"percentile_latbin_OLS","q50","Southern","occurrence10_k1_tropical_temperate","Coldhouse","Hothouse",11,14,-0.383128428776023,36,0.013305804971895,0.13305804971895
"percentile_latbin_OLS","q50","Southern","occurrence10_k1_tropical_temperate","Transitional","Hothouse",13,14,-0.220086029258533,58,0.0573862408178397,0.220332607163136
"percentile_latbin_OLS","q50","Southern","occurrence10_k1_tropical_temperate","Warmhouse","Hothouse",11,14,-0.15501286312209,49,0.0660997821489409,0.220332607163136
"percentile_latbin_OLS","q50","Southern","occurrence10_k1_tropical_temperate","Coldhouse","Coolhouse",11,17,-0.135320309182602,77,0.225831310029887,0.322616157185553
"percentile_latbin_OLS","q50","Southern","occurrence10_k1_tropical_temperate","Coldhouse","Transitional",11,13,-0.16304239951749,57,0.208650780006411,0.322616157185553
"percentile_latbin_OLS","q50","Southern","occurrence10_k1_tropical_temperate","Coldhouse","Warmhouse",11,11,-0.228115565653933,43,0.132145761866991,0.322616157185553
"percentile_latbin_OLS","q50","Southern","occurrence10_k1_tropical_temperate","Coolhouse","Hothouse",17,14,-0.247808119593422,94,0.165398911665448,0.322616157185553
"percentile_latbin_OLS","q50","Southern","occurrence10_k1_tropical_temperate","Transitional","Warmhouse",13,11,-0.0650731661364434,64,0.342534497485908,0.428168121857385
"percentile_latbin_OLS","q50","Southern","occurrence10_k1_tropical_temperate","Coolhouse","Warmhouse",17,11,-0.0927952564713318,88,0.407026015808057,0.452251128675618
"percentile_latbin_OLS","q50","Southern","occurrence10_k1_tropical_temperate","Coolhouse","Transitional",17,13,-0.0277220903348884,108,0.466646085866835,0.466646085866835
"percentile_latbin_OLS","q50","Southern","occurrence10_k1_tropical_temperate_polar","Coolhouse","Hothouse",9,8,-0.26664864740398,15,0.0242698114486603,0.18212214580248
"percentile_latbin_OLS","q50","Southern","occurrence10_k1_tropical_temperate_polar","Transitional","Hothouse",7,8,-0.379991083300954,12,0.036424429160496,0.18212214580248
"percentile_latbin_OLS","q50","Southern","occurrence10_k1_tropical_temperate_polar","Coldhouse","Hothouse",4,8,-0.261695945404478,9,0.134803052284104,0.224671753806841
"percentile_latbin_OLS","q50","Southern","occurrence10_k1_tropical_temperate_polar","Coolhouse","Warmhouse",9,8,-0.159083027141101,20,0.0679166840841775,0.224671753806841
"percentile_latbin_OLS","q50","Southern","occurrence10_k1_tropical_temperate_polar","Transitional","Warmhouse",7,8,-0.272425463038075,16,0.0916164884644109,0.224671753806841
"percentile_latbin_OLS","q50","Southern","occurrence10_k1_tropical_temperate_polar","Warmhouse","Hothouse",8,8,-0.107565620262879,20,0.113573340911008,0.224671753806841
"percentile_latbin_OLS","q50","Southern","occurrence10_k1_tropical_temperate_polar","Coldhouse","Warmhouse",4,8,-0.154130325141599,14,0.399453334821635,0.499316668527044
"percentile_latbin_OLS","q50","Southern","occurrence10_k1_tropical_temperate_polar","Coolhouse","Transitional",9,7,0.113342435896973,28,0.3754117594495,0.499316668527044
"percentile_latbin_OLS","q50","Southern","occurrence10_k1_tropical_temperate_polar","Coldhouse","Coolhouse",4,9,0.00495270199950237,21,0.705422767274971,0.705422767274971
"percentile_latbin_OLS","q50","Southern","occurrence10_k1_tropical_temperate_polar","Coldhouse","Transitional",4,7,0.118295137896476,16,0.6816991837182,0.705422767274971
"percentile_latbin_OLS","q50","Southern","occurrence10_k2_tropical_temperate","Coldhouse","Hothouse",5,8,-0.381351962494408,11,0.106699627188181,0.355665423960605
"percentile_latbin_OLS","q50","Southern","occurrence10_k2_tropical_temperate","Transitional","Hothouse",7,8,-0.301289354196002,15,0.0740053470118909,0.355665423960605
"percentile_latbin_OLS","q50","Southern","occurrence10_k2_tropical_temperate","Warmhouse","Hothouse",7,8,-0.405353723456554,12,0.036424429160496,0.355665423960605
"percentile_latbin_OLS","q50","Southern","occurrence10_k2_tropical_temperate","Coldhouse","Coolhouse",5,10,-0.0669338067216493,18,0.212991558272459,0.532478895681149
"percentile_latbin_OLS","q50","Southern","occurrence10_k2_tropical_temperate","Coldhouse","Transitional",5,7,-0.0800626082984056,20,0.686941260041631,0.914515564222975
"percentile_latbin_OLS","q50","Southern","occurrence10_k2_tropical_temperate","Coldhouse","Warmhouse",5,7,0.0240017609621462,21,0.742024151820726,0.914515564222975
"percentile_latbin_OLS","q50","Southern","occurrence10_k2_tropical_temperate","Coolhouse","Transitional",10,7,-0.0131288015767563,44,0.823064007800678,0.914515564222975
"percentile_latbin_OLS","q50","Southern","occurrence10_k2_tropical_temperate","Coolhouse","Hothouse",10,8,-0.314418155772759,40,0.517717647541333,0.914515564222975
"percentile_latbin_OLS","q50","Southern","occurrence10_k2_tropical_temperate","Transitional","Warmhouse",7,7,0.104064369260552,26,0.600851076335737,0.914515564222975
"percentile_latbin_OLS","q50","Southern","occurrence10_k2_tropical_temperate","Coolhouse","Warmhouse",10,7,0.0909355676837954,50,0.934815085794597,0.934815085794597
"percentile_latbin_OLS","q50","Southern","occurrence10_k2_tropical_temperate_polar","Coolhouse","Hothouse",6,2,-0.328790469228913,0,0.0333765075848173,0.148914673178766
"percentile_latbin_OLS","q50","Southern","occurrence10_k2_tropical_temperate_polar","Transitional","Hothouse",3,2,-0.289661878679237,0,0.0744573365893828,0.148914673178766
"percentile_latbin_OLS","q50","Southern","occurrence10_k2_tropical_temperate_polar","Warmhouse","Hothouse",4,2,-0.262682395962453,0,0.0525962525600207,0.148914673178766
"percentile_latbin_OLS","q50","Southern","occurrence10_k2_tropical_temperate_polar","Transitional","Warmhouse",3,4,-0.0269794827167838,4,0.297941545282589,0.446912317923883
"percentile_latbin_OLS","q50","Southern","occurrence10_k2_tropical_temperate_polar","Coolhouse","Transitional",6,3,-0.0391285905496764,8,0.448639480630042,0.448639480630042
"percentile_latbin_OLS","q50","Southern","occurrence10_k2_tropical_temperate_polar","Coolhouse","Warmhouse",6,4,-0.0661080732664602,10,0.374559566500298,0.448639480630042
"percentile_latbin_OLS","q50","Southern","occurrence10_k2_tropical_temperate_polar","Coldhouse","Coolhouse",0,6,NA,NA,NA,NA
"percentile_latbin_OLS","q50","Southern","occurrence10_k2_tropical_temperate_polar","Coldhouse","Transitional",0,3,NA,NA,NA,NA
"percentile_latbin_OLS","q50","Southern","occurrence10_k2_tropical_temperate_polar","Coldhouse","Warmhouse",0,4,NA,NA,NA,NA
"percentile_latbin_OLS","q50","Southern","occurrence10_k2_tropical_temperate_polar","Coldhouse","Hothouse",0,2,NA,NA,NA,NA
"percentile_latbin_OLS","q50","Southern","occurrence10_k3_tropical_temperate","Transitional","Hothouse",5,4,-0.394039255583739,1,0.0186682079603315,0.0560046238809944
"percentile_latbin_OLS","q50","Southern","occurrence10_k3_tropical_temperate","Warmhouse","Hothouse",4,4,-0.502638579780481,0,0.0151914109882887,0.0560046238809944
"percentile_latbin_OLS","q50","Southern","occurrence10_k3_tropical_temperate","Coolhouse","Hothouse",6,4,-0.433167846133415,4,0.0549097044076186,0.109819408815237
"percentile_latbin_OLS","q50","Southern","occurrence10_k3_tropical_temperate","Coolhouse","Transitional",6,5,-0.0391285905496764,15,0.536367763237384,0.658486049893392
"percentile_latbin_OLS","q50","Southern","occurrence10_k3_tropical_temperate","Transitional","Warmhouse",5,4,0.108599324196742,10,0.54873837491116,0.658486049893392
"percentile_latbin_OLS","q50","Southern","occurrence10_k3_tropical_temperate","Coolhouse","Warmhouse",6,4,0.0694707336470654,16,0.831322174111819,0.831322174111819
"percentile_latbin_OLS","q50","Southern","occurrence10_k3_tropical_temperate","Coldhouse","Coolhouse",1,6,-0.0525614932654946,NA,NA,NA
"percentile_latbin_OLS","q50","Southern","occurrence10_k3_tropical_temperate","Coldhouse","Transitional",1,5,-0.0916900838151709,NA,NA,NA
"percentile_latbin_OLS","q50","Southern","occurrence10_k3_tropical_temperate","Coldhouse","Warmhouse",1,4,0.0169092403815709,NA,NA,NA
"percentile_latbin_OLS","q50","Southern","occurrence10_k3_tropical_temperate","Coldhouse","Hothouse",1,4,-0.48572933939891,NA,NA,NA
"percentile_latbin_OLS","q50","Southern","occurrence10_k3_tropical_temperate_polar","Coolhouse","Transitional",3,2,-0.0505533193314633,0,0.0744573365893828,0.18395858760508
"percentile_latbin_OLS","q50","Southern","occurrence10_k3_tropical_temperate_polar","Coolhouse","Hothouse",3,2,-0.328139893331069,0,0.0744573365893828,0.18395858760508
"percentile_latbin_OLS","q50","Southern","occurrence10_k3_tropical_temperate_polar","Transitional","Hothouse",2,2,-0.277586573999606,0,0.122639058403386,0.18395858760508
"percentile_latbin_OLS","q50","Southern","occurrence10_k3_tropical_temperate_polar","Warmhouse","Hothouse",2,2,-0.228992679526807,0,0.122639058403386,0.18395858760508
"percentile_latbin_OLS","q50","Southern","occurrence10_k3_tropical_temperate_polar","Coolhouse","Warmhouse",3,2,-0.0991472138042621,3,0.613585003657776,0.650732320848331
"percentile_latbin_OLS","q50","Southern","occurrence10_k3_tropical_temperate_polar","Transitional","Warmhouse",2,2,-0.0485938944727988,2,0.650732320848331,0.650732320848331
"percentile_latbin_OLS","q50","Southern","occurrence10_k3_tropical_temperate_polar","Coldhouse","Coolhouse",0,3,NA,NA,NA,NA
"percentile_latbin_OLS","q50","Southern","occurrence10_k3_tropical_temperate_polar","Coldhouse","Transitional",0,2,NA,NA,NA,NA
"percentile_latbin_OLS","q50","Southern","occurrence10_k3_tropical_temperate_polar","Coldhouse","Warmhouse",0,2,NA,NA,NA,NA
"percentile_latbin_OLS","q50","Southern","occurrence10_k3_tropical_temperate_polar","Coldhouse","Hothouse",0,2,NA,NA,NA,NA
"percentile_latbin_OLS","q50","Southern","collection5_k1_tropical_temperate","Coldhouse","Hothouse",11,13,-0.425873625068772,30,0.0087650092308375,0.087650092308375
"percentile_latbin_OLS","q50","Southern","collection5_k1_tropical_temperate","Transitional","Hothouse",15,13,-0.307930077517195,53,0.0213375920245466,0.106687960122733
"percentile_latbin_OLS","q50","Southern","collection5_k1_tropical_temperate","Coldhouse","Warmhouse",11,11,-0.197642270003994,40,0.094540902982258,0.189081805964516
"percentile_latbin_OLS","q50","Southern","collection5_k1_tropical_temperate","Coolhouse","Hothouse",16,13,-0.305271492829754,73,0.0905275426605608,0.189081805964516
"percentile_latbin_OLS","q50","Southern","collection5_k1_tropical_temperate","Warmhouse","Hothouse",11,13,-0.228231355064778,46,0.0737506999513164,0.189081805964516
"percentile_latbin_OLS","q50","Southern","collection5_k1_tropical_temperate","Coldhouse","Coolhouse",11,16,-0.120602132239019,64,0.123097732083656,0.205162886806093
"percentile_latbin_OLS","q50","Southern","collection5_k1_tropical_temperate","Transitional","Warmhouse",15,11,-0.0796987224524169,64,0.175100694589648,0.250143849413783
"percentile_latbin_OLS","q50","Southern","collection5_k1_tropical_temperate","Coldhouse","Transitional",11,15,-0.117943547551577,68,0.233735816048187,0.280721418379334
"percentile_latbin_OLS","q50","Southern","collection5_k1_tropical_temperate","Coolhouse","Warmhouse",16,11,-0.0770401377649756,74,0.252649276541401,0.280721418379334
"percentile_latbin_OLS","q50","Southern","collection5_k1_tropical_temperate","Coolhouse","Transitional",16,15,0.0026585846874413,122,0.539359872963188,0.539359872963188
"percentile_latbin_OLS","q50","Southern","collection5_k1_tropical_temperate_polar","Coolhouse","Hothouse",9,7,-0.388240562647208,7,0.00553582227659594,0.0553582227659594
"percentile_latbin_OLS","q50","Southern","collection5_k1_tropical_temperate_polar","Transitional","Hothouse",9,7,-0.330129125496865,10,0.013112090674369,0.065560453371845
"percentile_latbin_OLS","q50","Southern","collection5_k1_tropical_temperate_polar","Coolhouse","Warmhouse",9,7,-0.254903693300852,13,0.0283691106875967,0.0945637022919891
"percentile_latbin_OLS","q50","Southern","collection5_k1_tropical_temperate_polar","Warmhouse","Hothouse",7,7,-0.133336869346357,12,0.0626005148051577,0.156501287012894
"percentile_latbin_OLS","q50","Southern","collection5_k1_tropical_temperate_polar","Transitional","Warmhouse",9,7,-0.196792256150508,18,0.0844006123522711,0.168801224704542
"percentile_latbin_OLS","q50","Southern","collection5_k1_tropical_temperate_polar","Coldhouse","Hothouse",4,7,-0.372735126452366,7,0.109651324839659,0.182752208066099
"percentile_latbin_OLS","q50","Southern","collection5_k1_tropical_temperate_polar","Coolhouse","Transitional",9,9,-0.0581114371503432,32,0.239964346072979,0.342806208675684
"percentile_latbin_OLS","q50","Southern","collection5_k1_tropical_temperate_polar","Coldhouse","Warmhouse",4,7,-0.23939825710601,11,0.3183008162818,0.397876020352251
"percentile_latbin_OLS","q50","Southern","collection5_k1_tropical_temperate_polar","Coldhouse","Transitional",4,9,-0.0426060009555012,18,0.530748557610764,0.589720619567516
"percentile_latbin_OLS","q50","Southern","collection5_k1_tropical_temperate_polar","Coldhouse","Coolhouse",4,9,0.015505436194842,19,0.591519339142304,0.591519339142304
"percentile_latbin_OLS","q50","Southern","collection5_k2_tropical_temperate","Coldhouse","Coolhouse",4,10,-0.355381835432592,5,0.0201524871812704,0.0672301110779979
"percentile_latbin_OLS","q50","Southern","collection5_k2_tropical_temperate","Coldhouse","Hothouse",4,6,-0.698826630264161,2,0.0214128046154457,0.0672301110779979
"percentile_latbin_OLS","q50","Southern","collection5_k2_tropical_temperate","Transitional","Hothouse",7,6,-0.517393941917345,5,0.0134045653577979,0.0672301110779979
"percentile_latbin_OLS","q50","Southern","collection5_k2_tropical_temperate","Warmhouse","Hothouse",7,6,-0.583758861692242,7,0.0268920444311991,0.0672301110779979
"percentile_latbin_OLS","q50","Southern","collection5_k2_tropical_temperate","Coldhouse","Warmhouse",4,7,-0.11506776857192,8,0.149308837224405,0.29861767444881
"percentile_latbin_OLS","q50","Southern","collection5_k2_tropical_temperate","Coolhouse","Hothouse",10,6,-0.343444794831569,22,0.207968813116511,0.346614688527518
"percentile_latbin_OLS","q50","Southern","collection5_k2_tropical_temperate","Coldhouse","Transitional",4,7,-0.181432688346816,10,0.254165786776073,0.363093981108675
"percentile_latbin_OLS","q50","Southern","collection5_k2_tropical_temperate","Transitional","Warmhouse",7,7,0.0663649197748964,22,0.399148923664263,0.498936154580329
"percentile_latbin_OLS","q50","Southern","collection5_k2_tropical_temperate","Coolhouse","Transitional",10,7,0.173949147085776,51,0.946326731503094,0.946326731503094
"percentile_latbin_OLS","q50","Southern","collection5_k2_tropical_temperate","Coolhouse","Warmhouse",10,7,0.240314066860673,47,0.888743885137045,0.946326731503094
"percentile_latbin_OLS","q50","Southern","collection5_k2_tropical_temperate_polar","Coolhouse","Hothouse",6,3,-0.305271492829754,1,0.0264037557080568,0.121283397555078
"percentile_latbin_OLS","q50","Southern","collection5_k2_tropical_temperate_polar","Transitional","Hothouse",3,3,-0.330129125496865,0,0.0404277991850261,0.121283397555078
"percentile_latbin_OLS","q50","Southern","collection5_k2_tropical_temperate_polar","Coolhouse","Warmhouse",6,3,-0.226847658102375,5,0.18307828009703,0.28704981666392
"percentile_latbin_OLS","q50","Southern","collection5_k2_tropical_temperate_polar","Warmhouse","Hothouse",3,3,-0.0784238347273786,2,0.191366544442613,0.28704981666392
"percentile_latbin_OLS","q50","Southern","collection5_k2_tropical_temperate_polar","Transitional","Warmhouse",3,3,-0.251705290769486,3,0.331260291770029,0.397512350124034
"percentile_latbin_OLS","q50","Southern","collection5_k2_tropical_temperate_polar","Coolhouse","Transitional",6,3,0.0248576326671114,10,0.650732320848331,0.650732320848331
"percentile_latbin_OLS","q50","Southern","collection5_k2_tropical_temperate_polar","Coldhouse","Coolhouse",1,6,-0.0143251350062067,NA,NA,NA
"percentile_latbin_OLS","q50","Southern","collection5_k2_tropical_temperate_polar","Coldhouse","Transitional",1,3,0.0105324976609047,NA,NA,NA
"percentile_latbin_OLS","q50","Southern","collection5_k2_tropical_temperate_polar","Coldhouse","Warmhouse",1,3,-0.241172793108582,NA,NA,NA
"percentile_latbin_OLS","q50","Southern","collection5_k2_tropical_temperate_polar","Coldhouse","Hothouse",1,3,-0.31959662783596,NA,NA,NA
"percentile_latbin_OLS","q50","Southern","collection5_k3_tropical_temperate","Coolhouse","Hothouse",5,4,-0.38321765810653,0,0.00998222665260803,0.0598933599156482
"percentile_latbin_OLS","q50","Southern","collection5_k3_tropical_temperate","Transitional","Hothouse",4,4,-0.487485864239595,1,0.030300984856003,0.0606019697120061
"percentile_latbin_OLS","q50","Southern","collection5_k3_tropical_temperate","Warmhouse","Hothouse",4,4,-0.472137649380511,1,0.030300984856003,0.0606019697120061
"percentile_latbin_OLS","q50","Southern","collection5_k3_tropical_temperate","Transitional","Warmhouse",4,4,-0.0153482148590832,6,0.332502771051015,0.498754156576522
"percentile_latbin_OLS","q50","Southern","collection5_k3_tropical_temperate","Coolhouse","Transitional",5,4,0.104268206133065,10,0.54873837491116,0.643348413060771
"percentile_latbin_OLS","q50","Southern","collection5_k3_tropical_temperate","Coolhouse","Warmhouse",5,4,0.0889199912739813,11,0.643348413060771,0.643348413060771
"percentile_latbin_OLS","q50","Southern","collection5_k3_tropical_temperate","Coldhouse","Coolhouse",0,5,NA,NA,NA,NA
"percentile_latbin_OLS","q50","Southern","collection5_k3_tropical_temperate","Coldhouse","Transitional",0,4,NA,NA,NA,NA
"percentile_latbin_OLS","q50","Southern","collection5_k3_tropical_temperate","Coldhouse","Warmhouse",0,4,NA,NA,NA,NA
"percentile_latbin_OLS","q50","Southern","collection5_k3_tropical_temperate","Coldhouse","Hothouse",0,4,NA,NA,NA,NA
"percentile_latbin_OLS","q50","Southern","collection5_k3_tropical_temperate_polar","Coolhouse","Hothouse",3,2,-0.38321765810653,0,0.0744573365893828,0.0744573365893828
"percentile_latbin_OLS","q50","Southern","collection5_k3_tropical_temperate_polar","Coldhouse","Coolhouse",0,3,NA,NA,NA,NA
"percentile_latbin_OLS","q50","Southern","collection5_k3_tropical_temperate_polar","Coldhouse","Transitional",0,1,NA,NA,NA,NA
"percentile_latbin_OLS","q50","Southern","collection5_k3_tropical_temperate_polar","Coldhouse","Warmhouse",0,1,NA,NA,NA,NA
"percentile_latbin_OLS","q50","Southern","collection5_k3_tropical_temperate_polar","Coldhouse","Hothouse",0,2,NA,NA,NA,NA
"percentile_latbin_OLS","q50","Southern","collection5_k3_tropical_temperate_polar","Coolhouse","Transitional",3,1,-0.0538708573543977,NA,NA,NA
"percentile_latbin_OLS","q50","Southern","collection5_k3_tropical_temperate_polar","Coolhouse","Warmhouse",3,1,-0.273337077624547,NA,NA,NA
"percentile_latbin_OLS","q50","Southern","collection5_k3_tropical_temperate_polar","Transitional","Warmhouse",1,1,-0.219466220270149,NA,NA,NA
"percentile_latbin_OLS","q50","Southern","collection5_k3_tropical_temperate_polar","Transitional","Hothouse",1,2,-0.329346800752132,NA,NA,NA
"percentile_latbin_OLS","q50","Southern","collection5_k3_tropical_temperate_polar","Warmhouse","Hothouse",1,2,-0.109880580481983,NA,NA,NA
"percentile_latbin_OLS","q50","Southern","collection10_k1_tropical_temperate","Coolhouse","Hothouse",15,10,-0.927051415969579,24,0.00254536381609496,0.0254536381609496
"percentile_latbin_OLS","q50","Southern","collection10_k1_tropical_temperate","Coldhouse","Hothouse",5,10,-0.799359532849386,7,0.0160443669891157,0.0710097445413001
"percentile_latbin_OLS","q50","Southern","collection10_k1_tropical_temperate","Coolhouse","Warmhouse",15,7,-0.468502497080081,25,0.0285039712324427,0.0710097445413001
"percentile_latbin_OLS","q50","Southern","collection10_k1_tropical_temperate","Transitional","Hothouse",9,10,-0.550223395565902,20,0.0227276474245292,0.0710097445413001
"percentile_latbin_OLS","q50","Southern","collection10_k1_tropical_temperate","Warmhouse","Hothouse",7,10,-0.458548918889498,16,0.0355048722706501,0.0710097445413001
"percentile_latbin_OLS","q50","Southern","collection10_k1_tropical_temperate","Coldhouse","Warmhouse",5,7,-0.340810613959888,7,0.052188343299878,0.0869805721664634
"percentile_latbin_OLS","q50","Southern","collection10_k1_tropical_temperate","Coolhouse","Transitional",15,9,-0.376828020403677,49,0.141565435331173,0.20223633618739
"percentile_latbin_OLS","q50","Southern","collection10_k1_tropical_temperate","Coldhouse","Transitional",5,9,-0.249136137283484,15,0.17532394485223,0.219154931065287
"percentile_latbin_OLS","q50","Southern","collection10_k1_tropical_temperate","Transitional","Warmhouse",9,7,-0.091674476676404,27,0.33599993550481,0.373333261672011
"percentile_latbin_OLS","q50","Southern","collection10_k1_tropical_temperate","Coldhouse","Coolhouse",5,15,0.127691883120193,37,0.5,0.5
"percentile_latbin_OLS","q50","Southern","collection10_k1_tropical_temperate_polar","Coolhouse","Hothouse",7,3,-0.945230076576278,0,0.0113272470400447,0.0922210642676247
"percentile_latbin_OLS","q50","Southern","collection10_k1_tropical_temperate_polar","Transitional","Hothouse",5,3,-0.805374130075877,0,0.0184442128535249,0.0922210642676247
"percentile_latbin_OLS","q50","Southern","collection10_k1_tropical_temperate_polar","Coolhouse","Warmhouse",7,4,-0.405836146765766,5,0.0540986237618508,0.139514710372865
"percentile_latbin_OLS","q50","Southern","collection10_k1_tropical_temperate_polar","Warmhouse","Hothouse",4,3,-0.539393929810512,1,0.0558058841491461,0.139514710372865
"percentile_latbin_OLS","q50","Southern","collection10_k1_tropical_temperate_polar","Coldhouse","Hothouse",2,3,-0.590080499739447,0,0.0744573365893828,0.148914673178766
"percentile_latbin_OLS","q50","Southern","collection10_k1_tropical_temperate_polar","Transitional","Warmhouse",5,4,-0.265980200265365,5,0.13517207032739,0.225286783878983
"percentile_latbin_OLS","q50","Southern","collection10_k1_tropical_temperate_polar","Coolhouse","Transitional",7,5,-0.139855946500401,15,0.372666533665401,0.532380762379145
"percentile_latbin_OLS","q50","Southern","collection10_k1_tropical_temperate_polar","Coldhouse","Warmhouse",2,4,-0.0506865699289341,4,0.591519339142304,0.73939917392788
"percentile_latbin_OLS","q50","Southern","collection10_k1_tropical_temperate_polar","Coldhouse","Coolhouse",2,7,0.355149576836832,11,0.906158613733302,0.906158613733302
"percentile_latbin_OLS","q50","Southern","collection10_k1_tropical_temperate_polar","Coldhouse","Transitional",2,5,0.215293630336431,7,0.833539195967217,0.906158613733302
"percentile_latbin_OLS","q50","Southern","collection10_k2_tropical_temperate","Coolhouse","Hothouse",8,3,-0.708488622657713,2,0.0262397497796233,0.0787192493388699
"percentile_latbin_OLS","q50","Southern","collection10_k2_tropical_temperate","Warmhouse","Hothouse",7,3,-0.476727579496197,1,0.0201193385598797,0.0787192493388699
"percentile_latbin_OLS","q50","Southern","collection10_k2_tropical_temperate","Transitional","Hothouse",6,3,-0.686888093124239,2,0.0466449780918023,0.0932899561836047
"percentile_latbin_OLS","q50","Southern","collection10_k2_tropical_temperate","Coolhouse","Warmhouse",8,7,-0.231761043161516,18,0.135794337121687,0.203691505682531
"percentile_latbin_OLS","q50","Southern","collection10_k2_tropical_temperate","Transitional","Warmhouse",6,7,-0.210160513628042,16,0.260158400253683,0.31219008030442
"percentile_latbin_OLS","q50","Southern","collection10_k2_tropical_temperate","Coolhouse","Transitional",8,6,-0.0216005295334736,24,0.525733741574678,0.525733741574678
"percentile_latbin_OLS","q50","Southern","collection10_k2_tropical_temperate","Coldhouse","Coolhouse",1,8,0.0475940019476581,NA,NA,NA
"percentile_latbin_OLS","q50","Southern","collection10_k2_tropical_temperate","Coldhouse","Transitional",1,6,0.0259934724141845,NA,NA,NA
"percentile_latbin_OLS","q50","Southern","collection10_k2_tropical_temperate","Coldhouse","Warmhouse",1,7,-0.184167041213858,NA,NA,NA
"percentile_latbin_OLS","q50","Southern","collection10_k2_tropical_temperate","Coldhouse","Hothouse",1,3,-0.660894620710055,NA,NA,NA
"percentile_latbin_OLS","q50","Southern","collection10_k2_tropical_temperate_polar","Coolhouse","Warmhouse",3,3,-0.265169823898175,2,0.191366544442613,0.23188573846274
"percentile_latbin_OLS","q50","Southern","collection10_k2_tropical_temperate_polar","Coolhouse","Hothouse",3,2,-0.435009925644376,0,0.0744573365893828,0.23188573846274
"percentile_latbin_OLS","q50","Southern","collection10_k2_tropical_temperate_polar","Transitional","Warmhouse",2,3,-0.491253315024036,1,0.193238115385616,0.23188573846274
"percentile_latbin_OLS","q50","Southern","collection10_k2_tropical_temperate_polar","Transitional","Hothouse",2,2,-0.661093416770238,0,0.122639058403386,0.23188573846274
"percentile_latbin_OLS","q50","Southern","collection10_k2_tropical_temperate_polar","Warmhouse","Hothouse",3,2,-0.169840101746201,1,0.193238115385616,0.23188573846274
"percentile_latbin_OLS","q50","Southern","collection10_k2_tropical_temperate_polar","Coolhouse","Transitional",3,2,0.226083491125861,3,0.613585003657776,0.613585003657776
"percentile_latbin_OLS","q50","Southern","collection10_k2_tropical_temperate_polar","Coldhouse","Coolhouse",0,3,NA,NA,NA,NA
"percentile_latbin_OLS","q50","Southern","collection10_k2_tropical_temperate_polar","Coldhouse","Transitional",0,2,NA,NA,NA,NA
"percentile_latbin_OLS","q50","Southern","collection10_k2_tropical_temperate_polar","Coldhouse","Warmhouse",0,3,NA,NA,NA,NA
"percentile_latbin_OLS","q50","Southern","collection10_k2_tropical_temperate_polar","Coldhouse","Hothouse",0,2,NA,NA,NA,NA
"percentile_latbin_OLS","q50","Southern","collection10_k3_tropical_temperate","Warmhouse","Hothouse",4,2,-0.390414573966627,1,0.123579986605954,0.123579986605954
"percentile_latbin_OLS","q50","Southern","collection10_k3_tropical_temperate","Coldhouse","Coolhouse",0,1,NA,NA,NA,NA
"percentile_latbin_OLS","q50","Southern","collection10_k3_tropical_temperate","Coldhouse","Transitional",0,1,NA,NA,NA,NA
"percentile_latbin_OLS","q50","Southern","collection10_k3_tropical_temperate","Coldhouse","Warmhouse",0,4,NA,NA,NA,NA
"percentile_latbin_OLS","q50","Southern","collection10_k3_tropical_temperate","Coldhouse","Hothouse",0,2,NA,NA,NA,NA
"percentile_latbin_OLS","q50","Southern","collection10_k3_tropical_temperate","Coolhouse","Transitional",1,1,1.38864307252364,NA,NA,NA
"percentile_latbin_OLS","q50","Southern","collection10_k3_tropical_temperate","Coolhouse","Warmhouse",1,4,0.071274094109312,NA,NA,NA
"percentile_latbin_OLS","q50","Southern","collection10_k3_tropical_temperate","Coolhouse","Hothouse",1,2,-0.319140479857315,NA,NA,NA
"percentile_latbin_OLS","q50","Southern","collection10_k3_tropical_temperate","Transitional","Warmhouse",1,4,-1.31736897841433,NA,NA,NA
"percentile_latbin_OLS","q50","Southern","collection10_k3_tropical_temperate","Transitional","Hothouse",1,2,-1.70778355238095,NA,NA,NA
"percentile_latbin_OLS","q50","Southern","collection10_k3_tropical_temperate_polar","Coldhouse","Coolhouse",0,0,NA,NA,NA,NA
"percentile_latbin_OLS","q50","Southern","collection10_k3_tropical_temperate_polar","Coldhouse","Transitional",0,0,NA,NA,NA,NA
"percentile_latbin_OLS","q50","Southern","collection10_k3_tropical_temperate_polar","Coldhouse","Warmhouse",0,0,NA,NA,NA,NA
"percentile_latbin_OLS","q50","Southern","collection10_k3_tropical_temperate_polar","Coldhouse","Hothouse",0,2,NA,NA,NA,NA
"percentile_latbin_OLS","q50","Southern","collection10_k3_tropical_temperate_polar","Coolhouse","Transitional",0,0,NA,NA,NA,NA
"percentile_latbin_OLS","q50","Southern","collection10_k3_tropical_temperate_polar","Coolhouse","Warmhouse",0,0,NA,NA,NA,NA
"percentile_latbin_OLS","q50","Southern","collection10_k3_tropical_temperate_polar","Coolhouse","Hothouse",0,2,NA,NA,NA,NA
"percentile_latbin_OLS","q50","Southern","collection10_k3_tropical_temperate_polar","Transitional","Warmhouse",0,0,NA,NA,NA,NA
"percentile_latbin_OLS","q50","Southern","collection10_k3_tropical_temperate_polar","Transitional","Hothouse",0,2,NA,NA,NA,NA
"percentile_latbin_OLS","q50","Southern","collection10_k3_tropical_temperate_polar","Warmhouse","Hothouse",0,2,NA,NA,NA,NA
"percentile_latbin_OLS","q60","Combined","occurrence5_k1_tropical_temperate","Coldhouse","Warmhouse",25,26,-0.414523326316753,116,4.27200750243878e-05,0.000427200750243878
"percentile_latbin_OLS","q60","Combined","occurrence5_k1_tropical_temperate","Coldhouse","Transitional",25,32,-0.268854029587828,184,0.000264521162937541,0.0013226058146877
"percentile_latbin_OLS","q60","Combined","occurrence5_k1_tropical_temperate","Coldhouse","Hothouse",25,25,-0.334580002263949,140,0.000422997824735921,0.00140999274911974
"percentile_latbin_OLS","q60","Combined","occurrence5_k1_tropical_temperate","Coldhouse","Coolhouse",25,32,-0.180443039529976,240,0.00515835553579266,0.0128958888394817
"percentile_latbin_OLS","q60","Combined","occurrence5_k1_tropical_temperate","Coolhouse","Warmhouse",32,26,-0.234080286786777,260,0.00752298067445893,0.0150459613489179
"percentile_latbin_OLS","q60","Combined","occurrence5_k1_tropical_temperate","Coolhouse","Hothouse",32,25,-0.154136962733973,303,0.0603451233028022,0.10057520550467
"percentile_latbin_OLS","q60","Combined","occurrence5_k1_tropical_temperate","Transitional","Warmhouse",32,26,-0.145669296728925,325,0.0785365916385397,0.1121951309122
"percentile_latbin_OLS","q60","Combined","occurrence5_k1_tropical_temperate","Coolhouse","Transitional",32,32,-0.0884109900578521,428,0.131108317426829,0.163885396783537
"percentile_latbin_OLS","q60","Combined","occurrence5_k1_tropical_temperate","Transitional","Hothouse",32,25,-0.0657259726761212,354,0.232170718543677,0.25796746504853
"percentile_latbin_OLS","q60","Combined","occurrence5_k1_tropical_temperate","Warmhouse","Hothouse",26,25,0.0799433240528041,363,0.765904577596806,0.765904577596806
"percentile_latbin_OLS","q60","Combined","occurrence5_k1_tropical_temperate_polar","Coldhouse","Warmhouse",10,18,-0.438008311272603,33,0.0033746459784337,0.0112488199281124
"percentile_latbin_OLS","q60","Combined","occurrence5_k1_tropical_temperate_polar","Coldhouse","Hothouse",10,14,-0.474922713727498,22,0.00270695714397472,0.0112488199281124
"percentile_latbin_OLS","q60","Combined","occurrence5_k1_tropical_temperate_polar","Coolhouse","Hothouse",20,14,-0.219240730511427,62,0.00334458468770135,0.0112488199281124
"percentile_latbin_OLS","q60","Combined","occurrence5_k1_tropical_temperate_polar","Coldhouse","Transitional",10,18,-0.280531100167773,39,0.00773277392937214,0.0154655478587443
"percentile_latbin_OLS","q60","Combined","occurrence5_k1_tropical_temperate_polar","Coolhouse","Warmhouse",20,18,-0.182326328056533,94,0.00621641074103222,0.0154655478587443
"percentile_latbin_OLS","q60","Combined","occurrence5_k1_tropical_temperate_polar","Transitional","Hothouse",18,14,-0.194391613559725,76,0.0300302298190888,0.0500503830318147
"percentile_latbin_OLS","q60","Combined","occurrence5_k1_tropical_temperate_polar","Coldhouse","Coolhouse",10,20,-0.255681983216071,62,0.0494939659005132,0.0707056655721617
"percentile_latbin_OLS","q60","Combined","occurrence5_k1_tropical_temperate_polar","Transitional","Warmhouse",18,18,-0.15747721110483,114,0.0664409933102425,0.0830512416378031
"percentile_latbin_OLS","q60","Combined","occurrence5_k1_tropical_temperate_polar","Coolhouse","Transitional",20,18,-0.0248491169517024,153,0.21924825546065,0.229424414402712
"percentile_latbin_OLS","q60","Combined","occurrence5_k1_tropical_temperate_polar","Warmhouse","Hothouse",18,14,-0.0369144024548949,106,0.229424414402712,0.229424414402712
"percentile_latbin_OLS","q60","Combined","occurrence5_k2_tropical_temperate","Coldhouse","Hothouse",18,18,-0.47590349261353,39,5.31530867593658e-05,0.000531530867593658
"percentile_latbin_OLS","q60","Combined","occurrence5_k2_tropical_temperate","Coldhouse","Transitional",18,21,-0.407806541452785,66,0.000279208633225901,0.000930695444086337
"percentile_latbin_OLS","q60","Combined","occurrence5_k2_tropical_temperate","Coldhouse","Warmhouse",18,19,-0.441089252138926,56,0.00025136737994204,0.000930695444086337
"percentile_latbin_OLS","q60","Combined","occurrence5_k2_tropical_temperate","Coldhouse","Coolhouse",18,24,-0.303660948536824,100,0.00166452997936944,0.0041613249484236
"percentile_latbin_OLS","q60","Combined","occurrence5_k2_tropical_temperate","Coolhouse","Hothouse",24,18,-0.172242544076707,152,0.0532698732761826,0.106539746552365
"percentile_latbin_OLS","q60","Combined","occurrence5_k2_tropical_temperate","Coolhouse","Warmhouse",24,19,-0.137428303602102,180,0.122688735835572,0.198637409973829
"percentile_latbin_OLS","q60","Combined","occurrence5_k2_tropical_temperate","Transitional","Hothouse",21,18,-0.068096951160745,150,0.13904618698168,0.198637409973829
"percentile_latbin_OLS","q60","Combined","occurrence5_k2_tropical_temperate","Coolhouse","Transitional",24,21,-0.104145592915962,223,0.258363959231025,0.322954949038782
"percentile_latbin_OLS","q60","Combined","occurrence5_k2_tropical_temperate","Transitional","Warmhouse",21,19,-0.0332827106861406,183,0.332382640928468,0.363376183552822
"percentile_latbin_OLS","q60","Combined","occurrence5_k2_tropical_temperate","Warmhouse","Hothouse",19,18,-0.0348142404746044,159,0.363376183552822,0.363376183552822
"percentile_latbin_OLS","q60","Combined","occurrence5_k2_tropical_temperate_polar","Coldhouse","Warmhouse",6,12,-0.33822820677346,8,0.00500315776345898,0.0250157888172949
"percentile_latbin_OLS","q60","Combined","occurrence5_k2_tropical_temperate_polar","Coldhouse","Hothouse",6,10,-0.441169100095513,5,0.00393731952383336,0.0250157888172949
"percentile_latbin_OLS","q60","Combined","occurrence5_k2_tropical_temperate_polar","Coldhouse","Coolhouse",6,12,-0.268926556018807,10,0.00846340154596831,0.028211338486561
"percentile_latbin_OLS","q60","Combined","occurrence5_k2_tropical_temperate_polar","Coldhouse","Transitional",6,8,-0.263322148648781,9,0.030607317477301,0.0765182936932525
"percentile_latbin_OLS","q60","Combined","occurrence5_k2_tropical_temperate_polar","Transitional","Hothouse",8,10,-0.177846951446732,20,0.0415815744681554,0.0831631489363108
"percentile_latbin_OLS","q60","Combined","occurrence5_k2_tropical_temperate_polar","Coolhouse","Hothouse",12,10,-0.172242544076707,36,0.060625487940369,0.101042479900615
"percentile_latbin_OLS","q60","Combined","occurrence5_k2_tropical_temperate_polar","Transitional","Warmhouse",8,12,-0.074906058124679,33,0.13163422469352,0.188048892419314
"percentile_latbin_OLS","q60","Combined","occurrence5_k2_tropical_temperate_polar","Coolhouse","Warmhouse",12,12,-0.0693016507546534,59,0.235243211029395,0.294054013786744
"percentile_latbin_OLS","q60","Combined","occurrence5_k2_tropical_temperate_polar","Warmhouse","Hothouse",12,10,-0.102940893322053,55,0.383339680184369,0.425932977982632
"percentile_latbin_OLS","q60","Combined","occurrence5_k2_tropical_temperate_polar","Coolhouse","Transitional",12,8,0.00560440737002554,55,0.718583123041337,0.718583123041337
"percentile_latbin_OLS","q60","Combined","occurrence5_k3_tropical_temperate","Coldhouse","Transitional",7,14,-0.302793249461573,16,0.00766151115586436,0.0255383705195479
"percentile_latbin_OLS","q60","Combined","occurrence5_k3_tropical_temperate","Coldhouse","Warmhouse",7,12,-0.399458907809135,11,0.0049727206327651,0.0255383705195479
"percentile_latbin_OLS","q60","Combined","occurrence5_k3_tropical_temperate","Coldhouse","Hothouse",7,10,-0.335325691748279,9,0.00641334682274272,0.0255383705195479
"percentile_latbin_OLS","q60","Combined","occurrence5_k3_tropical_temperate","Coolhouse","Warmhouse",14,12,-0.2464518840328,47,0.03023456131699,0.075586403292475
"percentile_latbin_OLS","q60","Combined","occurrence5_k3_tropical_temperate","Coolhouse","Hothouse",14,10,-0.182318667971944,40,0.0420530288814134,0.0841060577628268
"percentile_latbin_OLS","q60","Combined","occurrence5_k3_tropical_temperate","Coldhouse","Coolhouse",7,14,-0.153007023776335,32,0.109165600548792,0.155950857926845
"percentile_latbin_OLS","q60","Combined","occurrence5_k3_tropical_temperate","Coolhouse","Transitional",14,14,-0.149786225685239,70,0.103193783337292,0.155950857926845
"percentile_latbin_OLS","q60","Combined","occurrence5_k3_tropical_temperate","Transitional","Warmhouse",14,12,-0.0966656583475613,73,0.294577232725029,0.366971780667596
"percentile_latbin_OLS","q60","Combined","occurrence5_k3_tropical_temperate","Transitional","Hothouse",14,10,-0.0325324422867057,62,0.330274602600836,0.366971780667596
"percentile_latbin_OLS","q60","Combined","occurrence5_k3_tropical_temperate","Warmhouse","Hothouse",12,10,0.0641332160608556,60,0.513150355131577,0.513150355131577
"percentile_latbin_OLS","q60","Combined","occurrence5_k3_tropical_temperate_polar","Coldhouse","Coolhouse",2,7,-0.301194007338188,1,0.0536732684969056,0.135246559404627
"percentile_latbin_OLS","q60","Combined","occurrence5_k3_tropical_temperate_polar","Coldhouse","Warmhouse",2,7,-0.463830166928383,0,0.0285199371245278,0.135246559404627
"percentile_latbin_OLS","q60","Combined","occurrence5_k3_tropical_temperate_polar","Coldhouse","Hothouse",2,4,-0.532620845439905,0,0.0525962525600207,0.135246559404627
"percentile_latbin_OLS","q60","Combined","occurrence5_k3_tropical_temperate_polar","Coolhouse","Hothouse",7,4,-0.231426838101717,5,0.0540986237618508,0.135246559404627
"percentile_latbin_OLS","q60","Combined","occurrence5_k3_tropical_temperate_polar","Coldhouse","Transitional",2,4,-0.300590509595691,1,0.123579986605954,0.178680719970987
"percentile_latbin_OLS","q60","Combined","occurrence5_k3_tropical_temperate_polar","Coolhouse","Warmhouse",7,7,-0.162636159590194,15,0.125076503979691,0.178680719970987
"percentile_latbin_OLS","q60","Combined","occurrence5_k3_tropical_temperate_polar","Transitional","Hothouse",4,4,-0.232030335844214,3,0.0969654261412053,0.178680719970987
"percentile_latbin_OLS","q60","Combined","occurrence5_k3_tropical_temperate_polar","Transitional","Warmhouse",4,7,-0.163239657332692,8,0.149308837224405,0.186636046530506
"percentile_latbin_OLS","q60","Combined","occurrence5_k3_tropical_temperate_polar","Warmhouse","Hothouse",7,4,-0.0687906785115223,9,0.197545792452075,0.21949532494675
"percentile_latbin_OLS","q60","Combined","occurrence5_k3_tropical_temperate_polar","Coolhouse","Transitional",7,4,0.000603497742497822,16,0.6816991837182,0.6816991837182
"percentile_latbin_OLS","q60","Combined","occurrence10_k1_tropical_temperate","Coldhouse","Warmhouse",24,25,-0.474180671100767,89,1.2768534413735e-05,0.00012768534413735
"percentile_latbin_OLS","q60","Combined","occurrence10_k1_tropical_temperate","Coldhouse","Transitional",24,30,-0.323378207515202,167,0.000402608959881022,0.00134202986627007
"percentile_latbin_OLS","q60","Combined","occurrence10_k1_tropical_temperate","Coldhouse","Hothouse",24,25,-0.416057807612986,129,0.000324814397418878,0.00134202986627007
"percentile_latbin_OLS","q60","Combined","occurrence10_k1_tropical_temperate","Coldhouse","Coolhouse",24,31,-0.252853334311182,215,0.00395393792133528,0.00988484480333821
"percentile_latbin_OLS","q60","Combined","occurrence10_k1_tropical_temperate","Coolhouse","Warmhouse",31,25,-0.221327336789585,244,0.00921447800884156,0.0184289560176831
"percentile_latbin_OLS","q60","Combined","occurrence10_k1_tropical_temperate","Transitional","Warmhouse",30,25,-0.150802463585564,284,0.0630418862398855,0.105069810399809
"percentile_latbin_OLS","q60","Combined","occurrence10_k1_tropical_temperate","Coolhouse","Hothouse",31,25,-0.163204473301804,304,0.0856588289170664,0.122369755595809
"percentile_latbin_OLS","q60","Combined","occurrence10_k1_tropical_temperate","Coolhouse","Transitional",31,30,-0.0705248732040203,391,0.144497473229108,0.179303383176126
"percentile_latbin_OLS","q60","Combined","occurrence10_k1_tropical_temperate","Transitional","Hothouse",30,25,-0.0926796000977835,316,0.161373044858514,0.179303383176126
"percentile_latbin_OLS","q60","Combined","occurrence10_k1_tropical_temperate","Warmhouse","Hothouse",25,25,0.0581228634877809,325,0.599571079052257,0.599571079052257
"percentile_latbin_OLS","q60","Combined","occurrence10_k1_tropical_temperate_polar","Coldhouse","Warmhouse",9,18,-0.407610288252969,30,0.00469608013549125,0.0263280193253732
"percentile_latbin_OLS","q60","Combined","occurrence10_k1_tropical_temperate_polar","Coolhouse","Warmhouse",17,18,-0.198115283091422,75,0.00526560386507464,0.0263280193253732
"percentile_latbin_OLS","q60","Combined","occurrence10_k1_tropical_temperate_polar","Coldhouse","Hothouse",9,12,-0.409701847275004,21,0.0104530928173394,0.0348436427244647
"percentile_latbin_OLS","q60","Combined","occurrence10_k1_tropical_temperate_polar","Coolhouse","Hothouse",17,12,-0.200206842113456,56,0.0219641743344234,0.0549104358360585
"percentile_latbin_OLS","q60","Combined","occurrence10_k1_tropical_temperate_polar","Transitional","Warmhouse",15,18,-0.242355588272359,82,0.0288387219082096,0.0576774438164191
"percentile_latbin_OLS","q60","Combined","occurrence10_k1_tropical_temperate_polar","Coldhouse","Transitional",9,15,-0.16525469998061,42,0.0680185640570718,0.0976325752590716
"percentile_latbin_OLS","q60","Combined","occurrence10_k1_tropical_temperate_polar","Transitional","Hothouse",15,12,-0.244447147294393,59,0.0683428026813501,0.0976325752590716
"percentile_latbin_OLS","q60","Combined","occurrence10_k1_tropical_temperate_polar","Coldhouse","Coolhouse",9,17,-0.209495005161547,53,0.107556781971488,0.13444597746436
"percentile_latbin_OLS","q60","Combined","occurrence10_k1_tropical_temperate_polar","Coolhouse","Transitional",17,15,0.044240305180937,115,0.325219305706399,0.361354784118221
"percentile_latbin_OLS","q60","Combined","occurrence10_k1_tropical_temperate_polar","Warmhouse","Hothouse",18,12,-0.0020915590220343,101,0.391593991770992,0.391593991770992
"percentile_latbin_OLS","q60","Combined","occurrence10_k2_tropical_temperate","Coldhouse","Warmhouse",12,17,-0.317286823487634,40,0.00323200168074537,0.0161600084037268
"percentile_latbin_OLS","q60","Combined","occurrence10_k2_tropical_temperate","Coldhouse","Hothouse",12,14,-0.304699494705132,29,0.00253009038902502,0.0161600084037268
"percentile_latbin_OLS","q60","Combined","occurrence10_k2_tropical_temperate","Coldhouse","Transitional",12,19,-0.295735072511466,50,0.005008164741625,0.0166938824720833
"percentile_latbin_OLS","q60","Combined","occurrence10_k2_tropical_temperate","Coldhouse","Coolhouse",12,22,-0.182991824008604,74,0.0191254399800517,0.0478135999501293
"percentile_latbin_OLS","q60","Combined","occurrence10_k2_tropical_temperate","Coolhouse","Transitional",22,19,-0.112743248502862,171,0.163441123451304,0.253612339115144
"percentile_latbin_OLS","q60","Combined","occurrence10_k2_tropical_temperate","Coolhouse","Warmhouse",22,17,-0.13429499947903,153,0.171363973052716,0.253612339115144
"percentile_latbin_OLS","q60","Combined","occurrence10_k2_tropical_temperate","Coolhouse","Hothouse",22,14,-0.121707670696528,125,0.177528637380601,0.253612339115144
"percentile_latbin_OLS","q60","Combined","occurrence10_k2_tropical_temperate","Transitional","Hothouse",19,14,-0.00896442219366647,110,0.206226975649885,0.257783719562356
"percentile_latbin_OLS","q60","Combined","occurrence10_k2_tropical_temperate","Warmhouse","Hothouse",17,14,0.0125873287825014,101,0.243637753916611,0.270708615462901
"percentile_latbin_OLS","q60","Combined","occurrence10_k2_tropical_temperate","Transitional","Warmhouse",19,17,-0.0215517509761679,147,0.328656670725854,0.328656670725854
"percentile_latbin_OLS","q60","Combined","occurrence10_k2_tropical_temperate_polar","Coldhouse","Coolhouse",4,10,-0.357727518723551,3,0.00981220748831985,0.0622273598677715
"percentile_latbin_OLS","q60","Combined","occurrence10_k2_tropical_temperate_polar","Coldhouse","Warmhouse",4,9,-0.483238821110776,3,0.0126301508160062,0.0622273598677715
"percentile_latbin_OLS","q60","Combined","occurrence10_k2_tropical_temperate_polar","Coldhouse","Hothouse",4,5,-0.512629252485719,1,0.0186682079603315,0.0622273598677715
"percentile_latbin_OLS","q60","Combined","occurrence10_k2_tropical_temperate_polar","Coldhouse","Transitional",4,8,-0.362529125698045,6,0.0533185289012817,0.12578642463894
"percentile_latbin_OLS","q60","Combined","occurrence10_k2_tropical_temperate_polar","Coolhouse","Hothouse",10,5,-0.154901733762168,12,0.06289321231947,0.12578642463894
"percentile_latbin_OLS","q60","Combined","occurrence10_k2_tropical_temperate_polar","Transitional","Hothouse",8,5,-0.150100126787675,10,0.0821646397690332,0.136941066281722
"percentile_latbin_OLS","q60","Combined","occurrence10_k2_tropical_temperate_polar","Transitional","Warmhouse",8,9,-0.120709695412732,25,0.156160710838108,0.223086729768726
"percentile_latbin_OLS","q60","Combined","occurrence10_k2_tropical_temperate_polar","Warmhouse","Hothouse",9,5,-0.0293904313749431,16,0.211855398583397,0.264819248229246
"percentile_latbin_OLS","q60","Combined","occurrence10_k2_tropical_temperate_polar","Coolhouse","Warmhouse",10,9,-0.125511302387225,39,0.326689455346847,0.362988283718719
"percentile_latbin_OLS","q60","Combined","occurrence10_k2_tropical_temperate_polar","Coolhouse","Transitional",10,8,-0.00480160697449311,42,0.58789398044834,0.58789398044834
"percentile_latbin_OLS","q60","Combined","occurrence10_k3_tropical_temperate","Coldhouse","Transitional",6,12,-0.287373337769908,13,0.0175450087642061,0.0584833625473538
"percentile_latbin_OLS","q60","Combined","occurrence10_k3_tropical_temperate","Coldhouse","Warmhouse",6,10,-0.386550665199841,7,0.00733412981253688,0.0584833625473538
"percentile_latbin_OLS","q60","Combined","occurrence10_k3_tropical_temperate","Coldhouse","Hothouse",6,8,-0.438857990207482,6,0.0119342210822872,0.0584833625473538
"percentile_latbin_OLS","q60","Combined","occurrence10_k3_tropical_temperate","Coldhouse","Coolhouse",6,12,-0.142972972637494,20,0.0732914058664162,0.16553908886667
"percentile_latbin_OLS","q60","Combined","occurrence10_k3_tropical_temperate","Coolhouse","Warmhouse",12,10,-0.243577692562347,40,0.0992578448951981,0.16553908886667
"percentile_latbin_OLS","q60","Combined","occurrence10_k3_tropical_temperate","Coolhouse","Hothouse",12,8,-0.295885017569988,32,0.115877362206669,0.16553908886667
"percentile_latbin_OLS","q60","Combined","occurrence10_k3_tropical_temperate","Transitional","Hothouse",12,8,-0.151484652437574,32,0.115877362206669,0.16553908886667
"percentile_latbin_OLS","q60","Combined","occurrence10_k3_tropical_temperate","Coolhouse","Transitional",12,12,-0.144400365132414,54,0.156160710838108,0.195200888547635
"percentile_latbin_OLS","q60","Combined","occurrence10_k3_tropical_temperate","Transitional","Warmhouse",12,10,-0.0991773274299336,49,0.244358936592635,0.271509929547372
"percentile_latbin_OLS","q60","Combined","occurrence10_k3_tropical_temperate","Warmhouse","Hothouse",10,8,-0.0523073250076407,33,0.281787310130486,0.281787310130486
"percentile_latbin_OLS","q60","Combined","occurrence10_k3_tropical_temperate_polar","Coldhouse","Coolhouse",2,3,-0.348624873067507,0,0.0744573365893828,0.248191121964609
"percentile_latbin_OLS","q60","Combined","occurrence10_k3_tropical_temperate_polar","Coldhouse","Warmhouse",2,5,-0.483238821110776,0,0.0406805646170377,0.248191121964609
"percentile_latbin_OLS","q60","Combined","occurrence10_k3_tropical_temperate_polar","Coldhouse","Hothouse",2,3,-0.726105523635496,0,0.0744573365893828,0.248191121964609
"percentile_latbin_OLS","q60","Combined","occurrence10_k3_tropical_temperate_polar","Coldhouse","Transitional",2,4,-0.33096079826629,1,0.123579986605954,0.269113655579702
"percentile_latbin_OLS","q60","Combined","occurrence10_k3_tropical_temperate_polar","Transitional","Warmhouse",4,5,-0.152278022844486,5,0.13517207032739,0.269113655579702
"percentile_latbin_OLS","q60","Combined","occurrence10_k3_tropical_temperate_polar","Transitional","Hothouse",4,3,-0.395144725369206,3,0.188379558905791,0.269113655579702
"percentile_latbin_OLS","q60","Combined","occurrence10_k3_tropical_temperate_polar","Warmhouse","Hothouse",5,3,-0.24286670252472,4,0.185546684761349,0.269113655579702
"percentile_latbin_OLS","q60","Combined","occurrence10_k3_tropical_temperate_polar","Coolhouse","Hothouse",3,3,-0.377480650567989,3,0.331260291770029,0.414075364712536
"percentile_latbin_OLS","q60","Combined","occurrence10_k3_tropical_temperate_polar","Coolhouse","Warmhouse",3,5,-0.134613948043269,6,0.382797241997882,0.425330268886536
"percentile_latbin_OLS","q60","Combined","occurrence10_k3_tropical_temperate_polar","Coolhouse","Transitional",3,4,0.0176640748012175,7,0.702058454717411,0.702058454717411
"percentile_latbin_OLS","q60","Combined","collection5_k1_tropical_temperate","Coldhouse","Warmhouse",24,25,-0.669930493529284,88,1.16845655947074e-05,0.000116845655947074
"percentile_latbin_OLS","q60","Combined","collection5_k1_tropical_temperate","Coldhouse","Transitional",24,31,-0.556336546594262,161,0.00017685027646159,0.000884251382307949
"percentile_latbin_OLS","q60","Combined","collection5_k1_tropical_temperate","Coldhouse","Hothouse",24,22,-0.639880210769949,111,0.000399023642101282,0.00133007880700427
"percentile_latbin_OLS","q60","Combined","collection5_k1_tropical_temperate","Coolhouse","Warmhouse",30,25,-0.231582140058714,217,0.00388117280327845,0.00970293200819613
"percentile_latbin_OLS","q60","Combined","collection5_k1_tropical_temperate","Coldhouse","Coolhouse",24,30,-0.438348353470569,218,0.00688517640101715,0.0137703528020343
"percentile_latbin_OLS","q60","Combined","collection5_k1_tropical_temperate","Coolhouse","Hothouse",30,22,-0.20153185729938,218,0.0194535084158887,0.0324225140264811
"percentile_latbin_OLS","q60","Combined","collection5_k1_tropical_temperate","Coolhouse","Transitional",30,31,-0.117988193123692,344,0.0410734778352834,0.0586763969075476
"percentile_latbin_OLS","q60","Combined","collection5_k1_tropical_temperate","Transitional","Warmhouse",31,25,-0.113593946935022,306,0.090935106155875,0.113668882694844
"percentile_latbin_OLS","q60","Combined","collection5_k1_tropical_temperate","Transitional","Hothouse",31,22,-0.0835436641756873,289,0.176282090401248,0.19586898933472
"percentile_latbin_OLS","q60","Combined","collection5_k1_tropical_temperate","Warmhouse","Hothouse",25,22,0.0300502827593347,285,0.588567172040412,0.588567172040412
"percentile_latbin_OLS","q60","Combined","collection5_k1_tropical_temperate_polar","Coldhouse","Warmhouse",10,16,-0.493525313290709,26,0.00240344640732387,0.00801148802441289
"percentile_latbin_OLS","q60","Combined","collection5_k1_tropical_temperate_polar","Coldhouse","Hothouse",10,11,-0.513344986870129,13,0.00173704929261515,0.00801148802441289
"percentile_latbin_OLS","q60","Combined","collection5_k1_tropical_temperate_polar","Coolhouse","Hothouse",19,11,-0.223029370767926,33,0.00112309348063372,0.00801148802441289
"percentile_latbin_OLS","q60","Combined","collection5_k1_tropical_temperate_polar","Coolhouse","Warmhouse",19,16,-0.203209697188507,71,0.0038423093854892,0.009605773463723
"percentile_latbin_OLS","q60","Combined","collection5_k1_tropical_temperate_polar","Coldhouse","Transitional",10,16,-0.250289734937952,36,0.0109340440950654,0.0218680881901307
"percentile_latbin_OLS","q60","Combined","collection5_k1_tropical_temperate_polar","Transitional","Hothouse",16,11,-0.263055251932177,45,0.0179870069503156,0.0299783449171927
"percentile_latbin_OLS","q60","Combined","collection5_k1_tropical_temperate_polar","Coldhouse","Coolhouse",10,19,-0.290315616102203,60,0.0567143148524716,0.0708928935655895
"percentile_latbin_OLS","q60","Combined","collection5_k1_tropical_temperate_polar","Transitional","Warmhouse",16,16,-0.243235578352758,84,0.0505579215530685,0.0708928935655895
"percentile_latbin_OLS","q60","Combined","collection5_k1_tropical_temperate_polar","Coolhouse","Transitional",19,16,0.0400258811642511,120,0.148458114931324,0.164953461034804
"percentile_latbin_OLS","q60","Combined","collection5_k1_tropical_temperate_polar","Warmhouse","Hothouse",16,11,-0.0198196735794192,70,0.193914383312819,0.193914383312819
"percentile_latbin_OLS","q60","Combined","collection5_k2_tropical_temperate","Coldhouse","Warmhouse",11,18,-0.459942701790798,22,0.000292560457195727,0.00146280228597864
"percentile_latbin_OLS","q60","Combined","collection5_k2_tropical_temperate","Coldhouse","Hothouse",11,12,-0.530009863816727,8,0.000200913958145289,0.00146280228597864
"percentile_latbin_OLS","q60","Combined","collection5_k2_tropical_temperate","Coldhouse","Transitional",11,18,-0.458997972294737,30,0.00103902021393927,0.0034634007131309
"percentile_latbin_OLS","q60","Combined","collection5_k2_tropical_temperate","Coldhouse","Coolhouse",11,21,-0.355276214296466,58,0.0118632019014799,0.0296580047536996
"percentile_latbin_OLS","q60","Combined","collection5_k2_tropical_temperate","Coolhouse","Hothouse",21,12,-0.174733649520261,77,0.0347568159298168,0.0695136318596336
"percentile_latbin_OLS","q60","Combined","collection5_k2_tropical_temperate","Coolhouse","Warmhouse",21,18,-0.104666487494332,147,0.121175618756799,0.173108026795427
"percentile_latbin_OLS","q60","Combined","collection5_k2_tropical_temperate","Transitional","Hothouse",18,12,-0.0710118915219903,78,0.105862791241043,0.173108026795427
"percentile_latbin_OLS","q60","Combined","collection5_k2_tropical_temperate","Coolhouse","Transitional",21,18,-0.103721757998271,159,0.202967508963265,0.253709386204081
"percentile_latbin_OLS","q60","Combined","collection5_k2_tropical_temperate","Warmhouse","Hothouse",18,12,-0.0700671620259291,90,0.229397026106546,0.254885584562829
"percentile_latbin_OLS","q60","Combined","collection5_k2_tropical_temperate","Transitional","Warmhouse",18,18,-0.000944729496061142,142,0.268632963318057,0.268632963318057
"percentile_latbin_OLS","q60","Combined","collection5_k2_tropical_temperate_polar","Coldhouse","Warmhouse",4,11,-0.354995588231363,6,0.0215029466800743,0.0690428171475798
"percentile_latbin_OLS","q60","Combined","collection5_k2_tropical_temperate_polar","Coldhouse","Hothouse",4,5,-0.447599955972938,1,0.0186682079603315,0.0690428171475798
"percentile_latbin_OLS","q60","Combined","collection5_k2_tropical_temperate_polar","Coolhouse","Hothouse",12,5,-0.202143131289959,11,0.0255838152567162,0.0690428171475798
"percentile_latbin_OLS","q60","Combined","collection5_k2_tropical_temperate_polar","Transitional","Hothouse",6,5,-0.267800428742749,4,0.0276171268590319,0.0690428171475798
"percentile_latbin_OLS","q60","Combined","collection5_k2_tropical_temperate_polar","Coolhouse","Warmhouse",12,11,-0.109538763548384,43,0.0830599852247938,0.13843330870799
"percentile_latbin_OLS","q60","Combined","collection5_k2_tropical_temperate_polar","Transitional","Warmhouse",6,11,-0.175196061001175,18,0.0725161267893411,0.13843330870799
"percentile_latbin_OLS","q60","Combined","collection5_k2_tropical_temperate_polar","Coldhouse","Coolhouse",4,12,-0.245456824682979,13,0.101453669509332,0.14493381358476
"percentile_latbin_OLS","q60","Combined","collection5_k2_tropical_temperate_polar","Coldhouse","Transitional",4,6,-0.179799527230189,6,0.120477334350785,0.150596667938481
"percentile_latbin_OLS","q60","Combined","collection5_k2_tropical_temperate_polar","Warmhouse","Hothouse",11,5,-0.0926043677415741,20,0.213883767554155,0.237648630615728
"percentile_latbin_OLS","q60","Combined","collection5_k2_tropical_temperate_polar","Coolhouse","Transitional",12,6,0.0656572974527903,39,0.628470459582408,0.628470459582408
"percentile_latbin_OLS","q60","Combined","collection5_k3_tropical_temperate","Coldhouse","Warmhouse",5,11,-0.379408452548439,3,0.00327479526897646,0.0260374866476582
"percentile_latbin_OLS","q60","Combined","collection5_k3_tropical_temperate","Coldhouse","Hothouse",5,8,-0.447345530656496,2,0.00520749732953164,0.0260374866476582
"percentile_latbin_OLS","q60","Combined","collection5_k3_tropical_temperate","Coolhouse","Hothouse",11,8,-0.180218033792622,16,0.0115814286908744,0.0386047623029147
"percentile_latbin_OLS","q60","Combined","collection5_k3_tropical_temperate","Coldhouse","Transitional",5,12,-0.442232411223666,10,0.0199163096223707,0.0497907740559268
"percentile_latbin_OLS","q60","Combined","collection5_k3_tropical_temperate","Coolhouse","Warmhouse",11,11,-0.112280955684565,31,0.0284365180173972,0.0568730360347944
"percentile_latbin_OLS","q60","Combined","collection5_k3_tropical_temperate","Coolhouse","Transitional",11,12,-0.175104914359792,37,0.0397106490731382,0.066184415121897
"percentile_latbin_OLS","q60","Combined","collection5_k3_tropical_temperate","Coldhouse","Coolhouse",5,11,-0.267127496863874,15,0.0870006181197914,0.124286597313988
"percentile_latbin_OLS","q60","Combined","collection5_k3_tropical_temperate","Transitional","Hothouse",12,8,-0.00511311943283051,36,0.187473703428313,0.234342129285391
"percentile_latbin_OLS","q60","Combined","collection5_k3_tropical_temperate","Warmhouse","Hothouse",11,8,-0.0679370781080571,35,0.241381865964596,0.268202073293996
"percentile_latbin_OLS","q60","Combined","collection5_k3_tropical_temperate","Transitional","Warmhouse",12,11,0.0628239586752266,58,0.322186574979975,0.322186574979975
"percentile_latbin_OLS","q60","Combined","collection5_k3_tropical_temperate_polar","Coldhouse","Coolhouse",2,4,-0.380392617656825,0,0.0525962525600207,0.190430263825524
"percentile_latbin_OLS","q60","Combined","collection5_k3_tropical_temperate_polar","Coldhouse","Warmhouse",2,6,-0.498301222102727,0,0.0333765075848173,0.190430263825524
"percentile_latbin_OLS","q60","Combined","collection5_k3_tropical_temperate_polar","Coldhouse","Hothouse",2,3,-0.746253914572682,0,0.0744573365893828,0.190430263825524
"percentile_latbin_OLS","q60","Combined","collection5_k3_tropical_temperate_polar","Transitional","Warmhouse",3,6,-0.295373175611164,3,0.077790173896099,0.190430263825524
"percentile_latbin_OLS","q60","Combined","collection5_k3_tropical_temperate_polar","Transitional","Hothouse",3,3,-0.543325868081118,1,0.095215131912762,0.190430263825524
"percentile_latbin_OLS","q60","Combined","collection5_k3_tropical_temperate_polar","Coolhouse","Warmhouse",4,6,-0.117908604445902,6,0.120477334350785,0.200795557251308
"percentile_latbin_OLS","q60","Combined","collection5_k3_tropical_temperate_polar","Coldhouse","Transitional",2,3,-0.202928046491563,1,0.193238115385616,0.27605445055088
"percentile_latbin_OLS","q60","Combined","collection5_k3_tropical_temperate_polar","Warmhouse","Hothouse",6,3,-0.247952692469954,6,0.259302508214363,0.324128135267954
"percentile_latbin_OLS","q60","Combined","collection5_k3_tropical_temperate_polar","Coolhouse","Hothouse",4,3,-0.365861296915857,4,0.297941545282589,0.331046161425099
"percentile_latbin_OLS","q60","Combined","collection5_k3_tropical_temperate_polar","Coolhouse","Transitional",4,3,0.177464571165262,8,0.811620441094209,0.811620441094209
"percentile_latbin_OLS","q60","Combined","collection10_k1_tropical_temperate","Coldhouse","Warmhouse",17,20,-0.65188785895555,34,1.81767548827145e-05,0.000181767548827145
"percentile_latbin_OLS","q60","Combined","collection10_k1_tropical_temperate","Coldhouse","Hothouse",17,18,-0.659351462768041,39,8.98174647927172e-05,0.000449087323963586
"percentile_latbin_OLS","q60","Combined","collection10_k1_tropical_temperate","Coolhouse","Warmhouse",28,20,-0.525771819780293,119,0.000394822528140208,0.00131607509380069
"percentile_latbin_OLS","q60","Combined","collection10_k1_tropical_temperate","Coldhouse","Transitional",17,23,-0.408803676123596,82,0.00099527423876711,0.00199054847753422
"percentile_latbin_OLS","q60","Combined","collection10_k1_tropical_temperate","Coolhouse","Hothouse",28,18,-0.533235423592784,113,0.000912632033463349,0.00199054847753422
"percentile_latbin_OLS","q60","Combined","collection10_k1_tropical_temperate","Coolhouse","Transitional",28,23,-0.282687636948339,197,0.00921757718733729,0.0153626286455621
"percentile_latbin_OLS","q60","Combined","collection10_k1_tropical_temperate","Transitional","Hothouse",23,18,-0.250547786644445,163,0.126569106830918,0.180813009758454
"percentile_latbin_OLS","q60","Combined","collection10_k1_tropical_temperate","Coldhouse","Coolhouse",17,28,-0.126116039175257,197,0.171534213728212,0.214417767160265
"percentile_latbin_OLS","q60","Combined","collection10_k1_tropical_temperate","Transitional","Warmhouse",23,20,-0.243084182831954,198,0.221540464392254,0.246156071546949
"percentile_latbin_OLS","q60","Combined","collection10_k1_tropical_temperate","Warmhouse","Hothouse",20,18,-0.00746360381249109,167,0.35739117959205,0.35739117959205
"percentile_latbin_OLS","q60","Combined","collection10_k1_tropical_temperate_polar","Coldhouse","Warmhouse",7,12,-0.501478200592503,10,0.00388117280327845,0.0251432204530901
"percentile_latbin_OLS","q60","Combined","collection10_k1_tropical_temperate_polar","Coldhouse","Hothouse",7,6,-0.561898716483952,4,0.00920808028815198,0.0251432204530901
"percentile_latbin_OLS","q60","Combined","collection10_k1_tropical_temperate_polar","Coolhouse","Warmhouse",13,12,-0.39656973108337,32,0.00666416439040878,0.0251432204530901
"percentile_latbin_OLS","q60","Combined","collection10_k1_tropical_temperate_polar","Coolhouse","Hothouse",13,6,-0.456990246974818,12,0.010057288181236,0.0251432204530901
"percentile_latbin_OLS","q60","Combined","collection10_k1_tropical_temperate_polar","Transitional","Hothouse",8,6,-0.442062791483794,7,0.0165799937294239,0.0331599874588478
"percentile_latbin_OLS","q60","Combined","collection10_k1_tropical_temperate_polar","Transitional","Warmhouse",8,12,-0.381642275592346,23,0.0293645363572818,0.048940893928803
"percentile_latbin_OLS","q60","Combined","collection10_k1_tropical_temperate_polar","Coldhouse","Transitional",7,8,-0.119835925000158,19,0.162635489987106,0.232336414267295
"percentile_latbin_OLS","q60","Combined","collection10_k1_tropical_temperate_polar","Coldhouse","Coolhouse",7,13,-0.104908469509133,35,0.21405533097043,0.237839256633811
"percentile_latbin_OLS","q60","Combined","collection10_k1_tropical_temperate_polar","Warmhouse","Hothouse",12,6,-0.0604205158914482,27,0.212987555756803,0.237839256633811
"percentile_latbin_OLS","q60","Combined","collection10_k1_tropical_temperate_polar","Coolhouse","Transitional",13,8,-0.0149274554910245,52,0.514442679850994,0.514442679850994
"percentile_latbin_OLS","q60","Combined","collection10_k2_tropical_temperate","Coldhouse","Warmhouse",6,15,-0.440921388895977,14,0.00878822993318981,0.0337342842951291
"percentile_latbin_OLS","q60","Combined","collection10_k2_tropical_temperate","Coldhouse","Hothouse",6,6,-0.638945066532804,3,0.0101202852885387,0.0337342842951291
"percentile_latbin_OLS","q60","Combined","collection10_k2_tropical_temperate","Coolhouse","Hothouse",17,6,-0.548387990333878,16,0.00785717488610945,0.0337342842951291
"percentile_latbin_OLS","q60","Combined","collection10_k2_tropical_temperate","Coolhouse","Warmhouse",17,15,-0.350364312697052,70,0.0156799221312291,0.0391998053280727
"percentile_latbin_OLS","q60","Combined","collection10_k2_tropical_temperate","Coolhouse","Transitional",17,15,-0.535604783331069,75,0.0247846063303315,0.0495692126606631
"percentile_latbin_OLS","q60","Combined","collection10_k2_tropical_temperate","Coldhouse","Transitional",6,15,-0.626161859529995,21,0.0336644262577296,0.0561073770962161
"percentile_latbin_OLS","q60","Combined","collection10_k2_tropical_temperate","Warmhouse","Hothouse",15,6,-0.198023677636826,28,0.0994794655462011,0.142113522208859
"percentile_latbin_OLS","q60","Combined","collection10_k2_tropical_temperate","Transitional","Hothouse",15,6,-0.0127832070028085,39,0.334262069443262,0.417827586804078
"percentile_latbin_OLS","q60","Combined","collection10_k2_tropical_temperate","Coldhouse","Coolhouse",6,17,-0.0905570761989256,48,0.43052606190752,0.478362291008355
"percentile_latbin_OLS","q60","Combined","collection10_k2_tropical_temperate","Transitional","Warmhouse",15,15,0.185240470634018,125,0.705130703340696,0.705130703340696
"percentile_latbin_OLS","q60","Combined","collection10_k2_tropical_temperate_polar","Coldhouse","Warmhouse",3,8,-0.432522135241626,0,0.00945177150556067,0.0945177150556067
"percentile_latbin_OLS","q60","Combined","collection10_k2_tropical_temperate_polar","Coldhouse","Hothouse",3,3,-0.707115557928119,0,0.0404277991850261,0.202138995925131
"percentile_latbin_OLS","q60","Combined","collection10_k2_tropical_temperate_polar","Coolhouse","Warmhouse",5,8,-0.20454787567436,10,0.0821646397690332,0.217976863344958
"percentile_latbin_OLS","q60","Combined","collection10_k2_tropical_temperate_polar","Coolhouse","Hothouse",5,3,-0.479141298360853,3,0.116518991136953,0.217976863344958
"percentile_latbin_OLS","q60","Combined","collection10_k2_tropical_temperate_polar","Transitional","Hothouse",3,3,-0.616806776861748,1,0.095215131912762,0.217976863344958
"percentile_latbin_OLS","q60","Combined","collection10_k2_tropical_temperate_polar","Warmhouse","Hothouse",8,3,-0.274593422686493,6,0.130786118006975,0.217976863344958
"percentile_latbin_OLS","q60","Combined","collection10_k2_tropical_temperate_polar","Coldhouse","Coolhouse",3,5,-0.227974259567266,5,0.275492493792547,0.368066990855588
"percentile_latbin_OLS","q60","Combined","collection10_k2_tropical_temperate_polar","Coldhouse","Transitional",3,3,-0.0903087810663714,3,0.331260291770029,0.368066990855588
"percentile_latbin_OLS","q60","Combined","collection10_k2_tropical_temperate_polar","Transitional","Warmhouse",3,8,-0.342213354175255,9,0.30491702183673,0.368066990855588
"percentile_latbin_OLS","q60","Combined","collection10_k2_tropical_temperate_polar","Coolhouse","Transitional",5,3,0.137665478500895,8,0.617202758002118,0.617202758002118
"percentile_latbin_OLS","q60","Combined","collection10_k3_tropical_temperate","Coldhouse","Warmhouse",2,7,-0.394064029637825,0,0.0285199371245278,0.203402823085189
"percentile_latbin_OLS","q60","Combined","collection10_k3_tropical_temperate","Coldhouse","Hothouse",2,5,-0.585125968447696,0,0.0406805646170377,0.203402823085189
"percentile_latbin_OLS","q60","Combined","collection10_k3_tropical_temperate","Coldhouse","Transitional",2,7,-0.716479914657342,2,0.0938413862666982,0.274882662212897
"percentile_latbin_OLS","q60","Combined","collection10_k3_tropical_temperate","Coolhouse","Transitional",4,7,-0.577611281516346,8,0.149308837224405,0.274882662212897
"percentile_latbin_OLS","q60","Combined","collection10_k3_tropical_temperate","Coolhouse","Hothouse",4,5,-0.4462573353067,5,0.13517207032739,0.274882662212897
"percentile_latbin_OLS","q60","Combined","collection10_k3_tropical_temperate","Warmhouse","Hothouse",7,5,-0.191061938809871,11,0.164929597327738,0.274882662212897
"percentile_latbin_OLS","q60","Combined","collection10_k3_tropical_temperate","Coolhouse","Warmhouse",4,7,-0.255195396496829,10,0.254165786776073,0.363093981108675
"percentile_latbin_OLS","q60","Combined","collection10_k3_tropical_temperate","Coldhouse","Coolhouse",2,4,-0.138868633140996,4,0.591519339142304,0.697037184816221
"percentile_latbin_OLS","q60","Combined","collection10_k3_tropical_temperate","Transitional","Hothouse",7,5,0.131353946209647,19,0.627333466334599,0.697037184816221
"percentile_latbin_OLS","q60","Combined","collection10_k3_tropical_temperate","Transitional","Warmhouse",7,7,0.322415885019517,29,0.738548382743665,0.738548382743665
"percentile_latbin_OLS","q60","Combined","collection10_k3_tropical_temperate_polar","Warmhouse","Hothouse",3,2,-0.494021551336231,0,0.0744573365893828,0.0744573365893828
"percentile_latbin_OLS","q60","Combined","collection10_k3_tropical_temperate_polar","Coldhouse","Coolhouse",1,0,NA,NA,NA,NA
"percentile_latbin_OLS","q60","Combined","collection10_k3_tropical_temperate_polar","Coldhouse","Transitional",1,0,NA,NA,NA,NA
"percentile_latbin_OLS","q60","Combined","collection10_k3_tropical_temperate_polar","Coldhouse","Warmhouse",1,3,-0.379712636327617,NA,NA,NA
"percentile_latbin_OLS","q60","Combined","collection10_k3_tropical_temperate_polar","Coldhouse","Hothouse",1,2,-0.873734187663848,NA,NA,NA
"percentile_latbin_OLS","q60","Combined","collection10_k3_tropical_temperate_polar","Coolhouse","Transitional",0,0,NA,NA,NA,NA
"percentile_latbin_OLS","q60","Combined","collection10_k3_tropical_temperate_polar","Coolhouse","Warmhouse",0,3,NA,NA,NA,NA
"percentile_latbin_OLS","q60","Combined","collection10_k3_tropical_temperate_polar","Coolhouse","Hothouse",0,2,NA,NA,NA,NA
"percentile_latbin_OLS","q60","Combined","collection10_k3_tropical_temperate_polar","Transitional","Warmhouse",0,3,NA,NA,NA,NA
"percentile_latbin_OLS","q60","Combined","collection10_k3_tropical_temperate_polar","Transitional","Hothouse",0,2,NA,NA,NA,NA
"percentile_latbin_OLS","q60","Northern","occurrence5_k1_tropical_temperate","Coldhouse","Warmhouse",14,14,-0.64439182481799,14,6.23667642173253e-05,0.000623667642173253
"percentile_latbin_OLS","q60","Northern","occurrence5_k1_tropical_temperate","Coldhouse","Transitional",14,17,-0.524636005442363,35,0.000459090944757785,0.00229545472378893
"percentile_latbin_OLS","q60","Northern","occurrence5_k1_tropical_temperate","Coolhouse","Warmhouse",15,14,-0.280709717091078,33,0.000902672970501341,0.00300890990167114
"percentile_latbin_OLS","q60","Northern","occurrence5_k1_tropical_temperate","Coldhouse","Hothouse",14,11,-0.418374596284574,34,0.00999174195635864,0.0249793548908966
"percentile_latbin_OLS","q60","Northern","occurrence5_k1_tropical_temperate","Coolhouse","Transitional",15,17,-0.160953897715451,74,0.0226732765480855,0.045346553096171
"percentile_latbin_OLS","q60","Northern","occurrence5_k1_tropical_temperate","Coldhouse","Coolhouse",14,15,-0.363682107726913,61,0.0288154104581241,0.0480256840968735
"percentile_latbin_OLS","q60","Northern","occurrence5_k1_tropical_temperate","Coolhouse","Hothouse",15,11,-0.0546924885576612,63,0.162042349937952,0.231489071339931
"percentile_latbin_OLS","q60","Northern","occurrence5_k1_tropical_temperate","Transitional","Warmhouse",17,14,-0.119755819375627,96,0.185896534648279,0.232370668310349
"percentile_latbin_OLS","q60","Northern","occurrence5_k1_tropical_temperate","Transitional","Hothouse",17,11,0.106261409157789,117,0.870544569407647,0.967271743786274
"percentile_latbin_OLS","q60","Northern","occurrence5_k1_tropical_temperate","Warmhouse","Hothouse",14,11,0.226017228533416,121,0.992577687295983,0.992577687295983
"percentile_latbin_OLS","q60","Northern","occurrence5_k1_tropical_temperate_polar","Coldhouse","Warmhouse",6,10,-0.586385914140714,0,0.000687795633623293,0.00687795633623293
"percentile_latbin_OLS","q60","Northern","occurrence5_k1_tropical_temperate_polar","Coldhouse","Transitional",6,8,-0.442986253161904,3,0.00406601094944092,0.0203300547472046
"percentile_latbin_OLS","q60","Northern","occurrence5_k1_tropical_temperate_polar","Coldhouse","Hothouse",6,4,-0.441227198329634,0,0.00710701943454103,0.0236900647818034
"percentile_latbin_OLS","q60","Northern","occurrence5_k1_tropical_temperate_polar","Coldhouse","Coolhouse",6,11,-0.400359517394996,12,0.0196836203117476,0.0492090507793691
"percentile_latbin_OLS","q60","Northern","occurrence5_k1_tropical_temperate_polar","Coolhouse","Warmhouse",11,10,-0.186026396745719,27,0.0264037557080568,0.0528075114161136
"percentile_latbin_OLS","q60","Northern","occurrence5_k1_tropical_temperate_polar","Transitional","Warmhouse",8,10,-0.14339966097881,28,0.153437355287375,0.255728925478959
"percentile_latbin_OLS","q60","Northern","occurrence5_k1_tropical_temperate_polar","Coolhouse","Transitional",11,8,-0.0426267357669089,34,0.2163919605608,0.309131372229714
"percentile_latbin_OLS","q60","Northern","occurrence5_k1_tropical_temperate_polar","Coolhouse","Hothouse",11,4,-0.0408676809346386,17,0.27842991693482,0.348037396168525
"percentile_latbin_OLS","q60","Northern","occurrence5_k1_tropical_temperate_polar","Transitional","Hothouse",8,4,0.00175905483227029,17,0.600546665178365,0.667274072420406
"percentile_latbin_OLS","q60","Northern","occurrence5_k1_tropical_temperate_polar","Warmhouse","Hothouse",10,4,0.14515871581108,28,0.885334028804176,0.885334028804176
"percentile_latbin_OLS","q60","Northern","occurrence5_k2_tropical_temperate","Coldhouse","Warmhouse",10,12,-0.71579084670548,3,9.74643520488719e-05,0.000974643520488719
"percentile_latbin_OLS","q60","Northern","occurrence5_k2_tropical_temperate","Coldhouse","Transitional",10,14,-0.585504397631858,10,0.000247023650482825,0.00123511825241412
"percentile_latbin_OLS","q60","Northern","occurrence5_k2_tropical_temperate","Coldhouse","Hothouse",10,7,-0.47870816794132,3,0.0010557455033353,0.00351915167778433
"percentile_latbin_OLS","q60","Northern","occurrence5_k2_tropical_temperate","Coolhouse","Warmhouse",12,12,-0.27343646248778,28,0.00601141270380872,0.0150285317595218
"percentile_latbin_OLS","q60","Northern","occurrence5_k2_tropical_temperate","Coldhouse","Coolhouse",10,12,-0.4423543842177,25,0.0114570857676705,0.0229141715353409
"percentile_latbin_OLS","q60","Northern","occurrence5_k2_tropical_temperate","Coolhouse","Transitional",12,14,-0.143150013414158,47,0.03023456131699,0.0503909355283167
"percentile_latbin_OLS","q60","Northern","occurrence5_k2_tropical_temperate","Coolhouse","Hothouse",12,7,-0.0363537837236197,30,0.165543335496763,0.236490479281089
"percentile_latbin_OLS","q60","Northern","occurrence5_k2_tropical_temperate","Transitional","Warmhouse",14,12,-0.130286449073622,70,0.243726645182017,0.304658306477522
"percentile_latbin_OLS","q60","Northern","occurrence5_k2_tropical_temperate","Transitional","Hothouse",14,7,0.106796229690538,59,0.783289034521963,0.870321149468848
"percentile_latbin_OLS","q60","Northern","occurrence5_k2_tropical_temperate","Warmhouse","Hothouse",12,7,0.23708267876416,61,0.950328876073267,0.950328876073267
"percentile_latbin_OLS","q60","Northern","occurrence5_k2_tropical_temperate_polar","Coldhouse","Coolhouse",5,6,-0.344165499704902,0,0.00405655863278289,0.0202827931639144
"percentile_latbin_OLS","q60","Northern","occurrence5_k2_tropical_temperate_polar","Coldhouse","Warmhouse",5,8,-0.413467150459555,0,0.00215517924976753,0.0202827931639144
"percentile_latbin_OLS","q60","Northern","occurrence5_k2_tropical_temperate_polar","Coldhouse","Hothouse",5,4,-0.383751891022161,0,0.00998222665260803,0.0332740888420268
"percentile_latbin_OLS","q60","Northern","occurrence5_k2_tropical_temperate_polar","Coldhouse","Transitional",5,5,-0.322710799087998,3,0.0300514029694332,0.0751285074235829
"percentile_latbin_OLS","q60","Northern","occurrence5_k2_tropical_temperate_polar","Transitional","Warmhouse",5,8,-0.0907563513715568,12,0.136126790531499,0.272253581062999
"percentile_latbin_OLS","q60","Northern","occurrence5_k2_tropical_temperate_polar","Coolhouse","Warmhouse",6,8,-0.0693016507546534,19,0.280637918067289,0.467729863445482
"percentile_latbin_OLS","q60","Northern","occurrence5_k2_tropical_temperate_polar","Transitional","Hothouse",5,4,-0.0610410919341623,8,0.356651586939229,0.509502267056041
"percentile_latbin_OLS","q60","Northern","occurrence5_k2_tropical_temperate_polar","Coolhouse","Hothouse",6,4,-0.0395863913172589,12,0.542446982789747,0.678058728487184
"percentile_latbin_OLS","q60","Northern","occurrence5_k2_tropical_temperate_polar","Coolhouse","Transitional",6,5,0.0214547006169034,17,0.675961565930427,0.751068406589363
"percentile_latbin_OLS","q60","Northern","occurrence5_k2_tropical_temperate_polar","Warmhouse","Hothouse",8,4,0.0297152594373946,20,0.777651884075146,0.777651884075146
"percentile_latbin_OLS","q60","Northern","occurrence5_k3_tropical_temperate","Coldhouse","Warmhouse",5,8,-0.483952727770057,2,0.00520749732953164,0.0260374866476582
"percentile_latbin_OLS","q60","Northern","occurrence5_k3_tropical_temperate","Coolhouse","Warmhouse",7,8,-0.367528947355694,5,0.00460889867352746,0.0260374866476582
"percentile_latbin_OLS","q60","Northern","occurrence5_k3_tropical_temperate","Coldhouse","Transitional",5,9,-0.317752451828197,5,0.0117052980805584,0.0390176602685278
"percentile_latbin_OLS","q60","Northern","occurrence5_k3_tropical_temperate","Coldhouse","Hothouse",5,4,-0.195518601229646,2,0.0330962898610967,0.0719442354531833
"percentile_latbin_OLS","q60","Northern","occurrence5_k3_tropical_temperate","Coolhouse","Transitional",7,9,-0.201328671413834,14,0.0359721177265917,0.0719442354531833
"percentile_latbin_OLS","q60","Northern","occurrence5_k3_tropical_temperate","Coldhouse","Coolhouse",5,7,-0.116423780414363,13,0.257975848179274,0.322469810224093
"percentile_latbin_OLS","q60","Northern","occurrence5_k3_tropical_temperate","Coolhouse","Hothouse",7,4,-0.0790948208152826,9,0.197545792452075,0.322469810224093
"percentile_latbin_OLS","q60","Northern","occurrence5_k3_tropical_temperate","Transitional","Warmhouse",9,8,-0.166200275941859,28,0.235243211029395,0.322469810224093
"percentile_latbin_OLS","q60","Northern","occurrence5_k3_tropical_temperate","Transitional","Hothouse",9,4,0.122233850598552,25,0.876420013394046,0.973800014882274
"percentile_latbin_OLS","q60","Northern","occurrence5_k3_tropical_temperate","Warmhouse","Hothouse",8,4,0.288434126540411,27,0.97460073963058,0.97460073963058
"percentile_latbin_OLS","q60","Northern","occurrence5_k3_tropical_temperate_polar","Coldhouse","Coolhouse",2,3,-0.288443164040818,0,0.0744573365893828,0.204398430672311
"percentile_latbin_OLS","q60","Northern","occurrence5_k3_tropical_temperate_polar","Coldhouse","Warmhouse",2,5,-0.463830166928383,0,0.0406805646170377,0.204398430672311
"percentile_latbin_OLS","q60","Northern","occurrence5_k3_tropical_temperate_polar","Coldhouse","Hothouse",2,2,-0.365988254643539,0,0.122639058403386,0.204398430672311
"percentile_latbin_OLS","q60","Northern","occurrence5_k3_tropical_temperate_polar","Coolhouse","Warmhouse",3,5,-0.175387002887565,3,0.116518991136953,0.204398430672311
"percentile_latbin_OLS","q60","Northern","occurrence5_k3_tropical_temperate_polar","Transitional","Warmhouse",2,5,-0.346407563624412,1,0.087622122700003,0.204398430672311
"percentile_latbin_OLS","q60","Northern","occurrence5_k3_tropical_temperate_polar","Transitional","Hothouse",2,2,-0.248565651339569,0,0.122639058403386,0.204398430672311
"percentile_latbin_OLS","q60","Northern","occurrence5_k3_tropical_temperate_polar","Coolhouse","Hothouse",3,2,-0.0775450906027215,1,0.193238115385616,0.27605445055088
"percentile_latbin_OLS","q60","Northern","occurrence5_k3_tropical_temperate_polar","Coldhouse","Transitional",2,2,-0.11742260330397,1,0.349267679151669,0.436584598939587
"percentile_latbin_OLS","q60","Northern","occurrence5_k3_tropical_temperate_polar","Coolhouse","Transitional",3,2,0.171020560736847,5,0.925542663410617,0.925542663410617
"percentile_latbin_OLS","q60","Northern","occurrence5_k3_tropical_temperate_polar","Warmhouse","Hothouse",5,2,0.0978419122848434,7,0.833539195967217,0.925542663410617
"percentile_latbin_OLS","q60","Northern","occurrence10_k1_tropical_temperate","Coldhouse","Warmhouse",13,14,-0.74126334241322,7,2.53979714309527e-05,0.000253979714309527
"percentile_latbin_OLS","q60","Northern","occurrence10_k1_tropical_temperate","Coldhouse","Transitional",13,17,-0.614175686856047,25,0.000187272597902097,0.000936362989510484
"percentile_latbin_OLS","q60","Northern","occurrence10_k1_tropical_temperate","Coolhouse","Warmhouse",14,14,-0.243206096609096,34,0.00176324332530792,0.0058774777510264
"percentile_latbin_OLS","q60","Northern","occurrence10_k1_tropical_temperate","Coldhouse","Coolhouse",13,14,-0.498057245804124,37,0.00471375199387845,0.00942750398775691
"percentile_latbin_OLS","q60","Northern","occurrence10_k1_tropical_temperate","Coldhouse","Hothouse",13,11,-0.419101928914946,26,0.00456504018135382,0.00942750398775691
"percentile_latbin_OLS","q60","Northern","occurrence10_k1_tropical_temperate","Coolhouse","Transitional",14,17,-0.116118441051923,79,0.0584497538976995,0.0974162564961659
"percentile_latbin_OLS","q60","Northern","occurrence10_k1_tropical_temperate","Transitional","Warmhouse",17,14,-0.127087655557174,84,0.0854292924937208,0.122041846419601
"percentile_latbin_OLS","q60","Northern","occurrence10_k1_tropical_temperate","Coolhouse","Hothouse",14,11,0.078955316889178,65,0.2644892097911,0.330611512238875
"percentile_latbin_OLS","q60","Northern","occurrence10_k1_tropical_temperate","Transitional","Hothouse",17,11,0.195073757941101,112,0.814276774042062,0.904751971157846
"percentile_latbin_OLS","q60","Northern","occurrence10_k1_tropical_temperate","Warmhouse","Hothouse",14,11,0.322161413498274,117,0.986694195028105,0.986694195028105
"percentile_latbin_OLS","q60","Northern","occurrence10_k1_tropical_temperate_polar","Coldhouse","Warmhouse",5,10,-0.677853830943815,1,0.0020000715903473,0.020000715903473
"percentile_latbin_OLS","q60","Northern","occurrence10_k1_tropical_temperate_polar","Coldhouse","Transitional",5,8,-0.505072526549439,2,0.00520749732953164,0.0260374866476582
"percentile_latbin_OLS","q60","Northern","occurrence10_k1_tropical_temperate_polar","Coldhouse","Coolhouse",5,8,-0.498889553947427,4,0.0116351460049754,0.0387838200165846
"percentile_latbin_OLS","q60","Northern","occurrence10_k1_tropical_temperate_polar","Coldhouse","Hothouse",5,4,-0.453425243903019,1,0.0186682079603315,0.0466705199008286
"percentile_latbin_OLS","q60","Northern","occurrence10_k1_tropical_temperate_polar","Coolhouse","Warmhouse",8,10,-0.178964276996388,18,0.0280456819981465,0.0560913639962931
"percentile_latbin_OLS","q60","Northern","occurrence10_k1_tropical_temperate_polar","Transitional","Warmhouse",8,10,-0.172781304394376,28,0.153437355287375,0.255728925478959
"percentile_latbin_OLS","q60","Northern","occurrence10_k1_tropical_temperate_polar","Coolhouse","Transitional",8,8,-0.00618297260201209,28,0.356595630508036,0.499316668527044
"percentile_latbin_OLS","q60","Northern","occurrence10_k1_tropical_temperate_polar","Coolhouse","Hothouse",8,4,0.0454643100444082,14,0.399453334821635,0.499316668527044
"percentile_latbin_OLS","q60","Northern","occurrence10_k1_tropical_temperate_polar","Transitional","Hothouse",8,4,0.0516472826464202,20,0.777651884075146,0.864057648972384
"percentile_latbin_OLS","q60","Northern","occurrence10_k1_tropical_temperate_polar","Warmhouse","Hothouse",10,4,0.224428587040797,31,0.948061921468457,0.948061921468457
"percentile_latbin_OLS","q60","Northern","occurrence10_k2_tropical_temperate","Coldhouse","Transitional",7,12,-0.63584062412862,4,0.000763958110811169,0.0052787275166765
"percentile_latbin_OLS","q60","Northern","occurrence10_k2_tropical_temperate","Coldhouse","Warmhouse",7,10,-0.741130479152806,3,0.0010557455033353,0.0052787275166765
"percentile_latbin_OLS","q60","Northern","occurrence10_k2_tropical_temperate","Coldhouse","Hothouse",7,6,-0.480151523087354,3,0.00620966532577613,0.0206988844192538
"percentile_latbin_OLS","q60","Northern","occurrence10_k2_tropical_temperate","Coolhouse","Warmhouse",12,10,-0.26595807796541,24,0.00962121846985397,0.0240530461746349
"percentile_latbin_OLS","q60","Northern","occurrence10_k2_tropical_temperate","Coolhouse","Transitional",12,12,-0.160668222941223,36,0.0202020597941119,0.0404041195882237
"percentile_latbin_OLS","q60","Northern","occurrence10_k2_tropical_temperate","Coldhouse","Coolhouse",7,12,-0.475172401187397,23,0.0589633613705719,0.0982722689509532
"percentile_latbin_OLS","q60","Northern","occurrence10_k2_tropical_temperate","Coolhouse","Hothouse",12,6,-0.00497912189995731,25,0.162701590240056,0.23243084320008
"percentile_latbin_OLS","q60","Northern","occurrence10_k2_tropical_temperate","Transitional","Warmhouse",12,10,-0.105289855024186,51,0.287578288363828,0.359472860454785
"percentile_latbin_OLS","q60","Northern","occurrence10_k2_tropical_temperate","Transitional","Hothouse",12,6,0.155689101041266,47,0.859276325516524,0.859276325516524
"percentile_latbin_OLS","q60","Northern","occurrence10_k2_tropical_temperate","Warmhouse","Hothouse",10,6,0.260978956065453,39,0.848593479336092,0.859276325516524
"percentile_latbin_OLS","q60","Northern","occurrence10_k2_tropical_temperate_polar","Coldhouse","Coolhouse",4,4,-0.397429961745943,2,0.056175598845232,0.14043899711308
"percentile_latbin_OLS","q60","Northern","occurrence10_k2_tropical_temperate_polar","Coldhouse","Transitional",4,5,-0.305184474002978,2,0.0330962898610967,0.14043899711308
"percentile_latbin_OLS","q60","Northern","occurrence10_k2_tropical_temperate_polar","Coldhouse","Warmhouse",4,5,-0.483238821110776,1,0.0186682079603315,0.14043899711308
"percentile_latbin_OLS","q60","Northern","occurrence10_k2_tropical_temperate_polar","Coldhouse","Hothouse",4,3,-0.447041032470848,1,0.0558058841491461,0.14043899711308
"percentile_latbin_OLS","q60","Northern","occurrence10_k2_tropical_temperate_polar","Coolhouse","Warmhouse",4,5,-0.0858088593648333,9,0.45126162508884,0.625
"percentile_latbin_OLS","q60","Northern","occurrence10_k2_tropical_temperate_polar","Coolhouse","Hothouse",4,3,-0.0496110707249052,5,0.429841897599333,0.625
"percentile_latbin_OLS","q60","Northern","occurrence10_k2_tropical_temperate_polar","Transitional","Warmhouse",5,5,-0.178054347107798,10,0.338051657011573,0.625
"percentile_latbin_OLS","q60","Northern","occurrence10_k2_tropical_temperate_polar","Transitional","Hothouse",5,3,-0.14185655846787,7,0.5,0.625
"percentile_latbin_OLS","q60","Northern","occurrence10_k2_tropical_temperate_polar","Coolhouse","Transitional",4,5,0.0922454877429643,11,0.643348413060771,0.714831570067524
"percentile_latbin_OLS","q60","Northern","occurrence10_k2_tropical_temperate_polar","Warmhouse","Hothouse",5,3,0.0361977886399281,9,0.724507506207453,0.724507506207453
"percentile_latbin_OLS","q60","Northern","occurrence10_k3_tropical_temperate","Coldhouse","Transitional",5,7,-0.364335292223166,4,0.0173777921798081,0.0868889608990404
"percentile_latbin_OLS","q60","Northern","occurrence10_k3_tropical_temperate","Coldhouse","Warmhouse",5,6,-0.522932298301536,2,0.0112394366830626,0.0868889608990404
"percentile_latbin_OLS","q60","Northern","occurrence10_k3_tropical_temperate","Coldhouse","Hothouse",5,4,-0.112516101685874,3,0.0556734432665702,0.139183608166426
"percentile_latbin_OLS","q60","Northern","occurrence10_k3_tropical_temperate","Coolhouse","Warmhouse",6,6,-0.455971319601389,7,0.0463479012789063,0.139183608166426
"percentile_latbin_OLS","q60","Northern","occurrence10_k3_tropical_temperate","Coolhouse","Transitional",6,7,-0.297374313523019,12,0.11231931946189,0.22463863892378
"percentile_latbin_OLS","q60","Northern","occurrence10_k3_tropical_temperate","Transitional","Warmhouse",7,6,-0.15859700607837,15,0.216017446002504,0.36002907667084
"percentile_latbin_OLS","q60","Northern","occurrence10_k3_tropical_temperate","Coldhouse","Coolhouse",5,6,-0.0669609787001475,12,0.324038434069573,0.462912048670819
"percentile_latbin_OLS","q60","Northern","occurrence10_k3_tropical_temperate","Coolhouse","Hothouse",6,4,-0.0455551229857266,10,0.374559566500298,0.468199458125372
"percentile_latbin_OLS","q60","Northern","occurrence10_k3_tropical_temperate","Transitional","Hothouse",7,4,0.251819190537292,20,0.89034867516034,0.945090295592381
"percentile_latbin_OLS","q60","Northern","occurrence10_k3_tropical_temperate","Warmhouse","Hothouse",6,4,0.410416196615662,19,0.945090295592381,0.945090295592381
"percentile_latbin_OLS","q60","Northern","occurrence10_k3_tropical_temperate_polar","Coldhouse","Warmhouse",2,3,-0.483238821110776,0,0.0744573365893828,0.223372009768148
"percentile_latbin_OLS","q60","Northern","occurrence10_k3_tropical_temperate_polar","Transitional","Warmhouse",2,3,-0.370949231683341,1,0.193238115385616,0.289857173078424
"percentile_latbin_OLS","q60","Northern","occurrence10_k3_tropical_temperate_polar","Coldhouse","Transitional",2,2,-0.112289589427435,1,0.349267679151669,0.349267679151669
"percentile_latbin_OLS","q60","Northern","occurrence10_k3_tropical_temperate_polar","Coldhouse","Coolhouse",2,0,NA,NA,NA,NA
"percentile_latbin_OLS","q60","Northern","occurrence10_k3_tropical_temperate_polar","Coldhouse","Hothouse",2,1,-0.208968278889844,NA,NA,NA
"percentile_latbin_OLS","q60","Northern","occurrence10_k3_tropical_temperate_polar","Coolhouse","Transitional",0,2,NA,NA,NA,NA
"percentile_latbin_OLS","q60","Northern","occurrence10_k3_tropical_temperate_polar","Coolhouse","Warmhouse",0,3,NA,NA,NA,NA
"percentile_latbin_OLS","q60","Northern","occurrence10_k3_tropical_temperate_polar","Coolhouse","Hothouse",0,1,NA,NA,NA,NA
"percentile_latbin_OLS","q60","Northern","occurrence10_k3_tropical_temperate_polar","Transitional","Hothouse",2,1,-0.0966786894624092,NA,NA,NA
"percentile_latbin_OLS","q60","Northern","occurrence10_k3_tropical_temperate_polar","Warmhouse","Hothouse",3,1,0.274270542220932,NA,NA,NA
"percentile_latbin_OLS","q60","Northern","collection5_k1_tropical_temperate","Coldhouse","Warmhouse",13,14,-0.683534772646529,5,1.66975206733215e-05,0.000166975206733215
"percentile_latbin_OLS","q60","Northern","collection5_k1_tropical_temperate","Coldhouse","Transitional",13,16,-0.572779092486076,19,0.000105457878756742,0.000527289393783708
"percentile_latbin_OLS","q60","Northern","collection5_k1_tropical_temperate","Coolhouse","Warmhouse",14,14,-0.369772950376362,35,0.0020411579344898,0.00680385978163265
"percentile_latbin_OLS","q60","Northern","collection5_k1_tropical_temperate","Coldhouse","Hothouse",13,9,-0.482882557697491,19,0.00460251310447544,0.0115062827611886
"percentile_latbin_OLS","q60","Northern","collection5_k1_tropical_temperate","Coolhouse","Transitional",14,16,-0.259017270215909,57,0.0117380970854562,0.0234761941709124
"percentile_latbin_OLS","q60","Northern","collection5_k1_tropical_temperate","Coldhouse","Coolhouse",13,14,-0.313761822270167,51,0.0276327359355577,0.0460545598925961
"percentile_latbin_OLS","q60","Northern","collection5_k1_tropical_temperate","Transitional","Warmhouse",16,14,-0.110755680160453,82,0.110037029624009,0.157195756605727
"percentile_latbin_OLS","q60","Northern","collection5_k1_tropical_temperate","Coolhouse","Hothouse",14,9,-0.169120735427324,46,0.149308837224405,0.186636046530506
"percentile_latbin_OLS","q60","Northern","collection5_k1_tropical_temperate","Transitional","Hothouse",16,9,0.0898965347885847,91,0.865196947715896,0.961329941906551
"percentile_latbin_OLS","q60","Northern","collection5_k1_tropical_temperate","Warmhouse","Hothouse",14,9,0.200652214949038,94,0.976389547998211,0.976389547998211
"percentile_latbin_OLS","q60","Northern","collection5_k1_tropical_temperate_polar","Coldhouse","Warmhouse",6,9,-0.515052572566222,0,0.000894921639311727,0.00894921639311727
"percentile_latbin_OLS","q60","Northern","collection5_k1_tropical_temperate_polar","Coldhouse","Transitional",6,7,-0.278163431009898,2,0.00411048566034429,0.0205524283017215
"percentile_latbin_OLS","q60","Northern","collection5_k1_tropical_temperate_polar","Coldhouse","Hothouse",6,4,-0.513431044919846,0,0.00710701943454103,0.0236900647818034
"percentile_latbin_OLS","q60","Northern","collection5_k1_tropical_temperate_polar","Coldhouse","Coolhouse",6,10,-0.4124781433691,12,0.0288387219082096,0.0720968047705239
"percentile_latbin_OLS","q60","Northern","collection5_k1_tropical_temperate_polar","Coolhouse","Warmhouse",10,9,-0.102574429197122,28,0.0889547974934913,0.170006803017226
"percentile_latbin_OLS","q60","Northern","collection5_k1_tropical_temperate_polar","Transitional","Warmhouse",7,9,-0.236889141556324,19,0.102004081810336,0.170006803017226
"percentile_latbin_OLS","q60","Northern","collection5_k1_tropical_temperate_polar","Coolhouse","Hothouse",10,4,-0.100952901550745,13,0.178985336322164,0.255693337603092
"percentile_latbin_OLS","q60","Northern","collection5_k1_tropical_temperate_polar","Transitional","Hothouse",7,4,-0.235267613909948,10,0.254165786776073,0.317707233470091
"percentile_latbin_OLS","q60","Northern","collection5_k1_tropical_temperate_polar","Coolhouse","Transitional",10,7,0.134314712359202,31,0.366339130687853,0.407043478542059
"percentile_latbin_OLS","q60","Northern","collection5_k1_tropical_temperate_polar","Warmhouse","Hothouse",9,4,0.00162152764637642,21,0.705422767274971,0.705422767274971
"percentile_latbin_OLS","q60","Northern","collection5_k2_tropical_temperate","Coldhouse","Transitional",7,11,-0.58213131663806,5,0.00140083294746367,0.00700416473731834
"percentile_latbin_OLS","q60","Northern","collection5_k2_tropical_temperate","Coldhouse","Warmhouse",7,11,-0.560060146576062,3,0.00076263053036908,0.00700416473731834
"percentile_latbin_OLS","q60","Northern","collection5_k2_tropical_temperate","Coldhouse","Hothouse",7,6,-0.460451258062294,2,0.00411048566034429,0.0137016188678143
"percentile_latbin_OLS","q60","Northern","collection5_k2_tropical_temperate","Coolhouse","Transitional",11,11,-0.250483533955742,23,0.00755763467824674,0.0180817218207053
"percentile_latbin_OLS","q60","Northern","collection5_k2_tropical_temperate","Coolhouse","Warmhouse",11,11,-0.228412363893744,24,0.00904086091035267,0.0180817218207053
"percentile_latbin_OLS","q60","Northern","collection5_k2_tropical_temperate","Coolhouse","Hothouse",11,6,-0.128803475379975,18,0.0725161267893411,0.120860211315568
"percentile_latbin_OLS","q60","Northern","collection5_k2_tropical_temperate","Coldhouse","Coolhouse",7,11,-0.331647782682318,29,0.207507494862883,0.296439278375546
"percentile_latbin_OLS","q60","Northern","collection5_k2_tropical_temperate","Transitional","Warmhouse",11,11,0.0220711700619979,52,0.299680348214518,0.374600435268148
"percentile_latbin_OLS","q60","Northern","collection5_k2_tropical_temperate","Transitional","Hothouse",11,6,0.121680058575766,43,0.854353576191094,0.876117181257638
"percentile_latbin_OLS","q60","Northern","collection5_k2_tropical_temperate","Warmhouse","Hothouse",11,6,0.0996088885137682,44,0.876117181257638,0.876117181257638
"percentile_latbin_OLS","q60","Northern","collection5_k2_tropical_temperate_polar","Coldhouse","Warmhouse",3,8,-0.326109007102001,0,0.00945177150556067,0.0945177150556067
"percentile_latbin_OLS","q60","Northern","collection5_k2_tropical_temperate_polar","Coldhouse","Coolhouse",3,6,-0.276834023351317,2,0.0466449780918023,0.186143341473457
"percentile_latbin_OLS","q60","Northern","collection5_k2_tropical_temperate_polar","Coldhouse","Hothouse",3,2,-0.294274421900675,0,0.0744573365893828,0.186143341473457
"percentile_latbin_OLS","q60","Northern","collection5_k2_tropical_temperate_polar","Transitional","Warmhouse",3,8,-0.19308004973103,4,0.06289321231947,0.186143341473457
"percentile_latbin_OLS","q60","Northern","collection5_k2_tropical_temperate_polar","Coldhouse","Transitional",3,3,-0.133028957370971,2,0.191366544442613,0.322063525642694
"percentile_latbin_OLS","q60","Northern","collection5_k2_tropical_temperate_polar","Transitional","Hothouse",3,2,-0.161245464529704,1,0.193238115385616,0.322063525642694
"percentile_latbin_OLS","q60","Northern","collection5_k2_tropical_temperate_polar","Coolhouse","Warmhouse",6,8,-0.049274983750684,19,0.280637918067289,0.400911311524698
"percentile_latbin_OLS","q60","Northern","collection5_k2_tropical_temperate_polar","Coolhouse","Hothouse",6,2,-0.0174403985493578,6,0.566183832610904,0.70772979076363
"percentile_latbin_OLS","q60","Northern","collection5_k2_tropical_temperate_polar","Coolhouse","Transitional",6,3,0.143805065980346,12,0.81692171990297,0.81692171990297
"percentile_latbin_OLS","q60","Northern","collection5_k2_tropical_temperate_polar","Warmhouse","Hothouse",8,2,0.0318345852013261,10,0.743054554371143,0.81692171990297
"percentile_latbin_OLS","q60","Northern","collection5_k3_tropical_temperate","Coldhouse","Warmhouse",5,7,-0.477395813415831,1,0.00468305581653336,0.0468305581653336
"percentile_latbin_OLS","q60","Northern","collection5_k3_tropical_temperate","Coldhouse","Transitional",5,8,-0.516066056017803,4,0.0116351460049754,0.047898453936767
"percentile_latbin_OLS","q60","Northern","collection5_k3_tropical_temperate","Coolhouse","Transitional",6,8,-0.433032302072799,7,0.0165799937294239,0.047898453936767
"percentile_latbin_OLS","q60","Northern","collection5_k3_tropical_temperate","Coolhouse","Warmhouse",6,7,-0.394362059470826,6,0.0191593815747068,0.047898453936767
"percentile_latbin_OLS","q60","Northern","collection5_k3_tropical_temperate","Coldhouse","Hothouse",5,4,-0.324147472367506,2,0.0330962898610967,0.0661925797221935
"percentile_latbin_OLS","q60","Northern","collection5_k3_tropical_temperate","Coolhouse","Hothouse",6,4,-0.241113718422501,7,0.168677825888181,0.281129709813635
"percentile_latbin_OLS","q60","Northern","collection5_k3_tropical_temperate","Coldhouse","Coolhouse",5,6,-0.0830337539450044,13,0.39209561470081,0.538866684000477
"percentile_latbin_OLS","q60","Northern","collection5_k3_tropical_temperate","Transitional","Warmhouse",8,7,0.0386702426019723,26,0.431093347200381,0.538866684000477
"percentile_latbin_OLS","q60","Northern","collection5_k3_tropical_temperate","Transitional","Hothouse",8,4,0.191918583650298,22,0.865196947715896,0.921812139120178
"percentile_latbin_OLS","q60","Northern","collection5_k3_tropical_temperate","Warmhouse","Hothouse",7,4,0.153248341048325,21,0.921812139120178,0.921812139120178
"percentile_latbin_OLS","q60","Northern","collection5_k3_tropical_temperate_polar","Coldhouse","Warmhouse",2,5,-0.449307541669031,0,0.0406805646170377,0.0610208469255566
"percentile_latbin_OLS","q60","Northern","collection5_k3_tropical_temperate_polar","Transitional","Warmhouse",2,5,-0.318806648831687,0,0.0406805646170377,0.0610208469255566
"percentile_latbin_OLS","q60","Northern","collection5_k3_tropical_temperate_polar","Coldhouse","Transitional",2,2,-0.130500892837344,1,0.349267679151669,0.349267679151669
"percentile_latbin_OLS","q60","Northern","collection5_k3_tropical_temperate_polar","Coldhouse","Coolhouse",2,1,-0.446446662094995,NA,NA,NA
"percentile_latbin_OLS","q60","Northern","collection5_k3_tropical_temperate_polar","Coldhouse","Hothouse",2,1,-0.263455293845486,NA,NA,NA
"percentile_latbin_OLS","q60","Northern","collection5_k3_tropical_temperate_polar","Coolhouse","Transitional",1,2,0.315945769257651,NA,NA,NA
"percentile_latbin_OLS","q60","Northern","collection5_k3_tropical_temperate_polar","Coolhouse","Warmhouse",1,5,-0.00286087957403634,NA,NA,NA
"percentile_latbin_OLS","q60","Northern","collection5_k3_tropical_temperate_polar","Coolhouse","Hothouse",1,1,0.182991368249508,NA,NA,NA
"percentile_latbin_OLS","q60","Northern","collection5_k3_tropical_temperate_polar","Transitional","Hothouse",2,1,-0.132954401008142,NA,NA,NA
"percentile_latbin_OLS","q60","Northern","collection5_k3_tropical_temperate_polar","Warmhouse","Hothouse",5,1,0.185852247823545,NA,NA,NA
"percentile_latbin_OLS","q60","Northern","collection10_k1_tropical_temperate","Coldhouse","Warmhouse",12,13,-0.684837304071803,12,0.000183508830019713,0.00183508830019713
"percentile_latbin_OLS","q60","Northern","collection10_k1_tropical_temperate","Coldhouse","Transitional",12,14,-0.576401964271691,22,0.000780175394556612,0.00390087697278306
"percentile_latbin_OLS","q60","Northern","collection10_k1_tropical_temperate","Coldhouse","Hothouse",12,8,-0.469958719379286,12,0.00308240169935398,0.0102746723311799
"percentile_latbin_OLS","q60","Northern","collection10_k1_tropical_temperate","Coolhouse","Warmhouse",13,13,-0.394604671339659,35,0.00598851267611793,0.0149712816902948
"percentile_latbin_OLS","q60","Northern","collection10_k1_tropical_temperate","Coolhouse","Transitional",13,14,-0.286169331539547,52,0.0308631211675705,0.061726242335141
"percentile_latbin_OLS","q60","Northern","collection10_k1_tropical_temperate","Coolhouse","Hothouse",13,8,-0.179726086647142,36,0.130820581608281,0.218034302680468
"percentile_latbin_OLS","q60","Northern","collection10_k1_tropical_temperate","Coldhouse","Coolhouse",12,13,-0.290232632732145,60,0.170580313335287,0.243686161907553
"percentile_latbin_OLS","q60","Northern","collection10_k1_tropical_temperate","Transitional","Warmhouse",14,13,-0.108435339800112,77,0.256200674902243,0.320250843627803
"percentile_latbin_OLS","q60","Northern","collection10_k1_tropical_temperate","Transitional","Hothouse",14,8,0.106443244892405,61,0.646314035218893,0.71812670579877
"percentile_latbin_OLS","q60","Northern","collection10_k1_tropical_temperate","Warmhouse","Hothouse",13,8,0.214878584692517,70,0.909841987000021,0.909841987000021
"percentile_latbin_OLS","q60","Northern","collection10_k1_tropical_temperate_polar","Coldhouse","Warmhouse",5,8,-0.731237161214668,0,0.00215517924976753,0.0215517924976753
"percentile_latbin_OLS","q60","Northern","collection10_k1_tropical_temperate_polar","Coldhouse","Transitional",5,3,-0.35070027955875,0,0.0184442128535249,0.0614807095117498
"percentile_latbin_OLS","q60","Northern","collection10_k1_tropical_temperate_polar","Coldhouse","Hothouse",5,3,-0.561719698212901,0,0.0184442128535249,0.0614807095117498
"percentile_latbin_OLS","q60","Northern","collection10_k1_tropical_temperate_polar","Coldhouse","Coolhouse",5,6,-0.507698098633855,5,0.0414187125794032,0.103546781448508
"percentile_latbin_OLS","q60","Northern","collection10_k1_tropical_temperate_polar","Coolhouse","Warmhouse",6,8,-0.223539062580813,12,0.0688191275540914,0.137638255108183
"percentile_latbin_OLS","q60","Northern","collection10_k1_tropical_temperate_polar","Transitional","Warmhouse",3,8,-0.380536881655918,5,0.0922862764199414,0.153810460699902
"percentile_latbin_OLS","q60","Northern","collection10_k1_tropical_temperate_polar","Transitional","Hothouse",3,3,-0.21101941865415,2,0.191366544442613,0.273380777775161
"percentile_latbin_OLS","q60","Northern","collection10_k1_tropical_temperate_polar","Coolhouse","Hothouse",6,3,-0.0540215995790458,8,0.448639480630042,0.560799350787552
"percentile_latbin_OLS","q60","Northern","collection10_k1_tropical_temperate_polar","Coolhouse","Transitional",6,3,0.156997819075104,12,0.81692171990297,0.907690799892189
"percentile_latbin_OLS","q60","Northern","collection10_k1_tropical_temperate_polar","Warmhouse","Hothouse",8,3,0.169517463001767,18,0.907713723580059,0.907713723580059
"percentile_latbin_OLS","q60","Northern","collection10_k2_tropical_temperate","Coldhouse","Transitional",5,9,-0.73083130796755,3,0.00564917275556064,0.0427955992619754
"percentile_latbin_OLS","q60","Northern","collection10_k2_tropical_temperate","Coolhouse","Transitional",9,9,-0.897235867695666,13,0.00855911985239508,0.0427955992619754
"percentile_latbin_OLS","q60","Northern","collection10_k2_tropical_temperate","Coldhouse","Warmhouse",5,8,-0.432522135241626,5,0.0168944196918348,0.056314732306116
"percentile_latbin_OLS","q60","Northern","collection10_k2_tropical_temperate","Coolhouse","Warmhouse",9,8,-0.598926694969742,18,0.0460967981828697,0.115241995457174
"percentile_latbin_OLS","q60","Northern","collection10_k2_tropical_temperate","Coldhouse","Hothouse",5,3,-0.408860940183069,2,0.0680185640570718,0.136037128114144
"percentile_latbin_OLS","q60","Northern","collection10_k2_tropical_temperate","Coolhouse","Hothouse",9,3,-0.575265499911186,7,0.133628746577194,0.222714577628657
"percentile_latbin_OLS","q60","Northern","collection10_k2_tropical_temperate","Coldhouse","Coolhouse",5,9,0.166404559728117,24,0.605137089535975,0.756421361919969
"percentile_latbin_OLS","q60","Northern","collection10_k2_tropical_temperate","Warmhouse","Hothouse",8,3,0.0236611950585566,12,0.540646297285856,0.756421361919969
"percentile_latbin_OLS","q60","Northern","collection10_k2_tropical_temperate","Transitional","Warmhouse",9,8,0.298309172725924,46,0.843839289161892,0.902219170800198
"percentile_latbin_OLS","q60","Northern","collection10_k2_tropical_temperate","Transitional","Hothouse",9,3,0.32197036778448,20,0.902219170800198,0.902219170800198
"percentile_latbin_OLS","q60","Northern","collection10_k2_tropical_temperate_polar","Coldhouse","Warmhouse",3,5,-0.408415422948033,0,0.0184442128535249,0.0553326385605748
"percentile_latbin_OLS","q60","Northern","collection10_k2_tropical_temperate_polar","Coolhouse","Warmhouse",2,5,-0.398538132841042,2,0.166460804032783,0.249691206049174
"percentile_latbin_OLS","q60","Northern","collection10_k2_tropical_temperate_polar","Coldhouse","Coolhouse",3,2,-0.00987729010699034,3,0.613585003657776,0.613585003657776
"percentile_latbin_OLS","q60","Northern","collection10_k2_tropical_temperate_polar","Coldhouse","Transitional",3,1,-0.0903087810663714,NA,NA,NA
"percentile_latbin_OLS","q60","Northern","collection10_k2_tropical_temperate_polar","Coldhouse","Hothouse",3,1,-0.112252135730502,NA,NA,NA
"percentile_latbin_OLS","q60","Northern","collection10_k2_tropical_temperate_polar","Coolhouse","Transitional",2,1,-0.0804314909593811,NA,NA,NA
"percentile_latbin_OLS","q60","Northern","collection10_k2_tropical_temperate_polar","Coolhouse","Hothouse",2,1,-0.102374845623512,NA,NA,NA
"percentile_latbin_OLS","q60","Northern","collection10_k2_tropical_temperate_polar","Transitional","Warmhouse",1,5,-0.318106641881661,NA,NA,NA
"percentile_latbin_OLS","q60","Northern","collection10_k2_tropical_temperate_polar","Transitional","Hothouse",1,1,-0.0219433546641309,NA,NA,NA
"percentile_latbin_OLS","q60","Northern","collection10_k2_tropical_temperate_polar","Warmhouse","Hothouse",5,1,0.29616328721753,NA,NA,NA
"percentile_latbin_OLS","q60","Northern","collection10_k3_tropical_temperate","Coldhouse","Transitional",2,6,-0.753933155799183,0,0.0333765075848173,0.186143341473457
"percentile_latbin_OLS","q60","Northern","collection10_k3_tropical_temperate","Coldhouse","Warmhouse",2,3,-0.394064029637825,0,0.0744573365893828,0.186143341473457
"percentile_latbin_OLS","q60","Northern","collection10_k3_tropical_temperate","Coldhouse","Hothouse",2,3,-0.394509546872862,0,0.0744573365893828,0.186143341473457
"percentile_latbin_OLS","q60","Northern","collection10_k3_tropical_temperate","Coolhouse","Transitional",3,6,-0.934689108837508,2,0.0466449780918023,0.186143341473457
"percentile_latbin_OLS","q60","Northern","collection10_k3_tropical_temperate","Coolhouse","Warmhouse",3,3,-0.574819982676149,3,0.331260291770029,0.552100486283381
"percentile_latbin_OLS","q60","Northern","collection10_k3_tropical_temperate","Coolhouse","Hothouse",3,3,-0.575265499911186,3,0.331260291770029,0.552100486283381
"percentile_latbin_OLS","q60","Northern","collection10_k3_tropical_temperate","Warmhouse","Hothouse",3,3,-0.000445517235036802,4,0.5,0.714285714285714
"percentile_latbin_OLS","q60","Northern","collection10_k3_tropical_temperate","Coldhouse","Coolhouse",2,3,0.180755953038324,4,0.806761884614384,0.877360941596614
"percentile_latbin_OLS","q60","Northern","collection10_k3_tropical_temperate","Transitional","Warmhouse",6,3,0.359869126161358,13,0.877360941596614,0.877360941596614
"percentile_latbin_OLS","q60","Northern","collection10_k3_tropical_temperate","Transitional","Hothouse",6,3,0.359423608926322,13,0.877360941596614,0.877360941596614
"percentile_latbin_OLS","q60","Northern","collection10_k3_tropical_temperate_polar","Coldhouse","Coolhouse",1,0,NA,NA,NA,NA
"percentile_latbin_OLS","q60","Northern","collection10_k3_tropical_temperate_polar","Coldhouse","Transitional",1,0,NA,NA,NA,NA
"percentile_latbin_OLS","q60","Northern","collection10_k3_tropical_temperate_polar","Coldhouse","Warmhouse",1,3,-0.379712636327617,NA,NA,NA
"percentile_latbin_OLS","q60","Northern","collection10_k3_tropical_temperate_polar","Coldhouse","Hothouse",1,0,NA,NA,NA,NA
"percentile_latbin_OLS","q60","Northern","collection10_k3_tropical_temperate_polar","Coolhouse","Transitional",0,0,NA,NA,NA,NA
"percentile_latbin_OLS","q60","Northern","collection10_k3_tropical_temperate_polar","Coolhouse","Warmhouse",0,3,NA,NA,NA,NA
"percentile_latbin_OLS","q60","Northern","collection10_k3_tropical_temperate_polar","Coolhouse","Hothouse",0,0,NA,NA,NA,NA
"percentile_latbin_OLS","q60","Northern","collection10_k3_tropical_temperate_polar","Transitional","Warmhouse",0,3,NA,NA,NA,NA
"percentile_latbin_OLS","q60","Northern","collection10_k3_tropical_temperate_polar","Transitional","Hothouse",0,0,NA,NA,NA,NA
"percentile_latbin_OLS","q60","Northern","collection10_k3_tropical_temperate_polar","Warmhouse","Hothouse",3,0,NA,NA,NA,NA
"percentile_latbin_OLS","q60","Southern","occurrence5_k1_tropical_temperate","Coldhouse","Hothouse",11,14,-0.352662252176974,39,0.0200395195334188,0.130300620746091
"percentile_latbin_OLS","q60","Southern","occurrence5_k1_tropical_temperate","Transitional","Hothouse",15,14,-0.232748414454025,60,0.0260601241492182,0.130300620746091
"percentile_latbin_OLS","q60","Southern","occurrence5_k1_tropical_temperate","Coldhouse","Coolhouse",11,17,-0.212366857773838,58,0.049839348571088,0.166131161903627
"percentile_latbin_OLS","q60","Southern","occurrence5_k1_tropical_temperate","Coldhouse","Warmhouse",11,12,-0.274317999232953,43,0.0830599852247938,0.207649963061984
"percentile_latbin_OLS","q60","Southern","occurrence5_k1_tropical_temperate","Coldhouse","Transitional",11,15,-0.119913837722949,58,0.106455951405752,0.212911902811505
"percentile_latbin_OLS","q60","Southern","occurrence5_k1_tropical_temperate","Coolhouse","Hothouse",17,14,-0.140295394403136,95,0.175458026770837,0.219322533463546
"percentile_latbin_OLS","q60","Southern","occurrence5_k1_tropical_temperate","Transitional","Warmhouse",15,12,-0.154404161510004,70,0.170674656977379,0.219322533463546
"percentile_latbin_OLS","q60","Southern","occurrence5_k1_tropical_temperate","Warmhouse","Hothouse",12,14,-0.0783442529440209,65,0.170665840250346,0.219322533463546
"percentile_latbin_OLS","q60","Southern","occurrence5_k1_tropical_temperate","Coolhouse","Warmhouse",17,12,-0.0619511414591148,94,0.369904767619535,0.411005297355038
"percentile_latbin_OLS","q60","Southern","occurrence5_k1_tropical_temperate","Coolhouse","Transitional",17,15,0.0924530200508896,136,0.633020793310903,0.633020793310903
"percentile_latbin_OLS","q60","Southern","occurrence5_k1_tropical_temperate_polar","Coolhouse","Hothouse",9,10,-0.270919472863198,15,0.00800549540525859,0.0643702020527702
"percentile_latbin_OLS","q60","Southern","occurrence5_k1_tropical_temperate_polar","Transitional","Hothouse",10,10,-0.23410707272614,20,0.012874040410554,0.0643702020527702
"percentile_latbin_OLS","q60","Southern","occurrence5_k1_tropical_temperate_polar","Coolhouse","Warmhouse",9,8,-0.192575219919177,21,0.0814682499223287,0.210558722999642
"percentile_latbin_OLS","q60","Southern","occurrence5_k1_tropical_temperate_polar","Warmhouse","Hothouse",8,10,-0.0783442529440209,24,0.0842234891998567,0.210558722999642
"percentile_latbin_OLS","q60","Southern","occurrence5_k1_tropical_temperate_polar","Coldhouse","Hothouse",4,10,-0.207729992529367,12,0.144422183173242,0.240703638622071
"percentile_latbin_OLS","q60","Southern","occurrence5_k1_tropical_temperate_polar","Transitional","Warmhouse",10,8,-0.155762819782119,27,0.133358623357958,0.240703638622071
"percentile_latbin_OLS","q60","Southern","occurrence5_k1_tropical_temperate_polar","Coldhouse","Warmhouse",4,8,-0.129385739585346,14,0.399453334821635,0.56407703136105
"percentile_latbin_OLS","q60","Southern","occurrence5_k1_tropical_temperate_polar","Coolhouse","Transitional",9,10,-0.0368124001370585,43,0.45126162508884,0.56407703136105
"percentile_latbin_OLS","q60","Southern","occurrence5_k1_tropical_temperate_polar","Coldhouse","Transitional",4,10,0.0263770801967727,20,0.528185988898508,0.586873320998343
"percentile_latbin_OLS","q60","Southern","occurrence5_k1_tropical_temperate_polar","Coldhouse","Coolhouse",4,9,0.0631894803338312,19,0.591519339142304,0.591519339142304
"percentile_latbin_OLS","q60","Southern","occurrence5_k2_tropical_temperate","Coldhouse","Coolhouse",8,12,-0.205459514675755,24,0.0349109474989976,0.128823966818549
"percentile_latbin_OLS","q60","Southern","occurrence5_k2_tropical_temperate","Coldhouse","Hothouse",8,11,-0.331950449873866,17,0.0143287751916451,0.128823966818549
"percentile_latbin_OLS","q60","Southern","occurrence5_k2_tropical_temperate","Transitional","Hothouse",7,11,-0.263051798977528,19,0.0426465592759705,0.128823966818549
"percentile_latbin_OLS","q60","Southern","occurrence5_k2_tropical_temperate","Warmhouse","Hothouse",7,11,-0.326766146793813,20,0.0515295867274198,0.128823966818549
"percentile_latbin_OLS","q60","Southern","occurrence5_k2_tropical_temperate","Coldhouse","Transitional",8,7,-0.0688986508963379,21,0.225956729139537,0.376594548565894
"percentile_latbin_OLS","q60","Southern","occurrence5_k2_tropical_temperate","Coolhouse","Hothouse",12,11,-0.126490935198112,53,0.2208511438953,0.376594548565894
"percentile_latbin_OLS","q60","Southern","occurrence5_k2_tropical_temperate","Coldhouse","Warmhouse",8,7,-0.00518430308005285,25,0.38616872064639,0.551669600923415
"percentile_latbin_OLS","q60","Southern","occurrence5_k2_tropical_temperate","Transitional","Warmhouse",7,7,0.0637143478162851,27,0.649260945566693,0.811576181958366
"percentile_latbin_OLS","q60","Southern","occurrence5_k2_tropical_temperate","Coolhouse","Transitional",12,7,0.136560863779417,54,0.854617023842448,0.889801597534578
"percentile_latbin_OLS","q60","Southern","occurrence5_k2_tropical_temperate","Coolhouse","Warmhouse",12,7,0.200275211595702,56,0.889801597534578,0.889801597534578
"percentile_latbin_OLS","q60","Southern","occurrence5_k2_tropical_temperate_polar","Coolhouse","Hothouse",6,6,-0.192113466077298,6,0.0327760805827513,0.196656483496508
"percentile_latbin_OLS","q60","Southern","occurrence5_k2_tropical_temperate_polar","Transitional","Hothouse",3,6,-0.221971763442385,3,0.077790173896099,0.233370521688297
"percentile_latbin_OLS","q60","Southern","occurrence5_k2_tropical_temperate_polar","Coolhouse","Warmhouse",6,4,-0.0474775949041143,11,0.457553017210253,0.549063620652303
"percentile_latbin_OLS","q60","Southern","occurrence5_k2_tropical_temperate_polar","Transitional","Warmhouse",3,4,-0.0773358922692012,5,0.429841897599333,0.549063620652303
"percentile_latbin_OLS","q60","Southern","occurrence5_k2_tropical_temperate_polar","Warmhouse","Hothouse",4,6,-0.144635871173184,10,0.374559566500298,0.549063620652303
"percentile_latbin_OLS","q60","Southern","occurrence5_k2_tropical_temperate_polar","Coolhouse","Transitional",6,3,0.0298582973650869,10,0.650732320848331,0.650732320848331
"percentile_latbin_OLS","q60","Southern","occurrence5_k2_tropical_temperate_polar","Coldhouse","Coolhouse",1,6,0.0355900329673285,NA,NA,NA
"percentile_latbin_OLS","q60","Southern","occurrence5_k2_tropical_temperate_polar","Coldhouse","Transitional",1,3,0.0654483303324154,NA,NA,NA
"percentile_latbin_OLS","q60","Southern","occurrence5_k2_tropical_temperate_polar","Coldhouse","Warmhouse",1,4,-0.0118875619367858,NA,NA,NA
"percentile_latbin_OLS","q60","Southern","occurrence5_k2_tropical_temperate_polar","Coldhouse","Hothouse",1,6,-0.15652343310997,NA,NA,NA
"percentile_latbin_OLS","q60","Southern","occurrence5_k3_tropical_temperate","Coldhouse","Hothouse",2,6,-0.307249557329686,2,0.121672504574381,0.304181261435953
"percentile_latbin_OLS","q60","Southern","occurrence5_k3_tropical_temperate","Coolhouse","Hothouse",7,6,-0.289504349642896,12,0.11231931946189,0.304181261435953
"percentile_latbin_OLS","q60","Southern","occurrence5_k3_tropical_temperate","Transitional","Hothouse",5,6,-0.254050607777952,8,0.117666633254793,0.304181261435953
"percentile_latbin_OLS","q60","Southern","occurrence5_k3_tropical_temperate","Warmhouse","Hothouse",4,6,-0.310498070520148,6,0.120477334350785,0.304181261435953
"percentile_latbin_OLS","q60","Southern","occurrence5_k3_tropical_temperate","Coldhouse","Coolhouse",2,7,-0.0177452076867903,5,0.330274602600837,0.660549205201673
"percentile_latbin_OLS","q60","Southern","occurrence5_k3_tropical_temperate","Coldhouse","Transitional",2,5,-0.0531989495517345,4,0.423225298438295,0.705375497397159
"percentile_latbin_OLS","q60","Southern","occurrence5_k3_tropical_temperate","Coolhouse","Transitional",7,5,-0.0354537418649443,18,0.564504402601268,0.705630503251585
"percentile_latbin_OLS","q60","Southern","occurrence5_k3_tropical_temperate","Transitional","Warmhouse",5,4,0.0564474627421959,10,0.54873837491116,0.705630503251585
"percentile_latbin_OLS","q60","Southern","occurrence5_k3_tropical_temperate","Coldhouse","Warmhouse",2,4,0.00324851319046135,5,0.756273354817983,0.756273354817983
"percentile_latbin_OLS","q60","Southern","occurrence5_k3_tropical_temperate","Coolhouse","Warmhouse",7,4,0.0209937208772516,16,0.6816991837182,0.756273354817983
"percentile_latbin_OLS","q60","Southern","occurrence5_k3_tropical_temperate_polar","Coolhouse","Hothouse",4,2,-0.388658769022951,0,0.0525962525600207,0.245278116806773
"percentile_latbin_OLS","q60","Southern","occurrence5_k3_tropical_temperate_polar","Transitional","Hothouse",2,2,-0.369751404660651,0,0.122639058403386,0.245278116806773
"percentile_latbin_OLS","q60","Southern","occurrence5_k3_tropical_temperate_polar","Warmhouse","Hothouse",2,2,-0.31654062332068,0,0.122639058403386,0.245278116806773
"percentile_latbin_OLS","q60","Southern","occurrence5_k3_tropical_temperate_polar","Coolhouse","Transitional",4,2,-0.0189073643622993,3,0.408480660857696,0.490176793029235
"percentile_latbin_OLS","q60","Southern","occurrence5_k3_tropical_temperate_polar","Coolhouse","Warmhouse",4,2,-0.072118145702271,3,0.408480660857696,0.490176793029235
"percentile_latbin_OLS","q60","Southern","occurrence5_k3_tropical_temperate_polar","Transitional","Warmhouse",2,2,-0.0532107813399718,2,0.650732320848331,0.650732320848331
"percentile_latbin_OLS","q60","Southern","occurrence5_k3_tropical_temperate_polar","Coldhouse","Coolhouse",0,4,NA,NA,NA,NA
"percentile_latbin_OLS","q60","Southern","occurrence5_k3_tropical_temperate_polar","Coldhouse","Transitional",0,2,NA,NA,NA,NA
"percentile_latbin_OLS","q60","Southern","occurrence5_k3_tropical_temperate_polar","Coldhouse","Warmhouse",0,2,NA,NA,NA,NA
"percentile_latbin_OLS","q60","Southern","occurrence5_k3_tropical_temperate_polar","Coldhouse","Hothouse",0,2,NA,NA,NA,NA
"percentile_latbin_OLS","q60","Southern","occurrence10_k1_tropical_temperate","Coldhouse","Hothouse",11,14,-0.473592668746359,35,0.0115458845613231,0.115458845613231
"percentile_latbin_OLS","q60","Southern","occurrence10_k1_tropical_temperate","Coldhouse","Warmhouse",11,11,-0.296800214226569,39,0.0839527378263175,0.209881844565794
"percentile_latbin_OLS","q60","Southern","occurrence10_k1_tropical_temperate","Transitional","Hothouse",13,14,-0.285198745385005,57,0.0520145870286316,0.209881844565794
"percentile_latbin_OLS","q60","Southern","occurrence10_k1_tropical_temperate","Warmhouse","Hothouse",11,14,-0.17679245451979,50,0.0734261936013668,0.209881844565794
"percentile_latbin_OLS","q60","Southern","occurrence10_k1_tropical_temperate","Coldhouse","Coolhouse",11,17,-0.138283351543573,71,0.150360525944821,0.236284159522069
"percentile_latbin_OLS","q60","Southern","occurrence10_k1_tropical_temperate","Coldhouse","Transitional",11,13,-0.188393923361354,54,0.162331369580982,0.236284159522069
"percentile_latbin_OLS","q60","Southern","occurrence10_k1_tropical_temperate","Coolhouse","Hothouse",17,14,-0.335309317202786,94,0.165398911665448,0.236284159522069
"percentile_latbin_OLS","q60","Southern","occurrence10_k1_tropical_temperate","Coolhouse","Warmhouse",17,11,-0.158516862682996,82,0.302423063084695,0.378028828855869
"percentile_latbin_OLS","q60","Southern","occurrence10_k1_tropical_temperate","Transitional","Warmhouse",13,11,-0.108406290865215,64,0.342534497485908,0.380593886095453
"percentile_latbin_OLS","q60","Southern","occurrence10_k1_tropical_temperate","Coolhouse","Transitional",17,13,-0.0501105718177809,114,0.566475093706867,0.566475093706867
"percentile_latbin_OLS","q60","Southern","occurrence10_k1_tropical_temperate_polar","Coolhouse","Hothouse",9,8,-0.385594322356562,14,0.0192806237987123,0.140492779796985
"percentile_latbin_OLS","q60","Southern","occurrence10_k1_tropical_temperate_polar","Transitional","Hothouse",7,8,-0.479413317267652,11,0.0280985559593969,0.140492779796985
"percentile_latbin_OLS","q60","Southern","occurrence10_k1_tropical_temperate_polar","Coolhouse","Warmhouse",9,8,-0.24060705794827,19,0.056175598845232,0.187251996150773
"percentile_latbin_OLS","q60","Southern","occurrence10_k1_tropical_temperate_polar","Warmhouse","Hothouse",8,8,-0.144987264408292,18,0.0781269790136817,0.195317447534204
"percentile_latbin_OLS","q60","Southern","occurrence10_k1_tropical_temperate_polar","Transitional","Warmhouse",7,8,-0.33442605285936,17,0.112156563255577,0.224313126511154
"percentile_latbin_OLS","q60","Southern","occurrence10_k1_tropical_temperate_polar","Coldhouse","Hothouse",4,8,-0.283430273494252,10,0.175118792409497,0.291864654015828
"percentile_latbin_OLS","q60","Southern","occurrence10_k1_tropical_temperate_polar","Coldhouse","Warmhouse",4,8,-0.13844300908596,14,0.399453334821635,0.570647621173764
"percentile_latbin_OLS","q60","Southern","occurrence10_k1_tropical_temperate_polar","Coolhouse","Transitional",9,7,0.0938189949110901,32,0.542149803234339,0.677687254042923
"percentile_latbin_OLS","q60","Southern","occurrence10_k1_tropical_temperate_polar","Coldhouse","Transitional",4,7,0.1959830437734,17,0.745834213223927,0.828704681359919
"percentile_latbin_OLS","q60","Southern","occurrence10_k1_tropical_temperate_polar","Coldhouse","Coolhouse",4,9,0.10216404886231,24,0.842062760084755,0.842062760084755
"percentile_latbin_OLS","q60","Southern","occurrence10_k2_tropical_temperate","Coldhouse","Hothouse",5,8,-0.507334313873374,10,0.0821646397690332,0.273882132563444
"percentile_latbin_OLS","q60","Southern","occurrence10_k2_tropical_temperate","Transitional","Hothouse",7,8,-0.382906396312549,14,0.0591061443898281,0.273882132563444
"percentile_latbin_OLS","q60","Southern","occurrence10_k2_tropical_temperate","Warmhouse","Hothouse",7,8,-0.499551264317064,15,0.0740053470118909,0.273882132563444
"percentile_latbin_OLS","q60","Southern","occurrence10_k2_tropical_temperate","Coldhouse","Coolhouse",5,10,-0.0931496344901886,16,0.148930083774903,0.372325209437258
"percentile_latbin_OLS","q60","Southern","occurrence10_k2_tropical_temperate","Coldhouse","Transitional",5,7,-0.124427917560824,17,0.5,0.734867475560425
"percentile_latbin_OLS","q60","Southern","occurrence10_k2_tropical_temperate","Coldhouse","Warmhouse",5,7,-0.00778304955630993,18,0.564504402601268,0.734867475560425
"percentile_latbin_OLS","q60","Southern","occurrence10_k2_tropical_temperate","Coolhouse","Hothouse",10,8,-0.414184679383185,42,0.58789398044834,0.734867475560425
"percentile_latbin_OLS","q60","Southern","occurrence10_k2_tropical_temperate","Transitional","Warmhouse",7,7,0.116644868004514,25,0.550836606365381,0.734867475560425
"percentile_latbin_OLS","q60","Southern","occurrence10_k2_tropical_temperate","Coolhouse","Transitional",10,7,-0.0312782830706358,46,0.869129376904822,0.869129376904822
"percentile_latbin_OLS","q60","Southern","occurrence10_k2_tropical_temperate","Coolhouse","Warmhouse",10,7,0.0853665849338787,46,0.869129376904822,0.869129376904822
"percentile_latbin_OLS","q60","Southern","occurrence10_k2_tropical_temperate_polar","Coolhouse","Hothouse",6,2,-0.479297803215041,0,0.0333765075848173,0.148914673178766
"percentile_latbin_OLS","q60","Southern","occurrence10_k2_tropical_temperate_polar","Transitional","Hothouse",3,2,-0.382906396312549,0,0.0744573365893828,0.148914673178766
"percentile_latbin_OLS","q60","Southern","occurrence10_k2_tropical_temperate_polar","Warmhouse","Hothouse",4,2,-0.366342151036615,0,0.0525962525600207,0.148914673178766
"percentile_latbin_OLS","q60","Southern","occurrence10_k2_tropical_temperate_polar","Transitional","Warmhouse",3,4,-0.0165642452759348,4,0.297941545282589,0.446912317923883
"percentile_latbin_OLS","q60","Southern","occurrence10_k2_tropical_temperate_polar","Coolhouse","Warmhouse",6,4,-0.112955652178426,11,0.457553017210253,0.549063620652303
"percentile_latbin_OLS","q60","Southern","occurrence10_k2_tropical_temperate_polar","Coolhouse","Transitional",6,3,-0.0963914069024912,9,0.551360519369958,0.551360519369958
"percentile_latbin_OLS","q60","Southern","occurrence10_k2_tropical_temperate_polar","Coldhouse","Coolhouse",0,6,NA,NA,NA,NA
"percentile_latbin_OLS","q60","Southern","occurrence10_k2_tropical_temperate_polar","Coldhouse","Transitional",0,3,NA,NA,NA,NA
"percentile_latbin_OLS","q60","Southern","occurrence10_k2_tropical_temperate_polar","Coldhouse","Warmhouse",0,4,NA,NA,NA,NA
"percentile_latbin_OLS","q60","Southern","occurrence10_k2_tropical_temperate_polar","Coldhouse","Hothouse",0,2,NA,NA,NA,NA
"percentile_latbin_OLS","q60","Southern","occurrence10_k3_tropical_temperate","Transitional","Hothouse",5,4,-0.511666983281031,1,0.0186682079603315,0.0560046238809944
"percentile_latbin_OLS","q60","Southern","occurrence10_k3_tropical_temperate","Warmhouse","Hothouse",4,4,-0.622933029347723,0,0.0151914109882887,0.0560046238809944
"percentile_latbin_OLS","q60","Southern","occurrence10_k3_tropical_temperate","Coolhouse","Hothouse",6,4,-0.608058390183522,4,0.0549097044076186,0.109819408815237
"percentile_latbin_OLS","q60","Southern","occurrence10_k3_tropical_temperate","Coolhouse","Transitional",6,5,-0.0963914069024912,16,0.60790438529919,0.60790438529919
"percentile_latbin_OLS","q60","Southern","occurrence10_k3_tropical_temperate","Coolhouse","Warmhouse",6,4,0.0148746391642005,12,0.542446982789747,0.60790438529919
"percentile_latbin_OLS","q60","Southern","occurrence10_k3_tropical_temperate","Transitional","Warmhouse",5,4,0.111266046066692,10,0.54873837491116,0.60790438529919
"percentile_latbin_OLS","q60","Southern","occurrence10_k3_tropical_temperate","Coldhouse","Coolhouse",1,6,0.0282919082938583,NA,NA,NA
"percentile_latbin_OLS","q60","Southern","occurrence10_k3_tropical_temperate","Coldhouse","Transitional",1,5,-0.0680994986086328,NA,NA,NA
"percentile_latbin_OLS","q60","Southern","occurrence10_k3_tropical_temperate","Coldhouse","Warmhouse",1,4,0.0431665474580588,NA,NA,NA
"percentile_latbin_OLS","q60","Southern","occurrence10_k3_tropical_temperate","Coldhouse","Hothouse",1,4,-0.579766481889664,NA,NA,NA
"percentile_latbin_OLS","q60","Southern","occurrence10_k3_tropical_temperate_polar","Coolhouse","Hothouse",3,2,-0.454155300638153,0,0.0744573365893828,0.245278116806773
"percentile_latbin_OLS","q60","Southern","occurrence10_k3_tropical_temperate_polar","Transitional","Hothouse",2,2,-0.362083505802911,0,0.122639058403386,0.245278116806773
"percentile_latbin_OLS","q60","Southern","occurrence10_k3_tropical_temperate_polar","Warmhouse","Hothouse",2,2,-0.344807866226235,0,0.122639058403386,0.245278116806773
"percentile_latbin_OLS","q60","Southern","occurrence10_k3_tropical_temperate_polar","Coolhouse","Transitional",3,2,-0.092071794835242,1,0.193238115385616,0.289857173078424
"percentile_latbin_OLS","q60","Southern","occurrence10_k3_tropical_temperate_polar","Coolhouse","Warmhouse",3,2,-0.109347434411918,3,0.613585003657776,0.650732320848331
"percentile_latbin_OLS","q60","Southern","occurrence10_k3_tropical_temperate_polar","Transitional","Warmhouse",2,2,-0.0172756395766756,2,0.650732320848331,0.650732320848331
"percentile_latbin_OLS","q60","Southern","occurrence10_k3_tropical_temperate_polar","Coldhouse","Coolhouse",0,3,NA,NA,NA,NA
"percentile_latbin_OLS","q60","Southern","occurrence10_k3_tropical_temperate_polar","Coldhouse","Transitional",0,2,NA,NA,NA,NA
"percentile_latbin_OLS","q60","Southern","occurrence10_k3_tropical_temperate_polar","Coldhouse","Warmhouse",0,2,NA,NA,NA,NA
"percentile_latbin_OLS","q60","Southern","occurrence10_k3_tropical_temperate_polar","Coldhouse","Hothouse",0,2,NA,NA,NA,NA
"percentile_latbin_OLS","q60","Southern","collection5_k1_tropical_temperate","Coldhouse","Hothouse",11,13,-0.49410831461332,32,0.0119253644275242,0.0759555891707406
"percentile_latbin_OLS","q60","Southern","collection5_k1_tropical_temperate","Transitional","Hothouse",15,13,-0.357770636311947,50,0.0151911178341481,0.0759555891707406
"percentile_latbin_OLS","q60","Southern","collection5_k1_tropical_temperate","Coldhouse","Warmhouse",11,11,-0.244743969166588,37,0.065484051899106,0.154093824446162
"percentile_latbin_OLS","q60","Southern","collection5_k1_tropical_temperate","Coolhouse","Hothouse",16,13,-0.42146912842408,71,0.0770469122230811,0.154093824446162
"percentile_latbin_OLS","q60","Southern","collection5_k1_tropical_temperate","Warmhouse","Hothouse",11,13,-0.249364345446732,45,0.0659886494943202,0.154093824446162
"percentile_latbin_OLS","q60","Southern","collection5_k1_tropical_temperate","Coldhouse","Coolhouse",11,16,-0.0726391861892403,63,0.113334065999874,0.18889010999979
"percentile_latbin_OLS","q60","Southern","collection5_k1_tropical_temperate","Coldhouse","Transitional",11,15,-0.136337678301373,64,0.175100694589648,0.250143849413783
"percentile_latbin_OLS","q60","Southern","collection5_k1_tropical_temperate","Coolhouse","Warmhouse",16,11,-0.172104782977347,74,0.252649276541401,0.315593308802304
"percentile_latbin_OLS","q60","Southern","collection5_k1_tropical_temperate","Transitional","Warmhouse",15,11,-0.108406290865215,71,0.284033977922073,0.315593308802304
"percentile_latbin_OLS","q60","Southern","collection5_k1_tropical_temperate","Coolhouse","Transitional",16,15,-0.0636984921121325,111,0.368438449087896,0.368438449087896
"percentile_latbin_OLS","q60","Southern","collection5_k1_tropical_temperate_polar","Coolhouse","Hothouse",9,7,-0.441645921235611,6,0.00406911366678796,0.0372728977907625
"percentile_latbin_OLS","q60","Southern","collection5_k1_tropical_temperate_polar","Transitional","Hothouse",9,7,-0.400958999728532,8,0.0074545795581525,0.0372728977907625
"percentile_latbin_OLS","q60","Southern","collection5_k1_tropical_temperate_polar","Coolhouse","Warmhouse",9,7,-0.245879509965972,12,0.0221535789863241,0.073845263287747
"percentile_latbin_OLS","q60","Southern","collection5_k1_tropical_temperate_polar","Warmhouse","Hothouse",7,7,-0.19576641126964,12,0.0626005148051577,0.156501287012894
"percentile_latbin_OLS","q60","Southern","collection5_k1_tropical_temperate_polar","Coldhouse","Hothouse",4,7,-0.404403961141628,7,0.109651324839659,0.17448338844519
"percentile_latbin_OLS","q60","Southern","collection5_k1_tropical_temperate_polar","Coolhouse","Transitional",9,9,-0.040686921507079,26,0.108186504028819,0.17448338844519
"percentile_latbin_OLS","q60","Southern","collection5_k1_tropical_temperate_polar","Transitional","Warmhouse",9,7,-0.205192588458893,20,0.122138371911633,0.17448338844519
"percentile_latbin_OLS","q60","Southern","collection5_k1_tropical_temperate_polar","Coldhouse","Warmhouse",4,7,-0.208637549871988,11,0.3183008162818,0.397876020352251
"percentile_latbin_OLS","q60","Southern","collection5_k1_tropical_temperate_polar","Coldhouse","Transitional",4,9,-0.00344496141309555,18,0.530748557610764,0.589720619567516
"percentile_latbin_OLS","q60","Southern","collection5_k1_tropical_temperate_polar","Coldhouse","Coolhouse",4,9,0.0372419600939835,21,0.705422767274971,0.705422767274971
"percentile_latbin_OLS","q60","Southern","collection5_k2_tropical_temperate","Coldhouse","Hothouse",4,6,-0.897052019233743,2,0.0214128046154457,0.0896401481039972
"percentile_latbin_OLS","q60","Southern","collection5_k2_tropical_temperate","Transitional","Hothouse",7,6,-0.600633085229419,4,0.00920808028815198,0.0896401481039972
"percentile_latbin_OLS","q60","Southern","collection5_k2_tropical_temperate","Warmhouse","Hothouse",7,6,-0.626701315020101,7,0.0268920444311991,0.0896401481039972
"percentile_latbin_OLS","q60","Southern","collection5_k2_tropical_temperate","Coldhouse","Coolhouse",4,10,-0.431495730140408,7,0.0385499358717709,0.0963748396794273
"percentile_latbin_OLS","q60","Southern","collection5_k2_tropical_temperate","Coldhouse","Warmhouse",4,7,-0.270350704213642,7,0.109651324839659,0.219302649679319
"percentile_latbin_OLS","q60","Southern","collection5_k2_tropical_temperate","Coolhouse","Hothouse",10,6,-0.465556289093334,21,0.17827616888363,0.297126948139384
"percentile_latbin_OLS","q60","Southern","collection5_k2_tropical_temperate","Coldhouse","Transitional",4,7,-0.296418934004324,10,0.254165786776073,0.363093981108675
"percentile_latbin_OLS","q60","Southern","collection5_k2_tropical_temperate","Transitional","Warmhouse",7,7,0.026068229790682,22,0.399148923664263,0.498936154580329
"percentile_latbin_OLS","q60","Southern","collection5_k2_tropical_temperate","Coolhouse","Transitional",10,7,0.135076796136085,48,0.906158613733302,0.906158613733302
"percentile_latbin_OLS","q60","Southern","collection5_k2_tropical_temperate","Coolhouse","Warmhouse",10,7,0.161145025926767,46,0.869129376904822,0.906158613733302
"percentile_latbin_OLS","q60","Southern","collection5_k2_tropical_temperate_polar","Coolhouse","Hothouse",6,3,-0.425436624911913,0,0.0140929010739537,0.0845574064437222
"percentile_latbin_OLS","q60","Southern","collection5_k2_tropical_temperate_polar","Transitional","Hothouse",3,3,-0.400958999728532,0,0.0404277991850261,0.121283397555078
"percentile_latbin_OLS","q60","Southern","collection5_k2_tropical_temperate_polar","Coolhouse","Warmhouse",6,3,-0.328215802797083,5,0.18307828009703,0.28704981666392
"percentile_latbin_OLS","q60","Southern","collection5_k2_tropical_temperate_polar","Warmhouse","Hothouse",3,3,-0.0972208221148304,2,0.191366544442613,0.28704981666392
"percentile_latbin_OLS","q60","Southern","collection5_k2_tropical_temperate_polar","Coolhouse","Transitional",6,3,-0.0244776251833812,7,0.349267679151669,0.349267679151669
"percentile_latbin_OLS","q60","Southern","collection5_k2_tropical_temperate_polar","Transitional","Warmhouse",3,3,-0.303738177613702,3,0.331260291770029,0.349267679151669
"percentile_latbin_OLS","q60","Southern","collection5_k2_tropical_temperate_polar","Coldhouse","Coolhouse",1,6,0.110737017241978,NA,NA,NA
"percentile_latbin_OLS","q60","Southern","collection5_k2_tropical_temperate_polar","Coldhouse","Transitional",1,3,0.0862593920585967,NA,NA,NA
"percentile_latbin_OLS","q60","Southern","collection5_k2_tropical_temperate_polar","Coldhouse","Warmhouse",1,3,-0.217478785555105,NA,NA,NA
"percentile_latbin_OLS","q60","Southern","collection5_k2_tropical_temperate_polar","Coldhouse","Hothouse",1,3,-0.314699607669935,NA,NA,NA
"percentile_latbin_OLS","q60","Southern","collection5_k3_tropical_temperate","Coolhouse","Hothouse",5,4,-0.574572703234918,0,0.00998222665260803,0.0455742329648662
"percentile_latbin_OLS","q60","Southern","collection5_k3_tropical_temperate","Transitional","Hothouse",4,4,-0.590909552396602,0,0.0151914109882887,0.0455742329648662
"percentile_latbin_OLS","q60","Southern","collection5_k3_tropical_temperate","Warmhouse","Hothouse",4,4,-0.550259704067896,1,0.030300984856003,0.0606019697120061
"percentile_latbin_OLS","q60","Southern","collection5_k3_tropical_temperate","Transitional","Warmhouse",4,4,-0.0406498483287059,6,0.332502771051015,0.498754156576522
"percentile_latbin_OLS","q60","Southern","collection5_k3_tropical_temperate","Coolhouse","Transitional",5,4,0.0163368491616837,10,0.54873837491116,0.54873837491116
"percentile_latbin_OLS","q60","Southern","collection5_k3_tropical_temperate","Coolhouse","Warmhouse",5,4,-0.0243129991670222,10,0.54873837491116,0.54873837491116
"percentile_latbin_OLS","q60","Southern","collection5_k3_tropical_temperate","Coldhouse","Coolhouse",0,5,NA,NA,NA,NA
"percentile_latbin_OLS","q60","Southern","collection5_k3_tropical_temperate","Coldhouse","Transitional",0,4,NA,NA,NA,NA
"percentile_latbin_OLS","q60","Southern","collection5_k3_tropical_temperate","Coldhouse","Warmhouse",0,4,NA,NA,NA,NA
"percentile_latbin_OLS","q60","Southern","collection5_k3_tropical_temperate","Coldhouse","Hothouse",0,4,NA,NA,NA,NA
"percentile_latbin_OLS","q60","Southern","collection5_k3_tropical_temperate_polar","Coolhouse","Hothouse",3,2,-0.574572703234918,0,0.0744573365893828,0.0744573365893828
"percentile_latbin_OLS","q60","Southern","collection5_k3_tropical_temperate_polar","Coldhouse","Coolhouse",0,3,NA,NA,NA,NA
"percentile_latbin_OLS","q60","Southern","collection5_k3_tropical_temperate_polar","Coldhouse","Transitional",0,1,NA,NA,NA,NA
"percentile_latbin_OLS","q60","Southern","collection5_k3_tropical_temperate_polar","Coldhouse","Warmhouse",0,1,NA,NA,NA,NA
"percentile_latbin_OLS","q60","Southern","collection5_k3_tropical_temperate_polar","Coldhouse","Hothouse",0,2,NA,NA,NA,NA
"percentile_latbin_OLS","q60","Southern","collection5_k3_tropical_temperate_polar","Coolhouse","Transitional",3,1,-0.180769319016627,NA,NA,NA
"percentile_latbin_OLS","q60","Southern","collection5_k3_tropical_temperate_polar","Coolhouse","Warmhouse",3,1,-0.33743039749252,NA,NA,NA
"percentile_latbin_OLS","q60","Southern","collection5_k3_tropical_temperate_polar","Transitional","Warmhouse",1,1,-0.156661078475893,NA,NA,NA
"percentile_latbin_OLS","q60","Southern","collection5_k3_tropical_temperate_polar","Transitional","Hothouse",1,2,-0.393803384218292,NA,NA,NA
"percentile_latbin_OLS","q60","Southern","collection5_k3_tropical_temperate_polar","Warmhouse","Hothouse",1,2,-0.237142305742398,NA,NA,NA
"percentile_latbin_OLS","q60","Southern","collection10_k1_tropical_temperate","Coolhouse","Hothouse",15,10,-1.02937041104944,23,0.00214031058496072,0.0214031058496072
"percentile_latbin_OLS","q60","Southern","collection10_k1_tropical_temperate","Coldhouse","Hothouse",5,10,-1.00222183042714,7,0.0160443669891157,0.0605140498049794
"percentile_latbin_OLS","q60","Southern","collection10_k1_tropical_temperate","Coolhouse","Warmhouse",15,7,-0.480107914046697,24,0.0242056199219918,0.0605140498049794
"percentile_latbin_OLS","q60","Southern","collection10_k1_tropical_temperate","Transitional","Hothouse",9,10,-0.681810973426281,20,0.0227276474245292,0.0605140498049794
"percentile_latbin_OLS","q60","Southern","collection10_k1_tropical_temperate","Coldhouse","Warmhouse",5,7,-0.452959333424395,6,0.0370176239274483,0.0616960398790806
"percentile_latbin_OLS","q60","Southern","collection10_k1_tropical_temperate","Warmhouse","Hothouse",7,10,-0.549262497002745,16,0.0355048722706501,0.0616960398790806
"percentile_latbin_OLS","q60","Southern","collection10_k1_tropical_temperate","Coolhouse","Transitional",15,9,-0.347559437623162,48,0.128619492590513,0.183742132272162
"percentile_latbin_OLS","q60","Southern","collection10_k1_tropical_temperate","Coldhouse","Transitional",5,9,-0.320410857000859,15,0.17532394485223,0.219154931065287
"percentile_latbin_OLS","q60","Southern","collection10_k1_tropical_temperate","Transitional","Warmhouse",9,7,-0.132548476423536,28,0.3754117594495,0.417124177166112
"percentile_latbin_OLS","q60","Southern","collection10_k1_tropical_temperate","Coldhouse","Coolhouse",5,15,0.0271485806223024,36,0.465221631502374,0.465221631502374
"percentile_latbin_OLS","q60","Southern","collection10_k1_tropical_temperate_polar","Coolhouse","Hothouse",7,3,-1.12259352248092,0,0.0113272470400447,0.0863832120298495
"percentile_latbin_OLS","q60","Southern","collection10_k1_tropical_temperate_polar","Transitional","Hothouse",5,3,-0.979027859576678,0,0.0184442128535249,0.0863832120298495
"percentile_latbin_OLS","q60","Southern","collection10_k1_tropical_temperate_polar","Warmhouse","Hothouse",4,3,-0.696498982795883,0,0.0259149636089548,0.0863832120298495
"percentile_latbin_OLS","q60","Southern","collection10_k1_tropical_temperate_polar","Coolhouse","Warmhouse",7,4,-0.426094539685038,5,0.0540986237618508,0.135246559404627
"percentile_latbin_OLS","q60","Southern","collection10_k1_tropical_temperate_polar","Coldhouse","Hothouse",2,3,-0.722039327315079,0,0.0744573365893828,0.148914673178766
"percentile_latbin_OLS","q60","Southern","collection10_k1_tropical_temperate_polar","Transitional","Warmhouse",5,4,-0.282528876780796,6,0.19563363964132,0.326056066068866
"percentile_latbin_OLS","q60","Southern","collection10_k1_tropical_temperate_polar","Coolhouse","Transitional",7,5,-0.143565662904242,16,0.435495597398732,0.622136567712474
"percentile_latbin_OLS","q60","Southern","collection10_k1_tropical_temperate_polar","Coldhouse","Warmhouse",2,4,-0.0255403445191967,4,0.591519339142304,0.73939917392788
"percentile_latbin_OLS","q60","Southern","collection10_k1_tropical_temperate_polar","Coldhouse","Transitional",2,5,0.256988532261599,7,0.833539195967217,0.926154662185797
"percentile_latbin_OLS","q60","Southern","collection10_k1_tropical_temperate_polar","Coldhouse","Coolhouse",2,7,0.400554195165841,13,0.971480062875472,0.971480062875472
"percentile_latbin_OLS","q60","Southern","collection10_k2_tropical_temperate","Coolhouse","Hothouse",8,3,-0.931317026102209,1,0.0160443669891156,0.0481331009673469
"percentile_latbin_OLS","q60","Southern","collection10_k2_tropical_temperate","Warmhouse","Hothouse",7,3,-0.642485608434223,0,0.0113272470400447,0.0481331009673469
"percentile_latbin_OLS","q60","Southern","collection10_k2_tropical_temperate","Transitional","Hothouse",6,3,-0.877030972217219,1,0.0264037557080568,0.0528075114161136
"percentile_latbin_OLS","q60","Southern","collection10_k2_tropical_temperate","Coolhouse","Warmhouse",8,7,-0.288831417667985,17,0.112156563255577,0.168234844883365
"percentile_latbin_OLS","q60","Southern","collection10_k2_tropical_temperate","Transitional","Warmhouse",6,7,-0.234545363782995,16,0.260158400253683,0.31219008030442
"percentile_latbin_OLS","q60","Southern","collection10_k2_tropical_temperate","Coolhouse","Transitional",8,6,-0.05428605388499,23,0.474266258425322,0.474266258425322
"percentile_latbin_OLS","q60","Southern","collection10_k2_tropical_temperate","Coldhouse","Coolhouse",1,8,0.104486866152021,NA,NA,NA
"percentile_latbin_OLS","q60","Southern","collection10_k2_tropical_temperate","Coldhouse","Transitional",1,6,0.0502008122670309,NA,NA,NA
"percentile_latbin_OLS","q60","Southern","collection10_k2_tropical_temperate","Coldhouse","Warmhouse",1,7,-0.184344551515964,NA,NA,NA
"percentile_latbin_OLS","q60","Southern","collection10_k2_tropical_temperate","Coldhouse","Hothouse",1,3,-0.826830159950188,NA,NA,NA
"percentile_latbin_OLS","q60","Southern","collection10_k2_tropical_temperate_polar","Coolhouse","Hothouse",3,2,-0.674462714716998,0,0.0744573365893828,0.223372009768148
"percentile_latbin_OLS","q60","Southern","collection10_k2_tropical_temperate_polar","Warmhouse","Hothouse",3,2,-0.2824000503053,0,0.0744573365893828,0.223372009768148
"percentile_latbin_OLS","q60","Southern","collection10_k2_tropical_temperate_polar","Transitional","Hothouse",2,2,-0.775617536953082,0,0.122639058403386,0.245278116806773
"percentile_latbin_OLS","q60","Southern","collection10_k2_tropical_temperate_polar","Coolhouse","Warmhouse",3,3,-0.392062664411698,2,0.191366544442613,0.28704981666392
"percentile_latbin_OLS","q60","Southern","collection10_k2_tropical_temperate_polar","Transitional","Warmhouse",2,3,-0.493217486647782,2,0.386414996342224,0.463697995610668
"percentile_latbin_OLS","q60","Southern","collection10_k2_tropical_temperate_polar","Coolhouse","Transitional",3,2,0.101154822236084,3,0.613585003657776,0.613585003657776
"percentile_latbin_OLS","q60","Southern","collection10_k2_tropical_temperate_polar","Coldhouse","Coolhouse",0,3,NA,NA,NA,NA
"percentile_latbin_OLS","q60","Southern","collection10_k2_tropical_temperate_polar","Coldhouse","Transitional",0,2,NA,NA,NA,NA
"percentile_latbin_OLS","q60","Southern","collection10_k2_tropical_temperate_polar","Coldhouse","Warmhouse",0,3,NA,NA,NA,NA
"percentile_latbin_OLS","q60","Southern","collection10_k2_tropical_temperate_polar","Coldhouse","Hothouse",0,2,NA,NA,NA,NA
"percentile_latbin_OLS","q60","Southern","collection10_k3_tropical_temperate","Warmhouse","Hothouse",4,2,-0.413689964733747,0,0.0525962525600207,0.0525962525600207
"percentile_latbin_OLS","q60","Southern","collection10_k3_tropical_temperate","Coldhouse","Coolhouse",0,1,NA,NA,NA,NA
"percentile_latbin_OLS","q60","Southern","collection10_k3_tropical_temperate","Coldhouse","Transitional",0,1,NA,NA,NA,NA
"percentile_latbin_OLS","q60","Southern","collection10_k3_tropical_temperate","Coldhouse","Warmhouse",0,4,NA,NA,NA,NA
"percentile_latbin_OLS","q60","Southern","collection10_k3_tropical_temperate","Coldhouse","Hothouse",0,2,NA,NA,NA,NA
"percentile_latbin_OLS","q60","Southern","collection10_k3_tropical_temperate","Coolhouse","Transitional",1,1,1.37302605605967,NA,NA,NA
"percentile_latbin_OLS","q60","Southern","collection10_k3_tropical_temperate","Coolhouse","Warmhouse",1,4,-0.0159023969199925,NA,NA,NA
"percentile_latbin_OLS","q60","Southern","collection10_k3_tropical_temperate","Coolhouse","Hothouse",1,2,-0.42959236165374,NA,NA,NA
"percentile_latbin_OLS","q60","Southern","collection10_k3_tropical_temperate","Transitional","Warmhouse",1,4,-1.38892845297967,NA,NA,NA
"percentile_latbin_OLS","q60","Southern","collection10_k3_tropical_temperate","Transitional","Hothouse",1,2,-1.80261841771341,NA,NA,NA
"percentile_latbin_OLS","q60","Southern","collection10_k3_tropical_temperate_polar","Coldhouse","Coolhouse",0,0,NA,NA,NA,NA
"percentile_latbin_OLS","q60","Southern","collection10_k3_tropical_temperate_polar","Coldhouse","Transitional",0,0,NA,NA,NA,NA
"percentile_latbin_OLS","q60","Southern","collection10_k3_tropical_temperate_polar","Coldhouse","Warmhouse",0,0,NA,NA,NA,NA
"percentile_latbin_OLS","q60","Southern","collection10_k3_tropical_temperate_polar","Coldhouse","Hothouse",0,2,NA,NA,NA,NA
"percentile_latbin_OLS","q60","Southern","collection10_k3_tropical_temperate_polar","Coolhouse","Transitional",0,0,NA,NA,NA,NA
"percentile_latbin_OLS","q60","Southern","collection10_k3_tropical_temperate_polar","Coolhouse","Warmhouse",0,0,NA,NA,NA,NA
"percentile_latbin_OLS","q60","Southern","collection10_k3_tropical_temperate_polar","Coolhouse","Hothouse",0,2,NA,NA,NA,NA
"percentile_latbin_OLS","q60","Southern","collection10_k3_tropical_temperate_polar","Transitional","Warmhouse",0,0,NA,NA,NA,NA
"percentile_latbin_OLS","q60","Southern","collection10_k3_tropical_temperate_polar","Transitional","Hothouse",0,2,NA,NA,NA,NA
"percentile_latbin_OLS","q60","Southern","collection10_k3_tropical_temperate_polar","Warmhouse","Hothouse",0,2,NA,NA,NA,NA
"percentile_latbin_OLS","q75","Combined","occurrence5_k1_tropical_temperate","Coldhouse","Warmhouse",25,26,-0.486791786823305,97,9.0711397816594e-06,9.0711397816594e-05
"percentile_latbin_OLS","q75","Combined","occurrence5_k1_tropical_temperate","Coldhouse","Transitional",25,32,-0.336678544824073,184,0.000264521162937541,0.000881737209791803
"percentile_latbin_OLS","q75","Combined","occurrence5_k1_tropical_temperate","Coldhouse","Hothouse",25,25,-0.462435873654635,128,0.000178405868529554,0.000881737209791803
"percentile_latbin_OLS","q75","Combined","occurrence5_k1_tropical_temperate","Coolhouse","Warmhouse",32,26,-0.22989971171887,230,0.00186387162018648,0.0046596790504662
"percentile_latbin_OLS","q75","Combined","occurrence5_k1_tropical_temperate","Coldhouse","Coolhouse",25,32,-0.256892075104435,249,0.00775398060115556,0.0155079612023111
"percentile_latbin_OLS","q75","Combined","occurrence5_k1_tropical_temperate","Coolhouse","Hothouse",32,25,-0.2055437985502,276,0.0235117506101085,0.0391862510168474
"percentile_latbin_OLS","q75","Combined","occurrence5_k1_tropical_temperate","Transitional","Warmhouse",32,26,-0.150113241999232,314,0.0562596040673042,0.0803708629532917
"percentile_latbin_OLS","q75","Combined","occurrence5_k1_tropical_temperate","Coolhouse","Transitional",32,32,-0.0797864697196384,405,0.076359673494908,0.095449591868635
"percentile_latbin_OLS","q75","Combined","occurrence5_k1_tropical_temperate","Transitional","Hothouse",32,25,-0.125757328830562,359,0.257423724854649,0.28602636094961
"percentile_latbin_OLS","q75","Combined","occurrence5_k1_tropical_temperate","Warmhouse","Hothouse",26,25,0.0243559131686701,354,0.710841846260608,0.710841846260608
"percentile_latbin_OLS","q75","Combined","occurrence5_k1_tropical_temperate_polar","Coolhouse","Warmhouse",20,18,-0.202364095645707,69,0.000617875924612785,0.00341390324249774
"percentile_latbin_OLS","q75","Combined","occurrence5_k1_tropical_temperate_polar","Coolhouse","Hothouse",20,14,-0.306410757648874,48,0.000682780648499548,0.00341390324249774
"percentile_latbin_OLS","q75","Combined","occurrence5_k1_tropical_temperate_polar","Coldhouse","Warmhouse",10,18,-0.48972200063941,32,0.00291748493116431,0.00809235420907617
"percentile_latbin_OLS","q75","Combined","occurrence5_k1_tropical_temperate_polar","Coldhouse","Hothouse",10,14,-0.593768662642577,23,0.00323694168363047,0.00809235420907617
"percentile_latbin_OLS","q75","Combined","occurrence5_k1_tropical_temperate_polar","Transitional","Hothouse",18,14,-0.268773153901332,71,0.0192128876002846,0.0384257752005693
"percentile_latbin_OLS","q75","Combined","occurrence5_k1_tropical_temperate_polar","Coldhouse","Transitional",10,18,-0.324995508741245,48,0.0233079899523194,0.0388466499205324
"percentile_latbin_OLS","q75","Combined","occurrence5_k1_tropical_temperate_polar","Transitional","Warmhouse",18,18,-0.164726491898165,109,0.0483540630442025,0.0690772329202893
"percentile_latbin_OLS","q75","Combined","occurrence5_k1_tropical_temperate_polar","Coolhouse","Transitional",20,18,-0.0376376037475423,135,0.0966344653348473,0.120793081668559
"percentile_latbin_OLS","q75","Combined","occurrence5_k1_tropical_temperate_polar","Coldhouse","Coolhouse",10,20,-0.287357904993703,72,0.113170396713075,0.12574488523675
"percentile_latbin_OLS","q75","Combined","occurrence5_k1_tropical_temperate_polar","Warmhouse","Hothouse",18,14,-0.104046662003167,98,0.148095012151056,0.148095012151056
"percentile_latbin_OLS","q75","Combined","occurrence5_k2_tropical_temperate","Coldhouse","Warmhouse",18,19,-0.637025641207703,46,7.74237786695744e-05,0.000387118893347872
"percentile_latbin_OLS","q75","Combined","occurrence5_k2_tropical_temperate","Coldhouse","Hothouse",18,18,-0.692611117325898,40,6.05003271761918e-05,0.000387118893347872
"percentile_latbin_OLS","q75","Combined","occurrence5_k2_tropical_temperate","Coldhouse","Transitional",18,21,-0.619203125841368,68,0.000343515526084672,0.00114505175361557
"percentile_latbin_OLS","q75","Combined","occurrence5_k2_tropical_temperate","Coldhouse","Coolhouse",18,24,-0.466924113441564,105,0.0024885255846174,0.0062213139615435
"percentile_latbin_OLS","q75","Combined","occurrence5_k2_tropical_temperate","Coolhouse","Hothouse",24,18,-0.225687003884334,132,0.0169074613173593,0.0338149226347185
"percentile_latbin_OLS","q75","Combined","occurrence5_k2_tropical_temperate","Coolhouse","Warmhouse",24,19,-0.170101527766139,159,0.0469453159079787,0.0782421931799645
"percentile_latbin_OLS","q75","Combined","occurrence5_k2_tropical_temperate","Coolhouse","Transitional",24,21,-0.152279012399803,202,0.130048055431355,0.185782936330507
"percentile_latbin_OLS","q75","Combined","occurrence5_k2_tropical_temperate","Transitional","Hothouse",21,18,-0.0734079914845306,154,0.165543335496763,0.206929169370953
"percentile_latbin_OLS","q75","Combined","occurrence5_k2_tropical_temperate","Transitional","Warmhouse",21,19,-0.0178225153663353,175,0.257841213155657,0.286490236839619
"percentile_latbin_OLS","q75","Combined","occurrence5_k2_tropical_temperate","Warmhouse","Hothouse",19,18,-0.0555854761181952,154,0.308050755631818,0.308050755631818
"percentile_latbin_OLS","q75","Combined","occurrence5_k2_tropical_temperate_polar","Coldhouse","Warmhouse",6,12,-0.434267528275639,8,0.00500315776345898,0.0366706490626844
"percentile_latbin_OLS","q75","Combined","occurrence5_k2_tropical_temperate_polar","Coldhouse","Hothouse",6,10,-0.541364866094818,7,0.00733412981253688,0.0366706490626844
"percentile_latbin_OLS","q75","Combined","occurrence5_k2_tropical_temperate_polar","Coolhouse","Hothouse",12,10,-0.239345147840072,26,0.0135899434002913,0.0452998113343045
"percentile_latbin_OLS","q75","Combined","occurrence5_k2_tropical_temperate_polar","Coolhouse","Warmhouse",12,12,-0.132247810020893,38,0.0265489786427917,0.0560913639962931
"percentile_latbin_OLS","q75","Combined","occurrence5_k2_tropical_temperate_polar","Transitional","Hothouse",8,10,-0.273449008127546,18,0.0280456819981465,0.0560913639962931
"percentile_latbin_OLS","q75","Combined","occurrence5_k2_tropical_temperate_polar","Coldhouse","Coolhouse",6,12,-0.302019718254746,16,0.0338993562144615,0.0564989270241024
"percentile_latbin_OLS","q75","Combined","occurrence5_k2_tropical_temperate_polar","Coldhouse","Transitional",6,8,-0.267915857967272,11,0.0532915847874438,0.076130835410634
"percentile_latbin_OLS","q75","Combined","occurrence5_k2_tropical_temperate_polar","Transitional","Warmhouse",8,12,-0.166351670308367,29,0.0767458578105445,0.0959323222631806
"percentile_latbin_OLS","q75","Combined","occurrence5_k2_tropical_temperate_polar","Warmhouse","Hothouse",12,10,-0.107097337819179,51,0.287578288363828,0.319531431515365
"percentile_latbin_OLS","q75","Combined","occurrence5_k2_tropical_temperate_polar","Coolhouse","Transitional",12,8,0.0341038602874737,51,0.606431744774442,0.606431744774442
"percentile_latbin_OLS","q75","Combined","occurrence5_k3_tropical_temperate","Coldhouse","Warmhouse",7,12,-0.298815762855846,8,0.00231820178645228,0.0231820178645228
"percentile_latbin_OLS","q75","Combined","occurrence5_k3_tropical_temperate","Coldhouse","Hothouse",7,10,-0.350361498253241,10,0.00840230211954352,0.0321165561075999
"percentile_latbin_OLS","q75","Combined","occurrence5_k3_tropical_temperate","Coolhouse","Warmhouse",14,12,-0.238783581491727,38,0.00963496683227997,0.0321165561075999
"percentile_latbin_OLS","q75","Combined","occurrence5_k3_tropical_temperate","Coolhouse","Hothouse",14,10,-0.290329316889122,37,0.0285199371245278,0.0712998428113194
"percentile_latbin_OLS","q75","Combined","occurrence5_k3_tropical_temperate","Coldhouse","Transitional",7,14,-0.331422232221901,27,0.0543568876045296,0.0941017039800543
"percentile_latbin_OLS","q75","Combined","occurrence5_k3_tropical_temperate","Coolhouse","Transitional",14,14,-0.271390050857781,63,0.0564610223880326,0.0941017039800543
"percentile_latbin_OLS","q75","Combined","occurrence5_k3_tropical_temperate","Transitional","Warmhouse",14,12,0.0326064693660547,66,0.184032753152742,0.262903933075346
"percentile_latbin_OLS","q75","Combined","occurrence5_k3_tropical_temperate","Coldhouse","Coolhouse",7,14,-0.0600321813641192,38,0.216710965478037,0.270888706847546
"percentile_latbin_OLS","q75","Combined","occurrence5_k3_tropical_temperate","Transitional","Hothouse",14,10,-0.0189392660313404,61,0.309344568716381,0.343716187462646
"percentile_latbin_OLS","q75","Combined","occurrence5_k3_tropical_temperate","Warmhouse","Hothouse",12,10,-0.0515457353973951,58,0.460606027292368,0.460606027292368
"percentile_latbin_OLS","q75","Combined","occurrence5_k3_tropical_temperate_polar","Coldhouse","Warmhouse",2,7,-0.485779389976623,0,0.0285199371245278,0.142599685622639
"percentile_latbin_OLS","q75","Combined","occurrence5_k3_tropical_temperate_polar","Coolhouse","Warmhouse",7,7,-0.268035788270848,7,0.0149210322089771,0.142599685622639
"percentile_latbin_OLS","q75","Combined","occurrence5_k3_tropical_temperate_polar","Coldhouse","Transitional",2,4,-0.212463842909999,1,0.123579986605954,0.176542838008505
"percentile_latbin_OLS","q75","Combined","occurrence5_k3_tropical_temperate_polar","Coldhouse","Hothouse",2,4,-0.601603782554682,1,0.123579986605954,0.176542838008505
"percentile_latbin_OLS","q75","Combined","occurrence5_k3_tropical_temperate_polar","Coolhouse","Hothouse",7,4,-0.383860180848907,7,0.109651324839659,0.176542838008505
"percentile_latbin_OLS","q75","Combined","occurrence5_k3_tropical_temperate_polar","Transitional","Warmhouse",4,7,-0.273315547066625,6,0.0781878608798223,0.176542838008505
"percentile_latbin_OLS","q75","Combined","occurrence5_k3_tropical_temperate_polar","Transitional","Hothouse",4,4,-0.389139939644683,3,0.0969654261412053,0.176542838008505
"percentile_latbin_OLS","q75","Combined","occurrence5_k3_tropical_temperate_polar","Coldhouse","Coolhouse",2,7,-0.217743601705775,3,0.152753543430627,0.190941929288284
"percentile_latbin_OLS","q75","Combined","occurrence5_k3_tropical_temperate_polar","Warmhouse","Hothouse",7,4,-0.115824392578059,9,0.197545792452075,0.21949532494675
"percentile_latbin_OLS","q75","Combined","occurrence5_k3_tropical_temperate_polar","Coolhouse","Transitional",7,4,0.00527975879577652,14,0.537640481256615,0.537640481256615
"percentile_latbin_OLS","q75","Combined","occurrence10_k1_tropical_temperate","Coldhouse","Warmhouse",24,25,-0.562341440097294,81,6.2123268269015e-06,6.2123268269015e-05
"percentile_latbin_OLS","q75","Combined","occurrence10_k1_tropical_temperate","Coldhouse","Hothouse",24,25,-0.572542432025228,116,0.000121275234285358,0.00060637617142679
"percentile_latbin_OLS","q75","Combined","occurrence10_k1_tropical_temperate","Coldhouse","Transitional",24,30,-0.433258684205253,171,0.000516531991767564,0.00172177330589188
"percentile_latbin_OLS","q75","Combined","occurrence10_k1_tropical_temperate","Coldhouse","Coolhouse",24,31,-0.33362400949427,212,0.00339582373171126,0.00848955932927814
"percentile_latbin_OLS","q75","Combined","occurrence10_k1_tropical_temperate","Coolhouse","Warmhouse",31,25,-0.228717430603025,230,0.00483195125838313,0.00966390251676627
"percentile_latbin_OLS","q75","Combined","occurrence10_k1_tropical_temperate","Coolhouse","Hothouse",31,25,-0.238918422530959,275,0.0324495991724607,0.0540826652874345
"percentile_latbin_OLS","q75","Combined","occurrence10_k1_tropical_temperate","Transitional","Warmhouse",30,25,-0.129082755892042,285,0.0651619166029824,0.0930884522899748
"percentile_latbin_OLS","q75","Combined","occurrence10_k1_tropical_temperate","Coolhouse","Transitional",31,30,-0.0996346747109834,387,0.131776238641486,0.164720298301858
"percentile_latbin_OLS","q75","Combined","occurrence10_k1_tropical_temperate","Transitional","Hothouse",30,25,-0.139283747819975,314,0.153239837548619,0.170266486165132
"percentile_latbin_OLS","q75","Combined","occurrence10_k1_tropical_temperate","Warmhouse","Hothouse",25,25,-0.0102009919279339,328,0.621888938996197,0.621888938996197
"percentile_latbin_OLS","q75","Combined","occurrence10_k1_tropical_temperate_polar","Coolhouse","Warmhouse",17,18,-0.214427169806981,62,0.00140890165199955,0.0140890165199955
"percentile_latbin_OLS","q75","Combined","occurrence10_k1_tropical_temperate_polar","Coldhouse","Warmhouse",9,18,-0.334856956871039,34,0.00838522806319097,0.0419261403159548
"percentile_latbin_OLS","q75","Combined","occurrence10_k1_tropical_temperate_polar","Coldhouse","Hothouse",9,12,-0.398362522677851,24,0.0180200948075734,0.0450502370189334
"percentile_latbin_OLS","q75","Combined","occurrence10_k1_tropical_temperate_polar","Coolhouse","Hothouse",17,12,-0.277932735613793,52,0.0141934780938942,0.0450502370189334
"percentile_latbin_OLS","q75","Combined","occurrence10_k1_tropical_temperate_polar","Transitional","Warmhouse",15,18,-0.238628231815589,82,0.0288387219082096,0.0576774438164191
"percentile_latbin_OLS","q75","Combined","occurrence10_k1_tropical_temperate_polar","Transitional","Hothouse",15,12,-0.302133797622402,57,0.0563880748430267,0.0939801247383779
"percentile_latbin_OLS","q75","Combined","occurrence10_k1_tropical_temperate_polar","Coldhouse","Transitional",9,15,-0.0962287250554495,48,0.128619492590513,0.183742132272162
"percentile_latbin_OLS","q75","Combined","occurrence10_k1_tropical_temperate_polar","Coldhouse","Coolhouse",9,17,-0.120429787064058,57,0.152908355026461,0.191135443783076
"percentile_latbin_OLS","q75","Combined","occurrence10_k1_tropical_temperate_polar","Coolhouse","Transitional",17,15,0.0242010620086088,112,0.285546952436498,0.317274391596109
"percentile_latbin_OLS","q75","Combined","occurrence10_k1_tropical_temperate_polar","Warmhouse","Hothouse",18,12,-0.0635055658068124,100,0.37543199929773,0.37543199929773
"percentile_latbin_OLS","q75","Combined","occurrence10_k2_tropical_temperate","Coldhouse","Warmhouse",12,17,-0.342353613469776,35,0.00161649905996886,0.0161649905996886
"percentile_latbin_OLS","q75","Combined","occurrence10_k2_tropical_temperate","Coldhouse","Hothouse",12,14,-0.378933749366405,31,0.00346375898861325,0.0173187949430663
"percentile_latbin_OLS","q75","Combined","occurrence10_k2_tropical_temperate","Coldhouse","Transitional",12,19,-0.352998085558743,52,0.00631288142134301,0.0210429380711434
"percentile_latbin_OLS","q75","Combined","occurrence10_k2_tropical_temperate","Coldhouse","Coolhouse",12,22,-0.192000708928846,75,0.020869220421314,0.0521730510532849
"percentile_latbin_OLS","q75","Combined","occurrence10_k2_tropical_temperate","Coolhouse","Hothouse",22,14,-0.186933040437559,108,0.0699083469430151,0.13981669388603
"percentile_latbin_OLS","q75","Combined","occurrence10_k2_tropical_temperate","Coolhouse","Transitional",22,19,-0.160997376629896,165,0.127710794888948,0.182443992698498
"percentile_latbin_OLS","q75","Combined","occurrence10_k2_tropical_temperate","Coolhouse","Warmhouse",22,17,-0.15035290454093,145,0.119924268558577,0.182443992698498
"percentile_latbin_OLS","q75","Combined","occurrence10_k2_tropical_temperate","Transitional","Hothouse",19,14,-0.0259356638076627,106,0.167200672674049,0.209000840842562
"percentile_latbin_OLS","q75","Combined","occurrence10_k2_tropical_temperate","Warmhouse","Hothouse",17,14,-0.0365801358966288,107,0.324021200075846,0.360023555639829
"percentile_latbin_OLS","q75","Combined","occurrence10_k2_tropical_temperate","Transitional","Warmhouse",19,17,0.0106444720889661,155,0.424605500370049,0.424605500370049
"percentile_latbin_OLS","q75","Combined","occurrence10_k2_tropical_temperate_polar","Coldhouse","Warmhouse",4,9,-0.453218986227608,2,0.00838522806319097,0.0838522806319097
"percentile_latbin_OLS","q75","Combined","occurrence10_k2_tropical_temperate_polar","Coldhouse","Coolhouse",4,10,-0.313172633614425,7,0.0385499358717709,0.12578642463894
"percentile_latbin_OLS","q75","Combined","occurrence10_k2_tropical_temperate_polar","Coldhouse","Hothouse",4,5,-0.539685052387843,2,0.0330962898610967,0.12578642463894
"percentile_latbin_OLS","q75","Combined","occurrence10_k2_tropical_temperate_polar","Coolhouse","Hothouse",10,5,-0.226512418773417,12,0.06289321231947,0.12578642463894
"percentile_latbin_OLS","q75","Combined","occurrence10_k2_tropical_temperate_polar","Transitional","Hothouse",8,5,-0.228994664553315,9,0.0621414370312762,0.12578642463894
"percentile_latbin_OLS","q75","Combined","occurrence10_k2_tropical_temperate_polar","Coldhouse","Transitional",4,8,-0.310690387834528,8,0.101365085323261,0.168941808872102
"percentile_latbin_OLS","q75","Combined","occurrence10_k2_tropical_temperate_polar","Coolhouse","Warmhouse",10,9,-0.140046352613183,31,0.13517207032739,0.193102957610557
"percentile_latbin_OLS","q75","Combined","occurrence10_k2_tropical_temperate_polar","Transitional","Warmhouse",8,9,-0.14252859839308,28,0.235243211029395,0.261381345588216
"percentile_latbin_OLS","q75","Combined","occurrence10_k2_tropical_temperate_polar","Warmhouse","Hothouse",9,5,-0.0864660661602346,16,0.211855398583397,0.261381345588216
"percentile_latbin_OLS","q75","Combined","occurrence10_k2_tropical_temperate_polar","Coolhouse","Transitional",10,8,0.00248224577989742,41,0.553013433804891,0.553013433804891
"percentile_latbin_OLS","q75","Combined","occurrence10_k3_tropical_temperate","Coldhouse","Warmhouse",6,10,-0.396075629032655,5,0.00393731952383336,0.0393731952383336
"percentile_latbin_OLS","q75","Combined","occurrence10_k3_tropical_temperate","Coldhouse","Hothouse",6,8,-0.454169020378214,7,0.0165799937294239,0.0828999686471195
"percentile_latbin_OLS","q75","Combined","occurrence10_k3_tropical_temperate","Coldhouse","Transitional",6,12,-0.302765831107434,18,0.0506040088785947,0.126510022196487
"percentile_latbin_OLS","q75","Combined","occurrence10_k3_tropical_temperate","Coolhouse","Hothouse",12,8,-0.350276090525449,26,0.0485819797765018,0.126510022196487
"percentile_latbin_OLS","q75","Combined","occurrence10_k3_tropical_temperate","Coldhouse","Coolhouse",6,12,-0.103892929852765,21,0.0872240005123173,0.145373334187196
"percentile_latbin_OLS","q75","Combined","occurrence10_k3_tropical_temperate","Coolhouse","Warmhouse",12,10,-0.29218269917989,38,0.07814385583384,0.145373334187196
"percentile_latbin_OLS","q75","Combined","occurrence10_k3_tropical_temperate","Transitional","Hothouse",12,8,-0.15140318927078,32,0.115877362206669,0.16553908886667
"percentile_latbin_OLS","q75","Combined","occurrence10_k3_tropical_temperate","Coolhouse","Transitional",12,12,-0.198872901254668,56,0.185422166652111,0.231777708315138
"percentile_latbin_OLS","q75","Combined","occurrence10_k3_tropical_temperate","Transitional","Warmhouse",12,10,-0.0933097979252211,49,0.244358936592635,0.271509929547372
"percentile_latbin_OLS","q75","Combined","occurrence10_k3_tropical_temperate","Warmhouse","Hothouse",10,8,-0.0580933913455589,33,0.281787310130486,0.281787310130486
"percentile_latbin_OLS","q75","Combined","occurrence10_k3_tropical_temperate_polar","Coldhouse","Coolhouse",2,3,-0.220537577863813,1,0.193238115385616,0.322063525642694
"percentile_latbin_OLS","q75","Combined","occurrence10_k3_tropical_temperate_polar","Coldhouse","Warmhouse",2,5,-0.477744137230551,0,0.0406805646170377,0.322063525642694
"percentile_latbin_OLS","q75","Combined","occurrence10_k3_tropical_temperate_polar","Coldhouse","Hothouse",2,3,-0.733150653651733,1,0.193238115385616,0.322063525642694
"percentile_latbin_OLS","q75","Combined","occurrence10_k3_tropical_temperate_polar","Coolhouse","Warmhouse",3,5,-0.257206559366738,4,0.185546684761349,0.322063525642694
"percentile_latbin_OLS","q75","Combined","occurrence10_k3_tropical_temperate_polar","Transitional","Warmhouse",4,5,-0.283035989735109,5,0.13517207032739,0.322063525642694
"percentile_latbin_OLS","q75","Combined","occurrence10_k3_tropical_temperate_polar","Transitional","Hothouse",4,3,-0.538442506156292,2,0.10796246947007,0.322063525642694
"percentile_latbin_OLS","q75","Combined","occurrence10_k3_tropical_temperate_polar","Coldhouse","Transitional",2,4,-0.194708147495442,2,0.243726645182017,0.344365617240683
"percentile_latbin_OLS","q75","Combined","occurrence10_k3_tropical_temperate_polar","Warmhouse","Hothouse",5,3,-0.255406516421183,5,0.275492493792547,0.344365617240683
"percentile_latbin_OLS","q75","Combined","occurrence10_k3_tropical_temperate_polar","Coolhouse","Hothouse",3,3,-0.512613075787921,3,0.331260291770029,0.368066990855588
"percentile_latbin_OLS","q75","Combined","occurrence10_k3_tropical_temperate_polar","Coolhouse","Transitional",3,4,0.0258294303683711,7,0.702058454717411,0.702058454717411
"percentile_latbin_OLS","q75","Combined","collection5_k1_tropical_temperate","Coldhouse","Warmhouse",24,25,-0.705252246573761,80,5.66753304182674e-06,5.66753304182674e-05
"percentile_latbin_OLS","q75","Combined","collection5_k1_tropical_temperate","Coldhouse","Transitional",24,31,-0.6230610552816,151,9.12339599512326e-05,0.000456169799756163
"percentile_latbin_OLS","q75","Combined","collection5_k1_tropical_temperate","Coldhouse","Hothouse",24,22,-0.783156610545627,112,0.00043192568808399,0.0014397522936133
"percentile_latbin_OLS","q75","Combined","collection5_k1_tropical_temperate","Coolhouse","Warmhouse",30,25,-0.247619079602967,185,0.000679702082781758,0.00169925520695439
"percentile_latbin_OLS","q75","Combined","collection5_k1_tropical_temperate","Coldhouse","Coolhouse",24,30,-0.457633166970794,212,0.0051195915303164,0.0102391830606328
"percentile_latbin_OLS","q75","Combined","collection5_k1_tropical_temperate","Coolhouse","Hothouse",30,22,-0.325523443574833,204,0.0100500870679738,0.0167501451132897
"percentile_latbin_OLS","q75","Combined","collection5_k1_tropical_temperate","Coolhouse","Transitional",30,31,-0.165427888310806,319,0.0179076283713453,0.025582326244779
"percentile_latbin_OLS","q75","Combined","collection5_k1_tropical_temperate","Transitional","Warmhouse",31,25,-0.0821911912921607,310,0.102204146074463,0.127755182593079
"percentile_latbin_OLS","q75","Combined","collection5_k1_tropical_temperate","Transitional","Hothouse",31,22,-0.160095555264027,298,0.221490814626828,0.24610090514092
"percentile_latbin_OLS","q75","Combined","collection5_k1_tropical_temperate","Warmhouse","Hothouse",25,22,-0.0779043639718664,280,0.546673145266872,0.546673145266872
"percentile_latbin_OLS","q75","Combined","collection5_k1_tropical_temperate_polar","Coolhouse","Warmhouse",19,16,-0.212598097458372,53,0.000553807711843324,0.00311936062593143
"percentile_latbin_OLS","q75","Combined","collection5_k1_tropical_temperate_polar","Coolhouse","Hothouse",19,11,-0.365986845311314,29,0.000623872125186286,0.00311936062593143
"percentile_latbin_OLS","q75","Combined","collection5_k1_tropical_temperate_polar","Coldhouse","Warmhouse",10,16,-0.529969722837987,25,0.00203682067998325,0.00678940226661084
"percentile_latbin_OLS","q75","Combined","collection5_k1_tropical_temperate_polar","Coldhouse","Hothouse",10,11,-0.68335847069093,16,0.00335313780390279,0.00838284450975697
"percentile_latbin_OLS","q75","Combined","collection5_k1_tropical_temperate_polar","Coldhouse","Transitional",10,16,-0.314785877209554,40,0.0186788726369101,0.0373577452738202
"percentile_latbin_OLS","q75","Combined","collection5_k1_tropical_temperate_polar","Transitional","Hothouse",16,11,-0.368572593481375,49,0.0287273540444839,0.0478789234074731
"percentile_latbin_OLS","q75","Combined","collection5_k1_tropical_temperate_polar","Coldhouse","Coolhouse",10,19,-0.317371625379616,62,0.0679541989236853,0.0853519713627306
"percentile_latbin_OLS","q75","Combined","collection5_k1_tropical_temperate_polar","Transitional","Warmhouse",16,16,-0.215183845628433,88,0.0682815770901845,0.0853519713627306
"percentile_latbin_OLS","q75","Combined","collection5_k1_tropical_temperate_polar","Coolhouse","Transitional",19,16,0.00258574817006124,117,0.126641993189972,0.126641993189972
"percentile_latbin_OLS","q75","Combined","collection5_k1_tropical_temperate_polar","Warmhouse","Hothouse",16,11,-0.153388747852943,64,0.123097732083656,0.126641993189972
"percentile_latbin_OLS","q75","Combined","collection5_k2_tropical_temperate","Coldhouse","Warmhouse",11,18,-0.590402878783619,20,0.000209108966459396,0.0015899383534604
"percentile_latbin_OLS","q75","Combined","collection5_k2_tropical_temperate","Coldhouse","Hothouse",11,12,-0.723185160836734,10,0.000317987670692081,0.0015899383534604
"percentile_latbin_OLS","q75","Combined","collection5_k2_tropical_temperate","Coldhouse","Transitional",11,18,-0.579225832657871,32,0.00139967721221287,0.00466559070737622
"percentile_latbin_OLS","q75","Combined","collection5_k2_tropical_temperate","Coolhouse","Hothouse",21,12,-0.312695030095941,64,0.0106794442871043,0.0266986107177607
"percentile_latbin_OLS","q75","Combined","collection5_k2_tropical_temperate","Coldhouse","Coolhouse",11,21,-0.410490130740793,61,0.0160765168835372,0.0321530337670744
"percentile_latbin_OLS","q75","Combined","collection5_k2_tropical_temperate","Coolhouse","Warmhouse",21,18,-0.179912748042826,125,0.0368146684803301,0.0613577808005502
"percentile_latbin_OLS","q75","Combined","collection5_k2_tropical_temperate","Coolhouse","Transitional",21,18,-0.168735701917077,146,0.115594459694382,0.152722502605823
"percentile_latbin_OLS","q75","Combined","collection5_k2_tropical_temperate","Transitional","Hothouse",18,12,-0.143959328178864,80,0.122178002084658,0.152722502605823
"percentile_latbin_OLS","q75","Combined","collection5_k2_tropical_temperate","Warmhouse","Hothouse",18,12,-0.132782282053116,85,0.170421491552114,0.189357212835682
"percentile_latbin_OLS","q75","Combined","collection5_k2_tropical_temperate","Transitional","Warmhouse",18,18,-0.0111770461257482,146,0.311926040481162,0.311926040481162
"percentile_latbin_OLS","q75","Combined","collection5_k2_tropical_temperate_polar","Coldhouse","Warmhouse",4,11,-0.379860033748597,7,0.0291726511684288,0.0827407246527418
"percentile_latbin_OLS","q75","Combined","collection5_k2_tropical_temperate_polar","Coldhouse","Hothouse",4,5,-0.560104250554968,2,0.0330962898610967,0.0827407246527418
"percentile_latbin_OLS","q75","Combined","collection5_k2_tropical_temperate_polar","Coolhouse","Warmhouse",12,11,-0.183703640188866,29,0.0123385684991999,0.0827407246527418
"percentile_latbin_OLS","q75","Combined","collection5_k2_tropical_temperate_polar","Coolhouse","Hothouse",12,5,-0.363947856995237,11,0.0255838152567162,0.0827407246527418
"percentile_latbin_OLS","q75","Combined","collection5_k2_tropical_temperate_polar","Transitional","Warmhouse",6,11,-0.253248274716325,17,0.059639311756409,0.100575667106205
"percentile_latbin_OLS","q75","Combined","collection5_k2_tropical_temperate_polar","Transitional","Hothouse",6,5,-0.433492491522696,6,0.0603454002637228,0.100575667106205
"percentile_latbin_OLS","q75","Combined","collection5_k2_tropical_temperate_polar","Coldhouse","Coolhouse",4,12,-0.196156393559732,16,0.181540861779215,0.259344088256022
"percentile_latbin_OLS","q75","Combined","collection5_k2_tropical_temperate_polar","Warmhouse","Hothouse",11,5,-0.180244216806371,20,0.213883767554155,0.267354709442694
"percentile_latbin_OLS","q75","Combined","collection5_k2_tropical_temperate_polar","Coldhouse","Transitional",4,6,-0.126611759032272,9,0.297016170299521,0.330017966999468
"percentile_latbin_OLS","q75","Combined","collection5_k2_tropical_temperate_polar","Coolhouse","Transitional",12,6,0.0695446345274597,37,0.555862732795434,0.555862732795434
"percentile_latbin_OLS","q75","Combined","collection5_k3_tropical_temperate","Coldhouse","Warmhouse",5,11,-0.414073725155537,2,0.00231140337121997,0.0173583244317721
"percentile_latbin_OLS","q75","Combined","collection5_k3_tropical_temperate","Coldhouse","Hothouse",5,8,-0.54510410337869,2,0.00520749732953164,0.0173583244317721
"percentile_latbin_OLS","q75","Combined","collection5_k3_tropical_temperate","Coolhouse","Hothouse",11,8,-0.35930718701246,12,0.00464725834535827,0.0173583244317721
"percentile_latbin_OLS","q75","Combined","collection5_k3_tropical_temperate","Coolhouse","Warmhouse",11,11,-0.228276808789307,24,0.00904086091035267,0.0226021522758817
"percentile_latbin_OLS","q75","Combined","collection5_k3_tropical_temperate","Coldhouse","Transitional",5,12,-0.591367336021331,12,0.0325433632463834,0.0650867264927668
"percentile_latbin_OLS","q75","Combined","collection5_k3_tropical_temperate","Coolhouse","Transitional",11,12,-0.405570419655101,39,0.0514491420256018,0.0857485700426697
"percentile_latbin_OLS","q75","Combined","collection5_k3_tropical_temperate","Coldhouse","Coolhouse",5,11,-0.18579691636623,17,0.12863182766565,0.183759753808072
"percentile_latbin_OLS","q75","Combined","collection5_k3_tropical_temperate","Warmhouse","Hothouse",11,8,-0.131030378223153,34,0.2163919605608,0.270489950701
"percentile_latbin_OLS","q75","Combined","collection5_k3_tropical_temperate","Transitional","Hothouse",12,8,0.0462632326426408,40,0.281416876958663,0.312685418842959
"percentile_latbin_OLS","q75","Combined","collection5_k3_tropical_temperate","Transitional","Warmhouse",12,11,0.177293610865794,63,0.438858341536607,0.438858341536607
"percentile_latbin_OLS","q75","Combined","collection5_k3_tropical_temperate_polar","Coldhouse","Coolhouse",2,4,-0.349443971605525,0,0.0525962525600207,0.245278116806773
"percentile_latbin_OLS","q75","Combined","collection5_k3_tropical_temperate_polar","Coldhouse","Warmhouse",2,6,-0.475451350953127,0,0.0333765075848173,0.245278116806773
"percentile_latbin_OLS","q75","Combined","collection5_k3_tropical_temperate_polar","Coolhouse","Warmhouse",4,6,-0.126007379347602,6,0.120477334350785,0.245278116806773
"percentile_latbin_OLS","q75","Combined","collection5_k3_tropical_temperate_polar","Transitional","Warmhouse",3,6,-0.445539493552792,4,0.122639058403386,0.245278116806773
"percentile_latbin_OLS","q75","Combined","collection5_k3_tropical_temperate_polar","Transitional","Hothouse",3,3,-0.740860339483056,1,0.095215131912762,0.245278116806773
"percentile_latbin_OLS","q75","Combined","collection5_k3_tropical_temperate_polar","Coldhouse","Hothouse",2,3,-0.770772196883391,1,0.193238115385616,0.322063525642694
"percentile_latbin_OLS","q75","Combined","collection5_k3_tropical_temperate_polar","Warmhouse","Hothouse",6,3,-0.295320845930264,6,0.259302508214363,0.370432154591947
"percentile_latbin_OLS","q75","Combined","collection5_k3_tropical_temperate_polar","Coolhouse","Hothouse",4,3,-0.421328225277866,4,0.297941545282589,0.372426931603236
"percentile_latbin_OLS","q75","Combined","collection5_k3_tropical_temperate_polar","Coldhouse","Transitional",2,3,-0.0299118574003351,2,0.386414996342224,0.429349995935804
"percentile_latbin_OLS","q75","Combined","collection5_k3_tropical_temperate_polar","Coolhouse","Transitional",4,3,0.31953211420519,8,0.811620441094209,0.811620441094209
"percentile_latbin_OLS","q75","Combined","collection10_k1_tropical_temperate","Coldhouse","Warmhouse",17,20,-0.797091148854509,31,1.21643051015593e-05,0.000121643051015593
"percentile_latbin_OLS","q75","Combined","collection10_k1_tropical_temperate","Coldhouse","Hothouse",17,18,-0.81582596302491,34,4.59416326662749e-05,0.000229708163331375
"percentile_latbin_OLS","q75","Combined","collection10_k1_tropical_temperate","Coolhouse","Warmhouse",28,20,-0.584336578416561,105,0.000131544891649149,0.000438482972163829
"percentile_latbin_OLS","q75","Combined","collection10_k1_tropical_temperate","Coolhouse","Hothouse",28,18,-0.603071392586962,98,0.000275253968801708,0.00068813492200427
"percentile_latbin_OLS","q75","Combined","collection10_k1_tropical_temperate","Coldhouse","Transitional",17,23,-0.680265248646976,81,0.000907334394487858,0.00181466878897572
"percentile_latbin_OLS","q75","Combined","collection10_k1_tropical_temperate","Coolhouse","Transitional",28,23,-0.467510678209028,197,0.00921757718733729,0.0153626286455621
"percentile_latbin_OLS","q75","Combined","collection10_k1_tropical_temperate","Coldhouse","Coolhouse",17,28,-0.212754570437948,179,0.0854205026623909,0.122029289517701
"percentile_latbin_OLS","q75","Combined","collection10_k1_tropical_temperate","Transitional","Warmhouse",23,20,-0.116825900207533,194,0.193684662734557,0.215205180816175
"percentile_latbin_OLS","q75","Combined","collection10_k1_tropical_temperate","Transitional","Hothouse",23,18,-0.135560714377934,171,0.175513960349872,0.215205180816175
"percentile_latbin_OLS","q75","Combined","collection10_k1_tropical_temperate","Warmhouse","Hothouse",20,18,-0.0187348141704014,172,0.413222005083686,0.413222005083686
"percentile_latbin_OLS","q75","Combined","collection10_k1_tropical_temperate_polar","Coldhouse","Warmhouse",7,12,-0.507736821030562,11,0.0049727206327651,0.0248636031638255
"percentile_latbin_OLS","q75","Combined","collection10_k1_tropical_temperate_polar","Coolhouse","Warmhouse",13,12,-0.384306277809986,29,0.00416918700137567,0.0248636031638255
"percentile_latbin_OLS","q75","Combined","collection10_k1_tropical_temperate_polar","Coldhouse","Hothouse",7,6,-0.701530703106135,5,0.0134045653577979,0.0276333228823732
"percentile_latbin_OLS","q75","Combined","collection10_k1_tropical_temperate_polar","Coolhouse","Hothouse",13,6,-0.57810015988556,12,0.010057288181236,0.0276333228823732
"percentile_latbin_OLS","q75","Combined","collection10_k1_tropical_temperate_polar","Transitional","Warmhouse",8,12,-0.38323169205326,19,0.0139452645601233,0.0276333228823732
"percentile_latbin_OLS","q75","Combined","collection10_k1_tropical_temperate_polar","Transitional","Hothouse",8,6,-0.577025574128833,7,0.0165799937294239,0.0276333228823732
"percentile_latbin_OLS","q75","Combined","collection10_k1_tropical_temperate_polar","Warmhouse","Hothouse",12,6,-0.193793882075573,27,0.212987555756803,0.304267936795432
"percentile_latbin_OLS","q75","Combined","collection10_k1_tropical_temperate_polar","Coldhouse","Coolhouse",7,13,-0.123430543220575,38,0.289549870976959,0.321722078863288
"percentile_latbin_OLS","q75","Combined","collection10_k1_tropical_temperate_polar","Coldhouse","Transitional",7,8,-0.124505128977301,22,0.262224860903042,0.321722078863288
"percentile_latbin_OLS","q75","Combined","collection10_k1_tropical_temperate_polar","Coolhouse","Transitional",13,8,-0.0010745857567262,54,0.571836504504733,0.571836504504733
"percentile_latbin_OLS","q75","Combined","collection10_k2_tropical_temperate","Coldhouse","Warmhouse",6,15,-0.459964816419552,18,0.0195552594091953,0.045346553096171
"percentile_latbin_OLS","q75","Combined","collection10_k2_tropical_temperate","Coldhouse","Hothouse",6,6,-0.791667325320741,5,0.0226637810389861,0.045346553096171
"percentile_latbin_OLS","q75","Combined","collection10_k2_tropical_temperate","Coolhouse","Transitional",17,15,-0.641974991184613,74,0.0226732765480855,0.045346553096171
"percentile_latbin_OLS","q75","Combined","collection10_k2_tropical_temperate","Coolhouse","Warmhouse",17,15,-0.378744465872065,66,0.0106245913734419,0.045346553096171
"percentile_latbin_OLS","q75","Combined","collection10_k2_tropical_temperate","Coolhouse","Hothouse",17,6,-0.710446974773254,16,0.00785717488610945,0.045346553096171
"percentile_latbin_OLS","q75","Combined","collection10_k2_tropical_temperate","Coldhouse","Transitional",6,15,-0.7231953417321,27,0.0865400760718966,0.144233460119828
"percentile_latbin_OLS","q75","Combined","collection10_k2_tropical_temperate","Warmhouse","Hothouse",15,6,-0.331702508901189,29,0.113778980541172,0.162541400773103
"percentile_latbin_OLS","q75","Combined","collection10_k2_tropical_temperate","Transitional","Hothouse",15,6,-0.068471983588641,39,0.334262069443262,0.417827586804078
"percentile_latbin_OLS","q75","Combined","collection10_k2_tropical_temperate","Coldhouse","Coolhouse",6,17,-0.0812203505474873,55,0.623643096868474,0.623643096868474
"percentile_latbin_OLS","q75","Combined","collection10_k2_tropical_temperate","Transitional","Warmhouse",15,15,0.263230525312548,119,0.614224406092214,0.623643096868474
"percentile_latbin_OLS","q75","Combined","collection10_k2_tropical_temperate_polar","Coldhouse","Warmhouse",3,8,-0.427901843786064,0,0.00945177150556067,0.0945177150556067
"percentile_latbin_OLS","q75","Combined","collection10_k2_tropical_temperate_polar","Coldhouse","Hothouse",3,3,-0.923151810114397,1,0.095215131912762,0.291297477842382
"percentile_latbin_OLS","q75","Combined","collection10_k2_tropical_temperate_polar","Coolhouse","Warmhouse",5,8,-0.304471300565488,10,0.0821646397690332,0.291297477842382
"percentile_latbin_OLS","q75","Combined","collection10_k2_tropical_temperate_polar","Coolhouse","Hothouse",5,3,-0.799721266893822,3,0.116518991136953,0.291297477842382
"percentile_latbin_OLS","q75","Combined","collection10_k2_tropical_temperate_polar","Transitional","Hothouse",3,3,-0.795526881461251,2,0.191366544442613,0.382733088885226
"percentile_latbin_OLS","q75","Combined","collection10_k2_tropical_temperate_polar","Coldhouse","Coolhouse",3,5,-0.123430543220575,5,0.275492493792547,0.393560705417924
"percentile_latbin_OLS","q75","Combined","collection10_k2_tropical_temperate_polar","Warmhouse","Hothouse",8,3,-0.495249966328333,8,0.237479269944753,0.393560705417924
"percentile_latbin_OLS","q75","Combined","collection10_k2_tropical_temperate_polar","Coldhouse","Transitional",3,3,-0.127624928653146,3,0.331260291770029,0.414075364712536
"percentile_latbin_OLS","q75","Combined","collection10_k2_tropical_temperate_polar","Transitional","Warmhouse",3,8,-0.300276915132918,10,0.379731432689967,0.421923814099963
"percentile_latbin_OLS","q75","Combined","collection10_k2_tropical_temperate_polar","Coolhouse","Transitional",5,3,-0.0041943854325705,7,0.5,0.5
"percentile_latbin_OLS","q75","Combined","collection10_k3_tropical_temperate","Coldhouse","Warmhouse",2,7,-0.536982306940115,0,0.0285199371245278,0.285199371245278
"percentile_latbin_OLS","q75","Combined","collection10_k3_tropical_temperate","Coldhouse","Hothouse",2,5,-0.702393033200173,1,0.087622122700003,0.296515991644971
"percentile_latbin_OLS","q75","Combined","collection10_k3_tropical_temperate","Coolhouse","Hothouse",4,5,-0.576206280030519,4,0.0889547974934913,0.296515991644971
"percentile_latbin_OLS","q75","Combined","collection10_k3_tropical_temperate","Coolhouse","Transitional",4,7,-0.647563365470223,8,0.149308837224405,0.29861767444881
"percentile_latbin_OLS","q75","Combined","collection10_k3_tropical_temperate","Coolhouse","Warmhouse",4,7,-0.410795553770462,8,0.149308837224405,0.29861767444881
"percentile_latbin_OLS","q75","Combined","collection10_k3_tropical_temperate","Coldhouse","Transitional",2,7,-0.773750118639877,4,0.232107156385516,0.331581651979308
"percentile_latbin_OLS","q75","Combined","collection10_k3_tropical_temperate","Warmhouse","Hothouse",7,5,-0.165410726260058,12,0.208396405923813,0.331581651979308
"percentile_latbin_OLS","q75","Combined","collection10_k3_tropical_temperate","Coldhouse","Coolhouse",2,4,-0.126186753169654,4,0.591519339142304,0.657243710158116
"percentile_latbin_OLS","q75","Combined","collection10_k3_tropical_temperate","Transitional","Hothouse",7,5,0.0713570854397038,18,0.564504402601268,0.657243710158116
"percentile_latbin_OLS","q75","Combined","collection10_k3_tropical_temperate","Transitional","Warmhouse",7,7,0.236767811699762,28,0.695359920347949,0.695359920347949
"percentile_latbin_OLS","q75","Combined","collection10_k3_tropical_temperate_polar","Warmhouse","Hothouse",3,2,-0.709905786346489,0,0.0744573365893828,0.0744573365893828
"percentile_latbin_OLS","q75","Combined","collection10_k3_tropical_temperate_polar","Coldhouse","Coolhouse",1,0,NA,NA,NA,NA
"percentile_latbin_OLS","q75","Combined","collection10_k3_tropical_temperate_polar","Coldhouse","Transitional",1,0,NA,NA,NA,NA
"percentile_latbin_OLS","q75","Combined","collection10_k3_tropical_temperate_polar","Coldhouse","Warmhouse",1,3,-0.351860757101744,NA,NA,NA
"percentile_latbin_OLS","q75","Combined","collection10_k3_tropical_temperate_polar","Coldhouse","Hothouse",1,2,-1.06176654344823,NA,NA,NA
"percentile_latbin_OLS","q75","Combined","collection10_k3_tropical_temperate_polar","Coolhouse","Transitional",0,0,NA,NA,NA,NA
"percentile_latbin_OLS","q75","Combined","collection10_k3_tropical_temperate_polar","Coolhouse","Warmhouse",0,3,NA,NA,NA,NA
"percentile_latbin_OLS","q75","Combined","collection10_k3_tropical_temperate_polar","Coolhouse","Hothouse",0,2,NA,NA,NA,NA
"percentile_latbin_OLS","q75","Combined","collection10_k3_tropical_temperate_polar","Transitional","Warmhouse",0,3,NA,NA,NA,NA
"percentile_latbin_OLS","q75","Combined","collection10_k3_tropical_temperate_polar","Transitional","Hothouse",0,2,NA,NA,NA,NA
"percentile_latbin_OLS","q75","Northern","occurrence5_k1_tropical_temperate","Coldhouse","Warmhouse",14,14,-0.744630115142157,11,3.52674350512686e-05,0.000352674350512686
"percentile_latbin_OLS","q75","Northern","occurrence5_k1_tropical_temperate","Coolhouse","Warmhouse",15,14,-0.349899741006043,25,0.000260554468743967,0.00130277234371984
"percentile_latbin_OLS","q75","Northern","occurrence5_k1_tropical_temperate","Coldhouse","Transitional",14,17,-0.726735295527791,34,0.000398030600508412,0.00132676866836137
"percentile_latbin_OLS","q75","Northern","occurrence5_k1_tropical_temperate","Coldhouse","Hothouse",14,11,-0.534607665424329,27,0.00336545828276561,0.00841364570691401
"percentile_latbin_OLS","q75","Northern","occurrence5_k1_tropical_temperate","Coolhouse","Transitional",15,17,-0.332004921391676,66,0.0106245913734419,0.0212491827468838
"percentile_latbin_OLS","q75","Northern","occurrence5_k1_tropical_temperate","Coldhouse","Coolhouse",14,15,-0.394730374136114,64,0.0385668342206028,0.064278057034338
"percentile_latbin_OLS","q75","Northern","occurrence5_k1_tropical_temperate","Coolhouse","Hothouse",15,11,-0.139877291288215,52,0.0597354933858504,0.0853364191226434
"percentile_latbin_OLS","q75","Northern","occurrence5_k1_tropical_temperate","Transitional","Warmhouse",17,14,-0.0178948196143665,92,0.146423508281361,0.183029385351701
"percentile_latbin_OLS","q75","Northern","occurrence5_k1_tropical_temperate","Transitional","Hothouse",17,11,0.192127630103462,116,0.860357903073509,0.955953225637233
"percentile_latbin_OLS","q75","Northern","occurrence5_k1_tropical_temperate","Warmhouse","Hothouse",14,11,0.210022449717828,118,0.988454115438677,0.988454115438677
"percentile_latbin_OLS","q75","Northern","occurrence5_k1_tropical_temperate_polar","Coldhouse","Warmhouse",6,10,-0.666708773069749,0,0.000687795633623293,0.00687795633623293
"percentile_latbin_OLS","q75","Northern","occurrence5_k1_tropical_temperate_polar","Coldhouse","Transitional",6,8,-0.551331390573342,4,0.00591056891831115,0.0295528445915558
"percentile_latbin_OLS","q75","Northern","occurrence5_k1_tropical_temperate_polar","Coolhouse","Warmhouse",11,10,-0.199139427241595,21,0.00916215387575849,0.030540512919195
"percentile_latbin_OLS","q75","Northern","occurrence5_k1_tropical_temperate_polar","Coldhouse","Hothouse",6,4,-0.6045672583653,2,0.0214128046154457,0.0535320115386142
"percentile_latbin_OLS","q75","Northern","occurrence5_k1_tropical_temperate_polar","Coldhouse","Coolhouse",6,11,-0.467569345828154,14,0.0314908998366528,0.0629817996733055
"percentile_latbin_OLS","q75","Northern","occurrence5_k1_tropical_temperate_polar","Coolhouse","Hothouse",11,4,-0.136997912537145,12,0.107431616387808,0.17905269397968
"percentile_latbin_OLS","q75","Northern","occurrence5_k1_tropical_temperate_polar","Coolhouse","Transitional",11,8,-0.083762044745188,30,0.132483968146918,0.189262811638454
"percentile_latbin_OLS","q75","Northern","occurrence5_k1_tropical_temperate_polar","Transitional","Warmhouse",8,10,-0.115377382496407,28,0.153437355287375,0.191796694109219
"percentile_latbin_OLS","q75","Northern","occurrence5_k1_tropical_temperate_polar","Transitional","Hothouse",8,4,-0.0532358677919574,17,0.600546665178365,0.667274072420406
"percentile_latbin_OLS","q75","Northern","occurrence5_k1_tropical_temperate_polar","Warmhouse","Hothouse",10,4,0.0621415147044495,26,0.821014663677836,0.821014663677836
"percentile_latbin_OLS","q75","Northern","occurrence5_k2_tropical_temperate","Coldhouse","Warmhouse",10,12,-0.729929407476771,1,5.73054485184423e-05,0.000573054485184423
"percentile_latbin_OLS","q75","Northern","occurrence5_k2_tropical_temperate","Coldhouse","Transitional",10,14,-0.759312189740765,11,0.000306936979973628,0.00153468489986814
"percentile_latbin_OLS","q75","Northern","occurrence5_k2_tropical_temperate","Coldhouse","Hothouse",10,7,-0.560678918603453,3,0.0010557455033353,0.00351915167778433
"percentile_latbin_OLS","q75","Northern","occurrence5_k2_tropical_temperate","Coolhouse","Warmhouse",12,12,-0.272708294315513,21,0.00177491931745678,0.00443729829364196
"percentile_latbin_OLS","q75","Northern","occurrence5_k2_tropical_temperate","Coldhouse","Coolhouse",10,12,-0.457221113161258,25,0.0114570857676705,0.0190951429461175
"percentile_latbin_OLS","q75","Northern","occurrence5_k2_tropical_temperate","Coolhouse","Transitional",12,14,-0.302091076579507,38,0.00963496683227997,0.0190951429461175
"percentile_latbin_OLS","q75","Northern","occurrence5_k2_tropical_temperate","Coolhouse","Hothouse",12,7,-0.103457805442195,22,0.0496711239267326,0.0709587484667609
"percentile_latbin_OLS","q75","Northern","occurrence5_k2_tropical_temperate","Transitional","Warmhouse",14,12,0.029382782263994,68,0.212657578908097,0.265821973635121
"percentile_latbin_OLS","q75","Northern","occurrence5_k2_tropical_temperate","Transitional","Hothouse",14,7,0.198633271137312,59,0.783289034521963,0.870321149468848
"percentile_latbin_OLS","q75","Northern","occurrence5_k2_tropical_temperate","Warmhouse","Hothouse",12,7,0.169250488873318,59,0.930432507965908,0.930432507965908
"percentile_latbin_OLS","q75","Northern","occurrence5_k2_tropical_temperate_polar","Coldhouse","Warmhouse",5,8,-0.601343697917048,0,0.00215517924976753,0.0215517924976753
"percentile_latbin_OLS","q75","Northern","occurrence5_k2_tropical_temperate_polar","Coldhouse","Coolhouse",5,6,-0.479576375625934,2,0.0112394366830626,0.0561971834153132
"percentile_latbin_OLS","q75","Northern","occurrence5_k2_tropical_temperate_polar","Coldhouse","Transitional",5,5,-0.447808531317127,3,0.0300514029694332,0.0827407246527418
"percentile_latbin_OLS","q75","Northern","occurrence5_k2_tropical_temperate_polar","Coldhouse","Hothouse",5,4,-0.594656655576369,2,0.0330962898610967,0.0827407246527418
"percentile_latbin_OLS","q75","Northern","occurrence5_k2_tropical_temperate_polar","Coolhouse","Warmhouse",6,8,-0.121767322291114,13,0.087622122700003,0.175244245400006
"percentile_latbin_OLS","q75","Northern","occurrence5_k2_tropical_temperate_polar","Transitional","Warmhouse",5,8,-0.153535166599921,11,0.106699627188181,0.177832711980302
"percentile_latbin_OLS","q75","Northern","occurrence5_k2_tropical_temperate_polar","Coolhouse","Hothouse",6,4,-0.115080279950435,8,0.227772546894665,0.325389352706664
"percentile_latbin_OLS","q75","Northern","occurrence5_k2_tropical_temperate_polar","Transitional","Hothouse",5,4,-0.146848124259242,8,0.356651586939229,0.445814483674036
"percentile_latbin_OLS","q75","Northern","occurrence5_k2_tropical_temperate_polar","Coolhouse","Transitional",6,5,0.0317678443088071,16,0.60790438529919,0.664437270805094
"percentile_latbin_OLS","q75","Northern","occurrence5_k2_tropical_temperate_polar","Warmhouse","Hothouse",8,4,0.00668704234067874,18,0.664437270805094,0.664437270805094
"percentile_latbin_OLS","q75","Northern","occurrence5_k3_tropical_temperate","Coldhouse","Warmhouse",5,8,-0.416162186262595,0,0.00215517924976753,0.0163404029356067
"percentile_latbin_OLS","q75","Northern","occurrence5_k3_tropical_temperate","Coolhouse","Warmhouse",7,8,-0.487196044923268,4,0.00326808058712134,0.0163404029356067
"percentile_latbin_OLS","q75","Northern","occurrence5_k3_tropical_temperate","Coolhouse","Transitional",7,9,-0.466717494184416,11,0.0171288844329351,0.0570962814431169
"percentile_latbin_OLS","q75","Northern","occurrence5_k3_tropical_temperate","Coldhouse","Transitional",5,9,-0.395683635523743,8,0.0309740757067406,0.0774351892668515
"percentile_latbin_OLS","q75","Northern","occurrence5_k3_tropical_temperate","Coldhouse","Hothouse",5,4,-0.185533004388073,3,0.0556734432665702,0.11134688653314
"percentile_latbin_OLS","q75","Northern","occurrence5_k3_tropical_temperate","Coolhouse","Hothouse",7,4,-0.256566863048746,8,0.149308837224405,0.248848062040675
"percentile_latbin_OLS","q75","Northern","occurrence5_k3_tropical_temperate","Transitional","Warmhouse",9,8,-0.0204785507388516,27,0.206703467214103,0.295290667448718
"percentile_latbin_OLS","q75","Northern","occurrence5_k3_tropical_temperate","Coldhouse","Coolhouse",5,7,0.0710338586606731,17,0.5,0.625
"percentile_latbin_OLS","q75","Northern","occurrence5_k3_tropical_temperate","Transitional","Hothouse",9,4,0.21015063113567,26,0.905168800117927,0.96273421447269
"percentile_latbin_OLS","q75","Northern","occurrence5_k3_tropical_temperate","Warmhouse","Hothouse",8,4,0.230629181874521,26,0.96273421447269,0.96273421447269
"percentile_latbin_OLS","q75","Northern","occurrence5_k3_tropical_temperate_polar","Coldhouse","Warmhouse",2,5,-0.485779389976623,0,0.0406805646170377,0.203402823085189
"percentile_latbin_OLS","q75","Northern","occurrence5_k3_tropical_temperate_polar","Transitional","Warmhouse",2,5,-0.446599574793681,0,0.0406805646170377,0.203402823085189
"percentile_latbin_OLS","q75","Northern","occurrence5_k3_tropical_temperate_polar","Coolhouse","Warmhouse",3,5,-0.268035788270848,2,0.0680185640570718,0.226728546856906
"percentile_latbin_OLS","q75","Northern","occurrence5_k3_tropical_temperate_polar","Coldhouse","Coolhouse",2,3,-0.217743601705775,1,0.193238115385616,0.483095288464041
"percentile_latbin_OLS","q75","Northern","occurrence5_k3_tropical_temperate_polar","Coldhouse","Transitional",2,2,-0.0391798151829421,1,0.349267679151669,0.498953827359528
"percentile_latbin_OLS","q75","Northern","occurrence5_k3_tropical_temperate_polar","Coldhouse","Hothouse",2,2,-0.294750242222692,1,0.349267679151669,0.498953827359528
"percentile_latbin_OLS","q75","Northern","occurrence5_k3_tropical_temperate_polar","Transitional","Hothouse",2,2,-0.25557042703975,1,0.349267679151669,0.498953827359528
"percentile_latbin_OLS","q75","Northern","occurrence5_k3_tropical_temperate_polar","Coolhouse","Hothouse",3,2,-0.0770066405169167,3,0.613585003657776,0.76698125457222
"percentile_latbin_OLS","q75","Northern","occurrence5_k3_tropical_temperate_polar","Warmhouse","Hothouse",5,2,0.191029147753931,6,0.719362081932711,0.799291202147457
"percentile_latbin_OLS","q75","Northern","occurrence5_k3_tropical_temperate_polar","Coolhouse","Transitional",3,2,0.178563786522833,5,0.925542663410617,0.925542663410617
"percentile_latbin_OLS","q75","Northern","occurrence10_k1_tropical_temperate","Coldhouse","Warmhouse",13,14,-0.798920004323884,3,1.08791446277532e-05,0.000108791446277532
"percentile_latbin_OLS","q75","Northern","occurrence10_k1_tropical_temperate","Coldhouse","Transitional",13,17,-0.659347534921417,31,0.000472703666754231,0.00234376125721354
"percentile_latbin_OLS","q75","Northern","occurrence10_k1_tropical_temperate","Coolhouse","Warmhouse",14,14,-0.336136385823994,28,0.000703128377164062,0.00234376125721354
"percentile_latbin_OLS","q75","Northern","occurrence10_k1_tropical_temperate","Coldhouse","Hothouse",13,11,-0.619293958446168,20,0.001564542343656,0.00391135585913999
"percentile_latbin_OLS","q75","Northern","occurrence10_k1_tropical_temperate","Coldhouse","Coolhouse",13,14,-0.46278361849989,38,0.00542297545853022,0.0108459509170604
"percentile_latbin_OLS","q75","Northern","occurrence10_k1_tropical_temperate","Coolhouse","Transitional",14,17,-0.196563916421527,74,0.0386650268433278,0.0644417114055464
"percentile_latbin_OLS","q75","Northern","occurrence10_k1_tropical_temperate","Transitional","Warmhouse",17,14,-0.139572469402468,81,0.0683052129407259,0.0975788756296084
"percentile_latbin_OLS","q75","Northern","occurrence10_k1_tropical_temperate","Coolhouse","Hothouse",14,11,-0.156510339946278,56,0.13087377610928,0.1635922201366
"percentile_latbin_OLS","q75","Northern","occurrence10_k1_tropical_temperate","Transitional","Hothouse",17,11,0.0400535764752488,109,0.774168689970113,0.860187433300126
"percentile_latbin_OLS","q75","Northern","occurrence10_k1_tropical_temperate","Warmhouse","Hothouse",14,11,0.179626045877716,117,0.986694195028105,0.986694195028105
"percentile_latbin_OLS","q75","Northern","occurrence10_k1_tropical_temperate_polar","Coldhouse","Warmhouse",5,10,-0.675773864675439,0,0.00134713100964796,0.0134713100964796
"percentile_latbin_OLS","q75","Northern","occurrence10_k1_tropical_temperate_polar","Coldhouse","Transitional",5,8,-0.54266669567531,4,0.0116351460049754,0.0491489389740126
"percentile_latbin_OLS","q75","Northern","occurrence10_k1_tropical_temperate_polar","Coolhouse","Warmhouse",8,10,-0.197343642646315,15,0.0147446816922038,0.0491489389740126
"percentile_latbin_OLS","q75","Northern","occurrence10_k1_tropical_temperate_polar","Coldhouse","Coolhouse",5,8,-0.478430222029123,6,0.024066198109791,0.0601654952744775
"percentile_latbin_OLS","q75","Northern","occurrence10_k1_tropical_temperate_polar","Coldhouse","Hothouse",5,4,-0.494477835233029,3,0.0556734432665702,0.11134688653314
"percentile_latbin_OLS","q75","Northern","occurrence10_k1_tropical_temperate_polar","Transitional","Warmhouse",8,10,-0.133107169000128,27,0.133358623357958,0.222264372263263
"percentile_latbin_OLS","q75","Northern","occurrence10_k1_tropical_temperate_polar","Coolhouse","Transitional",8,8,-0.0642364736461872,26,0.281761858238859,0.402516940341227
"percentile_latbin_OLS","q75","Northern","occurrence10_k1_tropical_temperate_polar","Coolhouse","Hothouse",8,4,-0.0160476132039062,14,0.399453334821635,0.499316668527044
"percentile_latbin_OLS","q75","Northern","occurrence10_k1_tropical_temperate_polar","Transitional","Hothouse",8,4,0.048188860442281,18,0.664437270805094,0.738263634227882
"percentile_latbin_OLS","q75","Northern","occurrence10_k1_tropical_temperate_polar","Warmhouse","Hothouse",10,4,0.181296029442409,31,0.948061921468457,0.948061921468457
"percentile_latbin_OLS","q75","Northern","occurrence10_k2_tropical_temperate","Coldhouse","Warmhouse",7,10,-0.753407716474834,1,0.000539135852838485,0.00539135852838485
"percentile_latbin_OLS","q75","Northern","occurrence10_k2_tropical_temperate","Coldhouse","Transitional",7,12,-0.846972899585973,6,0.00134857968317303,0.00674289841586515
"percentile_latbin_OLS","q75","Northern","occurrence10_k2_tropical_temperate","Coolhouse","Warmhouse",12,10,-0.302008365565797,21,0.00556461380700398,0.0185487126900133
"percentile_latbin_OLS","q75","Northern","occurrence10_k2_tropical_temperate","Coolhouse","Transitional",12,12,-0.395573548676936,30,0.00828746337492664,0.0207186584373166
"percentile_latbin_OLS","q75","Northern","occurrence10_k2_tropical_temperate","Coldhouse","Hothouse",7,6,-0.621114621828842,5,0.0134045653577979,0.0268091307155959
"percentile_latbin_OLS","q75","Northern","occurrence10_k2_tropical_temperate","Coldhouse","Coolhouse",7,12,-0.451399350909037,23,0.0589633613705719,0.0982722689509532
"percentile_latbin_OLS","q75","Northern","occurrence10_k2_tropical_temperate","Coolhouse","Hothouse",12,6,-0.169715270919804,20,0.0732914058664162,0.104702008380595
"percentile_latbin_OLS","q75","Northern","occurrence10_k2_tropical_temperate","Transitional","Warmhouse",12,10,0.093565183111139,53,0.334108152582,0.417635190727499
"percentile_latbin_OLS","q75","Northern","occurrence10_k2_tropical_temperate","Transitional","Hothouse",12,6,0.225858277757132,45,0.813201681271782,0.872624418504781
"percentile_latbin_OLS","q75","Northern","occurrence10_k2_tropical_temperate","Warmhouse","Hothouse",10,6,0.132293094645993,40,0.872624418504781,0.872624418504781
"percentile_latbin_OLS","q75","Northern","occurrence10_k2_tropical_temperate_polar","Coldhouse","Warmhouse",4,5,-0.453218986227608,0,0.00998222665260803,0.0998222665260803
"percentile_latbin_OLS","q75","Northern","occurrence10_k2_tropical_temperate_polar","Coldhouse","Coolhouse",4,4,-0.365610065823742,3,0.0969654261412053,0.269906173675175
"percentile_latbin_OLS","q75","Northern","occurrence10_k2_tropical_temperate_polar","Coldhouse","Transitional",4,5,-0.270021982141692,4,0.0889547974934913,0.269906173675175
"percentile_latbin_OLS","q75","Northern","occurrence10_k2_tropical_temperate_polar","Coldhouse","Hothouse",4,3,-0.460526295716126,2,0.10796246947007,0.269906173675175
"percentile_latbin_OLS","q75","Northern","occurrence10_k2_tropical_temperate_polar","Coolhouse","Warmhouse",4,5,-0.0876089204038658,8,0.356651586939229,0.537302371999166
"percentile_latbin_OLS","q75","Northern","occurrence10_k2_tropical_temperate_polar","Coolhouse","Hothouse",4,3,-0.0949162298923833,5,0.429841897599333,0.537302371999166
"percentile_latbin_OLS","q75","Northern","occurrence10_k2_tropical_temperate_polar","Transitional","Warmhouse",5,5,-0.183197004085916,10,0.338051657011573,0.537302371999166
"percentile_latbin_OLS","q75","Northern","occurrence10_k2_tropical_temperate_polar","Transitional","Hothouse",5,3,-0.190504313574434,6,0.382797241997882,0.537302371999166
"percentile_latbin_OLS","q75","Northern","occurrence10_k2_tropical_temperate_polar","Coolhouse","Transitional",4,5,0.0955880836820503,10,0.54873837491116,0.609709305456845
"percentile_latbin_OLS","q75","Northern","occurrence10_k2_tropical_temperate_polar","Warmhouse","Hothouse",5,3,-0.00730730948851743,8,0.617202758002118,0.617202758002118
"percentile_latbin_OLS","q75","Northern","occurrence10_k3_tropical_temperate","Coldhouse","Warmhouse",5,6,-0.528173715193305,1,0.00685541503906661,0.0685541503906661
"percentile_latbin_OLS","q75","Northern","occurrence10_k3_tropical_temperate","Coldhouse","Transitional",5,7,-0.498231812359553,6,0.0370176239274483,0.123392079758161
"percentile_latbin_OLS","q75","Northern","occurrence10_k3_tropical_temperate","Coolhouse","Warmhouse",6,6,-0.563203145088149,6,0.0327760805827513,0.123392079758161
"percentile_latbin_OLS","q75","Northern","occurrence10_k3_tropical_temperate","Coolhouse","Transitional",6,7,-0.533261242254397,11,0.0873679116076236,0.218419779019059
"percentile_latbin_OLS","q75","Northern","occurrence10_k3_tropical_temperate","Coldhouse","Hothouse",5,4,-0.133686390087018,5,0.13517207032739,0.27034414065478
"percentile_latbin_OLS","q75","Northern","occurrence10_k3_tropical_temperate","Transitional","Warmhouse",7,6,-0.0299419028337521,14,0.176555617253003,0.294259362088338
"percentile_latbin_OLS","q75","Northern","occurrence10_k3_tropical_temperate","Coolhouse","Hothouse",6,4,-0.168715819981861,8,0.227772546894665,0.325389352706664
"percentile_latbin_OLS","q75","Northern","occurrence10_k3_tropical_temperate","Coldhouse","Coolhouse",5,6,0.0350294298948434,11,0.261408326959544,0.32676040869943
"percentile_latbin_OLS","q75","Northern","occurrence10_k3_tropical_temperate","Transitional","Hothouse",7,4,0.364545422272535,19,0.850691162775595,0.945212403083994
"percentile_latbin_OLS","q75","Northern","occurrence10_k3_tropical_temperate","Warmhouse","Hothouse",6,4,0.394487325106287,21,0.978587195384554,0.978587195384554
"percentile_latbin_OLS","q75","Northern","occurrence10_k3_tropical_temperate_polar","Coldhouse","Warmhouse",2,3,-0.477744137230551,0,0.0744573365893828,0.111686004884074
"percentile_latbin_OLS","q75","Northern","occurrence10_k3_tropical_temperate_polar","Transitional","Warmhouse",2,3,-0.499630622461982,0,0.0744573365893828,0.111686004884074
"percentile_latbin_OLS","q75","Northern","occurrence10_k3_tropical_temperate_polar","Coldhouse","Transitional",2,2,0.021886485231431,2,0.650732320848331,0.650732320848331
"percentile_latbin_OLS","q75","Northern","occurrence10_k3_tropical_temperate_polar","Coldhouse","Coolhouse",2,0,NA,NA,NA,NA
"percentile_latbin_OLS","q75","Northern","occurrence10_k3_tropical_temperate_polar","Coldhouse","Hothouse",2,1,-0.0460694266181253,NA,NA,NA
"percentile_latbin_OLS","q75","Northern","occurrence10_k3_tropical_temperate_polar","Coolhouse","Transitional",0,2,NA,NA,NA,NA
"percentile_latbin_OLS","q75","Northern","occurrence10_k3_tropical_temperate_polar","Coolhouse","Warmhouse",0,3,NA,NA,NA,NA
"percentile_latbin_OLS","q75","Northern","occurrence10_k3_tropical_temperate_polar","Coolhouse","Hothouse",0,1,NA,NA,NA,NA
"percentile_latbin_OLS","q75","Northern","occurrence10_k3_tropical_temperate_polar","Transitional","Hothouse",2,1,-0.0679559118495563,NA,NA,NA
"percentile_latbin_OLS","q75","Northern","occurrence10_k3_tropical_temperate_polar","Warmhouse","Hothouse",3,1,0.431674710612426,NA,NA,NA
"percentile_latbin_OLS","q75","Northern","collection5_k1_tropical_temperate","Coldhouse","Warmhouse",13,14,-0.821423792382819,1,7.02458900272172e-06,7.02458900272172e-05
"percentile_latbin_OLS","q75","Northern","collection5_k1_tropical_temperate","Coldhouse","Transitional",13,16,-0.788534278559291,16,6.22405870758827e-05,0.000311202935379414
"percentile_latbin_OLS","q75","Northern","collection5_k1_tropical_temperate","Coolhouse","Warmhouse",14,14,-0.468925044049489,25,0.000432351682672942,0.00144117227557647
"percentile_latbin_OLS","q75","Northern","collection5_k1_tropical_temperate","Coolhouse","Transitional",14,16,-0.43603553022596,48,0.00414860623228183,0.0103715155807046
"percentile_latbin_OLS","q75","Northern","collection5_k1_tropical_temperate","Coldhouse","Hothouse",13,9,-0.607589475792645,20,0.00558131365370487,0.0111626273074097
"percentile_latbin_OLS","q75","Northern","collection5_k1_tropical_temperate","Coldhouse","Coolhouse",13,14,-0.352498748333331,46,0.0154090291146077,0.0256817151910129
"percentile_latbin_OLS","q75","Northern","collection5_k1_tropical_temperate","Coolhouse","Hothouse",14,9,-0.255090727459315,39,0.0693884857107943,0.0991264081582776
"percentile_latbin_OLS","q75","Northern","collection5_k1_tropical_temperate","Transitional","Warmhouse",16,14,-0.0328895138235286,79,0.0883408511578912,0.110426063947364
"percentile_latbin_OLS","q75","Northern","collection5_k1_tropical_temperate","Transitional","Hothouse",16,9,0.180944802766645,92,0.877094434235091,0.963699530275021
"percentile_latbin_OLS","q75","Northern","collection5_k1_tropical_temperate","Warmhouse","Hothouse",14,9,0.213834316590174,91,0.963699530275021,0.963699530275021
"percentile_latbin_OLS","q75","Northern","collection5_k1_tropical_temperate_polar","Coldhouse","Warmhouse",6,9,-0.612091225002183,0,0.000894921639311727,0.00894921639311727
"percentile_latbin_OLS","q75","Northern","collection5_k1_tropical_temperate_polar","Coldhouse","Transitional",6,7,-0.374339442263847,4,0.00920808028815198,0.0419691073407661
"percentile_latbin_OLS","q75","Northern","collection5_k1_tropical_temperate_polar","Coldhouse","Hothouse",6,4,-0.642866883298128,1,0.0125907322022298,0.0419691073407661
"percentile_latbin_OLS","q75","Northern","collection5_k1_tropical_temperate_polar","Coldhouse","Coolhouse",6,10,-0.463800765355514,11,0.0223957768220647,0.0454552948490585
"percentile_latbin_OLS","q75","Northern","collection5_k1_tropical_temperate_polar","Coolhouse","Warmhouse",10,9,-0.14829045964667,20,0.0227276474245292,0.0454552948490585
"percentile_latbin_OLS","q75","Northern","collection5_k1_tropical_temperate_polar","Coolhouse","Hothouse",10,4,-0.179066117942614,10,0.089554596363361,0.149257660605602
"percentile_latbin_OLS","q75","Northern","collection5_k1_tropical_temperate_polar","Transitional","Warmhouse",7,9,-0.237751782738337,22,0.170380923857046,0.243401319795781
"percentile_latbin_OLS","q75","Northern","collection5_k1_tropical_temperate_polar","Coolhouse","Transitional",10,7,0.0894613230916667,29,0.295721869951012,0.369652337438765
"percentile_latbin_OLS","q75","Northern","collection5_k1_tropical_temperate_polar","Transitional","Hothouse",7,4,-0.268527441034281,12,0.388407002077741,0.431563335641934
"percentile_latbin_OLS","q75","Northern","collection5_k1_tropical_temperate_polar","Warmhouse","Hothouse",9,4,-0.0307756582959443,19,0.591519339142304,0.591519339142304
"percentile_latbin_OLS","q75","Northern","collection5_k2_tropical_temperate","Coldhouse","Warmhouse",7,11,-0.605256359564596,1,0.000402649120779908,0.00402649120779908
"percentile_latbin_OLS","q75","Northern","collection5_k2_tropical_temperate","Coldhouse","Transitional",7,11,-0.857946360053154,6,0.00187695177115147,0.00593603518269302
"percentile_latbin_OLS","q75","Northern","collection5_k2_tropical_temperate","Coolhouse","Transitional",11,11,-0.494068386228879,17,0.00237441407307721,0.00593603518269302
"percentile_latbin_OLS","q75","Northern","collection5_k2_tropical_temperate","Coolhouse","Warmhouse",11,11,-0.241378385740322,17,0.00237441407307721,0.00593603518269302
"percentile_latbin_OLS","q75","Northern","collection5_k2_tropical_temperate","Coldhouse","Hothouse",7,6,-0.622930440909525,2,0.00411048566034429,0.00822097132068858
"percentile_latbin_OLS","q75","Northern","collection5_k2_tropical_temperate","Coolhouse","Hothouse",11,6,-0.259052467085251,12,0.0196836203117476,0.0328060338529127
"percentile_latbin_OLS","q75","Northern","collection5_k2_tropical_temperate","Coldhouse","Coolhouse",7,11,-0.363877973824274,27,0.159568351013273,0.227954787161819
"percentile_latbin_OLS","q75","Northern","collection5_k2_tropical_temperate","Transitional","Warmhouse",11,11,0.252690000488557,55,0.371332951459841,0.464166189324801
"percentile_latbin_OLS","q75","Northern","collection5_k2_tropical_temperate","Warmhouse","Hothouse",11,6,-0.017674081344929,40,0.774508840365559,0.860565378183954
"percentile_latbin_OLS","q75","Northern","collection5_k2_tropical_temperate","Transitional","Hothouse",11,6,0.235015919143628,45,0.895495894155818,0.895495894155818
"percentile_latbin_OLS","q75","Northern","collection5_k2_tropical_temperate_polar","Coldhouse","Warmhouse",3,8,-0.38829552409912,0,0.00945177150556067,0.0945177150556067
"percentile_latbin_OLS","q75","Northern","collection5_k2_tropical_temperate_polar","Coldhouse","Coolhouse",3,6,-0.265783265508867,3,0.077790173896099,0.259300579653663
"percentile_latbin_OLS","q75","Northern","collection5_k2_tropical_temperate_polar","Coolhouse","Warmhouse",6,8,-0.122512258590253,12,0.0688191275540914,0.259300579653663
"percentile_latbin_OLS","q75","Northern","collection5_k2_tropical_temperate_polar","Coldhouse","Hothouse",3,2,-0.271509350353593,1,0.193238115385616,0.322063525642694
"percentile_latbin_OLS","q75","Northern","collection5_k2_tropical_temperate_polar","Transitional","Warmhouse",3,8,-0.413210504020868,6,0.130786118006975,0.322063525642694
"percentile_latbin_OLS","q75","Northern","collection5_k2_tropical_temperate_polar","Transitional","Hothouse",3,2,-0.296424330275341,1,0.193238115385616,0.322063525642694
"percentile_latbin_OLS","q75","Northern","collection5_k2_tropical_temperate_polar","Coldhouse","Transitional",3,3,0.0249149799217481,4,0.5,0.70772979076363
"percentile_latbin_OLS","q75","Northern","collection5_k2_tropical_temperate_polar","Coolhouse","Hothouse",6,2,-0.00572608484472614,6,0.566183832610904,0.70772979076363
"percentile_latbin_OLS","q75","Northern","collection5_k2_tropical_temperate_polar","Coolhouse","Transitional",6,3,0.290698245430615,11,0.740697491785637,0.743054554371143
"percentile_latbin_OLS","q75","Northern","collection5_k2_tropical_temperate_polar","Warmhouse","Hothouse",8,2,0.116786173745527,10,0.743054554371143,0.743054554371143
"percentile_latbin_OLS","q75","Northern","collection5_k3_tropical_temperate","Coldhouse","Warmhouse",5,7,-0.427175302106552,0,0.00288306045711863,0.0288306045711863
"percentile_latbin_OLS","q75","Northern","collection5_k3_tropical_temperate","Coolhouse","Transitional",6,8,-0.656257431649861,6,0.0119342210822872,0.0446818845259931
"percentile_latbin_OLS","q75","Northern","collection5_k3_tropical_temperate","Coolhouse","Warmhouse",6,7,-0.401087817742293,5,0.0134045653577979,0.0446818845259931
"percentile_latbin_OLS","q75","Northern","collection5_k3_tropical_temperate","Coldhouse","Transitional",5,8,-0.68234491601412,6,0.024066198109791,0.0601654952744775
"percentile_latbin_OLS","q75","Northern","collection5_k3_tropical_temperate","Coldhouse","Hothouse",5,4,-0.395208251577467,2,0.0330962898610967,0.0661925797221935
"percentile_latbin_OLS","q75","Northern","collection5_k3_tropical_temperate","Coolhouse","Hothouse",6,4,-0.369120767213208,5,0.0829032800970067,0.138172133495011
"percentile_latbin_OLS","q75","Northern","collection5_k3_tropical_temperate","Coldhouse","Coolhouse",5,6,-0.0260874843642589,14,0.463632236762616,0.662331766803737
"percentile_latbin_OLS","q75","Northern","collection5_k3_tropical_temperate","Transitional","Warmhouse",8,7,0.255169613907568,29,0.568906652799619,0.711133315999523
"percentile_latbin_OLS","q75","Northern","collection5_k3_tropical_temperate","Transitional","Hothouse",8,4,0.287136664436653,24,0.925581726561645,0.925581726561645
"percentile_latbin_OLS","q75","Northern","collection5_k3_tropical_temperate","Warmhouse","Hothouse",7,4,0.0319670505290847,19,0.850691162775595,0.925581726561645
"percentile_latbin_OLS","q75","Northern","collection5_k3_tropical_temperate_polar","Coldhouse","Warmhouse",2,5,-0.46890056247762,0,0.0406805646170377,0.0610208469255566
"percentile_latbin_OLS","q75","Northern","collection5_k3_tropical_temperate_polar","Transitional","Warmhouse",2,5,-0.444594552402698,0,0.0406805646170377,0.0610208469255566
"percentile_latbin_OLS","q75","Northern","collection5_k3_tropical_temperate_polar","Coldhouse","Transitional",2,2,-0.0243060100749217,2,0.650732320848331,0.650732320848331
"percentile_latbin_OLS","q75","Northern","collection5_k3_tropical_temperate_polar","Coldhouse","Coolhouse",2,1,-0.46570880172779,NA,NA,NA
"percentile_latbin_OLS","q75","Northern","collection5_k3_tropical_temperate_polar","Coldhouse","Hothouse",2,1,-0.101955273233797,NA,NA,NA
"percentile_latbin_OLS","q75","Northern","collection5_k3_tropical_temperate_polar","Coolhouse","Transitional",1,2,0.441402791652868,NA,NA,NA
"percentile_latbin_OLS","q75","Northern","collection5_k3_tropical_temperate_polar","Coolhouse","Warmhouse",1,5,-0.00319176074982985,NA,NA,NA
"percentile_latbin_OLS","q75","Northern","collection5_k3_tropical_temperate_polar","Coolhouse","Hothouse",1,1,0.363753528493993,NA,NA,NA
"percentile_latbin_OLS","q75","Northern","collection5_k3_tropical_temperate_polar","Transitional","Hothouse",2,1,-0.0776492631588752,NA,NA,NA
"percentile_latbin_OLS","q75","Northern","collection5_k3_tropical_temperate_polar","Warmhouse","Hothouse",5,1,0.366945289243823,NA,NA,NA
"percentile_latbin_OLS","q75","Northern","collection10_k1_tropical_temperate","Coldhouse","Warmhouse",12,13,-0.847548695725443,8,7.83192366485597e-05,0.000783192366485597
"percentile_latbin_OLS","q75","Northern","collection10_k1_tropical_temperate","Coldhouse","Transitional",12,14,-0.768275744909686,24,0.0011053931862341,0.00552696593117052
"percentile_latbin_OLS","q75","Northern","collection10_k1_tropical_temperate","Coldhouse","Hothouse",12,8,-0.593585969951636,10,0.00190676594129104,0.00635588647097012
"percentile_latbin_OLS","q75","Northern","collection10_k1_tropical_temperate","Coolhouse","Warmhouse",13,13,-0.466684430216247,37,0.00797065625740068,0.0199266406435017
"percentile_latbin_OLS","q75","Northern","collection10_k1_tropical_temperate","Coolhouse","Transitional",13,14,-0.38741147940049,56,0.047050318773309,0.0941006375466181
"percentile_latbin_OLS","q75","Northern","collection10_k1_tropical_temperate","Coolhouse","Hothouse",13,8,-0.21272170444244,31,0.0688217284385462,0.11470288073091
"percentile_latbin_OLS","q75","Northern","collection10_k1_tropical_temperate","Coldhouse","Coolhouse",12,13,-0.380864265509196,52,0.0827182670292372,0.11816895289891
"percentile_latbin_OLS","q75","Northern","collection10_k1_tropical_temperate","Transitional","Warmhouse",14,13,-0.079272950815757,75,0.225978788046554,0.282473485058193
"percentile_latbin_OLS","q75","Northern","collection10_k1_tropical_temperate","Transitional","Hothouse",14,8,0.17468977495805,64,0.719091609763302,0.79899067751478
"percentile_latbin_OLS","q75","Northern","collection10_k1_tropical_temperate","Warmhouse","Hothouse",13,8,0.253962725773807,66,0.853163906576184,0.853163906576184
"percentile_latbin_OLS","q75","Northern","collection10_k1_tropical_temperate_polar","Coldhouse","Warmhouse",5,8,-0.697849299174251,0,0.00215517924976753,0.0215517924976753
"percentile_latbin_OLS","q75","Northern","collection10_k1_tropical_temperate_polar","Transitional","Warmhouse",3,8,-0.386351491729105,1,0.0160443669891156,0.0802218349455782
"percentile_latbin_OLS","q75","Northern","collection10_k1_tropical_temperate_polar","Coldhouse","Hothouse",5,3,-0.577663074545785,1,0.0368191350601513,0.122730450200504
"percentile_latbin_OLS","q75","Northern","collection10_k1_tropical_temperate_polar","Coldhouse","Transitional",5,3,-0.311497807445147,2,0.0680185640570718,0.137638255108183
"percentile_latbin_OLS","q75","Northern","collection10_k1_tropical_temperate_polar","Coolhouse","Warmhouse",6,8,-0.233794429431603,12,0.0688191275540914,0.137638255108183
"percentile_latbin_OLS","q75","Northern","collection10_k1_tropical_temperate_polar","Coldhouse","Coolhouse",5,6,-0.464054869742648,7,0.0854517601153987,0.142419600192331
"percentile_latbin_OLS","q75","Northern","collection10_k1_tropical_temperate_polar","Transitional","Hothouse",3,3,-0.266165267100639,2,0.191366544442613,0.273380777775161
"percentile_latbin_OLS","q75","Northern","collection10_k1_tropical_temperate_polar","Coolhouse","Hothouse",6,3,-0.113608204803138,7,0.349267679151669,0.436584598939587
"percentile_latbin_OLS","q75","Northern","collection10_k1_tropical_temperate_polar","Coolhouse","Transitional",6,3,0.152557062297501,12,0.81692171990297,0.907690799892189
"percentile_latbin_OLS","q75","Northern","collection10_k1_tropical_temperate_polar","Warmhouse","Hothouse",8,3,0.120186224628466,18,0.907713723580059,0.907713723580059
"percentile_latbin_OLS","q75","Northern","collection10_k2_tropical_temperate","Coldhouse","Transitional",5,9,-0.815960311312965,7,0.0227501319481792,0.08022066036597
"percentile_latbin_OLS","q75","Northern","collection10_k2_tropical_temperate","Coldhouse","Warmhouse",5,8,-0.427901843786064,6,0.024066198109791,0.08022066036597
"percentile_latbin_OLS","q75","Northern","collection10_k2_tropical_temperate","Coolhouse","Transitional",9,9,-1.01509234092242,14,0.010842055682496,0.08022066036597
"percentile_latbin_OLS","q75","Northern","collection10_k2_tropical_temperate","Coolhouse","Warmhouse",9,8,-0.627033873395521,19,0.056175598845232,0.14043899711308
"percentile_latbin_OLS","q75","Northern","collection10_k2_tropical_temperate","Coolhouse","Hothouse",9,3,-0.673198935401252,7,0.133628746577194,0.267257493154388
"percentile_latbin_OLS","q75","Northern","collection10_k2_tropical_temperate","Coldhouse","Hothouse",5,3,-0.474066905791795,4,0.185546684761349,0.309244474602248
"percentile_latbin_OLS","q75","Northern","collection10_k2_tropical_temperate","Coldhouse","Coolhouse",5,9,0.199132029609457,28,0.788144601416603,0.875716223796226
"percentile_latbin_OLS","q75","Northern","collection10_k2_tropical_temperate","Transitional","Warmhouse",9,8,0.388058467526901,43,0.764756788970605,0.875716223796226
"percentile_latbin_OLS","q75","Northern","collection10_k2_tropical_temperate","Warmhouse","Hothouse",8,3,-0.0461650620057311,13,0.620268567310033,0.875716223796226
"percentile_latbin_OLS","q75","Northern","collection10_k2_tropical_temperate","Transitional","Hothouse",9,3,0.34189340552117,20,0.902219170800198,0.902219170800198
"percentile_latbin_OLS","q75","Northern","collection10_k2_tropical_temperate_polar","Coldhouse","Warmhouse",3,5,-0.419522545124207,0,0.0184442128535249,0.0553326385605748
"percentile_latbin_OLS","q75","Northern","collection10_k2_tropical_temperate_polar","Coolhouse","Warmhouse",2,5,-0.400974396941372,3,0.280637918067289,0.420956877100933
"percentile_latbin_OLS","q75","Northern","collection10_k2_tropical_temperate_polar","Coldhouse","Coolhouse",3,2,-0.0185481481828351,3,0.613585003657776,0.613585003657776
"percentile_latbin_OLS","q75","Northern","collection10_k2_tropical_temperate_polar","Coldhouse","Transitional",3,1,-0.127624928653146,NA,NA,NA
"percentile_latbin_OLS","q75","Northern","collection10_k2_tropical_temperate_polar","Coldhouse","Hothouse",3,1,-0.02792539507749,NA,NA,NA
"percentile_latbin_OLS","q75","Northern","collection10_k2_tropical_temperate_polar","Coolhouse","Transitional",2,1,-0.109076780470311,NA,NA,NA
"percentile_latbin_OLS","q75","Northern","collection10_k2_tropical_temperate_polar","Coolhouse","Hothouse",2,1,-0.00937724689465491,NA,NA,NA
"percentile_latbin_OLS","q75","Northern","collection10_k2_tropical_temperate_polar","Transitional","Warmhouse",1,5,-0.291897616471062,NA,NA,NA
"percentile_latbin_OLS","q75","Northern","collection10_k2_tropical_temperate_polar","Transitional","Hothouse",1,1,0.0996995335756558,NA,NA,NA
"percentile_latbin_OLS","q75","Northern","collection10_k2_tropical_temperate_polar","Warmhouse","Hothouse",5,1,0.391597150046717,NA,NA,NA
"percentile_latbin_OLS","q75","Northern","collection10_k3_tropical_temperate","Coldhouse","Warmhouse",2,3,-0.394070949774832,0,0.0744573365893828,0.372286682946914
"percentile_latbin_OLS","q75","Northern","collection10_k3_tropical_temperate","Coolhouse","Transitional",3,6,-1.15578583240393,2,0.0466449780918023,0.372286682946914
"percentile_latbin_OLS","q75","Northern","collection10_k3_tropical_temperate","Coldhouse","Transitional",2,6,-0.914443610121384,2,0.121672504574381,0.386476230771233
"percentile_latbin_OLS","q75","Northern","collection10_k3_tropical_temperate","Coldhouse","Hothouse",2,3,-0.431856713118707,1,0.193238115385616,0.386476230771233
"percentile_latbin_OLS","q75","Northern","collection10_k3_tropical_temperate","Coolhouse","Hothouse",3,3,-0.673198935401252,2,0.191366544442613,0.386476230771233
"percentile_latbin_OLS","q75","Northern","collection10_k3_tropical_temperate","Coolhouse","Warmhouse",3,3,-0.635413172057377,3,0.331260291770029,0.552100486283381
"percentile_latbin_OLS","q75","Northern","collection10_k3_tropical_temperate","Warmhouse","Hothouse",3,3,-0.0377857633438747,4,0.5,0.714285714285714
"percentile_latbin_OLS","q75","Northern","collection10_k3_tropical_temperate","Coldhouse","Coolhouse",2,3,0.241342222282545,4,0.806761884614384,0.877360941596614
"percentile_latbin_OLS","q75","Northern","collection10_k3_tropical_temperate","Transitional","Warmhouse",6,3,0.520372660346551,12,0.81692171990297,0.877360941596614
"percentile_latbin_OLS","q75","Northern","collection10_k3_tropical_temperate","Transitional","Hothouse",6,3,0.482586897002677,13,0.877360941596614,0.877360941596614
"percentile_latbin_OLS","q75","Northern","collection10_k3_tropical_temperate_polar","Coldhouse","Coolhouse",1,0,NA,NA,NA,NA
"percentile_latbin_OLS","q75","Northern","collection10_k3_tropical_temperate_polar","Coldhouse","Transitional",1,0,NA,NA,NA,NA
"percentile_latbin_OLS","q75","Northern","collection10_k3_tropical_temperate_polar","Coldhouse","Warmhouse",1,3,-0.351860757101744,NA,NA,NA
"percentile_latbin_OLS","q75","Northern","collection10_k3_tropical_temperate_polar","Coldhouse","Hothouse",1,0,NA,NA,NA,NA
"percentile_latbin_OLS","q75","Northern","collection10_k3_tropical_temperate_polar","Coolhouse","Transitional",0,0,NA,NA,NA,NA
"percentile_latbin_OLS","q75","Northern","collection10_k3_tropical_temperate_polar","Coolhouse","Warmhouse",0,3,NA,NA,NA,NA
"percentile_latbin_OLS","q75","Northern","collection10_k3_tropical_temperate_polar","Coolhouse","Hothouse",0,0,NA,NA,NA,NA
"percentile_latbin_OLS","q75","Northern","collection10_k3_tropical_temperate_polar","Transitional","Warmhouse",0,3,NA,NA,NA,NA
"percentile_latbin_OLS","q75","Northern","collection10_k3_tropical_temperate_polar","Transitional","Hothouse",0,0,NA,NA,NA,NA
"percentile_latbin_OLS","q75","Northern","collection10_k3_tropical_temperate_polar","Warmhouse","Hothouse",3,0,NA,NA,NA,NA
"percentile_latbin_OLS","q75","Southern","occurrence5_k1_tropical_temperate","Coldhouse","Coolhouse",11,17,-0.185051846429143,57,0.045184572485879,0.112961431214698
"percentile_latbin_OLS","q75","Southern","occurrence5_k1_tropical_temperate","Coldhouse","Warmhouse",11,12,-0.358425836541762,37,0.0397106490731382,0.112961431214698
"percentile_latbin_OLS","q75","Southern","occurrence5_k1_tropical_temperate","Coldhouse","Hothouse",11,14,-0.479866884075946,39,0.0200395195334188,0.112961431214698
"percentile_latbin_OLS","q75","Southern","occurrence5_k1_tropical_temperate","Transitional","Hothouse",15,14,-0.258793490014837,59,0.0235287231410864,0.112961431214698
"percentile_latbin_OLS","q75","Southern","occurrence5_k1_tropical_temperate","Coldhouse","Transitional",11,15,-0.221073394061108,57,0.0972299051017488,0.194459810203498
"percentile_latbin_OLS","q75","Southern","occurrence5_k1_tropical_temperate","Coolhouse","Hothouse",17,14,-0.294815037646803,92,0.146423508281361,0.209176440401944
"percentile_latbin_OLS","q75","Southern","occurrence5_k1_tropical_temperate","Warmhouse","Hothouse",12,14,-0.121441047534184,62,0.134397743134389,0.209176440401944
"percentile_latbin_OLS","q75","Southern","occurrence5_k1_tropical_temperate","Transitional","Warmhouse",15,12,-0.137352442480653,70,0.170674656977379,0.213343321221724
"percentile_latbin_OLS","q75","Southern","occurrence5_k1_tropical_temperate","Coolhouse","Warmhouse",17,12,-0.173373990112619,90,0.305296013488631,0.339217792765145
"percentile_latbin_OLS","q75","Southern","occurrence5_k1_tropical_temperate","Coolhouse","Transitional",17,15,-0.0360215476319654,131,0.560032250453912,0.560032250453912
"percentile_latbin_OLS","q75","Southern","occurrence5_k1_tropical_temperate_polar","Coolhouse","Hothouse",9,10,-0.332978757872302,13,0.00505616696066673,0.0431436402077994
"percentile_latbin_OLS","q75","Southern","occurrence5_k1_tropical_temperate_polar","Transitional","Hothouse",10,10,-0.304932989429093,18,0.00862872804155988,0.0431436402077994
"percentile_latbin_OLS","q75","Southern","occurrence5_k1_tropical_temperate_polar","Coolhouse","Warmhouse",9,8,-0.20713961483232,17,0.0375246173604008,0.093811543401002
"percentile_latbin_OLS","q75","Southern","occurrence5_k1_tropical_temperate_polar","Warmhouse","Hothouse",8,10,-0.125839143039982,19,0.0342675089068159,0.093811543401002
"percentile_latbin_OLS","q75","Southern","occurrence5_k1_tropical_temperate_polar","Coldhouse","Hothouse",4,10,-0.236214713811521,12,0.144422183173242,0.255728925478959
"percentile_latbin_OLS","q75","Southern","occurrence5_k1_tropical_temperate_polar","Transitional","Warmhouse",10,8,-0.179093846389111,28,0.153437355287375,0.255728925478959
"percentile_latbin_OLS","q75","Southern","occurrence5_k1_tropical_temperate_polar","Coolhouse","Transitional",9,10,-0.0280457684432086,36,0.243834176729465,0.34833453818495
"percentile_latbin_OLS","q75","Southern","occurrence5_k1_tropical_temperate_polar","Coldhouse","Warmhouse",4,8,-0.110375570771539,14,0.399453334821635,0.499316668527044
"percentile_latbin_OLS","q75","Southern","occurrence5_k1_tropical_temperate_polar","Coldhouse","Transitional",4,10,0.0687182756175721,22,0.638163195084118,0.709070216760132
"percentile_latbin_OLS","q75","Southern","occurrence5_k1_tropical_temperate_polar","Coldhouse","Coolhouse",4,9,0.0967640440607807,22,0.756273354817983,0.756273354817983
"percentile_latbin_OLS","q75","Southern","occurrence5_k2_tropical_temperate","Coldhouse","Coolhouse",8,12,-0.147983105306264,25,0.0412896370761634,0.106616398189926
"percentile_latbin_OLS","q75","Southern","occurrence5_k2_tropical_temperate","Coldhouse","Hothouse",8,11,-0.425203673583949,17,0.0143287751916451,0.106616398189926
"percentile_latbin_OLS","q75","Southern","occurrence5_k2_tropical_temperate","Transitional","Hothouse",7,11,-0.357763073636872,18,0.0350446098049103,0.106616398189926
"percentile_latbin_OLS","q75","Southern","occurrence5_k2_tropical_temperate","Warmhouse","Hothouse",7,11,-0.376381411029936,19,0.0426465592759705,0.106616398189926
"percentile_latbin_OLS","q75","Southern","occurrence5_k2_tropical_temperate","Coldhouse","Transitional",8,7,-0.0674405999470772,20,0.192709116184115,0.321181860306858
"percentile_latbin_OLS","q75","Southern","occurrence5_k2_tropical_temperate","Coolhouse","Hothouse",12,11,-0.277220568277685,51,0.186085719891063,0.321181860306858
"percentile_latbin_OLS","q75","Southern","occurrence5_k2_tropical_temperate","Coldhouse","Warmhouse",8,7,-0.0488222625540131,22,0.262224860903042,0.374606944147203
"percentile_latbin_OLS","q75","Southern","occurrence5_k2_tropical_temperate","Transitional","Warmhouse",7,7,0.0186183373930641,24,0.5,0.625
"percentile_latbin_OLS","q75","Southern","occurrence5_k2_tropical_temperate","Coolhouse","Transitional",12,7,0.080542505359187,53,0.834456664503237,0.834456664503237
"percentile_latbin_OLS","q75","Southern","occurrence5_k2_tropical_temperate","Coolhouse","Warmhouse",12,7,0.099160842752251,53,0.834456664503237,0.834456664503237
"percentile_latbin_OLS","q75","Southern","occurrence5_k2_tropical_temperate_polar","Coolhouse","Hothouse",6,6,-0.31391884910546,6,0.0327760805827513,0.139934934275407
"percentile_latbin_OLS","q75","Southern","occurrence5_k2_tropical_temperate_polar","Transitional","Hothouse",3,6,-0.357614544697268,2,0.0466449780918023,0.139934934275407
"percentile_latbin_OLS","q75","Southern","occurrence5_k2_tropical_temperate_polar","Coolhouse","Warmhouse",6,4,-0.120875308763917,8,0.227772546894665,0.341658820341998
"percentile_latbin_OLS","q75","Southern","occurrence5_k2_tropical_temperate_polar","Warmhouse","Hothouse",4,6,-0.193043540341544,8,0.227772546894665,0.341658820341998
"percentile_latbin_OLS","q75","Southern","occurrence5_k2_tropical_temperate_polar","Transitional","Warmhouse",3,4,-0.164571004355724,4,0.297941545282589,0.357529854339107
"percentile_latbin_OLS","q75","Southern","occurrence5_k2_tropical_temperate_polar","Coolhouse","Transitional",6,3,0.0436956955918074,10,0.650732320848331,0.650732320848331
"percentile_latbin_OLS","q75","Southern","occurrence5_k2_tropical_temperate_polar","Coldhouse","Coolhouse",1,6,0.170051359471322,NA,NA,NA
"percentile_latbin_OLS","q75","Southern","occurrence5_k2_tropical_temperate_polar","Coldhouse","Transitional",1,3,0.213747055063129,NA,NA,NA
"percentile_latbin_OLS","q75","Southern","occurrence5_k2_tropical_temperate_polar","Coldhouse","Warmhouse",1,4,0.049176050707405,NA,NA,NA
"percentile_latbin_OLS","q75","Southern","occurrence5_k2_tropical_temperate_polar","Coldhouse","Hothouse",1,6,-0.143867489634139,NA,NA,NA
"percentile_latbin_OLS","q75","Southern","occurrence5_k3_tropical_temperate","Coldhouse","Hothouse",2,6,-0.367051445912154,2,0.121672504574381,0.304181261435953
"percentile_latbin_OLS","q75","Southern","occurrence5_k3_tropical_temperate","Coolhouse","Hothouse",7,6,-0.340647846048777,12,0.11231931946189,0.304181261435953
"percentile_latbin_OLS","q75","Southern","occurrence5_k3_tropical_temperate","Transitional","Hothouse",5,6,-0.399005354901627,7,0.0854517601153987,0.304181261435953
"percentile_latbin_OLS","q75","Southern","occurrence5_k3_tropical_temperate","Warmhouse","Hothouse",4,6,-0.391832632682307,6,0.120477334350785,0.304181261435953
"percentile_latbin_OLS","q75","Southern","occurrence5_k3_tropical_temperate","Coldhouse","Coolhouse",2,7,-0.0264035998633769,5,0.330274602600837,0.660549205201673
"percentile_latbin_OLS","q75","Southern","occurrence5_k3_tropical_temperate","Transitional","Warmhouse",5,4,-0.00717272221931997,9,0.45126162508884,0.7521027084814
"percentile_latbin_OLS","q75","Southern","occurrence5_k3_tropical_temperate","Coldhouse","Transitional",2,5,0.0319539089894734,6,0.719362081932711,0.756273354817983
"percentile_latbin_OLS","q75","Southern","occurrence5_k3_tropical_temperate","Coldhouse","Warmhouse",2,4,0.0247811867701535,5,0.756273354817983,0.756273354817983
"percentile_latbin_OLS","q75","Southern","occurrence5_k3_tropical_temperate","Coolhouse","Transitional",7,5,0.0583575088528503,20,0.686941260041631,0.756273354817983
"percentile_latbin_OLS","q75","Southern","occurrence5_k3_tropical_temperate","Coolhouse","Warmhouse",7,4,0.0511847866335303,15,0.611592997922259,0.756273354817983
"percentile_latbin_OLS","q75","Southern","occurrence5_k3_tropical_temperate_polar","Coolhouse","Hothouse",4,2,-0.662661520856508,0,0.0525962525600207,0.245278116806773
"percentile_latbin_OLS","q75","Southern","occurrence5_k3_tropical_temperate_polar","Transitional","Hothouse",2,2,-0.50669001213152,0,0.122639058403386,0.245278116806773
"percentile_latbin_OLS","q75","Southern","occurrence5_k3_tropical_temperate_polar","Warmhouse","Hothouse",2,2,-0.441800157015556,0,0.122639058403386,0.245278116806773
"percentile_latbin_OLS","q75","Southern","occurrence5_k3_tropical_temperate_polar","Coolhouse","Transitional",4,2,-0.155971508724988,2,0.243726645182017,0.292471974218421
"percentile_latbin_OLS","q75","Southern","occurrence5_k3_tropical_temperate_polar","Coolhouse","Warmhouse",4,2,-0.220861363840953,2,0.243726645182017,0.292471974218421
"percentile_latbin_OLS","q75","Southern","occurrence5_k3_tropical_temperate_polar","Transitional","Warmhouse",2,2,-0.0648898551159644,2,0.650732320848331,0.650732320848331
"percentile_latbin_OLS","q75","Southern","occurrence5_k3_tropical_temperate_polar","Coldhouse","Coolhouse",0,4,NA,NA,NA,NA
"percentile_latbin_OLS","q75","Southern","occurrence5_k3_tropical_temperate_polar","Coldhouse","Transitional",0,2,NA,NA,NA,NA
"percentile_latbin_OLS","q75","Southern","occurrence5_k3_tropical_temperate_polar","Coldhouse","Warmhouse",0,2,NA,NA,NA,NA
"percentile_latbin_OLS","q75","Southern","occurrence5_k3_tropical_temperate_polar","Coldhouse","Hothouse",0,2,NA,NA,NA,NA
"percentile_latbin_OLS","q75","Southern","occurrence10_k1_tropical_temperate","Coldhouse","Hothouse",11,14,-0.567634244010157,34,0.00999174195635864,0.0999174195635864
"percentile_latbin_OLS","q75","Southern","occurrence10_k1_tropical_temperate","Transitional","Hothouse",13,14,-0.346560849949049,53,0.0343999939827828,0.171999969913914
"percentile_latbin_OLS","q75","Southern","occurrence10_k1_tropical_temperate","Coldhouse","Warmhouse",11,11,-0.360694238380077,38,0.0742808874459343,0.185702218614836
"percentile_latbin_OLS","q75","Southern","occurrence10_k1_tropical_temperate","Warmhouse","Hothouse",11,14,-0.20694000563008,50,0.0734261936013668,0.185702218614836
"percentile_latbin_OLS","q75","Southern","occurrence10_k1_tropical_temperate","Coldhouse","Coolhouse",11,17,-0.180079523242921,67,0.110655428912594,0.19356154378899
"percentile_latbin_OLS","q75","Southern","occurrence10_k1_tropical_temperate","Coldhouse","Transitional",11,13,-0.221073394061108,52,0.135493080652293,0.19356154378899
"percentile_latbin_OLS","q75","Southern","occurrence10_k1_tropical_temperate","Coolhouse","Hothouse",17,14,-0.387554720767237,89,0.120803574116573,0.19356154378899
"percentile_latbin_OLS","q75","Southern","occurrence10_k1_tropical_temperate","Coolhouse","Warmhouse",17,11,-0.180614715137156,81,0.286212202796106,0.31801355866234
"percentile_latbin_OLS","q75","Southern","occurrence10_k1_tropical_temperate","Transitional","Warmhouse",13,11,-0.139620844318969,61,0.281171302589572,0.31801355866234
"percentile_latbin_OLS","q75","Southern","occurrence10_k1_tropical_temperate","Coolhouse","Transitional",17,13,-0.0409938708181876,113,0.549958007995712,0.549958007995712
"percentile_latbin_OLS","q75","Southern","occurrence10_k1_tropical_temperate_polar","Coolhouse","Warmhouse",9,8,-0.288112636093469,14,0.0192806237987123,0.0642687459957077
"percentile_latbin_OLS","q75","Southern","occurrence10_k1_tropical_temperate_polar","Coolhouse","Hothouse",9,8,-0.481588127591329,11,0.00919889071178696,0.0642687459957077
"percentile_latbin_OLS","q75","Southern","occurrence10_k1_tropical_temperate_polar","Transitional","Hothouse",7,8,-0.488524135906095,9,0.0161386730473986,0.0642687459957077
"percentile_latbin_OLS","q75","Southern","occurrence10_k1_tropical_temperate_polar","Warmhouse","Hothouse",8,8,-0.193475491497861,17,0.0639038004737723,0.159759501184431
"percentile_latbin_OLS","q75","Southern","occurrence10_k1_tropical_temperate_polar","Transitional","Warmhouse",7,8,-0.295048644408234,16,0.0916164884644109,0.183232976928822
"percentile_latbin_OLS","q75","Southern","occurrence10_k1_tropical_temperate_polar","Coldhouse","Hothouse",4,8,-0.300057409320144,10,0.175118792409497,0.291864654015828
"percentile_latbin_OLS","q75","Southern","occurrence10_k1_tropical_temperate_polar","Coldhouse","Warmhouse",4,8,-0.106581917822283,15,0.466162186674167,0.582702733342708
"percentile_latbin_OLS","q75","Southern","occurrence10_k1_tropical_temperate_polar","Coolhouse","Transitional",9,7,0.00693600831476515,30,0.457850196765661,0.582702733342708
"percentile_latbin_OLS","q75","Southern","occurrence10_k1_tropical_temperate_polar","Coldhouse","Coolhouse",4,9,0.181530718271186,23,0.801967089645531,0.802454207547925
"percentile_latbin_OLS","q75","Southern","occurrence10_k1_tropical_temperate_polar","Coldhouse","Transitional",4,7,0.188466726585951,18,0.802454207547925,0.802454207547925
"percentile_latbin_OLS","q75","Southern","occurrence10_k2_tropical_temperate","Coldhouse","Coolhouse",5,10,-0.131825232703761,13,0.0794979544386508,0.264993181462169
"percentile_latbin_OLS","q75","Southern","occurrence10_k2_tropical_temperate","Coldhouse","Hothouse",5,8,-0.629388935506491,9,0.0621414370312762,0.264993181462169
"percentile_latbin_OLS","q75","Southern","occurrence10_k2_tropical_temperate","Transitional","Hothouse",7,8,-0.548571690453379,14,0.0591061443898281,0.264993181462169
"percentile_latbin_OLS","q75","Southern","occurrence10_k2_tropical_temperate","Warmhouse","Hothouse",7,8,-0.641946325097221,17,0.112156563255577,0.280391408138942
"percentile_latbin_OLS","q75","Southern","occurrence10_k2_tropical_temperate","Coldhouse","Transitional",5,7,-0.0808172450531122,16,0.435495597398732,0.625
"percentile_latbin_OLS","q75","Southern","occurrence10_k2_tropical_temperate","Coldhouse","Warmhouse",5,7,0.0125573895907294,17,0.5,0.625
"percentile_latbin_OLS","q75","Southern","occurrence10_k2_tropical_temperate","Coolhouse","Hothouse",10,8,-0.49756370280273,37,0.41210601955166,0.625
"percentile_latbin_OLS","q75","Southern","occurrence10_k2_tropical_temperate","Transitional","Warmhouse",7,7,0.0933746346438416,23,0.449163393634619,0.625
"percentile_latbin_OLS","q75","Southern","occurrence10_k2_tropical_temperate","Coolhouse","Transitional",10,7,0.0510079876506488,45,0.847246456569373,0.847246456569373
"percentile_latbin_OLS","q75","Southern","occurrence10_k2_tropical_temperate","Coolhouse","Warmhouse",10,7,0.14438262229449,45,0.847246456569373,0.847246456569373
"percentile_latbin_OLS","q75","Southern","occurrence10_k2_tropical_temperate_polar","Coolhouse","Hothouse",6,2,-0.632376202704884,0,0.0333765075848173,0.148914673178766
"percentile_latbin_OLS","q75","Southern","occurrence10_k2_tropical_temperate_polar","Transitional","Hothouse",3,2,-0.548571690453379,0,0.0744573365893828,0.148914673178766
"percentile_latbin_OLS","q75","Southern","occurrence10_k2_tropical_temperate_polar","Warmhouse","Hothouse",4,2,-0.475296243603738,0,0.0525962525600207,0.148914673178766
"percentile_latbin_OLS","q75","Southern","occurrence10_k2_tropical_temperate_polar","Coolhouse","Warmhouse",6,4,-0.157079959101146,7,0.168677825888181,0.253016738832271
"percentile_latbin_OLS","q75","Southern","occurrence10_k2_tropical_temperate_polar","Transitional","Warmhouse",3,4,-0.0732754468496416,4,0.297941545282589,0.357529854339107
"percentile_latbin_OLS","q75","Southern","occurrence10_k2_tropical_temperate_polar","Coolhouse","Transitional",6,3,-0.0838045122515049,8,0.448639480630042,0.448639480630042
"percentile_latbin_OLS","q75","Southern","occurrence10_k2_tropical_temperate_polar","Coldhouse","Coolhouse",0,6,NA,NA,NA,NA
"percentile_latbin_OLS","q75","Southern","occurrence10_k2_tropical_temperate_polar","Coldhouse","Transitional",0,3,NA,NA,NA,NA
"percentile_latbin_OLS","q75","Southern","occurrence10_k2_tropical_temperate_polar","Coldhouse","Warmhouse",0,4,NA,NA,NA,NA
"percentile_latbin_OLS","q75","Southern","occurrence10_k2_tropical_temperate_polar","Coldhouse","Hothouse",0,2,NA,NA,NA,NA
"percentile_latbin_OLS","q75","Southern","occurrence10_k3_tropical_temperate","Transitional","Hothouse",5,4,-0.744370199551381,1,0.0186682079603315,0.0560046238809944
"percentile_latbin_OLS","q75","Southern","occurrence10_k3_tropical_temperate","Warmhouse","Hothouse",4,4,-0.824567081970515,0,0.0151914109882887,0.0560046238809944
"percentile_latbin_OLS","q75","Southern","occurrence10_k3_tropical_temperate","Coolhouse","Hothouse",6,4,-0.729346011249465,4,0.0549097044076186,0.109819408815237
"percentile_latbin_OLS","q75","Southern","occurrence10_k3_tropical_temperate","Coolhouse","Transitional",6,5,0.0150241883019156,16,0.60790438529919,0.625440433499702
"percentile_latbin_OLS","q75","Southern","occurrence10_k3_tropical_temperate","Coolhouse","Warmhouse",6,4,0.09522107072105,13,0.625440433499702,0.625440433499702
"percentile_latbin_OLS","q75","Southern","occurrence10_k3_tropical_temperate","Transitional","Warmhouse",5,4,0.0801968824191344,10,0.54873837491116,0.625440433499702
"percentile_latbin_OLS","q75","Southern","occurrence10_k3_tropical_temperate","Coldhouse","Coolhouse",1,6,-0.0958414333550277,NA,NA,NA
"percentile_latbin_OLS","q75","Southern","occurrence10_k3_tropical_temperate","Coldhouse","Transitional",1,5,-0.0808172450531122,NA,NA,NA
"percentile_latbin_OLS","q75","Southern","occurrence10_k3_tropical_temperate","Coldhouse","Warmhouse",1,4,-0.000620362633977745,NA,NA,NA
"percentile_latbin_OLS","q75","Southern","occurrence10_k3_tropical_temperate","Coldhouse","Hothouse",1,4,-0.825187444604493,NA,NA,NA
"percentile_latbin_OLS","q75","Southern","occurrence10_k3_tropical_temperate_polar","Coolhouse","Transitional",3,2,-0.206294035130655,1,0.193238115385616,0.23188573846274
"percentile_latbin_OLS","q75","Southern","occurrence10_k3_tropical_temperate_polar","Coolhouse","Warmhouse",3,2,-0.242707541263691,1,0.193238115385616,0.23188573846274
"percentile_latbin_OLS","q75","Southern","occurrence10_k3_tropical_temperate_polar","Coolhouse","Hothouse",3,2,-0.679392906116931,0,0.0744573365893828,0.23188573846274
"percentile_latbin_OLS","q75","Southern","occurrence10_k3_tropical_temperate_polar","Transitional","Hothouse",2,2,-0.473098870986275,0,0.122639058403386,0.23188573846274
"percentile_latbin_OLS","q75","Southern","occurrence10_k3_tropical_temperate_polar","Warmhouse","Hothouse",2,2,-0.43668536485324,0,0.122639058403386,0.23188573846274
"percentile_latbin_OLS","q75","Southern","occurrence10_k3_tropical_temperate_polar","Transitional","Warmhouse",2,2,-0.0364135061330352,2,0.650732320848331,0.650732320848331
"percentile_latbin_OLS","q75","Southern","occurrence10_k3_tropical_temperate_polar","Coldhouse","Coolhouse",0,3,NA,NA,NA,NA
"percentile_latbin_OLS","q75","Southern","occurrence10_k3_tropical_temperate_polar","Coldhouse","Transitional",0,2,NA,NA,NA,NA
"percentile_latbin_OLS","q75","Southern","occurrence10_k3_tropical_temperate_polar","Coldhouse","Warmhouse",0,2,NA,NA,NA,NA
"percentile_latbin_OLS","q75","Southern","occurrence10_k3_tropical_temperate_polar","Coldhouse","Hothouse",0,2,NA,NA,NA,NA
"percentile_latbin_OLS","q75","Southern","collection5_k1_tropical_temperate","Coldhouse","Hothouse",11,13,-0.543448064544021,32,0.0119253644275242,0.119253644275242
"percentile_latbin_OLS","q75","Southern","collection5_k1_tropical_temperate","Coolhouse","Hothouse",16,13,-0.481128691667277,66,0.0500381553662249,0.125095388415562
"percentile_latbin_OLS","q75","Southern","collection5_k1_tropical_temperate","Transitional","Hothouse",15,13,-0.356102802204191,55,0.0265108316201816,0.125095388415562
"percentile_latbin_OLS","q75","Southern","collection5_k1_tropical_temperate","Warmhouse","Hothouse",11,13,-0.26126227344993,42,0.0464631110773492,0.125095388415562
"percentile_latbin_OLS","q75","Southern","collection5_k1_tropical_temperate","Coldhouse","Warmhouse",11,11,-0.282185791094091,39,0.0839527378263175,0.167905475652635
"percentile_latbin_OLS","q75","Southern","collection5_k1_tropical_temperate","Coldhouse","Coolhouse",11,16,-0.0623193728767446,64,0.123097732083656,0.18109843299853
"percentile_latbin_OLS","q75","Southern","collection5_k1_tropical_temperate","Coldhouse","Transitional",11,15,-0.18734526233983,60,0.126768903098971,0.18109843299853
"percentile_latbin_OLS","q75","Southern","collection5_k1_tropical_temperate","Coolhouse","Warmhouse",16,11,-0.219866418217347,70,0.193914383312819,0.242392979141023
"percentile_latbin_OLS","q75","Southern","collection5_k1_tropical_temperate","Coolhouse","Transitional",16,15,-0.125025889463086,107,0.310615701164636,0.310615701164636
"percentile_latbin_OLS","q75","Southern","collection5_k1_tropical_temperate","Transitional","Warmhouse",15,11,-0.094840528754261,72,0.301880616054096,0.310615701164636
"percentile_latbin_OLS","q75","Southern","collection5_k1_tropical_temperate_polar","Coolhouse","Hothouse",9,7,-0.53759305540013,5,0.00296043389979122,0.0296043389979122
"percentile_latbin_OLS","q75","Southern","collection5_k1_tropical_temperate_polar","Coolhouse","Warmhouse",9,7,-0.310950353933607,10,0.013112090674369,0.0437069689145634
"percentile_latbin_OLS","q75","Southern","collection5_k1_tropical_temperate_polar","Transitional","Hothouse",9,7,-0.465653982650912,9,0.00993676784541088,0.0437069689145634
"percentile_latbin_OLS","q75","Southern","collection5_k1_tropical_temperate_polar","Warmhouse","Hothouse",7,7,-0.226642701466523,9,0.027642496358512,0.0691062408962801
"percentile_latbin_OLS","q75","Southern","collection5_k1_tropical_temperate_polar","Coldhouse","Hothouse",4,7,-0.382694383190527,7,0.109651324839659,0.182752208066099
"percentile_latbin_OLS","q75","Southern","collection5_k1_tropical_temperate_polar","Coolhouse","Transitional",9,9,-0.0719390727492185,26,0.108186504028819,0.182752208066099
"percentile_latbin_OLS","q75","Southern","collection5_k1_tropical_temperate_polar","Transitional","Warmhouse",9,7,-0.239011281184389,22,0.170380923857046,0.243401319795781
"percentile_latbin_OLS","q75","Southern","collection5_k1_tropical_temperate_polar","Coldhouse","Warmhouse",4,7,-0.156051681724003,11,0.3183008162818,0.397876020352251
"percentile_latbin_OLS","q75","Southern","collection5_k1_tropical_temperate_polar","Coldhouse","Transitional",4,9,0.0829595994603856,18,0.530748557610764,0.589720619567516
"percentile_latbin_OLS","q75","Southern","collection5_k1_tropical_temperate_polar","Coldhouse","Coolhouse",4,9,0.154898672209604,23,0.801967089645531,0.801967089645531
"percentile_latbin_OLS","q75","Southern","collection5_k2_tropical_temperate","Coldhouse","Hothouse",4,6,-1.08441642584107,2,0.0214128046154457,0.0896401481039972
"percentile_latbin_OLS","q75","Southern","collection5_k2_tropical_temperate","Transitional","Hothouse",7,6,-0.67640420687344,5,0.0134045653577979,0.0896401481039972
"percentile_latbin_OLS","q75","Southern","collection5_k2_tropical_temperate","Warmhouse","Hothouse",7,6,-0.705644290935984,7,0.0268920444311991,0.0896401481039972
"percentile_latbin_OLS","q75","Southern","collection5_k2_tropical_temperate","Coldhouse","Coolhouse",4,10,-0.485862872395336,10,0.089554596363361,0.212292635825365
"percentile_latbin_OLS","q75","Southern","collection5_k2_tropical_temperate","Coldhouse","Warmhouse",4,7,-0.378772134905087,7,0.109651324839659,0.212292635825365
"percentile_latbin_OLS","q75","Southern","collection5_k2_tropical_temperate","Coolhouse","Hothouse",10,6,-0.598553553445736,19,0.127375581495219,0.212292635825365
"percentile_latbin_OLS","q75","Southern","collection5_k2_tropical_temperate","Coldhouse","Transitional",4,7,-0.408012218967632,11,0.3183008162818,0.397876020352251
"percentile_latbin_OLS","q75","Southern","collection5_k2_tropical_temperate","Transitional","Warmhouse",7,7,0.0292400840625446,20,0.304640079652051,0.397876020352251
"percentile_latbin_OLS","q75","Southern","collection5_k2_tropical_temperate","Coolhouse","Transitional",10,7,0.0778506534277039,46,0.869129376904822,0.869129376904822
"percentile_latbin_OLS","q75","Southern","collection5_k2_tropical_temperate","Coolhouse","Warmhouse",10,7,0.107090737490248,43,0.796593491289513,0.869129376904822
"percentile_latbin_OLS","q75","Southern","collection5_k2_tropical_temperate_polar","Coolhouse","Hothouse",6,3,-0.510564670839345,0,0.0140929010739537,0.0845574064437222
"percentile_latbin_OLS","q75","Southern","collection5_k2_tropical_temperate_polar","Transitional","Hothouse",3,3,-0.465653982650912,1,0.095215131912762,0.285645395738286
"percentile_latbin_OLS","q75","Southern","collection5_k2_tropical_temperate_polar","Coolhouse","Warmhouse",6,3,-0.396065743653563,5,0.18307828009703,0.28704981666392
"percentile_latbin_OLS","q75","Southern","collection5_k2_tropical_temperate_polar","Warmhouse","Hothouse",3,3,-0.114498927185783,2,0.191366544442613,0.28704981666392
"percentile_latbin_OLS","q75","Southern","collection5_k2_tropical_temperate_polar","Coolhouse","Transitional",6,3,-0.044910688188433,6,0.259302508214363,0.311163009857235
"percentile_latbin_OLS","q75","Southern","collection5_k2_tropical_temperate_polar","Transitional","Warmhouse",3,3,-0.35115505546513,3,0.331260291770029,0.331260291770029
"percentile_latbin_OLS","q75","Southern","collection5_k2_tropical_temperate_polar","Coldhouse","Coolhouse",1,6,0.267392938113191,NA,NA,NA
"percentile_latbin_OLS","q75","Southern","collection5_k2_tropical_temperate_polar","Coldhouse","Transitional",1,3,0.222482249924758,NA,NA,NA
"percentile_latbin_OLS","q75","Southern","collection5_k2_tropical_temperate_polar","Coldhouse","Warmhouse",1,3,-0.128672805540371,NA,NA,NA
"percentile_latbin_OLS","q75","Southern","collection5_k2_tropical_temperate_polar","Coldhouse","Hothouse",1,3,-0.243171732726154,NA,NA,NA
"percentile_latbin_OLS","q75","Southern","collection5_k3_tropical_temperate","Coolhouse","Hothouse",5,4,-0.71946841822085,0,0.00998222665260803,0.0598933599156482
"percentile_latbin_OLS","q75","Southern","collection5_k3_tropical_temperate","Transitional","Hothouse",4,4,-0.738328719988923,1,0.030300984856003,0.0606019697120061
"percentile_latbin_OLS","q75","Southern","collection5_k3_tropical_temperate","Warmhouse","Hothouse",4,4,-0.64978492831309,1,0.030300984856003,0.0606019697120061
"percentile_latbin_OLS","q75","Southern","collection5_k3_tropical_temperate","Coolhouse","Warmhouse",5,4,-0.0696834899077602,7,0.27014568730371,0.324174824764452
"percentile_latbin_OLS","q75","Southern","collection5_k3_tropical_temperate","Transitional","Warmhouse",4,4,-0.0885437916758326,5,0.235243211029395,0.324174824764452
"percentile_latbin_OLS","q75","Southern","collection5_k3_tropical_temperate","Coolhouse","Transitional",5,4,0.0188603017680724,12,0.72985431269629,0.72985431269629
"percentile_latbin_OLS","q75","Southern","collection5_k3_tropical_temperate","Coldhouse","Coolhouse",0,5,NA,NA,NA,NA
"percentile_latbin_OLS","q75","Southern","collection5_k3_tropical_temperate","Coldhouse","Transitional",0,4,NA,NA,NA,NA
"percentile_latbin_OLS","q75","Southern","collection5_k3_tropical_temperate","Coldhouse","Warmhouse",0,4,NA,NA,NA,NA
"percentile_latbin_OLS","q75","Southern","collection5_k3_tropical_temperate","Coldhouse","Hothouse",0,4,NA,NA,NA,NA
"percentile_latbin_OLS","q75","Southern","collection5_k3_tropical_temperate_polar","Coolhouse","Hothouse",3,2,-0.842510856596037,0,0.0744573365893828,0.0744573365893828
"percentile_latbin_OLS","q75","Southern","collection5_k3_tropical_temperate_polar","Coldhouse","Coolhouse",0,3,NA,NA,NA,NA
"percentile_latbin_OLS","q75","Southern","collection5_k3_tropical_temperate_polar","Coldhouse","Transitional",0,1,NA,NA,NA,NA
"percentile_latbin_OLS","q75","Southern","collection5_k3_tropical_temperate_polar","Coldhouse","Warmhouse",0,1,NA,NA,NA,NA
"percentile_latbin_OLS","q75","Southern","collection5_k3_tropical_temperate_polar","Coldhouse","Hothouse",0,2,NA,NA,NA,NA
"percentile_latbin_OLS","q75","Southern","collection5_k3_tropical_temperate_polar","Coolhouse","Transitional",3,1,-0.423480223722367,NA,NA,NA
"percentile_latbin_OLS","q75","Southern","collection5_k3_tropical_temperate_polar","Coolhouse","Warmhouse",3,1,-0.492467030713842,NA,NA,NA
"percentile_latbin_OLS","q75","Southern","collection5_k3_tropical_temperate_polar","Transitional","Warmhouse",1,1,-0.0689868069914745,NA,NA,NA
"percentile_latbin_OLS","q75","Southern","collection5_k3_tropical_temperate_polar","Transitional","Hothouse",1,2,-0.41903063287367,NA,NA,NA
"percentile_latbin_OLS","q75","Southern","collection5_k3_tropical_temperate_polar","Warmhouse","Hothouse",1,2,-0.350043825882195,NA,NA,NA
"percentile_latbin_OLS","q75","Southern","collection10_k1_tropical_temperate","Coolhouse","Hothouse",15,10,-0.983392355270761,19,0.00103992713732247,0.0103992713732247
"percentile_latbin_OLS","q75","Southern","collection10_k1_tropical_temperate","Coolhouse","Warmhouse",15,7,-0.605150900368686,17,0.00680917358704821,0.034045867935241
"percentile_latbin_OLS","q75","Southern","collection10_k1_tropical_temperate","Coldhouse","Hothouse",5,10,-1.14315622167969,6,0.0117324891443428,0.0391082971478094
"percentile_latbin_OLS","q75","Southern","collection10_k1_tropical_temperate","Coldhouse","Warmhouse",5,7,-0.76491476677761,6,0.0370176239274483,0.0876687951299293
"percentile_latbin_OLS","q75","Southern","collection10_k1_tropical_temperate","Warmhouse","Hothouse",7,10,-0.378241454902075,17,0.0438343975649646,0.0876687951299293
"percentile_latbin_OLS","q75","Southern","collection10_k1_tropical_temperate","Transitional","Hothouse",9,10,-0.687494098128094,25,0.0556734432665702,0.0927890721109504
"percentile_latbin_OLS","q75","Southern","collection10_k1_tropical_temperate","Coldhouse","Transitional",5,9,-0.455662123551591,14,0.143061192195509,0.178826490244386
"percentile_latbin_OLS","q75","Southern","collection10_k1_tropical_temperate","Coolhouse","Transitional",15,9,-0.295898257142666,48,0.128619492590513,0.178826490244386
"percentile_latbin_OLS","q75","Southern","collection10_k1_tropical_temperate","Coldhouse","Coolhouse",5,15,-0.159763866408924,33,0.363488866872559,0.363488866872559
"percentile_latbin_OLS","q75","Southern","collection10_k1_tropical_temperate","Transitional","Warmhouse",9,7,-0.30925264322602,27,0.33599993550481,0.363488866872559
"percentile_latbin_OLS","q75","Southern","collection10_k1_tropical_temperate_polar","Coolhouse","Hothouse",7,3,-1.26878993929066,0,0.0113272470400447,0.0863832120298495
"percentile_latbin_OLS","q75","Southern","collection10_k1_tropical_temperate_polar","Transitional","Hothouse",5,3,-1.13244986734716,0,0.0184442128535249,0.0863832120298495
"percentile_latbin_OLS","q75","Southern","collection10_k1_tropical_temperate_polar","Warmhouse","Hothouse",4,3,-0.818139137454874,0,0.0259149636089548,0.0863832120298495
"percentile_latbin_OLS","q75","Southern","collection10_k1_tropical_temperate_polar","Coolhouse","Warmhouse",7,4,-0.450650801835783,4,0.0363004697249787,0.0907511743124467
"percentile_latbin_OLS","q75","Southern","collection10_k1_tropical_temperate_polar","Coldhouse","Hothouse",2,3,-0.812366355568997,0,0.0744573365893828,0.148914673178766
"percentile_latbin_OLS","q75","Southern","collection10_k1_tropical_temperate_polar","Transitional","Warmhouse",5,4,-0.314310729892287,7,0.27014568730371,0.45024281217285
"percentile_latbin_OLS","q75","Southern","collection10_k1_tropical_temperate_polar","Coolhouse","Transitional",7,5,-0.136340071943496,16,0.435495597398732,0.622136567712474
"percentile_latbin_OLS","q75","Southern","collection10_k1_tropical_temperate_polar","Coldhouse","Warmhouse",2,4,0.00577278188587751,4,0.591519339142304,0.73939917392788
"percentile_latbin_OLS","q75","Southern","collection10_k1_tropical_temperate_polar","Coldhouse","Coolhouse",2,7,0.456423583721661,13,0.971480062875472,0.971480062875472
"percentile_latbin_OLS","q75","Southern","collection10_k1_tropical_temperate_polar","Coldhouse","Transitional",2,5,0.320083511778165,8,0.912377877299997,0.971480062875472
"percentile_latbin_OLS","q75","Southern","collection10_k2_tropical_temperate","Coolhouse","Hothouse",8,3,-1.14168814714759,0,0.00945177150556067,0.033981741120134
"percentile_latbin_OLS","q75","Southern","collection10_k2_tropical_temperate","Warmhouse","Hothouse",7,3,-0.663639038921972,0,0.0113272470400447,0.033981741120134
"percentile_latbin_OLS","q75","Southern","collection10_k2_tropical_temperate","Transitional","Hothouse",6,3,-1.05267077474758,1,0.0264037557080568,0.0528075114161136
"percentile_latbin_OLS","q75","Southern","collection10_k2_tropical_temperate","Coolhouse","Warmhouse",8,7,-0.478049108225614,14,0.0591061443898281,0.0886592165847422
"percentile_latbin_OLS","q75","Southern","collection10_k2_tropical_temperate","Transitional","Warmhouse",6,7,-0.389031735825605,16,0.260158400253683,0.31219008030442
"percentile_latbin_OLS","q75","Southern","collection10_k2_tropical_temperate","Coolhouse","Transitional",8,6,-0.0890173724000092,23,0.474266258425322,0.474266258425322
"percentile_latbin_OLS","q75","Southern","collection10_k2_tropical_temperate","Coldhouse","Coolhouse",1,8,0.173013264817916,NA,NA,NA
"percentile_latbin_OLS","q75","Southern","collection10_k2_tropical_temperate","Coldhouse","Transitional",1,6,0.0839958924179071,NA,NA,NA
"percentile_latbin_OLS","q75","Southern","collection10_k2_tropical_temperate","Coldhouse","Warmhouse",1,7,-0.305035843407698,NA,NA,NA
"percentile_latbin_OLS","q75","Southern","collection10_k2_tropical_temperate","Coldhouse","Hothouse",1,3,-0.968674882329669,NA,NA,NA
"percentile_latbin_OLS","q75","Southern","collection10_k2_tropical_temperate_polar","Coolhouse","Hothouse",3,2,-1.02275638557383,0,0.0744573365893828,0.223372009768148
"percentile_latbin_OLS","q75","Southern","collection10_k2_tropical_temperate_polar","Warmhouse","Hothouse",3,2,-0.459234129109399,0,0.0744573365893828,0.223372009768148
"percentile_latbin_OLS","q75","Southern","collection10_k2_tropical_temperate_polar","Transitional","Hothouse",2,2,-0.975043096967312,0,0.122639058403386,0.245278116806773
"percentile_latbin_OLS","q75","Southern","collection10_k2_tropical_temperate_polar","Coolhouse","Warmhouse",3,3,-0.563522256464435,2,0.191366544442613,0.28704981666392
"percentile_latbin_OLS","q75","Southern","collection10_k2_tropical_temperate_polar","Coolhouse","Transitional",3,2,-0.0477132886065216,3,0.613585003657776,0.613585003657776
"percentile_latbin_OLS","q75","Southern","collection10_k2_tropical_temperate_polar","Transitional","Warmhouse",2,3,-0.515808967857913,3,0.613585003657776,0.613585003657776
"percentile_latbin_OLS","q75","Southern","collection10_k2_tropical_temperate_polar","Coldhouse","Coolhouse",0,3,NA,NA,NA,NA
"percentile_latbin_OLS","q75","Southern","collection10_k2_tropical_temperate_polar","Coldhouse","Transitional",0,2,NA,NA,NA,NA
"percentile_latbin_OLS","q75","Southern","collection10_k2_tropical_temperate_polar","Coldhouse","Warmhouse",0,3,NA,NA,NA,NA
"percentile_latbin_OLS","q75","Southern","collection10_k2_tropical_temperate_polar","Coldhouse","Hothouse",0,2,NA,NA,NA,NA
"percentile_latbin_OLS","q75","Southern","collection10_k3_tropical_temperate","Warmhouse","Hothouse",4,2,-0.469549341033256,0,0.0525962525600207,0.0525962525600207
"percentile_latbin_OLS","q75","Southern","collection10_k3_tropical_temperate","Coldhouse","Coolhouse",0,1,NA,NA,NA,NA
"percentile_latbin_OLS","q75","Southern","collection10_k3_tropical_temperate","Coldhouse","Transitional",0,1,NA,NA,NA,NA
"percentile_latbin_OLS","q75","Southern","collection10_k3_tropical_temperate","Coldhouse","Warmhouse",0,4,NA,NA,NA,NA
"percentile_latbin_OLS","q75","Southern","collection10_k3_tropical_temperate","Coldhouse","Hothouse",0,2,NA,NA,NA,NA
"percentile_latbin_OLS","q75","Southern","collection10_k3_tropical_temperate","Coolhouse","Transitional",1,1,1.3586615274011,NA,NA,NA
"percentile_latbin_OLS","q75","Southern","collection10_k3_tropical_temperate","Coolhouse","Warmhouse",1,4,-0.140711666466212,NA,NA,NA
"percentile_latbin_OLS","q75","Southern","collection10_k3_tropical_temperate","Coolhouse","Hothouse",1,2,-0.610261007499468,NA,NA,NA
"percentile_latbin_OLS","q75","Southern","collection10_k3_tropical_temperate","Transitional","Warmhouse",1,4,-1.49937319386732,NA,NA,NA
"percentile_latbin_OLS","q75","Southern","collection10_k3_tropical_temperate","Transitional","Hothouse",1,2,-1.96892253490057,NA,NA,NA
"percentile_latbin_OLS","q75","Southern","collection10_k3_tropical_temperate_polar","Coldhouse","Coolhouse",0,0,NA,NA,NA,NA
"percentile_latbin_OLS","q75","Southern","collection10_k3_tropical_temperate_polar","Coldhouse","Transitional",0,0,NA,NA,NA,NA
"percentile_latbin_OLS","q75","Southern","collection10_k3_tropical_temperate_polar","Coldhouse","Warmhouse",0,0,NA,NA,NA,NA
"percentile_latbin_OLS","q75","Southern","collection10_k3_tropical_temperate_polar","Coldhouse","Hothouse",0,2,NA,NA,NA,NA
"percentile_latbin_OLS","q75","Southern","collection10_k3_tropical_temperate_polar","Coolhouse","Transitional",0,0,NA,NA,NA,NA
"percentile_latbin_OLS","q75","Southern","collection10_k3_tropical_temperate_polar","Coolhouse","Warmhouse",0,0,NA,NA,NA,NA
"percentile_latbin_OLS","q75","Southern","collection10_k3_tropical_temperate_polar","Coolhouse","Hothouse",0,2,NA,NA,NA,NA
"percentile_latbin_OLS","q75","Southern","collection10_k3_tropical_temperate_polar","Transitional","Warmhouse",0,0,NA,NA,NA,NA
"percentile_latbin_OLS","q75","Southern","collection10_k3_tropical_temperate_polar","Transitional","Hothouse",0,2,NA,NA,NA,NA
"percentile_latbin_OLS","q75","Southern","collection10_k3_tropical_temperate_polar","Warmhouse","Hothouse",0,2,NA,NA,NA,NA
"percentile_latbin_OLS","q90","Combined","occurrence5_k1_tropical_temperate","Coldhouse","Warmhouse",25,26,-0.730252360774382,107,2.08201424334186e-05,0.000208201424334186
"percentile_latbin_OLS","q90","Combined","occurrence5_k1_tropical_temperate","Coldhouse","Transitional",25,32,-0.619856327249352,175,0.000152898557996118,0.00050966185998706
"percentile_latbin_OLS","q90","Combined","occurrence5_k1_tropical_temperate","Coldhouse","Hothouse",25,25,-0.741871020396227,125,0.000142628615991648,0.00050966185998706
"percentile_latbin_OLS","q90","Combined","occurrence5_k1_tropical_temperate","Coolhouse","Warmhouse",32,26,-0.285616475268433,210,0.000656712853701643,0.00164178213425411
"percentile_latbin_OLS","q90","Combined","occurrence5_k1_tropical_temperate","Coldhouse","Coolhouse",25,32,-0.44463588550595,248,0.00741763285815571,0.0123627214302595
"percentile_latbin_OLS","q90","Combined","occurrence5_k1_tropical_temperate","Coolhouse","Hothouse",32,25,-0.297235134890277,244,0.00619736272082994,0.0123627214302595
"percentile_latbin_OLS","q90","Combined","occurrence5_k1_tropical_temperate","Coolhouse","Transitional",32,32,-0.175220441743402,364,0.0238233948940867,0.0340334212772667
"percentile_latbin_OLS","q90","Combined","occurrence5_k1_tropical_temperate","Transitional","Warmhouse",32,26,-0.110396033525031,354,0.168134401053427,0.210168001316783
"percentile_latbin_OLS","q90","Combined","occurrence5_k1_tropical_temperate","Transitional","Hothouse",32,25,-0.122014693146875,375,0.346790018848273,0.385322243164748
"percentile_latbin_OLS","q90","Combined","occurrence5_k1_tropical_temperate","Warmhouse","Hothouse",26,25,-0.0116186596218442,340,0.614877540446304,0.614877540446304
"percentile_latbin_OLS","q90","Combined","occurrence5_k1_tropical_temperate_polar","Coolhouse","Warmhouse",20,18,-0.241283926064801,59,0.000213466690736858,0.00161344952508665
"percentile_latbin_OLS","q90","Combined","occurrence5_k1_tropical_temperate_polar","Coolhouse","Hothouse",20,14,-0.441019369746387,42,0.00032268990501733,0.00161344952508665
"percentile_latbin_OLS","q90","Combined","occurrence5_k1_tropical_temperate_polar","Coldhouse","Warmhouse",10,18,-0.533824666760156,32,0.00291748493116431,0.0097249497705477
"percentile_latbin_OLS","q90","Combined","occurrence5_k1_tropical_temperate_polar","Coldhouse","Hothouse",10,14,-0.733560110441741,25,0.00458496282352681,0.011462407058817
"percentile_latbin_OLS","q90","Combined","occurrence5_k1_tropical_temperate_polar","Coldhouse","Transitional",10,18,-0.403790577873903,47,0.0207890199011769,0.0351030028143436
"percentile_latbin_OLS","q90","Combined","occurrence5_k1_tropical_temperate_polar","Transitional","Hothouse",18,14,-0.329769532567838,72,0.0210618016886062,0.0351030028143436
"percentile_latbin_OLS","q90","Combined","occurrence5_k1_tropical_temperate_polar","Coolhouse","Transitional",20,18,-0.111249837178549,124,0.0523420335455669,0.0747743336365242
"percentile_latbin_OLS","q90","Combined","occurrence5_k1_tropical_temperate_polar","Transitional","Warmhouse",18,18,-0.130034088886253,118,0.0843676214277944,0.105459526784743
"percentile_latbin_OLS","q90","Combined","occurrence5_k1_tropical_temperate_polar","Coldhouse","Coolhouse",10,20,-0.292540740695355,70,0.0971734002215645,0.107970444690627
"percentile_latbin_OLS","q90","Combined","occurrence5_k1_tropical_temperate_polar","Warmhouse","Hothouse",18,14,-0.199735443681586,94,0.115733969667063,0.115733969667063
"percentile_latbin_OLS","q90","Combined","occurrence5_k2_tropical_temperate","Coldhouse","Warmhouse",18,19,-0.62990087187389,52,0.000158593863147474,0.000792969315737372
"percentile_latbin_OLS","q90","Combined","occurrence5_k2_tropical_temperate","Coldhouse","Hothouse",18,18,-0.825661244989522,46,0.000128963261738654,0.000792969315737372
"percentile_latbin_OLS","q90","Combined","occurrence5_k2_tropical_temperate","Coldhouse","Transitional",18,21,-0.709380777277651,67,0.000309813126610361,0.00103271042203454
"percentile_latbin_OLS","q90","Combined","occurrence5_k2_tropical_temperate","Coolhouse","Hothouse",24,18,-0.325492427734134,106,0.00269211946511737,0.00673029866279342
"percentile_latbin_OLS","q90","Combined","occurrence5_k2_tropical_temperate","Coldhouse","Coolhouse",18,24,-0.500168817255387,114,0.00494334295869055,0.0098866859173811
"percentile_latbin_OLS","q90","Combined","occurrence5_k2_tropical_temperate","Coolhouse","Warmhouse",24,19,-0.129732054618502,140,0.0161821339707774,0.026970223284629
"percentile_latbin_OLS","q90","Combined","occurrence5_k2_tropical_temperate","Coolhouse","Transitional",24,21,-0.209211960022264,174,0.0389345577779358,0.0556207968256225
"percentile_latbin_OLS","q90","Combined","occurrence5_k2_tropical_temperate","Transitional","Hothouse",21,18,-0.11628046771187,159,0.202967508963265,0.243566407310408
"percentile_latbin_OLS","q90","Combined","occurrence5_k2_tropical_temperate","Warmhouse","Hothouse",19,18,-0.195760373115632,145,0.219209766579367,0.243566407310408
"percentile_latbin_OLS","q90","Combined","occurrence5_k2_tropical_temperate","Transitional","Warmhouse",21,19,0.0794799054037616,190,0.403710021070192,0.403710021070192
"percentile_latbin_OLS","q90","Combined","occurrence5_k2_tropical_temperate_polar","Coldhouse","Warmhouse",6,12,-0.493925268178464,9,0.00653323641526437,0.0335263428612774
"percentile_latbin_OLS","q90","Combined","occurrence5_k2_tropical_temperate_polar","Coolhouse","Hothouse",12,10,-0.307695537859931,22,0.00670526857225547,0.0335263428612774
"percentile_latbin_OLS","q90","Combined","occurrence5_k2_tropical_temperate_polar","Coolhouse","Warmhouse",12,12,-0.101697363956018,33,0.0131146939174285,0.0437156463914284
"percentile_latbin_OLS","q90","Combined","occurrence5_k2_tropical_temperate_polar","Coldhouse","Hothouse",6,10,-0.699923442082376,11,0.0223957768220647,0.0559894420551618
"percentile_latbin_OLS","q90","Combined","occurrence5_k2_tropical_temperate_polar","Coldhouse","Coolhouse",6,12,-0.392227904222445,18,0.0506040088785947,0.0860239094426143
"percentile_latbin_OLS","q90","Combined","occurrence5_k2_tropical_temperate_polar","Coldhouse","Transitional",6,8,-0.288949873527249,12,0.0688191275540914,0.0860239094426143
"percentile_latbin_OLS","q90","Combined","occurrence5_k2_tropical_temperate_polar","Transitional","Warmhouse",8,12,-0.204975394651214,28,0.0662317834039756,0.0860239094426143
"percentile_latbin_OLS","q90","Combined","occurrence5_k2_tropical_temperate_polar","Transitional","Hothouse",8,10,-0.410973568555127,22,0.059983061452921,0.0860239094426143
"percentile_latbin_OLS","q90","Combined","occurrence5_k2_tropical_temperate_polar","Warmhouse","Hothouse",12,10,-0.205998173903912,46,0.186689012840228,0.207432236489142
"percentile_latbin_OLS","q90","Combined","occurrence5_k2_tropical_temperate_polar","Coolhouse","Transitional",12,8,0.103278030695196,45,0.423526792487186,0.423526792487186
"percentile_latbin_OLS","q90","Combined","occurrence5_k3_tropical_temperate","Coldhouse","Warmhouse",7,12,-0.320589182271844,14,0.0100580797332825,0.0448609903770121
"percentile_latbin_OLS","q90","Combined","occurrence5_k3_tropical_temperate","Coldhouse","Hothouse",7,10,-0.49192546322282,13,0.0179443961508048,0.0448609903770121
"percentile_latbin_OLS","q90","Combined","occurrence5_k3_tropical_temperate","Coolhouse","Warmhouse",14,12,-0.214133848171493,42,0.0163997236136012,0.0448609903770121
"percentile_latbin_OLS","q90","Combined","occurrence5_k3_tropical_temperate","Coolhouse","Hothouse",14,10,-0.385470129122469,27,0.00641334682274272,0.0448609903770121
"percentile_latbin_OLS","q90","Combined","occurrence5_k3_tropical_temperate","Coldhouse","Transitional",7,14,-0.483081167380357,27,0.0543568876045296,0.103119948819338
"percentile_latbin_OLS","q90","Combined","occurrence5_k3_tropical_temperate","Coolhouse","Transitional",14,14,-0.376625833280005,64,0.0618719692916027,0.103119948819338
"percentile_latbin_OLS","q90","Combined","occurrence5_k3_tropical_temperate","Coldhouse","Coolhouse",7,14,-0.106455334100352,42,0.31386278305661,0.348736425618455
"percentile_latbin_OLS","q90","Combined","occurrence5_k3_tropical_temperate","Transitional","Warmhouse",14,12,0.162491985108513,72,0.277094008679733,0.348736425618455
"percentile_latbin_OLS","q90","Combined","occurrence5_k3_tropical_temperate","Transitional","Hothouse",14,10,-0.00884429584246343,61,0.309344568716381,0.348736425618455
"percentile_latbin_OLS","q90","Combined","occurrence5_k3_tropical_temperate","Warmhouse","Hothouse",12,10,-0.171336280950976,55,0.383339680184369,0.383339680184369
"percentile_latbin_OLS","q90","Combined","occurrence5_k3_tropical_temperate_polar","Coldhouse","Warmhouse",2,7,-0.443258454808009,0,0.0285199371245278,0.180328745872836
"percentile_latbin_OLS","q90","Combined","occurrence5_k3_tropical_temperate_polar","Coolhouse","Warmhouse",7,7,-0.258329354881615,11,0.0483487838088181,0.180328745872836
"percentile_latbin_OLS","q90","Combined","occurrence5_k3_tropical_temperate_polar","Transitional","Warmhouse",4,7,-0.360310945493505,5,0.0540986237618508,0.180328745872836
"percentile_latbin_OLS","q90","Combined","occurrence5_k3_tropical_temperate_polar","Coolhouse","Hothouse",7,4,-0.561203858153691,6,0.0781878608798223,0.193930852282411
"percentile_latbin_OLS","q90","Combined","occurrence5_k3_tropical_temperate_polar","Transitional","Hothouse",4,4,-0.663185448765581,3,0.0969654261412053,0.193930852282411
"percentile_latbin_OLS","q90","Combined","occurrence5_k3_tropical_temperate_polar","Coldhouse","Hothouse",2,4,-0.746132958080085,1,0.123579986605954,0.205966644343256
"percentile_latbin_OLS","q90","Combined","occurrence5_k3_tropical_temperate_polar","Coldhouse","Coolhouse",2,7,-0.184929099926394,3,0.152753543430627,0.218219347758039
"percentile_latbin_OLS","q90","Combined","occurrence5_k3_tropical_temperate_polar","Warmhouse","Hothouse",7,4,-0.302874503272076,9,0.197545792452075,0.246932240565094
"percentile_latbin_OLS","q90","Combined","occurrence5_k3_tropical_temperate_polar","Coldhouse","Transitional",2,4,-0.0829475093145039,2,0.243726645182017,0.270807383535575
"percentile_latbin_OLS","q90","Combined","occurrence5_k3_tropical_temperate_polar","Coolhouse","Transitional",7,4,0.10198159061189,15,0.611592997922259,0.611592997922259
"percentile_latbin_OLS","q90","Combined","occurrence10_k1_tropical_temperate","Coldhouse","Warmhouse",24,25,-0.725552118065904,84,8.16272730276308e-06,8.16272730276308e-05
"percentile_latbin_OLS","q90","Combined","occurrence10_k1_tropical_temperate","Coldhouse","Hothouse",24,25,-0.738007960439899,107,5.90589124189225e-05,0.000295294562094613
"percentile_latbin_OLS","q90","Combined","occurrence10_k1_tropical_temperate","Coldhouse","Transitional",24,30,-0.624098900373258,158,0.000226029156954249,0.000753430523180831
"percentile_latbin_OLS","q90","Combined","occurrence10_k1_tropical_temperate","Coldhouse","Coolhouse",24,31,-0.460519406124511,208,0.00276198867827924,0.00690497169569811
"percentile_latbin_OLS","q90","Combined","occurrence10_k1_tropical_temperate","Coolhouse","Warmhouse",31,25,-0.265032711941393,225,0.00379213897623206,0.00758427795246413
"percentile_latbin_OLS","q90","Combined","occurrence10_k1_tropical_temperate","Coolhouse","Hothouse",31,25,-0.277488554315388,266,0.023060335514959,0.0384338925249316
"percentile_latbin_OLS","q90","Combined","occurrence10_k1_tropical_temperate","Coolhouse","Transitional",31,30,-0.163579494248747,371,0.0886919475577471,0.126702782225353
"percentile_latbin_OLS","q90","Combined","occurrence10_k1_tropical_temperate","Transitional","Warmhouse",30,25,-0.101453217692646,328,0.215935660216303,0.239928511351448
"percentile_latbin_OLS","q90","Combined","occurrence10_k1_tropical_temperate","Transitional","Hothouse",30,25,-0.113909060066641,323,0.19201118361196,0.239928511351448
"percentile_latbin_OLS","q90","Combined","occurrence10_k1_tropical_temperate","Warmhouse","Hothouse",25,25,-0.012455842373995,312,0.5,0.5
"percentile_latbin_OLS","q90","Combined","occurrence10_k1_tropical_temperate_polar","Coolhouse","Warmhouse",17,18,-0.2507725467485,49,0.000317730706513095,0.00317730706513095
"percentile_latbin_OLS","q90","Combined","occurrence10_k1_tropical_temperate_polar","Coldhouse","Warmhouse",9,18,-0.459023056745624,32,0.00630547783602173,0.029725496186822
"percentile_latbin_OLS","q90","Combined","occurrence10_k1_tropical_temperate_polar","Coolhouse","Hothouse",17,12,-0.366629792834787,48,0.0089176488560466,0.029725496186822
"percentile_latbin_OLS","q90","Combined","occurrence10_k1_tropical_temperate_polar","Coldhouse","Hothouse",9,12,-0.574880302831912,23,0.0150968280928085,0.0377420702320213
"percentile_latbin_OLS","q90","Combined","occurrence10_k1_tropical_temperate_polar","Transitional","Warmhouse",15,18,-0.252164242292259,87,0.0429561485688211,0.085105070610031
"percentile_latbin_OLS","q90","Combined","occurrence10_k1_tropical_temperate_polar","Transitional","Hothouse",15,12,-0.368021488378546,56,0.0510630423660186,0.085105070610031
"percentile_latbin_OLS","q90","Combined","occurrence10_k1_tropical_temperate_polar","Coldhouse","Transitional",9,15,-0.206858814453365,46,0.105248850027669,0.150355500039527
"percentile_latbin_OLS","q90","Combined","occurrence10_k1_tropical_temperate_polar","Coldhouse","Coolhouse",9,17,-0.208250509997125,56,0.140531134337339,0.175663917921674
"percentile_latbin_OLS","q90","Combined","occurrence10_k1_tropical_temperate_polar","Coolhouse","Transitional",17,15,0.00139169554375951,111,0.272854034325239,0.303171149250266
"percentile_latbin_OLS","q90","Combined","occurrence10_k1_tropical_temperate_polar","Warmhouse","Hothouse",18,12,-0.115857246086287,97,0.328340403778973,0.328340403778973
"percentile_latbin_OLS","q90","Combined","occurrence10_k2_tropical_temperate","Coldhouse","Warmhouse",12,17,-0.463338856447467,35,0.00161649905996886,0.0148197520852518
"percentile_latbin_OLS","q90","Combined","occurrence10_k2_tropical_temperate","Coldhouse","Hothouse",12,14,-0.700288400215767,30,0.00296395041705036,0.0148197520852518
"percentile_latbin_OLS","q90","Combined","occurrence10_k2_tropical_temperate","Coldhouse","Transitional",12,19,-0.56178181847766,52,0.00631288142134301,0.0210429380711434
"percentile_latbin_OLS","q90","Combined","occurrence10_k2_tropical_temperate","Coldhouse","Coolhouse",12,22,-0.400159438033165,80,0.0317316844997628,0.079329211249407
"percentile_latbin_OLS","q90","Combined","occurrence10_k2_tropical_temperate","Coolhouse","Hothouse",22,14,-0.300128962182602,106,0.0616129012545838,0.123225802509168
"percentile_latbin_OLS","q90","Combined","occurrence10_k2_tropical_temperate","Coolhouse","Transitional",22,19,-0.161622380444495,166,0.133255155737684,0.166568944672105
"percentile_latbin_OLS","q90","Combined","occurrence10_k2_tropical_temperate","Coolhouse","Warmhouse",22,17,-0.0631794184143017,145,0.119924268558577,0.166568944672105
"percentile_latbin_OLS","q90","Combined","occurrence10_k2_tropical_temperate","Transitional","Hothouse",19,14,-0.138506581738106,101,0.125604866659157,0.166568944672105
"percentile_latbin_OLS","q90","Combined","occurrence10_k2_tropical_temperate","Warmhouse","Hothouse",17,14,-0.2369495437683,105,0.29602356880869,0.3289150764541
"percentile_latbin_OLS","q90","Combined","occurrence10_k2_tropical_temperate","Transitional","Warmhouse",19,17,0.0984429620301936,167,0.575394499629951,0.575394499629951
"percentile_latbin_OLS","q90","Combined","occurrence10_k2_tropical_temperate_polar","Coldhouse","Warmhouse",4,9,-0.440125076090879,0,0.00346375898861325,0.0346375898861325
"percentile_latbin_OLS","q90","Combined","occurrence10_k2_tropical_temperate_polar","Coldhouse","Coolhouse",4,10,-0.421404313062303,7,0.0385499358717709,0.0963748396794273
"percentile_latbin_OLS","q90","Combined","occurrence10_k2_tropical_temperate_polar","Coldhouse","Hothouse",4,5,-0.64451354798167,2,0.0330962898610967,0.0963748396794273
"percentile_latbin_OLS","q90","Combined","occurrence10_k2_tropical_temperate_polar","Coolhouse","Hothouse",10,5,-0.223109234919368,9,0.0288246962147973,0.0963748396794273
"percentile_latbin_OLS","q90","Combined","occurrence10_k2_tropical_temperate_polar","Transitional","Hothouse",8,5,-0.285960229314506,9,0.0621414370312762,0.124282874062552
"percentile_latbin_OLS","q90","Combined","occurrence10_k2_tropical_temperate_polar","Coldhouse","Transitional",4,8,-0.358553318667164,8,0.101365085323261,0.168889082551646
"percentile_latbin_OLS","q90","Combined","occurrence10_k2_tropical_temperate_polar","Coolhouse","Warmhouse",10,9,-0.0187207630285765,30,0.118222357786152,0.168889082551646
"percentile_latbin_OLS","q90","Combined","occurrence10_k2_tropical_temperate_polar","Warmhouse","Hothouse",9,5,-0.204388471890791,15,0.17532394485223,0.219154931065287
"percentile_latbin_OLS","q90","Combined","occurrence10_k2_tropical_temperate_polar","Transitional","Warmhouse",8,9,-0.081571757423715,27,0.206703467214103,0.229670519126781
"percentile_latbin_OLS","q90","Combined","occurrence10_k2_tropical_temperate_polar","Coolhouse","Transitional",10,8,0.0628509943951385,41,0.553013433804891,0.553013433804891
"percentile_latbin_OLS","q90","Combined","occurrence10_k3_tropical_temperate","Coldhouse","Warmhouse",6,10,-0.405279382763191,7,0.00733412981253688,0.0733412981253688
"percentile_latbin_OLS","q90","Combined","occurrence10_k3_tropical_temperate","Coldhouse","Hothouse",6,8,-0.728587511813681,7,0.0165799937294239,0.0828999686471195
"percentile_latbin_OLS","q90","Combined","occurrence10_k3_tropical_temperate","Coldhouse","Transitional",6,12,-0.464341836641069,19,0.0611288085210005,0.152822021302501
"percentile_latbin_OLS","q90","Combined","occurrence10_k3_tropical_temperate","Coolhouse","Hothouse",12,8,-0.46659771602046,27,0.0568693905793926,0.152822021302501
"percentile_latbin_OLS","q90","Combined","occurrence10_k3_tropical_temperate","Coldhouse","Coolhouse",6,12,-0.26198979579322,22,0.10304488849257,0.171741480820949
"percentile_latbin_OLS","q90","Combined","occurrence10_k3_tropical_temperate","Transitional","Hothouse",12,8,-0.264245675172612,30,0.0884832449162031,0.171741480820949
"percentile_latbin_OLS","q90","Combined","occurrence10_k3_tropical_temperate","Coolhouse","Warmhouse",12,10,-0.14328958696997,46,0.186689012840228,0.266698589771754
"percentile_latbin_OLS","q90","Combined","occurrence10_k3_tropical_temperate","Coolhouse","Transitional",12,12,-0.202352040847848,59,0.235243211029395,0.280644590606364
"percentile_latbin_OLS","q90","Combined","occurrence10_k3_tropical_temperate","Warmhouse","Hothouse",10,8,-0.32330812905049,32,0.252580131545728,0.280644590606364
"percentile_latbin_OLS","q90","Combined","occurrence10_k3_tropical_temperate","Transitional","Warmhouse",12,10,0.0590624538778782,57,0.434532945244019,0.434532945244019
"percentile_latbin_OLS","q90","Combined","occurrence10_k3_tropical_temperate_polar","Coldhouse","Coolhouse",2,3,-0.36571535010614,1,0.193238115385616,0.344365617240683
"percentile_latbin_OLS","q90","Combined","occurrence10_k3_tropical_temperate_polar","Coldhouse","Transitional",2,4,-0.148676280993616,2,0.243726645182017,0.344365617240683
"percentile_latbin_OLS","q90","Combined","occurrence10_k3_tropical_temperate_polar","Coldhouse","Warmhouse",2,5,-0.410333222998107,0,0.0406805646170377,0.344365617240683
"percentile_latbin_OLS","q90","Combined","occurrence10_k3_tropical_temperate_polar","Coldhouse","Hothouse",2,3,-0.971421820856861,1,0.193238115385616,0.344365617240683
"percentile_latbin_OLS","q90","Combined","occurrence10_k3_tropical_temperate_polar","Coolhouse","Warmhouse",3,5,-0.044617872891967,5,0.275492493792547,0.344365617240683
"percentile_latbin_OLS","q90","Combined","occurrence10_k3_tropical_temperate_polar","Transitional","Warmhouse",4,5,-0.261656942004492,6,0.19563363964132,0.344365617240683
"percentile_latbin_OLS","q90","Combined","occurrence10_k3_tropical_temperate_polar","Transitional","Hothouse",4,3,-0.822745539863246,2,0.10796246947007,0.344365617240683
"percentile_latbin_OLS","q90","Combined","occurrence10_k3_tropical_temperate_polar","Warmhouse","Hothouse",5,3,-0.561088597858754,5,0.275492493792547,0.344365617240683
"percentile_latbin_OLS","q90","Combined","occurrence10_k3_tropical_temperate_polar","Coolhouse","Hothouse",3,3,-0.605706470750721,3,0.331260291770029,0.368066990855588
"percentile_latbin_OLS","q90","Combined","occurrence10_k3_tropical_temperate_polar","Coolhouse","Transitional",3,4,0.217039069112525,8,0.811620441094209,0.811620441094209
"percentile_latbin_OLS","q90","Combined","collection5_k1_tropical_temperate","Coldhouse","Transitional",24,31,-0.69905930975128,140,4.26834488607964e-05,0.000213417244303982
"percentile_latbin_OLS","q90","Combined","collection5_k1_tropical_temperate","Coldhouse","Warmhouse",24,25,-0.734070639396087,97,2.56088164740415e-05,0.000213417244303982
"percentile_latbin_OLS","q90","Combined","collection5_k1_tropical_temperate","Coldhouse","Hothouse",24,22,-0.896682068544346,107,0.000289322945634604,0.000723307364086511
"percentile_latbin_OLS","q90","Combined","collection5_k1_tropical_temperate","Coolhouse","Warmhouse",30,25,-0.274908808087862,169,0.000256778304438738,0.000723307364086511
"percentile_latbin_OLS","q90","Combined","collection5_k1_tropical_temperate","Coolhouse","Transitional",30,31,-0.239897478443055,288,0.00544463569375409,0.00907439282292349
"percentile_latbin_OLS","q90","Combined","collection5_k1_tropical_temperate","Coolhouse","Hothouse",30,22,-0.437520237236121,189,0.00463006609509841,0.00907439282292349
"percentile_latbin_OLS","q90","Combined","collection5_k1_tropical_temperate","Coldhouse","Coolhouse",24,30,-0.459161831308225,217,0.00655795200627639,0.00936850286610913
"percentile_latbin_OLS","q90","Combined","collection5_k1_tropical_temperate","Transitional","Warmhouse",31,25,-0.0350113296448072,338,0.209659311656044,0.24610090514092
"percentile_latbin_OLS","q90","Combined","collection5_k1_tropical_temperate","Transitional","Hothouse",31,22,-0.197622758793066,298,0.221490814626828,0.24610090514092
"percentile_latbin_OLS","q90","Combined","collection5_k1_tropical_temperate","Warmhouse","Hothouse",25,22,-0.162611429148258,274,0.49574734154462,0.49574734154462
"percentile_latbin_OLS","q90","Combined","collection5_k1_tropical_temperate_polar","Coolhouse","Warmhouse",19,16,-0.268267467897214,46,0.000238407479637366,0.00238407479637366
"percentile_latbin_OLS","q90","Combined","collection5_k1_tropical_temperate_polar","Coolhouse","Hothouse",19,11,-0.508429033650405,32,0.000972102123522077,0.00486051061761038
"percentile_latbin_OLS","q90","Combined","collection5_k1_tropical_temperate_polar","Coldhouse","Warmhouse",10,16,-0.546259857179782,29,0.00388870012084593,0.0129623337361531
"percentile_latbin_OLS","q90","Combined","collection5_k1_tropical_temperate_polar","Coldhouse","Hothouse",10,11,-0.786421422932973,19,0.00621256326002209,0.0155314081500552
"percentile_latbin_OLS","q90","Combined","collection5_k1_tropical_temperate_polar","Coldhouse","Transitional",10,16,-0.347175621422607,42,0.0240534139442597,0.0481068278885194
"percentile_latbin_OLS","q90","Combined","collection5_k1_tropical_temperate_polar","Transitional","Hothouse",16,11,-0.439245801510366,53,0.0443355209304904,0.0738925348841507
"percentile_latbin_OLS","q90","Combined","collection5_k1_tropical_temperate_polar","Transitional","Warmhouse",16,16,-0.199084235757175,89,0.0733866797625133,0.104838113946448
"percentile_latbin_OLS","q90","Combined","collection5_k1_tropical_temperate_polar","Coolhouse","Transitional",19,16,-0.0691832321400394,110,0.084689440286695,0.105861800358369
"percentile_latbin_OLS","q90","Combined","collection5_k1_tropical_temperate_polar","Warmhouse","Hothouse",16,11,-0.240161565753191,61,0.0954911055790571,0.106101228421175
"percentile_latbin_OLS","q90","Combined","collection5_k1_tropical_temperate_polar","Coldhouse","Coolhouse",10,19,-0.277992389282568,68,0.112010863375697,0.112010863375697
"percentile_latbin_OLS","q90","Combined","collection5_k2_tropical_temperate","Coldhouse","Warmhouse",11,18,-0.549574963332591,30,0.00103902021393927,0.00578778470741927
"percentile_latbin_OLS","q90","Combined","collection5_k2_tropical_temperate","Coldhouse","Hothouse",11,12,-0.84464446225954,16,0.00115755694148385,0.00578778470741927
"percentile_latbin_OLS","q90","Combined","collection5_k2_tropical_temperate","Coldhouse","Transitional",11,18,-0.62073776680968,38,0.00327128143390824,0.0109042714463608
"percentile_latbin_OLS","q90","Combined","collection5_k2_tropical_temperate","Coolhouse","Hothouse",21,12,-0.391872927025576,56,0.00464800028361542,0.0116200007090386
"percentile_latbin_OLS","q90","Combined","collection5_k2_tropical_temperate","Coolhouse","Warmhouse",21,18,-0.0968034280986272,114,0.0179172792163472,0.0358345584326945
"percentile_latbin_OLS","q90","Combined","collection5_k2_tropical_temperate","Coldhouse","Coolhouse",11,21,-0.452771535233964,72,0.0439977897197716,0.0733296495329527
"percentile_latbin_OLS","q90","Combined","collection5_k2_tropical_temperate","Coolhouse","Transitional",21,18,-0.167966231575716,132,0.0557252571740903,0.0796075102487005
"percentile_latbin_OLS","q90","Combined","collection5_k2_tropical_temperate","Transitional","Hothouse",18,12,-0.22390669544986,77,0.0983227216603271,0.122903402075409
"percentile_latbin_OLS","q90","Combined","collection5_k2_tropical_temperate","Warmhouse","Hothouse",18,12,-0.295069498926948,81,0.130966416723683,0.145518240804092
"percentile_latbin_OLS","q90","Combined","collection5_k2_tropical_temperate","Transitional","Warmhouse",18,18,0.0711628034770886,156,0.430927898159008,0.430927898159008
"percentile_latbin_OLS","q90","Combined","collection5_k2_tropical_temperate_polar","Coolhouse","Warmhouse",12,11,-0.169193735967495,26,0.00752742407136117,0.0752742407136117
"percentile_latbin_OLS","q90","Combined","collection5_k2_tropical_temperate_polar","Coolhouse","Hothouse",12,5,-0.480963441156562,11,0.0255838152567162,0.127919076283581
"percentile_latbin_OLS","q90","Combined","collection5_k2_tropical_temperate_polar","Coldhouse","Warmhouse",4,11,-0.357864919790849,9,0.0513420578218173,0.148257995822485
"percentile_latbin_OLS","q90","Combined","collection5_k2_tropical_temperate_polar","Coldhouse","Hothouse",4,5,-0.669634624979917,4,0.0889547974934913,0.148257995822485
"percentile_latbin_OLS","q90","Combined","collection5_k2_tropical_temperate_polar","Transitional","Warmhouse",6,11,-0.251465735527817,18,0.0725161267893411,0.148257995822485
"percentile_latbin_OLS","q90","Combined","collection5_k2_tropical_temperate_polar","Transitional","Hothouse",6,5,-0.563235440716885,7,0.0854517601153987,0.148257995822485
"percentile_latbin_OLS","q90","Combined","collection5_k2_tropical_temperate_polar","Warmhouse","Hothouse",11,5,-0.311769705189068,18,0.153960494739779,0.219943563913969
"percentile_latbin_OLS","q90","Combined","collection5_k2_tropical_temperate_polar","Coldhouse","Coolhouse",4,12,-0.188671183823354,19,0.292634313471268,0.365792891839086
"percentile_latbin_OLS","q90","Combined","collection5_k2_tropical_temperate_polar","Coldhouse","Transitional",4,6,-0.106399184263032,10,0.374559566500298,0.416177296111442
"percentile_latbin_OLS","q90","Combined","collection5_k2_tropical_temperate_polar","Coolhouse","Transitional",12,6,0.0822719995603224,37,0.555862732795434,0.555862732795434
"percentile_latbin_OLS","q90","Combined","collection5_k3_tropical_temperate","Coolhouse","Hothouse",11,8,-0.386832293529292,8,0.00168764611828643,0.0168764611828643
"percentile_latbin_OLS","q90","Combined","collection5_k3_tropical_temperate","Coldhouse","Warmhouse",5,11,-0.404045661710637,7,0.0117328957765596,0.042236049229587
"percentile_latbin_OLS","q90","Combined","collection5_k3_tropical_temperate","Coldhouse","Hothouse",5,8,-0.716221608876512,5,0.0168944196918348,0.042236049229587
"percentile_latbin_OLS","q90","Combined","collection5_k3_tropical_temperate","Coolhouse","Warmhouse",11,11,-0.0746563463634174,27,0.0151195105080743,0.042236049229587
"percentile_latbin_OLS","q90","Combined","collection5_k3_tropical_temperate","Coolhouse","Transitional",11,12,-0.458392872778547,37,0.0397106490731382,0.0794212981462765
"percentile_latbin_OLS","q90","Combined","collection5_k3_tropical_temperate","Coldhouse","Transitional",5,12,-0.787782188125766,14,0.051145862337451,0.0852431038957516
"percentile_latbin_OLS","q90","Combined","collection5_k3_tropical_temperate","Warmhouse","Hothouse",11,8,-0.312175947165874,31,0.151000100270567,0.215714428957953
"percentile_latbin_OLS","q90","Combined","collection5_k3_tropical_temperate","Coldhouse","Coolhouse",5,11,-0.32938931534722,22,0.285546952436498,0.317274391596109
"percentile_latbin_OLS","q90","Combined","collection5_k3_tropical_temperate","Transitional","Hothouse",12,8,0.0715605792492546,40,0.281416876958663,0.317274391596109
"percentile_latbin_OLS","q90","Combined","collection5_k3_tropical_temperate","Transitional","Warmhouse",12,11,0.383736526415129,65,0.487725337292179,0.487725337292179
"percentile_latbin_OLS","q90","Combined","collection5_k3_tropical_temperate_polar","Coldhouse","Warmhouse",2,6,-0.43675366485793,0,0.0333765075848173,0.333765075848173
"percentile_latbin_OLS","q90","Combined","collection5_k3_tropical_temperate_polar","Coldhouse","Coolhouse",2,4,-0.393469082629124,1,0.123579986605954,0.370432154591947
"percentile_latbin_OLS","q90","Combined","collection5_k3_tropical_temperate_polar","Coldhouse","Hothouse",2,3,-0.965204265750645,1,0.193238115385616,0.370432154591947
"percentile_latbin_OLS","q90","Combined","collection5_k3_tropical_temperate_polar","Coolhouse","Warmhouse",4,6,-0.0432845822288065,8,0.227772546894665,0.370432154591947
"percentile_latbin_OLS","q90","Combined","collection5_k3_tropical_temperate_polar","Transitional","Warmhouse",3,6,-0.43905128435558,6,0.259302508214363,0.370432154591947
"percentile_latbin_OLS","q90","Combined","collection5_k3_tropical_temperate_polar","Transitional","Hothouse",3,3,-0.967501885248294,2,0.191366544442613,0.370432154591947
"percentile_latbin_OLS","q90","Combined","collection5_k3_tropical_temperate_polar","Warmhouse","Hothouse",6,3,-0.528450600892714,6,0.259302508214363,0.370432154591947
"percentile_latbin_OLS","q90","Combined","collection5_k3_tropical_temperate_polar","Coolhouse","Hothouse",4,3,-0.571735183121521,4,0.297941545282589,0.372426931603236
"percentile_latbin_OLS","q90","Combined","collection5_k3_tropical_temperate_polar","Coldhouse","Transitional",2,3,0.00229761949764962,3,0.613585003657776,0.681761115175307
"percentile_latbin_OLS","q90","Combined","collection5_k3_tropical_temperate_polar","Coolhouse","Transitional",4,3,0.395766702126774,8,0.811620441094209,0.811620441094209
"percentile_latbin_OLS","q90","Combined","collection10_k1_tropical_temperate","Coldhouse","Warmhouse",17,20,-0.951494960214178,32,1.39192585228189e-05,6.95962926140944e-05
"percentile_latbin_OLS","q90","Combined","collection10_k1_tropical_temperate","Coolhouse","Warmhouse",28,20,-0.674148057122395,78,1.2555644502636e-05,6.95962926140944e-05
"percentile_latbin_OLS","q90","Combined","collection10_k1_tropical_temperate","Coldhouse","Hothouse",17,18,-1.00953652662256,37,6.89044634296932e-05,0.000229681544765644
"percentile_latbin_OLS","q90","Combined","collection10_k1_tropical_temperate","Coolhouse","Hothouse",28,18,-0.732189623530781,86,9.76637644374765e-05,0.000244159411093691
"percentile_latbin_OLS","q90","Combined","collection10_k1_tropical_temperate","Coldhouse","Transitional",17,23,-1.14477902809814,78,0.000684573701173419,0.00136914740234684
"percentile_latbin_OLS","q90","Combined","collection10_k1_tropical_temperate","Coolhouse","Transitional",28,23,-0.867432125006354,180,0.00369690076833636,0.00616150128056059
"percentile_latbin_OLS","q90","Combined","collection10_k1_tropical_temperate","Coldhouse","Coolhouse",17,28,-0.277346903091783,170,0.0570305583062336,0.0814722261517623
"percentile_latbin_OLS","q90","Combined","collection10_k1_tropical_temperate","Transitional","Warmhouse",23,20,0.193284067883959,203,0.259381039923432,0.28820115547048
"percentile_latbin_OLS","q90","Combined","collection10_k1_tropical_temperate","Transitional","Hothouse",23,18,0.135242501475573,179,0.235013679085242,0.28820115547048
"percentile_latbin_OLS","q90","Combined","collection10_k1_tropical_temperate","Warmhouse","Hothouse",20,18,-0.0580415664083865,167,0.35739117959205,0.35739117959205
"percentile_latbin_OLS","q90","Combined","collection10_k1_tropical_temperate_polar","Coldhouse","Warmhouse",7,12,-0.458294007031892,13,0.00800495341268626,0.0266831780422875
"percentile_latbin_OLS","q90","Combined","collection10_k1_tropical_temperate_polar","Coolhouse","Warmhouse",13,12,-0.291279824324647,27,0.00300864350288032,0.0266831780422875
"percentile_latbin_OLS","q90","Combined","collection10_k1_tropical_temperate_polar","Transitional","Warmhouse",8,12,-0.287280146553878,16,0.00754362774720324,0.0266831780422875
"percentile_latbin_OLS","q90","Combined","collection10_k1_tropical_temperate_polar","Coolhouse","Hothouse",13,6,-0.6853175705892,13,0.0126595857455009,0.0316489643637523
"percentile_latbin_OLS","q90","Combined","collection10_k1_tropical_temperate_polar","Coldhouse","Hothouse",7,6,-0.852331753296445,6,0.0191593815747068,0.0319323026245113
"percentile_latbin_OLS","q90","Combined","collection10_k1_tropical_temperate_polar","Transitional","Hothouse",8,6,-0.681317892818431,7,0.0165799937294239,0.0319323026245113
"percentile_latbin_OLS","q90","Combined","collection10_k1_tropical_temperate_polar","Warmhouse","Hothouse",12,6,-0.394037746264553,23,0.120853206003882,0.172647437148403
"percentile_latbin_OLS","q90","Combined","collection10_k1_tropical_temperate_polar","Coldhouse","Coolhouse",7,13,-0.167014182707245,36,0.237865344479432,0.29733168059929
"percentile_latbin_OLS","q90","Combined","collection10_k1_tropical_temperate_polar","Coldhouse","Transitional",7,8,-0.171013860478014,24,0.342721741338761,0.380801934820846
"percentile_latbin_OLS","q90","Combined","collection10_k1_tropical_temperate_polar","Coolhouse","Transitional",13,8,-0.00399967777076915,54,0.571836504504733,0.571836504504733
"percentile_latbin_OLS","q90","Combined","collection10_k2_tropical_temperate","Coolhouse","Warmhouse",17,15,-0.386470986676017,47,0.00125962505944673,0.0125962505944673
"percentile_latbin_OLS","q90","Combined","collection10_k2_tropical_temperate","Coolhouse","Hothouse",17,6,-0.842711409471686,16,0.00785717488610945,0.0392858744305472
"percentile_latbin_OLS","q90","Combined","collection10_k2_tropical_temperate","Coldhouse","Warmhouse",6,15,-0.471871437660649,18,0.0195552594091953,0.0488881485229883
"percentile_latbin_OLS","q90","Combined","collection10_k2_tropical_temperate","Coolhouse","Transitional",17,15,-0.789081964509972,71,0.017227175709871,0.0488881485229883
"percentile_latbin_OLS","q90","Combined","collection10_k2_tropical_temperate","Coldhouse","Hothouse",6,6,-0.928111860456318,8,0.0641026375151958,0.124836920704778
"percentile_latbin_OLS","q90","Combined","collection10_k2_tropical_temperate","Warmhouse","Hothouse",15,6,-0.456240422795669,26,0.0749021524228666,0.124836920704778
"percentile_latbin_OLS","q90","Combined","collection10_k2_tropical_temperate","Coldhouse","Transitional",6,15,-0.874482415494604,29,0.113778980541172,0.162541400773103
"percentile_latbin_OLS","q90","Combined","collection10_k2_tropical_temperate","Transitional","Hothouse",15,6,-0.0536294449617134,42,0.422843368392976,0.528554210491221
"percentile_latbin_OLS","q90","Combined","collection10_k2_tropical_temperate","Coldhouse","Coolhouse",6,17,-0.0854004509846322,52,0.541820429863256,0.565887004823782
"percentile_latbin_OLS","q90","Combined","collection10_k2_tropical_temperate","Transitional","Warmhouse",15,15,0.402610977833955,116,0.565887004823782,0.565887004823782
"percentile_latbin_OLS","q90","Combined","collection10_k2_tropical_temperate_polar","Coldhouse","Warmhouse",3,8,-0.440448827339329,0,0.00945177150556067,0.0945177150556067
"percentile_latbin_OLS","q90","Combined","collection10_k2_tropical_temperate_polar","Coldhouse","Coolhouse",3,5,-0.197508346691677,4,0.185546684761349,0.296849087430942
"percentile_latbin_OLS","q90","Combined","collection10_k2_tropical_temperate_polar","Coldhouse","Hothouse",3,3,-1.12228536661905,2,0.191366544442613,0.296849087430942
"percentile_latbin_OLS","q90","Combined","collection10_k2_tropical_temperate_polar","Coolhouse","Warmhouse",5,8,-0.242940480647652,12,0.136126790531499,0.296849087430942
"percentile_latbin_OLS","q90","Combined","collection10_k2_tropical_temperate_polar","Coolhouse","Hothouse",5,3,-0.924777019927374,4,0.185546684761349,0.296849087430942
"percentile_latbin_OLS","q90","Combined","collection10_k2_tropical_temperate_polar","Transitional","Warmhouse",3,8,-0.226708509757768,8,0.237479269944753,0.296849087430942
"percentile_latbin_OLS","q90","Combined","collection10_k2_tropical_temperate_polar","Transitional","Hothouse",3,3,-0.90854504903749,2,0.191366544442613,0.296849087430942
"percentile_latbin_OLS","q90","Combined","collection10_k2_tropical_temperate_polar","Warmhouse","Hothouse",8,3,-0.681836539279722,8,0.237479269944753,0.296849087430942
"percentile_latbin_OLS","q90","Combined","collection10_k2_tropical_temperate_polar","Coldhouse","Transitional",3,3,-0.213740317581561,3,0.331260291770029,0.368066990855588
"percentile_latbin_OLS","q90","Combined","collection10_k2_tropical_temperate_polar","Coolhouse","Transitional",5,3,-0.0162319708898838,6,0.382797241997882,0.382797241997882
"percentile_latbin_OLS","q90","Combined","collection10_k3_tropical_temperate","Coldhouse","Warmhouse",2,7,-0.388772931726995,0,0.0285199371245278,0.185578144221901
"percentile_latbin_OLS","q90","Combined","collection10_k3_tropical_temperate","Coolhouse","Warmhouse",4,7,-0.399157350025377,5,0.0540986237618508,0.185578144221901
"percentile_latbin_OLS","q90","Combined","collection10_k3_tropical_temperate","Coolhouse","Hothouse",4,5,-0.82593650431458,3,0.0556734432665702,0.185578144221901
"percentile_latbin_OLS","q90","Combined","collection10_k3_tropical_temperate","Coldhouse","Hothouse",2,5,-0.815552086016198,2,0.166460804032783,0.277434673387972
"percentile_latbin_OLS","q90","Combined","collection10_k3_tropical_temperate","Coolhouse","Transitional",4,7,-0.940314934106098,8,0.149308837224405,0.277434673387972
"percentile_latbin_OLS","q90","Combined","collection10_k3_tropical_temperate","Warmhouse","Hothouse",7,5,-0.426779154289203,11,0.164929597327738,0.277434673387972
"percentile_latbin_OLS","q90","Combined","collection10_k3_tropical_temperate","Coldhouse","Transitional",2,7,-0.929930515807716,4,0.232107156385516,0.331581651979308
"percentile_latbin_OLS","q90","Combined","collection10_k3_tropical_temperate","Coldhouse","Coolhouse",2,4,0.0103844182983821,4,0.591519339142304,0.649260945566693
"percentile_latbin_OLS","q90","Combined","collection10_k3_tropical_temperate","Transitional","Warmhouse",7,7,0.54115758408072,27,0.649260945566693,0.649260945566693
"percentile_latbin_OLS","q90","Combined","collection10_k3_tropical_temperate","Transitional","Hothouse",7,5,0.114378429791518,19,0.627333466334599,0.649260945566693
"percentile_latbin_OLS","q90","Combined","collection10_k3_tropical_temperate_polar","Warmhouse","Hothouse",3,2,-0.949198520099581,0,0.0744573365893828,0.0744573365893828
"percentile_latbin_OLS","q90","Combined","collection10_k3_tropical_temperate_polar","Coldhouse","Coolhouse",1,0,NA,NA,NA,NA
"percentile_latbin_OLS","q90","Combined","collection10_k3_tropical_temperate_polar","Coldhouse","Transitional",1,0,NA,NA,NA,NA
"percentile_latbin_OLS","q90","Combined","collection10_k3_tropical_temperate_polar","Coldhouse","Warmhouse",1,3,-0.28297388716895,NA,NA,NA
"percentile_latbin_OLS","q90","Combined","collection10_k3_tropical_temperate_polar","Coldhouse","Hothouse",1,2,-1.23217240726853,NA,NA,NA
"percentile_latbin_OLS","q90","Combined","collection10_k3_tropical_temperate_polar","Coolhouse","Transitional",0,0,NA,NA,NA,NA
"percentile_latbin_OLS","q90","Combined","collection10_k3_tropical_temperate_polar","Coolhouse","Warmhouse",0,3,NA,NA,NA,NA
"percentile_latbin_OLS","q90","Combined","collection10_k3_tropical_temperate_polar","Coolhouse","Hothouse",0,2,NA,NA,NA,NA
"percentile_latbin_OLS","q90","Combined","collection10_k3_tropical_temperate_polar","Transitional","Warmhouse",0,3,NA,NA,NA,NA
"percentile_latbin_OLS","q90","Combined","collection10_k3_tropical_temperate_polar","Transitional","Hothouse",0,2,NA,NA,NA,NA
"percentile_latbin_OLS","q90","Northern","occurrence5_k1_tropical_temperate","Coldhouse","Warmhouse",14,14,-0.792467967669175,16,9.02918075399194e-05,0.000475808551212492
"percentile_latbin_OLS","q90","Northern","occurrence5_k1_tropical_temperate","Coolhouse","Warmhouse",15,14,-0.580840546897648,19,9.51617102424984e-05,0.000475808551212492
"percentile_latbin_OLS","q90","Northern","occurrence5_k1_tropical_temperate","Coldhouse","Transitional",14,17,-0.762892329348913,37,0.000608047397415404,0.00202682465805135
"percentile_latbin_OLS","q90","Northern","occurrence5_k1_tropical_temperate","Coldhouse","Hothouse",14,11,-0.66380583809902,26,0.00284948369091479,0.00569896738182958
"percentile_latbin_OLS","q90","Northern","occurrence5_k1_tropical_temperate","Coolhouse","Hothouse",15,11,-0.452178417327493,28,0.0025346547783508,0.00569896738182958
"percentile_latbin_OLS","q90","Northern","occurrence5_k1_tropical_temperate","Coolhouse","Transitional",15,17,-0.551264908577386,56,0.00366842687013701,0.00611404478356169
"percentile_latbin_OLS","q90","Northern","occurrence5_k1_tropical_temperate","Coldhouse","Coolhouse",14,15,-0.211627420771527,67,0.0508534650155466,0.0726478071650666
"percentile_latbin_OLS","q90","Northern","occurrence5_k1_tropical_temperate","Transitional","Warmhouse",17,14,-0.0295756383202617,98,0.207899452198735,0.259874315248419
"percentile_latbin_OLS","q90","Northern","occurrence5_k1_tropical_temperate","Transitional","Hothouse",17,11,0.0990864912498933,114,0.838386447002129,0.931540496669032
"percentile_latbin_OLS","q90","Northern","occurrence5_k1_tropical_temperate","Warmhouse","Hothouse",14,11,0.128662129570155,104,0.933900217851059,0.933900217851059
"percentile_latbin_OLS","q90","Northern","occurrence5_k1_tropical_temperate_polar","Coldhouse","Warmhouse",6,10,-0.65384066231505,0,0.000687795633623293,0.00687795633623293
"percentile_latbin_OLS","q90","Northern","occurrence5_k1_tropical_temperate_polar","Coolhouse","Warmhouse",11,10,-0.161345139099117,17,0.00413710782535761,0.020685539126788
"percentile_latbin_OLS","q90","Northern","occurrence5_k1_tropical_temperate_polar","Coldhouse","Transitional",6,8,-0.579186863410709,5,0.00846234423422658,0.0282078141140886
"percentile_latbin_OLS","q90","Northern","occurrence5_k1_tropical_temperate_polar","Coldhouse","Hothouse",6,4,-0.717124819046025,2,0.0214128046154457,0.0535320115386142
"percentile_latbin_OLS","q90","Northern","occurrence5_k1_tropical_temperate_polar","Coolhouse","Hothouse",11,4,-0.224629295830091,7,0.0291726511684288,0.0583453023368576
"percentile_latbin_OLS","q90","Northern","occurrence5_k1_tropical_temperate_polar","Coldhouse","Coolhouse",6,11,-0.492495523215934,15,0.0393043681198797,0.0655072801997995
"percentile_latbin_OLS","q90","Northern","occurrence5_k1_tropical_temperate_polar","Coolhouse","Transitional",11,8,-0.0866913401947753,26,0.074226844374877,0.106038349106967
"percentile_latbin_OLS","q90","Northern","occurrence5_k1_tropical_temperate_polar","Transitional","Warmhouse",8,10,-0.0746537989043414,30,0.199307559862863,0.249134449828578
"percentile_latbin_OLS","q90","Northern","occurrence5_k1_tropical_temperate_polar","Transitional","Hothouse",8,4,-0.137937955635316,14,0.399453334821635,0.443837038690706
"percentile_latbin_OLS","q90","Northern","occurrence5_k1_tropical_temperate_polar","Warmhouse","Hothouse",10,4,-0.0632841567309746,21,0.583997985713682,0.583997985713682
"percentile_latbin_OLS","q90","Northern","occurrence5_k2_tropical_temperate","Coldhouse","Transitional",10,14,-0.902575158985198,11,0.000306936979973628,0.00153468489986814
"percentile_latbin_OLS","q90","Northern","occurrence5_k2_tropical_temperate","Coldhouse","Warmhouse",10,12,-0.755969421028944,7,0.000268340218052387,0.00153468489986814
"percentile_latbin_OLS","q90","Northern","occurrence5_k2_tropical_temperate","Coolhouse","Warmhouse",12,12,-0.366638096306154,15,0.000553089092040362,0.00184363030680121
"percentile_latbin_OLS","q90","Northern","occurrence5_k2_tropical_temperate","Coolhouse","Transitional",12,14,-0.513243834262408,26,0.00155081994966082,0.00354798107876508
"percentile_latbin_OLS","q90","Northern","occurrence5_k2_tropical_temperate","Coolhouse","Hothouse",12,7,-0.418110522827086,7,0.00177399053938254,0.00354798107876508
"percentile_latbin_OLS","q90","Northern","occurrence5_k2_tropical_temperate","Coldhouse","Hothouse",10,7,-0.807441847549876,8,0.00485294264651389,0.00808823774418982
"percentile_latbin_OLS","q90","Northern","occurrence5_k2_tropical_temperate","Coldhouse","Coolhouse",10,12,-0.38933132472279,29,0.022156896141583,0.03165270877369
"percentile_latbin_OLS","q90","Northern","occurrence5_k2_tropical_temperate","Transitional","Warmhouse",14,12,0.146605737956254,76,0.349837812817352,0.437297266021691
"percentile_latbin_OLS","q90","Northern","occurrence5_k2_tropical_temperate","Warmhouse","Hothouse",12,7,-0.0514724265209318,44,0.583668946824734,0.648521052027482
"percentile_latbin_OLS","q90","Northern","occurrence5_k2_tropical_temperate","Transitional","Hothouse",14,7,0.0951333114353227,54,0.659216553602762,0.659216553602762
"percentile_latbin_OLS","q90","Northern","occurrence5_k2_tropical_temperate_polar","Coldhouse","Warmhouse",5,8,-0.610343119361895,0,0.00215517924976753,0.0215517924976753
"percentile_latbin_OLS","q90","Northern","occurrence5_k2_tropical_temperate_polar","Coldhouse","Coolhouse",5,6,-0.508645755405877,4,0.0276171268590319,0.0827407246527418
"percentile_latbin_OLS","q90","Northern","occurrence5_k2_tropical_temperate_polar","Coldhouse","Hothouse",5,4,-0.707804867322311,2,0.0330962898610967,0.0827407246527418
"percentile_latbin_OLS","q90","Northern","occurrence5_k2_tropical_temperate_polar","Coolhouse","Warmhouse",6,8,-0.101697363956018,9,0.030607317477301,0.0827407246527418
"percentile_latbin_OLS","q90","Northern","occurrence5_k2_tropical_temperate_polar","Coldhouse","Transitional",5,5,-0.439672997820052,4,0.047346471299738,0.0946929425994759
"percentile_latbin_OLS","q90","Northern","occurrence5_k2_tropical_temperate_polar","Coolhouse","Hothouse",6,4,-0.199159111916434,5,0.0829032800970067,0.138172133495011
"percentile_latbin_OLS","q90","Northern","occurrence5_k2_tropical_temperate_polar","Transitional","Warmhouse",5,8,-0.170670121541843,13,0.170674656977379,0.243820938539114
"percentile_latbin_OLS","q90","Northern","occurrence5_k2_tropical_temperate_polar","Transitional","Hothouse",5,4,-0.268131869502258,7,0.27014568730371,0.337682109129638
"percentile_latbin_OLS","q90","Northern","occurrence5_k2_tropical_temperate_polar","Coolhouse","Transitional",6,5,0.0689727575858244,14,0.463632236762616,0.466162186674167
"percentile_latbin_OLS","q90","Northern","occurrence5_k2_tropical_temperate_polar","Warmhouse","Hothouse",8,4,-0.0974617479604156,15,0.466162186674167,0.466162186674167
"percentile_latbin_OLS","q90","Northern","occurrence5_k3_tropical_temperate","Coolhouse","Transitional",7,9,-0.897480487922045,8,0.0074545795581525,0.0372728977907625
"percentile_latbin_OLS","q90","Northern","occurrence5_k3_tropical_temperate","Coolhouse","Warmhouse",7,8,-0.732891941943158,6,0.00642063116860977,0.0372728977907625
"percentile_latbin_OLS","q90","Northern","occurrence5_k3_tropical_temperate","Coldhouse","Warmhouse",5,8,-0.560974083093899,4,0.0116351460049754,0.0387838200165846
"percentile_latbin_OLS","q90","Northern","occurrence5_k3_tropical_temperate","Coolhouse","Hothouse",7,4,-0.646751121218599,3,0.0236104520017886,0.0590261300044715
"percentile_latbin_OLS","q90","Northern","occurrence5_k3_tropical_temperate","Coldhouse","Transitional",5,9,-0.725562629072787,8,0.0309740757067406,0.0619481514134812
"percentile_latbin_OLS","q90","Northern","occurrence5_k3_tropical_temperate","Coldhouse","Hothouse",5,4,-0.474833262369341,6,0.19563363964132,0.326056066068866
"percentile_latbin_OLS","q90","Northern","occurrence5_k3_tropical_temperate","Transitional","Warmhouse",9,8,0.164588545978888,29,0.265833680868882,0.37976240124126
"percentile_latbin_OLS","q90","Northern","occurrence5_k3_tropical_temperate","Coldhouse","Coolhouse",5,7,0.171917858849258,19,0.627333466334599,0.784166832918248
"percentile_latbin_OLS","q90","Northern","occurrence5_k3_tropical_temperate","Transitional","Hothouse",9,4,0.250729366703446,23,0.801967089645531,0.824881207590503
"percentile_latbin_OLS","q90","Northern","occurrence5_k3_tropical_temperate","Warmhouse","Hothouse",8,4,0.0861408207245583,21,0.824881207590503,0.824881207590503
"percentile_latbin_OLS","q90","Northern","occurrence5_k3_tropical_temperate_polar","Coldhouse","Warmhouse",2,5,-0.443258454808009,0,0.0406805646170377,0.203402823085189
"percentile_latbin_OLS","q90","Northern","occurrence5_k3_tropical_temperate_polar","Transitional","Warmhouse",2,5,-0.496604548210632,0,0.0406805646170377,0.203402823085189
"percentile_latbin_OLS","q90","Northern","occurrence5_k3_tropical_temperate_polar","Coolhouse","Warmhouse",3,5,-0.397797849525802,3,0.116518991136953,0.306597646008466
"percentile_latbin_OLS","q90","Northern","occurrence5_k3_tropical_temperate_polar","Transitional","Hothouse",2,2,-0.374893112055663,0,0.122639058403386,0.306597646008466
"percentile_latbin_OLS","q90","Northern","occurrence5_k3_tropical_temperate_polar","Coldhouse","Coolhouse",2,3,-0.0454606052822071,2,0.386414996342224,0.552021423346034
"percentile_latbin_OLS","q90","Northern","occurrence5_k3_tropical_temperate_polar","Coldhouse","Hothouse",2,2,-0.32154701865304,1,0.349267679151669,0.552021423346034
"percentile_latbin_OLS","q90","Northern","occurrence5_k3_tropical_temperate_polar","Coolhouse","Hothouse",3,2,-0.276086413370833,2,0.386414996342224,0.552021423346034
"percentile_latbin_OLS","q90","Northern","occurrence5_k3_tropical_temperate_polar","Coldhouse","Transitional",2,2,0.0533460934026229,2,0.650732320848331,0.799291202147457
"percentile_latbin_OLS","q90","Northern","occurrence5_k3_tropical_temperate_polar","Warmhouse","Hothouse",5,2,0.121711436154969,6,0.719362081932711,0.799291202147457
"percentile_latbin_OLS","q90","Northern","occurrence5_k3_tropical_temperate_polar","Coolhouse","Transitional",3,2,0.0988066986848299,4,0.806761884614384,0.806761884614384
"percentile_latbin_OLS","q90","Northern","occurrence10_k1_tropical_temperate","Coldhouse","Warmhouse",13,14,-0.81728348097941,6,2.06164494118163e-05,0.000206164494118163
"percentile_latbin_OLS","q90","Northern","occurrence10_k1_tropical_temperate","Coldhouse","Transitional",13,17,-0.715692873769255,33,0.00063519760957374,0.0031759880478687
"percentile_latbin_OLS","q90","Northern","occurrence10_k1_tropical_temperate","Coldhouse","Hothouse",13,11,-0.65872963400803,18,0.00106801356601687,0.00327018954376763
"percentile_latbin_OLS","q90","Northern","occurrence10_k1_tropical_temperate","Coolhouse","Warmhouse",14,14,-0.314985962815352,32,0.00130807581750705,0.00327018954376763
"percentile_latbin_OLS","q90","Northern","occurrence10_k1_tropical_temperate","Coldhouse","Coolhouse",13,14,-0.502297518164059,42,0.0092983364211982,0.0185966728423964
"percentile_latbin_OLS","q90","Northern","occurrence10_k1_tropical_temperate","Coolhouse","Transitional",14,17,-0.213395355605196,69,0.0247150272058746,0.041191712009791
"percentile_latbin_OLS","q90","Northern","occurrence10_k1_tropical_temperate","Coolhouse","Hothouse",14,11,-0.156432115843972,52,0.0899196798462328,0.128456685494618
"percentile_latbin_OLS","q90","Northern","occurrence10_k1_tropical_temperate","Transitional","Warmhouse",17,14,-0.101590607210155,94,0.165398911665448,0.20674863958181
"percentile_latbin_OLS","q90","Northern","occurrence10_k1_tropical_temperate","Transitional","Hothouse",17,11,0.0569632397612245,106,0.729573943421518,0.810637714912798
"percentile_latbin_OLS","q90","Northern","occurrence10_k1_tropical_temperate","Warmhouse","Hothouse",14,11,0.15855384697138,108,0.957687947317732,0.957687947317732
"percentile_latbin_OLS","q90","Northern","occurrence10_k1_tropical_temperate_polar","Coldhouse","Warmhouse",5,10,-0.676327472975628,0,0.00134713100964796,0.0134713100964796
"percentile_latbin_OLS","q90","Northern","occurrence10_k1_tropical_temperate_polar","Coldhouse","Transitional",5,8,-0.514062435895772,5,0.0168944196918348,0.056314732306116
"percentile_latbin_OLS","q90","Northern","occurrence10_k1_tropical_temperate_polar","Coolhouse","Warmhouse",8,10,-0.185989351604986,14,0.0117338232380456,0.056314732306116
"percentile_latbin_OLS","q90","Northern","occurrence10_k1_tropical_temperate_polar","Coldhouse","Hothouse",5,4,-0.507492910899677,2,0.0330962898610967,0.0827407246527418
"percentile_latbin_OLS","q90","Northern","occurrence10_k1_tropical_temperate_polar","Coldhouse","Coolhouse",5,8,-0.490338121370642,8,0.0461461695170366,0.0922923390340732
"percentile_latbin_OLS","q90","Northern","occurrence10_k1_tropical_temperate_polar","Transitional","Warmhouse",8,10,-0.162265037079856,26,0.115165533796184,0.191942556326974
"percentile_latbin_OLS","q90","Northern","occurrence10_k1_tropical_temperate_polar","Coolhouse","Transitional",8,8,-0.0237243145251304,24,0.215448521868134,0.277935144906068
"percentile_latbin_OLS","q90","Northern","occurrence10_k1_tropical_temperate_polar","Coolhouse","Hothouse",8,4,-0.0171547895290358,11,0.222348115924854,0.277935144906068
"percentile_latbin_OLS","q90","Northern","occurrence10_k1_tropical_temperate_polar","Transitional","Hothouse",8,4,0.00656952499609459,15,0.466162186674167,0.517957985193519
"percentile_latbin_OLS","q90","Northern","occurrence10_k1_tropical_temperate_polar","Warmhouse","Hothouse",10,4,0.16883456207595,29,0.910445403636639,0.910445403636639
"percentile_latbin_OLS","q90","Northern","occurrence10_k2_tropical_temperate","Coldhouse","Transitional",7,12,-0.958911849817876,9,0.00300943754156696,0.0150471877078348
"percentile_latbin_OLS","q90","Northern","occurrence10_k2_tropical_temperate","Coldhouse","Warmhouse",7,10,-0.70556878562182,5,0.00199529125805764,0.0150471877078348
"percentile_latbin_OLS","q90","Northern","occurrence10_k2_tropical_temperate","Coolhouse","Transitional",12,12,-0.489818603476372,29,0.00706898472795575,0.0235632824265192
"percentile_latbin_OLS","q90","Northern","occurrence10_k2_tropical_temperate","Coolhouse","Warmhouse",12,10,-0.236475539280316,24,0.00962121846985397,0.0240530461746349
"percentile_latbin_OLS","q90","Northern","occurrence10_k2_tropical_temperate","Coldhouse","Hothouse",7,6,-0.715812594134611,6,0.0191593815747068,0.0383187631494136
"percentile_latbin_OLS","q90","Northern","occurrence10_k2_tropical_temperate","Coolhouse","Hothouse",12,6,-0.246719347793107,21,0.0872240005123173,0.145373334187196
"percentile_latbin_OLS","q90","Northern","occurrence10_k2_tropical_temperate","Coldhouse","Coolhouse",7,12,-0.469093246341504,28,0.126943649914537,0.181348071306481
"percentile_latbin_OLS","q90","Northern","occurrence10_k2_tropical_temperate","Transitional","Warmhouse",12,10,0.253343064196056,59,0.486849644868423,0.608562056085529
"percentile_latbin_OLS","q90","Northern","occurrence10_k2_tropical_temperate","Transitional","Hothouse",12,6,0.243099255683265,41,0.696766183504496,0.696766183504496
"percentile_latbin_OLS","q90","Northern","occurrence10_k2_tropical_temperate","Warmhouse","Hothouse",10,6,-0.0102438085127912,34,0.687258203191774,0.696766183504496
"percentile_latbin_OLS","q90","Northern","occurrence10_k2_tropical_temperate_polar","Coldhouse","Warmhouse",4,5,-0.440125076090879,0,0.00998222665260803,0.0998222665260803
"percentile_latbin_OLS","q90","Northern","occurrence10_k2_tropical_temperate_polar","Coldhouse","Transitional",4,5,-0.311393298209142,4,0.0889547974934913,0.359874898233567
"percentile_latbin_OLS","q90","Northern","occurrence10_k2_tropical_temperate_polar","Coldhouse","Hothouse",4,3,-0.569807224057548,2,0.10796246947007,0.359874898233567
"percentile_latbin_OLS","q90","Northern","occurrence10_k2_tropical_temperate_polar","Coldhouse","Coolhouse",4,4,-0.459623760336657,4,0.156160710838108,0.376759117811582
"percentile_latbin_OLS","q90","Northern","occurrence10_k2_tropical_temperate_polar","Coolhouse","Hothouse",4,3,-0.110183463720891,3,0.188379558905791,0.376759117811582
"percentile_latbin_OLS","q90","Northern","occurrence10_k2_tropical_temperate_polar","Transitional","Warmhouse",5,5,-0.128731777881737,9,0.265434651984254,0.393560705417924
"percentile_latbin_OLS","q90","Northern","occurrence10_k2_tropical_temperate_polar","Transitional","Hothouse",5,3,-0.258413925848406,5,0.275492493792547,0.393560705417924
"percentile_latbin_OLS","q90","Northern","occurrence10_k2_tropical_temperate_polar","Coolhouse","Transitional",4,5,0.148230462127514,9,0.45126162508884,0.54873837491116
"percentile_latbin_OLS","q90","Northern","occurrence10_k2_tropical_temperate_polar","Coolhouse","Warmhouse",4,5,0.0194986842457776,10,0.54873837491116,0.54873837491116
"percentile_latbin_OLS","q90","Northern","occurrence10_k2_tropical_temperate_polar","Warmhouse","Hothouse",5,3,-0.129682147966669,7,0.5,0.54873837491116
"percentile_latbin_OLS","q90","Northern","occurrence10_k3_tropical_temperate","Coldhouse","Warmhouse",5,6,-0.62643082677377,2,0.0112394366830626,0.112394366830626
"percentile_latbin_OLS","q90","Northern","occurrence10_k3_tropical_temperate","Coldhouse","Transitional",5,7,-0.757514761825405,7,0.052188343299878,0.218419779019059
"percentile_latbin_OLS","q90","Northern","occurrence10_k3_tropical_temperate","Coolhouse","Transitional",6,7,-0.559528299105679,11,0.0873679116076236,0.218419779019059
"percentile_latbin_OLS","q90","Northern","occurrence10_k3_tropical_temperate","Coolhouse","Warmhouse",6,6,-0.428444364054045,9,0.0867427341607392,0.218419779019059
"percentile_latbin_OLS","q90","Northern","occurrence10_k3_tropical_temperate","Coldhouse","Hothouse",5,4,-0.327541656631735,5,0.13517207032739,0.27034414065478
"percentile_latbin_OLS","q90","Northern","occurrence10_k3_tropical_temperate","Coldhouse","Coolhouse",5,6,-0.197986462719726,11,0.261408326959544,0.435680544932574
"percentile_latbin_OLS","q90","Northern","occurrence10_k3_tropical_temperate","Coolhouse","Hothouse",6,4,-0.129555193912009,11,0.457553017210253,0.571941271512816
"percentile_latbin_OLS","q90","Northern","occurrence10_k3_tropical_temperate","Transitional","Warmhouse",7,6,0.131083935051635,19,0.415162128827898,0.571941271512816
"percentile_latbin_OLS","q90","Northern","occurrence10_k3_tropical_temperate","Transitional","Hothouse",7,4,0.42997310519367,18,0.802454207547925,0.891615786164361
"percentile_latbin_OLS","q90","Northern","occurrence10_k3_tropical_temperate","Warmhouse","Hothouse",6,4,0.298889170142036,19,0.945090295592381,0.945090295592381
"percentile_latbin_OLS","q90","Northern","occurrence10_k3_tropical_temperate_polar","Coldhouse","Warmhouse",2,3,-0.410333222998107,0,0.0744573365893828,0.111686004884074
"percentile_latbin_OLS","q90","Northern","occurrence10_k3_tropical_temperate_polar","Transitional","Warmhouse",2,3,-0.50005538249393,0,0.0744573365893828,0.111686004884074
"percentile_latbin_OLS","q90","Northern","occurrence10_k3_tropical_temperate_polar","Coldhouse","Transitional",2,2,0.0897221594958226,2,0.650732320848331,0.650732320848331
"percentile_latbin_OLS","q90","Northern","occurrence10_k3_tropical_temperate_polar","Coldhouse","Coolhouse",2,0,NA,NA,NA,NA
"percentile_latbin_OLS","q90","Northern","occurrence10_k3_tropical_temperate_polar","Coldhouse","Hothouse",2,1,0.0435766876253646,NA,NA,NA
"percentile_latbin_OLS","q90","Northern","occurrence10_k3_tropical_temperate_polar","Coolhouse","Transitional",0,2,NA,NA,NA,NA
"percentile_latbin_OLS","q90","Northern","occurrence10_k3_tropical_temperate_polar","Coolhouse","Warmhouse",0,3,NA,NA,NA,NA
"percentile_latbin_OLS","q90","Northern","occurrence10_k3_tropical_temperate_polar","Coolhouse","Hothouse",0,1,NA,NA,NA,NA
"percentile_latbin_OLS","q90","Northern","occurrence10_k3_tropical_temperate_polar","Transitional","Hothouse",2,1,-0.046145471870458,NA,NA,NA
"percentile_latbin_OLS","q90","Northern","occurrence10_k3_tropical_temperate_polar","Warmhouse","Hothouse",3,1,0.453909910623472,NA,NA,NA
"percentile_latbin_OLS","q90","Northern","collection5_k1_tropical_temperate","Coldhouse","Warmhouse",13,14,-0.904261816420542,7,2.53979714309527e-05,0.000253979714309527
"percentile_latbin_OLS","q90","Northern","collection5_k1_tropical_temperate","Coldhouse","Transitional",13,16,-0.910816218749071,16,6.22405870758827e-05,0.000311202935379414
"percentile_latbin_OLS","q90","Northern","collection5_k1_tropical_temperate","Coolhouse","Warmhouse",14,14,-0.575166975222594,21,0.000219879043389808,0.000732930144632693
"percentile_latbin_OLS","q90","Northern","collection5_k1_tropical_temperate","Coolhouse","Transitional",14,16,-0.581721377551123,34,0.000637123310737384,0.00159280827684346
"percentile_latbin_OLS","q90","Northern","collection5_k1_tropical_temperate","Coldhouse","Hothouse",13,9,-0.792665551067691,22,0.00810816422375185,0.0162163284475037
"percentile_latbin_OLS","q90","Northern","collection5_k1_tropical_temperate","Coolhouse","Hothouse",14,9,-0.463570709869743,31,0.0236104520017886,0.0393507533363143
"percentile_latbin_OLS","q90","Northern","collection5_k1_tropical_temperate","Coldhouse","Coolhouse",13,14,-0.329094841197948,52,0.0308631211675705,0.0440901730965293
"percentile_latbin_OLS","q90","Northern","collection5_k1_tropical_temperate","Transitional","Warmhouse",16,14,0.00655440232852875,90,0.185723333284878,0.232154166606098
"percentile_latbin_OLS","q90","Northern","collection5_k1_tropical_temperate","Transitional","Hothouse",16,9,0.11815066768138,88,0.824881207590503,0.916534675100559
"percentile_latbin_OLS","q90","Northern","collection5_k1_tropical_temperate","Warmhouse","Hothouse",14,9,0.111596265352851,89,0.952475297325331,0.952475297325331
"percentile_latbin_OLS","q90","Northern","collection5_k1_tropical_temperate_polar","Coldhouse","Warmhouse",6,9,-0.596856463348017,0,0.000894921639311727,0.00894921639311727
"percentile_latbin_OLS","q90","Northern","collection5_k1_tropical_temperate_polar","Coldhouse","Transitional",6,7,-0.390435774704241,5,0.0134045653577979,0.0446818845259931
"percentile_latbin_OLS","q90","Northern","collection5_k1_tropical_temperate_polar","Coolhouse","Warmhouse",10,9,-0.169193735967495,17,0.0123723360231995,0.0446818845259931
"percentile_latbin_OLS","q90","Northern","collection5_k1_tropical_temperate_polar","Coldhouse","Hothouse",6,4,-0.688796360478461,2,0.0214128046154457,0.0535320115386142
"percentile_latbin_OLS","q90","Northern","collection5_k1_tropical_temperate_polar","Coolhouse","Hothouse",10,4,-0.261133633097939,7,0.0385499358717709,0.0770998717435418
"percentile_latbin_OLS","q90","Northern","collection5_k1_tropical_temperate_polar","Coldhouse","Coolhouse",6,10,-0.427662727380522,14,0.046360964153696,0.0772682735894934
"percentile_latbin_OLS","q90","Northern","collection5_k1_tropical_temperate_polar","Transitional","Warmhouse",7,9,-0.206420688643776,21,0.144910984914307,0.207015692734724
"percentile_latbin_OLS","q90","Northern","collection5_k1_tropical_temperate_polar","Coolhouse","Transitional",10,7,0.0372269526762813,25,0.176935992199322,0.221169990249153
"percentile_latbin_OLS","q90","Northern","collection5_k1_tropical_temperate_polar","Transitional","Hothouse",7,4,-0.29836058577422,13,0.462359518743385,0.513732798603761
"percentile_latbin_OLS","q90","Northern","collection5_k1_tropical_temperate_polar","Warmhouse","Hothouse",9,4,-0.0919398971304444,18,0.530748557610764,0.530748557610764
"percentile_latbin_OLS","q90","Northern","collection5_k2_tropical_temperate","Coolhouse","Transitional",11,11,-0.76817063900459,13,0.00101347282348635,0.00506736411743177
"percentile_latbin_OLS","q90","Northern","collection5_k2_tropical_temperate","Coolhouse","Warmhouse",11,11,-0.446475530882865,13,0.00101347282348635,0.00506736411743177
"percentile_latbin_OLS","q90","Northern","collection5_k2_tropical_temperate","Coldhouse","Warmhouse",7,11,-0.630336756575502,6,0.00187695177115147,0.00625650590383822
"percentile_latbin_OLS","q90","Northern","collection5_k2_tropical_temperate","Coldhouse","Transitional",7,11,-0.952031864697226,8,0.00329382563662194,0.00773668480919053
"percentile_latbin_OLS","q90","Northern","collection5_k2_tropical_temperate","Coolhouse","Hothouse",11,6,-0.513101696209852,6,0.00386834240459527,0.00773668480919053
"percentile_latbin_OLS","q90","Northern","collection5_k2_tropical_temperate","Coldhouse","Hothouse",7,6,-0.696962921902488,6,0.0191593815747068,0.0319323026245113
"percentile_latbin_OLS","q90","Northern","collection5_k2_tropical_temperate","Coldhouse","Coolhouse",7,11,-0.183861225692637,33,0.325334350886297,0.464763358408996
"percentile_latbin_OLS","q90","Northern","collection5_k2_tropical_temperate","Transitional","Warmhouse",11,11,0.321695108121725,61,0.526177735188703,0.657722168985879
"percentile_latbin_OLS","q90","Northern","collection5_k2_tropical_temperate","Warmhouse","Hothouse",11,6,-0.0666261653269866,35,0.599193239529248,0.665770266143608
"percentile_latbin_OLS","q90","Northern","collection5_k2_tropical_temperate","Transitional","Hothouse",11,6,0.255068942794738,41,0.803525660532283,0.803525660532283
"percentile_latbin_OLS","q90","Northern","collection5_k2_tropical_temperate_polar","Coldhouse","Warmhouse",3,8,-0.421108204062065,0,0.00945177150556067,0.0945177150556067
"percentile_latbin_OLS","q90","Northern","collection5_k2_tropical_temperate_polar","Coolhouse","Warmhouse",6,8,-0.15204338184107,9,0.030607317477301,0.153036587386505
"percentile_latbin_OLS","q90","Northern","collection5_k2_tropical_temperate_polar","Coldhouse","Coolhouse",3,6,-0.269064822220995,4,0.122639058403386,0.326965295017437
"percentile_latbin_OLS","q90","Northern","collection5_k2_tropical_temperate_polar","Transitional","Warmhouse",3,8,-0.407223611853588,6,0.130786118006975,0.326965295017437
"percentile_latbin_OLS","q90","Northern","collection5_k2_tropical_temperate_polar","Coldhouse","Hothouse",3,2,-0.27512728315738,2,0.386414996342224,0.619737381984423
"percentile_latbin_OLS","q90","Northern","collection5_k2_tropical_temperate_polar","Coolhouse","Hothouse",6,2,-0.00606246093638546,5,0.433816167389096,0.619737381984423
"percentile_latbin_OLS","q90","Northern","collection5_k2_tropical_temperate_polar","Transitional","Hothouse",3,2,-0.261242690948904,2,0.386414996342224,0.619737381984423
"percentile_latbin_OLS","q90","Northern","collection5_k2_tropical_temperate_polar","Coldhouse","Transitional",3,3,-0.0138845922084766,4,0.5,0.625
"percentile_latbin_OLS","q90","Northern","collection5_k2_tropical_temperate_polar","Coolhouse","Transitional",6,3,0.255180230012518,10,0.650732320848331,0.723035912053701
"percentile_latbin_OLS","q90","Northern","collection5_k2_tropical_temperate_polar","Warmhouse","Hothouse",8,2,0.145980920904684,10,0.743054554371143,0.743054554371143
"percentile_latbin_OLS","q90","Northern","collection5_k3_tropical_temperate","Coldhouse","Transitional",5,8,-0.845727153990905,6,0.024066198109791,0.0601654952744775
"percentile_latbin_OLS","q90","Northern","collection5_k3_tropical_temperate","Coldhouse","Warmhouse",5,7,-0.501913903192474,4,0.0173777921798081,0.0601654952744775
"percentile_latbin_OLS","q90","Northern","collection5_k3_tropical_temperate","Coolhouse","Transitional",6,8,-0.865017265891159,7,0.0165799937294239,0.0601654952744775
"percentile_latbin_OLS","q90","Northern","collection5_k3_tropical_temperate","Coolhouse","Warmhouse",6,7,-0.521204015092728,6,0.0191593815747068,0.0601654952744775
"percentile_latbin_OLS","q90","Northern","collection5_k3_tropical_temperate","Coolhouse","Hothouse",6,4,-0.587830180419714,3,0.0349771792900052,0.0699543585800103
"percentile_latbin_OLS","q90","Northern","collection5_k3_tropical_temperate","Coldhouse","Hothouse",5,4,-0.56854006851946,5,0.13517207032739,0.225286783878983
"percentile_latbin_OLS","q90","Northern","collection5_k3_tropical_temperate","Coldhouse","Coolhouse",5,6,0.019290111900254,16,0.60790438529919,0.757443537464666
"percentile_latbin_OLS","q90","Northern","collection5_k3_tropical_temperate","Transitional","Warmhouse",8,7,0.343813250798431,29,0.568906652799619,0.757443537464666
"percentile_latbin_OLS","q90","Northern","collection5_k3_tropical_temperate","Warmhouse","Hothouse",7,4,-0.0666261653269866,16,0.6816991837182,0.757443537464666
"percentile_latbin_OLS","q90","Northern","collection5_k3_tropical_temperate","Transitional","Hothouse",8,4,0.277187085471444,25,0.946681471098718,0.946681471098718
"percentile_latbin_OLS","q90","Northern","collection5_k3_tropical_temperate_polar","Coldhouse","Warmhouse",2,5,-0.387775638229514,0,0.0406805646170377,0.0610208469255566
"percentile_latbin_OLS","q90","Northern","collection5_k3_tropical_temperate_polar","Transitional","Warmhouse",2,5,-0.462108241876211,0,0.0406805646170377,0.0610208469255566
"percentile_latbin_OLS","q90","Northern","collection5_k3_tropical_temperate_polar","Coldhouse","Transitional",2,2,0.074332603646697,3,0.877360941596614,0.877360941596614
"percentile_latbin_OLS","q90","Northern","collection5_k3_tropical_temperate_polar","Coldhouse","Coolhouse",2,1,-0.432534030645892,NA,NA,NA
"percentile_latbin_OLS","q90","Northern","collection5_k3_tropical_temperate_polar","Coldhouse","Hothouse",2,1,0.0597359073889101,NA,NA,NA
"percentile_latbin_OLS","q90","Northern","collection5_k3_tropical_temperate_polar","Coolhouse","Transitional",1,2,0.506866634292589,NA,NA,NA
"percentile_latbin_OLS","q90","Northern","collection5_k3_tropical_temperate_polar","Coolhouse","Warmhouse",1,5,0.044758392416378,NA,NA,NA
"percentile_latbin_OLS","q90","Northern","collection5_k3_tropical_temperate_polar","Coolhouse","Hothouse",1,1,0.492269938034802,NA,NA,NA
"percentile_latbin_OLS","q90","Northern","collection5_k3_tropical_temperate_polar","Transitional","Hothouse",2,1,-0.0145966962577869,NA,NA,NA
"percentile_latbin_OLS","q90","Northern","collection5_k3_tropical_temperate_polar","Warmhouse","Hothouse",5,1,0.447511545618424,NA,NA,NA
"percentile_latbin_OLS","q90","Northern","collection10_k1_tropical_temperate","Coldhouse","Warmhouse",12,13,-1.04021719463117,10,0.00012055799988751,0.0012055799988751
"percentile_latbin_OLS","q90","Northern","collection10_k1_tropical_temperate","Coldhouse","Transitional",12,14,-1.1476305672479,26,0.00155081994966082,0.00635588647097012
"percentile_latbin_OLS","q90","Northern","collection10_k1_tropical_temperate","Coldhouse","Hothouse",12,8,-0.812599755713271,10,0.00190676594129104,0.00635588647097012
"percentile_latbin_OLS","q90","Northern","collection10_k1_tropical_temperate","Coolhouse","Warmhouse",13,13,-0.724063063069812,38,0.00916276096564773,0.0229069024141193
"percentile_latbin_OLS","q90","Northern","collection10_k1_tropical_temperate","Coolhouse","Transitional",13,14,-0.831476435686543,52,0.0308631211675705,0.0539888818155169
"percentile_latbin_OLS","q90","Northern","collection10_k1_tropical_temperate","Coolhouse","Hothouse",13,8,-0.496445624151914,26,0.0323933290893102,0.0539888818155169
"percentile_latbin_OLS","q90","Northern","collection10_k1_tropical_temperate","Coldhouse","Coolhouse",12,13,-0.316154131561357,47,0.0485597808417014,0.0693711154881448
"percentile_latbin_OLS","q90","Northern","collection10_k1_tropical_temperate","Transitional","Warmhouse",14,13,0.107413372616731,83,0.357949096073313,0.447436370091642
"percentile_latbin_OLS","q90","Northern","collection10_k1_tropical_temperate","Transitional","Hothouse",14,8,0.335030811534629,61,0.646314035218893,0.646314035218893
"percentile_latbin_OLS","q90","Northern","collection10_k1_tropical_temperate","Warmhouse","Hothouse",13,8,0.227617438917898,56,0.627747370834004,0.646314035218893
"percentile_latbin_OLS","q90","Northern","collection10_k1_tropical_temperate_polar","Coldhouse","Warmhouse",5,8,-0.567891023859196,0,0.00215517924976753,0.0215517924976753
"percentile_latbin_OLS","q90","Northern","collection10_k1_tropical_temperate_polar","Transitional","Warmhouse",3,8,-0.330006603657424,0,0.00945177150556067,0.0472588575278034
"percentile_latbin_OLS","q90","Northern","collection10_k1_tropical_temperate_polar","Coldhouse","Coolhouse",5,6,-0.382988284628536,7,0.0854517601153987,0.170903520230797
"percentile_latbin_OLS","q90","Northern","collection10_k1_tropical_temperate_polar","Coldhouse","Hothouse",5,3,-0.580803245038357,2,0.0680185640570718,0.170903520230797
"percentile_latbin_OLS","q90","Northern","collection10_k1_tropical_temperate_polar","Coolhouse","Warmhouse",6,8,-0.184902739230661,12,0.0688191275540914,0.170903520230797
"percentile_latbin_OLS","q90","Northern","collection10_k1_tropical_temperate_polar","Coldhouse","Transitional",5,3,-0.237884420201772,4,0.185546684761349,0.273380777775161
"percentile_latbin_OLS","q90","Northern","collection10_k1_tropical_temperate_polar","Transitional","Hothouse",3,3,-0.342918824836585,2,0.191366544442613,0.273380777775161
"percentile_latbin_OLS","q90","Northern","collection10_k1_tropical_temperate_polar","Coolhouse","Hothouse",6,3,-0.197814960409821,6,0.259302508214363,0.324128135267954
"percentile_latbin_OLS","q90","Northern","collection10_k1_tropical_temperate_polar","Coolhouse","Transitional",6,3,0.145103864426764,11,0.740697491785637,0.740697491785637
"percentile_latbin_OLS","q90","Northern","collection10_k1_tropical_temperate_polar","Warmhouse","Hothouse",8,3,-0.0129122211791608,14,0.69508297816327,0.740697491785637
"percentile_latbin_OLS","q90","Northern","collection10_k2_tropical_temperate","Coolhouse","Transitional",9,9,-1.14990282516937,13,0.00855911985239508,0.0855911985239508
"percentile_latbin_OLS","q90","Northern","collection10_k2_tropical_temperate","Coldhouse","Transitional",5,9,-1.03185384727993,8,0.0309740757067406,0.112129934230582
"percentile_latbin_OLS","q90","Northern","collection10_k2_tropical_temperate","Coldhouse","Warmhouse",5,8,-0.458294007031892,7,0.0336389802691745,0.112129934230582
"percentile_latbin_OLS","q90","Northern","collection10_k2_tropical_temperate","Coolhouse","Warmhouse",9,8,-0.576342984921336,18,0.0460967981828697,0.115241995457174
"percentile_latbin_OLS","q90","Northern","collection10_k2_tropical_temperate","Coolhouse","Hothouse",9,3,-0.862590451633922,7,0.133628746577194,0.267257493154388
"percentile_latbin_OLS","q90","Northern","collection10_k2_tropical_temperate","Coldhouse","Hothouse",5,3,-0.744541473744478,5,0.275492493792547,0.459154156320911
"percentile_latbin_OLS","q90","Northern","collection10_k2_tropical_temperate","Warmhouse","Hothouse",8,3,-0.286247466712586,11,0.459353702714144,0.656219575305921
"percentile_latbin_OLS","q90","Northern","collection10_k2_tropical_temperate","Coldhouse","Coolhouse",5,9,0.118048977889444,26,0.703098571396149,0.878873214245186
"percentile_latbin_OLS","q90","Northern","collection10_k2_tropical_temperate","Transitional","Warmhouse",9,8,0.573559840248035,44,0.793296532785897,0.88144059198433
"percentile_latbin_OLS","q90","Northern","collection10_k2_tropical_temperate","Transitional","Hothouse",9,3,0.287312373535449,20,0.902219170800198,0.902219170800198
"percentile_latbin_OLS","q90","Northern","collection10_k2_tropical_temperate_polar","Coldhouse","Warmhouse",3,5,-0.434696304064481,0,0.0184442128535249,0.0553326385605748
"percentile_latbin_OLS","q90","Northern","collection10_k2_tropical_temperate_polar","Coldhouse","Coolhouse",3,2,0.0138099784781285,3,0.613585003657776,0.613585003657776
"percentile_latbin_OLS","q90","Northern","collection10_k2_tropical_temperate_polar","Coolhouse","Warmhouse",2,5,-0.44850628254261,5,0.576774701561705,0.613585003657776
"percentile_latbin_OLS","q90","Northern","collection10_k2_tropical_temperate_polar","Coldhouse","Transitional",3,1,-0.213740317581561,NA,NA,NA
"percentile_latbin_OLS","q90","Northern","collection10_k2_tropical_temperate_polar","Coldhouse","Hothouse",3,1,0.0493897538906761,NA,NA,NA
"percentile_latbin_OLS","q90","Northern","collection10_k2_tropical_temperate_polar","Coolhouse","Transitional",2,1,-0.227550296059689,NA,NA,NA
"percentile_latbin_OLS","q90","Northern","collection10_k2_tropical_temperate_polar","Coolhouse","Hothouse",2,1,0.0355797754125476,NA,NA,NA
"percentile_latbin_OLS","q90","Northern","collection10_k2_tropical_temperate_polar","Transitional","Warmhouse",1,5,-0.220955986482921,NA,NA,NA
"percentile_latbin_OLS","q90","Northern","collection10_k2_tropical_temperate_polar","Transitional","Hothouse",1,1,0.263130071472237,NA,NA,NA
"percentile_latbin_OLS","q90","Northern","collection10_k2_tropical_temperate_polar","Warmhouse","Hothouse",5,1,0.484086057955157,NA,NA,NA
"percentile_latbin_OLS","q90","Northern","collection10_k3_tropical_temperate","Coldhouse","Warmhouse",2,3,-0.364587618891563,0,0.0744573365893828,0.372286682946914
"percentile_latbin_OLS","q90","Northern","collection10_k3_tropical_temperate","Coolhouse","Transitional",3,6,-1.53057344216484,2,0.0466449780918023,0.372286682946914
"percentile_latbin_OLS","q90","Northern","collection10_k3_tropical_temperate","Coldhouse","Transitional",2,6,-1.2650940042537,2,0.121672504574381,0.405575015247937
"percentile_latbin_OLS","q90","Northern","collection10_k3_tropical_temperate","Coolhouse","Hothouse",3,3,-0.928407179933003,2,0.191366544442613,0.478416361106533
"percentile_latbin_OLS","q90","Northern","collection10_k3_tropical_temperate","Coldhouse","Hothouse",2,3,-0.662927742021865,2,0.386414996342224,0.552021423346034
"percentile_latbin_OLS","q90","Northern","collection10_k3_tropical_temperate","Coolhouse","Warmhouse",3,3,-0.630067056802701,3,0.331260291770029,0.552021423346034
"percentile_latbin_OLS","q90","Northern","collection10_k3_tropical_temperate","Warmhouse","Hothouse",3,3,-0.298340123130302,3,0.331260291770029,0.552021423346034
"percentile_latbin_OLS","q90","Northern","collection10_k3_tropical_temperate","Coldhouse","Coolhouse",2,3,0.265479437911138,4,0.806761884614384,0.877360941596614
"percentile_latbin_OLS","q90","Northern","collection10_k3_tropical_temperate","Transitional","Warmhouse",6,3,0.900506385362141,12,0.81692171990297,0.877360941596614
"percentile_latbin_OLS","q90","Northern","collection10_k3_tropical_temperate","Transitional","Hothouse",6,3,0.602166262231839,13,0.877360941596614,0.877360941596614
"percentile_latbin_OLS","q90","Northern","collection10_k3_tropical_temperate_polar","Coldhouse","Coolhouse",1,0,NA,NA,NA,NA
"percentile_latbin_OLS","q90","Northern","collection10_k3_tropical_temperate_polar","Coldhouse","Transitional",1,0,NA,NA,NA,NA
"percentile_latbin_OLS","q90","Northern","collection10_k3_tropical_temperate_polar","Coldhouse","Warmhouse",1,3,-0.28297388716895,NA,NA,NA
"percentile_latbin_OLS","q90","Northern","collection10_k3_tropical_temperate_polar","Coldhouse","Hothouse",1,0,NA,NA,NA,NA
"percentile_latbin_OLS","q90","Northern","collection10_k3_tropical_temperate_polar","Coolhouse","Transitional",0,0,NA,NA,NA,NA
"percentile_latbin_OLS","q90","Northern","collection10_k3_tropical_temperate_polar","Coolhouse","Warmhouse",0,3,NA,NA,NA,NA
"percentile_latbin_OLS","q90","Northern","collection10_k3_tropical_temperate_polar","Coolhouse","Hothouse",0,0,NA,NA,NA,NA
"percentile_latbin_OLS","q90","Northern","collection10_k3_tropical_temperate_polar","Transitional","Warmhouse",0,3,NA,NA,NA,NA
"percentile_latbin_OLS","q90","Northern","collection10_k3_tropical_temperate_polar","Transitional","Hothouse",0,0,NA,NA,NA,NA
"percentile_latbin_OLS","q90","Northern","collection10_k3_tropical_temperate_polar","Warmhouse","Hothouse",3,0,NA,NA,NA,NA
"percentile_latbin_OLS","q90","Southern","occurrence5_k1_tropical_temperate","Coldhouse","Coolhouse",11,17,-0.209298071389129,60,0.060291338125984,0.146168779239158
"percentile_latbin_OLS","q90","Southern","occurrence5_k1_tropical_temperate","Coldhouse","Transitional",11,15,-0.297146569975306,54,0.0730843896195792,0.146168779239158
"percentile_latbin_OLS","q90","Southern","occurrence5_k1_tropical_temperate","Coldhouse","Warmhouse",11,12,-0.40114400183289,40,0.058275459766107,0.146168779239158
"percentile_latbin_OLS","q90","Southern","occurrence5_k1_tropical_temperate","Coldhouse","Hothouse",11,14,-0.577095838863066,38,0.0175294140588915,0.146168779239158
"percentile_latbin_OLS","q90","Southern","occurrence5_k1_tropical_temperate","Transitional","Hothouse",15,14,-0.27994926888776,71,0.0718624029139538,0.146168779239158
"percentile_latbin_OLS","q90","Southern","occurrence5_k1_tropical_temperate","Warmhouse","Hothouse",12,14,-0.175951837030176,60,0.113387220961393,0.188978701602322
"percentile_latbin_OLS","q90","Southern","occurrence5_k1_tropical_temperate","Coolhouse","Hothouse",17,14,-0.367797767473938,95,0.175458026770837,0.250654323958338
"percentile_latbin_OLS","q90","Southern","occurrence5_k1_tropical_temperate","Coolhouse","Warmhouse",17,12,-0.191845930443762,88,0.274990016059902,0.343737520074878
"percentile_latbin_OLS","q90","Southern","occurrence5_k1_tropical_temperate","Transitional","Warmhouse",15,12,-0.103997431857585,81,0.339159705972429,0.376844117747143
"percentile_latbin_OLS","q90","Southern","occurrence5_k1_tropical_temperate","Coolhouse","Transitional",17,15,-0.0878484985861771,120,0.395759271058678,0.395759271058678
"percentile_latbin_OLS","q90","Southern","occurrence5_k1_tropical_temperate_polar","Coolhouse","Hothouse",9,10,-0.51381573786845,13,0.00505616696066673,0.0505616696066673
"percentile_latbin_OLS","q90","Southern","occurrence5_k1_tropical_temperate_polar","Transitional","Hothouse",10,10,-0.367782973651269,19,0.0105669640645806,0.0528348203229028
"percentile_latbin_OLS","q90","Southern","occurrence5_k1_tropical_temperate_polar","Coolhouse","Warmhouse",9,8,-0.317052761523175,14,0.0192806237987123,0.0642687459957077
"percentile_latbin_OLS","q90","Southern","occurrence5_k1_tropical_temperate_polar","Warmhouse","Hothouse",8,10,-0.196762976345275,18,0.0280456819981465,0.0701142049953663
"percentile_latbin_OLS","q90","Southern","occurrence5_k1_tropical_temperate_polar","Coldhouse","Hothouse",4,10,-0.252275311230904,12,0.144422183173242,0.288844366346485
"percentile_latbin_OLS","q90","Southern","occurrence5_k1_tropical_temperate_polar","Coolhouse","Transitional",9,10,-0.146032764217181,34,0.19563363964132,0.321501500794746
"percentile_latbin_OLS","q90","Southern","occurrence5_k1_tropical_temperate_polar","Transitional","Warmhouse",10,8,-0.171019997305994,31,0.225051050556322,0.321501500794746
"percentile_latbin_OLS","q90","Southern","occurrence5_k1_tropical_temperate_polar","Coldhouse","Warmhouse",4,8,-0.055512334885629,16,0.533837813325833,0.667297266657292
"percentile_latbin_OLS","q90","Southern","occurrence5_k1_tropical_temperate_polar","Coldhouse","Transitional",4,10,0.115507662420365,23,0.689691026781155,0.766323363090172
"percentile_latbin_OLS","q90","Southern","occurrence5_k1_tropical_temperate_polar","Coldhouse","Coolhouse",4,9,0.261540426637546,23,0.801967089645531,0.801967089645531
"percentile_latbin_OLS","q90","Southern","occurrence5_k2_tropical_temperate","Coldhouse","Hothouse",8,11,-0.66313356355582,17,0.0143287751916451,0.143287751916451
"percentile_latbin_OLS","q90","Southern","occurrence5_k2_tropical_temperate","Transitional","Hothouse",7,11,-0.511462869250071,20,0.0515295867274198,0.171765289091399
"percentile_latbin_OLS","q90","Southern","occurrence5_k2_tropical_temperate","Warmhouse","Hothouse",7,11,-0.432567916987552,19,0.0426465592759705,0.171765289091399
"percentile_latbin_OLS","q90","Southern","occurrence5_k2_tropical_temperate","Coldhouse","Coolhouse",8,12,-0.305842181952472,29,0.0767458578105445,0.191864644526361
"percentile_latbin_OLS","q90","Southern","occurrence5_k2_tropical_temperate","Coolhouse","Hothouse",12,11,-0.357291381603348,50,0.17005218428079,0.34010436856158
"percentile_latbin_OLS","q90","Southern","occurrence5_k2_tropical_temperate","Coldhouse","Transitional",8,7,-0.151670694305749,22,0.262224860903042,0.374606944147203
"percentile_latbin_OLS","q90","Southern","occurrence5_k2_tropical_temperate","Coldhouse","Warmhouse",8,7,-0.230565646568269,21,0.225956729139537,0.374606944147203
"percentile_latbin_OLS","q90","Southern","occurrence5_k2_tropical_temperate","Transitional","Warmhouse",7,7,-0.0788949522625195,25,0.550836606365381,0.688545757956726
"percentile_latbin_OLS","q90","Southern","occurrence5_k2_tropical_temperate","Coolhouse","Transitional",12,7,0.154171487646723,50,0.763738836553473,0.763738836553473
"percentile_latbin_OLS","q90","Southern","occurrence5_k2_tropical_temperate","Coolhouse","Warmhouse",12,7,0.0752765353842037,50,0.763738836553473,0.763738836553473
"percentile_latbin_OLS","q90","Southern","occurrence5_k2_tropical_temperate_polar","Coolhouse","Warmhouse",6,4,-0.196614506592334,6,0.120477334350785,0.180716001526178
"percentile_latbin_OLS","q90","Southern","occurrence5_k2_tropical_temperate_polar","Coolhouse","Hothouse",6,6,-0.412609458746653,6,0.0327760805827513,0.180716001526178
"percentile_latbin_OLS","q90","Southern","occurrence5_k2_tropical_temperate_polar","Transitional","Hothouse",3,6,-0.499863220952538,3,0.077790173896099,0.180716001526178
"percentile_latbin_OLS","q90","Southern","occurrence5_k2_tropical_temperate_polar","Warmhouse","Hothouse",4,6,-0.215994952154319,6,0.120477334350785,0.180716001526178
"percentile_latbin_OLS","q90","Southern","occurrence5_k2_tropical_temperate_polar","Transitional","Warmhouse",3,4,-0.28386826879822,3,0.188379558905791,0.226055470686949
"percentile_latbin_OLS","q90","Southern","occurrence5_k2_tropical_temperate_polar","Coolhouse","Transitional",6,3,0.0872537622058854,8,0.448639480630042,0.448639480630042
"percentile_latbin_OLS","q90","Southern","occurrence5_k2_tropical_temperate_polar","Coldhouse","Coolhouse",1,6,0.391864609733294,NA,NA,NA
"percentile_latbin_OLS","q90","Southern","occurrence5_k2_tropical_temperate_polar","Coldhouse","Transitional",1,3,0.479118371939179,NA,NA,NA
"percentile_latbin_OLS","q90","Southern","occurrence5_k2_tropical_temperate_polar","Coldhouse","Warmhouse",1,4,0.195250103140959,NA,NA,NA
"percentile_latbin_OLS","q90","Southern","occurrence5_k2_tropical_temperate_polar","Coldhouse","Hothouse",1,6,-0.0207448490133594,NA,NA,NA
"percentile_latbin_OLS","q90","Southern","occurrence5_k3_tropical_temperate","Coolhouse","Hothouse",7,6,-0.416340584720568,11,0.0873679116076236,0.291226372025412
"percentile_latbin_OLS","q90","Southern","occurrence5_k3_tropical_temperate","Transitional","Hothouse",5,6,-0.597223852044197,7,0.0854517601153987,0.291226372025412
"percentile_latbin_OLS","q90","Southern","occurrence5_k3_tropical_temperate","Warmhouse","Hothouse",4,6,-0.548425041303705,5,0.0829032800970067,0.291226372025412
"percentile_latbin_OLS","q90","Southern","occurrence5_k3_tropical_temperate","Coldhouse","Hothouse",2,6,-0.487072956094945,2,0.121672504574381,0.304181261435953
"percentile_latbin_OLS","q90","Southern","occurrence5_k3_tropical_temperate","Coldhouse","Coolhouse",2,7,-0.0707323713743771,5,0.330274602600837,0.660549205201673
"percentile_latbin_OLS","q90","Southern","occurrence5_k3_tropical_temperate","Coldhouse","Transitional",2,5,0.110150895949252,6,0.719362081932711,0.756273354817983
"percentile_latbin_OLS","q90","Southern","occurrence5_k3_tropical_temperate","Coldhouse","Warmhouse",2,4,0.0613520852087598,5,0.756273354817983,0.756273354817983
"percentile_latbin_OLS","q90","Southern","occurrence5_k3_tropical_temperate","Coolhouse","Transitional",7,5,0.180883267323629,20,0.686941260041631,0.756273354817983
"percentile_latbin_OLS","q90","Southern","occurrence5_k3_tropical_temperate","Coolhouse","Warmhouse",7,4,0.132084456583137,17,0.745834213223927,0.756273354817983
"percentile_latbin_OLS","q90","Southern","occurrence5_k3_tropical_temperate","Transitional","Warmhouse",5,4,-0.0487988107404917,10,0.54873837491116,0.756273354817983
"percentile_latbin_OLS","q90","Southern","occurrence5_k3_tropical_temperate_polar","Coolhouse","Hothouse",4,2,-0.937724150497689,0,0.0525962525600207,0.245278116806773
"percentile_latbin_OLS","q90","Southern","occurrence5_k3_tropical_temperate_polar","Transitional","Hothouse",2,2,-0.787621953448265,0,0.122639058403386,0.245278116806773
"percentile_latbin_OLS","q90","Southern","occurrence5_k3_tropical_temperate_polar","Warmhouse","Hothouse",2,2,-0.710412963046171,0,0.122639058403386,0.245278116806773
"percentile_latbin_OLS","q90","Southern","occurrence5_k3_tropical_temperate_polar","Coolhouse","Transitional",4,2,-0.150102197049424,2,0.243726645182017,0.292471974218421
"percentile_latbin_OLS","q90","Southern","occurrence5_k3_tropical_temperate_polar","Coolhouse","Warmhouse",4,2,-0.227311187451517,2,0.243726645182017,0.292471974218421
"percentile_latbin_OLS","q90","Southern","occurrence5_k3_tropical_temperate_polar","Transitional","Warmhouse",2,2,-0.0772089904020934,1,0.349267679151669,0.349267679151669
"percentile_latbin_OLS","q90","Southern","occurrence5_k3_tropical_temperate_polar","Coldhouse","Coolhouse",0,4,NA,NA,NA,NA
"percentile_latbin_OLS","q90","Southern","occurrence5_k3_tropical_temperate_polar","Coldhouse","Transitional",0,2,NA,NA,NA,NA
"percentile_latbin_OLS","q90","Southern","occurrence5_k3_tropical_temperate_polar","Coldhouse","Warmhouse",0,2,NA,NA,NA,NA
"percentile_latbin_OLS","q90","Southern","occurrence5_k3_tropical_temperate_polar","Coldhouse","Hothouse",0,2,NA,NA,NA,NA
"percentile_latbin_OLS","q90","Southern","occurrence10_k1_tropical_temperate","Coldhouse","Hothouse",11,14,-0.674943502720876,32,0.0074223127040166,0.074223127040166
"percentile_latbin_OLS","q90","Southern","occurrence10_k1_tropical_temperate","Coldhouse","Coolhouse",11,17,-0.201138674655649,66,0.102026240645266,0.16144329081585
"percentile_latbin_OLS","q90","Southern","occurrence10_k1_tropical_temperate","Coldhouse","Transitional",11,13,-0.309082964480581,49,0.101224718561266,0.16144329081585
"percentile_latbin_OLS","q90","Southern","occurrence10_k1_tropical_temperate","Coldhouse","Warmhouse",11,11,-0.348702949845166,40,0.094540902982258,0.16144329081585
"percentile_latbin_OLS","q90","Southern","occurrence10_k1_tropical_temperate","Coolhouse","Hothouse",17,14,-0.473804828065227,88,0.113010303571095,0.16144329081585
"percentile_latbin_OLS","q90","Southern","occurrence10_k1_tropical_temperate","Transitional","Hothouse",13,14,-0.365860538240295,59,0.0631850432928682,0.16144329081585
"percentile_latbin_OLS","q90","Southern","occurrence10_k1_tropical_temperate","Warmhouse","Hothouse",11,14,-0.32624055287571,47,0.0531581346536492,0.16144329081585
"percentile_latbin_OLS","q90","Southern","occurrence10_k1_tropical_temperate","Coolhouse","Warmhouse",17,11,-0.147564275189517,80,0.270426056578482,0.338032570723102
"percentile_latbin_OLS","q90","Southern","occurrence10_k1_tropical_temperate","Coolhouse","Transitional",17,13,-0.107944289824932,105,0.417123122628699,0.46347013625411
"percentile_latbin_OLS","q90","Southern","occurrence10_k1_tropical_temperate","Transitional","Warmhouse",13,11,-0.0396199853645853,72,0.523100413729241,0.523100413729241
"percentile_latbin_OLS","q90","Southern","occurrence10_k1_tropical_temperate_polar","Coolhouse","Warmhouse",9,8,-0.276381905273753,12,0.0118706972653629,0.0593534863268147
"percentile_latbin_OLS","q90","Southern","occurrence10_k1_tropical_temperate_polar","Coolhouse","Hothouse",9,8,-0.543888239773525,12,0.0118706972653629,0.0593534863268147
"percentile_latbin_OLS","q90","Southern","occurrence10_k1_tropical_temperate_polar","Transitional","Hothouse",7,8,-0.525318799163143,12,0.036424429160496,0.12141476386832
"percentile_latbin_OLS","q90","Southern","occurrence10_k1_tropical_temperate_polar","Warmhouse","Hothouse",8,8,-0.267506334499772,16,0.051780935588267,0.129452338970668
"percentile_latbin_OLS","q90","Southern","occurrence10_k1_tropical_temperate_polar","Coldhouse","Hothouse",4,8,-0.318895044800598,9,0.134803052284104,0.269606104568209
"percentile_latbin_OLS","q90","Southern","occurrence10_k1_tropical_temperate_polar","Transitional","Warmhouse",7,8,-0.257812464663371,20,0.192709116184115,0.321181860306858
"percentile_latbin_OLS","q90","Southern","occurrence10_k1_tropical_temperate_polar","Coolhouse","Transitional",9,7,-0.0185694406103821,31,0.5,0.714285714285714
"percentile_latbin_OLS","q90","Southern","occurrence10_k1_tropical_temperate_polar","Coldhouse","Warmhouse",4,8,-0.0513887103008257,17,0.600546665178365,0.750683331472956
"percentile_latbin_OLS","q90","Southern","occurrence10_k1_tropical_temperate_polar","Coldhouse","Coolhouse",4,9,0.224993194972927,22,0.756273354817983,0.756273354817983
"percentile_latbin_OLS","q90","Southern","occurrence10_k1_tropical_temperate_polar","Coldhouse","Transitional",4,7,0.206423754362545,17,0.745834213223927,0.756273354817983
"percentile_latbin_OLS","q90","Southern","occurrence10_k2_tropical_temperate","Coldhouse","Hothouse",5,8,-0.883318507829272,8,0.0461461695170366,0.295530721949141
"percentile_latbin_OLS","q90","Southern","occurrence10_k2_tropical_temperate","Transitional","Hothouse",7,8,-0.768599845088524,14,0.0591061443898281,0.295530721949141
"percentile_latbin_OLS","q90","Southern","occurrence10_k2_tropical_temperate","Warmhouse","Hothouse",7,8,-0.847693549521246,16,0.0916164884644109,0.30538829488137
"percentile_latbin_OLS","q90","Southern","occurrence10_k2_tropical_temperate","Coldhouse","Coolhouse",5,10,-0.132652960973144,15,0.122311802563492,0.305779506408729
"percentile_latbin_OLS","q90","Southern","occurrence10_k2_tropical_temperate","Coldhouse","Warmhouse",5,7,-0.0356249583080257,15,0.372666533665401,0.621110889442336
"percentile_latbin_OLS","q90","Southern","occurrence10_k2_tropical_temperate","Coolhouse","Hothouse",10,8,-0.750665546856128,35,0.344638843587476,0.621110889442336
"percentile_latbin_OLS","q90","Southern","occurrence10_k2_tropical_temperate","Coldhouse","Transitional",5,7,-0.114718662740748,17,0.5,0.688545757956726
"percentile_latbin_OLS","q90","Southern","occurrence10_k2_tropical_temperate","Transitional","Warmhouse",7,7,0.0790937044327225,25,0.550836606365381,0.688545757956726
"percentile_latbin_OLS","q90","Southern","occurrence10_k2_tropical_temperate","Coolhouse","Transitional",10,7,0.0179342982323958,45,0.847246456569373,0.869129376904822
"percentile_latbin_OLS","q90","Southern","occurrence10_k2_tropical_temperate","Coolhouse","Warmhouse",10,7,0.0970280026651183,46,0.869129376904822,0.869129376904822
"percentile_latbin_OLS","q90","Southern","occurrence10_k2_tropical_temperate_polar","Coolhouse","Hothouse",6,2,-0.952921403493269,0,0.0333765075848173,0.148914673178766
"percentile_latbin_OLS","q90","Southern","occurrence10_k2_tropical_temperate_polar","Transitional","Hothouse",3,2,-0.915019915201896,0,0.0744573365893828,0.148914673178766
"percentile_latbin_OLS","q90","Southern","occurrence10_k2_tropical_temperate_polar","Warmhouse","Hothouse",4,2,-0.786946856123259,0,0.0525962525600207,0.148914673178766
"percentile_latbin_OLS","q90","Southern","occurrence10_k2_tropical_temperate_polar","Coolhouse","Warmhouse",6,4,-0.16597454737001,6,0.120477334350785,0.180716001526178
"percentile_latbin_OLS","q90","Southern","occurrence10_k2_tropical_temperate_polar","Coolhouse","Transitional",6,3,-0.037901488291373,9,0.551360519369958,0.570158102400667
"percentile_latbin_OLS","q90","Southern","occurrence10_k2_tropical_temperate_polar","Transitional","Warmhouse",3,4,-0.128073059078637,6,0.570158102400667,0.570158102400667
"percentile_latbin_OLS","q90","Southern","occurrence10_k2_tropical_temperate_polar","Coldhouse","Coolhouse",0,6,NA,NA,NA,NA
"percentile_latbin_OLS","q90","Southern","occurrence10_k2_tropical_temperate_polar","Coldhouse","Transitional",0,3,NA,NA,NA,NA
"percentile_latbin_OLS","q90","Southern","occurrence10_k2_tropical_temperate_polar","Coldhouse","Warmhouse",0,4,NA,NA,NA,NA
"percentile_latbin_OLS","q90","Southern","occurrence10_k2_tropical_temperate_polar","Coldhouse","Hothouse",0,2,NA,NA,NA,NA
"percentile_latbin_OLS","q90","Southern","occurrence10_k3_tropical_temperate","Transitional","Hothouse",5,4,-0.939741839724145,0,0.00998222665260803,0.0455742329648662
"percentile_latbin_OLS","q90","Southern","occurrence10_k3_tropical_temperate","Warmhouse","Hothouse",4,4,-1.03840783800547,0,0.0151914109882887,0.0455742329648662
"percentile_latbin_OLS","q90","Southern","occurrence10_k3_tropical_temperate","Coolhouse","Hothouse",6,4,-0.92180754149175,3,0.0349771792900052,0.0699543585800103
"percentile_latbin_OLS","q90","Southern","occurrence10_k3_tropical_temperate","Coolhouse","Transitional",6,5,0.0179342982323958,17,0.675961565930427,0.811153879116512
"percentile_latbin_OLS","q90","Southern","occurrence10_k3_tropical_temperate","Transitional","Warmhouse",5,4,0.0986659982813247,11,0.643348413060771,0.811153879116512
"percentile_latbin_OLS","q90","Southern","occurrence10_k3_tropical_temperate","Coolhouse","Warmhouse",6,4,0.11660029651372,16,0.831322174111819,0.831322174111819
"percentile_latbin_OLS","q90","Southern","occurrence10_k3_tropical_temperate","Coldhouse","Coolhouse",1,6,-0.132652960973144,NA,NA,NA
"percentile_latbin_OLS","q90","Southern","occurrence10_k3_tropical_temperate","Coldhouse","Transitional",1,5,-0.114718662740748,NA,NA,NA
"percentile_latbin_OLS","q90","Southern","occurrence10_k3_tropical_temperate","Coldhouse","Warmhouse",1,4,-0.0160526644594235,NA,NA,NA
"percentile_latbin_OLS","q90","Southern","occurrence10_k3_tropical_temperate","Coldhouse","Hothouse",1,4,-1.05446050246489,NA,NA,NA
"percentile_latbin_OLS","q90","Southern","occurrence10_k3_tropical_temperate_polar","Coolhouse","Hothouse",3,2,-0.902012270771582,0,0.0744573365893828,0.245278116806773
"percentile_latbin_OLS","q90","Southern","occurrence10_k3_tropical_temperate_polar","Transitional","Hothouse",2,2,-0.741590485235258,0,0.122639058403386,0.245278116806773
"percentile_latbin_OLS","q90","Southern","occurrence10_k3_tropical_temperate_polar","Warmhouse","Hothouse",2,2,-0.770597801724895,0,0.122639058403386,0.245278116806773
"percentile_latbin_OLS","q90","Southern","occurrence10_k3_tropical_temperate_polar","Coolhouse","Transitional",3,2,-0.160421785536324,2,0.386414996342224,0.463697995610668
"percentile_latbin_OLS","q90","Southern","occurrence10_k3_tropical_temperate_polar","Coolhouse","Warmhouse",3,2,-0.131414469046687,2,0.386414996342224,0.463697995610668
"percentile_latbin_OLS","q90","Southern","occurrence10_k3_tropical_temperate_polar","Transitional","Warmhouse",2,2,0.0290073164896376,3,0.877360941596614,0.877360941596614
"percentile_latbin_OLS","q90","Southern","occurrence10_k3_tropical_temperate_polar","Coldhouse","Coolhouse",0,3,NA,NA,NA,NA
"percentile_latbin_OLS","q90","Southern","occurrence10_k3_tropical_temperate_polar","Coldhouse","Transitional",0,2,NA,NA,NA,NA
"percentile_latbin_OLS","q90","Southern","occurrence10_k3_tropical_temperate_polar","Coldhouse","Warmhouse",0,2,NA,NA,NA,NA
"percentile_latbin_OLS","q90","Southern","occurrence10_k3_tropical_temperate_polar","Coldhouse","Hothouse",0,2,NA,NA,NA,NA
"percentile_latbin_OLS","q90","Southern","collection5_k1_tropical_temperate","Coldhouse","Hothouse",11,13,-1.01857313002587,31,0.0102392935814382,0.102392935814382
"percentile_latbin_OLS","q90","Southern","collection5_k1_tropical_temperate","Coolhouse","Hothouse",16,13,-0.544365330005154,67,0.0547293486940558,0.136823371735139
"percentile_latbin_OLS","q90","Southern","collection5_k1_tropical_temperate","Transitional","Hothouse",15,13,-0.438525605524305,60,0.0441515372316162,0.136823371735139
"percentile_latbin_OLS","q90","Southern","collection5_k1_tropical_temperate","Warmhouse","Hothouse",11,13,-0.381283597030777,39,0.0318717639317122,0.136823371735139
"percentile_latbin_OLS","q90","Southern","collection5_k1_tropical_temperate","Coldhouse","Coolhouse",11,16,-0.474207800020716,61,0.0954911055790571,0.159151842631762
"percentile_latbin_OLS","q90","Southern","collection5_k1_tropical_temperate","Coldhouse","Transitional",11,15,-0.580047524501565,56,0.0886045541706006,0.159151842631762
"percentile_latbin_OLS","q90","Southern","collection5_k1_tropical_temperate","Coldhouse","Warmhouse",11,11,-0.637289532995092,43,0.132145761866991,0.188779659809987
"percentile_latbin_OLS","q90","Southern","collection5_k1_tropical_temperate","Coolhouse","Warmhouse",16,11,-0.163081732974377,68,0.167960925972169,0.209951157465211
"percentile_latbin_OLS","q90","Southern","collection5_k1_tropical_temperate","Coolhouse","Transitional",16,15,-0.105839724480849,103,0.257129704833216,0.285699672036906
"percentile_latbin_OLS","q90","Southern","collection5_k1_tropical_temperate","Transitional","Warmhouse",15,11,-0.0572420084935273,79,0.438134831813881,0.438134831813881
"percentile_latbin_OLS","q90","Southern","collection5_k1_tropical_temperate_polar","Coolhouse","Warmhouse",9,7,-0.469503430724092,8,0.0074545795581525,0.0496838392270544
"percentile_latbin_OLS","q90","Southern","collection5_k1_tropical_temperate_polar","Coolhouse","Hothouse",9,7,-0.727949949610964,9,0.00993676784541088,0.0496838392270544
"percentile_latbin_OLS","q90","Southern","collection5_k1_tropical_temperate_polar","Warmhouse","Hothouse",7,7,-0.258446518886872,7,0.0149210322089771,0.0497367740299238
"percentile_latbin_OLS","q90","Southern","collection5_k1_tropical_temperate_polar","Transitional","Hothouse",9,7,-0.547716288831396,12,0.0221535789863241,0.0553839474658102
"percentile_latbin_OLS","q90","Southern","collection5_k1_tropical_temperate_polar","Coldhouse","Hothouse",4,7,-0.366935343930131,7,0.109651324839659,0.209165225369102
"percentile_latbin_OLS","q90","Southern","collection5_k1_tropical_temperate_polar","Coolhouse","Transitional",9,9,-0.180233660779568,27,0.125499135221461,0.209165225369102
"percentile_latbin_OLS","q90","Southern","collection5_k1_tropical_temperate_polar","Transitional","Warmhouse",9,7,-0.289269769944524,25,0.262679202233121,0.375256003190173
"percentile_latbin_OLS","q90","Southern","collection5_k1_tropical_temperate_polar","Coldhouse","Transitional",4,9,0.180780944901265,19,0.591519339142304,0.679547775469177
"percentile_latbin_OLS","q90","Southern","collection5_k1_tropical_temperate_polar","Coldhouse","Warmhouse",4,7,-0.10848882504326,15,0.611592997922259,0.679547775469177
"percentile_latbin_OLS","q90","Southern","collection5_k1_tropical_temperate_polar","Coldhouse","Coolhouse",4,9,0.361014605680833,23,0.801967089645531,0.801967089645531
"percentile_latbin_OLS","q90","Southern","collection5_k2_tropical_temperate","Coldhouse","Hothouse",4,6,-1.32419411419525,2,0.0214128046154457,0.0896401481039972
"percentile_latbin_OLS","q90","Southern","collection5_k2_tropical_temperate","Transitional","Hothouse",7,6,-0.868546044015588,7,0.0268920444311991,0.0896401481039972
"percentile_latbin_OLS","q90","Southern","collection5_k2_tropical_temperate","Warmhouse","Hothouse",7,6,-0.845124216943553,6,0.0191593815747068,0.0896401481039972
"percentile_latbin_OLS","q90","Southern","collection5_k2_tropical_temperate","Coldhouse","Coolhouse",4,10,-0.554315835013528,10,0.089554596363361,0.223886490908403
"percentile_latbin_OLS","q90","Southern","collection5_k2_tropical_temperate","Coolhouse","Hothouse",10,6,-0.769878279181722,19,0.127375581495219,0.254751162990438
"percentile_latbin_OLS","q90","Southern","collection5_k2_tropical_temperate","Coldhouse","Transitional",4,7,-0.455648070179662,10,0.254165786776073,0.363093981108675
"percentile_latbin_OLS","q90","Southern","collection5_k2_tropical_temperate","Coldhouse","Warmhouse",4,7,-0.479069897251697,10,0.254165786776073,0.363093981108675
"percentile_latbin_OLS","q90","Southern","collection5_k2_tropical_temperate","Transitional","Warmhouse",7,7,-0.0234218270720356,21,0.350739054433307,0.438423818041634
"percentile_latbin_OLS","q90","Southern","collection5_k2_tropical_temperate","Coolhouse","Warmhouse",10,7,0.0752459377618309,41,0.737068905657617,0.818965450730685
"percentile_latbin_OLS","q90","Southern","collection5_k2_tropical_temperate","Coolhouse","Transitional",10,7,0.0986677648338664,44,0.823064007800678,0.823064007800678
"percentile_latbin_OLS","q90","Southern","collection5_k2_tropical_temperate_polar","Coolhouse","Hothouse",6,3,-0.740075459701466,0,0.0140929010739537,0.0845574064437222
"percentile_latbin_OLS","q90","Southern","collection5_k2_tropical_temperate_polar","Warmhouse","Hothouse",3,3,-0.306037071914863,0,0.0404277991850261,0.121283397555078
"percentile_latbin_OLS","q90","Southern","collection5_k2_tropical_temperate_polar","Coolhouse","Warmhouse",6,3,-0.434038387786603,3,0.077790173896099,0.142822697869143
"percentile_latbin_OLS","q90","Southern","collection5_k2_tropical_temperate_polar","Transitional","Hothouse",3,3,-0.711208353978029,1,0.095215131912762,0.142822697869143
"percentile_latbin_OLS","q90","Southern","collection5_k2_tropical_temperate_polar","Coolhouse","Transitional",6,3,-0.0288671057234374,8,0.448639480630042,0.5
"percentile_latbin_OLS","q90","Southern","collection5_k2_tropical_temperate_polar","Transitional","Warmhouse",3,3,-0.405171282063166,4,0.5,0.5
"percentile_latbin_OLS","q90","Southern","collection5_k2_tropical_temperate_polar","Coldhouse","Coolhouse",1,6,0.484173368457929,NA,NA,NA
"percentile_latbin_OLS","q90","Southern","collection5_k2_tropical_temperate_polar","Coldhouse","Transitional",1,3,0.455306262734491,NA,NA,NA
"percentile_latbin_OLS","q90","Southern","collection5_k2_tropical_temperate_polar","Coldhouse","Warmhouse",1,3,0.0501349806713259,NA,NA,NA
"percentile_latbin_OLS","q90","Southern","collection5_k2_tropical_temperate_polar","Coldhouse","Hothouse",1,3,-0.255902091243537,NA,NA,NA
"percentile_latbin_OLS","q90","Southern","collection5_k3_tropical_temperate","Coolhouse","Hothouse",5,4,-0.771618737187596,0,0.00998222665260803,0.0455742329648662
"percentile_latbin_OLS","q90","Southern","collection5_k3_tropical_temperate","Warmhouse","Hothouse",4,4,-0.789901361363623,0,0.0151914109882887,0.0455742329648662
"percentile_latbin_OLS","q90","Southern","collection5_k3_tropical_temperate","Transitional","Hothouse",4,4,-0.873730714760788,1,0.030300984856003,0.0606019697120061
"percentile_latbin_OLS","q90","Southern","collection5_k3_tropical_temperate","Transitional","Warmhouse",4,4,-0.083829353397165,6,0.332502771051015,0.498754156576522
"percentile_latbin_OLS","q90","Southern","collection5_k3_tropical_temperate","Coolhouse","Warmhouse",5,4,0.0182826241760275,9,0.45126162508884,0.541513950106608
"percentile_latbin_OLS","q90","Southern","collection5_k3_tropical_temperate","Coolhouse","Transitional",5,4,0.102111977573192,10,0.54873837491116,0.54873837491116
"percentile_latbin_OLS","q90","Southern","collection5_k3_tropical_temperate","Coldhouse","Coolhouse",0,5,NA,NA,NA,NA
"percentile_latbin_OLS","q90","Southern","collection5_k3_tropical_temperate","Coldhouse","Transitional",0,4,NA,NA,NA,NA
"percentile_latbin_OLS","q90","Southern","collection5_k3_tropical_temperate","Coldhouse","Warmhouse",0,4,NA,NA,NA,NA
"percentile_latbin_OLS","q90","Southern","collection5_k3_tropical_temperate","Coldhouse","Hothouse",0,4,NA,NA,NA,NA
"percentile_latbin_OLS","q90","Southern","collection5_k3_tropical_temperate_polar","Coolhouse","Hothouse",3,2,-0.934986134321462,0,0.0744573365893828,0.0744573365893828
"percentile_latbin_OLS","q90","Southern","collection5_k3_tropical_temperate_polar","Coldhouse","Coolhouse",0,3,NA,NA,NA,NA
"percentile_latbin_OLS","q90","Southern","collection5_k3_tropical_temperate_polar","Coldhouse","Transitional",0,1,NA,NA,NA,NA
"percentile_latbin_OLS","q90","Southern","collection5_k3_tropical_temperate_polar","Coldhouse","Warmhouse",0,1,NA,NA,NA,NA
"percentile_latbin_OLS","q90","Southern","collection5_k3_tropical_temperate_polar","Coldhouse","Hothouse",0,2,NA,NA,NA,NA
"percentile_latbin_OLS","q90","Southern","collection5_k3_tropical_temperate_polar","Coolhouse","Transitional",3,1,-0.47257565041359,NA,NA,NA
"percentile_latbin_OLS","q90","Southern","collection5_k3_tropical_temperate_polar","Coolhouse","Warmhouse",3,1,-0.335841179015785,NA,NA,NA
"percentile_latbin_OLS","q90","Southern","collection5_k3_tropical_temperate_polar","Transitional","Warmhouse",1,1,0.136734471397806,NA,NA,NA
"percentile_latbin_OLS","q90","Southern","collection5_k3_tropical_temperate_polar","Transitional","Hothouse",1,2,-0.462410483907871,NA,NA,NA
"percentile_latbin_OLS","q90","Southern","collection5_k3_tropical_temperate_polar","Warmhouse","Hothouse",1,2,-0.599144955305677,NA,NA,NA
"percentile_latbin_OLS","q90","Southern","collection10_k1_tropical_temperate","Coolhouse","Warmhouse",15,7,-0.659229731343442,6,0.000592276047910357,0.00296138023955179
"percentile_latbin_OLS","q90","Southern","collection10_k1_tropical_temperate","Coolhouse","Hothouse",15,10,-1.0695365440844,16,0.000587261062339658,0.00296138023955179
"percentile_latbin_OLS","q90","Southern","collection10_k1_tropical_temperate","Coldhouse","Hothouse",5,10,-1.45044187790727,6,0.0117324891443428,0.0391082971478094
"percentile_latbin_OLS","q90","Southern","collection10_k1_tropical_temperate","Coldhouse","Warmhouse",5,7,-1.0401350651663,7,0.052188343299878,0.1210598199791
"percentile_latbin_OLS","q90","Southern","collection10_k1_tropical_temperate","Coolhouse","Transitional",15,9,-0.306271568119812,41,0.0605299099895498,0.1210598199791
"percentile_latbin_OLS","q90","Southern","collection10_k1_tropical_temperate","Coldhouse","Transitional",5,9,-0.687176901942674,12,0.0912112197258678,0.128541987260847
"percentile_latbin_OLS","q90","Southern","collection10_k1_tropical_temperate","Transitional","Hothouse",9,10,-0.763264975964592,29,0.102833589808678,0.128541987260847
"percentile_latbin_OLS","q90","Southern","collection10_k1_tropical_temperate","Warmhouse","Hothouse",7,10,-0.410306812740962,21,0.0938413862666982,0.128541987260847
"percentile_latbin_OLS","q90","Southern","collection10_k1_tropical_temperate","Transitional","Warmhouse",9,7,-0.35295816322363,27,0.33599993550481,0.373333261672011
"percentile_latbin_OLS","q90","Southern","collection10_k1_tropical_temperate","Coldhouse","Coolhouse",5,15,-0.380905333822862,35,0.430707067248178,0.430707067248178
"percentile_latbin_OLS","q90","Southern","collection10_k1_tropical_temperate_polar","Coolhouse","Warmhouse",7,4,-0.417602613912107,3,0.0236104520017886,0.0647874090223871
"percentile_latbin_OLS","q90","Southern","collection10_k1_tropical_temperate_polar","Coolhouse","Hothouse",7,3,-1.24721897639193,0,0.0113272470400447,0.0647874090223871
"percentile_latbin_OLS","q90","Southern","collection10_k1_tropical_temperate_polar","Transitional","Hothouse",5,3,-1.13497028698432,0,0.0184442128535249,0.0647874090223871
"percentile_latbin_OLS","q90","Southern","collection10_k1_tropical_temperate_polar","Warmhouse","Hothouse",4,3,-0.829616362479825,0,0.0259149636089548,0.0647874090223871
"percentile_latbin_OLS","q90","Southern","collection10_k1_tropical_temperate_polar","Coldhouse","Hothouse",2,3,-0.751349694386543,0,0.0744573365893828,0.148914673178766
"percentile_latbin_OLS","q90","Southern","collection10_k1_tropical_temperate_polar","Transitional","Warmhouse",5,4,-0.3053539245045,7,0.27014568730371,0.45024281217285
"percentile_latbin_OLS","q90","Southern","collection10_k1_tropical_temperate_polar","Coolhouse","Transitional",7,5,-0.112248689407607,16,0.435495597398732,0.622136567712474
"percentile_latbin_OLS","q90","Southern","collection10_k1_tropical_temperate_polar","Coldhouse","Coolhouse",2,7,0.495869282005389,13,0.971480062875472,0.971480062875472
"percentile_latbin_OLS","q90","Southern","collection10_k1_tropical_temperate_polar","Coldhouse","Transitional",2,5,0.383620592597782,8,0.912377877299997,0.971480062875472
"percentile_latbin_OLS","q90","Southern","collection10_k1_tropical_temperate_polar","Coldhouse","Warmhouse",2,4,0.078266668093282,6,0.876420013394046,0.971480062875472
"percentile_latbin_OLS","q90","Southern","collection10_k2_tropical_temperate","Coolhouse","Warmhouse",8,7,-0.485107313847277,6,0.00642063116860977,0.0226544940800894
"percentile_latbin_OLS","q90","Southern","collection10_k2_tropical_temperate","Coolhouse","Hothouse",8,3,-1.13280692621584,0,0.00945177150556067,0.0226544940800894
"percentile_latbin_OLS","q90","Southern","collection10_k2_tropical_temperate","Warmhouse","Hothouse",7,3,-0.647699612368565,0,0.0113272470400447,0.0226544940800894
"percentile_latbin_OLS","q90","Southern","collection10_k2_tropical_temperate","Transitional","Hothouse",6,3,-1.06781403128826,2,0.0466449780918023,0.0699674671377035
"percentile_latbin_OLS","q90","Southern","collection10_k2_tropical_temperate","Transitional","Warmhouse",6,7,-0.420114418919695,15,0.216017446002504,0.259220935203004
"percentile_latbin_OLS","q90","Southern","collection10_k2_tropical_temperate","Coolhouse","Transitional",8,6,-0.0649928949275819,21,0.373442816695182,0.373442816695182
"percentile_latbin_OLS","q90","Southern","collection10_k2_tropical_temperate","Coldhouse","Coolhouse",1,8,0.173188909640011,NA,NA,NA
"percentile_latbin_OLS","q90","Southern","collection10_k2_tropical_temperate","Coldhouse","Transitional",1,6,0.108196014712429,NA,NA,NA
"percentile_latbin_OLS","q90","Southern","collection10_k2_tropical_temperate","Coldhouse","Warmhouse",1,7,-0.311918404207266,NA,NA,NA
"percentile_latbin_OLS","q90","Southern","collection10_k2_tropical_temperate","Coldhouse","Hothouse",1,3,-0.959618016575831,NA,NA,NA
"percentile_latbin_OLS","q90","Southern","collection10_k2_tropical_temperate_polar","Coolhouse","Warmhouse",3,3,-0.520530223202591,1,0.095215131912762,0.18395858760508
"percentile_latbin_OLS","q90","Southern","collection10_k2_tropical_temperate_polar","Coolhouse","Hothouse",3,2,-1.19789152402208,0,0.0744573365893828,0.18395858760508
"percentile_latbin_OLS","q90","Southern","collection10_k2_tropical_temperate_polar","Transitional","Hothouse",2,2,-1.12935480180746,0,0.122639058403386,0.18395858760508
"percentile_latbin_OLS","q90","Southern","collection10_k2_tropical_temperate_polar","Warmhouse","Hothouse",3,2,-0.677361300819489,0,0.0744573365893828,0.18395858760508
"percentile_latbin_OLS","q90","Southern","collection10_k2_tropical_temperate_polar","Coolhouse","Transitional",3,2,-0.0685367222146228,3,0.613585003657776,0.613585003657776
"percentile_latbin_OLS","q90","Southern","collection10_k2_tropical_temperate_polar","Transitional","Warmhouse",2,3,-0.451993500987968,3,0.613585003657776,0.613585003657776
"percentile_latbin_OLS","q90","Southern","collection10_k2_tropical_temperate_polar","Coldhouse","Coolhouse",0,3,NA,NA,NA,NA
"percentile_latbin_OLS","q90","Southern","collection10_k2_tropical_temperate_polar","Coldhouse","Transitional",0,2,NA,NA,NA,NA
"percentile_latbin_OLS","q90","Southern","collection10_k2_tropical_temperate_polar","Coldhouse","Warmhouse",0,3,NA,NA,NA,NA
"percentile_latbin_OLS","q90","Southern","collection10_k2_tropical_temperate_polar","Coldhouse","Hothouse",0,2,NA,NA,NA,NA
"percentile_latbin_OLS","q90","Southern","collection10_k3_tropical_temperate","Warmhouse","Hothouse",4,2,-0.54298923528462,0,0.0525962525600207,0.0525962525600207
"percentile_latbin_OLS","q90","Southern","collection10_k3_tropical_temperate","Coldhouse","Coolhouse",0,1,NA,NA,NA,NA
"percentile_latbin_OLS","q90","Southern","collection10_k3_tropical_temperate","Coldhouse","Transitional",0,1,NA,NA,NA,NA
"percentile_latbin_OLS","q90","Southern","collection10_k3_tropical_temperate","Coldhouse","Warmhouse",0,4,NA,NA,NA,NA
"percentile_latbin_OLS","q90","Southern","collection10_k3_tropical_temperate","Coldhouse","Hothouse",0,2,NA,NA,NA,NA
"percentile_latbin_OLS","q90","Southern","collection10_k3_tropical_temperate","Coolhouse","Transitional",1,1,1.03104939575854,NA,NA,NA
"percentile_latbin_OLS","q90","Southern","collection10_k3_tropical_temperate","Coolhouse","Warmhouse",1,4,-0.526086302392151,NA,NA,NA
"percentile_latbin_OLS","q90","Southern","collection10_k3_tropical_temperate","Coolhouse","Hothouse",1,2,-1.06907553767677,NA,NA,NA
"percentile_latbin_OLS","q90","Southern","collection10_k3_tropical_temperate","Transitional","Warmhouse",1,4,-1.55713569815069,NA,NA,NA
"percentile_latbin_OLS","q90","Southern","collection10_k3_tropical_temperate","Transitional","Hothouse",1,2,-2.10012493343531,NA,NA,NA
"percentile_latbin_OLS","q90","Southern","collection10_k3_tropical_temperate_polar","Coldhouse","Coolhouse",0,0,NA,NA,NA,NA
"percentile_latbin_OLS","q90","Southern","collection10_k3_tropical_temperate_polar","Coldhouse","Transitional",0,0,NA,NA,NA,NA
"percentile_latbin_OLS","q90","Southern","collection10_k3_tropical_temperate_polar","Coldhouse","Warmhouse",0,0,NA,NA,NA,NA
"percentile_latbin_OLS","q90","Southern","collection10_k3_tropical_temperate_polar","Coldhouse","Hothouse",0,2,NA,NA,NA,NA
"percentile_latbin_OLS","q90","Southern","collection10_k3_tropical_temperate_polar","Coolhouse","Transitional",0,0,NA,NA,NA,NA
"percentile_latbin_OLS","q90","Southern","collection10_k3_tropical_temperate_polar","Coolhouse","Warmhouse",0,0,NA,NA,NA,NA
"percentile_latbin_OLS","q90","Southern","collection10_k3_tropical_temperate_polar","Coolhouse","Hothouse",0,2,NA,NA,NA,NA
"percentile_latbin_OLS","q90","Southern","collection10_k3_tropical_temperate_polar","Transitional","Warmhouse",0,0,NA,NA,NA,NA
"percentile_latbin_OLS","q90","Southern","collection10_k3_tropical_temperate_polar","Transitional","Hothouse",0,2,NA,NA,NA,NA
"percentile_latbin_OLS","q90","Southern","collection10_k3_tropical_temperate_polar","Warmhouse","Hothouse",0,2,NA,NA,NA,NA
"percentile_latbin_OLS","q95","Combined","occurrence5_k1_tropical_temperate","Coldhouse","Warmhouse",25,26,-0.751298914090273,110,2.65372921823953e-05,0.000265372921823953
"percentile_latbin_OLS","q95","Combined","occurrence5_k1_tropical_temperate","Coldhouse","Hothouse",25,25,-0.824362201233221,121,0.000105302270823194,0.000526511354115972
"percentile_latbin_OLS","q95","Combined","occurrence5_k1_tropical_temperate","Coldhouse","Transitional",25,32,-0.688118521740302,177,0.000173000494314579,0.000576668314381931
"percentile_latbin_OLS","q95","Combined","occurrence5_k1_tropical_temperate","Coolhouse","Warmhouse",32,26,-0.358232118647828,201,0.000398626630680601,0.000996566576701503
"percentile_latbin_OLS","q95","Combined","occurrence5_k1_tropical_temperate","Coldhouse","Coolhouse",25,32,-0.393066795442445,253,0.0092372720717667,0.0153954534529445
"percentile_latbin_OLS","q95","Combined","occurrence5_k1_tropical_temperate","Coolhouse","Hothouse",32,25,-0.431295405790775,252,0.00884487267775244,0.0153954534529445
"percentile_latbin_OLS","q95","Combined","occurrence5_k1_tropical_temperate","Coolhouse","Transitional",32,32,-0.295051726297857,354,0.0172244902202646,0.024606414600378
"percentile_latbin_OLS","q95","Combined","occurrence5_k1_tropical_temperate","Transitional","Warmhouse",32,26,-0.0631803923499709,370,0.238417950947905,0.298022438684882
"percentile_latbin_OLS","q95","Combined","occurrence5_k1_tropical_temperate","Transitional","Hothouse",32,25,-0.136243679492918,387,0.420341037594273,0.467045597326971
"percentile_latbin_OLS","q95","Combined","occurrence5_k1_tropical_temperate","Warmhouse","Hothouse",26,25,-0.0730632871429473,330,0.541269406487998,0.541269406487998
"percentile_latbin_OLS","q95","Combined","occurrence5_k1_tropical_temperate_polar","Coolhouse","Warmhouse",20,18,-0.245371702773729,59,0.000213466690736858,0.00141826540592279
"percentile_latbin_OLS","q95","Combined","occurrence5_k1_tropical_temperate_polar","Coolhouse","Hothouse",20,14,-0.477429511487817,41,0.000283653081184558,0.00141826540592279
"percentile_latbin_OLS","q95","Combined","occurrence5_k1_tropical_temperate_polar","Coldhouse","Warmhouse",10,18,-0.556871420952506,33,0.0033746459784337,0.0112488199281124
"percentile_latbin_OLS","q95","Combined","occurrence5_k1_tropical_temperate_polar","Coldhouse","Hothouse",10,14,-0.788929229666595,26,0.00543112766685861,0.0135778191671465
"percentile_latbin_OLS","q95","Combined","occurrence5_k1_tropical_temperate_polar","Coldhouse","Transitional",10,18,-0.447516782004052,47,0.0207890199011769,0.0415780398023538
"percentile_latbin_OLS","q95","Combined","occurrence5_k1_tropical_temperate_polar","Transitional","Hothouse",18,14,-0.341412447662543,77,0.0327110604505796,0.0545184340842993
"percentile_latbin_OLS","q95","Combined","occurrence5_k1_tropical_temperate_polar","Coolhouse","Transitional",20,18,-0.136017063825275,124,0.0523420335455669,0.0747743336365242
"percentile_latbin_OLS","q95","Combined","occurrence5_k1_tropical_temperate_polar","Transitional","Warmhouse",18,18,-0.109354638948455,118,0.0843676214277944,0.0937418015864382
"percentile_latbin_OLS","q95","Combined","occurrence5_k1_tropical_temperate_polar","Warmhouse","Hothouse",18,14,-0.232057808714088,88,0.0771498503381037,0.0937418015864382
"percentile_latbin_OLS","q95","Combined","occurrence5_k1_tropical_temperate_polar","Coldhouse","Coolhouse",10,20,-0.311499718178777,72,0.113170396713075,0.113170396713075
"percentile_latbin_OLS","q95","Combined","occurrence5_k2_tropical_temperate","Coldhouse","Hothouse",18,18,-0.913633856743589,42,7.81586283123755e-05,0.000781586283123755
"percentile_latbin_OLS","q95","Combined","occurrence5_k2_tropical_temperate","Coldhouse","Transitional",18,21,-0.785717407221123,67,0.000309813126610361,0.00117282923638308
"percentile_latbin_OLS","q95","Combined","occurrence5_k2_tropical_temperate","Coldhouse","Warmhouse",18,19,-0.656455538372661,59,0.000351848770914924,0.00117282923638308
"percentile_latbin_OLS","q95","Combined","occurrence5_k2_tropical_temperate","Coolhouse","Hothouse",24,18,-0.44935257397188,104,0.0022989574250182,0.00574739356254549
"percentile_latbin_OLS","q95","Combined","occurrence5_k2_tropical_temperate","Coolhouse","Warmhouse",24,19,-0.192174255600952,130,0.00855255826666207,0.0171051165333241
"percentile_latbin_OLS","q95","Combined","occurrence5_k2_tropical_temperate","Coldhouse","Coolhouse",18,24,-0.464281282771709,125,0.0107188205401782,0.017864700900297
"percentile_latbin_OLS","q95","Combined","occurrence5_k2_tropical_temperate","Coolhouse","Transitional",24,21,-0.321436124449414,169,0.030263159556954,0.0432330850813629
"percentile_latbin_OLS","q95","Combined","occurrence5_k2_tropical_temperate","Warmhouse","Hothouse",19,18,-0.257178318370928,136,0.147239486942969,0.184049358678711
"percentile_latbin_OLS","q95","Combined","occurrence5_k2_tropical_temperate","Transitional","Hothouse",21,18,-0.127916449522467,169,0.291382549019594,0.323758387799549
"percentile_latbin_OLS","q95","Combined","occurrence5_k2_tropical_temperate","Transitional","Warmhouse",21,19,0.129261868848462,197,0.47840068550945,0.47840068550945
"percentile_latbin_OLS","q95","Combined","occurrence5_k2_tropical_temperate_polar","Coldhouse","Warmhouse",6,12,-0.511141748216733,10,0.00846340154596831,0.0322888655526548
"percentile_latbin_OLS","q95","Combined","occurrence5_k2_tropical_temperate_polar","Coolhouse","Warmhouse",12,12,-0.11191411347093,31,0.00968665966579644,0.0322888655526548
"percentile_latbin_OLS","q95","Combined","occurrence5_k2_tropical_temperate_polar","Coolhouse","Hothouse",12,10,-0.363143298791977,21,0.00556461380700398,0.0322888655526548
"percentile_latbin_OLS","q95","Combined","occurrence5_k2_tropical_temperate_polar","Coldhouse","Hothouse",6,10,-0.762370933537779,11,0.0223957768220647,0.0559894420551618
"percentile_latbin_OLS","q95","Combined","occurrence5_k2_tropical_temperate_polar","Coldhouse","Transitional",6,8,-0.294109614430985,11,0.0532915847874438,0.106583169574888
"percentile_latbin_OLS","q95","Combined","occurrence5_k2_tropical_temperate_polar","Coldhouse","Coolhouse",6,12,-0.399227634745802,20,0.0732914058664162,0.122152343110694
"percentile_latbin_OLS","q95","Combined","occurrence5_k2_tropical_temperate_polar","Transitional","Warmhouse",8,12,-0.217032133785747,30,0.0884832449162031,0.126404635594576
"percentile_latbin_OLS","q95","Combined","occurrence5_k2_tropical_temperate_polar","Transitional","Hothouse",8,10,-0.468261319106794,27,0.133358623357958,0.148176248175509
"percentile_latbin_OLS","q95","Combined","occurrence5_k2_tropical_temperate_polar","Warmhouse","Hothouse",12,10,-0.251229185321046,42,0.124267339586529,0.148176248175509
"percentile_latbin_OLS","q95","Combined","occurrence5_k2_tropical_temperate_polar","Coolhouse","Transitional",12,8,0.105118020314817,45,0.423526792487186,0.423526792487186
"percentile_latbin_OLS","q95","Combined","occurrence5_k3_tropical_temperate","Coldhouse","Warmhouse",7,12,-0.266828940255924,18,0.0235104168842367,0.0587760422105917
"percentile_latbin_OLS","q95","Combined","occurrence5_k3_tropical_temperate","Coldhouse","Hothouse",7,10,-0.567654980402428,13,0.0179443961508048,0.0587760422105917
"percentile_latbin_OLS","q95","Combined","occurrence5_k3_tropical_temperate","Coolhouse","Warmhouse",14,12,-0.271701064343225,42,0.0163997236136012,0.0587760422105917
"percentile_latbin_OLS","q95","Combined","occurrence5_k3_tropical_temperate","Coolhouse","Hothouse",14,10,-0.572527104489729,29,0.0088595293292909,0.0587760422105917
"percentile_latbin_OLS","q95","Combined","occurrence5_k3_tropical_temperate","Coldhouse","Transitional",7,14,-0.545883477202088,28,0.0630830837571573,0.105138472928596
"percentile_latbin_OLS","q95","Combined","occurrence5_k3_tropical_temperate","Coolhouse","Transitional",14,14,-0.550755601289389,64,0.0618719692916027,0.105138472928596
"percentile_latbin_OLS","q95","Combined","occurrence5_k3_tropical_temperate","Transitional","Warmhouse",14,12,0.279054536946164,75,0.330985756425734,0.413732195532168
"percentile_latbin_OLS","q95","Combined","occurrence5_k3_tropical_temperate","Warmhouse","Hothouse",12,10,-0.300826040146504,52,0.310464071911557,0.413732195532168
"percentile_latbin_OLS","q95","Combined","occurrence5_k3_tropical_temperate","Coldhouse","Coolhouse",7,14,0.00487212408730131,46,0.42602172317614,0.465005496656849
"percentile_latbin_OLS","q95","Combined","occurrence5_k3_tropical_temperate","Transitional","Hothouse",14,10,-0.0217715032003398,68,0.465005496656849,0.465005496656849
"percentile_latbin_OLS","q95","Combined","occurrence5_k3_tropical_temperate_polar","Coldhouse","Warmhouse",2,7,-0.398073226542592,0,0.0285199371245278,0.247159973211907
"percentile_latbin_OLS","q95","Combined","occurrence5_k3_tropical_temperate_polar","Coldhouse","Hothouse",2,4,-0.771292931107128,1,0.123579986605954,0.247159973211907
"percentile_latbin_OLS","q95","Combined","occurrence5_k3_tropical_temperate_polar","Coolhouse","Warmhouse",7,7,-0.199889650110707,12,0.0626005148051577,0.247159973211907
"percentile_latbin_OLS","q95","Combined","occurrence5_k3_tropical_temperate_polar","Coolhouse","Hothouse",7,4,-0.573109354675244,6,0.0781878608798223,0.247159973211907
"percentile_latbin_OLS","q95","Combined","occurrence5_k3_tropical_temperate_polar","Transitional","Warmhouse",4,7,-0.320492712188294,7,0.109651324839659,0.247159973211907
"percentile_latbin_OLS","q95","Combined","occurrence5_k3_tropical_temperate_polar","Transitional","Hothouse",4,4,-0.69371241675283,4,0.156160710838108,0.260267851396847
"percentile_latbin_OLS","q95","Combined","occurrence5_k3_tropical_temperate_polar","Coldhouse","Coolhouse",2,7,-0.198183576431884,4,0.232107156385516,0.270807383535575
"percentile_latbin_OLS","q95","Combined","occurrence5_k3_tropical_temperate_polar","Coldhouse","Transitional",2,4,-0.0775805143542981,2,0.243726645182017,0.270807383535575
"percentile_latbin_OLS","q95","Combined","occurrence5_k3_tropical_temperate_polar","Warmhouse","Hothouse",7,4,-0.373219704564537,9,0.197545792452075,0.270807383535575
"percentile_latbin_OLS","q95","Combined","occurrence5_k3_tropical_temperate_polar","Coolhouse","Transitional",7,4,0.120603062077586,15,0.611592997922259,0.611592997922259
"percentile_latbin_OLS","q95","Combined","occurrence10_k1_tropical_temperate","Coldhouse","Warmhouse",24,25,-0.7211196858542,92,1.66237637296522e-05,0.000166237637296522
"percentile_latbin_OLS","q95","Combined","occurrence10_k1_tropical_temperate","Coldhouse","Hothouse",24,25,-0.812119404893021,107,5.90589124189225e-05,0.000295294562094613
"percentile_latbin_OLS","q95","Combined","occurrence10_k1_tropical_temperate","Coldhouse","Transitional",24,30,-0.680021793044279,158,0.000226029156954249,0.000753430523180831
"percentile_latbin_OLS","q95","Combined","occurrence10_k1_tropical_temperate","Coldhouse","Coolhouse",24,31,-0.463730170769275,206,0.00248695959526742,0.00621739898816854
"percentile_latbin_OLS","q95","Combined","occurrence10_k1_tropical_temperate","Coolhouse","Warmhouse",31,25,-0.257389515084925,221,0.00310988832441575,0.0062197766488315
"percentile_latbin_OLS","q95","Combined","occurrence10_k1_tropical_temperate","Coolhouse","Hothouse",31,25,-0.348389234123746,267,0.0239753239023563,0.0399588731705938
"percentile_latbin_OLS","q95","Combined","occurrence10_k1_tropical_temperate","Coolhouse","Transitional",31,30,-0.216291622275005,366,0.0776605406169622,0.110943629452803
"percentile_latbin_OLS","q95","Combined","occurrence10_k1_tropical_temperate","Transitional","Warmhouse",30,25,-0.0410978928099205,338,0.268629695385514,0.323758387799549
"percentile_latbin_OLS","q95","Combined","occurrence10_k1_tropical_temperate","Transitional","Hothouse",30,25,-0.132097611848742,342,0.291382549019594,0.323758387799549
"percentile_latbin_OLS","q95","Combined","occurrence10_k1_tropical_temperate","Warmhouse","Hothouse",25,25,-0.0909997190388214,307,0.461357538977801,0.461357538977801
"percentile_latbin_OLS","q95","Combined","occurrence10_k1_tropical_temperate_polar","Coolhouse","Warmhouse",17,18,-0.254215728854008,51,0.000404058987710091,0.00404058987710091
"percentile_latbin_OLS","q95","Combined","occurrence10_k1_tropical_temperate_polar","Coldhouse","Warmhouse",9,18,-0.488970375689301,31,0.00544817709769372,0.0272408854884686
"percentile_latbin_OLS","q95","Combined","occurrence10_k1_tropical_temperate_polar","Coolhouse","Hothouse",17,12,-0.404496577781698,49,0.0100429582727443,0.0334765275758144
"percentile_latbin_OLS","q95","Combined","occurrence10_k1_tropical_temperate_polar","Coldhouse","Hothouse",9,12,-0.639251224616991,23,0.0150968280928085,0.0377420702320213
"percentile_latbin_OLS","q95","Combined","occurrence10_k1_tropical_temperate_polar","Transitional","Warmhouse",15,18,-0.220610107976365,86,0.0397562918359606,0.0795125836719213
"percentile_latbin_OLS","q95","Combined","occurrence10_k1_tropical_temperate_polar","Transitional","Hothouse",15,12,-0.370890956904056,60,0.0750111641670028,0.125018606945005
"percentile_latbin_OLS","q95","Combined","occurrence10_k1_tropical_temperate_polar","Coldhouse","Transitional",9,15,-0.268360267712935,46,0.105248850027669,0.150355500039527
"percentile_latbin_OLS","q95","Combined","occurrence10_k1_tropical_temperate_polar","Coldhouse","Coolhouse",9,17,-0.234754646835293,55,0.128852343000973,0.161065428751217
"percentile_latbin_OLS","q95","Combined","occurrence10_k1_tropical_temperate_polar","Coolhouse","Transitional",17,15,-0.0336056208776425,110,0.260447410358428,0.269662531061864
"percentile_latbin_OLS","q95","Combined","occurrence10_k1_tropical_temperate_polar","Warmhouse","Hothouse",18,12,-0.15028084892769,93,0.269662531061864,0.269662531061864
"percentile_latbin_OLS","q95","Combined","occurrence10_k2_tropical_temperate","Coldhouse","Transitional",12,19,-0.621392762194903,50,0.005008164741625,0.0166938824720833
"percentile_latbin_OLS","q95","Combined","occurrence10_k2_tropical_temperate","Coldhouse","Warmhouse",12,17,-0.459308485477073,41,0.00369228477587578,0.0166938824720833
"percentile_latbin_OLS","q95","Combined","occurrence10_k2_tropical_temperate","Coldhouse","Hothouse",12,14,-0.772772952355863,30,0.00296395041705036,0.0166938824720833
"percentile_latbin_OLS","q95","Combined","occurrence10_k2_tropical_temperate","Coldhouse","Coolhouse",12,22,-0.428588831771867,82,0.0372235192760745,0.0930587981901863
"percentile_latbin_OLS","q95","Combined","occurrence10_k2_tropical_temperate","Coolhouse","Hothouse",22,14,-0.344184120583996,102,0.0473436717375046,0.0946873434750093
"percentile_latbin_OLS","q95","Combined","occurrence10_k2_tropical_temperate","Coolhouse","Transitional",22,19,-0.192803930423036,162,0.112047279618877,0.160067542312682
"percentile_latbin_OLS","q95","Combined","occurrence10_k2_tropical_temperate","Coolhouse","Warmhouse",22,17,-0.0307196537052062,141,0.098759253854619,0.160067542312682
"percentile_latbin_OLS","q95","Combined","occurrence10_k2_tropical_temperate","Transitional","Hothouse",19,14,-0.15138019016096,112,0.227612963090373,0.284516203862966
"percentile_latbin_OLS","q95","Combined","occurrence10_k2_tropical_temperate","Warmhouse","Hothouse",17,14,-0.31346446687879,104,0.282454272152688,0.313838080169653
"percentile_latbin_OLS","q95","Combined","occurrence10_k2_tropical_temperate","Transitional","Warmhouse",19,17,0.16208427671783,164,0.537867453574813,0.537867453574813
"percentile_latbin_OLS","q95","Combined","occurrence10_k2_tropical_temperate_polar","Coldhouse","Warmhouse",4,9,-0.445789871532485,0,0.00346375898861325,0.0346375898861325
"percentile_latbin_OLS","q95","Combined","occurrence10_k2_tropical_temperate_polar","Coldhouse","Coolhouse",4,10,-0.460191189612361,6,0.028118901938638,0.0960823207159912
"percentile_latbin_OLS","q95","Combined","occurrence10_k2_tropical_temperate_polar","Coolhouse","Hothouse",10,5,-0.221984574529596,9,0.0288246962147973,0.0960823207159912
"percentile_latbin_OLS","q95","Combined","occurrence10_k2_tropical_temperate_polar","Coldhouse","Hothouse",4,5,-0.682175764141958,3,0.0556734432665702,0.139183608166426
"percentile_latbin_OLS","q95","Combined","occurrence10_k2_tropical_temperate_polar","Coldhouse","Transitional",4,8,-0.367392927015268,9,0.134803052284104,0.20437313170787
"percentile_latbin_OLS","q95","Combined","occurrence10_k2_tropical_temperate_polar","Transitional","Hothouse",8,5,-0.31478283712669,11,0.106699627188181,0.20437313170787
"percentile_latbin_OLS","q95","Combined","occurrence10_k2_tropical_temperate_polar","Warmhouse","Hothouse",9,5,-0.236385892609473,14,0.143061192195509,0.20437313170787
"percentile_latbin_OLS","q95","Combined","occurrence10_k2_tropical_temperate_polar","Transitional","Warmhouse",8,9,-0.0783969445172171,26,0.180322188074469,0.225402735093087
"percentile_latbin_OLS","q95","Combined","occurrence10_k2_tropical_temperate_polar","Coolhouse","Warmhouse",10,9,0.0144013180798767,35,0.218971411449987,0.243301568277763
"percentile_latbin_OLS","q95","Combined","occurrence10_k2_tropical_temperate_polar","Coolhouse","Transitional",10,8,0.0927982625970938,39,0.482282352458667,0.482282352458667
"percentile_latbin_OLS","q95","Combined","occurrence10_k3_tropical_temperate","Coldhouse","Warmhouse",6,10,-0.358378627443664,9,0.0130897991770406,0.113469822596986
"percentile_latbin_OLS","q95","Combined","occurrence10_k3_tropical_temperate","Coldhouse","Hothouse",6,8,-0.823181515463899,8,0.0226939645193972,0.113469822596986
"percentile_latbin_OLS","q95","Combined","occurrence10_k3_tropical_temperate","Coolhouse","Hothouse",12,8,-0.5190904702503,26,0.0485819797765018,0.161939932588339
"percentile_latbin_OLS","q95","Combined","occurrence10_k3_tropical_temperate","Coldhouse","Transitional",6,12,-0.542801222969067,20,0.0732914058664162,0.183228514666041
"percentile_latbin_OLS","q95","Combined","occurrence10_k3_tropical_temperate","Coldhouse","Coolhouse",6,12,-0.304091045213599,25,0.162701590240056,0.261381345588216
"percentile_latbin_OLS","q95","Combined","occurrence10_k3_tropical_temperate","Coolhouse","Transitional",12,12,-0.238710177755468,59,0.235243211029395,0.261381345588216
"percentile_latbin_OLS","q95","Combined","occurrence10_k3_tropical_temperate","Coolhouse","Warmhouse",12,10,-0.0542875822300652,43,0.138302458225548,0.261381345588216
"percentile_latbin_OLS","q95","Combined","occurrence10_k3_tropical_temperate","Transitional","Hothouse",12,8,-0.280380292494832,36,0.187473703428313,0.261381345588216
"percentile_latbin_OLS","q95","Combined","occurrence10_k3_tropical_temperate","Warmhouse","Hothouse",10,8,-0.464802888020235,31,0.225051050556322,0.261381345588216
"percentile_latbin_OLS","q95","Combined","occurrence10_k3_tropical_temperate","Transitional","Warmhouse",12,10,0.184422595525403,56,0.408741630035313,0.408741630035313
"percentile_latbin_OLS","q95","Combined","occurrence10_k3_tropical_temperate_polar","Coldhouse","Warmhouse",2,5,-0.368265894663071,0,0.0406805646170377,0.406805646170377
"percentile_latbin_OLS","q95","Combined","occurrence10_k3_tropical_temperate_polar","Coldhouse","Coolhouse",2,3,-0.384515058889152,1,0.193238115385616,0.453867400952995
"percentile_latbin_OLS","q95","Combined","occurrence10_k3_tropical_temperate_polar","Coldhouse","Transitional",2,4,-0.149777417329774,3,0.408480660857696,0.453867400952995
"percentile_latbin_OLS","q95","Combined","occurrence10_k3_tropical_temperate_polar","Coldhouse","Hothouse",2,3,-1.02934194432517,2,0.386414996342224,0.453867400952995
"percentile_latbin_OLS","q95","Combined","occurrence10_k3_tropical_temperate_polar","Coolhouse","Warmhouse",3,5,0.0162491642260813,6,0.382797241997882,0.453867400952995
"percentile_latbin_OLS","q95","Combined","occurrence10_k3_tropical_temperate_polar","Coolhouse","Hothouse",3,3,-0.64482688543602,3,0.331260291770029,0.453867400952995
"percentile_latbin_OLS","q95","Combined","occurrence10_k3_tropical_temperate_polar","Transitional","Warmhouse",4,5,-0.218488477333297,6,0.19563363964132,0.453867400952995
"percentile_latbin_OLS","q95","Combined","occurrence10_k3_tropical_temperate_polar","Transitional","Hothouse",4,3,-0.879564526995399,3,0.188379558905791,0.453867400952995
"percentile_latbin_OLS","q95","Combined","occurrence10_k3_tropical_temperate_polar","Warmhouse","Hothouse",5,3,-0.661076049662102,5,0.275492493792547,0.453867400952995
"percentile_latbin_OLS","q95","Combined","occurrence10_k3_tropical_temperate_polar","Coolhouse","Transitional",3,4,0.234737641559379,7,0.702058454717411,0.702058454717411
"percentile_latbin_OLS","q95","Combined","collection5_k1_tropical_temperate","Coldhouse","Transitional",24,31,-0.768716580767706,136,3.21164290641482e-05,0.000160582145320741
"percentile_latbin_OLS","q95","Combined","collection5_k1_tropical_temperate","Coldhouse","Warmhouse",24,25,-0.708049910533479,98,2.78884264405639e-05,0.000160582145320741
"percentile_latbin_OLS","q95","Combined","collection5_k1_tropical_temperate","Coolhouse","Warmhouse",30,25,-0.288813821616865,160,0.000144083325207148,0.000480277750690492
"percentile_latbin_OLS","q95","Combined","collection5_k1_tropical_temperate","Coldhouse","Hothouse",24,22,-0.940678804221334,109,0.000340083695514403,0.000850209238786008
"percentile_latbin_OLS","q95","Combined","collection5_k1_tropical_temperate","Coolhouse","Transitional",30,31,-0.349480491851092,270,0.00250877682303751,0.00468581520814736
"percentile_latbin_OLS","q95","Combined","collection5_k1_tropical_temperate","Coolhouse","Hothouse",30,22,-0.521442715304719,180,0.00281148912488842,0.00468581520814736
"percentile_latbin_OLS","q95","Combined","collection5_k1_tropical_temperate","Coldhouse","Coolhouse",24,30,-0.419236088916614,218,0.00688517640101715,0.00983596628716736
"percentile_latbin_OLS","q95","Combined","collection5_k1_tropical_temperate","Transitional","Warmhouse",31,25,0.0606666702342266,351,0.276476260726279,0.307195845251421
"percentile_latbin_OLS","q95","Combined","collection5_k1_tropical_temperate","Transitional","Hothouse",31,22,-0.171962223453627,306,0.266721151654971,0.307195845251421
"percentile_latbin_OLS","q95","Combined","collection5_k1_tropical_temperate","Warmhouse","Hothouse",25,22,-0.232628893687854,261,0.38674189339472,0.38674189339472
"percentile_latbin_OLS","q95","Combined","collection5_k1_tropical_temperate_polar","Coolhouse","Warmhouse",19,16,-0.265260283089028,44,0.00018565297947135,0.0018565297947135
"percentile_latbin_OLS","q95","Combined","collection5_k1_tropical_temperate_polar","Coolhouse","Hothouse",19,11,-0.54241851681066,32,0.000972102123522077,0.00486051061761038
"percentile_latbin_OLS","q95","Combined","collection5_k1_tropical_temperate_polar","Coldhouse","Warmhouse",10,16,-0.536897365045957,29,0.00388870012084593,0.0129623337361531
"percentile_latbin_OLS","q95","Combined","collection5_k1_tropical_temperate_polar","Coldhouse","Hothouse",10,11,-0.814055598767589,21,0.00916215387575849,0.0229053846893962
"percentile_latbin_OLS","q95","Combined","collection5_k1_tropical_temperate_polar","Coldhouse","Transitional",10,16,-0.359089295314152,41,0.0212226189128895,0.042445237825779
"percentile_latbin_OLS","q95","Combined","collection5_k1_tropical_temperate_polar","Transitional","Hothouse",16,11,-0.454966303453437,56,0.0600432199012494,0.100072033168749
"percentile_latbin_OLS","q95","Combined","collection5_k1_tropical_temperate_polar","Coolhouse","Transitional",19,16,-0.0874522133572234,108,0.074873040673564,0.100505881981014
"percentile_latbin_OLS","q95","Combined","collection5_k1_tropical_temperate_polar","Transitional","Warmhouse",16,16,-0.177808069731805,92,0.0904552937829126,0.100505881981014
"percentile_latbin_OLS","q95","Combined","collection5_k1_tropical_temperate_polar","Warmhouse","Hothouse",16,11,-0.277158233721632,60,0.0873865746355917,0.100505881981014
"percentile_latbin_OLS","q95","Combined","collection5_k1_tropical_temperate_polar","Coldhouse","Coolhouse",10,19,-0.271637081956929,68,0.112010863375697,0.112010863375697
"percentile_latbin_OLS","q95","Combined","collection5_k2_tropical_temperate","Coldhouse","Warmhouse",11,18,-0.553673504332417,32,0.00139967721221287,0.0105285022494898
"percentile_latbin_OLS","q95","Combined","collection5_k2_tropical_temperate","Coldhouse","Hothouse",11,12,-0.910719585924658,19,0.00210570044989796,0.0105285022494898
"percentile_latbin_OLS","q95","Combined","collection5_k2_tropical_temperate","Coldhouse","Transitional",11,18,-0.669080516860707,38,0.00327128143390824,0.0109042714463608
"percentile_latbin_OLS","q95","Combined","collection5_k2_tropical_temperate","Coolhouse","Hothouse",21,12,-0.582429668164644,56,0.00464800028361542,0.0116200007090386
"percentile_latbin_OLS","q95","Combined","collection5_k2_tropical_temperate","Coolhouse","Warmhouse",21,18,-0.225383586572402,109,0.0125565419229956,0.0251130838459913
"percentile_latbin_OLS","q95","Combined","collection5_k2_tropical_temperate","Coolhouse","Transitional",21,18,-0.340790599100692,124,0.0346023062068289,0.0576705103447148
"percentile_latbin_OLS","q95","Combined","collection5_k2_tropical_temperate","Coldhouse","Coolhouse",11,21,-0.328289917760015,73,0.0478177650012512,0.0683110928589303
"percentile_latbin_OLS","q95","Combined","collection5_k2_tropical_temperate","Warmhouse","Hothouse",18,12,-0.357046081592242,80,0.122178002084658,0.152722502605823
"percentile_latbin_OLS","q95","Combined","collection5_k2_tropical_temperate","Transitional","Hothouse",18,12,-0.241639069063952,84,0.15990842366629,0.177676026295877
"percentile_latbin_OLS","q95","Combined","collection5_k2_tropical_temperate","Transitional","Warmhouse",18,18,0.11540701252829,160,0.481074141803308,0.481074141803308
"percentile_latbin_OLS","q95","Combined","collection5_k2_tropical_temperate_polar","Coolhouse","Warmhouse",12,11,-0.192301724739058,25,0.00634053272273778,0.0634053272273778
"percentile_latbin_OLS","q95","Combined","collection5_k2_tropical_temperate_polar","Coolhouse","Hothouse",12,5,-0.516380184034166,11,0.0255838152567162,0.127919076283581
"percentile_latbin_OLS","q95","Combined","collection5_k2_tropical_temperate_polar","Coldhouse","Warmhouse",4,11,-0.389607803779038,10,0.0666235101700662,0.170903520230797
"percentile_latbin_OLS","q95","Combined","collection5_k2_tropical_temperate_polar","Transitional","Warmhouse",6,11,-0.282241065231064,18,0.0725161267893411,0.170903520230797
"percentile_latbin_OLS","q95","Combined","collection5_k2_tropical_temperate_polar","Transitional","Hothouse",6,5,-0.606319524526173,7,0.0854517601153987,0.170903520230797
"percentile_latbin_OLS","q95","Combined","collection5_k2_tropical_temperate_polar","Warmhouse","Hothouse",11,5,-0.324078459295109,17,0.12863182766565,0.21438637944275
"percentile_latbin_OLS","q95","Combined","collection5_k2_tropical_temperate_polar","Coldhouse","Hothouse",4,5,-0.713686263074146,6,0.19563363964132,0.279476628059028
"percentile_latbin_OLS","q95","Combined","collection5_k2_tropical_temperate_polar","Coldhouse","Coolhouse",4,12,-0.19730607903998,19,0.292634313471268,0.365792891839086
"percentile_latbin_OLS","q95","Combined","collection5_k2_tropical_temperate_polar","Coldhouse","Transitional",4,6,-0.107366738547973,10,0.374559566500298,0.416177296111442
"percentile_latbin_OLS","q95","Combined","collection5_k2_tropical_temperate_polar","Coolhouse","Transitional",12,6,0.0899393404920065,34,0.444137267204566,0.444137267204566
"percentile_latbin_OLS","q95","Combined","collection5_k3_tropical_temperate","Coolhouse","Hothouse",11,8,-0.694690112058529,9,0.00219461089366244,0.0219461089366244
"percentile_latbin_OLS","q95","Combined","collection5_k3_tropical_temperate","Coldhouse","Warmhouse",5,11,-0.400321700094331,8,0.0156799221312291,0.0604981907185908
"percentile_latbin_OLS","q95","Combined","collection5_k3_tropical_temperate","Coldhouse","Hothouse",5,8,-0.797413914318487,6,0.024066198109791,0.0604981907185908
"percentile_latbin_OLS","q95","Combined","collection5_k3_tropical_temperate","Coolhouse","Transitional",11,12,-0.785067924843012,35,0.0302490953592954,0.0604981907185908
"percentile_latbin_OLS","q95","Combined","collection5_k3_tropical_temperate","Coolhouse","Warmhouse",11,11,-0.297597897834374,30,0.0244220320871372,0.0604981907185908
"percentile_latbin_OLS","q95","Combined","collection5_k3_tropical_temperate","Coldhouse","Transitional",5,12,-0.887791727102969,14,0.051145862337451,0.0852431038957516
"percentile_latbin_OLS","q95","Combined","collection5_k3_tropical_temperate","Warmhouse","Hothouse",11,8,-0.397092214224155,29,0.115595193426271,0.165135990608958
"percentile_latbin_OLS","q95","Combined","collection5_k3_tropical_temperate","Coldhouse","Coolhouse",5,11,-0.102723802259958,22,0.285546952436498,0.356933690545622
"percentile_latbin_OLS","q95","Combined","collection5_k3_tropical_temperate","Transitional","Hothouse",12,8,0.0903778127844825,44,0.393568255225558,0.437298061361732
"percentile_latbin_OLS","q95","Combined","collection5_k3_tropical_temperate","Transitional","Warmhouse",12,11,0.487470027008638,69,0.585276205503211,0.585276205503211
"percentile_latbin_OLS","q95","Combined","collection5_k3_tropical_temperate_polar","Coldhouse","Warmhouse",2,6,-0.409532526879145,0,0.0333765075848173,0.333765075848173
"percentile_latbin_OLS","q95","Combined","collection5_k3_tropical_temperate_polar","Coldhouse","Coolhouse",2,4,-0.406470310488892,1,0.123579986605954,0.425630778975127
"percentile_latbin_OLS","q95","Combined","collection5_k3_tropical_temperate_polar","Coolhouse","Warmhouse",4,6,-0.00306221639025336,9,0.297016170299521,0.425630778975127
"percentile_latbin_OLS","q95","Combined","collection5_k3_tropical_temperate_polar","Coolhouse","Hothouse",4,3,-0.615729849886917,4,0.297941545282589,0.425630778975127
"percentile_latbin_OLS","q95","Combined","collection5_k3_tropical_temperate_polar","Transitional","Warmhouse",3,6,-0.407526688021438,6,0.259302508214363,0.425630778975127
"percentile_latbin_OLS","q95","Combined","collection5_k3_tropical_temperate_polar","Transitional","Hothouse",3,3,-1.0201943215181,2,0.191366544442613,0.425630778975127
"percentile_latbin_OLS","q95","Combined","collection5_k3_tropical_temperate_polar","Warmhouse","Hothouse",6,3,-0.612667633496664,6,0.259302508214363,0.425630778975127
"percentile_latbin_OLS","q95","Combined","collection5_k3_tropical_temperate_polar","Coldhouse","Hothouse",2,3,-1.02220016037581,2,0.386414996342224,0.48301874542778
"percentile_latbin_OLS","q95","Combined","collection5_k3_tropical_temperate_polar","Coldhouse","Transitional",2,3,-0.00200583885770733,3,0.613585003657776,0.681761115175307
"percentile_latbin_OLS","q95","Combined","collection5_k3_tropical_temperate_polar","Coolhouse","Transitional",4,3,0.404464471631184,7,0.702058454717411,0.702058454717411
"percentile_latbin_OLS","q95","Combined","collection10_k1_tropical_temperate","Coolhouse","Warmhouse",28,20,-0.616759326090379,72,7.14784091268354e-06,7.14784091268354e-05
"percentile_latbin_OLS","q95","Combined","collection10_k1_tropical_temperate","Coldhouse","Warmhouse",17,20,-1.02271325382759,33,1.59132560126878e-05,7.95662800634388e-05
"percentile_latbin_OLS","q95","Combined","collection10_k1_tropical_temperate","Coldhouse","Hothouse",17,18,-1.15718312616442,39,8.98174647927172e-05,0.000224543661981793
"percentile_latbin_OLS","q95","Combined","collection10_k1_tropical_temperate","Coolhouse","Hothouse",28,18,-0.751229198427212,83,7.4567180065669e-05,0.000224543661981793
"percentile_latbin_OLS","q95","Combined","collection10_k1_tropical_temperate","Coldhouse","Transitional",17,23,-1.28643471925576,79,0.000752499740661877,0.00150499948132375
"percentile_latbin_OLS","q95","Combined","collection10_k1_tropical_temperate","Coolhouse","Transitional",28,23,-0.880480791518558,179,0.00349315147847243,0.00582191913078739
"percentile_latbin_OLS","q95","Combined","collection10_k1_tropical_temperate","Coldhouse","Coolhouse",17,28,-0.405953927737206,172,0.0625912414056193,0.0894160591508847
"percentile_latbin_OLS","q95","Combined","collection10_k1_tropical_temperate","Transitional","Warmhouse",23,20,0.263721465428179,205,0.275401819664429,0.306002021849366
"percentile_latbin_OLS","q95","Combined","collection10_k1_tropical_temperate","Transitional","Hothouse",23,18,0.129251593091346,182,0.259909804362296,0.306002021849366
"percentile_latbin_OLS","q95","Combined","collection10_k1_tropical_temperate","Warmhouse","Hothouse",20,18,-0.134469872336832,168,0.368357924913732,0.368357924913732
"percentile_latbin_OLS","q95","Combined","collection10_k1_tropical_temperate_polar","Coolhouse","Warmhouse",13,12,-0.267960538269001,25,0.00214762045149834,0.0214762045149834
"percentile_latbin_OLS","q95","Combined","collection10_k1_tropical_temperate_polar","Coldhouse","Warmhouse",7,12,-0.441513970402674,14,0.0100580797332825,0.0251451993332062
"percentile_latbin_OLS","q95","Combined","collection10_k1_tropical_temperate_polar","Coolhouse","Hothouse",13,6,-0.726964631329897,12,0.010057288181236,0.0251451993332062
"percentile_latbin_OLS","q95","Combined","collection10_k1_tropical_temperate_polar","Transitional","Warmhouse",8,12,-0.26598700315482,15,0.00608064302890549,0.0251451993332062
"percentile_latbin_OLS","q95","Combined","collection10_k1_tropical_temperate_polar","Coldhouse","Hothouse",7,6,-0.90051806346357,7,0.0268920444311991,0.0448200740519986
"percentile_latbin_OLS","q95","Combined","collection10_k1_tropical_temperate_polar","Transitional","Hothouse",8,6,-0.724991096215716,8,0.0226939645193972,0.0448200740519986
"percentile_latbin_OLS","q95","Combined","collection10_k1_tropical_temperate_polar","Warmhouse","Hothouse",12,6,-0.459004093060896,23,0.120853206003882,0.172647437148403
"percentile_latbin_OLS","q95","Combined","collection10_k1_tropical_temperate_polar","Coldhouse","Coolhouse",7,13,-0.173553432133673,38,0.289549870976959,0.361937338721199
"percentile_latbin_OLS","q95","Combined","collection10_k1_tropical_temperate_polar","Coldhouse","Transitional",7,8,-0.175526967247854,24,0.342721741338761,0.380801934820846
"percentile_latbin_OLS","q95","Combined","collection10_k1_tropical_temperate_polar","Coolhouse","Transitional",13,8,-0.00197353511418141,58,0.681084805001699,0.681084805001699
"percentile_latbin_OLS","q95","Combined","collection10_k2_tropical_temperate","Coolhouse","Warmhouse",17,15,-0.43173329107169,41,0.000581921725065945,0.00581921725065945
"percentile_latbin_OLS","q95","Combined","collection10_k2_tropical_temperate","Coolhouse","Hothouse",17,6,-0.928907455968138,17,0.00950157580438374,0.0475078790219187
"percentile_latbin_OLS","q95","Combined","collection10_k2_tropical_temperate","Coolhouse","Transitional",17,15,-0.859399708053151,69,0.0142534452143306,0.0475114840477687
"percentile_latbin_OLS","q95","Combined","collection10_k2_tropical_temperate","Coldhouse","Warmhouse",6,15,-0.511332289203443,18,0.0195552594091953,0.0488881485229883
"percentile_latbin_OLS","q95","Combined","collection10_k2_tropical_temperate","Coldhouse","Transitional",6,15,-0.938998706184904,29,0.113778980541172,0.164118764615099
"percentile_latbin_OLS","q95","Combined","collection10_k2_tropical_temperate","Coldhouse","Hothouse",6,6,-1.00850645409989,10,0.114883135230569,0.164118764615099
"percentile_latbin_OLS","q95","Combined","collection10_k2_tropical_temperate","Warmhouse","Hothouse",15,6,-0.497174164896448,27,0.0865400760718966,0.164118764615099
"percentile_latbin_OLS","q95","Combined","collection10_k2_tropical_temperate","Transitional","Hothouse",15,6,-0.0695077479149871,42,0.422843368392976,0.528554210491221
"percentile_latbin_OLS","q95","Combined","collection10_k2_tropical_temperate","Coldhouse","Coolhouse",6,17,-0.079598998131753,52,0.541820429863256,0.58214748650236
"percentile_latbin_OLS","q95","Combined","collection10_k2_tropical_temperate","Transitional","Warmhouse",15,15,0.427666416981461,117,0.58214748650236,0.58214748650236
"percentile_latbin_OLS","q95","Combined","collection10_k2_tropical_temperate_polar","Coldhouse","Warmhouse",3,8,-0.439687719380395,0,0.00945177150556067,0.0945177150556067
"percentile_latbin_OLS","q95","Combined","collection10_k2_tropical_temperate_polar","Coldhouse","Coolhouse",3,5,-0.314705323530652,4,0.185546684761349,0.339256099921076
"percentile_latbin_OLS","q95","Combined","collection10_k2_tropical_temperate_polar","Coolhouse","Warmhouse",5,8,-0.124982395849743,11,0.106699627188181,0.339256099921076
"percentile_latbin_OLS","q95","Combined","collection10_k2_tropical_temperate_polar","Coolhouse","Hothouse",5,3,-0.870174049779388,4,0.185546684761349,0.339256099921076
"percentile_latbin_OLS","q95","Combined","collection10_k2_tropical_temperate_polar","Transitional","Warmhouse",3,8,-0.197173308252707,8,0.237479269944753,0.339256099921076
"percentile_latbin_OLS","q95","Combined","collection10_k2_tropical_temperate_polar","Transitional","Hothouse",3,3,-0.942364962182352,2,0.191366544442613,0.339256099921076
"percentile_latbin_OLS","q95","Combined","collection10_k2_tropical_temperate_polar","Warmhouse","Hothouse",8,3,-0.745191653929645,8,0.237479269944753,0.339256099921076
"percentile_latbin_OLS","q95","Combined","collection10_k2_tropical_temperate_polar","Coldhouse","Transitional",3,3,-0.242514411127688,3,0.331260291770029,0.368066990855588
"percentile_latbin_OLS","q95","Combined","collection10_k2_tropical_temperate_polar","Coldhouse","Hothouse",3,3,-1.18487937331004,3,0.331260291770029,0.368066990855588
"percentile_latbin_OLS","q95","Combined","collection10_k2_tropical_temperate_polar","Coolhouse","Transitional",5,3,0.072190912402964,7,0.5,0.5
"percentile_latbin_OLS","q95","Combined","collection10_k3_tropical_temperate","Coldhouse","Warmhouse",2,7,-0.363165538957742,0,0.0285199371245278,0.185578144221901
"percentile_latbin_OLS","q95","Combined","collection10_k3_tropical_temperate","Coolhouse","Warmhouse",4,7,-0.429560472407103,5,0.0540986237618508,0.185578144221901
"percentile_latbin_OLS","q95","Combined","collection10_k3_tropical_temperate","Coolhouse","Hothouse",4,5,-0.977921274165187,3,0.0556734432665702,0.185578144221901
"percentile_latbin_OLS","q95","Combined","collection10_k3_tropical_temperate","Coldhouse","Transitional",2,7,-1.09985337472476,4,0.232107156385516,0.331581651979308
"percentile_latbin_OLS","q95","Combined","collection10_k3_tropical_temperate","Coldhouse","Hothouse",2,5,-0.911526340715826,2,0.166460804032783,0.331581651979308
"percentile_latbin_OLS","q95","Combined","collection10_k3_tropical_temperate","Coolhouse","Transitional",4,7,-1.16624830817412,8,0.149308837224405,0.331581651979308
"percentile_latbin_OLS","q95","Combined","collection10_k3_tropical_temperate","Warmhouse","Hothouse",7,5,-0.548360801758084,12,0.208396405923813,0.331581651979308
"percentile_latbin_OLS","q95","Combined","collection10_k3_tropical_temperate","Coldhouse","Coolhouse",2,4,0.0663949334493609,4,0.591519339142304,0.649260945566693
"percentile_latbin_OLS","q95","Combined","collection10_k3_tropical_temperate","Transitional","Warmhouse",7,7,0.73668783576702,27,0.649260945566693,0.649260945566693
"percentile_latbin_OLS","q95","Combined","collection10_k3_tropical_temperate","Transitional","Hothouse",7,5,0.188327034008936,18,0.564504402601268,0.649260945566693
"percentile_latbin_OLS","q95","Combined","collection10_k3_tropical_temperate_polar","Warmhouse","Hothouse",3,2,-1.03770756782732,0,0.0744573365893828,0.0744573365893828
"percentile_latbin_OLS","q95","Combined","collection10_k3_tropical_temperate_polar","Coldhouse","Coolhouse",1,0,NA,NA,NA,NA
"percentile_latbin_OLS","q95","Combined","collection10_k3_tropical_temperate_polar","Coldhouse","Transitional",1,0,NA,NA,NA,NA
"percentile_latbin_OLS","q95","Combined","collection10_k3_tropical_temperate_polar","Coldhouse","Warmhouse",1,3,-0.280120231087101,NA,NA,NA
"percentile_latbin_OLS","q95","Combined","collection10_k3_tropical_temperate_polar","Coldhouse","Hothouse",1,2,-1.31782779891442,NA,NA,NA
"percentile_latbin_OLS","q95","Combined","collection10_k3_tropical_temperate_polar","Coolhouse","Transitional",0,0,NA,NA,NA,NA
"percentile_latbin_OLS","q95","Combined","collection10_k3_tropical_temperate_polar","Coolhouse","Warmhouse",0,3,NA,NA,NA,NA
"percentile_latbin_OLS","q95","Combined","collection10_k3_tropical_temperate_polar","Coolhouse","Hothouse",0,2,NA,NA,NA,NA
"percentile_latbin_OLS","q95","Combined","collection10_k3_tropical_temperate_polar","Transitional","Warmhouse",0,3,NA,NA,NA,NA
"percentile_latbin_OLS","q95","Combined","collection10_k3_tropical_temperate_polar","Transitional","Hothouse",0,2,NA,NA,NA,NA
"percentile_latbin_OLS","q95","Northern","occurrence5_k1_tropical_temperate","Coldhouse","Warmhouse",14,14,-0.807012831017061,15,7.51166147516816e-05,0.000375583073758408
"percentile_latbin_OLS","q95","Northern","occurrence5_k1_tropical_temperate","Coolhouse","Warmhouse",15,14,-0.616871442660203,15,4.68988081078088e-05,0.000375583073758408
"percentile_latbin_OLS","q95","Northern","occurrence5_k1_tropical_temperate","Coldhouse","Transitional",14,17,-0.84086853513238,37,0.000608047397415404,0.00202682465805135
"percentile_latbin_OLS","q95","Northern","occurrence5_k1_tropical_temperate","Coldhouse","Hothouse",14,11,-0.713213867553534,22,0.00142441086864154,0.00356102717160384
"percentile_latbin_OLS","q95","Northern","occurrence5_k1_tropical_temperate","Coolhouse","Transitional",15,17,-0.650727146775522,57,0.00410399498583698,0.00820798997167396
"percentile_latbin_OLS","q95","Northern","occurrence5_k1_tropical_temperate","Coolhouse","Hothouse",15,11,-0.523072479196676,37,0.00975874059108888,0.0162645676518148
"percentile_latbin_OLS","q95","Northern","occurrence5_k1_tropical_temperate","Coldhouse","Coolhouse",14,15,-0.190141388356858,67,0.0508534650155466,0.0726478071650666
"percentile_latbin_OLS","q95","Northern","occurrence5_k1_tropical_temperate","Transitional","Warmhouse",17,14,0.0338557041153187,99,0.219454431550919,0.274318039438649
"percentile_latbin_OLS","q95","Northern","occurrence5_k1_tropical_temperate","Transitional","Hothouse",17,11,0.127654667578846,112,0.814276774042062,0.904751971157846
"percentile_latbin_OLS","q95","Northern","occurrence5_k1_tropical_temperate","Warmhouse","Hothouse",14,11,0.0937989634635269,104,0.933900217851059,0.933900217851059
"percentile_latbin_OLS","q95","Northern","occurrence5_k1_tropical_temperate_polar","Coldhouse","Warmhouse",6,10,-0.66120328299171,0,0.000687795633623293,0.00687795633623293
"percentile_latbin_OLS","q95","Northern","occurrence5_k1_tropical_temperate_polar","Coolhouse","Warmhouse",11,10,-0.165577778560153,15,0.0027053646797998,0.013526823398999
"percentile_latbin_OLS","q95","Northern","occurrence5_k1_tropical_temperate_polar","Coldhouse","Transitional",6,8,-0.588667523530302,5,0.00846234423422658,0.0282078141140886
"percentile_latbin_OLS","q95","Northern","occurrence5_k1_tropical_temperate_polar","Coldhouse","Hothouse",6,4,-0.754258055206178,2,0.0214128046154457,0.0535320115386142
"percentile_latbin_OLS","q95","Northern","occurrence5_k1_tropical_temperate_polar","Coolhouse","Hothouse",11,4,-0.258632550774621,8,0.0389893672505451,0.0779787345010902
"percentile_latbin_OLS","q95","Northern","occurrence5_k1_tropical_temperate_polar","Coldhouse","Coolhouse",6,11,-0.495625504431558,18,0.0725161267893411,0.106038349106967
"percentile_latbin_OLS","q95","Northern","occurrence5_k1_tropical_temperate_polar","Coolhouse","Transitional",11,8,-0.0930420190987444,26,0.074226844374877,0.106038349106967
"percentile_latbin_OLS","q95","Northern","occurrence5_k1_tropical_temperate_polar","Transitional","Warmhouse",8,10,-0.0725357594614082,29,0.175423025993314,0.219278782491643
"percentile_latbin_OLS","q95","Northern","occurrence5_k1_tropical_temperate_polar","Transitional","Hothouse",8,4,-0.165590531675876,15,0.466162186674167,0.517957985193519
"percentile_latbin_OLS","q95","Northern","occurrence5_k1_tropical_temperate_polar","Warmhouse","Hothouse",10,4,-0.0930547722144682,20,0.528185988898508,0.528185988898508
"percentile_latbin_OLS","q95","Northern","occurrence5_k2_tropical_temperate","Coldhouse","Transitional",10,14,-0.959505559402915,11,0.000306936979973628,0.00102312326657876
"percentile_latbin_OLS","q95","Northern","occurrence5_k2_tropical_temperate","Coldhouse","Warmhouse",10,12,-0.74918150530938,7,0.000268340218052387,0.00102312326657876
"percentile_latbin_OLS","q95","Northern","occurrence5_k2_tropical_temperate","Coolhouse","Warmhouse",12,12,-0.370010017379569,11,0.000238840864478491,0.00102312326657876
"percentile_latbin_OLS","q95","Northern","occurrence5_k2_tropical_temperate","Coldhouse","Hothouse",10,7,-0.88292971523971,6,0.00270695714397472,0.00501572923594493
"percentile_latbin_OLS","q95","Northern","occurrence5_k2_tropical_temperate","Coolhouse","Transitional",12,14,-0.580334071473104,28,0.00215447194797238,0.00501572923594493
"percentile_latbin_OLS","q95","Northern","occurrence5_k2_tropical_temperate","Coolhouse","Hothouse",12,7,-0.503758227309899,9,0.00300943754156696,0.00501572923594493
"percentile_latbin_OLS","q95","Northern","occurrence5_k2_tropical_temperate","Coldhouse","Coolhouse",10,12,-0.379171487929811,33,0.0402876069790677,0.0575537242558111
"percentile_latbin_OLS","q95","Northern","occurrence5_k2_tropical_temperate","Transitional","Warmhouse",14,12,0.210324054093535,78,0.388630781485948,0.485788476857435
"percentile_latbin_OLS","q95","Northern","occurrence5_k2_tropical_temperate","Warmhouse","Hothouse",12,7,-0.13374820993033,42,0.516853372249808,0.574281524722009
"percentile_latbin_OLS","q95","Northern","occurrence5_k2_tropical_temperate","Transitional","Hothouse",14,7,0.0765758441632045,54,0.659216553602762,0.659216553602762
"percentile_latbin_OLS","q95","Northern","occurrence5_k2_tropical_temperate_polar","Coldhouse","Warmhouse",5,8,-0.611281369062709,0,0.00215517924976753,0.0215517924976753
"percentile_latbin_OLS","q95","Northern","occurrence5_k2_tropical_temperate_polar","Coolhouse","Warmhouse",6,8,-0.11191411347093,7,0.0165799937294239,0.0828999686471195
"percentile_latbin_OLS","q95","Northern","occurrence5_k2_tropical_temperate_polar","Coldhouse","Hothouse",5,4,-0.75006581401295,2,0.0330962898610967,0.110320966203656
"percentile_latbin_OLS","q95","Northern","occurrence5_k2_tropical_temperate_polar","Coldhouse","Transitional",5,5,-0.424717222454503,4,0.047346471299738,0.118366178249345
"percentile_latbin_OLS","q95","Northern","occurrence5_k2_tropical_temperate_polar","Coldhouse","Coolhouse",5,6,-0.499367255591778,6,0.0603454002637228,0.120690800527446
"percentile_latbin_OLS","q95","Northern","occurrence5_k2_tropical_temperate_polar","Coolhouse","Hothouse",6,4,-0.250698558421172,5,0.0829032800970067,0.138172133495011
"percentile_latbin_OLS","q95","Northern","occurrence5_k2_tropical_temperate_polar","Transitional","Warmhouse",5,8,-0.186564146608206,13,0.170674656977379,0.243820938539114
"percentile_latbin_OLS","q95","Northern","occurrence5_k2_tropical_temperate_polar","Coolhouse","Transitional",6,5,0.0746500331372756,13,0.39209561470081,0.399453334821635
"percentile_latbin_OLS","q95","Northern","occurrence5_k2_tropical_temperate_polar","Transitional","Hothouse",5,4,-0.325348591558448,8,0.356651586939229,0.399453334821635
"percentile_latbin_OLS","q95","Northern","occurrence5_k2_tropical_temperate_polar","Warmhouse","Hothouse",8,4,-0.138784444950242,14,0.399453334821635,0.399453334821635
"percentile_latbin_OLS","q95","Northern","occurrence5_k3_tropical_temperate","Coldhouse","Warmhouse",5,8,-0.606333994480446,4,0.0116351460049754,0.0437069689145634
"percentile_latbin_OLS","q95","Northern","occurrence5_k3_tropical_temperate","Coolhouse","Transitional",7,9,-0.874102813815713,10,0.013112090674369,0.0437069689145634
"percentile_latbin_OLS","q95","Northern","occurrence5_k3_tropical_temperate","Coolhouse","Warmhouse",7,8,-0.679341790579096,6,0.00642063116860977,0.0437069689145634
"percentile_latbin_OLS","q95","Northern","occurrence5_k3_tropical_temperate","Coldhouse","Transitional",5,9,-0.801095017717063,8,0.0309740757067406,0.0774351892668515
"percentile_latbin_OLS","q95","Northern","occurrence5_k3_tropical_temperate","Coolhouse","Hothouse",7,4,-0.622794368419648,5,0.0540986237618508,0.108197247523702
"percentile_latbin_OLS","q95","Northern","occurrence5_k3_tropical_temperate","Coldhouse","Hothouse",5,4,-0.549786572320998,5,0.13517207032739,0.225286783878983
"percentile_latbin_OLS","q95","Northern","occurrence5_k3_tropical_temperate","Transitional","Warmhouse",9,8,0.194761023236618,29,0.265833680868882,0.37976240124126
"percentile_latbin_OLS","q95","Northern","occurrence5_k3_tropical_temperate","Coldhouse","Coolhouse",5,7,0.0730077960986498,21,0.742024151820726,0.842062760084755
"percentile_latbin_OLS","q95","Northern","occurrence5_k3_tropical_temperate","Transitional","Hothouse",9,4,0.251308445396065,24,0.842062760084755,0.842062760084755
"percentile_latbin_OLS","q95","Northern","occurrence5_k3_tropical_temperate","Warmhouse","Hothouse",8,4,0.0565474221594473,20,0.777651884075146,0.842062760084755
"percentile_latbin_OLS","q95","Northern","occurrence5_k3_tropical_temperate_polar","Coldhouse","Warmhouse",2,5,-0.398073226542592,0,0.0406805646170377,0.203402823085189
"percentile_latbin_OLS","q95","Northern","occurrence5_k3_tropical_temperate_polar","Transitional","Warmhouse",2,5,-0.486301251690705,0,0.0406805646170377,0.203402823085189
"percentile_latbin_OLS","q95","Northern","occurrence5_k3_tropical_temperate_polar","Coolhouse","Warmhouse",3,5,-0.443027995352682,3,0.116518991136953,0.388396637123176
"percentile_latbin_OLS","q95","Northern","occurrence5_k3_tropical_temperate_polar","Coldhouse","Hothouse",2,2,-0.248265451568697,1,0.349267679151669,0.644024993903706
"percentile_latbin_OLS","q95","Northern","occurrence5_k3_tropical_temperate_polar","Coolhouse","Hothouse",3,2,-0.293220220378787,2,0.386414996342224,0.644024993903706
"percentile_latbin_OLS","q95","Northern","occurrence5_k3_tropical_temperate_polar","Transitional","Hothouse",2,2,-0.33649347671681,1,0.349267679151669,0.644024993903706
"percentile_latbin_OLS","q95","Northern","occurrence5_k3_tropical_temperate_polar","Coldhouse","Coolhouse",2,3,0.0449547688100902,3,0.613585003657776,0.719362081932711
"percentile_latbin_OLS","q95","Northern","occurrence5_k3_tropical_temperate_polar","Coldhouse","Transitional",2,2,0.0882280251481128,2,0.650732320848331,0.719362081932711
"percentile_latbin_OLS","q95","Northern","occurrence5_k3_tropical_temperate_polar","Coolhouse","Transitional",3,2,0.0432732563380226,3,0.613585003657776,0.719362081932711
"percentile_latbin_OLS","q95","Northern","occurrence5_k3_tropical_temperate_polar","Warmhouse","Hothouse",5,2,0.149807774973895,6,0.719362081932711,0.719362081932711
"percentile_latbin_OLS","q95","Northern","occurrence10_k1_tropical_temperate","Coldhouse","Warmhouse",13,14,-0.803774709840926,8,3.12182327292545e-05,0.000312182327292545
"percentile_latbin_OLS","q95","Northern","occurrence10_k1_tropical_temperate","Coldhouse","Transitional",13,17,-0.856449981358316,34,0.000734514455030682,0.00292761805949645
"percentile_latbin_OLS","q95","Northern","occurrence10_k1_tropical_temperate","Coldhouse","Hothouse",13,11,-0.594193943757761,17,0.000878285417848935,0.00292761805949645
"percentile_latbin_OLS","q95","Northern","occurrence10_k1_tropical_temperate","Coolhouse","Warmhouse",14,14,-0.293469157473394,33,0.00152019094877443,0.00380047737193607
"percentile_latbin_OLS","q95","Northern","occurrence10_k1_tropical_temperate","Coldhouse","Coolhouse",13,14,-0.510305552367532,43,0.010583495783868,0.0211669915677361
"percentile_latbin_OLS","q95","Northern","occurrence10_k1_tropical_temperate","Coolhouse","Transitional",14,17,-0.346144428990783,76,0.0458013014730794,0.0763355024551323
"percentile_latbin_OLS","q95","Northern","occurrence10_k1_tropical_temperate","Coolhouse","Hothouse",14,11,-0.0838883913902287,53,0.0991334517080016,0.141619216725717
"percentile_latbin_OLS","q95","Northern","occurrence10_k1_tropical_temperate","Transitional","Warmhouse",17,14,0.0526752715173899,99,0.219454431550919,0.274318039438649
"percentile_latbin_OLS","q95","Northern","occurrence10_k1_tropical_temperate","Transitional","Hothouse",17,11,0.262256037600555,110,0.788053759827182,0.875615288696869
"percentile_latbin_OLS","q95","Northern","occurrence10_k1_tropical_temperate","Warmhouse","Hothouse",14,11,0.209580766083165,105,0.940647156193574,0.940647156193574
"percentile_latbin_OLS","q95","Northern","occurrence10_k1_tropical_temperate_polar","Coldhouse","Warmhouse",5,10,-0.65779545278703,0,0.00134713100964796,0.0134713100964796
"percentile_latbin_OLS","q95","Northern","occurrence10_k1_tropical_temperate_polar","Coolhouse","Warmhouse",8,10,-0.15709057682502,15,0.0147446816922038,0.0737234084610189
"percentile_latbin_OLS","q95","Northern","occurrence10_k1_tropical_temperate_polar","Coldhouse","Transitional",5,8,-0.49211518650072,6,0.024066198109791,0.08022066036597
"percentile_latbin_OLS","q95","Northern","occurrence10_k1_tropical_temperate_polar","Coldhouse","Coolhouse",5,8,-0.50070487596201,9,0.0621414370312762,0.124282874062552
"percentile_latbin_OLS","q95","Northern","occurrence10_k1_tropical_temperate_polar","Coldhouse","Hothouse",5,4,-0.513479067553802,3,0.0556734432665702,0.124282874062552
"percentile_latbin_OLS","q95","Northern","occurrence10_k1_tropical_temperate_polar","Transitional","Warmhouse",8,10,-0.16568026628631,27,0.133358623357958,0.222264372263263
"percentile_latbin_OLS","q95","Northern","occurrence10_k1_tropical_temperate_polar","Coolhouse","Transitional",8,8,0.00858968946128963,25,0.247418269056549,0.345133888771344
"percentile_latbin_OLS","q95","Northern","occurrence10_k1_tropical_temperate_polar","Coolhouse","Hothouse",8,4,-0.0127741915917917,12,0.276107111017075,0.345133888771344
"percentile_latbin_OLS","q95","Northern","occurrence10_k1_tropical_temperate_polar","Transitional","Hothouse",8,4,-0.0213638810530813,17,0.600546665178365,0.667274072420406
"percentile_latbin_OLS","q95","Northern","occurrence10_k1_tropical_temperate_polar","Warmhouse","Hothouse",10,4,0.144316385233228,27,0.855577816826758,0.855577816826758
"percentile_latbin_OLS","q95","Northern","occurrence10_k2_tropical_temperate","Coldhouse","Transitional",7,12,-1.06039816796119,10,0.00388117280327845,0.0194058640163923
"percentile_latbin_OLS","q95","Northern","occurrence10_k2_tropical_temperate","Coldhouse","Warmhouse",7,10,-0.65779545278703,6,0.00270695714397472,0.0194058640163923
"percentile_latbin_OLS","q95","Northern","occurrence10_k2_tropical_temperate","Coolhouse","Warmhouse",12,10,-0.18684508851931,24,0.00962121846985397,0.0320707282328466
"percentile_latbin_OLS","q95","Northern","occurrence10_k2_tropical_temperate","Coolhouse","Transitional",12,12,-0.589447803693468,34,0.0151914109882888,0.0379785274707219
"percentile_latbin_OLS","q95","Northern","occurrence10_k2_tropical_temperate","Coldhouse","Hothouse",7,6,-0.729593706387607,7,0.0268920444311991,0.0537840888623983
"percentile_latbin_OLS","q95","Northern","occurrence10_k2_tropical_temperate","Coolhouse","Hothouse",12,6,-0.258643342119887,21,0.0872240005123173,0.145373334187196
"percentile_latbin_OLS","q95","Northern","occurrence10_k2_tropical_temperate","Coldhouse","Coolhouse",7,12,-0.47095036426772,29,0.145382976157552,0.20768996593936
"percentile_latbin_OLS","q95","Northern","occurrence10_k2_tropical_temperate","Transitional","Warmhouse",12,10,0.402602715174158,59,0.486849644868423,0.608562056085529
"percentile_latbin_OLS","q95","Northern","occurrence10_k2_tropical_temperate","Warmhouse","Hothouse",10,6,-0.0717982536005766,31,0.564621827444178,0.627357586049086
"percentile_latbin_OLS","q95","Northern","occurrence10_k2_tropical_temperate","Transitional","Hothouse",12,6,0.330804461573581,43,0.758797396416887,0.758797396416887
"percentile_latbin_OLS","q95","Northern","occurrence10_k2_tropical_temperate_polar","Coldhouse","Warmhouse",4,5,-0.445789871532485,0,0.00998222665260803,0.0998222665260803
"percentile_latbin_OLS","q95","Northern","occurrence10_k2_tropical_temperate_polar","Coldhouse","Coolhouse",4,4,-0.461580369365821,4,0.156160710838108,0.376759117811582
"percentile_latbin_OLS","q95","Northern","occurrence10_k2_tropical_temperate_polar","Coldhouse","Transitional",4,5,-0.306802416631891,5,0.13517207032739,0.376759117811582
"percentile_latbin_OLS","q95","Northern","occurrence10_k2_tropical_temperate_polar","Coldhouse","Hothouse",4,3,-0.608186571535526,3,0.188379558905791,0.376759117811582
"percentile_latbin_OLS","q95","Northern","occurrence10_k2_tropical_temperate_polar","Coolhouse","Hothouse",4,3,-0.146606202169705,3,0.188379558905791,0.376759117811582
"percentile_latbin_OLS","q95","Northern","occurrence10_k2_tropical_temperate_polar","Transitional","Warmhouse",5,5,-0.138987454900594,9,0.265434651984254,0.442391086640423
"percentile_latbin_OLS","q95","Northern","occurrence10_k2_tropical_temperate_polar","Coolhouse","Transitional",4,5,0.15477795273393,9,0.45126162508884,0.555555555555556
"percentile_latbin_OLS","q95","Northern","occurrence10_k2_tropical_temperate_polar","Transitional","Hothouse",5,3,-0.301384154903635,7,0.5,0.555555555555556
"percentile_latbin_OLS","q95","Northern","occurrence10_k2_tropical_temperate_polar","Warmhouse","Hothouse",5,3,-0.162396700003042,7,0.5,0.555555555555556
"percentile_latbin_OLS","q95","Northern","occurrence10_k2_tropical_temperate_polar","Coolhouse","Warmhouse",4,5,0.0157904978333366,11,0.643348413060771,0.643348413060771
"percentile_latbin_OLS","q95","Northern","occurrence10_k3_tropical_temperate","Coldhouse","Warmhouse",5,6,-0.636719630041158,3,0.0178818832954889,0.178818832954889
"percentile_latbin_OLS","q95","Northern","occurrence10_k3_tropical_temperate","Coldhouse","Transitional",5,7,-0.816460058954006,8,0.0719259348274268,0.289142447202464
"percentile_latbin_OLS","q95","Northern","occurrence10_k3_tropical_temperate","Coolhouse","Warmhouse",6,6,-0.428508203286625,9,0.0867427341607392,0.289142447202464
"percentile_latbin_OLS","q95","Northern","occurrence10_k3_tropical_temperate","Coldhouse","Hothouse",5,4,-0.381648586759288,6,0.19563363964132,0.391267279282639
"percentile_latbin_OLS","q95","Northern","occurrence10_k3_tropical_temperate","Coolhouse","Transitional",6,7,-0.608248632199472,14,0.176555617253003,0.391267279282639
"percentile_latbin_OLS","q95","Northern","occurrence10_k3_tropical_temperate","Coldhouse","Coolhouse",5,6,-0.208211426754533,12,0.324038434069573,0.514989187072622
"percentile_latbin_OLS","q95","Northern","occurrence10_k3_tropical_temperate","Transitional","Warmhouse",7,6,0.179740428912848,18,0.360492430950835,0.514989187072622
"percentile_latbin_OLS","q95","Northern","occurrence10_k3_tropical_temperate","Coolhouse","Hothouse",6,4,-0.173437160004755,11,0.457553017210253,0.571941271512816
"percentile_latbin_OLS","q95","Northern","occurrence10_k3_tropical_temperate","Transitional","Hothouse",7,4,0.434811472194717,19,0.850691162775595,0.879522665649215
"percentile_latbin_OLS","q95","Northern","occurrence10_k3_tropical_temperate","Warmhouse","Hothouse",6,4,0.25507104328187,17,0.879522665649215,0.879522665649215
"percentile_latbin_OLS","q95","Northern","occurrence10_k3_tropical_temperate_polar","Coldhouse","Warmhouse",2,3,-0.368265894663071,0,0.0744573365893828,0.111686004884074
"percentile_latbin_OLS","q95","Northern","occurrence10_k3_tropical_temperate_polar","Transitional","Warmhouse",2,3,-0.484566157835503,0,0.0744573365893828,0.111686004884074
"percentile_latbin_OLS","q95","Northern","occurrence10_k3_tropical_temperate_polar","Coldhouse","Transitional",2,2,0.116300263172432,3,0.877360941596614,0.877360941596614
"percentile_latbin_OLS","q95","Northern","occurrence10_k3_tropical_temperate_polar","Coldhouse","Coolhouse",2,0,NA,NA,NA,NA
"percentile_latbin_OLS","q95","Northern","occurrence10_k3_tropical_temperate_polar","Coldhouse","Hothouse",2,1,0.174543087979977,NA,NA,NA
"percentile_latbin_OLS","q95","Northern","occurrence10_k3_tropical_temperate_polar","Coolhouse","Transitional",0,2,NA,NA,NA,NA
"percentile_latbin_OLS","q95","Northern","occurrence10_k3_tropical_temperate_polar","Coolhouse","Warmhouse",0,3,NA,NA,NA,NA
"percentile_latbin_OLS","q95","Northern","occurrence10_k3_tropical_temperate_polar","Coolhouse","Hothouse",0,1,NA,NA,NA,NA
"percentile_latbin_OLS","q95","Northern","occurrence10_k3_tropical_temperate_polar","Transitional","Hothouse",2,1,0.0582428248075452,NA,NA,NA
"percentile_latbin_OLS","q95","Northern","occurrence10_k3_tropical_temperate_polar","Warmhouse","Hothouse",3,1,0.542808982643048,NA,NA,NA
"percentile_latbin_OLS","q95","Northern","collection5_k1_tropical_temperate","Coldhouse","Warmhouse",13,14,-0.910984900990598,7,2.53979714309527e-05,0.000253979714309527
"percentile_latbin_OLS","q95","Northern","collection5_k1_tropical_temperate","Coldhouse","Transitional",13,16,-1.02083061842836,16,6.22405870758827e-05,0.000311202935379414
"percentile_latbin_OLS","q95","Northern","collection5_k1_tropical_temperate","Coolhouse","Warmhouse",14,14,-0.584107472361094,17,0.000108315618506371,0.000361052061687904
"percentile_latbin_OLS","q95","Northern","collection5_k1_tropical_temperate","Coolhouse","Transitional",14,16,-0.693953189798854,34,0.000637123310737384,0.00159280827684346
"percentile_latbin_OLS","q95","Northern","collection5_k1_tropical_temperate","Coldhouse","Hothouse",13,9,-0.823285370948248,23,0.00971356280322835,0.0194271256064567
"percentile_latbin_OLS","q95","Northern","collection5_k1_tropical_temperate","Coolhouse","Hothouse",14,9,-0.496407942318744,29,0.0174161911734569,0.0290269852890949
"percentile_latbin_OLS","q95","Northern","collection5_k1_tropical_temperate","Coldhouse","Coolhouse",13,14,-0.326877428629504,51,0.0276327359355577,0.0394753370507967
"percentile_latbin_OLS","q95","Northern","collection5_k1_tropical_temperate","Transitional","Warmhouse",16,14,0.109845717437759,96,0.25967635040273,0.324595438003412
"percentile_latbin_OLS","q95","Northern","collection5_k1_tropical_temperate","Transitional","Hothouse",16,9,0.197545247480109,92,0.877094434235091,0.89034867516034
"percentile_latbin_OLS","q95","Northern","collection5_k1_tropical_temperate","Warmhouse","Hothouse",14,9,0.0876995300423502,82,0.89034867516034,0.89034867516034
"percentile_latbin_OLS","q95","Northern","collection5_k1_tropical_temperate_polar","Coldhouse","Warmhouse",6,9,-0.624013271696135,0,0.000894921639311727,0.00894921639311727
"percentile_latbin_OLS","q95","Northern","collection5_k1_tropical_temperate_polar","Coolhouse","Warmhouse",10,9,-0.192301724739058,14,0.00638150376632062,0.0319075188316031
"percentile_latbin_OLS","q95","Northern","collection5_k1_tropical_temperate_polar","Coldhouse","Transitional",6,7,-0.381632062019636,5,0.0134045653577979,0.0446818845259931
"percentile_latbin_OLS","q95","Northern","collection5_k1_tropical_temperate_polar","Coldhouse","Hothouse",6,4,-0.70534993071055,3,0.0349771792900052,0.0770998717435418
"percentile_latbin_OLS","q95","Northern","collection5_k1_tropical_temperate_polar","Coolhouse","Hothouse",10,4,-0.273638383753473,7,0.0385499358717709,0.0770998717435418
"percentile_latbin_OLS","q95","Northern","collection5_k1_tropical_temperate_polar","Coldhouse","Coolhouse",6,10,-0.431711546957077,14,0.046360964153696,0.0772682735894934
"percentile_latbin_OLS","q95","Northern","collection5_k1_tropical_temperate_polar","Coolhouse","Transitional",10,7,0.0500794849374416,24,0.152753543430627,0.190941929288284
"percentile_latbin_OLS","q95","Northern","collection5_k1_tropical_temperate_polar","Transitional","Warmhouse",7,9,-0.242381209676499,21,0.144910984914307,0.190941929288284
"percentile_latbin_OLS","q95","Northern","collection5_k1_tropical_temperate_polar","Transitional","Hothouse",7,4,-0.323717868690914,14,0.537640481256615,0.537640481256615
"percentile_latbin_OLS","q95","Northern","collection5_k1_tropical_temperate_polar","Warmhouse","Hothouse",9,4,-0.0813366590144151,18,0.530748557610764,0.537640481256615
"percentile_latbin_OLS","q95","Northern","collection5_k2_tropical_temperate","Coolhouse","Transitional",11,11,-0.927152727847876,12,0.000811002094637014,0.00405501047318507
"percentile_latbin_OLS","q95","Northern","collection5_k2_tropical_temperate","Coolhouse","Warmhouse",11,11,-0.459011009805286,10,0.000513087108728214,0.00405501047318507
"percentile_latbin_OLS","q95","Northern","collection5_k2_tropical_temperate","Coldhouse","Warmhouse",7,11,-0.595705735429904,6,0.00187695177115147,0.00625650590383822
"percentile_latbin_OLS","q95","Northern","collection5_k2_tropical_temperate","Coldhouse","Transitional",7,11,-1.06384745347249,8,0.00329382563662194,0.00823456409155484
"percentile_latbin_OLS","q95","Northern","collection5_k2_tropical_temperate","Coolhouse","Hothouse",11,6,-0.571952487261756,7,0.00519089789485088,0.0103817957897018
"percentile_latbin_OLS","q95","Northern","collection5_k2_tropical_temperate","Coldhouse","Hothouse",7,6,-0.708647212886374,7,0.0268920444311991,0.0448200740519986
"percentile_latbin_OLS","q95","Northern","collection5_k2_tropical_temperate","Coldhouse","Coolhouse",7,11,-0.136694725624618,32,0.293427180011364,0.419181685730519
"percentile_latbin_OLS","q95","Northern","collection5_k2_tropical_temperate","Transitional","Warmhouse",11,11,0.46814171804259,65,0.628667048540159,0.698518942822399
"percentile_latbin_OLS","q95","Northern","collection5_k2_tropical_temperate","Warmhouse","Hothouse",11,6,-0.11294147745647,35,0.599193239529248,0.698518942822399
"percentile_latbin_OLS","q95","Northern","collection5_k2_tropical_temperate","Transitional","Hothouse",11,6,0.35520024058612,42,0.830157016572236,0.830157016572236
"percentile_latbin_OLS","q95","Northern","collection5_k2_tropical_temperate_polar","Coldhouse","Warmhouse",3,8,-0.440367832726245,0,0.00945177150556067,0.0596711054114359
"percentile_latbin_OLS","q95","Northern","collection5_k2_tropical_temperate_polar","Coolhouse","Warmhouse",6,8,-0.154580562803293,6,0.0119342210822872,0.0596711054114359
"percentile_latbin_OLS","q95","Northern","collection5_k2_tropical_temperate_polar","Coldhouse","Coolhouse",3,6,-0.285787269922953,4,0.122639058403386,0.326965295017437
"percentile_latbin_OLS","q95","Northern","collection5_k2_tropical_temperate_polar","Transitional","Warmhouse",3,8,-0.406533638788651,6,0.130786118006975,0.326965295017437
"percentile_latbin_OLS","q95","Northern","collection5_k2_tropical_temperate_polar","Coldhouse","Transitional",3,3,-0.0338341939375943,4,0.5,0.681761115175307
"percentile_latbin_OLS","q95","Northern","collection5_k2_tropical_temperate_polar","Coldhouse","Hothouse",3,2,-0.234081978180477,3,0.613585003657776,0.681761115175307
"percentile_latbin_OLS","q95","Northern","collection5_k2_tropical_temperate_polar","Coolhouse","Transitional",6,3,0.251953075985358,9,0.551360519369958,0.681761115175307
"percentile_latbin_OLS","q95","Northern","collection5_k2_tropical_temperate_polar","Coolhouse","Hothouse",6,2,0.0517052917424756,5,0.433816167389096,0.681761115175307
"percentile_latbin_OLS","q95","Northern","collection5_k2_tropical_temperate_polar","Transitional","Hothouse",3,2,-0.200247784242883,2,0.386414996342224,0.681761115175307
"percentile_latbin_OLS","q95","Northern","collection5_k2_tropical_temperate_polar","Warmhouse","Hothouse",8,2,0.206285854545768,10,0.743054554371143,0.743054554371143
"percentile_latbin_OLS","q95","Northern","collection5_k3_tropical_temperate","Coldhouse","Transitional",5,8,-0.957087055301622,6,0.024066198109791,0.0601654952744775
"percentile_latbin_OLS","q95","Northern","collection5_k3_tropical_temperate","Coldhouse","Warmhouse",5,7,-0.482400063823732,4,0.0173777921798081,0.0601654952744775
"percentile_latbin_OLS","q95","Northern","collection5_k3_tropical_temperate","Coolhouse","Transitional",6,8,-0.944974636886918,6,0.0119342210822872,0.0601654952744775
"percentile_latbin_OLS","q95","Northern","collection5_k3_tropical_temperate","Coolhouse","Warmhouse",6,7,-0.470287645409029,6,0.0191593815747068,0.0601654952744775
"percentile_latbin_OLS","q95","Northern","collection5_k3_tropical_temperate","Coolhouse","Hothouse",6,4,-0.583229122865499,4,0.0549097044076186,0.109819408815237
"percentile_latbin_OLS","q95","Northern","collection5_k3_tropical_temperate","Coldhouse","Hothouse",5,4,-0.595341541280203,6,0.19563363964132,0.326056066068866
"percentile_latbin_OLS","q95","Northern","collection5_k3_tropical_temperate","Coldhouse","Coolhouse",5,6,-0.0121124184147038,15,0.536367763237384,0.757443537464666
"percentile_latbin_OLS","q95","Northern","collection5_k3_tropical_temperate","Transitional","Warmhouse",8,7,0.47468699147789,31,0.657278258661239,0.757443537464666
"percentile_latbin_OLS","q95","Northern","collection5_k3_tropical_temperate","Warmhouse","Hothouse",7,4,-0.11294147745647,16,0.6816991837182,0.757443537464666
"percentile_latbin_OLS","q95","Northern","collection5_k3_tropical_temperate","Transitional","Hothouse",8,4,0.361745514021419,25,0.946681471098718,0.946681471098718
"percentile_latbin_OLS","q95","Northern","collection5_k3_tropical_temperate_polar","Coldhouse","Warmhouse",2,5,-0.368493345014444,0,0.0406805646170377,0.0610208469255566
"percentile_latbin_OLS","q95","Northern","collection5_k3_tropical_temperate_polar","Transitional","Warmhouse",2,5,-0.465924482144483,0,0.0406805646170377,0.0610208469255566
"percentile_latbin_OLS","q95","Northern","collection5_k3_tropical_temperate_polar","Coldhouse","Transitional",2,2,0.0974311371300383,3,0.877360941596614,0.877360941596614
"percentile_latbin_OLS","q95","Northern","collection5_k3_tropical_temperate_polar","Coldhouse","Coolhouse",2,1,-0.423068430715286,NA,NA,NA
"percentile_latbin_OLS","q95","Northern","collection5_k3_tropical_temperate_polar","Coldhouse","Hothouse",2,1,0.18602473391732,NA,NA,NA
"percentile_latbin_OLS","q95","Northern","collection5_k3_tropical_temperate_polar","Coolhouse","Transitional",1,2,0.520499567845324,NA,NA,NA
"percentile_latbin_OLS","q95","Northern","collection5_k3_tropical_temperate_polar","Coolhouse","Warmhouse",1,5,0.0545750857008414,NA,NA,NA
"percentile_latbin_OLS","q95","Northern","collection5_k3_tropical_temperate_polar","Coolhouse","Hothouse",1,1,0.609093164632605,NA,NA,NA
"percentile_latbin_OLS","q95","Northern","collection5_k3_tropical_temperate_polar","Transitional","Hothouse",2,1,0.0885935967872813,NA,NA,NA
"percentile_latbin_OLS","q95","Northern","collection5_k3_tropical_temperate_polar","Warmhouse","Hothouse",5,1,0.554518078931764,NA,NA,NA
"percentile_latbin_OLS","q95","Northern","collection10_k1_tropical_temperate","Coldhouse","Warmhouse",12,13,-1.00294088226246,10,0.00012055799988751,0.0012055799988751
"percentile_latbin_OLS","q95","Northern","collection10_k1_tropical_temperate","Coldhouse","Transitional",12,14,-1.27664002035291,28,0.00215447194797238,0.0081033662514889
"percentile_latbin_OLS","q95","Northern","collection10_k1_tropical_temperate","Coldhouse","Hothouse",12,8,-0.877380435470419,11,0.00243100987544667,0.0081033662514889
"percentile_latbin_OLS","q95","Northern","collection10_k1_tropical_temperate","Coolhouse","Warmhouse",13,13,-0.668327365291437,39,0.0105081281137593,0.0262703202843984
"percentile_latbin_OLS","q95","Northern","collection10_k1_tropical_temperate","Coolhouse","Transitional",13,14,-0.942026503381888,53,0.0343999939827828,0.057333323304638
"percentile_latbin_OLS","q95","Northern","collection10_k1_tropical_temperate","Coolhouse","Hothouse",13,8,-0.5427669184994,26,0.0323933290893102,0.057333323304638
"percentile_latbin_OLS","q95","Northern","collection10_k1_tropical_temperate","Coldhouse","Coolhouse",12,13,-0.334613516971018,47,0.0485597808417014,0.0693711154881448
"percentile_latbin_OLS","q95","Northern","collection10_k1_tropical_temperate","Transitional","Warmhouse",14,13,0.27369913809045,84,0.37622137999943,0.470276724999287
"percentile_latbin_OLS","q95","Northern","collection10_k1_tropical_temperate","Warmhouse","Hothouse",13,8,0.125560446792037,53,0.543252423479992,0.603613803866658
"percentile_latbin_OLS","q95","Northern","collection10_k1_tropical_temperate","Transitional","Hothouse",14,8,0.399259584882487,60,0.620629932475428,0.620629932475428
"percentile_latbin_OLS","q95","Northern","collection10_k1_tropical_temperate_polar","Coldhouse","Warmhouse",5,8,-0.524714189184262,0,0.00215517924976753,0.0215517924976753
"percentile_latbin_OLS","q95","Northern","collection10_k1_tropical_temperate_polar","Transitional","Warmhouse",3,8,-0.332974447034654,0,0.00945177150556067,0.0472588575278034
"percentile_latbin_OLS","q95","Northern","collection10_k1_tropical_temperate_polar","Coolhouse","Warmhouse",6,8,-0.173930192424421,12,0.0688191275540914,0.229397091846971
"percentile_latbin_OLS","q95","Northern","collection10_k1_tropical_temperate_polar","Coldhouse","Coolhouse",5,6,-0.350783996759841,9,0.157651226040873,0.239208180553266
"percentile_latbin_OLS","q95","Northern","collection10_k1_tropical_temperate_polar","Coldhouse","Transitional",5,3,-0.191739742149608,4,0.185546684761349,0.239208180553266
"percentile_latbin_OLS","q95","Northern","collection10_k1_tropical_temperate_polar","Coldhouse","Hothouse",5,3,-0.590398989997777,3,0.116518991136953,0.239208180553266
"percentile_latbin_OLS","q95","Northern","collection10_k1_tropical_temperate_polar","Coolhouse","Hothouse",6,3,-0.239614993237936,5,0.18307828009703,0.239208180553266
"percentile_latbin_OLS","q95","Northern","collection10_k1_tropical_temperate_polar","Transitional","Hothouse",3,3,-0.398659247848169,2,0.191366544442613,0.239208180553266
"percentile_latbin_OLS","q95","Northern","collection10_k1_tropical_temperate_polar","Warmhouse","Hothouse",8,3,-0.0656848008135153,14,0.69508297816327,0.772314420181411
"percentile_latbin_OLS","q95","Northern","collection10_k1_tropical_temperate_polar","Coolhouse","Transitional",6,3,0.159044254610232,12,0.81692171990297,0.81692171990297
"percentile_latbin_OLS","q95","Northern","collection10_k2_tropical_temperate","Coolhouse","Transitional",9,9,-1.11515781167878,14,0.010842055682496,0.10842055682496
"percentile_latbin_OLS","q95","Northern","collection10_k2_tropical_temperate","Coldhouse","Transitional",5,9,-1.2319874487058,9,0.0415182196887791,0.138394065629264
"percentile_latbin_OLS","q95","Northern","collection10_k2_tropical_temperate","Coldhouse","Warmhouse",5,8,-0.441513970402674,7,0.0336389802691745,0.138394065629264
"percentile_latbin_OLS","q95","Northern","collection10_k2_tropical_temperate","Coolhouse","Warmhouse",9,8,-0.324684333375651,19,0.056175598845232,0.14043899711308
"percentile_latbin_OLS","q95","Northern","collection10_k2_tropical_temperate","Coolhouse","Hothouse",9,3,-0.67053105427035,8,0.177612940643639,0.355225881287279
"percentile_latbin_OLS","q95","Northern","collection10_k2_tropical_temperate","Coldhouse","Hothouse",5,3,-0.787360691297373,6,0.382797241997882,0.637995403329803
"percentile_latbin_OLS","q95","Northern","collection10_k2_tropical_temperate","Warmhouse","Hothouse",8,3,-0.3458467208947,11,0.459353702714144,0.656219575305921
"percentile_latbin_OLS","q95","Northern","collection10_k2_tropical_temperate","Coldhouse","Coolhouse",5,9,-0.116829637027023,24,0.605137089535975,0.756421361919969
"percentile_latbin_OLS","q95","Northern","collection10_k2_tropical_temperate","Transitional","Warmhouse",9,8,0.790473478303128,45,0.819677811925531,0.902219170800198
"percentile_latbin_OLS","q95","Northern","collection10_k2_tropical_temperate","Transitional","Hothouse",9,3,0.444626757408428,20,0.902219170800198,0.902219170800198
"percentile_latbin_OLS","q95","Northern","collection10_k2_tropical_temperate_polar","Coldhouse","Warmhouse",3,5,-0.438905842739267,0,0.0184442128535249,0.0553326385605748
"percentile_latbin_OLS","q95","Northern","collection10_k2_tropical_temperate_polar","Coldhouse","Coolhouse",3,2,0.0256838468396947,3,0.613585003657776,0.613585003657776
"percentile_latbin_OLS","q95","Northern","collection10_k2_tropical_temperate_polar","Coolhouse","Warmhouse",2,5,-0.464589689578962,5,0.576774701561705,0.613585003657776
"percentile_latbin_OLS","q95","Northern","collection10_k2_tropical_temperate_polar","Coldhouse","Transitional",3,1,-0.242514411127688,NA,NA,NA
"percentile_latbin_OLS","q95","Northern","collection10_k2_tropical_temperate_polar","Coldhouse","Hothouse",3,1,0.124112766503785,NA,NA,NA
"percentile_latbin_OLS","q95","Northern","collection10_k2_tropical_temperate_polar","Coolhouse","Transitional",2,1,-0.268198257967383,NA,NA,NA
"percentile_latbin_OLS","q95","Northern","collection10_k2_tropical_temperate_polar","Coolhouse","Hothouse",2,1,0.0984289196640904,NA,NA,NA
"percentile_latbin_OLS","q95","Northern","collection10_k2_tropical_temperate_polar","Transitional","Warmhouse",1,5,-0.196391431611579,NA,NA,NA
"percentile_latbin_OLS","q95","Northern","collection10_k2_tropical_temperate_polar","Transitional","Hothouse",1,1,0.366627177631473,NA,NA,NA
"percentile_latbin_OLS","q95","Northern","collection10_k2_tropical_temperate_polar","Warmhouse","Hothouse",5,1,0.563018609243052,NA,NA,NA
"percentile_latbin_OLS","q95","Northern","collection10_k3_tropical_temperate","Coldhouse","Warmhouse",2,3,-0.359513036913184,0,0.0744573365893828,0.388950869480495
"percentile_latbin_OLS","q95","Northern","collection10_k3_tropical_temperate","Coolhouse","Transitional",3,6,-1.62163304256037,3,0.077790173896099,0.388950869480495
"percentile_latbin_OLS","q95","Northern","collection10_k3_tropical_temperate","Coldhouse","Transitional",2,6,-1.36414369880884,2,0.121672504574381,0.405575015247937
"percentile_latbin_OLS","q95","Northern","collection10_k3_tropical_temperate","Coolhouse","Hothouse",3,3,-0.965457229222826,2,0.191366544442613,0.478416361106533
"percentile_latbin_OLS","q95","Northern","collection10_k3_tropical_temperate","Coldhouse","Hothouse",2,3,-0.70796788547129,2,0.386414996342224,0.552021423346034
"percentile_latbin_OLS","q95","Northern","collection10_k3_tropical_temperate","Coolhouse","Warmhouse",3,3,-0.61700238066472,3,0.331260291770029,0.552021423346034
"percentile_latbin_OLS","q95","Northern","collection10_k3_tropical_temperate","Warmhouse","Hothouse",3,3,-0.348454848558106,3,0.331260291770029,0.552021423346034
"percentile_latbin_OLS","q95","Northern","collection10_k3_tropical_temperate","Coldhouse","Coolhouse",2,3,0.257489343751536,4,0.806761884614384,0.877360941596614
"percentile_latbin_OLS","q95","Northern","collection10_k3_tropical_temperate","Transitional","Warmhouse",6,3,1.00463066189565,12,0.81692171990297,0.877360941596614
"percentile_latbin_OLS","q95","Northern","collection10_k3_tropical_temperate","Transitional","Hothouse",6,3,0.656175813337549,13,0.877360941596614,0.877360941596614
"percentile_latbin_OLS","q95","Northern","collection10_k3_tropical_temperate_polar","Coldhouse","Coolhouse",1,0,NA,NA,NA,NA
"percentile_latbin_OLS","q95","Northern","collection10_k3_tropical_temperate_polar","Coldhouse","Transitional",1,0,NA,NA,NA,NA
"percentile_latbin_OLS","q95","Northern","collection10_k3_tropical_temperate_polar","Coldhouse","Warmhouse",1,3,-0.280120231087101,NA,NA,NA
"percentile_latbin_OLS","q95","Northern","collection10_k3_tropical_temperate_polar","Coldhouse","Hothouse",1,0,NA,NA,NA,NA
"percentile_latbin_OLS","q95","Northern","collection10_k3_tropical_temperate_polar","Coolhouse","Transitional",0,0,NA,NA,NA,NA
"percentile_latbin_OLS","q95","Northern","collection10_k3_tropical_temperate_polar","Coolhouse","Warmhouse",0,3,NA,NA,NA,NA
"percentile_latbin_OLS","q95","Northern","collection10_k3_tropical_temperate_polar","Coolhouse","Hothouse",0,0,NA,NA,NA,NA
"percentile_latbin_OLS","q95","Northern","collection10_k3_tropical_temperate_polar","Transitional","Warmhouse",0,3,NA,NA,NA,NA
"percentile_latbin_OLS","q95","Northern","collection10_k3_tropical_temperate_polar","Transitional","Hothouse",0,0,NA,NA,NA,NA
"percentile_latbin_OLS","q95","Northern","collection10_k3_tropical_temperate_polar","Warmhouse","Hothouse",3,0,NA,NA,NA,NA
"percentile_latbin_OLS","q95","Southern","occurrence5_k1_tropical_temperate","Coldhouse","Hothouse",11,14,-0.614354537394679,37,0.015292786971143,0.15292786971143
"percentile_latbin_OLS","q95","Southern","occurrence5_k1_tropical_temperate","Coldhouse","Coolhouse",11,17,-0.13365774176295,62,0.0723855783017014,0.17287843731443
"percentile_latbin_OLS","q95","Southern","occurrence5_k1_tropical_temperate","Coldhouse","Transitional",11,15,-0.332457313988014,52,0.0597354933858504,0.17287843731443
"percentile_latbin_OLS","q95","Southern","occurrence5_k1_tropical_temperate","Coldhouse","Warmhouse",11,12,-0.415383390263266,42,0.0740430307925356,0.17287843731443
"percentile_latbin_OLS","q95","Southern","occurrence5_k1_tropical_temperate","Warmhouse","Hothouse",12,14,-0.198971147131413,57,0.0864392186572151,0.17287843731443
"percentile_latbin_OLS","q95","Southern","occurrence5_k1_tropical_temperate","Transitional","Hothouse",15,14,-0.281897223406665,76,0.106778864328885,0.177964773881474
"percentile_latbin_OLS","q95","Southern","occurrence5_k1_tropical_temperate","Coolhouse","Hothouse",17,14,-0.480696795631729,91,0.137506510572512,0.196437872246446
"percentile_latbin_OLS","q95","Southern","occurrence5_k1_tropical_temperate","Coolhouse","Warmhouse",17,12,-0.281725648500316,87,0.260413609691246,0.325517012114057
"percentile_latbin_OLS","q95","Southern","occurrence5_k1_tropical_temperate","Coolhouse","Transitional",17,15,-0.198799572225063,117,0.352853682719176,0.392059647465751
"percentile_latbin_OLS","q95","Southern","occurrence5_k1_tropical_temperate","Transitional","Warmhouse",15,12,-0.0829260762752524,85,0.413100101689404,0.413100101689404
"percentile_latbin_OLS","q95","Southern","occurrence5_k1_tropical_temperate_polar","Coolhouse","Hothouse",9,10,-0.536390374048316,12,0.003981744603275,0.03981744603275
"percentile_latbin_OLS","q95","Southern","occurrence5_k1_tropical_temperate_polar","Coolhouse","Warmhouse",9,8,-0.315936610288075,14,0.0192806237987123,0.0564432120303488
"percentile_latbin_OLS","q95","Southern","occurrence5_k1_tropical_temperate_polar","Transitional","Hothouse",10,10,-0.383267829329162,23,0.0225772848121395,0.0564432120303488
"percentile_latbin_OLS","q95","Southern","occurrence5_k1_tropical_temperate_polar","Warmhouse","Hothouse",8,10,-0.220453763760241,15,0.0147446816922038,0.0564432120303488
"percentile_latbin_OLS","q95","Southern","occurrence5_k1_tropical_temperate_polar","Coldhouse","Hothouse",4,10,-0.256895515341888,13,0.178985336322164,0.326056066068866
"percentile_latbin_OLS","q95","Southern","occurrence5_k1_tropical_temperate_polar","Coolhouse","Transitional",9,10,-0.153122544719154,34,0.19563363964132,0.326056066068866
"percentile_latbin_OLS","q95","Southern","occurrence5_k1_tropical_temperate_polar","Transitional","Warmhouse",10,8,-0.162814065568921,33,0.281787310130486,0.402553300186409
"percentile_latbin_OLS","q95","Southern","occurrence5_k1_tropical_temperate_polar","Coldhouse","Transitional",4,10,0.126372313987274,22,0.638163195084118,0.709070216760132
"percentile_latbin_OLS","q95","Southern","occurrence5_k1_tropical_temperate_polar","Coldhouse","Warmhouse",4,8,-0.0364417515816465,17,0.600546665178365,0.709070216760132
"percentile_latbin_OLS","q95","Southern","occurrence5_k1_tropical_temperate_polar","Coldhouse","Coolhouse",4,9,0.279494858706428,23,0.801967089645531,0.801967089645531
"percentile_latbin_OLS","q95","Southern","occurrence5_k2_tropical_temperate","Coldhouse","Hothouse",8,11,-0.692525032647817,16,0.0115814286908744,0.115799601611516
"percentile_latbin_OLS","q95","Southern","occurrence5_k2_tropical_temperate","Warmhouse","Hothouse",7,11,-0.426115307067287,16,0.0231599203223032,0.115799601611516
"percentile_latbin_OLS","q95","Southern","occurrence5_k2_tropical_temperate","Coldhouse","Coolhouse",8,12,-0.276318613977412,31,0.101508553024607,0.230084181916251
"percentile_latbin_OLS","q95","Southern","occurrence5_k2_tropical_temperate","Coolhouse","Hothouse",12,11,-0.416206418670405,46,0.115042090958126,0.230084181916251
"percentile_latbin_OLS","q95","Southern","occurrence5_k2_tropical_temperate","Transitional","Hothouse",7,11,-0.559535958232793,24,0.102410839788691,0.230084181916251
"percentile_latbin_OLS","q95","Southern","occurrence5_k2_tropical_temperate","Coldhouse","Transitional",8,7,-0.132989074415025,20,0.192709116184115,0.321181860306858
"percentile_latbin_OLS","q95","Southern","occurrence5_k2_tropical_temperate","Coldhouse","Warmhouse",8,7,-0.26640972558053,23,0.301262176180648,0.430374537400926
"percentile_latbin_OLS","q95","Southern","occurrence5_k2_tropical_temperate","Coolhouse","Transitional",12,7,0.143329539562387,49,0.736915761121928,0.736915761121928
"percentile_latbin_OLS","q95","Southern","occurrence5_k2_tropical_temperate","Coolhouse","Warmhouse",12,7,0.00990888839688203,48,0.708617450980406,0.736915761121928
"percentile_latbin_OLS","q95","Southern","occurrence5_k2_tropical_temperate","Transitional","Warmhouse",7,7,-0.133420651165505,26,0.600851076335737,0.736915761121928
"percentile_latbin_OLS","q95","Southern","occurrence5_k2_tropical_temperate_polar","Coolhouse","Hothouse",6,6,-0.439105368277209,6,0.0327760805827513,0.164729113222856
"percentile_latbin_OLS","q95","Southern","occurrence5_k2_tropical_temperate_polar","Warmhouse","Hothouse",4,6,-0.267010593649275,4,0.0549097044076186,0.164729113222856
"percentile_latbin_OLS","q95","Southern","occurrence5_k2_tropical_temperate_polar","Coolhouse","Warmhouse",6,4,-0.172094774627934,6,0.120477334350785,0.24095466870157
"percentile_latbin_OLS","q95","Southern","occurrence5_k2_tropical_temperate_polar","Transitional","Warmhouse",3,4,-0.286256799648644,4,0.297941545282589,0.357529854339107
"percentile_latbin_OLS","q95","Southern","occurrence5_k2_tropical_temperate_polar","Transitional","Hothouse",3,6,-0.553267393297918,6,0.259302508214363,0.357529854339107
"percentile_latbin_OLS","q95","Southern","occurrence5_k2_tropical_temperate_polar","Coolhouse","Transitional",6,3,0.114162025020709,9,0.551360519369958,0.551360519369958
"percentile_latbin_OLS","q95","Southern","occurrence5_k2_tropical_temperate_polar","Coldhouse","Coolhouse",1,6,0.45345983441504,NA,NA,NA
"percentile_latbin_OLS","q95","Southern","occurrence5_k2_tropical_temperate_polar","Coldhouse","Transitional",1,3,0.56762185943575,NA,NA,NA
"percentile_latbin_OLS","q95","Southern","occurrence5_k2_tropical_temperate_polar","Coldhouse","Warmhouse",1,4,0.281365059787106,NA,NA,NA
"percentile_latbin_OLS","q95","Southern","occurrence5_k2_tropical_temperate_polar","Coldhouse","Hothouse",1,6,0.0143544661378313,NA,NA,NA
"percentile_latbin_OLS","q95","Southern","occurrence5_k3_tropical_temperate","Coldhouse","Hothouse",2,6,-0.516963018015464,2,0.121672504574381,0.394128065102182
"percentile_latbin_OLS","q95","Southern","occurrence5_k3_tropical_temperate","Coolhouse","Hothouse",7,6,-0.431753018285824,11,0.0873679116076236,0.394128065102182
"percentile_latbin_OLS","q95","Southern","occurrence5_k3_tropical_temperate","Transitional","Hothouse",5,6,-0.653448525591386,9,0.157651226040873,0.394128065102182
"percentile_latbin_OLS","q95","Southern","occurrence5_k3_tropical_temperate","Warmhouse","Hothouse",4,6,-0.600098985505356,4,0.0549097044076186,0.394128065102182
"percentile_latbin_OLS","q95","Southern","occurrence5_k3_tropical_temperate","Coldhouse","Coolhouse",2,7,-0.0852099997296402,6,0.441808729690684,0.756273354817983
"percentile_latbin_OLS","q95","Southern","occurrence5_k3_tropical_temperate","Coldhouse","Transitional",2,5,0.136485507575922,6,0.719362081932711,0.756273354817983
"percentile_latbin_OLS","q95","Southern","occurrence5_k3_tropical_temperate","Coldhouse","Warmhouse",2,4,0.083135967489892,5,0.756273354817983,0.756273354817983
"percentile_latbin_OLS","q95","Southern","occurrence5_k3_tropical_temperate","Coolhouse","Transitional",7,5,0.221695507305562,19,0.627333466334599,0.756273354817983
"percentile_latbin_OLS","q95","Southern","occurrence5_k3_tropical_temperate","Coolhouse","Warmhouse",7,4,0.168345967219532,16,0.6816991837182,0.756273354817983
"percentile_latbin_OLS","q95","Southern","occurrence5_k3_tropical_temperate","Transitional","Warmhouse",5,4,-0.0533495400860299,11,0.643348413060771,0.756273354817983
"percentile_latbin_OLS","q95","Southern","occurrence5_k3_tropical_temperate_polar","Coolhouse","Hothouse",4,2,-1.01157524645359,0,0.0525962525600207,0.245278116806773
"percentile_latbin_OLS","q95","Southern","occurrence5_k3_tropical_temperate_polar","Transitional","Hothouse",2,2,-0.824864374392827,0,0.122639058403386,0.245278116806773
"percentile_latbin_OLS","q95","Southern","occurrence5_k3_tropical_temperate_polar","Warmhouse","Hothouse",2,2,-0.85734348534088,0,0.122639058403386,0.245278116806773
"percentile_latbin_OLS","q95","Southern","occurrence5_k3_tropical_temperate_polar","Coolhouse","Warmhouse",4,2,-0.154231761112706,2,0.243726645182017,0.365589967773026
"percentile_latbin_OLS","q95","Southern","occurrence5_k3_tropical_temperate_polar","Coolhouse","Transitional",4,2,-0.186710872060759,3,0.408480660857696,0.490176793029235
"percentile_latbin_OLS","q95","Southern","occurrence5_k3_tropical_temperate_polar","Transitional","Warmhouse",2,2,0.0324791109480531,2,0.650732320848331,0.650732320848331
"percentile_latbin_OLS","q95","Southern","occurrence5_k3_tropical_temperate_polar","Coldhouse","Coolhouse",0,4,NA,NA,NA,NA
"percentile_latbin_OLS","q95","Southern","occurrence5_k3_tropical_temperate_polar","Coldhouse","Transitional",0,2,NA,NA,NA,NA
"percentile_latbin_OLS","q95","Southern","occurrence5_k3_tropical_temperate_polar","Coldhouse","Warmhouse",0,2,NA,NA,NA,NA
"percentile_latbin_OLS","q95","Southern","occurrence5_k3_tropical_temperate_polar","Coldhouse","Hothouse",0,2,NA,NA,NA,NA
"percentile_latbin_OLS","q95","Southern","occurrence10_k1_tropical_temperate","Coldhouse","Hothouse",11,14,-0.700512237491098,31,0.00637113331115434,0.0637113331115434
"percentile_latbin_OLS","q95","Southern","occurrence10_k1_tropical_temperate","Coldhouse","Transitional",11,13,-0.327686803332829,45,0.0659886494943202,0.139921229710529
"percentile_latbin_OLS","q95","Southern","occurrence10_k1_tropical_temperate","Coldhouse","Warmhouse",11,11,-0.344705853666862,39,0.0839527378263175,0.139921229710529
"percentile_latbin_OLS","q95","Southern","occurrence10_k1_tropical_temperate","Coolhouse","Hothouse",17,14,-0.560988289659784,82,0.0736913251417054,0.139921229710529
"percentile_latbin_OLS","q95","Southern","occurrence10_k1_tropical_temperate","Transitional","Hothouse",13,14,-0.372825434158269,62,0.0833331197418104,0.139921229710529
"percentile_latbin_OLS","q95","Southern","occurrence10_k1_tropical_temperate","Warmhouse","Hothouse",11,14,-0.355806383824236,44,0.0376027574594684,0.139921229710529
"percentile_latbin_OLS","q95","Southern","occurrence10_k1_tropical_temperate","Coldhouse","Coolhouse",11,17,-0.139523947831314,66,0.102026240645266,0.14575177235038
"percentile_latbin_OLS","q95","Southern","occurrence10_k1_tropical_temperate","Coolhouse","Warmhouse",17,11,-0.205181905835548,76,0.211946240172818,0.264932800216022
"percentile_latbin_OLS","q95","Southern","occurrence10_k1_tropical_temperate","Coolhouse","Transitional",17,13,-0.188162855501514,100,0.337784391244448,0.375315990271609
"percentile_latbin_OLS","q95","Southern","occurrence10_k1_tropical_temperate","Transitional","Warmhouse",13,11,-0.0170190503340334,73,0.546123439213902,0.546123439213902
"percentile_latbin_OLS","q95","Southern","occurrence10_k1_tropical_temperate_polar","Coolhouse","Warmhouse",9,8,-0.297033483762677,10,0.00706898472795575,0.0353449236397787
"percentile_latbin_OLS","q95","Southern","occurrence10_k1_tropical_temperate_polar","Coolhouse","Hothouse",9,8,-0.579015747796402,10,0.00706898472795575,0.0353449236397787
"percentile_latbin_OLS","q95","Southern","occurrence10_k1_tropical_temperate_polar","Transitional","Hothouse",7,8,-0.527382668782141,13,0.0466687735890115,0.116671933972529
"percentile_latbin_OLS","q95","Southern","occurrence10_k1_tropical_temperate_polar","Warmhouse","Hothouse",8,8,-0.281982264033725,15,0.0415614684799517,0.116671933972529
"percentile_latbin_OLS","q95","Southern","occurrence10_k1_tropical_temperate_polar","Coldhouse","Hothouse",4,8,-0.31636220332297,8,0.101365085323261,0.202730170646522
"percentile_latbin_OLS","q95","Southern","occurrence10_k1_tropical_temperate_polar","Transitional","Warmhouse",7,8,-0.245400404748416,20,0.192709116184115,0.321181860306858
"percentile_latbin_OLS","q95","Southern","occurrence10_k1_tropical_temperate_polar","Coolhouse","Transitional",9,7,-0.0516330790142607,30,0.457850196765661,0.65407170966523
"percentile_latbin_OLS","q95","Southern","occurrence10_k1_tropical_temperate_polar","Coldhouse","Warmhouse",4,8,-0.0343799392892451,16,0.533837813325833,0.667297266657292
"percentile_latbin_OLS","q95","Southern","occurrence10_k1_tropical_temperate_polar","Coldhouse","Coolhouse",4,9,0.262653544473432,22,0.756273354817983,0.756273354817983
"percentile_latbin_OLS","q95","Southern","occurrence10_k1_tropical_temperate_polar","Coldhouse","Transitional",4,7,0.211020465459171,16,0.6816991837182,0.756273354817983
"percentile_latbin_OLS","q95","Southern","occurrence10_k2_tropical_temperate","Coldhouse","Hothouse",5,8,-0.935291358348117,8,0.0461461695170366,0.295530721949141
"percentile_latbin_OLS","q95","Southern","occurrence10_k2_tropical_temperate","Transitional","Hothouse",7,8,-0.805919285904954,14,0.0591061443898281,0.295530721949141
"percentile_latbin_OLS","q95","Southern","occurrence10_k2_tropical_temperate","Warmhouse","Hothouse",7,8,-0.850252666900212,16,0.0916164884644109,0.30538829488137
"percentile_latbin_OLS","q95","Southern","occurrence10_k2_tropical_temperate","Coldhouse","Coolhouse",5,10,-0.167416195676396,16,0.148930083774903,0.372325209437258
"percentile_latbin_OLS","q95","Southern","occurrence10_k2_tropical_temperate","Coolhouse","Hothouse",10,8,-0.767875162671721,30,0.199307559862863,0.398615119725725
"percentile_latbin_OLS","q95","Southern","occurrence10_k2_tropical_temperate","Coldhouse","Transitional",5,7,-0.129372072443163,14,0.313058739958369,0.447226771369099
"percentile_latbin_OLS","q95","Southern","occurrence10_k2_tropical_temperate","Coldhouse","Warmhouse",5,7,-0.0850386914479053,14,0.313058739958369,0.447226771369099
"percentile_latbin_OLS","q95","Southern","occurrence10_k2_tropical_temperate","Transitional","Warmhouse",7,7,0.0443333809952581,25,0.550836606365381,0.688545757956726
"percentile_latbin_OLS","q95","Southern","occurrence10_k2_tropical_temperate","Coolhouse","Transitional",10,7,0.038044123233233,43,0.796593491289513,0.796593491289513
"percentile_latbin_OLS","q95","Southern","occurrence10_k2_tropical_temperate","Coolhouse","Warmhouse",10,7,0.0823775042284911,43,0.796593491289513,0.796593491289513
"percentile_latbin_OLS","q95","Southern","occurrence10_k2_tropical_temperate_polar","Coolhouse","Hothouse",6,2,-1.06320431854565,0,0.0333765075848173,0.148914673178766
"percentile_latbin_OLS","q95","Southern","occurrence10_k2_tropical_temperate_polar","Transitional","Hothouse",3,2,-1.02582399171837,0,0.0744573365893828,0.148914673178766
"percentile_latbin_OLS","q95","Southern","occurrence10_k2_tropical_temperate_polar","Warmhouse","Hothouse",4,2,-0.925451742188923,0,0.0525962525600207,0.148914673178766
"percentile_latbin_OLS","q95","Southern","occurrence10_k2_tropical_temperate_polar","Coolhouse","Warmhouse",6,4,-0.137752576356727,6,0.120477334350785,0.180716001526178
"percentile_latbin_OLS","q95","Southern","occurrence10_k2_tropical_temperate_polar","Coolhouse","Transitional",6,3,-0.0373803268272823,9,0.551360519369958,0.570158102400667
"percentile_latbin_OLS","q95","Southern","occurrence10_k2_tropical_temperate_polar","Transitional","Warmhouse",3,4,-0.100372249529445,6,0.570158102400667,0.570158102400667
"percentile_latbin_OLS","q95","Southern","occurrence10_k2_tropical_temperate_polar","Coldhouse","Coolhouse",0,6,NA,NA,NA,NA
"percentile_latbin_OLS","q95","Southern","occurrence10_k2_tropical_temperate_polar","Coldhouse","Transitional",0,3,NA,NA,NA,NA
"percentile_latbin_OLS","q95","Southern","occurrence10_k2_tropical_temperate_polar","Coldhouse","Warmhouse",0,4,NA,NA,NA,NA
"percentile_latbin_OLS","q95","Southern","occurrence10_k2_tropical_temperate_polar","Coldhouse","Hothouse",0,2,NA,NA,NA,NA
"percentile_latbin_OLS","q95","Southern","occurrence10_k3_tropical_temperate","Coolhouse","Hothouse",6,4,-0.939771202161611,2,0.0214128046154457,0.0428256092308914
"percentile_latbin_OLS","q95","Southern","occurrence10_k3_tropical_temperate","Transitional","Hothouse",5,4,-0.977815325394844,0,0.00998222665260803,0.0428256092308914
"percentile_latbin_OLS","q95","Southern","occurrence10_k3_tropical_temperate","Warmhouse","Hothouse",4,4,-1.05985115170021,0,0.0151914109882887,0.0428256092308914
"percentile_latbin_OLS","q95","Southern","occurrence10_k3_tropical_temperate","Coolhouse","Transitional",6,5,0.038044123233233,16,0.60790438529919,0.643348413060771
"percentile_latbin_OLS","q95","Southern","occurrence10_k3_tropical_temperate","Coolhouse","Warmhouse",6,4,0.120079949538602,13,0.625440433499702,0.643348413060771
"percentile_latbin_OLS","q95","Southern","occurrence10_k3_tropical_temperate","Transitional","Warmhouse",5,4,0.0820358263053692,11,0.643348413060771,0.643348413060771
"percentile_latbin_OLS","q95","Southern","occurrence10_k3_tropical_temperate","Coldhouse","Coolhouse",1,6,-0.167416195676396,NA,NA,NA
"percentile_latbin_OLS","q95","Southern","occurrence10_k3_tropical_temperate","Coldhouse","Transitional",1,5,-0.129372072443163,NA,NA,NA
"percentile_latbin_OLS","q95","Southern","occurrence10_k3_tropical_temperate","Coldhouse","Warmhouse",1,4,-0.0473362461377942,NA,NA,NA
"percentile_latbin_OLS","q95","Southern","occurrence10_k3_tropical_temperate","Coldhouse","Hothouse",1,4,-1.10718739783801,NA,NA,NA
"percentile_latbin_OLS","q95","Southern","occurrence10_k3_tropical_temperate_polar","Coolhouse","Hothouse",3,2,-0.991768393358445,0,0.0744573365893828,0.245278116806773
"percentile_latbin_OLS","q95","Southern","occurrence10_k3_tropical_temperate_polar","Transitional","Hothouse",2,2,-0.788981168716211,0,0.122639058403386,0.245278116806773
"percentile_latbin_OLS","q95","Southern","occurrence10_k3_tropical_temperate_polar","Warmhouse","Hothouse",2,2,-0.925558954969754,0,0.122639058403386,0.245278116806773
"percentile_latbin_OLS","q95","Southern","occurrence10_k3_tropical_temperate_polar","Coolhouse","Transitional",3,2,-0.202787224642234,2,0.386414996342224,0.463697995610668
"percentile_latbin_OLS","q95","Southern","occurrence10_k3_tropical_temperate_polar","Coolhouse","Warmhouse",3,2,-0.0662094383886911,2,0.386414996342224,0.463697995610668
"percentile_latbin_OLS","q95","Southern","occurrence10_k3_tropical_temperate_polar","Transitional","Warmhouse",2,2,0.136577786253543,3,0.877360941596614,0.877360941596614
"percentile_latbin_OLS","q95","Southern","occurrence10_k3_tropical_temperate_polar","Coldhouse","Coolhouse",0,3,NA,NA,NA,NA
"percentile_latbin_OLS","q95","Southern","occurrence10_k3_tropical_temperate_polar","Coldhouse","Transitional",0,2,NA,NA,NA,NA
"percentile_latbin_OLS","q95","Southern","occurrence10_k3_tropical_temperate_polar","Coldhouse","Warmhouse",0,2,NA,NA,NA,NA
"percentile_latbin_OLS","q95","Southern","occurrence10_k3_tropical_temperate_polar","Coldhouse","Hothouse",0,2,NA,NA,NA,NA
"percentile_latbin_OLS","q95","Southern","collection5_k1_tropical_temperate","Coldhouse","Hothouse",11,13,-1.00913511985304,29,0.00748022757314934,0.0748022757314934
"percentile_latbin_OLS","q95","Southern","collection5_k1_tropical_temperate","Coolhouse","Hothouse",16,13,-0.588850424213724,65,0.045673308259462,0.121557952129202
"percentile_latbin_OLS","q95","Southern","collection5_k1_tropical_temperate","Transitional","Hothouse",15,13,-0.431742024327793,61,0.048623180851681,0.121557952129202
"percentile_latbin_OLS","q95","Southern","collection5_k1_tropical_temperate","Warmhouse","Hothouse",11,13,-0.406090927259123,37,0.0244282084556685,0.121557952129202
"percentile_latbin_OLS","q95","Southern","collection5_k1_tropical_temperate","Coldhouse","Coolhouse",11,16,-0.42028469563932,61,0.0954911055790571,0.159151842631762
"percentile_latbin_OLS","q95","Southern","collection5_k1_tropical_temperate","Coldhouse","Transitional",11,15,-0.577393095525252,55,0.0805624746445259,0.159151842631762
"percentile_latbin_OLS","q95","Southern","collection5_k1_tropical_temperate","Coldhouse","Warmhouse",11,11,-0.603044192593922,43,0.132145761866991,0.166795362188773
"percentile_latbin_OLS","q95","Southern","collection5_k1_tropical_temperate","Coolhouse","Warmhouse",16,11,-0.182759496954601,65,0.133436289751018,0.166795362188773
"percentile_latbin_OLS","q95","Southern","collection5_k1_tropical_temperate","Coolhouse","Transitional",16,15,-0.157108399885932,98,0.197700873599423,0.219667637332692
"percentile_latbin_OLS","q95","Southern","collection5_k1_tropical_temperate","Transitional","Warmhouse",15,11,-0.0256510970686696,82,0.5,0.5
"percentile_latbin_OLS","q95","Southern","collection5_k1_tropical_temperate_polar","Coolhouse","Warmhouse",9,7,-0.444973340386816,7,0.00553582227659594,0.0496838392270544
"percentile_latbin_OLS","q95","Southern","collection5_k1_tropical_temperate_polar","Coolhouse","Hothouse",9,7,-0.6988213541152,9,0.00993676784541088,0.0496838392270544
"percentile_latbin_OLS","q95","Southern","collection5_k1_tropical_temperate_polar","Warmhouse","Hothouse",7,7,-0.253848013728384,7,0.0149210322089771,0.0497367740299238
"percentile_latbin_OLS","q95","Southern","collection5_k1_tropical_temperate_polar","Transitional","Hothouse",9,7,-0.543506594306378,13,0.0283691106875967,0.0709227767189918
"percentile_latbin_OLS","q95","Southern","collection5_k1_tropical_temperate_polar","Coldhouse","Hothouse",4,7,-0.348238000704695,7,0.109651324839659,0.182752208066099
"percentile_latbin_OLS","q95","Southern","collection5_k1_tropical_temperate_polar","Coolhouse","Transitional",9,9,-0.155314759808822,26,0.108186504028819,0.182752208066099
"percentile_latbin_OLS","q95","Southern","collection5_k1_tropical_temperate_polar","Transitional","Warmhouse",9,7,-0.289658580577994,26,0.2983138940017,0.426162705716714
"percentile_latbin_OLS","q95","Southern","collection5_k1_tropical_temperate_polar","Coldhouse","Transitional",4,9,0.195268593601683,18,0.530748557610764,0.663435697013455
"percentile_latbin_OLS","q95","Southern","collection5_k1_tropical_temperate_polar","Coldhouse","Warmhouse",4,7,-0.0943899869763107,15,0.611592997922259,0.679547775469177
"percentile_latbin_OLS","q95","Southern","collection5_k1_tropical_temperate_polar","Coldhouse","Coolhouse",4,9,0.350583353410505,23,0.801967089645531,0.801967089645531
"percentile_latbin_OLS","q95","Southern","collection5_k2_tropical_temperate","Coldhouse","Hothouse",4,6,-1.36795977636814,3,0.0349771792900052,0.116590597633351
"percentile_latbin_OLS","q95","Southern","collection5_k2_tropical_temperate","Transitional","Hothouse",7,6,-0.911262498948138,7,0.0268920444311991,0.116590597633351
"percentile_latbin_OLS","q95","Southern","collection5_k2_tropical_temperate","Warmhouse","Hothouse",7,6,-0.869920600397944,6,0.0191593815747068,0.116590597633351
"percentile_latbin_OLS","q95","Southern","collection5_k2_tropical_temperate","Coldhouse","Coolhouse",4,10,-0.594159998020052,11,0.114665971195824,0.229331942391648
"percentile_latbin_OLS","q95","Southern","collection5_k2_tropical_temperate","Coolhouse","Hothouse",10,6,-0.773799778348087,18,0.106134571445986,0.229331942391648
"percentile_latbin_OLS","q95","Southern","collection5_k2_tropical_temperate","Coldhouse","Warmhouse",4,7,-0.498039175970195,9,0.197545792452075,0.329242987420125
"percentile_latbin_OLS","q95","Southern","collection5_k2_tropical_temperate","Coldhouse","Transitional",4,7,-0.45669727742,10,0.254165786776073,0.363093981108675
"percentile_latbin_OLS","q95","Southern","collection5_k2_tropical_temperate","Transitional","Warmhouse",7,7,-0.0413418985501942,22,0.399148923664263,0.498936154580329
"percentile_latbin_OLS","q95","Southern","collection5_k2_tropical_temperate","Coolhouse","Warmhouse",10,7,0.0961208220498574,40,0.704278130048988,0.782531255609987
"percentile_latbin_OLS","q95","Southern","collection5_k2_tropical_temperate","Coolhouse","Transitional",10,7,0.137462720600052,43,0.796593491289513,0.796593491289513
"percentile_latbin_OLS","q95","Southern","collection5_k2_tropical_temperate_polar","Coolhouse","Hothouse",6,3,-0.763952027443471,0,0.0140929010739537,0.0845574064437222
"percentile_latbin_OLS","q95","Southern","collection5_k2_tropical_temperate_polar","Warmhouse","Hothouse",3,3,-0.431072051968222,0,0.0404277991850261,0.121283397555078
"percentile_latbin_OLS","q95","Southern","collection5_k2_tropical_temperate_polar","Coolhouse","Warmhouse",6,3,-0.332879975475249,3,0.077790173896099,0.142822697869143
"percentile_latbin_OLS","q95","Southern","collection5_k2_tropical_temperate_polar","Transitional","Hothouse",3,3,-0.776658594502276,1,0.095215131912762,0.142822697869143
"percentile_latbin_OLS","q95","Southern","collection5_k2_tropical_temperate_polar","Coolhouse","Transitional",6,3,0.0127065670588053,7,0.349267679151669,0.419121214982003
"percentile_latbin_OLS","q95","Southern","collection5_k2_tropical_temperate_polar","Transitional","Warmhouse",3,3,-0.345586542534054,4,0.5,0.5
"percentile_latbin_OLS","q95","Southern","collection5_k2_tropical_temperate_polar","Coldhouse","Coolhouse",1,6,0.519880568101381,NA,NA,NA
"percentile_latbin_OLS","q95","Southern","collection5_k2_tropical_temperate_polar","Coldhouse","Transitional",1,3,0.532587135160186,NA,NA,NA
"percentile_latbin_OLS","q95","Southern","collection5_k2_tropical_temperate_polar","Coldhouse","Warmhouse",1,3,0.187000592626132,NA,NA,NA
"percentile_latbin_OLS","q95","Southern","collection5_k2_tropical_temperate_polar","Coldhouse","Hothouse",1,3,-0.24407145934209,NA,NA,NA
"percentile_latbin_OLS","q95","Southern","collection5_k3_tropical_temperate","Coolhouse","Hothouse",5,4,-0.780667682137,0,0.00998222665260803,0.0455742329648662
"percentile_latbin_OLS","q95","Southern","collection5_k3_tropical_temperate","Warmhouse","Hothouse",4,4,-0.833220296171405,0,0.0151914109882887,0.0455742329648662
"percentile_latbin_OLS","q95","Southern","collection5_k3_tropical_temperate","Transitional","Hothouse",4,4,-0.912850110676756,1,0.030300984856003,0.0606019697120061
"percentile_latbin_OLS","q95","Southern","collection5_k3_tropical_temperate","Coolhouse","Warmhouse",5,4,0.0525526140344052,9,0.45126162508884,0.541513950106608
"percentile_latbin_OLS","q95","Southern","collection5_k3_tropical_temperate","Transitional","Warmhouse",4,4,-0.0796298145053512,7,0.442616957236601,0.541513950106608
"percentile_latbin_OLS","q95","Southern","collection5_k3_tropical_temperate","Coolhouse","Transitional",5,4,0.132182428539756,11,0.643348413060771,0.643348413060771
"percentile_latbin_OLS","q95","Southern","collection5_k3_tropical_temperate","Coldhouse","Coolhouse",0,5,NA,NA,NA,NA
"percentile_latbin_OLS","q95","Southern","collection5_k3_tropical_temperate","Coldhouse","Transitional",0,4,NA,NA,NA,NA
"percentile_latbin_OLS","q95","Southern","collection5_k3_tropical_temperate","Coldhouse","Warmhouse",0,4,NA,NA,NA,NA
"percentile_latbin_OLS","q95","Southern","collection5_k3_tropical_temperate","Coldhouse","Hothouse",0,4,NA,NA,NA,NA
"percentile_latbin_OLS","q95","Southern","collection5_k3_tropical_temperate_polar","Coolhouse","Hothouse",3,2,-0.97202413263138,0,0.0744573365893828,0.0744573365893828
"percentile_latbin_OLS","q95","Southern","collection5_k3_tropical_temperate_polar","Coldhouse","Coolhouse",0,3,NA,NA,NA,NA
"percentile_latbin_OLS","q95","Southern","collection5_k3_tropical_temperate_polar","Coldhouse","Transitional",0,1,NA,NA,NA,NA
"percentile_latbin_OLS","q95","Southern","collection5_k3_tropical_temperate_polar","Coldhouse","Warmhouse",0,1,NA,NA,NA,NA
"percentile_latbin_OLS","q95","Southern","collection5_k3_tropical_temperate_polar","Coldhouse","Hothouse",0,2,NA,NA,NA,NA
"percentile_latbin_OLS","q95","Southern","collection5_k3_tropical_temperate_polar","Coolhouse","Transitional",3,1,-0.505633721175129,NA,NA,NA
"percentile_latbin_OLS","q95","Southern","collection5_k3_tropical_temperate_polar","Coolhouse","Warmhouse",3,1,-0.20125591814509,NA,NA,NA
"percentile_latbin_OLS","q95","Southern","collection5_k3_tropical_temperate_polar","Transitional","Warmhouse",1,1,0.304377803030039,NA,NA,NA
"percentile_latbin_OLS","q95","Southern","collection5_k3_tropical_temperate_polar","Transitional","Hothouse",1,2,-0.466390411456251,NA,NA,NA
"percentile_latbin_OLS","q95","Southern","collection5_k3_tropical_temperate_polar","Warmhouse","Hothouse",1,2,-0.77076821448629,NA,NA,NA
"percentile_latbin_OLS","q95","Southern","collection10_k1_tropical_temperate","Coolhouse","Warmhouse",15,7,-0.619094459204166,5,0.000461398197388425,0.00241310877012159
"percentile_latbin_OLS","q95","Southern","collection10_k1_tropical_temperate","Coolhouse","Hothouse",15,10,-1.11799397798919,15,0.000482621754024318,0.00241310877012159
"percentile_latbin_OLS","q95","Southern","collection10_k1_tropical_temperate","Coldhouse","Hothouse",5,10,-1.57257661253818,6,0.0117324891443428,0.0391082971478094
"percentile_latbin_OLS","q95","Southern","collection10_k1_tropical_temperate","Coldhouse","Warmhouse",5,7,-1.07367709375316,7,0.052188343299878,0.107404636330254
"percentile_latbin_OLS","q95","Southern","collection10_k1_tropical_temperate","Coolhouse","Transitional",15,9,-0.324434707440493,40,0.0537023181651268,0.107404636330254
"percentile_latbin_OLS","q95","Southern","collection10_k1_tropical_temperate","Coldhouse","Transitional",5,9,-0.779017341989482,12,0.0912112197258678,0.146905128298111
"percentile_latbin_OLS","q95","Southern","collection10_k1_tropical_temperate","Transitional","Hothouse",9,10,-0.793559270548697,29,0.102833589808678,0.146905128298111
"percentile_latbin_OLS","q95","Southern","collection10_k1_tropical_temperate","Warmhouse","Hothouse",7,10,-0.498899518785024,24,0.152753543430627,0.190941929288284
"percentile_latbin_OLS","q95","Southern","collection10_k1_tropical_temperate","Transitional","Warmhouse",9,7,-0.294659751763673,28,0.3754117594495,0.417124177166112
"percentile_latbin_OLS","q95","Southern","collection10_k1_tropical_temperate","Coldhouse","Coolhouse",5,15,-0.454582634548989,37,0.5,0.5
"percentile_latbin_OLS","q95","Southern","collection10_k1_tropical_temperate_polar","Coolhouse","Hothouse",7,3,-1.2187534166357,0,0.0113272470400447,0.0863832120298495
"percentile_latbin_OLS","q95","Southern","collection10_k1_tropical_temperate_polar","Transitional","Hothouse",5,3,-1.13581042686338,0,0.0184442128535249,0.0863832120298495
"percentile_latbin_OLS","q95","Southern","collection10_k1_tropical_temperate_polar","Warmhouse","Hothouse",4,3,-0.86077656384269,0,0.0259149636089548,0.0863832120298495
"percentile_latbin_OLS","q95","Southern","collection10_k1_tropical_temperate_polar","Coolhouse","Warmhouse",7,4,-0.357976852793009,4,0.0363004697249787,0.0907511743124467
"percentile_latbin_OLS","q95","Southern","collection10_k1_tropical_temperate_polar","Coldhouse","Hothouse",2,3,-0.731010807325725,0,0.0744573365893828,0.148914673178766
"percentile_latbin_OLS","q95","Southern","collection10_k1_tropical_temperate_polar","Transitional","Warmhouse",5,4,-0.275033863020689,7,0.27014568730371,0.45024281217285
"percentile_latbin_OLS","q95","Southern","collection10_k1_tropical_temperate_polar","Coolhouse","Transitional",7,5,-0.0829429897723195,17,0.5,0.714285714285714
"percentile_latbin_OLS","q95","Southern","collection10_k1_tropical_temperate_polar","Coldhouse","Coolhouse",2,7,0.487742609309974,14,0.985945979926424,0.985945979926424
"percentile_latbin_OLS","q95","Southern","collection10_k1_tropical_temperate_polar","Coldhouse","Transitional",2,5,0.404799619537654,8,0.912377877299997,0.985945979926424
"percentile_latbin_OLS","q95","Southern","collection10_k1_tropical_temperate_polar","Coldhouse","Warmhouse",2,4,0.129765756516965,6,0.876420013394046,0.985945979926424
"percentile_latbin_OLS","q95","Southern","collection10_k2_tropical_temperate","Coolhouse","Warmhouse",8,7,-0.428649408922134,5,0.00460889867352746,0.0276533920411648
"percentile_latbin_OLS","q95","Southern","collection10_k2_tropical_temperate","Coolhouse","Hothouse",8,3,-1.13893533377516,0,0.00945177150556067,0.028355314516682
"percentile_latbin_OLS","q95","Southern","collection10_k2_tropical_temperate","Warmhouse","Hothouse",7,3,-0.710285924853028,1,0.0201193385598797,0.0402386771197594
"percentile_latbin_OLS","q95","Southern","collection10_k2_tropical_temperate","Transitional","Hothouse",6,3,-1.07037805174004,2,0.0466449780918023,0.0699674671377035
"percentile_latbin_OLS","q95","Southern","collection10_k2_tropical_temperate","Transitional","Warmhouse",6,7,-0.360092126887013,15,0.216017446002504,0.259220935203004
"percentile_latbin_OLS","q95","Southern","collection10_k2_tropical_temperate","Coolhouse","Transitional",8,6,-0.0685572820351218,20,0.325689223238196,0.325689223238196
"percentile_latbin_OLS","q95","Southern","collection10_k2_tropical_temperate","Coldhouse","Coolhouse",1,8,0.182336272450611,NA,NA,NA
"percentile_latbin_OLS","q95","Southern","collection10_k2_tropical_temperate","Coldhouse","Transitional",1,6,0.113778990415489,NA,NA,NA
"percentile_latbin_OLS","q95","Southern","collection10_k2_tropical_temperate","Coldhouse","Warmhouse",1,7,-0.246313136471524,NA,NA,NA
"percentile_latbin_OLS","q95","Southern","collection10_k2_tropical_temperate","Coldhouse","Hothouse",1,3,-0.956599061324551,NA,NA,NA
"percentile_latbin_OLS","q95","Southern","collection10_k2_tropical_temperate_polar","Coolhouse","Hothouse",3,2,-1.16190808703593,0,0.0744573365893828,0.223372009768148
"percentile_latbin_OLS","q95","Southern","collection10_k2_tropical_temperate_polar","Warmhouse","Hothouse",3,2,-0.794592486650243,0,0.0744573365893828,0.223372009768148
"percentile_latbin_OLS","q95","Southern","collection10_k2_tropical_temperate_polar","Transitional","Hothouse",2,2,-1.1788656320639,0,0.122639058403386,0.245278116806773
"percentile_latbin_OLS","q95","Southern","collection10_k2_tropical_temperate_polar","Coolhouse","Warmhouse",3,3,-0.367315600385692,2,0.191366544442613,0.28704981666392
"percentile_latbin_OLS","q95","Southern","collection10_k2_tropical_temperate_polar","Coolhouse","Transitional",3,2,0.0169575450279624,3,0.613585003657776,0.613585003657776
"percentile_latbin_OLS","q95","Southern","collection10_k2_tropical_temperate_polar","Transitional","Warmhouse",2,3,-0.384273145413654,3,0.613585003657776,0.613585003657776
"percentile_latbin_OLS","q95","Southern","collection10_k2_tropical_temperate_polar","Coldhouse","Coolhouse",0,3,NA,NA,NA,NA
"percentile_latbin_OLS","q95","Southern","collection10_k2_tropical_temperate_polar","Coldhouse","Transitional",0,2,NA,NA,NA,NA
"percentile_latbin_OLS","q95","Southern","collection10_k2_tropical_temperate_polar","Coldhouse","Warmhouse",0,3,NA,NA,NA,NA
"percentile_latbin_OLS","q95","Southern","collection10_k2_tropical_temperate_polar","Coldhouse","Hothouse",0,2,NA,NA,NA,NA
"percentile_latbin_OLS","q95","Southern","collection10_k3_tropical_temperate","Warmhouse","Hothouse",4,2,-0.618376796159182,1,0.123579986605954,0.123579986605954
"percentile_latbin_OLS","q95","Southern","collection10_k3_tropical_temperate","Coldhouse","Coolhouse",0,1,NA,NA,NA,NA
"percentile_latbin_OLS","q95","Southern","collection10_k3_tropical_temperate","Coldhouse","Transitional",0,1,NA,NA,NA,NA
"percentile_latbin_OLS","q95","Southern","collection10_k3_tropical_temperate","Coldhouse","Warmhouse",0,4,NA,NA,NA,NA
"percentile_latbin_OLS","q95","Southern","collection10_k3_tropical_temperate","Coldhouse","Hothouse",0,2,NA,NA,NA,NA
"percentile_latbin_OLS","q95","Southern","collection10_k3_tropical_temperate","Coolhouse","Transitional",1,1,0.885572029824146,NA,NA,NA
"percentile_latbin_OLS","q95","Southern","collection10_k3_tropical_temperate","Coolhouse","Warmhouse",1,4,-0.654144331728507,NA,NA,NA
"percentile_latbin_OLS","q95","Southern","collection10_k3_tropical_temperate","Coolhouse","Hothouse",1,2,-1.27252112788769,NA,NA,NA
"percentile_latbin_OLS","q95","Southern","collection10_k3_tropical_temperate","Transitional","Warmhouse",1,4,-1.53971636155265,NA,NA,NA
"percentile_latbin_OLS","q95","Southern","collection10_k3_tropical_temperate","Transitional","Hothouse",1,2,-2.15809315771184,NA,NA,NA
"percentile_latbin_OLS","q95","Southern","collection10_k3_tropical_temperate_polar","Coldhouse","Coolhouse",0,0,NA,NA,NA,NA
"percentile_latbin_OLS","q95","Southern","collection10_k3_tropical_temperate_polar","Coldhouse","Transitional",0,0,NA,NA,NA,NA
"percentile_latbin_OLS","q95","Southern","collection10_k3_tropical_temperate_polar","Coldhouse","Warmhouse",0,0,NA,NA,NA,NA
"percentile_latbin_OLS","q95","Southern","collection10_k3_tropical_temperate_polar","Coldhouse","Hothouse",0,2,NA,NA,NA,NA
"percentile_latbin_OLS","q95","Southern","collection10_k3_tropical_temperate_polar","Coolhouse","Transitional",0,0,NA,NA,NA,NA
"percentile_latbin_OLS","q95","Southern","collection10_k3_tropical_temperate_polar","Coolhouse","Warmhouse",0,0,NA,NA,NA,NA
"percentile_latbin_OLS","q95","Southern","collection10_k3_tropical_temperate_polar","Coolhouse","Hothouse",0,2,NA,NA,NA,NA
"percentile_latbin_OLS","q95","Southern","collection10_k3_tropical_temperate_polar","Transitional","Warmhouse",0,0,NA,NA,NA,NA
"percentile_latbin_OLS","q95","Southern","collection10_k3_tropical_temperate_polar","Transitional","Hothouse",0,2,NA,NA,NA,NA
"percentile_latbin_OLS","q95","Southern","collection10_k3_tropical_temperate_polar","Warmhouse","Hothouse",0,2,NA,NA,NA,NA
