"method_group","slope_metric","qc_name","climate_state","n","n_Northern","n_Southern","median_slope","iqr_slope"
"per_cell_all_cells_OLS","all_cells_slope","collection10_k1_tropical_temperate","Coldhouse",17,12,5,-0.676590681001998,0.57623506496195
"per_cell_all_cells_OLS","all_cells_slope","collection10_k1_tropical_temperate","Coolhouse",28,13,15,-0.362287689968671,0.686826841573129
"per_cell_all_cells_OLS","all_cells_slope","collection10_k1_tropical_temperate","Transitional",23,14,9,-0.142384657794769,0.904756745391271
"per_cell_all_cells_OLS","all_cells_slope","collection10_k1_tropical_temperate","Warmhouse",20,13,7,-0.0261838615520781,0.627594975967907
"per_cell_all_cells_OLS","all_cells_slope","collection10_k1_tropical_temperate","Hothouse",18,8,10,0.113585065286361,0.629109521477201
"per_cell_all_cells_OLS","all_cells_slope","collection10_k1_tropical_temperate_polar","Coldhouse",7,5,2,-0.556717384696376,0.664702487000636
"per_cell_all_cells_OLS","all_cells_slope","collection10_k1_tropical_temperate_polar","Coolhouse",13,6,7,-0.287712654954338,0.215297120388917
"per_cell_all_cells_OLS","all_cells_slope","collection10_k1_tropical_temperate_polar","Transitional",8,3,5,-0.390881977252373,0.379809414149932
"per_cell_all_cells_OLS","all_cells_slope","collection10_k1_tropical_temperate_polar","Warmhouse",12,8,4,-0.121720481288397,0.279391604362629
"per_cell_all_cells_OLS","all_cells_slope","collection10_k1_tropical_temperate_polar","Hothouse",6,3,3,0.116227901228834,0.515868684391988
"per_cell_all_cells_OLS","all_cells_slope","collection10_k2_tropical_temperate","Coldhouse",6,5,1,-0.494827420463952,0.456591976356491
"per_cell_all_cells_OLS","all_cells_slope","collection10_k2_tropical_temperate","Coolhouse",17,9,8,-0.284133323703642,0.588307589641805
"per_cell_all_cells_OLS","all_cells_slope","collection10_k2_tropical_temperate","Transitional",15,9,6,-0.106590812265041,0.985279361189246
"per_cell_all_cells_OLS","all_cells_slope","collection10_k2_tropical_temperate","Warmhouse",15,8,7,-0.12838346931257,0.273961577773319
"per_cell_all_cells_OLS","all_cells_slope","collection10_k2_tropical_temperate","Hothouse",6,3,3,0.185735416961088,0.40857751017163
"per_cell_all_cells_OLS","all_cells_slope","collection10_k2_tropical_temperate_polar","Coldhouse",3,3,0,-0.556717384696376,0.121826612385235
"per_cell_all_cells_OLS","all_cells_slope","collection10_k2_tropical_temperate_polar","Coolhouse",5,2,3,-0.256054598104374,0.0533817131336557
"per_cell_all_cells_OLS","all_cells_slope","collection10_k2_tropical_temperate_polar","Transitional",3,1,2,-0.497905676827819,0.306158131059514
"per_cell_all_cells_OLS","all_cells_slope","collection10_k2_tropical_temperate_polar","Warmhouse",8,5,3,-0.234053825648353,0.190804804646364
"per_cell_all_cells_OLS","all_cells_slope","collection10_k2_tropical_temperate_polar","Hothouse",3,1,2,0.188378252903561,0.402213940232052
"per_cell_all_cells_OLS","all_cells_slope","collection10_k3_tropical_temperate","Coldhouse",2,2,0,-0.494827420463952,0.0618899642324238
"per_cell_all_cells_OLS","all_cells_slope","collection10_k3_tropical_temperate","Coolhouse",4,3,1,-0.263803046943381,0.944639096913212
"per_cell_all_cells_OLS","all_cells_slope","collection10_k3_tropical_temperate","Transitional",7,6,1,0.356398456947935,1.10909939168774
"per_cell_all_cells_OLS","all_cells_slope","collection10_k3_tropical_temperate","Warmhouse",7,3,4,-0.12838346931257,0.214741229994979
"per_cell_all_cells_OLS","all_cells_slope","collection10_k3_tropical_temperate","Hothouse",5,3,2,0.183092581018615,0.200705930044962
"per_cell_all_cells_OLS","all_cells_slope","collection10_k3_tropical_temperate_polar","Coldhouse",1,1,0,-0.432937456231528,0
"per_cell_all_cells_OLS","all_cells_slope","collection10_k3_tropical_temperate_polar","Warmhouse",3,3,0,-0.25137627406103,0.0780288004429943
"per_cell_all_cells_OLS","all_cells_slope","collection10_k3_tropical_temperate_polar","Hothouse",2,0,2,0.359529349348009,0.171151096444448
"per_cell_all_cells_OLS","all_cells_slope","collection5_k1_tropical_temperate","Coldhouse",24,13,11,-0.634898008263305,0.682522165498615
"per_cell_all_cells_OLS","all_cells_slope","collection5_k1_tropical_temperate","Coolhouse",30,14,16,-0.279132762617142,0.435216234707752
"per_cell_all_cells_OLS","all_cells_slope","collection5_k1_tropical_temperate","Transitional",31,16,15,-0.154980068798748,0.520409416206657
"per_cell_all_cells_OLS","all_cells_slope","collection5_k1_tropical_temperate","Warmhouse",25,14,11,-0.0726163230374086,0.329459983608571
"per_cell_all_cells_OLS","all_cells_slope","collection5_k1_tropical_temperate","Hothouse",22,9,13,0.0383829029394349,0.473800173129726
"per_cell_all_cells_OLS","all_cells_slope","collection5_k1_tropical_temperate_polar","Coldhouse",10,6,4,-0.561842815810951,0.338420744417786
"per_cell_all_cells_OLS","all_cells_slope","collection5_k1_tropical_temperate_polar","Coolhouse",19,10,9,-0.274809652881707,0.369391904791551
"per_cell_all_cells_OLS","all_cells_slope","collection5_k1_tropical_temperate_polar","Transitional",16,7,9,-0.175827550014583,0.381461370266661
"per_cell_all_cells_OLS","all_cells_slope","collection5_k1_tropical_temperate_polar","Warmhouse",16,9,7,-0.139211125693004,0.227905359172727
"per_cell_all_cells_OLS","all_cells_slope","collection5_k1_tropical_temperate_polar","Hothouse",11,4,7,0.0900000357828462,0.294421011585107
"per_cell_all_cells_OLS","all_cells_slope","collection5_k2_tropical_temperate","Coldhouse",11,7,4,-0.59329475099636,0.514817949477889
"per_cell_all_cells_OLS","all_cells_slope","collection5_k2_tropical_temperate","Coolhouse",21,11,10,-0.210525918701271,0.448048261564004
"per_cell_all_cells_OLS","all_cells_slope","collection5_k2_tropical_temperate","Transitional",18,11,7,-0.0856431305080617,0.456879119207667
"per_cell_all_cells_OLS","all_cells_slope","collection5_k2_tropical_temperate","Warmhouse",18,11,7,-0.143849613925915,0.423362890390531
"per_cell_all_cells_OLS","all_cells_slope","collection5_k2_tropical_temperate","Hothouse",12,6,6,0.116548152178661,0.492073786591739
"per_cell_all_cells_OLS","all_cells_slope","collection5_k2_tropical_temperate_polar","Coldhouse",4,3,1,-0.487842037143978,0.188847908635473
"per_cell_all_cells_OLS","all_cells_slope","collection5_k2_tropical_temperate_polar","Coolhouse",12,6,6,-0.197212284054072,0.186024119944873
"per_cell_all_cells_OLS","all_cells_slope","collection5_k2_tropical_temperate_polar","Transitional",6,3,3,-0.306468666403231,0.293666443303106
"per_cell_all_cells_OLS","all_cells_slope","collection5_k2_tropical_temperate_polar","Warmhouse",11,8,3,-0.155564240668246,0.34170093008304
"per_cell_all_cells_OLS","all_cells_slope","collection5_k2_tropical_temperate_polar","Hothouse",5,2,3,0.0900000357828462,0.216286933317338
"per_cell_all_cells_OLS","all_cells_slope","collection5_k3_tropical_temperate","Coldhouse",5,5,0,-0.530390880625542,0.148001557333945
"per_cell_all_cells_OLS","all_cells_slope","collection5_k3_tropical_temperate","Coolhouse",11,6,5,-0.274809652881707,0.37965479465914
"per_cell_all_cells_OLS","all_cells_slope","collection5_k3_tropical_temperate","Transitional",12,8,4,0.111327307149928,0.536291771578377
"per_cell_all_cells_OLS","all_cells_slope","collection5_k3_tropical_temperate","Warmhouse",11,7,4,-0.134182405300776,0.271453342468634
"per_cell_all_cells_OLS","all_cells_slope","collection5_k3_tropical_temperate","Hothouse",8,4,4,0.116548152178661,0.308333577182643
"per_cell_all_cells_OLS","all_cells_slope","collection5_k3_tropical_temperate_polar","Coldhouse",2,2,0,-0.487842037143978,0.0425488434815632
"per_cell_all_cells_OLS","all_cells_slope","collection5_k3_tropical_temperate_polar","Coolhouse",4,1,3,-0.134783675763955,0.0738760346913088
"per_cell_all_cells_OLS","all_cells_slope","collection5_k3_tropical_temperate_polar","Transitional",3,2,1,-0.425816420017743,0.274130851862662
"per_cell_all_cells_OLS","all_cells_slope","collection5_k3_tropical_temperate_polar","Warmhouse",6,5,1,-0.154540531609649,0.153486705714288
"per_cell_all_cells_OLS","all_cells_slope","collection5_k3_tropical_temperate_polar","Hothouse",3,1,2,0.159712235107091,0.398942274492514
"per_cell_all_cells_OLS","all_cells_slope","occurrence10_k1_tropical_temperate","Coldhouse",24,13,11,-0.564424905710538,0.581145601160121
"per_cell_all_cells_OLS","all_cells_slope","occurrence10_k1_tropical_temperate","Coolhouse",31,14,17,-0.265052870098246,0.411336707656301
"per_cell_all_cells_OLS","all_cells_slope","occurrence10_k1_tropical_temperate","Transitional",30,17,13,-0.0806238706240666,0.509719321118784
"per_cell_all_cells_OLS","all_cells_slope","occurrence10_k1_tropical_temperate","Warmhouse",25,14,11,-0.0534348153337803,0.142327388955196
"per_cell_all_cells_OLS","all_cells_slope","occurrence10_k1_tropical_temperate","Hothouse",25,11,14,-0.0251779926558864,0.516693382063092
"per_cell_all_cells_OLS","all_cells_slope","occurrence10_k1_tropical_temperate_polar","Coldhouse",9,5,4,-0.388270227865003,0.369781732432448
"per_cell_all_cells_OLS","all_cells_slope","occurrence10_k1_tropical_temperate_polar","Coolhouse",17,8,9,-0.265052870098246,0.201581950171189
"per_cell_all_cells_OLS","all_cells_slope","occurrence10_k1_tropical_temperate_polar","Transitional",15,8,7,-0.204768356733298,0.438233892745141
"per_cell_all_cells_OLS","all_cells_slope","occurrence10_k1_tropical_temperate_polar","Warmhouse",18,10,8,-0.0657723723002374,0.144871193876855
"per_cell_all_cells_OLS","all_cells_slope","occurrence10_k1_tropical_temperate_polar","Hothouse",12,4,8,0.00764435165265849,0.338505441775089
"per_cell_all_cells_OLS","all_cells_slope","occurrence10_k2_tropical_temperate","Coldhouse",12,7,5,-0.462205952523024,0.322285899492581
"per_cell_all_cells_OLS","all_cells_slope","occurrence10_k2_tropical_temperate","Coolhouse",22,12,10,-0.181928897076564,0.254936835216311
"per_cell_all_cells_OLS","all_cells_slope","occurrence10_k2_tropical_temperate","Transitional",19,12,7,-0.074477602818495,0.367811538661991
"per_cell_all_cells_OLS","all_cells_slope","occurrence10_k2_tropical_temperate","Warmhouse",17,10,7,-0.0724142286594929,0.218452349960712
"per_cell_all_cells_OLS","all_cells_slope","occurrence10_k2_tropical_temperate","Hothouse",14,6,8,-0.0123392728632463,0.488925802821161
"per_cell_all_cells_OLS","all_cells_slope","occurrence10_k2_tropical_temperate_polar","Coldhouse",4,4,0,-0.478184352279372,0.186763414531702
"per_cell_all_cells_OLS","all_cells_slope","occurrence10_k2_tropical_temperate_polar","Coolhouse",10,4,6,-0.181928897076564,0.155085473161907
"per_cell_all_cells_OLS","all_cells_slope","occurrence10_k2_tropical_temperate_polar","Transitional",8,5,3,-0.177831873229135,0.431075457277863
"per_cell_all_cells_OLS","all_cells_slope","occurrence10_k2_tropical_temperate_polar","Warmhouse",9,5,4,-0.126599056567907,0.151486420796987
"per_cell_all_cells_OLS","all_cells_slope","occurrence10_k2_tropical_temperate_polar","Hothouse",5,3,2,-0.020285994000415,0.240312922334963
"per_cell_all_cells_OLS","all_cells_slope","occurrence10_k3_tropical_temperate","Coldhouse",6,5,1,-0.382471788332543,0.280235519090566
"per_cell_all_cells_OLS","all_cells_slope","occurrence10_k3_tropical_temperate","Coolhouse",12,6,6,-0.226213502522827,0.324357844447708
"per_cell_all_cells_OLS","all_cells_slope","occurrence10_k3_tropical_temperate","Transitional",12,7,5,-0.0224994989970696,0.433372787350224
"per_cell_all_cells_OLS","all_cells_slope","occurrence10_k3_tropical_temperate","Warmhouse",10,6,4,-0.0591509049480807,0.178936007051245
"per_cell_all_cells_OLS","all_cells_slope","occurrence10_k3_tropical_temperate","Hothouse",8,4,4,0.0533712000580115,0.384071286391579
"per_cell_all_cells_OLS","all_cells_slope","occurrence10_k3_tropical_temperate_polar","Coldhouse",2,2,0,-0.48625624415284,0.097986016287837
"per_cell_all_cells_OLS","all_cells_slope","occurrence10_k3_tropical_temperate_polar","Coolhouse",3,0,3,-0.187374134947407,0.0844405244551393
"per_cell_all_cells_OLS","all_cells_slope","occurrence10_k3_tropical_temperate_polar","Transitional",4,2,2,-0.275071662434345,0.431075457277863
"per_cell_all_cells_OLS","all_cells_slope","occurrence10_k3_tropical_temperate_polar","Warmhouse",5,3,2,-0.126599056567907,0.142327388955196
"per_cell_all_cells_OLS","all_cells_slope","occurrence10_k3_tropical_temperate_polar","Hothouse",3,1,2,0.111134951842101,0.333690230001696
"per_cell_all_cells_OLS","all_cells_slope","occurrence5_k1_tropical_temperate","Coldhouse",25,14,11,-0.497299209818183,0.503271941288853
"per_cell_all_cells_OLS","all_cells_slope","occurrence5_k1_tropical_temperate","Coolhouse",32,15,17,-0.206650299214319,0.313377596254517
"per_cell_all_cells_OLS","all_cells_slope","occurrence5_k1_tropical_temperate","Transitional",32,17,15,-0.119233702680854,0.339369431147534
"per_cell_all_cells_OLS","all_cells_slope","occurrence5_k1_tropical_temperate","Warmhouse",26,14,12,-0.0817143730341044,0.241569411413811
"per_cell_all_cells_OLS","all_cells_slope","occurrence5_k1_tropical_temperate","Hothouse",25,11,14,-0.0730035922768525,0.299049039138102
"per_cell_all_cells_OLS","all_cells_slope","occurrence5_k1_tropical_temperate_polar","Coldhouse",10,6,4,-0.455210050718687,0.291017160498802
"per_cell_all_cells_OLS","all_cells_slope","occurrence5_k1_tropical_temperate_polar","Coolhouse",20,11,9,-0.265725930733195,0.273915447579023
"per_cell_all_cells_OLS","all_cells_slope","occurrence5_k1_tropical_temperate_polar","Transitional",18,8,10,-0.169249316792134,0.201489460008755
"per_cell_all_cells_OLS","all_cells_slope","occurrence5_k1_tropical_temperate_polar","Warmhouse",18,10,8,-0.133439863815744,0.259357338462027
"per_cell_all_cells_OLS","all_cells_slope","occurrence5_k1_tropical_temperate_polar","Hothouse",14,4,10,0.0287445356815703,0.219215251688481
"per_cell_all_cells_OLS","all_cells_slope","occurrence5_k2_tropical_temperate","Coldhouse",18,10,8,-0.565283326479493,0.515721373649114
"per_cell_all_cells_OLS","all_cells_slope","occurrence5_k2_tropical_temperate","Coolhouse",24,12,12,-0.180232525738845,0.256732844781343
"per_cell_all_cells_OLS","all_cells_slope","occurrence5_k2_tropical_temperate","Transitional",21,14,7,-0.0921475333214583,0.367543616099435
"per_cell_all_cells_OLS","all_cells_slope","occurrence5_k2_tropical_temperate","Warmhouse",19,12,7,-0.136568795581406,0.375057401588414
"per_cell_all_cells_OLS","all_cells_slope","occurrence5_k2_tropical_temperate","Hothouse",18,7,11,-0.0245294510826867,0.226553398227315
"per_cell_all_cells_OLS","all_cells_slope","occurrence5_k2_tropical_temperate_polar","Coldhouse",6,5,1,-0.455210050718687,0.16781854030361
"per_cell_all_cells_OLS","all_cells_slope","occurrence5_k2_tropical_temperate_polar","Coolhouse",12,6,6,-0.190645385814683,0.156742710765057
"per_cell_all_cells_OLS","all_cells_slope","occurrence5_k2_tropical_temperate_polar","Transitional",8,5,3,-0.173128720880052,0.22511630540795
"per_cell_all_cells_OLS","all_cells_slope","occurrence5_k2_tropical_temperate_polar","Warmhouse",12,8,4,-0.161151899369823,0.313199584011913
"per_cell_all_cells_OLS","all_cells_slope","occurrence5_k2_tropical_temperate_polar","Hothouse",10,4,6,-0.0245294510826867,0.193888002519031
"per_cell_all_cells_OLS","all_cells_slope","occurrence5_k3_tropical_temperate","Coldhouse",7,5,2,-0.383079510079784,0.148161628569546
"per_cell_all_cells_OLS","all_cells_slope","occurrence5_k3_tropical_temperate","Coolhouse",14,7,7,-0.265725930733195,0.302602751897715
"per_cell_all_cells_OLS","all_cells_slope","occurrence5_k3_tropical_temperate","Transitional",14,9,5,-0.0892695327293528,0.418604205353794
"per_cell_all_cells_OLS","all_cells_slope","occurrence5_k3_tropical_temperate","Warmhouse",12,8,4,-0.123092775590832,0.20238955689653
"per_cell_all_cells_OLS","all_cells_slope","occurrence5_k3_tropical_temperate","Hothouse",10,4,6,-0.0245294510826867,0.226553398227315
"per_cell_all_cells_OLS","all_cells_slope","occurrence5_k3_tropical_temperate_polar","Coldhouse",2,2,0,-0.433043793320815,0.0642554164973672
"per_cell_all_cells_OLS","all_cells_slope","occurrence5_k3_tropical_temperate_polar","Coolhouse",7,3,4,-0.265409970842257,0.231074992190794
"per_cell_all_cells_OLS","all_cells_slope","occurrence5_k3_tropical_temperate_polar","Transitional",4,2,2,-0.213174216903933,0.257666113719674
"per_cell_all_cells_OLS","all_cells_slope","occurrence5_k3_tropical_temperate_polar","Warmhouse",7,5,2,-0.158986386125853,0.085310704096098
"per_cell_all_cells_OLS","all_cells_slope","occurrence5_k3_tropical_temperate_polar","Hothouse",4,2,2,0.015768106886713,0.276986643003497
"per_cell_balanced_resampling_OLS","median_resampled_slope","collection10_k1_tropical_temperate","Coldhouse",17,12,5,-0.497473788276076,0.650605934527401
"per_cell_balanced_resampling_OLS","median_resampled_slope","collection10_k1_tropical_temperate","Coolhouse",28,13,15,-0.358541647077172,0.791681918352795
"per_cell_balanced_resampling_OLS","median_resampled_slope","collection10_k1_tropical_temperate","Transitional",23,14,9,-0.0806550933586643,0.609959107919726
"per_cell_balanced_resampling_OLS","median_resampled_slope","collection10_k1_tropical_temperate","Warmhouse",20,13,7,0.100213564726496,0.57290822882405
"per_cell_balanced_resampling_OLS","median_resampled_slope","collection10_k1_tropical_temperate","Hothouse",18,8,10,0.111205038646274,0.727273751911122
"per_cell_balanced_resampling_OLS","median_resampled_slope","collection10_k1_tropical_temperate_polar","Coldhouse",7,5,2,-0.497473788276076,0.527522941085065
"per_cell_balanced_resampling_OLS","median_resampled_slope","collection10_k1_tropical_temperate_polar","Coolhouse",13,6,7,-0.289091418468634,0.390037316238623
"per_cell_balanced_resampling_OLS","median_resampled_slope","collection10_k1_tropical_temperate_polar","Transitional",8,3,5,-0.350062364835763,0.129669221884222
"per_cell_balanced_resampling_OLS","median_resampled_slope","collection10_k1_tropical_temperate_polar","Warmhouse",12,8,4,0.0197170132790654,0.41995718528021
"per_cell_balanced_resampling_OLS","median_resampled_slope","collection10_k1_tropical_temperate_polar","Hothouse",6,3,3,0.0644032286867417,0.668348443699739
"per_cell_balanced_resampling_OLS","median_resampled_slope","collection10_k2_tropical_temperate","Coldhouse",6,5,1,-0.400486348828578,0.461809288952552
"per_cell_balanced_resampling_OLS","median_resampled_slope","collection10_k2_tropical_temperate","Coolhouse",17,9,8,-0.289091418468634,0.889561365212771
"per_cell_balanced_resampling_OLS","median_resampled_slope","collection10_k2_tropical_temperate","Transitional",15,9,6,-0.0361228284828625,0.759876664352456
"per_cell_balanced_resampling_OLS","median_resampled_slope","collection10_k2_tropical_temperate","Warmhouse",15,8,7,-0.0521397541648287,0.468180573333464
"per_cell_balanced_resampling_OLS","median_resampled_slope","collection10_k2_tropical_temperate","Hothouse",6,3,3,0.198518310006516,0.596379850942706
"per_cell_balanced_resampling_OLS","median_resampled_slope","collection10_k2_tropical_temperate_polar","Coldhouse",3,3,0,-0.497473788276076,0.202219973821365
"per_cell_balanced_resampling_OLS","median_resampled_slope","collection10_k2_tropical_temperate_polar","Coolhouse",5,2,3,-0.218543162196601,0.231617833228122
"per_cell_balanced_resampling_OLS","median_resampled_slope","collection10_k2_tropical_temperate_polar","Transitional",3,1,2,-0.340067887183884,0.266723956527892
"per_cell_balanced_resampling_OLS","median_resampled_slope","collection10_k2_tropical_temperate_polar","Warmhouse",8,5,3,-0.0602538411317844,0.492022353108041
"per_cell_balanced_resampling_OLS","median_resampled_slope","collection10_k2_tropical_temperate_polar","Hothouse",3,1,2,0.285783179060424,0.439890891465923
"per_cell_balanced_resampling_OLS","median_resampled_slope","collection10_k3_tropical_temperate","Coldhouse",2,2,0,-0.400486348828578,0.0969874394474984
"per_cell_balanced_resampling_OLS","median_resampled_slope","collection10_k3_tropical_temperate","Coolhouse",4,3,1,-0.360857336743369,0.709325961178172
"per_cell_balanced_resampling_OLS","median_resampled_slope","collection10_k3_tropical_temperate","Transitional",7,6,1,0.193640202128949,0.884963304149737
"per_cell_balanced_resampling_OLS","median_resampled_slope","collection10_k3_tropical_temperate","Warmhouse",7,3,4,-0.0683679280987402,0.255103561625289
"per_cell_balanced_resampling_OLS","median_resampled_slope","collection10_k3_tropical_temperate","Hothouse",5,3,2,0.111253440952609,0.437522025296616
"per_cell_balanced_resampling_OLS","median_resampled_slope","collection10_k3_tropical_temperate_polar","Coldhouse",1,1,0,-0.30349890938108,0
"per_cell_balanced_resampling_OLS","median_resampled_slope","collection10_k3_tropical_temperate_polar","Warmhouse",3,3,0,-0.0683679280987402,0.177640391557219
"per_cell_balanced_resampling_OLS","median_resampled_slope","collection10_k3_tropical_temperate_polar","Hothouse",2,0,2,0.435520444022617,0.149737264962193
"per_cell_balanced_resampling_OLS","median_resampled_slope","collection5_k1_tropical_temperate","Coldhouse",24,13,11,-0.512983543893595,0.603520675976628
"per_cell_balanced_resampling_OLS","median_resampled_slope","collection5_k1_tropical_temperate","Coolhouse",30,14,16,-0.213043175885298,0.522959572773892
"per_cell_balanced_resampling_OLS","median_resampled_slope","collection5_k1_tropical_temperate","Transitional",31,16,15,-0.0626014622845541,0.337994441970873
"per_cell_balanced_resampling_OLS","median_resampled_slope","collection5_k1_tropical_temperate","Warmhouse",25,14,11,0.0218141388002568,0.412385366284316
"per_cell_balanced_resampling_OLS","median_resampled_slope","collection5_k1_tropical_temperate","Hothouse",22,9,13,-0.00347449090199831,0.422247626725537
"per_cell_balanced_resampling_OLS","median_resampled_slope","collection5_k1_tropical_temperate_polar","Coldhouse",10,6,4,-0.469054943232396,0.381718973965192
"per_cell_balanced_resampling_OLS","median_resampled_slope","collection5_k1_tropical_temperate_polar","Coolhouse",19,10,9,-0.215560700833928,0.340309346819226
"per_cell_balanced_resampling_OLS","median_resampled_slope","collection5_k1_tropical_temperate_polar","Transitional",16,7,9,-0.17904666789962,0.284218618920023
"per_cell_balanced_resampling_OLS","median_resampled_slope","collection5_k1_tropical_temperate_polar","Warmhouse",16,9,7,-0.0125602513143986,0.276117176322459
"per_cell_balanced_resampling_OLS","median_resampled_slope","collection5_k1_tropical_temperate_polar","Hothouse",11,4,7,0.0386411212942592,0.388702498584089
"per_cell_balanced_resampling_OLS","median_resampled_slope","collection5_k2_tropical_temperate","Coldhouse",11,7,4,-0.483341820774913,0.412531672299201
"per_cell_balanced_resampling_OLS","median_resampled_slope","collection5_k2_tropical_temperate","Coolhouse",21,11,10,-0.193575243117885,0.505132381123227
"per_cell_balanced_resampling_OLS","median_resampled_slope","collection5_k2_tropical_temperate","Transitional",18,11,7,-0.0310261979423281,0.376699710948723
"per_cell_balanced_resampling_OLS","median_resampled_slope","collection5_k2_tropical_temperate","Warmhouse",18,11,7,-0.0674760431969572,0.440773322299336
"per_cell_balanced_resampling_OLS","median_resampled_slope","collection5_k2_tropical_temperate","Hothouse",12,6,6,0.00108529042745206,0.381501623361425
"per_cell_balanced_resampling_OLS","median_resampled_slope","collection5_k2_tropical_temperate_polar","Coldhouse",4,3,1,-0.469054943232396,0.141723528787687
"per_cell_balanced_resampling_OLS","median_resampled_slope","collection5_k2_tropical_temperate_polar","Coolhouse",12,6,6,-0.202050447027276,0.100151272774154
"per_cell_balanced_resampling_OLS","median_resampled_slope","collection5_k2_tropical_temperate_polar","Transitional",6,3,3,-0.179411100445625,0.305732063677953
"per_cell_balanced_resampling_OLS","median_resampled_slope","collection5_k2_tropical_temperate_polar","Warmhouse",11,8,3,-0.0765783758586405,0.417286781391606
"per_cell_balanced_resampling_OLS","median_resampled_slope","collection5_k2_tropical_temperate_polar","Hothouse",5,2,3,0.0386411212942592,0.280188553659662
"per_cell_balanced_resampling_OLS","median_resampled_slope","collection5_k3_tropical_temperate","Coldhouse",5,5,0,-0.483341820774913,0.0878572013223982
"per_cell_balanced_resampling_OLS","median_resampled_slope","collection5_k3_tropical_temperate","Coolhouse",11,6,5,-0.215560700833928,0.329935115928746
"per_cell_balanced_resampling_OLS","median_resampled_slope","collection5_k3_tropical_temperate","Transitional",12,8,4,0.00817082214600887,0.452875049860624
"per_cell_balanced_resampling_OLS","median_resampled_slope","collection5_k3_tropical_temperate","Warmhouse",11,7,4,-0.0583737105352738,0.308526059347525
"per_cell_balanced_resampling_OLS","median_resampled_slope","collection5_k3_tropical_temperate","Hothouse",8,4,4,0.00108529042745206,0.349688397890483
"per_cell_balanced_resampling_OLS","median_resampled_slope","collection5_k3_tropical_temperate_polar","Coldhouse",2,2,0,-0.469054943232396,0.0142868775425168
"per_cell_balanced_resampling_OLS","median_resampled_slope","collection5_k3_tropical_temperate_polar","Coolhouse",4,1,3,-0.139227442181894,0.151852200939375
"per_cell_balanced_resampling_OLS","median_resampled_slope","collection5_k3_tropical_temperate_polar","Transitional",3,2,1,-0.429985031879422,0.199308925448821
"per_cell_balanced_resampling_OLS","median_resampled_slope","collection5_k3_tropical_temperate_polar","Warmhouse",6,5,1,-0.00191415139927501,0.246238840550563
"per_cell_balanced_resampling_OLS","median_resampled_slope","collection5_k3_tropical_temperate_polar","Hothouse",3,1,2,0.211173292238362,0.363215158543505
"per_cell_balanced_resampling_OLS","median_resampled_slope","occurrence10_k1_tropical_temperate","Coldhouse",24,13,11,-0.427411436684197,0.502360979050395
"per_cell_balanced_resampling_OLS","median_resampled_slope","occurrence10_k1_tropical_temperate","Coolhouse",31,14,17,-0.18930667256119,0.345808613511573
"per_cell_balanced_resampling_OLS","median_resampled_slope","occurrence10_k1_tropical_temperate","Transitional",30,17,13,-0.0793771149287706,0.350109577769237
"per_cell_balanced_resampling_OLS","median_resampled_slope","occurrence10_k1_tropical_temperate","Warmhouse",25,14,11,0.0720535172346058,0.233922697237719
"per_cell_balanced_resampling_OLS","median_resampled_slope","occurrence10_k1_tropical_temperate","Hothouse",25,11,14,-0.048636088907999,0.573901248119308
"per_cell_balanced_resampling_OLS","median_resampled_slope","occurrence10_k1_tropical_temperate_polar","Coldhouse",9,5,4,-0.441234749401157,0.341584473180978
"per_cell_balanced_resampling_OLS","median_resampled_slope","occurrence10_k1_tropical_temperate_polar","Coolhouse",17,8,9,-0.203680781594504,0.186828903277022
"per_cell_balanced_resampling_OLS","median_resampled_slope","occurrence10_k1_tropical_temperate_polar","Transitional",15,8,7,-0.252206476876878,0.263068511093871
"per_cell_balanced_resampling_OLS","median_resampled_slope","occurrence10_k1_tropical_temperate_polar","Warmhouse",18,10,8,0.0212276810709695,0.216413203426457
"per_cell_balanced_resampling_OLS","median_resampled_slope","occurrence10_k1_tropical_temperate_polar","Hothouse",12,4,8,-0.00917113173576974,0.570783575648882
"per_cell_balanced_resampling_OLS","median_resampled_slope","occurrence10_k2_tropical_temperate","Coldhouse",12,7,5,-0.393303330014663,0.273335153112625
"per_cell_balanced_resampling_OLS","median_resampled_slope","occurrence10_k2_tropical_temperate","Coolhouse",22,12,10,-0.164819596380751,0.263853708305765
"per_cell_balanced_resampling_OLS","median_resampled_slope","occurrence10_k2_tropical_temperate","Transitional",19,12,7,-0.0669845966783232,0.318778162633011
"per_cell_balanced_resampling_OLS","median_resampled_slope","occurrence10_k2_tropical_temperate","Warmhouse",17,10,7,-0.0518457842344199,0.36153546465705
"per_cell_balanced_resampling_OLS","median_resampled_slope","occurrence10_k2_tropical_temperate","Hothouse",14,6,8,-0.0606398003145569,0.728540351317171
"per_cell_balanced_resampling_OLS","median_resampled_slope","occurrence10_k2_tropical_temperate_polar","Coldhouse",4,4,0,-0.467303686883561,0.0920635640137649
"per_cell_balanced_resampling_OLS","median_resampled_slope","occurrence10_k2_tropical_temperate_polar","Coolhouse",10,4,6,-0.17710640368322,0.108359265277422
"per_cell_balanced_resampling_OLS","median_resampled_slope","occurrence10_k2_tropical_temperate_polar","Transitional",8,5,3,-0.18001593376073,0.243205865914593
"per_cell_balanced_resampling_OLS","median_resampled_slope","occurrence10_k2_tropical_temperate_polar","Warmhouse",9,5,4,-0.0518457842344199,0.371653915385368
"per_cell_balanced_resampling_OLS","median_resampled_slope","occurrence10_k2_tropical_temperate_polar","Hothouse",5,3,2,-0.0726435117211147,0.329992397942697
"per_cell_balanced_resampling_OLS","median_resampled_slope","occurrence10_k3_tropical_temperate","Coldhouse",6,5,1,-0.393303330014663,0.215339933031064
"per_cell_balanced_resampling_OLS","median_resampled_slope","occurrence10_k3_tropical_temperate","Coolhouse",12,6,6,-0.177019865258722,0.18436933450345
"per_cell_balanced_resampling_OLS","median_resampled_slope","occurrence10_k3_tropical_temperate","Transitional",12,7,5,-0.0191694857155525,0.347343977471307
"per_cell_balanced_resampling_OLS","median_resampled_slope","occurrence10_k3_tropical_temperate","Warmhouse",10,6,4,0.0181125314913514,0.290247054223738
"per_cell_balanced_resampling_OLS","median_resampled_slope","occurrence10_k3_tropical_temperate","Hothouse",8,4,4,0.0808157326517721,0.674159844530616
"per_cell_balanced_resampling_OLS","median_resampled_slope","occurrence10_k3_tropical_temperate_polar","Coldhouse",2,2,0,-0.467303686883561,0.0260689374824042
"per_cell_balanced_resampling_OLS","median_resampled_slope","occurrence10_k3_tropical_temperate_polar","Coolhouse",3,0,3,-0.207551200685833,0.0500401183994752
"per_cell_balanced_resampling_OLS","median_resampled_slope","occurrence10_k3_tropical_temperate_polar","Transitional",4,2,2,-0.18001593376073,0.229468276898355
"per_cell_balanced_resampling_OLS","median_resampled_slope","occurrence10_k3_tropical_temperate_polar","Warmhouse",5,3,2,-0.0518457842344199,0.1944220718566
"per_cell_balanced_resampling_OLS","median_resampled_slope","occurrence10_k3_tropical_temperate_polar","Hothouse",3,1,2,0.210267554211543,0.438768427654917
"per_cell_balanced_resampling_OLS","median_resampled_slope","occurrence5_k1_tropical_temperate","Coldhouse",25,14,11,-0.442807816222373,0.558521519907607
"per_cell_balanced_resampling_OLS","median_resampled_slope","occurrence5_k1_tropical_temperate","Coolhouse",32,15,17,-0.196914617169581,0.230341708505055
"per_cell_balanced_resampling_OLS","median_resampled_slope","occurrence5_k1_tropical_temperate","Transitional",32,17,15,-0.102675878871232,0.261581768231493
"per_cell_balanced_resampling_OLS","median_resampled_slope","occurrence5_k1_tropical_temperate","Warmhouse",26,14,12,0.00121538164072816,0.267745887413158
"per_cell_balanced_resampling_OLS","median_resampled_slope","occurrence5_k1_tropical_temperate","Hothouse",25,11,14,-0.0699289603935365,0.31735372024605
"per_cell_balanced_resampling_OLS","median_resampled_slope","occurrence5_k1_tropical_temperate_polar","Coldhouse",10,6,4,-0.45809420353714,0.363972755310516
"per_cell_balanced_resampling_OLS","median_resampled_slope","occurrence5_k1_tropical_temperate_polar","Coolhouse",20,11,9,-0.208347371305902,0.156084679566891
"per_cell_balanced_resampling_OLS","median_resampled_slope","occurrence5_k1_tropical_temperate_polar","Transitional",18,8,10,-0.167958107893695,0.180703331972983
"per_cell_balanced_resampling_OLS","median_resampled_slope","occurrence5_k1_tropical_temperate_polar","Warmhouse",18,10,8,-0.015276428709055,0.265147802513248
"per_cell_balanced_resampling_OLS","median_resampled_slope","occurrence5_k1_tropical_temperate_polar","Hothouse",14,4,10,0.031777880657977,0.341287074506415
"per_cell_balanced_resampling_OLS","median_resampled_slope","occurrence5_k2_tropical_temperate","Coldhouse",18,10,8,-0.471648524221643,0.445522197245753
"per_cell_balanced_resampling_OLS","median_resampled_slope","occurrence5_k2_tropical_temperate","Coolhouse",24,12,12,-0.166439503824437,0.226993888306669
"per_cell_balanced_resampling_OLS","median_resampled_slope","occurrence5_k2_tropical_temperate","Transitional",21,14,7,-0.104658993953798,0.286812207348415
"per_cell_balanced_resampling_OLS","median_resampled_slope","occurrence5_k2_tropical_temperate","Warmhouse",19,12,7,-0.0281241185255166,0.320227574902115
"per_cell_balanced_resampling_OLS","median_resampled_slope","occurrence5_k2_tropical_temperate","Hothouse",18,7,11,-0.032345503142086,0.301362308983935
"per_cell_balanced_resampling_OLS","median_resampled_slope","occurrence5_k2_tropical_temperate_polar","Coldhouse",6,5,1,-0.45809420353714,0.207964901982271
"per_cell_balanced_resampling_OLS","median_resampled_slope","occurrence5_k2_tropical_temperate_polar","Coolhouse",12,6,6,-0.196914617169581,0.118683319167843
"per_cell_balanced_resampling_OLS","median_resampled_slope","occurrence5_k2_tropical_temperate_polar","Transitional",8,5,3,-0.170411323347593,0.130238348464465
"per_cell_balanced_resampling_OLS","median_resampled_slope","occurrence5_k2_tropical_temperate_polar","Warmhouse",12,8,4,-0.0842882537478561,0.292605394669688
"per_cell_balanced_resampling_OLS","median_resampled_slope","occurrence5_k2_tropical_temperate_polar","Hothouse",10,4,6,-0.00262255349790467,0.279804555313082
"per_cell_balanced_resampling_OLS","median_resampled_slope","occurrence5_k3_tropical_temperate","Coldhouse",7,5,2,-0.39731261611175,0.230306109553824
"per_cell_balanced_resampling_OLS","median_resampled_slope","occurrence5_k3_tropical_temperate","Coolhouse",14,7,7,-0.222190113318651,0.244985001474394
"per_cell_balanced_resampling_OLS","median_resampled_slope","occurrence5_k3_tropical_temperate","Transitional",14,9,5,-0.0624557623082662,0.329980690967402
"per_cell_balanced_resampling_OLS","median_resampled_slope","occurrence5_k3_tropical_temperate","Warmhouse",12,8,4,-0.00201825566729044,0.330779085080907
"per_cell_balanced_resampling_OLS","median_resampled_slope","occurrence5_k3_tropical_temperate","Hothouse",10,4,6,0.00161448704060177,0.354153966122057
"per_cell_balanced_resampling_OLS","median_resampled_slope","occurrence5_k3_tropical_temperate_polar","Coldhouse",2,2,0,-0.550560929428201,0.111409623952371
"per_cell_balanced_resampling_OLS","median_resampled_slope","occurrence5_k3_tropical_temperate_polar","Coolhouse",7,3,4,-0.200345248948167,0.133772948253045
"per_cell_balanced_resampling_OLS","median_resampled_slope","occurrence5_k3_tropical_temperate_polar","Transitional",4,2,2,-0.193821691540721,0.14866783124723
"per_cell_balanced_resampling_OLS","median_resampled_slope","occurrence5_k3_tropical_temperate_polar","Warmhouse",7,5,2,-0.0281241185255166,0.250612597588637
"per_cell_balanced_resampling_OLS","median_resampled_slope","occurrence5_k3_tropical_temperate_polar","Hothouse",4,2,2,0.00812411426261406,0.290886647940942
"percentile_latbin_OLS","q50","collection10_k1_tropical_temperate","Coldhouse",17,12,5,-0.47127686650822,0.599334018021531
"percentile_latbin_OLS","q50","collection10_k1_tropical_temperate","Coolhouse",28,13,15,-0.426942351218104,0.739547361525296
"percentile_latbin_OLS","q50","collection10_k1_tropical_temperate","Transitional",23,14,9,-0.104563218007596,0.580432379055352
"percentile_latbin_OLS","q50","collection10_k1_tropical_temperate","Warmhouse",20,13,7,0.0745705498919604,0.590523241177196
"percentile_latbin_OLS","q50","collection10_k1_tropical_temperate","Hothouse",18,8,10,0.072845864368362,0.605138759204531
"percentile_latbin_OLS","q50","collection10_k1_tropical_temperate_polar","Coldhouse",7,5,2,-0.47127686650822,0.442891748591207
"percentile_latbin_OLS","q50","collection10_k1_tropical_temperate_polar","Coolhouse",13,6,7,-0.372493464024934,0.399434758570567
"percentile_latbin_OLS","q50","collection10_k1_tropical_temperate_polar","Transitional",8,3,5,-0.342438424592451,0.275848657000006
"percentile_latbin_OLS","q50","collection10_k1_tropical_temperate_polar","Warmhouse",12,8,4,0.0301635134765044,0.4768862159503
"percentile_latbin_OLS","q50","collection10_k1_tropical_temperate_polar","Hothouse",6,3,3,0.0522792924190257,0.517466806355992
"percentile_latbin_OLS","q50","collection10_k2_tropical_temperate","Coldhouse",6,5,1,-0.456123986663453,0.379488010292333
"percentile_latbin_OLS","q50","collection10_k2_tropical_temperate","Coolhouse",17,9,8,-0.372493464024934,0.720651115588782
"percentile_latbin_OLS","q50","collection10_k2_tropical_temperate","Transitional",15,9,6,-0.0358635140367984,0.725074085645208
"percentile_latbin_OLS","q50","collection10_k2_tropical_temperate","Warmhouse",15,8,7,-0.0128887413311925,0.453261396989218
"percentile_latbin_OLS","q50","collection10_k2_tropical_temperate","Hothouse",6,3,3,0.122494345423974,0.449562082973361
"percentile_latbin_OLS","q50","collection10_k2_tropical_temperate_polar","Coldhouse",3,3,0,-0.47127686650822,0.125983384776482
"percentile_latbin_OLS","q50","collection10_k2_tropical_temperate_polar","Coolhouse",5,2,3,-0.116806104960482,0.409992932228222
"percentile_latbin_OLS","q50","collection10_k2_tropical_temperate_polar","Transitional",3,1,2,-0.365287471168333,0.456471822679869
"percentile_latbin_OLS","q50","collection10_k2_tropical_temperate_polar","Warmhouse",8,5,3,-0.0414576141594115,0.482628050607383
"percentile_latbin_OLS","q50","collection10_k2_tropical_temperate_polar","Hothouse",3,1,2,0.172568803202783,0.346504433198919
"percentile_latbin_OLS","q50","collection10_k3_tropical_temperate","Coldhouse",2,2,0,-0.456123986663453,0.0151528798447663
"percentile_latbin_OLS","q50","collection10_k3_tropical_temperate","Coolhouse",4,3,1,-0.289288826694597,0.673212303728683
"percentile_latbin_OLS","q50","collection10_k3_tropical_temperate","Transitional",7,6,1,-0.0358635140367984,0.717864056012613
"percentile_latbin_OLS","q50","collection10_k3_tropical_temperate","Warmhouse",7,3,4,-0.0756006162175165,0.352199056451738
"percentile_latbin_OLS","q50","collection10_k3_tropical_temperate","Hothouse",5,3,2,0.0724198876451649,0.274763103816388
"percentile_latbin_OLS","q50","collection10_k3_tropical_temperate_polar","Coldhouse",1,1,0,-0.440971106818687,0
"percentile_latbin_OLS","q50","collection10_k3_tropical_temperate_polar","Warmhouse",3,3,0,-0.0756006162175165,0.229342586406017
"percentile_latbin_OLS","q50","collection10_k3_tropical_temperate_polar","Hothouse",2,0,2,0.318203820683894,0.145635017481111
"percentile_latbin_OLS","q50","collection5_k1_tropical_temperate","Coldhouse",24,13,11,-0.589844931315903,0.62844997465329
"percentile_latbin_OLS","q50","collection5_k1_tropical_temperate","Coolhouse",30,14,16,-0.175427470528553,0.464500401286885
"percentile_latbin_OLS","q50","collection5_k1_tropical_temperate","Transitional",31,16,15,-0.115868370316612,0.378676826528757
"percentile_latbin_OLS","q50","collection5_k1_tropical_temperate","Warmhouse",25,14,11,-0.0241050587916993,0.379629158083695
"percentile_latbin_OLS","q50","collection5_k1_tropical_temperate","Hothouse",22,9,13,-0.0313799675919928,0.497050399079499
"percentile_latbin_OLS","q50","collection5_k1_tropical_temperate_polar","Coldhouse",10,6,4,-0.450574880889252,0.323115130259014
"percentile_latbin_OLS","q50","collection5_k1_tropical_temperate_polar","Coolhouse",19,10,9,-0.164193029404934,0.366871507352897
"percentile_latbin_OLS","q50","collection5_k1_tropical_temperate_polar","Transitional",16,7,9,-0.161171378968841,0.289369291702934
"percentile_latbin_OLS","q50","collection5_k1_tropical_temperate_polar","Warmhouse",16,9,7,-0.0301373533279472,0.329238203062892
"percentile_latbin_OLS","q50","collection5_k1_tropical_temperate_polar","Hothouse",11,4,7,-0.0311426033011834,0.323877269215551
"percentile_latbin_OLS","q50","collection5_k2_tropical_temperate","Coldhouse",11,7,4,-0.457665558558473,0.281810640319626
"percentile_latbin_OLS","q50","collection5_k2_tropical_temperate","Coolhouse",21,11,10,-0.126866512263335,0.473070301465399
"percentile_latbin_OLS","q50","collection5_k2_tropical_temperate","Transitional",18,11,7,-0.110539341488788,0.368503725899624
"percentile_latbin_OLS","q50","collection5_k2_tropical_temperate","Warmhouse",18,11,7,-0.0753517794309073,0.458517959427366
"percentile_latbin_OLS","q50","collection5_k2_tropical_temperate","Hothouse",12,6,6,-0.0313799675919928,0.362374081685134
"percentile_latbin_OLS","q50","collection5_k2_tropical_temperate_polar","Coldhouse",4,3,1,-0.450574880889252,0.131044806467529
"percentile_latbin_OLS","q50","collection5_k2_tropical_temperate_polar","Coolhouse",12,6,6,-0.142388364854428,0.154090231109416
"percentile_latbin_OLS","q50","collection5_k2_tropical_temperate_polar","Transitional",6,3,3,-0.161171378968841,0.194321922917759
"percentile_latbin_OLS","q50","collection5_k2_tropical_temperate_polar","Warmhouse",11,8,3,-0.0738517209045581,0.377413323177476
"percentile_latbin_OLS","q50","collection5_k2_tropical_temperate_polar","Hothouse",5,2,3,-0.0311426033011834,0.284193973149769
"percentile_latbin_OLS","q50","collection5_k3_tropical_temperate","Coldhouse",5,5,0,-0.457665558558473,0.162232023948637
"percentile_latbin_OLS","q50","collection5_k3_tropical_temperate","Coolhouse",11,6,5,-0.126866512263335,0.370998952977024
"percentile_latbin_OLS","q50","collection5_k3_tropical_temperate","Transitional",12,8,4,-0.0021103189898772,0.293201776857085
"percentile_latbin_OLS","q50","collection5_k3_tropical_temperate","Warmhouse",11,7,4,-0.0738517209045581,0.407694286529863
"percentile_latbin_OLS","q50","collection5_k3_tropical_temperate","Hothouse",8,4,4,-0.0313799675919928,0.353101541403957
"percentile_latbin_OLS","q50","collection5_k3_tropical_temperate_polar","Coldhouse",2,2,0,-0.526327141855098,0.0828429386350671
"percentile_latbin_OLS","q50","collection5_k3_tropical_temperate_polar","Coolhouse",4,1,3,-0.081441016258497,0.0431128863312474
"percentile_latbin_OLS","q50","collection5_k3_tropical_temperate_polar","Transitional",3,2,1,-0.1842753396414,0.184213610962617
"percentile_latbin_OLS","q50","collection5_k3_tropical_temperate_polar","Warmhouse",6,5,1,0.0098242100346371,0.297970684356698
"percentile_latbin_OLS","q50","collection5_k3_tropical_temperate_polar","Hothouse",3,1,2,0.192061707200583,0.279912123083261
"percentile_latbin_OLS","q50","occurrence10_k1_tropical_temperate","Coldhouse",24,13,11,-0.358511545545637,0.443274695430053
"percentile_latbin_OLS","q50","occurrence10_k1_tropical_temperate","Coolhouse",31,14,17,-0.14327403893913,0.372738816171597
"percentile_latbin_OLS","q50","occurrence10_k1_tropical_temperate","Transitional",30,17,13,-0.0962706599117369,0.283691491704235
"percentile_latbin_OLS","q50","occurrence10_k1_tropical_temperate","Warmhouse",25,14,11,0.0177058855859193,0.293402013940134
"percentile_latbin_OLS","q50","occurrence10_k1_tropical_temperate","Hothouse",25,11,14,-0.0263556766860535,0.511301931173625
"percentile_latbin_OLS","q50","occurrence10_k1_tropical_temperate_polar","Coldhouse",9,5,4,-0.41087529561643,0.445725879725975
"percentile_latbin_OLS","q50","occurrence10_k1_tropical_temperate_polar","Coolhouse",17,8,9,-0.14327403893913,0.250068213661256
"percentile_latbin_OLS","q50","occurrence10_k1_tropical_temperate_polar","Transitional",15,8,7,-0.155288024465263,0.258589171610849
"percentile_latbin_OLS","q50","occurrence10_k1_tropical_temperate_polar","Warmhouse",18,10,8,0.0017092820500858,0.244061028538634
"percentile_latbin_OLS","q50","occurrence10_k1_tropical_temperate_polar","Hothouse",12,4,8,-0.00509761160528294,0.438885217036819
"percentile_latbin_OLS","q50","occurrence10_k2_tropical_temperate","Coldhouse",12,7,5,-0.299509416068597,0.275222176742331
"percentile_latbin_OLS","q50","occurrence10_k2_tropical_temperate","Coolhouse",22,12,10,-0.126986577063099,0.351633511418758
"percentile_latbin_OLS","q50","occurrence10_k2_tropical_temperate","Transitional",19,12,7,-0.089185737888006,0.236773620781267
"percentile_latbin_OLS","q50","occurrence10_k2_tropical_temperate","Warmhouse",17,10,7,-0.0228736773977699,0.376933309681006
"percentile_latbin_OLS","q50","occurrence10_k2_tropical_temperate","Hothouse",14,6,8,-0.0767366454384006,0.54749852794968
"percentile_latbin_OLS","q50","occurrence10_k2_tropical_temperate_polar","Coldhouse",4,4,0,-0.518738498522791,0.250270386273127
"percentile_latbin_OLS","q50","occurrence10_k2_tropical_temperate_polar","Coolhouse",10,4,6,-0.126986577063099,0.112732881090301
"percentile_latbin_OLS","q50","occurrence10_k2_tropical_temperate_polar","Transitional",8,5,3,-0.122236881176635,0.214564740978859
"percentile_latbin_OLS","q50","occurrence10_k2_tropical_temperate_polar","Warmhouse",9,5,4,-0.0549587609294382,0.376864125009983
"percentile_latbin_OLS","q50","occurrence10_k2_tropical_temperate_polar","Hothouse",5,3,2,-0.0556402003777737,0.250189006252995
"percentile_latbin_OLS","q50","occurrence10_k3_tropical_temperate","Coldhouse",6,5,1,-0.35187316613939,0.303317499057042
"percentile_latbin_OLS","q50","occurrence10_k3_tropical_temperate","Coolhouse",12,6,6,-0.128314328437682,0.214732175499187
"percentile_latbin_OLS","q50","occurrence10_k3_tropical_temperate","Transitional",12,7,5,-0.0771104332083746,0.234908946114942
"percentile_latbin_OLS","q50","occurrence10_k3_tropical_temperate","Warmhouse",10,6,4,0.0191785875083178,0.320136919676357
"percentile_latbin_OLS","q50","occurrence10_k3_tropical_temperate","Hothouse",8,4,4,0.0483578576880969,0.456287261844967
"percentile_latbin_OLS","q50","occurrence10_k3_tropical_temperate_polar","Coldhouse",2,2,0,-0.528824329966561,0.117949034350131
"percentile_latbin_OLS","q50","occurrence10_k3_tropical_temperate_polar","Coolhouse",3,0,3,-0.127663752539838,0.0143723134561547
"percentile_latbin_OLS","q50","occurrence10_k3_tropical_temperate_polar","Transitional",4,2,2,-0.122236881176635,0.158796743833404
"percentile_latbin_OLS","q50","occurrence10_k3_tropical_temperate_polar","Warmhouse",5,3,2,-0.0549587609294382,0.298193518611397
"percentile_latbin_OLS","q50","occurrence10_k3_tropical_temperate_polar","Hothouse",3,1,2,0.152355915753968,0.255650965586813
"percentile_latbin_OLS","q50","occurrence5_k1_tropical_temperate","Coldhouse",25,14,11,-0.385949177656224,0.481996901999233
"percentile_latbin_OLS","q50","occurrence5_k1_tropical_temperate","Coolhouse",32,15,17,-0.150317508214019,0.34424488809014
"percentile_latbin_OLS","q50","occurrence5_k1_tropical_temperate","Transitional",32,17,15,-0.11174692509038,0.240988395905228
"percentile_latbin_OLS","q50","occurrence5_k1_tropical_temperate","Warmhouse",26,14,12,0.0162008109642974,0.300168448961768
"percentile_latbin_OLS","q50","occurrence5_k1_tropical_temperate","Hothouse",25,11,14,-0.0256531480300718,0.281321444175327
"percentile_latbin_OLS","q50","occurrence5_k1_tropical_temperate_polar","Coldhouse",10,6,4,-0.403059347074314,0.348884314868413
"percentile_latbin_OLS","q50","occurrence5_k1_tropical_temperate_polar","Coolhouse",20,11,9,-0.158306959013163,0.318592622546089
"percentile_latbin_OLS","q50","occurrence5_k1_tropical_temperate_polar","Transitional",18,8,10,-0.156953379795131,0.15100945297474
"percentile_latbin_OLS","q50","occurrence5_k1_tropical_temperate_polar","Warmhouse",18,10,8,-0.0327534247169138,0.275035083954503
"percentile_latbin_OLS","q50","occurrence5_k1_tropical_temperate_polar","Hothouse",14,4,10,0.00144646851502743,0.272456480504383
"percentile_latbin_OLS","q50","occurrence5_k2_tropical_temperate","Coldhouse",18,10,8,-0.403059347074314,0.48559238446735
"percentile_latbin_OLS","q50","occurrence5_k2_tropical_temperate","Coolhouse",24,12,12,-0.119479952594228,0.263956830072836
"percentile_latbin_OLS","q50","occurrence5_k2_tropical_temperate","Transitional",21,14,7,-0.140672643271563,0.263090152875595
"percentile_latbin_OLS","q50","occurrence5_k2_tropical_temperate","Warmhouse",19,12,7,-0.0472301299022027,0.327588882835572
"percentile_latbin_OLS","q50","occurrence5_k2_tropical_temperate","Hothouse",18,7,11,-0.0188952752754434,0.238759866175606
"percentile_latbin_OLS","q50","occurrence5_k2_tropical_temperate_polar","Coldhouse",6,5,1,-0.403059347074314,0.165595812804105
"percentile_latbin_OLS","q50","occurrence5_k2_tropical_temperate_polar","Coolhouse",12,6,6,-0.138625579287875,0.164136767385993
"percentile_latbin_OLS","q50","occurrence5_k2_tropical_temperate_polar","Transitional",8,5,3,-0.156953379795131,0.119075716020591
"percentile_latbin_OLS","q50","occurrence5_k2_tropical_temperate_polar","Warmhouse",12,8,4,-0.128379418583631,0.277119508234744
"percentile_latbin_OLS","q50","occurrence5_k2_tropical_temperate_polar","Hothouse",10,4,6,-0.0401447814715524,0.218296552457316
"percentile_latbin_OLS","q50","occurrence5_k3_tropical_temperate","Coldhouse",7,5,2,-0.397552069789371,0.259770376838799
"percentile_latbin_OLS","q50","occurrence5_k3_tropical_temperate","Coolhouse",14,7,7,-0.13941138113463,0.297139853562909
"percentile_latbin_OLS","q50","occurrence5_k3_tropical_temperate","Transitional",14,9,5,-0.107460015230932,0.229645879924464
"percentile_latbin_OLS","q50","occurrence5_k3_tropical_temperate","Warmhouse",12,8,4,-0.00670046639863727,0.326914098391784
"percentile_latbin_OLS","q50","occurrence5_k3_tropical_temperate","Hothouse",10,4,6,-0.00687580222062224,0.264843620887438
"percentile_latbin_OLS","q50","occurrence5_k3_tropical_temperate_polar","Coldhouse",2,2,0,-0.50581935044883,0.0972527260895726
"percentile_latbin_OLS","q50","occurrence5_k3_tropical_temperate_polar","Coolhouse",7,3,4,-0.127719452208486,0.120026608983515
"percentile_latbin_OLS","q50","occurrence5_k3_tropical_temperate_polar","Transitional",4,2,2,-0.140429798091423,0.138598520060634
"percentile_latbin_OLS","q50","occurrence5_k3_tropical_temperate_polar","Warmhouse",7,5,2,-0.0472301299022027,0.313841647795965
"percentile_latbin_OLS","q50","occurrence5_k3_tropical_temperate_polar","Hothouse",4,2,2,0.0149743215834715,0.277387167889815
"percentile_latbin_OLS","q60","collection10_k1_tropical_temperate","Coldhouse",17,12,5,-0.569595029803291,0.433281897591888
"percentile_latbin_OLS","q60","collection10_k1_tropical_temperate","Coolhouse",28,13,15,-0.443478990628034,0.797312331535529
"percentile_latbin_OLS","q60","collection10_k1_tropical_temperate","Transitional",23,14,9,-0.160791353679695,0.68485802791508
"percentile_latbin_OLS","q60","collection10_k1_tropical_temperate","Warmhouse",20,13,7,0.082292829152259,0.566336383042168
"percentile_latbin_OLS","q60","collection10_k1_tropical_temperate","Hothouse",18,8,10,0.0897564329647501,0.72911376423619
"percentile_latbin_OLS","q60","collection10_k1_tropical_temperate_polar","Coldhouse",7,5,2,-0.483515659462345,0.455741587437464
"percentile_latbin_OLS","q60","collection10_k1_tropical_temperate_polar","Coolhouse",13,6,7,-0.378607189953211,0.48226874581878
"percentile_latbin_OLS","q60","collection10_k1_tropical_temperate_polar","Transitional",8,3,5,-0.363679734462187,0.165077127708492
"percentile_latbin_OLS","q60","collection10_k1_tropical_temperate_polar","Warmhouse",12,8,4,0.0179625411301589,0.473542119322627
"percentile_latbin_OLS","q60","collection10_k1_tropical_temperate_polar","Hothouse",6,3,3,0.0783830570216071,0.646956660509338
"percentile_latbin_OLS","q60","collection10_k2_tropical_temperate","Coldhouse",6,5,1,-0.469164266152137,0.382691090139393
"percentile_latbin_OLS","q60","collection10_k2_tropical_temperate","Coolhouse",17,9,8,-0.378607189953211,0.816134398439355
"percentile_latbin_OLS","q60","collection10_k2_tropical_temperate","Transitional",15,9,6,0.156997593377858,0.801784238308266
"percentile_latbin_OLS","q60","collection10_k2_tropical_temperate","Warmhouse",15,8,7,-0.0282428772561597,0.452500896865245
"percentile_latbin_OLS","q60","collection10_k2_tropical_temperate","Hothouse",6,3,3,0.169780800380667,0.543582636885558
"percentile_latbin_OLS","q60","collection10_k2_tropical_temperate_polar","Coldhouse",3,3,0,-0.483515659462345,0.12923087362129
"percentile_latbin_OLS","q60","collection10_k2_tropical_temperate_polar","Coolhouse",5,2,3,-0.255541399895079,0.511970534877861
"percentile_latbin_OLS","q60","collection10_k2_tropical_temperate_polar","Transitional",3,1,2,-0.393206878395973,0.515151977579738
"percentile_latbin_OLS","q60","collection10_k2_tropical_temperate_polar","Warmhouse",8,5,3,-0.0509935242207186,0.458255732006848
"percentile_latbin_OLS","q60","collection10_k2_tropical_temperate_polar","Hothouse",3,1,2,0.223599898465775,0.492753127454953
"percentile_latbin_OLS","q60","collection10_k3_tropical_temperate","Coldhouse",2,2,0,-0.469164266152137,0.0143513933102078
"percentile_latbin_OLS","q60","collection10_k3_tropical_temperate","Coolhouse",4,3,1,-0.330295633011141,0.755284428598785
"percentile_latbin_OLS","q60","collection10_k3_tropical_temperate","Transitional",7,6,1,0.247315648505205,0.854649869953249
"percentile_latbin_OLS","q60","collection10_k3_tropical_temperate","Warmhouse",7,3,4,-0.0751002365143119,0.280345847628118
"percentile_latbin_OLS","q60","collection10_k3_tropical_temperate","Hothouse",5,3,2,0.115961702295559,0.29825461774505
"percentile_latbin_OLS","q60","collection10_k3_tropical_temperate_polar","Coldhouse",1,1,0,-0.454812872841929,0
"percentile_latbin_OLS","q60","collection10_k3_tropical_temperate_polar","Warmhouse",3,3,0,-0.0751002365143119,0.213302144451309
"percentile_latbin_OLS","q60","collection10_k3_tropical_temperate_polar","Hothouse",2,0,2,0.418921314821919,0.195321416356144
"percentile_latbin_OLS","q60","collection5_k1_tropical_temperate","Coldhouse",24,13,11,-0.653401482138651,0.583935906748942
"percentile_latbin_OLS","q60","collection5_k1_tropical_temperate","Coolhouse",30,14,16,-0.215053128668082,0.468030261909873
"percentile_latbin_OLS","q60","collection5_k1_tropical_temperate","Transitional",31,16,15,-0.0970649355443891,0.402634295804222
"percentile_latbin_OLS","q60","collection5_k1_tropical_temperate","Warmhouse",25,14,11,0.0165290113906329,0.36285131750526
"percentile_latbin_OLS","q60","collection5_k1_tropical_temperate","Hothouse",22,9,13,-0.0135212713687018,0.495366998787079
"percentile_latbin_OLS","q60","collection5_k1_tropical_temperate_polar","Coldhouse",10,6,4,-0.502198968605313,0.343381382020126
"percentile_latbin_OLS","q60","collection5_k1_tropical_temperate_polar","Coolhouse",19,10,9,-0.211883352503111,0.33521019387932
"percentile_latbin_OLS","q60","collection5_k1_tropical_temperate_polar","Transitional",16,7,9,-0.251909233667362,0.317596036629218
"percentile_latbin_OLS","q60","collection5_k1_tropical_temperate_polar","Warmhouse",16,9,7,-0.00867365531460401,0.280070206723594
"percentile_latbin_OLS","q60","collection5_k1_tropical_temperate_polar","Hothouse",11,4,7,0.0111460182648152,0.31690450274556
"percentile_latbin_OLS","q60","collection5_k2_tropical_temperate","Coldhouse",11,7,4,-0.543531135185429,0.367500098696175
"percentile_latbin_OLS","q60","collection5_k2_tropical_temperate","Coolhouse",21,11,10,-0.188254920888963,0.521573548837993
"percentile_latbin_OLS","q60","collection5_k2_tropical_temperate","Transitional",18,11,7,-0.0845331628906921,0.3695839027349
"percentile_latbin_OLS","q60","collection5_k2_tropical_temperate","Warmhouse",18,11,7,-0.0835884333946309,0.396816857908838
"percentile_latbin_OLS","q60","collection5_k2_tropical_temperate","Hothouse",12,6,6,-0.0135212713687018,0.421632939450253
"percentile_latbin_OLS","q60","collection5_k2_tropical_temperate_polar","Coldhouse",4,3,1,-0.436453937708122,0.174189077639986
"percentile_latbin_OLS","q60","collection5_k2_tropical_temperate_polar","Coolhouse",12,6,6,-0.190997113025143,0.142602152848621
"percentile_latbin_OLS","q60","collection5_k2_tropical_temperate_polar","Transitional",6,3,3,-0.256654410477934,0.252862816413996
"percentile_latbin_OLS","q60","collection5_k2_tropical_temperate_polar","Warmhouse",11,8,3,-0.0814583494767589,0.345552824749927
"percentile_latbin_OLS","q60","collection5_k2_tropical_temperate_polar","Hothouse",5,2,3,0.0111460182648152,0.281362186375634
"percentile_latbin_OLS","q60","collection5_k3_tropical_temperate","Coldhouse",5,5,0,-0.460866802025198,0.237449635509487
"percentile_latbin_OLS","q60","collection5_k3_tropical_temperate","Coolhouse",11,6,5,-0.193739305161324,0.33668028843648
"percentile_latbin_OLS","q60","collection5_k3_tropical_temperate","Transitional",12,8,4,-0.0186343908015323,0.426731527192719
"percentile_latbin_OLS","q60","collection5_k3_tropical_temperate","Warmhouse",11,7,4,-0.0814583494767589,0.347761164876378
"percentile_latbin_OLS","q60","collection5_k3_tropical_temperate","Hothouse",8,4,4,-0.0135212713687018,0.39945745705346
"percentile_latbin_OLS","q60","collection5_k3_tropical_temperate_polar","Coldhouse",2,2,0,-0.53076589114579,0.118724817754743
"percentile_latbin_OLS","q60","collection5_k3_tropical_temperate_polar","Coolhouse",4,1,3,-0.150373273488965,0.100508714698019
"percentile_latbin_OLS","q60","collection5_k3_tropical_temperate_polar","Transitional",3,2,1,-0.327837844654227,0.229861082908984
"percentile_latbin_OLS","q60","collection5_k3_tropical_temperate_polar","Warmhouse",6,5,1,-0.032464669043063,0.248519697275943
"percentile_latbin_OLS","q60","collection5_k3_tropical_temperate_polar","Hothouse",3,1,2,0.215488023426891,0.4067446850103
"percentile_latbin_OLS","q60","occurrence10_k1_tropical_temperate","Coldhouse",24,13,11,-0.44444661289761,0.466678431926847
"percentile_latbin_OLS","q60","occurrence10_k1_tropical_temperate","Coolhouse",31,14,17,-0.191593278586428,0.368850448370652
"percentile_latbin_OLS","q60","occurrence10_k1_tropical_temperate","Transitional",30,17,13,-0.121068405382408,0.413899959079988
"percentile_latbin_OLS","q60","occurrence10_k1_tropical_temperate","Warmhouse",25,14,11,0.0297340582031562,0.337517274215534
"percentile_latbin_OLS","q60","occurrence10_k1_tropical_temperate","Hothouse",25,11,14,-0.0283888052846247,0.567459689064394
"percentile_latbin_OLS","q60","occurrence10_k1_tropical_temperate_polar","Coldhouse",9,5,4,-0.401088283747976,0.491704052806846
"percentile_latbin_OLS","q60","occurrence10_k1_tropical_temperate_polar","Coolhouse",17,8,9,-0.191593278586428,0.235433247184491
"percentile_latbin_OLS","q60","occurrence10_k1_tropical_temperate_polar","Transitional",15,8,7,-0.235833583767365,0.296704286356836
"percentile_latbin_OLS","q60","occurrence10_k1_tropical_temperate_polar","Warmhouse",18,10,8,0.00652200450499371,0.25137115873902
"percentile_latbin_OLS","q60","occurrence10_k1_tropical_temperate_polar","Hothouse",12,4,8,0.00861356352702801,0.501337518080563
"percentile_latbin_OLS","q60","occurrence10_k2_tropical_temperate","Coldhouse",12,7,5,-0.365882409997193,0.395822294152651
"percentile_latbin_OLS","q60","occurrence10_k2_tropical_temperate","Coolhouse",22,12,10,-0.182890585988589,0.338567116561138
"percentile_latbin_OLS","q60","occurrence10_k2_tropical_temperate","Transitional",19,12,7,-0.0701473374857268,0.331034698252188
"percentile_latbin_OLS","q60","occurrence10_k2_tropical_temperate","Warmhouse",17,10,7,-0.0485955865095589,0.387063040000702
"percentile_latbin_OLS","q60","occurrence10_k2_tropical_temperate","Hothouse",14,6,8,-0.0611829152920603,0.709884326425958
"percentile_latbin_OLS","q60","occurrence10_k2_tropical_temperate_polar","Coldhouse",4,4,0,-0.541018057770344,0.300857512942638
"percentile_latbin_OLS","q60","occurrence10_k2_tropical_temperate_polar","Coolhouse",10,4,6,-0.183290539046793,0.147624115785061
"percentile_latbin_OLS","q60","occurrence10_k2_tropical_temperate_polar","Transitional",8,5,3,-0.178488932072299,0.286688644596993
"percentile_latbin_OLS","q60","occurrence10_k2_tropical_temperate_polar","Warmhouse",9,5,4,-0.0577792366595678,0.38319703740431
"percentile_latbin_OLS","q60","occurrence10_k2_tropical_temperate_polar","Hothouse",5,3,2,-0.0283888052846247,0.279064491164648
"percentile_latbin_OLS","q60","occurrence10_k3_tropical_temperate","Coldhouse",6,5,1,-0.360508659917219,0.307268197604366
"percentile_latbin_OLS","q60","occurrence10_k3_tropical_temperate","Coolhouse",12,6,6,-0.217535687279725,0.232209285102981
"percentile_latbin_OLS","q60","occurrence10_k3_tropical_temperate","Transitional",12,7,5,-0.0731353221473107,0.403651659102751
"percentile_latbin_OLS","q60","occurrence10_k3_tropical_temperate","Warmhouse",10,6,4,0.0260420052826229,0.363089766251925
"percentile_latbin_OLS","q60","occurrence10_k3_tropical_temperate","Hothouse",8,4,4,0.0783493302902636,0.639688776924573
"percentile_latbin_OLS","q60","occurrence10_k3_tropical_temperate_polar","Coldhouse",2,2,0,-0.541018057770344,0.139929774022368
"percentile_latbin_OLS","q60","occurrence10_k3_tropical_temperate_polar","Coolhouse",3,0,3,-0.192393184702837,0.0768010953236142
"percentile_latbin_OLS","q60","occurrence10_k3_tropical_temperate_polar","Transitional",4,2,2,-0.210057259504054,0.253116518364478
"percentile_latbin_OLS","q60","occurrence10_k3_tropical_temperate_polar","Warmhouse",5,3,2,-0.0577792366595678,0.386440517516083
"percentile_latbin_OLS","q60","occurrence10_k3_tropical_temperate_polar","Hothouse",3,1,2,0.185087465865152,0.33524327244299
"percentile_latbin_OLS","q60","occurrence5_k1_tropical_temperate","Coldhouse",25,14,11,-0.388298773724995,0.48761478502303
"percentile_latbin_OLS","q60","occurrence5_k1_tropical_temperate","Coolhouse",32,15,17,-0.207855734195019,0.306702226195297
"percentile_latbin_OLS","q60","occurrence5_k1_tropical_temperate","Transitional",32,17,15,-0.119444744137167,0.291940509205973
"percentile_latbin_OLS","q60","occurrence5_k1_tropical_temperate","Warmhouse",26,14,12,0.0262245525917581,0.301623924902745
"percentile_latbin_OLS","q60","occurrence5_k1_tropical_temperate","Hothouse",25,11,14,-0.053718771461046,0.309893958903373
"percentile_latbin_OLS","q60","occurrence5_k1_tropical_temperate_polar","Coldhouse",10,6,4,-0.46353771741109,0.408685395167425
"percentile_latbin_OLS","q60","occurrence5_k1_tropical_temperate_polar","Coolhouse",20,11,9,-0.207855734195019,0.288047261953915
"percentile_latbin_OLS","q60","occurrence5_k1_tropical_temperate_polar","Transitional",18,8,10,-0.183006617243317,0.249522800126122
"percentile_latbin_OLS","q60","occurrence5_k1_tropical_temperate_polar","Warmhouse",18,10,8,-0.0255294061384867,0.318388778574715
"percentile_latbin_OLS","q60","occurrence5_k1_tropical_temperate_polar","Hothouse",14,4,10,0.0113849963164081,0.290896658027153
"percentile_latbin_OLS","q60","occurrence5_k2_tropical_temperate","Coldhouse",18,10,8,-0.498272109929107,0.433820882826152
"percentile_latbin_OLS","q60","occurrence5_k2_tropical_temperate","Coolhouse",24,12,12,-0.194611161392283,0.244653566187337
"percentile_latbin_OLS","q60","occurrence5_k2_tropical_temperate","Transitional",21,14,7,-0.0904655684763217,0.365112949520586
"percentile_latbin_OLS","q60","occurrence5_k2_tropical_temperate","Warmhouse",19,12,7,-0.0571828577901812,0.370634097212084
"percentile_latbin_OLS","q60","occurrence5_k2_tropical_temperate","Hothouse",18,7,11,-0.0223686173155767,0.273312189077124
"percentile_latbin_OLS","q60","occurrence5_k2_tropical_temperate_polar","Coldhouse",6,5,1,-0.46353771741109,0.241401273397359
"percentile_latbin_OLS","q60","occurrence5_k2_tropical_temperate_polar","Coolhouse",12,6,6,-0.194611161392283,0.150291077761883
"percentile_latbin_OLS","q60","occurrence5_k2_tropical_temperate_polar","Transitional",8,5,3,-0.200215568762309,0.199492085336711
"percentile_latbin_OLS","q60","occurrence5_k2_tropical_temperate_polar","Warmhouse",12,8,4,-0.12530951063763,0.353211299695939
"percentile_latbin_OLS","q60","occurrence5_k2_tropical_temperate_polar","Hothouse",10,4,6,-0.0223686173155767,0.230869375461788
"percentile_latbin_OLS","q60","occurrence5_k3_tropical_temperate","Coldhouse",7,5,2,-0.38201820697305,0.282537034756547
"percentile_latbin_OLS","q60","occurrence5_k3_tropical_temperate","Coolhouse",14,7,7,-0.229011183196716,0.278444458883273
"percentile_latbin_OLS","q60","occurrence5_k3_tropical_temperate","Transitional",14,9,5,-0.0792249575114771,0.426294368090892
"percentile_latbin_OLS","q60","occurrence5_k3_tropical_temperate","Warmhouse",12,8,4,0.0174407008360842,0.345497330318815
"percentile_latbin_OLS","q60","occurrence5_k3_tropical_temperate","Hothouse",10,4,6,-0.0466925152247714,0.297865343175301
"percentile_latbin_OLS","q60","occurrence5_k3_tropical_temperate_polar","Coldhouse",2,2,0,-0.521013024718564,0.132714250993569
"percentile_latbin_OLS","q60","occurrence5_k3_tropical_temperate_polar","Coolhouse",7,3,4,-0.219819017380375,0.144319318592232
"percentile_latbin_OLS","q60","occurrence5_k3_tropical_temperate_polar","Transitional",4,2,2,-0.220422515122873,0.170052643420716
"percentile_latbin_OLS","q60","occurrence5_k3_tropical_temperate_polar","Warmhouse",7,5,2,-0.0571828577901812,0.331150014877376
"percentile_latbin_OLS","q60","occurrence5_k3_tropical_temperate_polar","Hothouse",4,2,2,0.0116078207213412,0.308562668474592
"percentile_latbin_OLS","q75","collection10_k1_tropical_temperate","Coldhouse",17,12,5,-0.695763821482647,0.812985207433312
"percentile_latbin_OLS","q75","collection10_k1_tropical_temperate","Coolhouse",28,13,15,-0.483009251044699,0.743552287292643
"percentile_latbin_OLS","q75","collection10_k1_tropical_temperate","Transitional",23,14,9,-0.0154985728356716,0.860960291337263
"percentile_latbin_OLS","q75","collection10_k1_tropical_temperate","Warmhouse",20,13,7,0.101327327371861,0.55331727106272
"percentile_latbin_OLS","q75","collection10_k1_tropical_temperate","Hothouse",18,8,10,0.120062141542263,0.7642561361584
"percentile_latbin_OLS","q75","collection10_k1_tropical_temperate_polar","Coldhouse",7,5,2,-0.553449090236251,0.47575612895256
"percentile_latbin_OLS","q75","collection10_k1_tropical_temperate_polar","Coolhouse",13,6,7,-0.430018547015675,0.363393524629349
"percentile_latbin_OLS","q75","collection10_k1_tropical_temperate_polar","Transitional",8,3,5,-0.428943961258949,0.252512761671779
"percentile_latbin_OLS","q75","collection10_k1_tropical_temperate_polar","Warmhouse",12,8,4,-0.045712269205689,0.495067391871028
"percentile_latbin_OLS","q75","collection10_k1_tropical_temperate_polar","Hothouse",6,3,3,0.148081612869884,0.784826912042448
"percentile_latbin_OLS","q75","collection10_k2_tropical_temperate","Coldhouse",6,5,1,-0.511238897563163,0.401862599036948
"percentile_latbin_OLS","q75","collection10_k2_tropical_temperate","Coolhouse",17,9,8,-0.430018547015675,0.900776476406605
"percentile_latbin_OLS","q75","collection10_k2_tropical_temperate","Transitional",15,9,6,0.211956444168937,1.00677855707937
"percentile_latbin_OLS","q75","collection10_k2_tropical_temperate","Warmhouse",15,8,7,-0.0512740811436108,0.450317642119369
"percentile_latbin_OLS","q75","collection10_k2_tropical_temperate","Hothouse",6,3,3,0.280428427757578,0.653766272556327
"percentile_latbin_OLS","q75","collection10_k2_tropical_temperate_polar","Coldhouse",3,3,0,-0.553449090236251,0.137266431744933
"percentile_latbin_OLS","q75","collection10_k2_tropical_temperate_polar","Coolhouse",5,2,3,-0.430018547015675,0.514304336528518
"percentile_latbin_OLS","q75","collection10_k2_tropical_temperate_polar","Transitional",3,1,2,-0.425824161583105,0.598273112718779
"percentile_latbin_OLS","q75","collection10_k2_tropical_temperate_polar","Warmhouse",8,5,3,-0.125547246450187,0.428101947391729
"percentile_latbin_OLS","q75","collection10_k2_tropical_temperate_polar","Hothouse",3,1,2,0.369702719878146,0.670648326198466
"percentile_latbin_OLS","q75","collection10_k3_tropical_temperate","Coldhouse",2,2,0,-0.511238897563163,0.0422101926730881
"percentile_latbin_OLS","q75","collection10_k3_tropical_temperate","Coolhouse",4,3,1,-0.385052144393509,0.866073116093552
"percentile_latbin_OLS","q75","collection10_k3_tropical_temperate","Transitional",7,6,1,0.262511221076714,1.29049922336893
"percentile_latbin_OLS","q75","collection10_k3_tropical_temperate","Warmhouse",7,3,4,0.0257434093769527,0.333873479381388
"percentile_latbin_OLS","q75","collection10_k3_tropical_temperate","Hothouse",5,3,2,0.191154135637011,0.449084904322602
"percentile_latbin_OLS","q75","collection10_k3_tropical_temperate_polar","Coldhouse",1,1,0,-0.469028704890075,0
"percentile_latbin_OLS","q75","collection10_k3_tropical_temperate_polar","Warmhouse",3,3,0,-0.117167947788331,0.192113446670115
"percentile_latbin_OLS","q75","collection10_k3_tropical_temperate_polar","Hothouse",2,0,2,0.592737838558159,0.223035118680013
"percentile_latbin_OLS","q75","collection5_k1_tropical_temperate","Coldhouse",24,13,11,-0.770308151810477,0.620153310086683
"percentile_latbin_OLS","q75","collection5_k1_tropical_temperate","Coolhouse",30,14,16,-0.312674984839683,0.454695538940318
"percentile_latbin_OLS","q75","collection5_k1_tropical_temperate","Transitional",31,16,15,-0.147247096528877,0.531140022060487
"percentile_latbin_OLS","q75","collection5_k1_tropical_temperate","Warmhouse",25,14,11,-0.0650559052367163,0.370240568700988
"percentile_latbin_OLS","q75","collection5_k1_tropical_temperate","Hothouse",22,9,13,0.0128484587351501,0.550287696971998
"percentile_latbin_OLS","q75","collection5_k1_tropical_temperate_polar","Coldhouse",10,6,4,-0.608779520077117,0.429279859709225
"percentile_latbin_OLS","q75","collection5_k1_tropical_temperate_polar","Coolhouse",19,10,9,-0.291407894697501,0.305058256346147
"percentile_latbin_OLS","q75","collection5_k1_tropical_temperate_polar","Transitional",16,7,9,-0.293993642867562,0.451773581301415
"percentile_latbin_OLS","q75","collection5_k1_tropical_temperate_polar","Warmhouse",16,9,7,-0.0788097972391296,0.287668387757327
"percentile_latbin_OLS","q75","collection5_k1_tropical_temperate_polar","Hothouse",11,4,7,0.074578950613813,0.293895642557733
"percentile_latbin_OLS","q75","collection5_k2_tropical_temperate","Coldhouse",11,7,4,-0.697820048806139,0.521881750911456
"percentile_latbin_OLS","q75","collection5_k2_tropical_temperate","Coolhouse",21,11,10,-0.287329918065346,0.455138142358421
"percentile_latbin_OLS","q75","collection5_k2_tropical_temperate","Transitional",18,11,7,-0.118594216148269,0.559480579366591
"percentile_latbin_OLS","q75","collection5_k2_tropical_temperate","Warmhouse",18,11,7,-0.10741717002252,0.408437640425025
"percentile_latbin_OLS","q75","collection5_k2_tropical_temperate","Hothouse",12,6,6,0.0253651120305951,0.422981238139846
"percentile_latbin_OLS","q75","collection5_k2_tropical_temperate_polar","Coldhouse",4,3,1,-0.485525299941156,0.214034208183708
"percentile_latbin_OLS","q75","collection5_k2_tropical_temperate_polar","Coolhouse",12,6,6,-0.289368906381424,0.165946124050804
"percentile_latbin_OLS","q75","collection5_k2_tropical_temperate_polar","Transitional",6,3,3,-0.358913540908883,0.385767439862229
"percentile_latbin_OLS","q75","collection5_k2_tropical_temperate_polar","Warmhouse",11,8,3,-0.105665266192558,0.309600473955262
"percentile_latbin_OLS","q75","collection5_k2_tropical_temperate_polar","Hothouse",5,2,3,0.074578950613813,0.220055094765836
"percentile_latbin_OLS","q75","collection5_k3_tropical_temperate","Coldhouse",5,5,0,-0.519738991348095,0.246508440271923
"percentile_latbin_OLS","q75","collection5_k3_tropical_temperate","Coolhouse",11,6,5,-0.333942074981865,0.416456999317636
"percentile_latbin_OLS","q75","collection5_k3_tropical_temperate","Transitional",12,8,4,0.0716283446732359,0.651344911685943
"percentile_latbin_OLS","q75","collection5_k3_tropical_temperate","Warmhouse",11,7,4,-0.105665266192558,0.330883329091725
"percentile_latbin_OLS","q75","collection5_k3_tropical_temperate","Hothouse",8,4,4,0.0253651120305951,0.409896837017717
"percentile_latbin_OLS","q75","collection5_k3_tropical_temperate_polar","Coldhouse",2,2,0,-0.574565828670178,0.123254220135961
"percentile_latbin_OLS","q75","collection5_k3_tropical_temperate_polar","Coolhouse",4,1,3,-0.225121857064652,0.257037190703328
"percentile_latbin_OLS","q75","collection5_k3_tropical_temperate_polar","Transitional",3,2,1,-0.544653971269843,0.31897960122806
"percentile_latbin_OLS","q75","collection5_k3_tropical_temperate_polar","Warmhouse",6,5,1,-0.0991144777170505,0.218365045915769
"percentile_latbin_OLS","q75","collection5_k3_tropical_temperate_polar","Hothouse",3,1,2,0.196206368213214,0.639326263020703
"percentile_latbin_OLS","q75","occurrence10_k1_tropical_temperate","Coldhouse",24,13,11,-0.588675423492264,0.611930396364632
"percentile_latbin_OLS","q75","occurrence10_k1_tropical_temperate","Coolhouse",31,14,17,-0.255051413997995,0.365437658832794
"percentile_latbin_OLS","q75","occurrence10_k1_tropical_temperate","Transitional",30,17,13,-0.155416739287011,0.562688497319878
"percentile_latbin_OLS","q75","occurrence10_k1_tropical_temperate","Warmhouse",25,14,11,-0.0263339833949697,0.427357597462073
"percentile_latbin_OLS","q75","occurrence10_k1_tropical_temperate","Hothouse",25,11,14,-0.0161329914670358,0.613513901874388
"percentile_latbin_OLS","q75","occurrence10_k1_tropical_temperate_polar","Coldhouse",9,5,4,-0.378757804256569,0.455719073151347
"percentile_latbin_OLS","q75","occurrence10_k1_tropical_temperate_polar","Coolhouse",17,8,9,-0.25832801719251,0.27778917428771
"percentile_latbin_OLS","q75","occurrence10_k1_tropical_temperate_polar","Transitional",15,8,7,-0.282529079201119,0.399740428122875
"percentile_latbin_OLS","q75","occurrence10_k1_tropical_temperate_polar","Warmhouse",18,10,8,-0.0439008473855295,0.333039852686054
"percentile_latbin_OLS","q75","occurrence10_k1_tropical_temperate_polar","Hothouse",12,4,8,0.0196047184212829,0.538090957457742
"percentile_latbin_OLS","q75","occurrence10_k2_tropical_temperate","Coldhouse",12,7,5,-0.431379136657232,0.435365458493968
"percentile_latbin_OLS","q75","occurrence10_k2_tropical_temperate","Coolhouse",22,12,10,-0.239378427728386,0.368154965832012
"percentile_latbin_OLS","q75","occurrence10_k2_tropical_temperate","Transitional",19,12,7,-0.0783810510984895,0.493344032352115
"percentile_latbin_OLS","q75","occurrence10_k2_tropical_temperate","Warmhouse",17,10,7,-0.0890255231874556,0.42350062266311
"percentile_latbin_OLS","q75","occurrence10_k2_tropical_temperate","Hothouse",14,6,8,-0.0524453872908268,0.919037806504385
"percentile_latbin_OLS","q75","occurrence10_k2_tropical_temperate_polar","Coldhouse",4,4,0,-0.552551061342811,0.362759545037296
"percentile_latbin_OLS","q75","occurrence10_k2_tropical_temperate_polar","Coolhouse",10,4,6,-0.239378427728386,0.274522581387048
"percentile_latbin_OLS","q75","occurrence10_k2_tropical_temperate_polar","Transitional",8,5,3,-0.241860673508283,0.47311810768259
"percentile_latbin_OLS","q75","occurrence10_k2_tropical_temperate_polar","Warmhouse",9,5,4,-0.0993320751152028,0.354097576479813
"percentile_latbin_OLS","q75","occurrence10_k2_tropical_temperate_polar","Hothouse",5,3,2,-0.0128660089549683,0.272624357935608
"percentile_latbin_OLS","q75","occurrence10_k3_tropical_temperate","Coldhouse",6,5,1,-0.370302228701237,0.325663477983797
"percentile_latbin_OLS","q75","occurrence10_k3_tropical_temperate","Coolhouse",12,6,6,-0.266409298848471,0.358114233411071
"percentile_latbin_OLS","q75","occurrence10_k3_tropical_temperate","Transitional",12,7,5,-0.0675363975938029,0.601256184171042
"percentile_latbin_OLS","q75","occurrence10_k3_tropical_temperate","Warmhouse",10,6,4,0.0257734003314182,0.447635032650129
"percentile_latbin_OLS","q75","occurrence10_k3_tropical_temperate","Hothouse",8,4,4,0.0838667916769771,0.710421613223082
"percentile_latbin_OLS","q75","occurrence10_k3_tropical_temperate_polar","Coldhouse",2,2,0,-0.552551061342811,0.173793257086242
"percentile_latbin_OLS","q75","occurrence10_k3_tropical_temperate_polar","Coolhouse",3,0,3,-0.332013483478998,0.193653903886528
"percentile_latbin_OLS","q75","occurrence10_k3_tropical_temperate_polar","Transitional",4,2,2,-0.357842913847369,0.381009695144872
"percentile_latbin_OLS","q75","occurrence10_k3_tropical_temperate_polar","Warmhouse",5,3,2,-0.0748069241122601,0.431319333980809
"percentile_latbin_OLS","q75","occurrence10_k3_tropical_temperate_polar","Hothouse",3,1,2,0.180599592308922,0.510320443845814
"percentile_latbin_OLS","q75","occurrence5_k1_tropical_temperate","Coldhouse",25,14,11,-0.505778971627664,0.519113517940908
"percentile_latbin_OLS","q75","occurrence5_k1_tropical_temperate","Coolhouse",32,15,17,-0.248886896523229,0.32537775121452
"percentile_latbin_OLS","q75","occurrence5_k1_tropical_temperate","Transitional",32,17,15,-0.169100426803591,0.4739022274381
"percentile_latbin_OLS","q75","occurrence5_k1_tropical_temperate","Warmhouse",26,14,12,-0.0189871848043591,0.373272121351681
"percentile_latbin_OLS","q75","occurrence5_k1_tropical_temperate","Hothouse",25,11,14,-0.0433430979730293,0.379667997825294
"percentile_latbin_OLS","q75","occurrence5_k1_tropical_temperate_polar","Coldhouse",10,6,4,-0.550906614777975,0.478576024234542
"percentile_latbin_OLS","q75","occurrence5_k1_tropical_temperate_polar","Coolhouse",20,11,9,-0.263548709784272,0.241422469703954
"percentile_latbin_OLS","q75","occurrence5_k1_tropical_temperate_polar","Transitional",18,8,10,-0.22591110603673,0.354351772676308
"percentile_latbin_OLS","q75","occurrence5_k1_tropical_temperate_polar","Warmhouse",18,10,8,-0.0611846141385655,0.265386906741371
"percentile_latbin_OLS","q75","occurrence5_k1_tropical_temperate_polar","Hothouse",14,4,10,0.0428620478646017,0.289484455985368
"percentile_latbin_OLS","q75","occurrence5_k2_tropical_temperate","Coldhouse",18,10,8,-0.702152866009055,0.555644776683965
"percentile_latbin_OLS","q75","occurrence5_k2_tropical_temperate","Coolhouse",24,12,12,-0.235228752567491,0.307553605772277
"percentile_latbin_OLS","q75","occurrence5_k2_tropical_temperate","Transitional",21,14,7,-0.0829497401676874,0.536774294091017
"percentile_latbin_OLS","q75","occurrence5_k2_tropical_temperate","Warmhouse",19,12,7,-0.0651272248013521,0.394746174163532
"percentile_latbin_OLS","q75","occurrence5_k2_tropical_temperate","Hothouse",18,7,11,-0.00954174868315684,0.374136863174552
"percentile_latbin_OLS","q75","occurrence5_k2_tropical_temperate_polar","Coldhouse",6,5,1,-0.550906614777975,0.39113177015812
"percentile_latbin_OLS","q75","occurrence5_k2_tropical_temperate_polar","Coolhouse",12,6,6,-0.248886896523229,0.153232196218906
"percentile_latbin_OLS","q75","occurrence5_k2_tropical_temperate_polar","Transitional",8,5,3,-0.282990756810703,0.321691724665731
"percentile_latbin_OLS","q75","occurrence5_k2_tropical_temperate_polar","Warmhouse",12,8,4,-0.116639086502336,0.315419231997775
"percentile_latbin_OLS","q75","occurrence5_k2_tropical_temperate_polar","Hothouse",10,4,6,-0.00954174868315684,0.225199192925929
"percentile_latbin_OLS","q75","occurrence5_k3_tropical_temperate","Coldhouse",7,5,2,-0.360000376994411,0.280254690547435
"percentile_latbin_OLS","q75","occurrence5_k3_tropical_temperate","Coolhouse",14,7,7,-0.299968195630292,0.318409159332376
"percentile_latbin_OLS","q75","occurrence5_k3_tropical_temperate","Transitional",14,9,5,-0.0285781447725107,0.551662467034849
"percentile_latbin_OLS","q75","occurrence5_k3_tropical_temperate","Warmhouse",12,8,4,-0.0611846141385655,0.426959660079402
"percentile_latbin_OLS","q75","occurrence5_k3_tropical_temperate","Hothouse",10,4,6,-0.00963887874117037,0.324771064185208
"percentile_latbin_OLS","q75","occurrence5_k3_tropical_temperate_polar","Coldhouse",2,2,0,-0.550906614777975,0.167076169641409
"percentile_latbin_OLS","q75","occurrence5_k3_tropical_temperate_polar","Coolhouse",7,3,4,-0.3331630130722,0.209504458769969
"percentile_latbin_OLS","q75","occurrence5_k3_tropical_temperate_polar","Transitional",4,2,2,-0.338442771867977,0.210547546550433
"percentile_latbin_OLS","q75","occurrence5_k3_tropical_temperate_polar","Warmhouse",7,5,2,-0.0651272248013521,0.218500111797889
"percentile_latbin_OLS","q75","occurrence5_k3_tropical_temperate_polar","Hothouse",4,2,2,0.0506971677767067,0.387512093497226
"percentile_latbin_OLS","q90","collection10_k1_tropical_temperate","Coldhouse",17,12,5,-0.853985414021268,0.76455675978375
"percentile_latbin_OLS","q90","collection10_k1_tropical_temperate","Coolhouse",28,13,15,-0.576638510929485,0.537856384942725
"percentile_latbin_OLS","q90","collection10_k1_tropical_temperate","Transitional",23,14,9,0.290793614076869,1.09203511488922
"percentile_latbin_OLS","q90","collection10_k1_tropical_temperate","Warmhouse",20,13,7,0.09750954619291,0.686965638171263
"percentile_latbin_OLS","q90","collection10_k1_tropical_temperate","Hothouse",18,8,10,0.155551112601297,0.90152395966065
"percentile_latbin_OLS","q90","collection10_k1_tropical_temperate_polar","Coldhouse",7,5,2,-0.665302533140348,0.48494128744677
"percentile_latbin_OLS","q90","collection10_k1_tropical_temperate_polar","Coolhouse",13,6,7,-0.498288350433103,0.337822987828289
"percentile_latbin_OLS","q90","collection10_k1_tropical_temperate_polar","Transitional",8,3,5,-0.494288672662334,0.367320409851918
"percentile_latbin_OLS","q90","collection10_k1_tropical_temperate_polar","Warmhouse",12,8,4,-0.207008526108456,0.47689552433807
"percentile_latbin_OLS","q90","collection10_k1_tropical_temperate_polar","Hothouse",6,3,3,0.187029220156097,0.805875772200138
"percentile_latbin_OLS","q90","collection10_k2_tropical_temperate","Coldhouse",6,5,1,-0.583688801417735,0.427594752747036
"percentile_latbin_OLS","q90","collection10_k2_tropical_temperate","Coolhouse",17,9,8,-0.498288350433103,0.622799617169176
"percentile_latbin_OLS","q90","collection10_k2_tropical_temperate","Transitional",15,9,6,0.290793614076869,1.3030588265747
"percentile_latbin_OLS","q90","collection10_k2_tropical_temperate","Warmhouse",15,8,7,-0.111817363757086,0.454880730406538
"percentile_latbin_OLS","q90","collection10_k2_tropical_temperate","Hothouse",6,3,3,0.344423059038583,0.522177418608826
"percentile_latbin_OLS","q90","collection10_k2_tropical_temperate_polar","Coldhouse",3,3,0,-0.665302533140348,0.136412240136265
"percentile_latbin_OLS","q90","collection10_k2_tropical_temperate_polar","Coolhouse",5,2,3,-0.467794186448671,0.417700670068439
"percentile_latbin_OLS","q90","collection10_k2_tropical_temperate_polar","Transitional",3,1,2,-0.451562215558787,0.690051078310918
"percentile_latbin_OLS","q90","collection10_k2_tropical_temperate_polar","Warmhouse",8,5,3,-0.224853705801019,0.209137129861194
"percentile_latbin_OLS","q90","collection10_k2_tropical_temperate_polar","Hothouse",3,1,2,0.456982833478703,0.85895206434957
"percentile_latbin_OLS","q90","collection10_k3_tropical_temperate","Coldhouse",2,2,0,-0.583688801417735,0.0816137317226128
"percentile_latbin_OLS","q90","collection10_k3_tropical_temperate","Coolhouse",4,3,1,-0.594073219716117,0.715759667186874
"percentile_latbin_OLS","q90","collection10_k3_tropical_temperate","Transitional",7,6,1,0.34624171438998,1.69743351279018
"percentile_latbin_OLS","q90","collection10_k3_tropical_temperate","Warmhouse",7,3,4,-0.19491586969074,0.452207425286175
"percentile_latbin_OLS","q90","collection10_k3_tropical_temperate","Hothouse",5,3,2,0.231863284598463,0.377743892874572
"percentile_latbin_OLS","q90","collection10_k3_tropical_temperate_polar","Coldhouse",1,1,0,-0.502075069695122,0
"percentile_latbin_OLS","q90","collection10_k3_tropical_temperate_polar","Warmhouse",3,3,0,-0.219101182526172,0.0633749788616656
"percentile_latbin_OLS","q90","collection10_k3_tropical_temperate_polar","Hothouse",2,0,2,0.730097337573409,0.273114504094707
"percentile_latbin_OLS","q90","collection5_k1_tropical_temperate","Coldhouse",24,13,11,-0.84417311661836,0.831454460228512
"percentile_latbin_OLS","q90","collection5_k1_tropical_temperate","Coolhouse",30,14,16,-0.385011285310135,0.377571792229869
"percentile_latbin_OLS","q90","collection5_k1_tropical_temperate","Transitional",31,16,15,-0.14511380686708,0.609322595003665
"percentile_latbin_OLS","q90","collection5_k1_tropical_temperate","Warmhouse",25,14,11,-0.110102477222273,0.450715892109022
"percentile_latbin_OLS","q90","collection5_k1_tropical_temperate","Hothouse",22,9,13,0.0525089519259857,0.741940766813263
"percentile_latbin_OLS","q90","collection5_k1_tropical_temperate_polar","Coldhouse",10,6,4,-0.67622780710626,0.464728971703363
"percentile_latbin_OLS","q90","collection5_k1_tropical_temperate_polar","Coolhouse",19,10,9,-0.398235417823693,0.336534314474229
"percentile_latbin_OLS","q90","collection5_k1_tropical_temperate_polar","Transitional",16,7,9,-0.329052185683653,0.56523479183412
"percentile_latbin_OLS","q90","collection5_k1_tropical_temperate_polar","Warmhouse",16,9,7,-0.129967949926479,0.299599822052841
"percentile_latbin_OLS","q90","collection5_k1_tropical_temperate_polar","Hothouse",11,4,7,0.110193615826712,0.382228060816871
"percentile_latbin_OLS","q90","collection5_k2_tropical_temperate","Coldhouse",11,7,4,-0.740439233797774,0.587356460144292
"percentile_latbin_OLS","q90","collection5_k2_tropical_temperate","Coolhouse",21,11,10,-0.28766769856381,0.385364971378357
"percentile_latbin_OLS","q90","collection5_k2_tropical_temperate","Transitional",18,11,7,-0.119701466988094,0.689375790853332
"percentile_latbin_OLS","q90","collection5_k2_tropical_temperate","Warmhouse",18,11,7,-0.190864270465183,0.395829415814022
"percentile_latbin_OLS","q90","collection5_k2_tropical_temperate","Hothouse",12,6,6,0.104205228461765,0.564823766752482
"percentile_latbin_OLS","q90","collection5_k2_tropical_temperate_polar","Coldhouse",4,3,1,-0.531622742017106,0.334067267495526
"percentile_latbin_OLS","q90","collection5_k2_tropical_temperate_polar","Coolhouse",12,6,6,-0.342951558193752,0.286159157206545
"percentile_latbin_OLS","q90","collection5_k2_tropical_temperate_polar","Transitional",6,3,3,-0.425223557754074,0.420226237466484
"percentile_latbin_OLS","q90","collection5_k2_tropical_temperate_polar","Warmhouse",11,8,3,-0.173757822226257,0.317013352684483
"percentile_latbin_OLS","q90","collection5_k2_tropical_temperate_polar","Hothouse",5,2,3,0.138011882962811,0.387578215459227
"percentile_latbin_OLS","q90","collection5_k3_tropical_temperate","Coldhouse",5,5,0,-0.612016380414746,0.289210130178309
"percentile_latbin_OLS","q90","collection5_k3_tropical_temperate","Coolhouse",11,6,5,-0.282627065067526,0.424984956903478
"percentile_latbin_OLS","q90","collection5_k3_tropical_temperate","Transitional",12,8,4,0.17576580771102,0.784514037450551
"percentile_latbin_OLS","q90","collection5_k3_tropical_temperate","Warmhouse",11,7,4,-0.207970718704109,0.361878413824833
"percentile_latbin_OLS","q90","collection5_k3_tropical_temperate","Hothouse",8,4,4,0.104205228461765,0.478881157217049
"percentile_latbin_OLS","q90","collection5_k3_tropical_temperate_polar","Coldhouse",2,2,0,-0.59583416870862,0.144605065089154
"percentile_latbin_OLS","q90","collection5_k3_tropical_temperate_polar","Coolhouse",4,1,3,-0.202365086079496,0.173148894211737
"percentile_latbin_OLS","q90","collection5_k3_tropical_temperate_polar","Transitional",3,2,1,-0.59813178820627,0.486673686410846
"percentile_latbin_OLS","q90","collection5_k3_tropical_temperate_polar","Warmhouse",6,5,1,-0.15908050385069,0.259437321724378
"percentile_latbin_OLS","q90","collection5_k3_tropical_temperate_polar","Hothouse",3,1,2,0.369370097042025,0.836656089752951
"percentile_latbin_OLS","q90","occurrence10_k1_tropical_temperate","Coldhouse",24,13,11,-0.752548462552683,0.662635639365904
"percentile_latbin_OLS","q90","occurrence10_k1_tropical_temperate","Coolhouse",31,14,17,-0.292029056428171,0.425239091002969
"percentile_latbin_OLS","q90","occurrence10_k1_tropical_temperate","Transitional",30,17,13,-0.128449562179425,0.784231442517825
"percentile_latbin_OLS","q90","occurrence10_k1_tropical_temperate","Warmhouse",25,14,11,-0.0269963444867787,0.394353571438552
"percentile_latbin_OLS","q90","occurrence10_k1_tropical_temperate","Hothouse",25,11,14,-0.0145405021127837,0.796553272794418
"percentile_latbin_OLS","q90","occurrence10_k1_tropical_temperate_polar","Coldhouse",9,5,4,-0.550401841979452,0.432851156321994
"percentile_latbin_OLS","q90","occurrence10_k1_tropical_temperate_polar","Coolhouse",17,8,9,-0.342151331982328,0.310456827594416
"percentile_latbin_OLS","q90","occurrence10_k1_tropical_temperate_polar","Transitional",15,8,7,-0.343543027526087,0.568366337085868
"percentile_latbin_OLS","q90","occurrence10_k1_tropical_temperate_polar","Warmhouse",18,10,8,-0.0913787852338279,0.286802278468061
"percentile_latbin_OLS","q90","occurrence10_k1_tropical_temperate_polar","Hothouse",12,4,8,0.0244784608524593,0.644842122386267
"percentile_latbin_OLS","q90","occurrence10_k2_tropical_temperate","Coldhouse",12,7,5,-0.659054050094454,0.527648662296825
"percentile_latbin_OLS","q90","occurrence10_k2_tropical_temperate","Coolhouse",22,12,10,-0.258894612061289,0.379721921487342
"percentile_latbin_OLS","q90","occurrence10_k2_tropical_temperate","Transitional",19,12,7,-0.0972722316167936,0.708780301886796
"percentile_latbin_OLS","q90","occurrence10_k2_tropical_temperate","Warmhouse",17,10,7,-0.195715193646987,0.386878189822115
"percentile_latbin_OLS","q90","occurrence10_k2_tropical_temperate","Hothouse",14,6,8,0.0412343501213128,1.09229923855701
"percentile_latbin_OLS","q90","occurrence10_k2_tropical_temperate_polar","Coldhouse",4,4,0,-0.659054050094454,0.266113549583304
"percentile_latbin_OLS","q90","occurrence10_k2_tropical_temperate_polar","Coolhouse",10,4,6,-0.237649737032151,0.238600481993313
"percentile_latbin_OLS","q90","occurrence10_k2_tropical_temperate_polar","Transitional",8,5,3,-0.30050073142729,0.62901243176571
"percentile_latbin_OLS","q90","occurrence10_k2_tropical_temperate_polar","Warmhouse",9,5,4,-0.218928974003575,0.353579243824042
"percentile_latbin_OLS","q90","occurrence10_k2_tropical_temperate_polar","Hothouse",5,3,2,-0.0145405021127837,0.454620230248673
"percentile_latbin_OLS","q90","occurrence10_k3_tropical_temperate","Coldhouse",6,5,1,-0.497396208530093,0.32623798009926
"percentile_latbin_OLS","q90","occurrence10_k3_tropical_temperate","Coolhouse",12,6,6,-0.235406412736872,0.501492121858339
"percentile_latbin_OLS","q90","occurrence10_k3_tropical_temperate","Transitional",12,7,5,-0.0330543718890239,0.810331696822004
"percentile_latbin_OLS","q90","occurrence10_k3_tropical_temperate","Warmhouse",10,6,4,-0.0921168257669021,0.428769928064276
"percentile_latbin_OLS","q90","occurrence10_k3_tropical_temperate","Hothouse",8,4,4,0.231191303283588,0.794473340121061
"percentile_latbin_OLS","q90","occurrence10_k3_tropical_temperate_polar","Coldhouse",2,2,0,-0.606048416645094,0.161657841564361
"percentile_latbin_OLS","q90","occurrence10_k3_tropical_temperate_polar","Coolhouse",3,0,3,-0.240333066538954,0.253419978216802
"percentile_latbin_OLS","q90","occurrence10_k3_tropical_temperate_polar","Transitional",4,2,2,-0.457372135651479,0.511961072251354
"percentile_latbin_OLS","q90","occurrence10_k3_tropical_temperate_polar","Warmhouse",5,3,2,-0.195715193646987,0.386277352620769
"percentile_latbin_OLS","q90","occurrence10_k3_tropical_temperate_polar","Hothouse",3,1,2,0.365373404211767,0.803805054261974
"percentile_latbin_OLS","q90","occurrence5_k1_tropical_temperate","Coldhouse",25,14,11,-0.76313899139273,0.740039069781615
"percentile_latbin_OLS","q90","occurrence5_k1_tropical_temperate","Coolhouse",32,15,17,-0.318503105886781,0.385586597651765
"percentile_latbin_OLS","q90","occurrence5_k1_tropical_temperate","Transitional",32,17,15,-0.143282664143379,0.669532009681371
"percentile_latbin_OLS","q90","occurrence5_k1_tropical_temperate","Warmhouse",26,14,12,-0.0328866306183477,0.4190849246705
"percentile_latbin_OLS","q90","occurrence5_k1_tropical_temperate","Hothouse",25,11,14,-0.0212679709965034,0.462911624279349
"percentile_latbin_OLS","q90","occurrence5_k1_tropical_temperate_polar","Coldhouse",10,6,4,-0.665973968082388,0.453636201876773
"percentile_latbin_OLS","q90","occurrence5_k1_tropical_temperate_polar","Coolhouse",20,11,9,-0.373433227387033,0.341596398964259
"percentile_latbin_OLS","q90","occurrence5_k1_tropical_temperate_polar","Transitional",18,8,10,-0.262183390208485,0.481727877150528
"percentile_latbin_OLS","q90","occurrence5_k1_tropical_temperate_polar","Warmhouse",18,10,8,-0.132149301322232,0.29200308372615
"percentile_latbin_OLS","q90","occurrence5_k1_tropical_temperate_polar","Hothouse",14,4,10,0.0675861423593537,0.302170321367862
"percentile_latbin_OLS","q90","occurrence5_k2_tropical_temperate","Coldhouse",18,10,8,-0.791711770989533,0.614617553803976
"percentile_latbin_OLS","q90","occurrence5_k2_tropical_temperate","Coolhouse",24,12,12,-0.291542953734146,0.410004947982472
"percentile_latbin_OLS","q90","occurrence5_k2_tropical_temperate","Transitional",21,14,7,-0.082330993711882,0.72338227134069
"percentile_latbin_OLS","q90","occurrence5_k2_tropical_temperate","Warmhouse",19,12,7,-0.161810899115644,0.408630756264937
"percentile_latbin_OLS","q90","occurrence5_k2_tropical_temperate","Hothouse",18,7,11,0.0339494739999884,0.3448950593247
"percentile_latbin_OLS","q90","occurrence5_k2_tropical_temperate_polar","Coldhouse",6,5,1,-0.665973968082388,0.349384000333714
"percentile_latbin_OLS","q90","occurrence5_k2_tropical_temperate_polar","Coolhouse",12,6,6,-0.273746063859942,0.245827504446562
"percentile_latbin_OLS","q90","occurrence5_k2_tropical_temperate_polar","Transitional",8,5,3,-0.377024094555138,0.502571178054953
"percentile_latbin_OLS","q90","occurrence5_k2_tropical_temperate_polar","Warmhouse",12,8,4,-0.172048699903924,0.330856144155963
"percentile_latbin_OLS","q90","occurrence5_k2_tropical_temperate_polar","Hothouse",10,4,6,0.0339494739999884,0.200185865362589
"percentile_latbin_OLS","q90","occurrence5_k3_tropical_temperate","Coldhouse",7,5,2,-0.468698091734607,0.364795496367129
"percentile_latbin_OLS","q90","occurrence5_k3_tropical_temperate","Coolhouse",14,7,7,-0.362242757634256,0.496510770026242
"percentile_latbin_OLS","q90","occurrence5_k3_tropical_temperate","Transitional",14,9,5,0.0143830756457494,0.722448776913718
"percentile_latbin_OLS","q90","occurrence5_k3_tropical_temperate","Warmhouse",12,8,4,-0.148108909462763,0.539875899424414
"percentile_latbin_OLS","q90","occurrence5_k3_tropical_temperate","Hothouse",10,4,6,0.0232273714882129,0.32548362397803
"percentile_latbin_OLS","q90","occurrence5_k3_tropical_temperate_polar","Coldhouse",2,2,0,-0.625544955500213,0.156846863765606
"percentile_latbin_OLS","q90","occurrence5_k3_tropical_temperate_polar","Coolhouse",7,3,4,-0.440615855573819,0.382236673704559
"percentile_latbin_OLS","q90","occurrence5_k3_tropical_temperate_polar","Transitional",4,2,2,-0.542597446185709,0.38227765928952
"percentile_latbin_OLS","q90","occurrence5_k3_tropical_temperate_polar","Warmhouse",7,5,2,-0.182286500692204,0.234690101384301
"percentile_latbin_OLS","q90","occurrence5_k3_tropical_temperate_polar","Hothouse",4,2,2,0.120588002579871,0.599229975040996
"percentile_latbin_OLS","q95","collection10_k1_tropical_temperate","Coldhouse",17,12,5,-0.97069918525648,0.712584297774171
"percentile_latbin_OLS","q95","collection10_k1_tropical_temperate","Coolhouse",28,13,15,-0.564745257519274,0.54760194275139
"percentile_latbin_OLS","q95","collection10_k1_tropical_temperate","Transitional",23,14,9,0.315735533999284,1.17532484233808
"percentile_latbin_OLS","q95","collection10_k1_tropical_temperate","Warmhouse",20,13,7,0.0520140685711057,0.885098055913403
"percentile_latbin_OLS","q95","collection10_k1_tropical_temperate","Hothouse",18,8,10,0.186483940907938,0.936281965674725
"percentile_latbin_OLS","q95","collection10_k1_tropical_temperate_polar","Coldhouse",7,5,2,-0.702655978011703,0.472868412561676
"percentile_latbin_OLS","q95","collection10_k1_tropical_temperate_polar","Coolhouse",13,6,7,-0.52910254587803,0.382232404261598
"percentile_latbin_OLS","q95","collection10_k1_tropical_temperate_polar","Transitional",8,3,5,-0.527129010763849,0.38904025604676
"percentile_latbin_OLS","q95","collection10_k1_tropical_temperate_polar","Warmhouse",12,8,4,-0.261142007609029,0.429218870524645
"percentile_latbin_OLS","q95","collection10_k1_tropical_temperate_polar","Hothouse",6,3,3,0.197862085451867,0.806011713088122
"percentile_latbin_OLS","q95","collection10_k2_tropical_temperate","Coldhouse",6,5,1,-0.62326317218562,0.428877407582848
"percentile_latbin_OLS","q95","collection10_k2_tropical_temperate","Coolhouse",17,9,8,-0.543664174053867,0.511138541958064
"percentile_latbin_OLS","q95","collection10_k2_tropical_temperate","Transitional",15,9,6,0.315735533999284,1.31742634464786
"percentile_latbin_OLS","q95","collection10_k2_tropical_temperate","Warmhouse",15,8,7,-0.111930882982176,0.412821427426739
"percentile_latbin_OLS","q95","collection10_k2_tropical_temperate","Hothouse",6,3,3,0.385243281914271,0.502199674796031
"percentile_latbin_OLS","q95","collection10_k2_tropical_temperate_polar","Coldhouse",3,3,0,-0.702655978011703,0.120992915216877
"percentile_latbin_OLS","q95","collection10_k2_tropical_temperate_polar","Coolhouse",5,2,3,-0.387950654481051,0.386546991516134
"percentile_latbin_OLS","q95","collection10_k2_tropical_temperate_polar","Transitional",3,1,2,-0.460141566884015,0.720643733508298
"percentile_latbin_OLS","q95","collection10_k2_tropical_temperate_polar","Warmhouse",8,5,3,-0.262968258631308,0.116762713689044
"percentile_latbin_OLS","q95","collection10_k2_tropical_temperate_polar","Hothouse",3,1,2,0.482223395298337,0.946230107163459
"percentile_latbin_OLS","q95","collection10_k3_tropical_temperate","Coldhouse",2,2,0,-0.62326317218562,0.0793928058260831
"percentile_latbin_OLS","q95","collection10_k3_tropical_temperate","Coolhouse",4,3,1,-0.689658105634981,0.638674341262445
"percentile_latbin_OLS","q95","collection10_k3_tropical_temperate","Transitional",7,6,1,0.476590202539142,1.91624872357211
"percentile_latbin_OLS","q95","collection10_k3_tropical_temperate","Warmhouse",7,3,4,-0.260097633227878,0.433465716023848
"percentile_latbin_OLS","q95","collection10_k3_tropical_temperate","Hothouse",5,3,2,0.288263168530206,0.397518682012667
"percentile_latbin_OLS","q95","collection10_k3_tropical_temperate_polar","Coldhouse",1,1,0,-0.543870366359537,0
"percentile_latbin_OLS","q95","collection10_k3_tropical_temperate_polar","Warmhouse",3,3,0,-0.263750135272436,0.0159611953779897
"percentile_latbin_OLS","q95","collection10_k3_tropical_temperate_polar","Hothouse",2,0,2,0.773957432554884,0.291734037256547
"percentile_latbin_OLS","q95","collection5_k1_tropical_temperate","Coldhouse",24,13,11,-0.868661106921056,0.865829494014721
"percentile_latbin_OLS","q95","collection5_k1_tropical_temperate","Coolhouse",30,14,16,-0.449425018004441,0.407492575963018
"percentile_latbin_OLS","q95","collection5_k1_tropical_temperate","Transitional",31,16,15,-0.0999445261533499,0.710039881351081
"percentile_latbin_OLS","q95","collection5_k1_tropical_temperate","Warmhouse",25,14,11,-0.160611196387576,0.514093936564812
"percentile_latbin_OLS","q95","collection5_k1_tropical_temperate","Hothouse",22,9,13,0.0720176973002776,0.774983174105206
"percentile_latbin_OLS","q95","collection5_k1_tropical_temperate_polar","Coldhouse",10,6,4,-0.699664096014394,0.470133519695458
"percentile_latbin_OLS","q95","collection5_k1_tropical_temperate_polar","Coolhouse",19,10,9,-0.428027014057466,0.373227654158975
"percentile_latbin_OLS","q95","collection5_k1_tropical_temperate_polar","Transitional",16,7,9,-0.340574800700242,0.602423508031775
"percentile_latbin_OLS","q95","collection5_k1_tropical_temperate_polar","Warmhouse",16,9,7,-0.162766730968437,0.263082344511997
"percentile_latbin_OLS","q95","collection5_k1_tropical_temperate_polar","Hothouse",11,4,7,0.114391502753195,0.403093400238968
"percentile_latbin_OLS","q95","collection5_k2_tropical_temperate","Coldhouse",11,7,4,-0.75631693181748,0.601954511783481
"percentile_latbin_OLS","q95","collection5_k2_tropical_temperate","Coolhouse",21,11,10,-0.428027014057466,0.417840986242008
"percentile_latbin_OLS","q95","collection5_k2_tropical_temperate","Transitional",18,11,7,-0.0872364149567737,0.771678632295691
"percentile_latbin_OLS","q95","collection5_k2_tropical_temperate","Warmhouse",18,11,7,-0.202643427485064,0.385695476107009
"percentile_latbin_OLS","q95","collection5_k2_tropical_temperate","Hothouse",12,6,6,0.154402654107178,0.653108321297408
"percentile_latbin_OLS","q95","collection5_k2_tropical_temperate_polar","Coldhouse",4,3,1,-0.554530069328336,0.363537468254403
"percentile_latbin_OLS","q95","collection5_k2_tropical_temperate_polar","Coolhouse",12,6,6,-0.357223990288356,0.335107704413709
"percentile_latbin_OLS","q95","collection5_k2_tropical_temperate_polar","Transitional",6,3,3,-0.447163330780363,0.441747567646374
"percentile_latbin_OLS","q95","collection5_k2_tropical_temperate_polar","Warmhouse",11,8,3,-0.164922265549299,0.26879783599025
"percentile_latbin_OLS","q95","collection5_k2_tropical_temperate_polar","Hothouse",5,2,3,0.15915619374581,0.431668180257309
"percentile_latbin_OLS","q95","collection5_k3_tropical_temperate","Coldhouse",5,5,0,-0.643011260211309,0.290268053372117
"percentile_latbin_OLS","q95","collection5_k3_tropical_temperate","Coolhouse",11,6,5,-0.540287457951351,0.419352874386716
"percentile_latbin_OLS","q95","collection5_k3_tropical_temperate","Transitional",12,8,4,0.24478046689166,0.875972903901424
"percentile_latbin_OLS","q95","collection5_k3_tropical_temperate","Warmhouse",11,7,4,-0.242689560116977,0.322764384577829
"percentile_latbin_OLS","q95","collection5_k3_tropical_temperate","Hothouse",8,4,4,0.154402654107178,0.512479529439332
"percentile_latbin_OLS","q95","collection5_k3_tropical_temperate_polar","Coldhouse",2,2,0,-0.611182905131422,0.145134026686059
"percentile_latbin_OLS","q95","collection5_k3_tropical_temperate_polar","Coolhouse",4,1,3,-0.20471259464253,0.134539626112246
"percentile_latbin_OLS","q95","collection5_k3_tropical_temperate_polar","Transitional",3,2,1,-0.609177066273714,0.546187012277705
"percentile_latbin_OLS","q95","collection5_k3_tropical_temperate_polar","Warmhouse",6,5,1,-0.201650378252277,0.197710918838924
"percentile_latbin_OLS","q95","collection5_k3_tropical_temperate_polar","Hothouse",3,1,2,0.411017255244387,0.943808609664632
"percentile_latbin_OLS","q95","occurrence10_k1_tropical_temperate","Coldhouse",24,13,11,-0.78733585177447,0.773220729431805
"percentile_latbin_OLS","q95","occurrence10_k1_tropical_temperate","Coolhouse",31,14,17,-0.323605681005195,0.478555480965946
"percentile_latbin_OLS","q95","occurrence10_k1_tropical_temperate","Transitional",30,17,13,-0.10731405873019,0.887525195664943
"percentile_latbin_OLS","q95","occurrence10_k1_tropical_temperate","Warmhouse",25,14,11,-0.0662161659202696,0.405924665077352
"percentile_latbin_OLS","q95","occurrence10_k1_tropical_temperate","Hothouse",25,11,14,0.0247835531185517,0.856919434720239
"percentile_latbin_OLS","q95","occurrence10_k1_tropical_temperate_polar","Coldhouse",9,5,4,-0.613434473816464,0.422379091604158
"percentile_latbin_OLS","q95","occurrence10_k1_tropical_temperate_polar","Coolhouse",17,8,9,-0.378679826981171,0.40132514951254
"percentile_latbin_OLS","q95","occurrence10_k1_tropical_temperate_polar","Transitional",15,8,7,-0.345074206103528,0.658419153818261
"percentile_latbin_OLS","q95","occurrence10_k1_tropical_temperate_polar","Warmhouse",18,10,8,-0.124464098127163,0.251350018207612
"percentile_latbin_OLS","q95","occurrence10_k1_tropical_temperate_polar","Hothouse",12,4,8,0.0258167508005273,0.664962576400535
"percentile_latbin_OLS","q95","occurrence10_k2_tropical_temperate","Coldhouse",12,7,5,-0.697847012365328,0.533505511667343
"percentile_latbin_OLS","q95","occurrence10_k2_tropical_temperate","Coolhouse",22,12,10,-0.269258180593461,0.430277953876607
"percentile_latbin_OLS","q95","occurrence10_k2_tropical_temperate","Transitional",19,12,7,-0.0764542501704252,0.79158034883092
"percentile_latbin_OLS","q95","occurrence10_k2_tropical_temperate","Warmhouse",17,10,7,-0.238538526888255,0.366878220135821
"percentile_latbin_OLS","q95","occurrence10_k2_tropical_temperate","Hothouse",14,6,8,0.0749259399905349,1.13463040326829
"percentile_latbin_OLS","q95","occurrence10_k2_tropical_temperate_polar","Coldhouse",4,4,0,-0.697847012365328,0.233488911813732
"percentile_latbin_OLS","q95","occurrence10_k2_tropical_temperate_polar","Coolhouse",10,4,6,-0.237655822752967,0.19927081694677
"percentile_latbin_OLS","q95","occurrence10_k2_tropical_temperate_polar","Transitional",8,5,3,-0.330454085350061,0.697341188673539
"percentile_latbin_OLS","q95","occurrence10_k2_tropical_temperate_polar","Warmhouse",9,5,4,-0.252057140832844,0.235077818171446
"percentile_latbin_OLS","q95","occurrence10_k2_tropical_temperate_polar","Hothouse",5,3,2,-0.0156712482233706,0.49867934965906
"percentile_latbin_OLS","q95","occurrence10_k3_tropical_temperate","Coldhouse",6,5,1,-0.53591049694705,0.326029916062966
"percentile_latbin_OLS","q95","occurrence10_k3_tropical_temperate","Coolhouse",12,6,6,-0.231819451733451,0.553685195397839
"percentile_latbin_OLS","q95","occurrence10_k3_tropical_temperate","Transitional",12,7,5,0.00689072602201686,0.890449383082324
"percentile_latbin_OLS","q95","occurrence10_k3_tropical_temperate","Warmhouse",10,6,4,-0.177531869503386,0.406599854481806
"percentile_latbin_OLS","q95","occurrence10_k3_tropical_temperate","Hothouse",8,4,4,0.287271018516849,0.809250699377993
"percentile_latbin_OLS","q95","occurrence10_k3_tropical_temperate_polar","Coldhouse",2,2,0,-0.620323035495915,0.161936515418278
"percentile_latbin_OLS","q95","occurrence10_k3_tropical_temperate_polar","Coolhouse",3,0,3,-0.235807976606762,0.260965075485325
"percentile_latbin_OLS","q95","occurrence10_k3_tropical_temperate_polar","Transitional",4,2,2,-0.470545618166141,0.552483316551366
"percentile_latbin_OLS","q95","occurrence10_k3_tropical_temperate_polar","Warmhouse",5,3,2,-0.252057140832844,0.235077818171446
"percentile_latbin_OLS","q95","occurrence10_k3_tropical_temperate_polar","Hothouse",3,1,2,0.409018908829258,0.948884024075
"percentile_latbin_OLS","q95","occurrence5_k1_tropical_temperate","Coldhouse",25,14,11,-0.79471830938586,0.677527652896643
"percentile_latbin_OLS","q95","occurrence5_k1_tropical_temperate","Coolhouse",32,15,17,-0.401651513943415,0.43647395388347
"percentile_latbin_OLS","q95","occurrence5_k1_tropical_temperate","Transitional",32,17,15,-0.106599787645557,0.783540898791029
"percentile_latbin_OLS","q95","occurrence5_k1_tropical_temperate","Warmhouse",26,14,12,-0.0434193952955866,0.419099892831071
"percentile_latbin_OLS","q95","occurrence5_k1_tropical_temperate","Hothouse",25,11,14,0.0296438918473607,0.513574793116071
"percentile_latbin_OLS","q95","occurrence5_k1_tropical_temperate_polar","Coldhouse",10,6,4,-0.713151232122192,0.45513203470629
"percentile_latbin_OLS","q95","occurrence5_k1_tropical_temperate_polar","Coolhouse",20,11,9,-0.401651513943415,0.412423429191924
"percentile_latbin_OLS","q95","occurrence5_k1_tropical_temperate_polar","Transitional",18,8,10,-0.26563445011814,0.524566136274434
"percentile_latbin_OLS","q95","occurrence5_k1_tropical_temperate_polar","Warmhouse",18,10,8,-0.156279811169685,0.244319365041123
"percentile_latbin_OLS","q95","occurrence5_k1_tropical_temperate_polar","Hothouse",14,4,10,0.0757779975444028,0.286055983168876
"percentile_latbin_OLS","q95","occurrence5_k2_tropical_temperate","Coldhouse",18,10,8,-0.817483094161396,0.63830986456866
"percentile_latbin_OLS","q95","occurrence5_k2_tropical_temperate","Coolhouse",24,12,12,-0.353201811389687,0.439960677071415
"percentile_latbin_OLS","q95","occurrence5_k2_tropical_temperate","Transitional",21,14,7,-0.0317656869402728,0.815269493517106
"percentile_latbin_OLS","q95","occurrence5_k2_tropical_temperate","Warmhouse",19,12,7,-0.161027555788735,0.382805917020748
"percentile_latbin_OLS","q95","occurrence5_k2_tropical_temperate","Hothouse",18,7,11,0.0961507625821938,0.332031118756874
"percentile_latbin_OLS","q95","occurrence5_k2_tropical_temperate_polar","Coldhouse",6,5,1,-0.713151232122192,0.362841194331481
"percentile_latbin_OLS","q95","occurrence5_k2_tropical_temperate_polar","Coolhouse",12,6,6,-0.313923597376389,0.280664397351336
"percentile_latbin_OLS","q95","occurrence5_k2_tropical_temperate_polar","Transitional",8,5,3,-0.419041617691206,0.560549467809208
"percentile_latbin_OLS","q95","occurrence5_k2_tropical_temperate_polar","Warmhouse",12,8,4,-0.202009483905459,0.250604031097648
"percentile_latbin_OLS","q95","occurrence5_k2_tropical_temperate_polar","Hothouse",10,4,6,0.0492197014155872,0.198246229525124
"percentile_latbin_OLS","q95","occurrence5_k3_tropical_temperate","Coldhouse",7,5,2,-0.468838424161383,0.400127134829366
"percentile_latbin_OLS","q95","occurrence5_k3_tropical_temperate","Coolhouse",14,7,7,-0.473710548248684,0.474536834716588
"percentile_latbin_OLS","q95","occurrence5_k3_tropical_temperate","Transitional",14,9,5,0.0770450530407049,0.832544070398387
"percentile_latbin_OLS","q95","occurrence5_k3_tropical_temperate","Warmhouse",12,8,4,-0.202009483905459,0.58654483815345
"percentile_latbin_OLS","q95","occurrence5_k3_tropical_temperate","Hothouse",10,4,6,0.0988165562410447,0.327035311336498
"percentile_latbin_OLS","q95","occurrence5_k3_tropical_temperate_polar","Coldhouse",2,2,0,-0.641064638564775,0.172226214403392
"percentile_latbin_OLS","q95","occurrence5_k3_tropical_temperate_polar","Coolhouse",7,3,4,-0.442881062132891,0.467049167402411
"percentile_latbin_OLS","q95","occurrence5_k3_tropical_temperate_polar","Transitional",4,2,2,-0.563484124210477,0.412707398236407
"percentile_latbin_OLS","q95","occurrence5_k3_tropical_temperate_polar","Warmhouse",7,5,2,-0.242991412022184,0.161577449734814
"percentile_latbin_OLS","q95","occurrence5_k3_tropical_temperate_polar","Hothouse",4,2,2,0.130228292542353,0.695327471577612
