"method_group","slope_metric","Analysis scope","QC Scenario","Group 1","Group 2","n1","n2","Median difference","W statistics","p value","p-adjusted value"
"per_cell_all_cells_OLS","all_cells_slope","Combined","occurrence5_k1_tropical_temperate","Coldhouse","Transitional",21,25,-0.450613885462552,96,0.000125738776554712,0.000788937671282864
"per_cell_all_cells_OLS","all_cells_slope","Combined","occurrence5_k1_tropical_temperate","Coldhouse","Warmhouse",21,19,-0.550050675863299,66,0.000157787534256573,0.000788937671282864
"per_cell_all_cells_OLS","all_cells_slope","Combined","occurrence5_k1_tropical_temperate","Coldhouse","Hothouse",21,22,-0.583626724301603,92,0.000382632304328475,0.00127544101442825
"per_cell_all_cells_OLS","all_cells_slope","Combined","occurrence5_k1_tropical_temperate","Coldhouse","Coolhouse",21,31,-0.308528992337092,197,0.00849073880841686,0.018489978250643
"per_cell_all_cells_OLS","all_cells_slope","Combined","occurrence5_k1_tropical_temperate","Coolhouse","Hothouse",31,22,-0.275097731964511,210,0.0092449891253215,0.018489978250643
"per_cell_all_cells_OLS","all_cells_slope","Combined","occurrence5_k1_tropical_temperate","Coolhouse","Warmhouse",31,19,-0.241521683526208,191,0.0197632998660293,0.0329388331100488
"per_cell_all_cells_OLS","all_cells_slope","Combined","occurrence5_k1_tropical_temperate","Coolhouse","Transitional",31,25,-0.142084893125461,294,0.0626626569856127,0.0895180814080182
"per_cell_all_cells_OLS","all_cells_slope","Combined","occurrence5_k1_tropical_temperate","Transitional","Hothouse",25,22,-0.133012838839051,216,0.106157652648631,0.132697065810788
"per_cell_all_cells_OLS","all_cells_slope","Combined","occurrence5_k1_tropical_temperate","Warmhouse","Hothouse",19,22,-0.0335760484383038,172,0.169973811364605,0.188859790405117
"per_cell_all_cells_OLS","all_cells_slope","Combined","occurrence5_k1_tropical_temperate","Transitional","Warmhouse",25,19,-0.0994367904007469,219,0.334874982411935,0.334874982411935
"per_cell_all_cells_OLS","all_cells_slope","Combined","occurrence5_k1_tropical_temperate_polar","Coolhouse","Hothouse",20,10,-0.280656110457854,24,0.000447583231294208,0.00447583231294208
"per_cell_all_cells_OLS","all_cells_slope","Combined","occurrence5_k1_tropical_temperate_polar","Coldhouse","Hothouse",8,10,-0.62178876344077,6,0.00145754292918706,0.00728771464593531
"per_cell_all_cells_OLS","all_cells_slope","Combined","occurrence5_k1_tropical_temperate_polar","Coldhouse","Transitional",8,14,-0.488267182993025,19,0.00636541985457077,0.0212180661819026
"per_cell_all_cells_OLS","all_cells_slope","Combined","occurrence5_k1_tropical_temperate_polar","Coldhouse","Warmhouse",8,12,-0.470250741247096,18,0.0114237705785561,0.0285594264463901
"per_cell_all_cells_OLS","all_cells_slope","Combined","occurrence5_k1_tropical_temperate_polar","Coldhouse","Coolhouse",8,20,-0.341132652982915,41,0.0251203829880527,0.0502407659761055
"per_cell_all_cells_OLS","all_cells_slope","Combined","occurrence5_k1_tropical_temperate_polar","Coolhouse","Transitional",20,14,-0.147134530010109,90,0.0416243927910445,0.0520304909888057
"per_cell_all_cells_OLS","all_cells_slope","Combined","occurrence5_k1_tropical_temperate_polar","Transitional","Hothouse",14,10,-0.133521580447745,39,0.0370579576017542,0.0520304909888057
"per_cell_all_cells_OLS","all_cells_slope","Combined","occurrence5_k1_tropical_temperate_polar","Warmhouse","Hothouse",12,10,-0.151538022193674,32,0.0348930666938495,0.0520304909888057
"per_cell_all_cells_OLS","all_cells_slope","Combined","occurrence5_k1_tropical_temperate_polar","Coolhouse","Warmhouse",20,12,-0.12911808826418,81,0.0669873578027942,0.0744303975586603
"per_cell_all_cells_OLS","all_cells_slope","Combined","occurrence5_k1_tropical_temperate_polar","Transitional","Warmhouse",14,12,0.0180164417459291,86,0.551157427086914,0.551157427086914
"per_cell_all_cells_OLS","all_cells_slope","Combined","occurrence5_k2_tropical_temperate","Coldhouse","Transitional",12,15,-0.602542780844845,21,0.000415199978891537,0.00201764892987083
"per_cell_all_cells_OLS","all_cells_slope","Combined","occurrence5_k2_tropical_temperate","Coldhouse","Warmhouse",12,13,-0.614321106516279,18,0.00060529467896125,0.00201764892987083
"per_cell_all_cells_OLS","all_cells_slope","Combined","occurrence5_k2_tropical_temperate","Coldhouse","Hothouse",12,11,-0.616477082111123,9,0.000253212679839352,0.00201764892987083
"per_cell_all_cells_OLS","all_cells_slope","Combined","occurrence5_k2_tropical_temperate","Coolhouse","Hothouse",20,11,-0.275344429128207,44,0.00342301796163731,0.00855754490409328
"per_cell_all_cells_OLS","all_cells_slope","Combined","occurrence5_k2_tropical_temperate","Coldhouse","Coolhouse",12,20,-0.341132652982915,64,0.0153733893076646,0.0307467786153292
"per_cell_all_cells_OLS","all_cells_slope","Combined","occurrence5_k2_tropical_temperate","Coolhouse","Transitional",20,15,-0.26141012786193,89,0.02186515536793,0.0312359362399
"per_cell_all_cells_OLS","all_cells_slope","Combined","occurrence5_k2_tropical_temperate","Coolhouse","Warmhouse",20,13,-0.273188453533363,74,0.02043574885822,0.0312359362399
"per_cell_all_cells_OLS","all_cells_slope","Combined","occurrence5_k2_tropical_temperate","Warmhouse","Hothouse",13,11,-0.00215597559484421,52,0.135493080652293,0.169366350815366
"per_cell_all_cells_OLS","all_cells_slope","Combined","occurrence5_k2_tropical_temperate","Transitional","Hothouse",15,11,-0.0139343012662774,68,0.233735816048187,0.259706462275763
"per_cell_all_cells_OLS","all_cells_slope","Combined","occurrence5_k2_tropical_temperate","Transitional","Warmhouse",15,13,-0.0117783256714331,103,0.608876524218716,0.608876524218716
"per_cell_all_cells_OLS","all_cells_slope","Combined","occurrence5_k2_tropical_temperate_polar","Coldhouse","Coolhouse",3,13,-0.29412821193198,4,0.0217946734675793,0.0363244557792989
"per_cell_all_cells_OLS","all_cells_slope","Combined","occurrence5_k2_tropical_temperate_polar","Coldhouse","Transitional",3,5,-0.351542819741522,0,0.0184442128535249,0.0363244557792989
"per_cell_all_cells_OLS","all_cells_slope","Combined","occurrence5_k2_tropical_temperate_polar","Coldhouse","Warmhouse",3,6,-0.567297632843708,0,0.0140929010739537,0.0363244557792989
"per_cell_all_cells_OLS","all_cells_slope","Combined","occurrence5_k2_tropical_temperate_polar","Coldhouse","Hothouse",3,5,-0.685513822771417,0,0.0184442128535249,0.0363244557792989
"per_cell_all_cells_OLS","all_cells_slope","Combined","occurrence5_k2_tropical_temperate_polar","Coolhouse","Warmhouse",13,6,-0.273169420911728,12,0.010057288181236,0.0363244557792989
"per_cell_all_cells_OLS","all_cells_slope","Combined","occurrence5_k2_tropical_temperate_polar","Coolhouse","Hothouse",13,5,-0.391385610839437,5,0.0038900608947039,0.0363244557792989
"per_cell_all_cells_OLS","all_cells_slope","Combined","occurrence5_k2_tropical_temperate_polar","Transitional","Hothouse",5,5,-0.333971003029895,4,0.047346471299738,0.0676378161424828
"per_cell_all_cells_OLS","all_cells_slope","Combined","occurrence5_k2_tropical_temperate_polar","Transitional","Warmhouse",5,6,-0.215754813102186,9,0.157651226040873,0.197064032551091
"per_cell_all_cells_OLS","all_cells_slope","Combined","occurrence5_k2_tropical_temperate_polar","Warmhouse","Hothouse",6,5,-0.118216189927709,10,0.20565689588813,0.228507662097922
"per_cell_all_cells_OLS","all_cells_slope","Combined","occurrence5_k2_tropical_temperate_polar","Coolhouse","Transitional",13,5,-0.057414607809542,27,0.311054322340936,0.311054322340936
"per_cell_all_cells_OLS","all_cells_slope","Combined","occurrence5_k3_tropical_temperate","Coldhouse","Transitional",5,9,-0.625474876914537,3,0.00564917275556064,0.0200804727367356
"per_cell_all_cells_OLS","all_cells_slope","Combined","occurrence5_k3_tropical_temperate","Coldhouse","Warmhouse",5,10,-0.562320351603305,4,0.00602414182102069,0.0200804727367356
"per_cell_all_cells_OLS","all_cells_slope","Combined","occurrence5_k3_tropical_temperate","Coldhouse","Hothouse",5,7,-0.685513822771417,1,0.00468305581653336,0.0200804727367356
"per_cell_all_cells_OLS","all_cells_slope","Combined","occurrence5_k3_tropical_temperate","Coolhouse","Hothouse",8,7,-0.337243036474053,10,0.0214218009140082,0.0535545022850205
"per_cell_all_cells_OLS","all_cells_slope","Combined","occurrence5_k3_tropical_temperate","Coolhouse","Transitional",8,9,-0.277204090617172,18,0.0460967981828697,0.0921935963657394
"per_cell_all_cells_OLS","all_cells_slope","Combined","occurrence5_k3_tropical_temperate","Coolhouse","Warmhouse",8,10,-0.214049565305941,23,0.0713154978948937,0.118859163158156
"per_cell_all_cells_OLS","all_cells_slope","Combined","occurrence5_k3_tropical_temperate","Coldhouse","Coolhouse",5,8,-0.348270786297364,11,0.106699627188181,0.139070143578694
"per_cell_all_cells_OLS","all_cells_slope","Combined","occurrence5_k3_tropical_temperate","Warmhouse","Hothouse",10,7,-0.123193471168111,22,0.111256114862955,0.139070143578694
"per_cell_all_cells_OLS","all_cells_slope","Combined","occurrence5_k3_tropical_temperate","Transitional","Hothouse",9,7,-0.0600389458568801,30,0.457850196765661,0.508722440850735
"per_cell_all_cells_OLS","all_cells_slope","Combined","occurrence5_k3_tropical_temperate","Transitional","Warmhouse",9,10,0.0631545253112314,58,0.86482792967261,0.86482792967261
"per_cell_all_cells_OLS","all_cells_slope","Combined","occurrence5_k3_tropical_temperate_polar","Coolhouse","Hothouse",3,4,-0.288378674733189,0,0.0259149636089548,0.155489781653729
"per_cell_all_cells_OLS","all_cells_slope","Combined","occurrence5_k3_tropical_temperate_polar","Coolhouse","Warmhouse",3,4,-0.171772093852253,2,0.10796246947007,0.247159973211907
"per_cell_all_cells_OLS","all_cells_slope","Combined","occurrence5_k3_tropical_temperate_polar","Transitional","Hothouse",2,4,-0.166438283813599,1,0.123579986605954,0.247159973211907
"per_cell_all_cells_OLS","all_cells_slope","Combined","occurrence5_k3_tropical_temperate_polar","Coolhouse","Transitional",3,2,-0.12194039091959,1,0.193238115385616,0.282291853235274
"per_cell_all_cells_OLS","all_cells_slope","Combined","occurrence5_k3_tropical_temperate_polar","Warmhouse","Hothouse",4,4,-0.116606580880936,5,0.235243211029395,0.282291853235274
"per_cell_all_cells_OLS","all_cells_slope","Combined","occurrence5_k3_tropical_temperate_polar","Transitional","Warmhouse",2,4,-0.0498317029326622,4,0.591519339142304,0.591519339142304
"per_cell_all_cells_OLS","all_cells_slope","Combined","occurrence5_k3_tropical_temperate_polar","Coldhouse","Coolhouse",1,3,-0.507538999751305,NA,NA,NA
"per_cell_all_cells_OLS","all_cells_slope","Combined","occurrence5_k3_tropical_temperate_polar","Coldhouse","Transitional",1,2,-0.629479390670895,NA,NA,NA
"per_cell_all_cells_OLS","all_cells_slope","Combined","occurrence5_k3_tropical_temperate_polar","Coldhouse","Warmhouse",1,4,-0.679311093603557,NA,NA,NA
"per_cell_all_cells_OLS","all_cells_slope","Combined","occurrence5_k3_tropical_temperate_polar","Coldhouse","Hothouse",1,4,-0.795917674484494,NA,NA,NA
"per_cell_all_cells_OLS","all_cells_slope","Combined","occurrence10_k1_tropical_temperate","Coldhouse","Hothouse",21,19,-0.713643489121543,26,1.39620938721293e-06,1.39620938721293e-05
"per_cell_all_cells_OLS","all_cells_slope","Combined","occurrence10_k1_tropical_temperate","Coldhouse","Warmhouse",21,17,-0.574352800609983,44,4.17803123742695e-05,0.000208901561871348
"per_cell_all_cells_OLS","all_cells_slope","Combined","occurrence10_k1_tropical_temperate","Coldhouse","Transitional",21,23,-0.393054703829514,92,0.000231723163623543,0.000680875180940545
"per_cell_all_cells_OLS","all_cells_slope","Combined","occurrence10_k1_tropical_temperate","Coolhouse","Hothouse",31,19,-0.393480569352839,121,0.000272350072376218,0.000680875180940545
"per_cell_all_cells_OLS","all_cells_slope","Combined","occurrence10_k1_tropical_temperate","Transitional","Hothouse",23,19,-0.320588785292029,96,0.00102457731439002,0.00204915462878004
"per_cell_all_cells_OLS","all_cells_slope","Combined","occurrence10_k1_tropical_temperate","Warmhouse","Hothouse",17,19,-0.13929068851156,71,0.00217308591024769,0.00362180985041281
"per_cell_all_cells_OLS","all_cells_slope","Combined","occurrence10_k1_tropical_temperate","Coldhouse","Coolhouse",21,31,-0.320162919768704,201,0.0103747593880103,0.0148210848400147
"per_cell_all_cells_OLS","all_cells_slope","Combined","occurrence10_k1_tropical_temperate","Coolhouse","Warmhouse",31,17,-0.254189880841279,173,0.0261822304249165,0.0327277880311457
"per_cell_all_cells_OLS","all_cells_slope","Combined","occurrence10_k1_tropical_temperate","Coolhouse","Transitional",31,23,-0.0728917840608104,296,0.146955507436699,0.163283897151888
"per_cell_all_cells_OLS","all_cells_slope","Combined","occurrence10_k1_tropical_temperate","Transitional","Warmhouse",23,17,-0.181298096780469,163,0.190648683443373,0.190648683443373
"per_cell_all_cells_OLS","all_cells_slope","Combined","occurrence10_k1_tropical_temperate_polar","Coldhouse","Hothouse",8,8,-0.734858143430737,0,0.000469552849558595,0.00227623975460182
"per_cell_all_cells_OLS","all_cells_slope","Combined","occurrence10_k1_tropical_temperate_polar","Coolhouse","Hothouse",18,8,-0.398314490239959,9,0.000258084437688403,0.00227623975460182
"per_cell_all_cells_OLS","all_cells_slope","Combined","occurrence10_k1_tropical_temperate_polar","Transitional","Hothouse",12,8,-0.294002419305856,6,0.000682871926380546,0.00227623975460182
"per_cell_all_cells_OLS","all_cells_slope","Combined","occurrence10_k1_tropical_temperate_polar","Warmhouse","Hothouse",10,8,-0.188030131568262,8,0.00256426009803041,0.00641065024507601
"per_cell_all_cells_OLS","all_cells_slope","Combined","occurrence10_k1_tropical_temperate_polar","Coldhouse","Transitional",8,12,-0.44085572412488,15,0.00608064302890549,0.0121233532227858
"per_cell_all_cells_OLS","all_cells_slope","Combined","occurrence10_k1_tropical_temperate_polar","Coldhouse","Warmhouse",8,10,-0.546828011862475,12,0.0072740119336715,0.0121233532227858
"per_cell_all_cells_OLS","all_cells_slope","Combined","occurrence10_k1_tropical_temperate_polar","Coldhouse","Coolhouse",8,18,-0.336543653190778,38,0.0313642437242549,0.0448060624632213
"per_cell_all_cells_OLS","all_cells_slope","Combined","occurrence10_k1_tropical_temperate_polar","Coolhouse","Warmhouse",18,10,-0.210284358671697,60,0.0786197890100344,0.098274736262543
"per_cell_all_cells_OLS","all_cells_slope","Combined","occurrence10_k1_tropical_temperate_polar","Coolhouse","Transitional",18,12,-0.104312070934102,81,0.130966416723683,0.145518240804092
"per_cell_all_cells_OLS","all_cells_slope","Combined","occurrence10_k1_tropical_temperate_polar","Transitional","Warmhouse",12,10,-0.105972287737594,48,0.224139431104095,0.224139431104095
"per_cell_all_cells_OLS","all_cells_slope","Combined","occurrence10_k2_tropical_temperate","Coldhouse","Warmhouse",10,13,-0.639000594394273,3,6.83488895992727e-05,0.000341744447996364
"per_cell_all_cells_OLS","all_cells_slope","Combined","occurrence10_k2_tropical_temperate","Coldhouse","Hothouse",10,11,-0.757438810372673,0,6.20772303008169e-05,0.000341744447996364
"per_cell_all_cells_OLS","all_cells_slope","Combined","occurrence10_k2_tropical_temperate","Coldhouse","Transitional",10,15,-0.503591701282587,9,0.000139917118688963,0.000466390395629877
"per_cell_all_cells_OLS","all_cells_slope","Combined","occurrence10_k2_tropical_temperate","Coolhouse","Hothouse",18,11,-0.393200720880693,36,0.00248350069116166,0.00620875172790414
"per_cell_all_cells_OLS","all_cells_slope","Combined","occurrence10_k2_tropical_temperate","Warmhouse","Hothouse",13,11,-0.1184382159784,31,0.0102392935814382,0.0204785871628763
"per_cell_all_cells_OLS","all_cells_slope","Combined","occurrence10_k2_tropical_temperate","Coldhouse","Coolhouse",10,18,-0.36423808949198,44,0.0145710839325401,0.0242851398875669
"per_cell_all_cells_OLS","all_cells_slope","Combined","occurrence10_k2_tropical_temperate","Coolhouse","Warmhouse",18,13,-0.274762504902293,69,0.0286168481990691,0.0408812117129558
"per_cell_all_cells_OLS","all_cells_slope","Combined","occurrence10_k2_tropical_temperate","Transitional","Hothouse",15,11,-0.253847109090086,48,0.0388157089965808,0.0485196362457261
"per_cell_all_cells_OLS","all_cells_slope","Combined","occurrence10_k2_tropical_temperate","Coolhouse","Transitional",18,15,-0.139353611790607,94,0.0715586491291007,0.0795096101434453
"per_cell_all_cells_OLS","all_cells_slope","Combined","occurrence10_k2_tropical_temperate","Transitional","Warmhouse",15,13,-0.135408893111686,92,0.408918949627559,0.408918949627559
"per_cell_all_cells_OLS","all_cells_slope","Combined","occurrence10_k2_tropical_temperate_polar","Coolhouse","Warmhouse",8,4,-0.264336268635713,0,0.00423740094607692,0.0344735653282557
"per_cell_all_cells_OLS","all_cells_slope","Combined","occurrence10_k2_tropical_temperate_polar","Coolhouse","Hothouse",8,4,-0.383730810950584,1,0.00689471306565113,0.0344735653282557
"per_cell_all_cells_OLS","all_cells_slope","Combined","occurrence10_k2_tropical_temperate_polar","Transitional","Warmhouse",4,4,-0.218879839955926,0,0.0151914109882887,0.0379785274707219
"per_cell_all_cells_OLS","all_cells_slope","Combined","occurrence10_k2_tropical_temperate_polar","Transitional","Hothouse",4,4,-0.338274382270797,0,0.0151914109882887,0.0379785274707219
"per_cell_all_cells_OLS","all_cells_slope","Combined","occurrence10_k2_tropical_temperate_polar","Coldhouse","Coolhouse",2,8,-0.351127332480153,0,0.0250930933844877,0.0501861867689753
"per_cell_all_cells_OLS","all_cells_slope","Combined","occurrence10_k2_tropical_temperate_polar","Coldhouse","Transitional",2,4,-0.396583761159939,0,0.0525962525600207,0.0657453157000259
"per_cell_all_cells_OLS","all_cells_slope","Combined","occurrence10_k2_tropical_temperate_polar","Coldhouse","Warmhouse",2,4,-0.615463601115866,0,0.0525962525600207,0.0657453157000259
"per_cell_all_cells_OLS","all_cells_slope","Combined","occurrence10_k2_tropical_temperate_polar","Coldhouse","Hothouse",2,4,-0.734858143430737,0,0.0525962525600207,0.0657453157000259
"per_cell_all_cells_OLS","all_cells_slope","Combined","occurrence10_k2_tropical_temperate_polar","Warmhouse","Hothouse",4,4,-0.119394542314871,4,0.156160710838108,0.173511900931231
"per_cell_all_cells_OLS","all_cells_slope","Combined","occurrence10_k2_tropical_temperate_polar","Coolhouse","Transitional",8,4,-0.0454564286797864,14,0.399453334821635,0.399453334821635
"per_cell_all_cells_OLS","all_cells_slope","Combined","occurrence10_k3_tropical_temperate","Coldhouse","Transitional",3,7,-0.56250470992135,0,0.0113272470400447,0.046976336913179
"per_cell_all_cells_OLS","all_cells_slope","Combined","occurrence10_k3_tropical_temperate","Coldhouse","Warmhouse",3,8,-0.676855578435396,0,0.00945177150556067,0.046976336913179
"per_cell_all_cells_OLS","all_cells_slope","Combined","occurrence10_k3_tropical_temperate","Coldhouse","Hothouse",3,6,-0.780746286966683,0,0.0140929010739537,0.046976336913179
"per_cell_all_cells_OLS","all_cells_slope","Combined","occurrence10_k3_tropical_temperate","Coldhouse","Coolhouse",3,8,-0.494139286737034,3,0.0413655111575512,0.0827310223151024
"per_cell_all_cells_OLS","all_cells_slope","Combined","occurrence10_k3_tropical_temperate","Warmhouse","Hothouse",8,6,-0.103890708531288,10,0.0406805646170377,0.0827310223151024
"per_cell_all_cells_OLS","all_cells_slope","Combined","occurrence10_k3_tropical_temperate","Coolhouse","Hothouse",8,6,-0.28660700022965,14,0.110015681790706,0.183359469651177
"per_cell_all_cells_OLS","all_cells_slope","Combined","occurrence10_k3_tropical_temperate","Coolhouse","Warmhouse",8,8,-0.182716291698362,25,0.247418269056549,0.325198000317104
"per_cell_all_cells_OLS","all_cells_slope","Combined","occurrence10_k3_tropical_temperate","Transitional","Hothouse",7,6,-0.218241577045334,16,0.260158400253683,0.325198000317104
"per_cell_all_cells_OLS","all_cells_slope","Combined","occurrence10_k3_tropical_temperate","Coolhouse","Transitional",8,7,-0.0683654231843162,25,0.38616872064639,0.429076356273767
"per_cell_all_cells_OLS","all_cells_slope","Combined","occurrence10_k3_tropical_temperate","Transitional","Warmhouse",7,8,-0.114350868514046,27,0.476928576530802,0.476928576530802
"per_cell_all_cells_OLS","all_cells_slope","Combined","occurrence10_k3_tropical_temperate_polar","Coolhouse","Warmhouse",3,3,-0.268049117550908,0,0.0404277991850261,0.0837088262237192
"per_cell_all_cells_OLS","all_cells_slope","Combined","occurrence10_k3_tropical_temperate_polar","Coolhouse","Hothouse",3,4,-0.377017423599199,1,0.0558058841491461,0.0837088262237192
"per_cell_all_cells_OLS","all_cells_slope","Combined","occurrence10_k3_tropical_temperate_polar","Warmhouse","Hothouse",3,4,-0.108968306048291,3,0.188379558905791,0.188379558905791
"per_cell_all_cells_OLS","all_cells_slope","Combined","occurrence10_k3_tropical_temperate_polar","Coldhouse","Coolhouse",1,3,-0.393781403643897,NA,NA,NA
"per_cell_all_cells_OLS","all_cells_slope","Combined","occurrence10_k3_tropical_temperate_polar","Coldhouse","Transitional",1,1,-0.56250470992135,NA,NA,NA
"per_cell_all_cells_OLS","all_cells_slope","Combined","occurrence10_k3_tropical_temperate_polar","Coldhouse","Warmhouse",1,3,-0.661830521194805,NA,NA,NA
"per_cell_all_cells_OLS","all_cells_slope","Combined","occurrence10_k3_tropical_temperate_polar","Coldhouse","Hothouse",1,4,-0.770798827243095,NA,NA,NA
"per_cell_all_cells_OLS","all_cells_slope","Combined","occurrence10_k3_tropical_temperate_polar","Coolhouse","Transitional",3,1,-0.168723306277453,NA,NA,NA
"per_cell_all_cells_OLS","all_cells_slope","Combined","occurrence10_k3_tropical_temperate_polar","Transitional","Warmhouse",1,3,-0.0993258112734547,NA,NA,NA
"per_cell_all_cells_OLS","all_cells_slope","Combined","occurrence10_k3_tropical_temperate_polar","Transitional","Hothouse",1,4,-0.208294117321746,NA,NA,NA
"per_cell_all_cells_OLS","all_cells_slope","Combined","collection5_k1_tropical_temperate","Coldhouse","Transitional",19,23,-0.591407206346208,65,5.52262060447458e-05,0.000552262060447458
"per_cell_all_cells_OLS","all_cells_slope","Combined","collection5_k1_tropical_temperate","Coldhouse","Warmhouse",19,16,-0.47706768394319,49,0.000344254917736094,0.00114751639245365
"per_cell_all_cells_OLS","all_cells_slope","Combined","collection5_k1_tropical_temperate","Coldhouse","Hothouse",19,18,-0.68275090971146,58,0.000314811912429431,0.00114751639245365
"per_cell_all_cells_OLS","all_cells_slope","Combined","collection5_k1_tropical_temperate","Coldhouse","Coolhouse",19,30,-0.311007713794551,179,0.0152009537514161,0.0365534952032514
"per_cell_all_cells_OLS","all_cells_slope","Combined","collection5_k1_tropical_temperate","Coolhouse","Transitional",30,23,-0.280399492551656,228,0.0182767476016257,0.0365534952032514
"per_cell_all_cells_OLS","all_cells_slope","Combined","collection5_k1_tropical_temperate","Coolhouse","Hothouse",30,18,-0.371743195916909,175,0.0220856724542213,0.0368094540903688
"per_cell_all_cells_OLS","all_cells_slope","Combined","collection5_k1_tropical_temperate","Coolhouse","Warmhouse",30,16,-0.166059970148639,172,0.0597623832691046,0.0747029790863807
"per_cell_all_cells_OLS","all_cells_slope","Combined","collection5_k1_tropical_temperate","Warmhouse","Hothouse",16,18,-0.20568322576827,98,0.058219287984645,0.0747029790863807
"per_cell_all_cells_OLS","all_cells_slope","Combined","collection5_k1_tropical_temperate","Transitional","Hothouse",23,18,-0.0913437033652527,192,0.35163129472269,0.390701438580767
"per_cell_all_cells_OLS","all_cells_slope","Combined","collection5_k1_tropical_temperate","Transitional","Warmhouse",23,16,0.114339522403017,217,0.830588239695259,0.830588239695259
"per_cell_all_cells_OLS","all_cells_slope","Combined","collection5_k1_tropical_temperate_polar","Coldhouse","Hothouse",8,8,-0.785651373276665,4,0.00193802072449738,0.00969010362248689
"per_cell_all_cells_OLS","all_cells_slope","Combined","collection5_k1_tropical_temperate_polar","Coolhouse","Hothouse",19,8,-0.442299013562316,20,0.00160427234700125,0.00969010362248689
"per_cell_all_cells_OLS","all_cells_slope","Combined","collection5_k1_tropical_temperate_polar","Coldhouse","Warmhouse",8,10,-0.559536873870083,11,0.00566598782259903,0.0188866260753301
"per_cell_all_cells_OLS","all_cells_slope","Combined","collection5_k1_tropical_temperate_polar","Coldhouse","Transitional",8,11,-0.490699047821663,16,0.0115814286908744,0.028953571727186
"per_cell_all_cells_OLS","all_cells_slope","Combined","collection5_k1_tropical_temperate_polar","Coolhouse","Warmhouse",19,10,-0.216184514155734,48,0.0164391485068263,0.0328782970136526
"per_cell_all_cells_OLS","all_cells_slope","Combined","collection5_k1_tropical_temperate_polar","Transitional","Hothouse",11,8,-0.294952325455002,19,0.0215354954372138,0.0358924923953563
"per_cell_all_cells_OLS","all_cells_slope","Combined","collection5_k1_tropical_temperate_polar","Coldhouse","Coolhouse",8,19,-0.343352359714349,45,0.0526663757917265,0.0618367935168207
"per_cell_all_cells_OLS","all_cells_slope","Combined","collection5_k1_tropical_temperate_polar","Coolhouse","Transitional",19,11,-0.147346688107314,67,0.0556531141651386,0.0618367935168207
"per_cell_all_cells_OLS","all_cells_slope","Combined","collection5_k1_tropical_temperate_polar","Warmhouse","Hothouse",10,8,-0.226114499406583,21,0.050112052808869,0.0618367935168207
"per_cell_all_cells_OLS","all_cells_slope","Combined","collection5_k1_tropical_temperate_polar","Transitional","Warmhouse",11,10,-0.0688378260484197,49,0.349267679151669,0.349267679151669
"per_cell_all_cells_OLS","all_cells_slope","Combined","collection5_k2_tropical_temperate","Coldhouse","Transitional",9,15,-0.802755544168693,16,0.00117876379789775,0.00480080778171182
"per_cell_all_cells_OLS","all_cells_slope","Combined","collection5_k2_tropical_temperate","Coldhouse","Warmhouse",9,10,-0.663046495740164,8,0.00144024233451355,0.00480080778171182
"per_cell_all_cells_OLS","all_cells_slope","Combined","collection5_k2_tropical_temperate","Coldhouse","Hothouse",9,10,-0.790058918920108,6,0.000834668321371276,0.00480080778171182
"per_cell_all_cells_OLS","all_cells_slope","Combined","collection5_k2_tropical_temperate","Coolhouse","Hothouse",15,10,-0.35963363108787,30,0.00678562739731585,0.0169640684932896
"per_cell_all_cells_OLS","all_cells_slope","Combined","collection5_k2_tropical_temperate","Coolhouse","Warmhouse",15,10,-0.232621207907926,42,0.0357117288649261,0.0714234577298521
"per_cell_all_cells_OLS","all_cells_slope","Combined","collection5_k2_tropical_temperate","Coldhouse","Coolhouse",9,15,-0.430425287832238,39,0.0474995202916067,0.0791658671526779
"per_cell_all_cells_OLS","all_cells_slope","Combined","collection5_k2_tropical_temperate","Coolhouse","Transitional",15,15,-0.372330256336454,74,0.0574937096007798,0.0821338708582569
"per_cell_all_cells_OLS","all_cells_slope","Combined","collection5_k2_tropical_temperate","Warmhouse","Hothouse",10,10,-0.127012423179945,37,0.172352111003479,0.215440138754349
"per_cell_all_cells_OLS","all_cells_slope","Combined","collection5_k2_tropical_temperate","Transitional","Hothouse",15,10,0.0126966252485841,73,0.466844256849753,0.51871584094417
"per_cell_all_cells_OLS","all_cells_slope","Combined","collection5_k2_tropical_temperate","Transitional","Warmhouse",15,10,0.139709048428529,86,0.73823231206386,0.73823231206386
"per_cell_all_cells_OLS","all_cells_slope","Combined","collection5_k2_tropical_temperate_polar","Coolhouse","Hothouse",9,4,-0.480260973959335,0,0.00346375898861325,0.0346375898861325
"per_cell_all_cells_OLS","all_cells_slope","Combined","collection5_k2_tropical_temperate_polar","Coolhouse","Warmhouse",9,3,-0.317807310993639,0,0.00811502428730668,0.0405751214365334
"per_cell_all_cells_OLS","all_cells_slope","Combined","collection5_k2_tropical_temperate_polar","Coldhouse","Coolhouse",3,9,-0.240451896149144,3,0.0322288591353379,0.0551604831018279
"per_cell_all_cells_OLS","all_cells_slope","Combined","collection5_k2_tropical_temperate_polar","Coldhouse","Transitional",3,5,-0.34564397579701,0,0.0184442128535249,0.0551604831018279
"per_cell_all_cells_OLS","all_cells_slope","Combined","collection5_k2_tropical_temperate_polar","Coldhouse","Hothouse",3,4,-0.720712870108479,0,0.0259149636089548,0.0551604831018279
"per_cell_all_cells_OLS","all_cells_slope","Combined","collection5_k2_tropical_temperate_polar","Transitional","Hothouse",5,4,-0.375068894311469,2,0.0330962898610967,0.0551604831018279
"per_cell_all_cells_OLS","all_cells_slope","Combined","collection5_k2_tropical_temperate_polar","Coldhouse","Warmhouse",3,3,-0.558259207142783,0,0.0404277991850261,0.0577539988357516
"per_cell_all_cells_OLS","all_cells_slope","Combined","collection5_k2_tropical_temperate_polar","Coolhouse","Transitional",9,5,-0.105192079647866,13,0.115069670221708,0.129465545707725
"per_cell_all_cells_OLS","all_cells_slope","Combined","collection5_k2_tropical_temperate_polar","Transitional","Warmhouse",5,3,-0.212615231345773,3,0.116518991136953,0.129465545707725
"per_cell_all_cells_OLS","all_cells_slope","Combined","collection5_k2_tropical_temperate_polar","Warmhouse","Hothouse",3,4,-0.162453662965696,4,0.297941545282589,0.297941545282589
"per_cell_all_cells_OLS","all_cells_slope","Combined","collection5_k3_tropical_temperate","Coldhouse","Transitional",3,8,-1.08584070256359,1,0.0160443669891156,0.0307403547558749
"per_cell_all_cells_OLS","all_cells_slope","Combined","collection5_k3_tropical_temperate","Coldhouse","Warmhouse",3,8,-0.761539413661926,0,0.00945177150556067,0.0307403547558749
"per_cell_all_cells_OLS","all_cells_slope","Combined","collection5_k3_tropical_temperate","Coldhouse","Hothouse",3,5,-0.751633125713068,0,0.0184442128535249,0.0307403547558749
"per_cell_all_cells_OLS","all_cells_slope","Combined","collection5_k3_tropical_temperate","Coolhouse","Transitional",6,8,-0.533233385124557,5,0.00846234423422658,0.0307403547558749
"per_cell_all_cells_OLS","all_cells_slope","Combined","collection5_k3_tropical_temperate","Coolhouse","Warmhouse",6,8,-0.20893209622289,5,0.00846234423422658,0.0307403547558749
"per_cell_all_cells_OLS","all_cells_slope","Combined","collection5_k3_tropical_temperate","Coolhouse","Hothouse",6,5,-0.199025808274032,3,0.0178818832954889,0.0307403547558749
"per_cell_all_cells_OLS","all_cells_slope","Combined","collection5_k3_tropical_temperate","Coldhouse","Coolhouse",3,6,-0.552607317439035,2,0.0466449780918023,0.066635682988289
"per_cell_all_cells_OLS","all_cells_slope","Combined","collection5_k3_tropical_temperate","Warmhouse","Hothouse",8,5,0.00990628794885817,23,0.695796099883501,0.869745124854376
"per_cell_all_cells_OLS","all_cells_slope","Combined","collection5_k3_tropical_temperate","Transitional","Warmhouse",8,8,0.324301288901667,49,0.966959042041648,0.975933801890209
"per_cell_all_cells_OLS","all_cells_slope","Combined","collection5_k3_tropical_temperate","Transitional","Hothouse",8,5,0.334207576850525,33,0.975933801890209,0.975933801890209
"per_cell_all_cells_OLS","all_cells_slope","Combined","collection5_k3_tropical_temperate_polar","Coolhouse","Warmhouse",3,3,-0.187763705149122,0,0.0404277991850261,0.111686004884074
"per_cell_all_cells_OLS","all_cells_slope","Combined","collection5_k3_tropical_temperate_polar","Coolhouse","Hothouse",3,2,-0.248079620496245,0,0.0744573365893828,0.111686004884074
"per_cell_all_cells_OLS","all_cells_slope","Combined","collection5_k3_tropical_temperate_polar","Warmhouse","Hothouse",3,2,-0.0603159153471222,3,0.613585003657776,0.613585003657776
"per_cell_all_cells_OLS","all_cells_slope","Combined","collection5_k3_tropical_temperate_polar","Coldhouse","Coolhouse",1,3,-0.576296429124071,NA,NA,NA
"per_cell_all_cells_OLS","all_cells_slope","Combined","collection5_k3_tropical_temperate_polar","Coldhouse","Transitional",1,1,-0.824508101125416,NA,NA,NA
"per_cell_all_cells_OLS","all_cells_slope","Combined","collection5_k3_tropical_temperate_polar","Coldhouse","Warmhouse",1,3,-0.764060134273193,NA,NA,NA
"per_cell_all_cells_OLS","all_cells_slope","Combined","collection5_k3_tropical_temperate_polar","Coldhouse","Hothouse",1,2,-0.824376049620315,NA,NA,NA
"per_cell_all_cells_OLS","all_cells_slope","Combined","collection5_k3_tropical_temperate_polar","Coolhouse","Transitional",3,1,-0.248211672001345,NA,NA,NA
"per_cell_all_cells_OLS","all_cells_slope","Combined","collection5_k3_tropical_temperate_polar","Transitional","Warmhouse",1,3,0.0604479668522231,NA,NA,NA
"per_cell_all_cells_OLS","all_cells_slope","Combined","collection5_k3_tropical_temperate_polar","Transitional","Hothouse",1,2,0.000132051505100893,NA,NA,NA
"per_cell_all_cells_OLS","all_cells_slope","Combined","collection10_k1_tropical_temperate","Coldhouse","Hothouse",13,13,-0.954938154703181,8,4.860827183465e-05,0.0004860827183465
"per_cell_all_cells_OLS","all_cells_slope","Combined","collection10_k1_tropical_temperate","Coldhouse","Warmhouse",13,14,-0.721206803794288,17,0.00018077131752626,0.000903856587631302
"per_cell_all_cells_OLS","all_cells_slope","Combined","collection10_k1_tropical_temperate","Coldhouse","Transitional",13,20,-0.863180714435877,41,0.000555733140335345,0.00173382117793863
"per_cell_all_cells_OLS","all_cells_slope","Combined","collection10_k1_tropical_temperate","Coolhouse","Hothouse",24,13,-0.535893173897044,55,0.000693528471175454,0.00173382117793863
"per_cell_all_cells_OLS","all_cells_slope","Combined","collection10_k1_tropical_temperate","Warmhouse","Hothouse",14,13,-0.233731350908893,45,0.013624220446153,0.0272484408923059
"per_cell_all_cells_OLS","all_cells_slope","Combined","collection10_k1_tropical_temperate","Coldhouse","Coolhouse",13,24,-0.419044980806137,91,0.0200839390410355,0.0334732317350591
"per_cell_all_cells_OLS","all_cells_slope","Combined","collection10_k1_tropical_temperate","Coolhouse","Warmhouse",24,14,-0.30216182298815,106,0.0313668168436293,0.0448097383480418
"per_cell_all_cells_OLS","all_cells_slope","Combined","collection10_k1_tropical_temperate","Coolhouse","Transitional",24,20,-0.444135733629739,168,0.0459681334724005,0.0574601668405006
"per_cell_all_cells_OLS","all_cells_slope","Combined","collection10_k1_tropical_temperate","Transitional","Hothouse",20,13,-0.0917574402673042,105,0.183349667580067,0.203721852866741
"per_cell_all_cells_OLS","all_cells_slope","Combined","collection10_k1_tropical_temperate","Transitional","Warmhouse",20,14,0.141973910641589,149,0.630217989112504,0.630217989112504
"per_cell_all_cells_OLS","all_cells_slope","Combined","collection10_k1_tropical_temperate_polar","Coolhouse","Hothouse",12,5,-0.666637941674791,2,0.00187324045264605,0.0187324045264605
"per_cell_all_cells_OLS","all_cells_slope","Combined","collection10_k1_tropical_temperate_polar","Coldhouse","Warmhouse",6,8,-0.549725000009041,4,0.00591056891831115,0.0197018963943705
"per_cell_all_cells_OLS","all_cells_slope","Combined","collection10_k1_tropical_temperate_polar","Coldhouse","Hothouse",6,5,-0.835340798354234,0,0.00405655863278289,0.0197018963943705
"per_cell_all_cells_OLS","all_cells_slope","Combined","collection10_k1_tropical_temperate_polar","Transitional","Hothouse",7,5,-0.550800004211272,3,0.0114951970462325,0.0287379926155811
"per_cell_all_cells_OLS","all_cells_slope","Combined","collection10_k1_tropical_temperate_polar","Warmhouse","Hothouse",8,5,-0.285615798345193,5,0.0168944196918348,0.0337888393836696
"per_cell_all_cells_OLS","all_cells_slope","Combined","collection10_k1_tropical_temperate_polar","Coldhouse","Transitional",6,7,-0.284540794142962,7,0.0268920444311991,0.0419493376532597
"per_cell_all_cells_OLS","all_cells_slope","Combined","collection10_k1_tropical_temperate_polar","Coolhouse","Warmhouse",12,8,-0.381022143329598,23,0.0293645363572818,0.0419493376532597
"per_cell_all_cells_OLS","all_cells_slope","Combined","collection10_k1_tropical_temperate_polar","Transitional","Warmhouse",7,8,-0.265184205866079,18,0.135794337121687,0.169742921402109
"per_cell_all_cells_OLS","all_cells_slope","Combined","collection10_k1_tropical_temperate_polar","Coolhouse","Transitional",12,7,-0.115837937463519,30,0.165543335496763,0.183937039440847
"per_cell_all_cells_OLS","all_cells_slope","Combined","collection10_k1_tropical_temperate_polar","Coldhouse","Coolhouse",6,12,-0.168702856679444,28,0.241202603583113,0.241202603583113
"per_cell_all_cells_OLS","all_cells_slope","Combined","collection10_k2_tropical_temperate","Coldhouse","Warmhouse",6,9,-0.70058040740127,0,0.000894921639311727,0.00710571897184553
"per_cell_all_cells_OLS","all_cells_slope","Combined","collection10_k2_tropical_temperate","Coldhouse","Hothouse",6,7,-0.916389166842151,0,0.00170261791064738,0.00710571897184553
"per_cell_all_cells_OLS","all_cells_slope","Combined","collection10_k2_tropical_temperate","Coolhouse","Hothouse",9,7,-0.498876159890954,4,0.00213171569155366,0.00710571897184553
"per_cell_all_cells_OLS","all_cells_slope","Combined","collection10_k2_tropical_temperate","Coldhouse","Transitional",6,13,-0.930145357983234,8,0.0037361620593723,0.00934040514843074
"per_cell_all_cells_OLS","all_cells_slope","Combined","collection10_k2_tropical_temperate","Coolhouse","Transitional",9,13,-0.512632351032038,26,0.0163031523915086,0.0283909959534533
"per_cell_all_cells_OLS","all_cells_slope","Combined","collection10_k2_tropical_temperate","Coolhouse","Warmhouse",9,9,-0.283067400450074,16,0.017034597572072,0.0283909959534533
"per_cell_all_cells_OLS","all_cells_slope","Combined","collection10_k2_tropical_temperate","Coldhouse","Coolhouse",6,9,-0.417513006951197,18,0.158235893923989,0.197794867404986
"per_cell_all_cells_OLS","all_cells_slope","Combined","collection10_k2_tropical_temperate","Warmhouse","Hothouse",9,7,-0.215808759440881,21,0.144910984914307,0.197794867404986
"per_cell_all_cells_OLS","all_cells_slope","Combined","collection10_k2_tropical_temperate","Transitional","Hothouse",13,7,0.0137561911410832,48,0.593954221588398,0.65994913509822
"per_cell_all_cells_OLS","all_cells_slope","Combined","collection10_k2_tropical_temperate","Transitional","Warmhouse",13,9,0.229564950581964,66,0.703406872699142,0.703406872699142
"per_cell_all_cells_OLS","all_cells_slope","Combined","collection10_k2_tropical_temperate_polar","Coolhouse","Warmhouse",4,3,-0.255181167078134,2,0.10796246947007,0.129554963364084
"per_cell_all_cells_OLS","all_cells_slope","Combined","collection10_k2_tropical_temperate_polar","Coolhouse","Hothouse",4,4,-0.511160296871025,1,0.030300984856003,0.129554963364084
"per_cell_all_cells_OLS","all_cells_slope","Combined","collection10_k2_tropical_temperate_polar","Transitional","Warmhouse",3,3,-0.379534897928574,1,0.095215131912762,0.129554963364084
"per_cell_all_cells_OLS","all_cells_slope","Combined","collection10_k2_tropical_temperate_polar","Transitional","Hothouse",3,4,-0.635514027721466,1,0.0558058841491461,0.129554963364084
"per_cell_all_cells_OLS","all_cells_slope","Combined","collection10_k2_tropical_temperate_polar","Warmhouse","Hothouse",3,4,-0.255979129792891,2,0.10796246947007,0.129554963364084
"per_cell_all_cells_OLS","all_cells_slope","Combined","collection10_k2_tropical_temperate_polar","Coolhouse","Transitional",4,3,0.124353730850441,7,0.702058454717411,0.702058454717411
"per_cell_all_cells_OLS","all_cells_slope","Combined","collection10_k2_tropical_temperate_polar","Coldhouse","Coolhouse",1,4,-0.509269782966444,NA,NA,NA
"per_cell_all_cells_OLS","all_cells_slope","Combined","collection10_k2_tropical_temperate_polar","Coldhouse","Transitional",1,3,-0.384916052116003,NA,NA,NA
"per_cell_all_cells_OLS","all_cells_slope","Combined","collection10_k2_tropical_temperate_polar","Coldhouse","Warmhouse",1,3,-0.764450950044577,NA,NA,NA
"per_cell_all_cells_OLS","all_cells_slope","Combined","collection10_k2_tropical_temperate_polar","Coldhouse","Hothouse",1,4,-1.02043007983747,NA,NA,NA
"per_cell_all_cells_OLS","all_cells_slope","Combined","collection10_k3_tropical_temperate","Coolhouse","Transitional",2,3,-0.773831934006223,0,0.0744573365893828,0.148914673178766
"per_cell_all_cells_OLS","all_cells_slope","Combined","collection10_k3_tropical_temperate","Coolhouse","Warmhouse",2,6,-0.486078146581727,0,0.0333765075848173,0.148914673178766
"per_cell_all_cells_OLS","all_cells_slope","Combined","collection10_k3_tropical_temperate","Coolhouse","Hothouse",2,4,-0.762699139187827,0,0.0525962525600207,0.148914673178766
"per_cell_all_cells_OLS","all_cells_slope","Combined","collection10_k3_tropical_temperate","Warmhouse","Hothouse",6,4,-0.2766209926061,6,0.120477334350785,0.180716001526178
"per_cell_all_cells_OLS","all_cells_slope","Combined","collection10_k3_tropical_temperate","Transitional","Warmhouse",3,6,0.287753787424496,15,0.953355021908198,0.953355021908198
"per_cell_all_cells_OLS","all_cells_slope","Combined","collection10_k3_tropical_temperate","Transitional","Hothouse",3,4,0.011132794818396,8,0.811620441094209,0.953355021908198
"per_cell_all_cells_OLS","all_cells_slope","Combined","collection10_k3_tropical_temperate","Coldhouse","Coolhouse",1,2,0.00744524552223236,NA,NA,NA
"per_cell_all_cells_OLS","all_cells_slope","Combined","collection10_k3_tropical_temperate","Coldhouse","Transitional",1,3,-0.766386688483991,NA,NA,NA
"per_cell_all_cells_OLS","all_cells_slope","Combined","collection10_k3_tropical_temperate","Coldhouse","Warmhouse",1,6,-0.478632901059495,NA,NA,NA
"per_cell_all_cells_OLS","all_cells_slope","Combined","collection10_k3_tropical_temperate","Coldhouse","Hothouse",1,4,-0.755253893665595,NA,NA,NA
"per_cell_all_cells_OLS","all_cells_slope","Combined","collection10_k3_tropical_temperate_polar","Coldhouse","Coolhouse",0,0,NA,NA,NA,NA
"per_cell_all_cells_OLS","all_cells_slope","Combined","collection10_k3_tropical_temperate_polar","Coldhouse","Transitional",0,0,NA,NA,NA,NA
"per_cell_all_cells_OLS","all_cells_slope","Combined","collection10_k3_tropical_temperate_polar","Coldhouse","Warmhouse",0,2,NA,NA,NA,NA
"per_cell_all_cells_OLS","all_cells_slope","Combined","collection10_k3_tropical_temperate_polar","Coldhouse","Hothouse",0,1,NA,NA,NA,NA
"per_cell_all_cells_OLS","all_cells_slope","Combined","collection10_k3_tropical_temperate_polar","Coolhouse","Transitional",0,0,NA,NA,NA,NA
"per_cell_all_cells_OLS","all_cells_slope","Combined","collection10_k3_tropical_temperate_polar","Coolhouse","Warmhouse",0,2,NA,NA,NA,NA
"per_cell_all_cells_OLS","all_cells_slope","Combined","collection10_k3_tropical_temperate_polar","Coolhouse","Hothouse",0,1,NA,NA,NA,NA
"per_cell_all_cells_OLS","all_cells_slope","Combined","collection10_k3_tropical_temperate_polar","Transitional","Warmhouse",0,2,NA,NA,NA,NA
"per_cell_all_cells_OLS","all_cells_slope","Combined","collection10_k3_tropical_temperate_polar","Transitional","Hothouse",0,1,NA,NA,NA,NA
"per_cell_all_cells_OLS","all_cells_slope","Combined","collection10_k3_tropical_temperate_polar","Warmhouse","Hothouse",2,1,-0.273997596283413,NA,NA,NA
"per_cell_all_cells_OLS","all_cells_slope","Northern","occurrence5_k1_tropical_temperate","Coldhouse","Transitional",12,15,-0.532707699305654,30,0.00184624765416495,0.00908689976156758
"per_cell_all_cells_OLS","all_cells_slope","Northern","occurrence5_k1_tropical_temperate","Coolhouse","Transitional",15,15,-0.24643972478145,45,0.00272606992847027,0.00908689976156758
"per_cell_all_cells_OLS","all_cells_slope","Northern","occurrence5_k1_tropical_temperate","Coolhouse","Warmhouse",15,9,-0.251600897756161,18,0.0017400998750927,0.00908689976156758
"per_cell_all_cells_OLS","all_cells_slope","Northern","occurrence5_k1_tropical_temperate","Coldhouse","Warmhouse",12,9,-0.537868872280365,16,0.00384931364085375,0.00962328410213437
"per_cell_all_cells_OLS","all_cells_slope","Northern","occurrence5_k1_tropical_temperate","Coolhouse","Hothouse",15,11,-0.194596202488988,43,0.0214800730142125,0.042960146028425
"per_cell_all_cells_OLS","all_cells_slope","Northern","occurrence5_k1_tropical_temperate","Coldhouse","Hothouse",12,11,-0.480864177013192,40,0.058275459766107,0.097125766276845
"per_cell_all_cells_OLS","all_cells_slope","Northern","occurrence5_k1_tropical_temperate","Coldhouse","Coolhouse",12,15,-0.286267974524204,67,0.136126790531499,0.194466843616428
"per_cell_all_cells_OLS","all_cells_slope","Northern","occurrence5_k1_tropical_temperate","Transitional","Warmhouse",15,9,-0.0051611729747111,66,0.476225767719333,0.595282209649167
"per_cell_all_cells_OLS","all_cells_slope","Northern","occurrence5_k1_tropical_temperate","Transitional","Hothouse",15,11,0.0518435222924618,93,0.715966022077927,0.728336532893354
"per_cell_all_cells_OLS","all_cells_slope","Northern","occurrence5_k1_tropical_temperate","Warmhouse","Hothouse",9,11,0.057004695267173,57,0.728336532893354,0.728336532893354
"per_cell_all_cells_OLS","all_cells_slope","Northern","occurrence5_k1_tropical_temperate_polar","Coldhouse","Transitional",6,7,-0.576982826752185,0,0.00170261791064738,0.0126871702448506
"per_cell_all_cells_OLS","all_cells_slope","Northern","occurrence5_k1_tropical_temperate_polar","Coldhouse","Warmhouse",6,6,-0.558457643397562,0,0.00253743404897013,0.0126871702448506
"per_cell_all_cells_OLS","all_cells_slope","Northern","occurrence5_k1_tropical_temperate_polar","Coldhouse","Coolhouse",6,10,-0.392023559429744,7,0.00733412981253688,0.0183353245313422
"per_cell_all_cells_OLS","all_cells_slope","Northern","occurrence5_k1_tropical_temperate_polar","Coldhouse","Hothouse",6,4,-0.595772343637874,0,0.00710701943454103,0.0183353245313422
"per_cell_all_cells_OLS","all_cells_slope","Northern","occurrence5_k1_tropical_temperate_polar","Coolhouse","Transitional",10,7,-0.184959267322441,14,0.0227180183671232,0.0454360367342464
"per_cell_all_cells_OLS","all_cells_slope","Northern","occurrence5_k1_tropical_temperate_polar","Coolhouse","Hothouse",10,4,-0.203748784208131,6,0.028118901938638,0.0468648365643966
"per_cell_all_cells_OLS","all_cells_slope","Northern","occurrence5_k1_tropical_temperate_polar","Coolhouse","Warmhouse",10,6,-0.166434083967818,14,0.046360964153696,0.0662299487909943
"per_cell_all_cells_OLS","all_cells_slope","Northern","occurrence5_k1_tropical_temperate_polar","Transitional","Hothouse",7,4,-0.0187895168856893,12,0.388407002077741,0.431563335641934
"per_cell_all_cells_OLS","all_cells_slope","Northern","occurrence5_k1_tropical_temperate_polar","Warmhouse","Hothouse",6,4,-0.0373147002403124,10,0.374559566500298,0.431563335641934
"per_cell_all_cells_OLS","all_cells_slope","Northern","occurrence5_k1_tropical_temperate_polar","Transitional","Warmhouse",7,6,0.0185251833546231,24,0.691462461274013,0.691462461274013
"per_cell_all_cells_OLS","all_cells_slope","Northern","occurrence5_k2_tropical_temperate","Coldhouse","Transitional",7,10,-0.706197293310606,5,0.00199529125805764,0.0099764562902882
"per_cell_all_cells_OLS","all_cells_slope","Northern","occurrence5_k2_tropical_temperate","Coolhouse","Transitional",10,10,-0.452241441669232,10,0.0014136360455584,0.0099764562902882
"per_cell_all_cells_OLS","all_cells_slope","Northern","occurrence5_k2_tropical_temperate","Coldhouse","Warmhouse",7,8,-0.621553341714989,6,0.00642063116860977,0.0181850298341787
"per_cell_all_cells_OLS","all_cells_slope","Northern","occurrence5_k2_tropical_temperate","Coolhouse","Warmhouse",10,8,-0.367597490073615,12,0.0072740119336715,0.0181850298341787
"per_cell_all_cells_OLS","all_cells_slope","Northern","occurrence5_k2_tropical_temperate","Coolhouse","Hothouse",10,6,-0.295777925520031,9,0.0130897991770406,0.0261795983540811
"per_cell_all_cells_OLS","all_cells_slope","Northern","occurrence5_k2_tropical_temperate","Coldhouse","Hothouse",7,6,-0.549733777161405,6,0.0191593815747068,0.0319323026245113
"per_cell_all_cells_OLS","all_cells_slope","Northern","occurrence5_k2_tropical_temperate","Coldhouse","Coolhouse",7,10,-0.253955851641374,21,0.0938413862666982,0.13405912323814
"per_cell_all_cells_OLS","all_cells_slope","Northern","occurrence5_k2_tropical_temperate","Transitional","Warmhouse",10,8,0.0846439515956168,49,0.800692440137137,0.889658266819042
"per_cell_all_cells_OLS","all_cells_slope","Northern","occurrence5_k2_tropical_temperate","Warmhouse","Hothouse",8,6,0.0718195645535844,29,0.761162488007048,0.889658266819042
"per_cell_all_cells_OLS","all_cells_slope","Northern","occurrence5_k2_tropical_temperate","Transitional","Hothouse",10,6,0.156463516149201,42,0.912421038763675,0.912421038763675
"per_cell_all_cells_OLS","all_cells_slope","Northern","occurrence5_k2_tropical_temperate_polar","Coldhouse","Coolhouse",3,7,-0.219496220524704,4,0.0857301030321637,0.156402310444497
"per_cell_all_cells_OLS","all_cells_slope","Northern","occurrence5_k2_tropical_temperate_polar","Coldhouse","Transitional",3,3,-0.351542819741522,0,0.0404277991850261,0.156402310444497
"per_cell_all_cells_OLS","all_cells_slope","Northern","occurrence5_k2_tropical_temperate_polar","Coldhouse","Warmhouse",3,2,-0.450955871497123,0,0.0744573365893828,0.156402310444497
"per_cell_all_cells_OLS","all_cells_slope","Northern","occurrence5_k2_tropical_temperate_polar","Coldhouse","Hothouse",3,2,-0.44166897321881,0,0.0744573365893828,0.156402310444497
"per_cell_all_cells_OLS","all_cells_slope","Northern","occurrence5_k2_tropical_temperate_polar","Coolhouse","Warmhouse",7,2,-0.231459650972419,2,0.0938413862666982,0.156402310444497
"per_cell_all_cells_OLS","all_cells_slope","Northern","occurrence5_k2_tropical_temperate_polar","Coolhouse","Hothouse",7,2,-0.222172752694106,1,0.0536732684969056,0.156402310444497
"per_cell_all_cells_OLS","all_cells_slope","Northern","occurrence5_k2_tropical_temperate_polar","Coolhouse","Transitional",7,3,-0.132046599216818,5,0.127225291323168,0.181750416175955
"per_cell_all_cells_OLS","all_cells_slope","Northern","occurrence5_k2_tropical_temperate_polar","Transitional","Warmhouse",3,2,-0.0994130517556012,2,0.386414996342224,0.429349995935804
"per_cell_all_cells_OLS","all_cells_slope","Northern","occurrence5_k2_tropical_temperate_polar","Transitional","Hothouse",3,2,-0.0901261534772878,2,0.386414996342224,0.429349995935804
"per_cell_all_cells_OLS","all_cells_slope","Northern","occurrence5_k2_tropical_temperate_polar","Warmhouse","Hothouse",2,2,0.00928689827831343,2,0.650732320848331,0.650732320848331
"per_cell_all_cells_OLS","all_cells_slope","Northern","occurrence5_k3_tropical_temperate","Coldhouse","Transitional",3,6,-0.832164004265784,0,0.0140929010739537,0.0704645053697685
"per_cell_all_cells_OLS","all_cells_slope","Northern","occurrence5_k3_tropical_temperate","Coldhouse","Warmhouse",3,6,-0.678749028972253,0,0.0140929010739537,0.0704645053697685
"per_cell_all_cells_OLS","all_cells_slope","Northern","occurrence5_k3_tropical_temperate","Coldhouse","Hothouse",3,3,-0.645337974502622,0,0.0404277991850261,0.0808555983700523
"per_cell_all_cells_OLS","all_cells_slope","Northern","occurrence5_k3_tropical_temperate","Coolhouse","Transitional",2,6,-0.649037736458213,0,0.0333765075848173,0.0808555983700523
"per_cell_all_cells_OLS","all_cells_slope","Northern","occurrence5_k3_tropical_temperate","Coolhouse","Warmhouse",2,6,-0.495622761164682,0,0.0333765075848173,0.0808555983700523
"per_cell_all_cells_OLS","all_cells_slope","Northern","occurrence5_k3_tropical_temperate","Coolhouse","Hothouse",2,3,-0.462211706695051,0,0.0744573365893828,0.124095560982305
"per_cell_all_cells_OLS","all_cells_slope","Northern","occurrence5_k3_tropical_temperate","Coldhouse","Coolhouse",3,2,-0.183126267807571,2,0.386414996342224,0.552021423346034
"per_cell_all_cells_OLS","all_cells_slope","Northern","occurrence5_k3_tropical_temperate","Transitional","Warmhouse",6,6,0.153414975293531,24,0.851023469195916,0.922209826103901
"per_cell_all_cells_OLS","all_cells_slope","Northern","occurrence5_k3_tropical_temperate","Transitional","Hothouse",6,3,0.186826029763162,14,0.922209826103901,0.922209826103901
"per_cell_all_cells_OLS","all_cells_slope","Northern","occurrence5_k3_tropical_temperate","Warmhouse","Hothouse",6,3,0.0334110544696307,12,0.81692171990297,0.922209826103901
"per_cell_all_cells_OLS","all_cells_slope","Northern","occurrence5_k3_tropical_temperate_polar","Coldhouse","Coolhouse",1,0,NA,NA,NA,NA
"per_cell_all_cells_OLS","all_cells_slope","Northern","occurrence5_k3_tropical_temperate_polar","Coldhouse","Transitional",1,1,-0.541338744145997,NA,NA,NA
"per_cell_all_cells_OLS","all_cells_slope","Northern","occurrence5_k3_tropical_temperate_polar","Coldhouse","Warmhouse",1,2,-0.556081510585679,NA,NA,NA
"per_cell_all_cells_OLS","all_cells_slope","Northern","occurrence5_k3_tropical_temperate_polar","Coldhouse","Hothouse",1,1,-0.645337974502622,NA,NA,NA
"per_cell_all_cells_OLS","all_cells_slope","Northern","occurrence5_k3_tropical_temperate_polar","Coolhouse","Transitional",0,1,NA,NA,NA,NA
"per_cell_all_cells_OLS","all_cells_slope","Northern","occurrence5_k3_tropical_temperate_polar","Coolhouse","Warmhouse",0,2,NA,NA,NA,NA
"per_cell_all_cells_OLS","all_cells_slope","Northern","occurrence5_k3_tropical_temperate_polar","Coolhouse","Hothouse",0,1,NA,NA,NA,NA
"per_cell_all_cells_OLS","all_cells_slope","Northern","occurrence5_k3_tropical_temperate_polar","Transitional","Warmhouse",1,2,-0.0147427664396825,NA,NA,NA
"per_cell_all_cells_OLS","all_cells_slope","Northern","occurrence5_k3_tropical_temperate_polar","Transitional","Hothouse",1,1,-0.103999230356625,NA,NA,NA
"per_cell_all_cells_OLS","all_cells_slope","Northern","occurrence5_k3_tropical_temperate_polar","Warmhouse","Hothouse",2,1,-0.0892564639169425,NA,NA,NA
"per_cell_all_cells_OLS","all_cells_slope","Northern","occurrence10_k1_tropical_temperate","Coldhouse","Transitional",12,14,-0.486366069086498,25,0.0013109108845453,0.00358639099009577
"per_cell_all_cells_OLS","all_cells_slope","Northern","occurrence10_k1_tropical_temperate","Coldhouse","Warmhouse",12,8,-0.639290607244795,8,0.00115380156025702,0.00358639099009577
"per_cell_all_cells_OLS","all_cells_slope","Northern","occurrence10_k1_tropical_temperate","Coolhouse","Warmhouse",15,8,-0.502186372957281,11,0.000872065234573163,0.00358639099009577
"per_cell_all_cells_OLS","all_cells_slope","Northern","occurrence10_k1_tropical_temperate","Coolhouse","Hothouse",15,9,-0.573020222550612,17,0.00143455639603831,0.00358639099009577
"per_cell_all_cells_OLS","all_cells_slope","Northern","occurrence10_k1_tropical_temperate","Coolhouse","Transitional",15,14,-0.349261834798984,38,0.00185218022526712,0.00370436045053424
"per_cell_all_cells_OLS","all_cells_slope","Northern","occurrence10_k1_tropical_temperate","Coldhouse","Hothouse",12,9,-0.710124456838126,16,0.00384931364085375,0.00641552273475625
"per_cell_all_cells_OLS","all_cells_slope","Northern","occurrence10_k1_tropical_temperate","Transitional","Hothouse",14,9,-0.223758387751628,51,0.234400308718647,0.334857583883782
"per_cell_all_cells_OLS","all_cells_slope","Northern","occurrence10_k1_tropical_temperate","Coldhouse","Coolhouse",12,15,-0.137104234287514,80,0.321484183923405,0.353685964781107
"per_cell_all_cells_OLS","all_cells_slope","Northern","occurrence10_k1_tropical_temperate","Transitional","Warmhouse",14,8,-0.152924538158297,50,0.353685964781107,0.353685964781107
"per_cell_all_cells_OLS","all_cells_slope","Northern","occurrence10_k1_tropical_temperate","Warmhouse","Hothouse",8,9,-0.0708338495933312,30,0.298320267348698,0.353685964781107
"per_cell_all_cells_OLS","all_cells_slope","Northern","occurrence10_k1_tropical_temperate_polar","Coldhouse","Transitional",6,6,-0.512785440096985,0,0.00253743404897013,0.0202827931639144
"per_cell_all_cells_OLS","all_cells_slope","Northern","occurrence10_k1_tropical_temperate_polar","Coldhouse","Warmhouse",6,5,-0.561310330892498,0,0.00405655863278289,0.0202827931639144
"per_cell_all_cells_OLS","all_cells_slope","Northern","occurrence10_k1_tropical_temperate_polar","Coldhouse","Hothouse",6,3,-0.752798209893521,0,0.0140929010739537,0.0352322526848842
"per_cell_all_cells_OLS","all_cells_slope","Northern","occurrence10_k1_tropical_temperate_polar","Coolhouse","Hothouse",9,3,-0.508027831060126,1,0.013250140301246,0.0352322526848842
"per_cell_all_cells_OLS","all_cells_slope","Northern","occurrence10_k1_tropical_temperate_polar","Coolhouse","Warmhouse",9,5,-0.316539952059102,7,0.0227501319481792,0.0455002638963584
"per_cell_all_cells_OLS","all_cells_slope","Northern","occurrence10_k1_tropical_temperate_polar","Coldhouse","Coolhouse",6,9,-0.244770378833396,12,0.0437401669625986,0.0583062226147529
"per_cell_all_cells_OLS","all_cells_slope","Northern","occurrence10_k1_tropical_temperate_polar","Coolhouse","Transitional",9,6,-0.268015061263589,12,0.0437401669625986,0.0583062226147529
"per_cell_all_cells_OLS","all_cells_slope","Northern","occurrence10_k1_tropical_temperate_polar","Transitional","Hothouse",6,3,-0.240012769796536,2,0.0466449780918023,0.0583062226147529
"per_cell_all_cells_OLS","all_cells_slope","Northern","occurrence10_k1_tropical_temperate_polar","Warmhouse","Hothouse",5,3,-0.191487879001024,2,0.0680185640570718,0.0755761822856354
"per_cell_all_cells_OLS","all_cells_slope","Northern","occurrence10_k1_tropical_temperate_polar","Transitional","Warmhouse",6,5,-0.0485248907955126,11,0.261408326959544,0.261408326959544
"per_cell_all_cells_OLS","all_cells_slope","Northern","occurrence10_k2_tropical_temperate","Coldhouse","Transitional",6,10,-0.783928458129089,0,0.000687795633623293,0.00402441485626475
"per_cell_all_cells_OLS","all_cells_slope","Northern","occurrence10_k2_tropical_temperate","Coldhouse","Warmhouse",6,8,-0.68196436030019,0,0.00120732445687942,0.00402441485626475
"per_cell_all_cells_OLS","all_cells_slope","Northern","occurrence10_k2_tropical_temperate","Coolhouse","Transitional",8,10,-0.723455886188728,5,0.00108687550402483,0.00402441485626475
"per_cell_all_cells_OLS","all_cells_slope","Northern","occurrence10_k2_tropical_temperate","Coldhouse","Hothouse",6,6,-0.769900008154881,0,0.00253743404897013,0.00448745000012253
"per_cell_all_cells_OLS","all_cells_slope","Northern","occurrence10_k2_tropical_temperate","Coolhouse","Warmhouse",8,8,-0.621491788359829,5,0.00269247000007352,0.00448745000012253
"per_cell_all_cells_OLS","all_cells_slope","Northern","occurrence10_k2_tropical_temperate","Coolhouse","Hothouse",8,6,-0.70942743621452,1,0.00183780605887062,0.00448745000012253
"per_cell_all_cells_OLS","all_cells_slope","Northern","occurrence10_k2_tropical_temperate","Coldhouse","Coolhouse",6,8,-0.0604725719403608,17,0.200693582855883,0.286705118365547
"per_cell_all_cells_OLS","all_cells_slope","Northern","occurrence10_k2_tropical_temperate","Warmhouse","Hothouse",8,6,-0.0879356478546907,18,0.238837511992952,0.29854688999119
"per_cell_all_cells_OLS","all_cells_slope","Northern","occurrence10_k2_tropical_temperate","Transitional","Hothouse",10,6,0.0140284499742084,31,0.564621827444178,0.627357586049086
"per_cell_all_cells_OLS","all_cells_slope","Northern","occurrence10_k2_tropical_temperate","Transitional","Warmhouse",10,8,0.101964097828899,48,0.774948949443678,0.774948949443678
"per_cell_all_cells_OLS","all_cells_slope","Northern","occurrence10_k2_tropical_temperate_polar","Coldhouse","Coolhouse",2,3,-0.229447055008417,0,0.0744573365893828,0.18395858760508
"per_cell_all_cells_OLS","all_cells_slope","Northern","occurrence10_k2_tropical_temperate_polar","Coldhouse","Transitional",2,2,-0.376109606549933,0,0.122639058403386,0.18395858760508
"per_cell_all_cells_OLS","all_cells_slope","Northern","occurrence10_k2_tropical_temperate_polar","Coolhouse","Transitional",3,2,-0.146662551541515,1,0.193238115385616,0.193238115385616
"per_cell_all_cells_OLS","all_cells_slope","Northern","occurrence10_k2_tropical_temperate_polar","Coldhouse","Warmhouse",2,1,-0.625889837382446,NA,NA,NA
"per_cell_all_cells_OLS","all_cells_slope","Northern","occurrence10_k2_tropical_temperate_polar","Coldhouse","Hothouse",2,1,-0.531145377636408,NA,NA,NA
"per_cell_all_cells_OLS","all_cells_slope","Northern","occurrence10_k2_tropical_temperate_polar","Coolhouse","Warmhouse",3,1,-0.396442782374028,NA,NA,NA
"per_cell_all_cells_OLS","all_cells_slope","Northern","occurrence10_k2_tropical_temperate_polar","Coolhouse","Hothouse",3,1,-0.301698322627991,NA,NA,NA
"per_cell_all_cells_OLS","all_cells_slope","Northern","occurrence10_k2_tropical_temperate_polar","Transitional","Warmhouse",2,1,-0.249780230832513,NA,NA,NA
"per_cell_all_cells_OLS","all_cells_slope","Northern","occurrence10_k2_tropical_temperate_polar","Transitional","Hothouse",2,1,-0.155035771086475,NA,NA,NA
"per_cell_all_cells_OLS","all_cells_slope","Northern","occurrence10_k2_tropical_temperate_polar","Warmhouse","Hothouse",1,1,0.0947444597460377,NA,NA,NA
"per_cell_all_cells_OLS","all_cells_slope","Northern","occurrence10_k3_tropical_temperate","Coldhouse","Transitional",3,4,-0.849368282376985,0,0.0259149636089548,0.105192505120041
"per_cell_all_cells_OLS","all_cells_slope","Northern","occurrence10_k3_tropical_temperate","Coldhouse","Warmhouse",3,4,-0.678160440826656,0,0.0259149636089548,0.105192505120041
"per_cell_all_cells_OLS","all_cells_slope","Northern","occurrence10_k3_tropical_temperate","Coldhouse","Hothouse",3,3,-0.787094510493367,0,0.0404277991850261,0.105192505120041
"per_cell_all_cells_OLS","all_cells_slope","Northern","occurrence10_k3_tropical_temperate","Coolhouse","Transitional",2,4,-0.742804615472798,0,0.0525962525600207,0.105192505120041
"per_cell_all_cells_OLS","all_cells_slope","Northern","occurrence10_k3_tropical_temperate","Coolhouse","Warmhouse",2,4,-0.571596773922469,0,0.0525962525600207,0.105192505120041
"per_cell_all_cells_OLS","all_cells_slope","Northern","occurrence10_k3_tropical_temperate","Coolhouse","Hothouse",2,3,-0.680530843589179,0,0.0744573365893828,0.124095560982305
"per_cell_all_cells_OLS","all_cells_slope","Northern","occurrence10_k3_tropical_temperate","Warmhouse","Hothouse",4,3,-0.10893406966671,5,0.429841897599333,0.614059853713333
"per_cell_all_cells_OLS","all_cells_slope","Northern","occurrence10_k3_tropical_temperate","Coldhouse","Coolhouse",3,2,-0.106563666904188,3,0.613585003657776,0.76698125457222
"per_cell_all_cells_OLS","all_cells_slope","Northern","occurrence10_k3_tropical_temperate","Transitional","Warmhouse",4,4,0.171207841550329,10,0.764756788970605,0.849729765522895
"per_cell_all_cells_OLS","all_cells_slope","Northern","occurrence10_k3_tropical_temperate","Transitional","Hothouse",4,3,0.0622737718836185,9,0.89203753052993,0.89203753052993
"per_cell_all_cells_OLS","all_cells_slope","Northern","occurrence10_k3_tropical_temperate_polar","Coldhouse","Coolhouse",1,0,NA,NA,NA,NA
"per_cell_all_cells_OLS","all_cells_slope","Northern","occurrence10_k3_tropical_temperate_polar","Coldhouse","Transitional",1,0,NA,NA,NA,NA
"per_cell_all_cells_OLS","all_cells_slope","Northern","occurrence10_k3_tropical_temperate_polar","Coldhouse","Warmhouse",1,1,-0.661830521194805,NA,NA,NA
"per_cell_all_cells_OLS","all_cells_slope","Northern","occurrence10_k3_tropical_temperate_polar","Coldhouse","Hothouse",1,1,-0.567086061448767,NA,NA,NA
"per_cell_all_cells_OLS","all_cells_slope","Northern","occurrence10_k3_tropical_temperate_polar","Coolhouse","Transitional",0,0,NA,NA,NA,NA
"per_cell_all_cells_OLS","all_cells_slope","Northern","occurrence10_k3_tropical_temperate_polar","Coolhouse","Warmhouse",0,1,NA,NA,NA,NA
"per_cell_all_cells_OLS","all_cells_slope","Northern","occurrence10_k3_tropical_temperate_polar","Coolhouse","Hothouse",0,1,NA,NA,NA,NA
"per_cell_all_cells_OLS","all_cells_slope","Northern","occurrence10_k3_tropical_temperate_polar","Transitional","Warmhouse",0,1,NA,NA,NA,NA
"per_cell_all_cells_OLS","all_cells_slope","Northern","occurrence10_k3_tropical_temperate_polar","Transitional","Hothouse",0,1,NA,NA,NA,NA
"per_cell_all_cells_OLS","all_cells_slope","Northern","occurrence10_k3_tropical_temperate_polar","Warmhouse","Hothouse",1,1,0.0947444597460377,NA,NA,NA
"per_cell_all_cells_OLS","all_cells_slope","Northern","collection5_k1_tropical_temperate","Coldhouse","Transitional",10,13,-0.946628141830513,10,0.000362499680615232,0.00181249840307616
"per_cell_all_cells_OLS","all_cells_slope","Northern","collection5_k1_tropical_temperate","Coolhouse","Transitional",14,13,-0.563239459102026,18,0.000217286190490038,0.00181249840307616
"per_cell_all_cells_OLS","all_cells_slope","Northern","collection5_k1_tropical_temperate","Coldhouse","Warmhouse",10,9,-0.748178275950579,12,0.003981744603275,0.0132724820109167
"per_cell_all_cells_OLS","all_cells_slope","Northern","collection5_k1_tropical_temperate","Coolhouse","Warmhouse",14,9,-0.364789593222093,22,0.0053667080514986,0.0134167701287465
"per_cell_all_cells_OLS","all_cells_slope","Northern","collection5_k1_tropical_temperate","Coolhouse","Hothouse",14,9,-0.257917407348742,30,0.0203139479394486,0.0406278958788971
"per_cell_all_cells_OLS","all_cells_slope","Northern","collection5_k1_tropical_temperate","Coldhouse","Hothouse",10,9,-0.641306090077228,22,0.0330962898610967,0.0551604831018279
"per_cell_all_cells_OLS","all_cells_slope","Northern","collection5_k1_tropical_temperate","Coldhouse","Coolhouse",10,14,-0.383388682728487,48,0.104031223104725,0.14861603300675
"per_cell_all_cells_OLS","all_cells_slope","Northern","collection5_k1_tropical_temperate","Warmhouse","Hothouse",9,9,0.106872185873351,45,0.67057837252536,0.8382229656567
"per_cell_all_cells_OLS","all_cells_slope","Northern","collection5_k1_tropical_temperate","Transitional","Warmhouse",13,9,0.198449865879934,80,0.929099503678143,0.95873836530904
"per_cell_all_cells_OLS","all_cells_slope","Northern","collection5_k1_tropical_temperate","Transitional","Hothouse",13,9,0.305322051753285,84,0.95873836530904,0.95873836530904
"per_cell_all_cells_OLS","all_cells_slope","Northern","collection5_k1_tropical_temperate_polar","Coldhouse","Transitional",6,4,-0.705805441470297,0,0.00710701943454103,0.0236900647818034
"per_cell_all_cells_OLS","all_cells_slope","Northern","collection5_k1_tropical_temperate_polar","Coldhouse","Warmhouse",6,6,-0.682828501405164,0,0.00253743404897013,0.0236900647818034
"per_cell_all_cells_OLS","all_cells_slope","Northern","collection5_k1_tropical_temperate_polar","Coldhouse","Hothouse",6,4,-0.746021449182764,0,0.00710701943454103,0.0236900647818034
"per_cell_all_cells_OLS","all_cells_slope","Northern","collection5_k1_tropical_temperate_polar","Coldhouse","Coolhouse",6,10,-0.445656073283108,8,0.00985028188438878,0.024625704710972
"per_cell_all_cells_OLS","all_cells_slope","Northern","collection5_k1_tropical_temperate_polar","Coolhouse","Transitional",10,4,-0.260149368187188,6,0.028118901938638,0.04016985991234
"per_cell_all_cells_OLS","all_cells_slope","Northern","collection5_k1_tropical_temperate_polar","Coolhouse","Warmhouse",10,6,-0.237172428122055,11,0.0223957768220647,0.04016985991234
"per_cell_all_cells_OLS","all_cells_slope","Northern","collection5_k1_tropical_temperate_polar","Coolhouse","Hothouse",10,4,-0.300365375899655,6,0.028118901938638,0.04016985991234
"per_cell_all_cells_OLS","all_cells_slope","Northern","collection5_k1_tropical_temperate_polar","Warmhouse","Hothouse",6,4,-0.0631929477776002,10,0.374559566500298,0.468199458125372
"per_cell_all_cells_OLS","all_cells_slope","Northern","collection5_k1_tropical_temperate_polar","Transitional","Warmhouse",4,6,0.0229769400651331,13,0.625440433499702,0.667497228948985
"per_cell_all_cells_OLS","all_cells_slope","Northern","collection5_k1_tropical_temperate_polar","Transitional","Hothouse",4,4,-0.040216007712467,9,0.667497228948985,0.667497228948985
"per_cell_all_cells_OLS","all_cells_slope","Northern","collection5_k2_tropical_temperate","Coldhouse","Transitional",6,10,-0.86982235127568,3,0.00202443755354081,0.00674812517846938
"per_cell_all_cells_OLS","all_cells_slope","Northern","collection5_k2_tropical_temperate","Coolhouse","Transitional",7,10,-0.763759658593311,2,0.000757811979620399,0.00674812517846938
"per_cell_all_cells_OLS","all_cells_slope","Northern","collection5_k2_tropical_temperate","Coolhouse","Warmhouse",7,6,-0.605882266932497,0,0.00170261791064738,0.00674812517846938
"per_cell_all_cells_OLS","all_cells_slope","Northern","collection5_k2_tropical_temperate","Coolhouse","Hothouse",7,5,-0.507060018279896,0,0.00288306045711863,0.00720765114279658
"per_cell_all_cells_OLS","all_cells_slope","Northern","collection5_k2_tropical_temperate","Coldhouse","Warmhouse",6,6,-0.711944959614866,3,0.0101202852885387,0.0202405705770775
"per_cell_all_cells_OLS","all_cells_slope","Northern","collection5_k2_tropical_temperate","Coldhouse","Hothouse",6,5,-0.613122710962265,4,0.0276171268590319,0.0460285447650532
"per_cell_all_cells_OLS","all_cells_slope","Northern","collection5_k2_tropical_temperate","Coldhouse","Coolhouse",6,7,-0.106062692682368,18,0.360492430950835,0.514989187072622
"per_cell_all_cells_OLS","all_cells_slope","Northern","collection5_k2_tropical_temperate","Transitional","Warmhouse",10,6,0.157877391660814,39,0.848593479336092,0.962123656191809
"per_cell_all_cells_OLS","all_cells_slope","Northern","collection5_k2_tropical_temperate","Transitional","Hothouse",10,5,0.256699640313415,39,0.962123656191809,0.962123656191809
"per_cell_all_cells_OLS","all_cells_slope","Northern","collection5_k2_tropical_temperate","Warmhouse","Hothouse",6,5,0.098822248652601,22,0.914548239884601,0.962123656191809
"per_cell_all_cells_OLS","all_cells_slope","Northern","collection5_k2_tropical_temperate_polar","Coldhouse","Transitional",3,3,-0.34564397579701,0,0.0404277991850261,0.102027846085608
"per_cell_all_cells_OLS","all_cells_slope","Northern","collection5_k2_tropical_temperate_polar","Coolhouse","Transitional",5,3,-0.204818455779034,2,0.0680185640570718,0.102027846085608
"per_cell_all_cells_OLS","all_cells_slope","Northern","collection5_k2_tropical_temperate_polar","Coldhouse","Coolhouse",3,5,-0.140825520017976,3,0.116518991136953,0.116518991136953
"per_cell_all_cells_OLS","all_cells_slope","Northern","collection5_k2_tropical_temperate_polar","Coldhouse","Warmhouse",3,1,-0.558259207142783,NA,NA,NA
"per_cell_all_cells_OLS","all_cells_slope","Northern","collection5_k2_tropical_temperate_polar","Coldhouse","Hothouse",3,1,-0.545832198582658,NA,NA,NA
"per_cell_all_cells_OLS","all_cells_slope","Northern","collection5_k2_tropical_temperate_polar","Coolhouse","Warmhouse",5,1,-0.417433687124807,NA,NA,NA
"per_cell_all_cells_OLS","all_cells_slope","Northern","collection5_k2_tropical_temperate_polar","Coolhouse","Hothouse",5,1,-0.405006678564681,NA,NA,NA
"per_cell_all_cells_OLS","all_cells_slope","Northern","collection5_k2_tropical_temperate_polar","Transitional","Warmhouse",3,1,-0.212615231345773,NA,NA,NA
"per_cell_all_cells_OLS","all_cells_slope","Northern","collection5_k2_tropical_temperate_polar","Transitional","Hothouse",3,1,-0.200188222785647,NA,NA,NA
"per_cell_all_cells_OLS","all_cells_slope","Northern","collection5_k2_tropical_temperate_polar","Warmhouse","Hothouse",1,1,0.0124270085601255,NA,NA,NA
"per_cell_all_cells_OLS","all_cells_slope","Northern","collection5_k3_tropical_temperate","Coldhouse","Transitional",3,5,-1.18370433437601,0,0.0184442128535249,0.101701411542594
"per_cell_all_cells_OLS","all_cells_slope","Northern","collection5_k3_tropical_temperate","Coldhouse","Warmhouse",3,4,-0.814845423180071,0,0.0259149636089548,0.101701411542594
"per_cell_all_cells_OLS","all_cells_slope","Northern","collection5_k3_tropical_temperate","Coldhouse","Hothouse",3,3,-0.652146507177307,0,0.0404277991850261,0.101701411542594
"per_cell_all_cells_OLS","all_cells_slope","Northern","collection5_k3_tropical_temperate","Coolhouse","Transitional",2,5,-1.01219746689057,0,0.0406805646170377,0.101701411542594
"per_cell_all_cells_OLS","all_cells_slope","Northern","collection5_k3_tropical_temperate","Coolhouse","Warmhouse",2,4,-0.64333855569463,0,0.0525962525600207,0.105192505120041
"per_cell_all_cells_OLS","all_cells_slope","Northern","collection5_k3_tropical_temperate","Coolhouse","Hothouse",2,3,-0.480639639691867,0,0.0744573365893828,0.124095560982305
"per_cell_all_cells_OLS","all_cells_slope","Northern","collection5_k3_tropical_temperate","Coldhouse","Coolhouse",3,2,-0.17150686748544,2,0.386414996342224,0.552021423346034
"per_cell_all_cells_OLS","all_cells_slope","Northern","collection5_k3_tropical_temperate","Transitional","Warmhouse",5,4,0.368858911195938,18,0.981331792039669,0.991463669453106
"per_cell_all_cells_OLS","all_cells_slope","Northern","collection5_k3_tropical_temperate","Transitional","Hothouse",5,3,0.531557827198701,15,0.991463669453106,0.991463669453106
"per_cell_all_cells_OLS","all_cells_slope","Northern","collection5_k3_tropical_temperate","Warmhouse","Hothouse",4,3,0.162698916002763,12,0.989221866619992,0.991463669453106
"per_cell_all_cells_OLS","all_cells_slope","Northern","collection5_k3_tropical_temperate_polar","Coldhouse","Coolhouse",1,0,NA,NA,NA,NA
"per_cell_all_cells_OLS","all_cells_slope","Northern","collection5_k3_tropical_temperate_polar","Coldhouse","Transitional",1,0,NA,NA,NA,NA
"per_cell_all_cells_OLS","all_cells_slope","Northern","collection5_k3_tropical_temperate_polar","Coldhouse","Warmhouse",1,1,-0.764060134273193,NA,NA,NA
"per_cell_all_cells_OLS","all_cells_slope","Northern","collection5_k3_tropical_temperate_polar","Coldhouse","Hothouse",1,1,-0.751633125713068,NA,NA,NA
"per_cell_all_cells_OLS","all_cells_slope","Northern","collection5_k3_tropical_temperate_polar","Coolhouse","Transitional",0,0,NA,NA,NA,NA
"per_cell_all_cells_OLS","all_cells_slope","Northern","collection5_k3_tropical_temperate_polar","Coolhouse","Warmhouse",0,1,NA,NA,NA,NA
"per_cell_all_cells_OLS","all_cells_slope","Northern","collection5_k3_tropical_temperate_polar","Coolhouse","Hothouse",0,1,NA,NA,NA,NA
"per_cell_all_cells_OLS","all_cells_slope","Northern","collection5_k3_tropical_temperate_polar","Transitional","Warmhouse",0,1,NA,NA,NA,NA
"per_cell_all_cells_OLS","all_cells_slope","Northern","collection5_k3_tropical_temperate_polar","Transitional","Hothouse",0,1,NA,NA,NA,NA
"per_cell_all_cells_OLS","all_cells_slope","Northern","collection5_k3_tropical_temperate_polar","Warmhouse","Hothouse",1,1,0.0124270085601255,NA,NA,NA
"per_cell_all_cells_OLS","all_cells_slope","Northern","collection10_k1_tropical_temperate","Coldhouse","Transitional",8,12,-1.00670966678748,13,0.00388697827613365,0.0194348913806683
"per_cell_all_cells_OLS","all_cells_slope","Northern","collection10_k1_tropical_temperate","Coldhouse","Warmhouse",8,8,-0.698893406616186,5,0.00269247000007352,0.0194348913806683
"per_cell_all_cells_OLS","all_cells_slope","Northern","collection10_k1_tropical_temperate","Coldhouse","Hothouse",8,6,-0.827024822958046,5,0.00846234423422658,0.0211585038649208
"per_cell_all_cells_OLS","all_cells_slope","Northern","collection10_k1_tropical_temperate","Coolhouse","Hothouse",12,6,-0.712569159953234,10,0.00846340154596831,0.0211585038649208
"per_cell_all_cells_OLS","all_cells_slope","Northern","collection10_k1_tropical_temperate","Coolhouse","Warmhouse",12,8,-0.584437743611374,18,0.0114237705785561,0.0228475411571121
"per_cell_all_cells_OLS","all_cells_slope","Northern","collection10_k1_tropical_temperate","Coolhouse","Transitional",12,12,-0.892254003782671,35,0.0175445580470239,0.0292409300783732
"per_cell_all_cells_OLS","all_cells_slope","Northern","collection10_k1_tropical_temperate","Coldhouse","Coolhouse",8,12,-0.114455663004812,39,0.255979871132365,0.365685530189093
"per_cell_all_cells_OLS","all_cells_slope","Northern","collection10_k1_tropical_temperate","Warmhouse","Hothouse",8,6,-0.12813141634186,22,0.423225298438295,0.529031623047869
"per_cell_all_cells_OLS","all_cells_slope","Northern","collection10_k1_tropical_temperate","Transitional","Warmhouse",12,8,0.307816260171296,56,0.744020128867635,0.82668903207515
"per_cell_all_cells_OLS","all_cells_slope","Northern","collection10_k1_tropical_temperate","Transitional","Hothouse",12,6,0.179684843829436,47,0.859276325516524,0.859276325516524
"per_cell_all_cells_OLS","all_cells_slope","Northern","collection10_k1_tropical_temperate_polar","Coldhouse","Warmhouse",5,4,-0.497593321156651,0,0.00998222665260803,0.0998222665260803
"per_cell_all_cells_OLS","all_cells_slope","Northern","collection10_k1_tropical_temperate_polar","Coldhouse","Transitional",5,2,-0.489684789776126,0,0.0406805646170377,0.112060069300198
"per_cell_all_cells_OLS","all_cells_slope","Northern","collection10_k1_tropical_temperate_polar","Coldhouse","Hothouse",5,2,-0.687919921766874,0,0.0406805646170377,0.112060069300198
"per_cell_all_cells_OLS","all_cells_slope","Northern","collection10_k1_tropical_temperate_polar","Coolhouse","Hothouse",8,2,-0.575917140213804,1,0.0448240277200791,0.112060069300198
"per_cell_all_cells_OLS","all_cells_slope","Northern","collection10_k1_tropical_temperate_polar","Coolhouse","Warmhouse",8,4,-0.385590539603581,7,0.0744182734383547,0.14883654687671
"per_cell_all_cells_OLS","all_cells_slope","Northern","collection10_k1_tropical_temperate_polar","Warmhouse","Hothouse",4,2,-0.190326600610223,1,0.123579986605954,0.205966644343256
"per_cell_all_cells_OLS","all_cells_slope","Northern","collection10_k1_tropical_temperate_polar","Coolhouse","Transitional",8,2,-0.377682008223057,4,0.180382675292251,0.257689536131787
"per_cell_all_cells_OLS","all_cells_slope","Northern","collection10_k1_tropical_temperate_polar","Coldhouse","Coolhouse",5,8,-0.11200278155307,16,0.304203900116499,0.380254875145624
"per_cell_all_cells_OLS","all_cells_slope","Northern","collection10_k1_tropical_temperate_polar","Transitional","Hothouse",2,2,-0.198235131990747,1,0.349267679151669,0.38807519905741
"per_cell_all_cells_OLS","all_cells_slope","Northern","collection10_k1_tropical_temperate_polar","Transitional","Warmhouse",2,4,-0.0079085313805245,3,0.408480660857696,0.408480660857696
"per_cell_all_cells_OLS","all_cells_slope","Northern","collection10_k2_tropical_temperate","Coldhouse","Transitional",5,8,-1.00425678533574,0,0.00215517924976753,0.0137733754836918
"per_cell_all_cells_OLS","all_cells_slope","Northern","collection10_k2_tropical_temperate","Coolhouse","Transitional",6,8,-1.02459829337469,2,0.00275467509673836,0.0137733754836918
"per_cell_all_cells_OLS","all_cells_slope","Northern","collection10_k2_tropical_temperate","Coldhouse","Warmhouse",5,5,-0.698127525949528,0,0.0060928901776724,0.0177675485863526
"per_cell_all_cells_OLS","all_cells_slope","Northern","collection10_k2_tropical_temperate","Coolhouse","Hothouse",6,4,-0.786231891335877,0,0.00710701943454103,0.0177675485863526
"per_cell_all_cells_OLS","all_cells_slope","Northern","collection10_k2_tropical_temperate","Coldhouse","Hothouse",5,4,-0.765890383296922,0,0.00998222665260803,0.0187323944717711
"per_cell_all_cells_OLS","all_cells_slope","Northern","collection10_k2_tropical_temperate","Coolhouse","Warmhouse",6,5,-0.718469033988482,2,0.0112394366830626,0.0187323944717711
"per_cell_all_cells_OLS","all_cells_slope","Northern","collection10_k2_tropical_temperate","Coldhouse","Coolhouse",5,6,0.0203415080389541,17,0.675961565930427,0.827740262468036
"per_cell_all_cells_OLS","all_cells_slope","Northern","collection10_k2_tropical_temperate","Transitional","Warmhouse",8,5,0.306129259386212,24,0.744966236221233,0.827740262468036
"per_cell_all_cells_OLS","all_cells_slope","Northern","collection10_k2_tropical_temperate","Warmhouse","Hothouse",5,4,-0.0677628573473941,11,0.643348413060771,0.827740262468036
"per_cell_all_cells_OLS","all_cells_slope","Northern","collection10_k2_tropical_temperate","Transitional","Hothouse",8,4,0.238366402038818,26,0.96273421447269,0.96273421447269
"per_cell_all_cells_OLS","all_cells_slope","Northern","collection10_k2_tropical_temperate_polar","Coolhouse","Transitional",2,2,-0.247954518685773,1,0.349267679151669,0.349267679151669
"per_cell_all_cells_OLS","all_cells_slope","Northern","collection10_k2_tropical_temperate_polar","Coldhouse","Coolhouse",1,2,-0.30679488713695,NA,NA,NA
"per_cell_all_cells_OLS","all_cells_slope","Northern","collection10_k2_tropical_temperate_polar","Coldhouse","Transitional",1,2,-0.554749405822723,NA,NA,NA
"per_cell_all_cells_OLS","all_cells_slope","Northern","collection10_k2_tropical_temperate_polar","Coldhouse","Warmhouse",1,1,-0.645555660262608,NA,NA,NA
"per_cell_all_cells_OLS","all_cells_slope","Northern","collection10_k2_tropical_temperate_polar","Coldhouse","Hothouse",1,1,-0.694302979604088,NA,NA,NA
"per_cell_all_cells_OLS","all_cells_slope","Northern","collection10_k2_tropical_temperate_polar","Coolhouse","Warmhouse",2,1,-0.338760773125658,NA,NA,NA
"per_cell_all_cells_OLS","all_cells_slope","Northern","collection10_k2_tropical_temperate_polar","Coolhouse","Hothouse",2,1,-0.387508092467139,NA,NA,NA
"per_cell_all_cells_OLS","all_cells_slope","Northern","collection10_k2_tropical_temperate_polar","Transitional","Warmhouse",2,1,-0.090806254439885,NA,NA,NA
"per_cell_all_cells_OLS","all_cells_slope","Northern","collection10_k2_tropical_temperate_polar","Transitional","Hothouse",2,1,-0.139553573781366,NA,NA,NA
"per_cell_all_cells_OLS","all_cells_slope","Northern","collection10_k2_tropical_temperate_polar","Warmhouse","Hothouse",1,1,-0.0487473193414808,NA,NA,NA
"per_cell_all_cells_OLS","all_cells_slope","Northern","collection10_k3_tropical_temperate","Coolhouse","Transitional",2,2,-1.1063629999028,0,0.122639058403386,0.245278116806773
"per_cell_all_cells_OLS","all_cells_slope","Northern","collection10_k3_tropical_temperate","Coolhouse","Warmhouse",2,2,-1.05597146705038,0,0.122639058403386,0.245278116806773
"per_cell_all_cells_OLS","all_cells_slope","Northern","collection10_k3_tropical_temperate","Coolhouse","Hothouse",2,2,-0.620350178271369,0,0.122639058403386,0.245278116806773
"per_cell_all_cells_OLS","all_cells_slope","Northern","collection10_k3_tropical_temperate","Transitional","Warmhouse",2,2,0.0503915328524277,2,0.650732320848331,0.780878785017997
"per_cell_all_cells_OLS","all_cells_slope","Northern","collection10_k3_tropical_temperate","Warmhouse","Hothouse",2,2,0.435621288779007,2,0.650732320848331,0.780878785017997
"per_cell_all_cells_OLS","all_cells_slope","Northern","collection10_k3_tropical_temperate","Transitional","Hothouse",2,2,0.486012821631435,4,0.973596244291943,0.973596244291943
"per_cell_all_cells_OLS","all_cells_slope","Northern","collection10_k3_tropical_temperate","Coldhouse","Coolhouse",1,2,0.00744524552223236,NA,NA,NA
"per_cell_all_cells_OLS","all_cells_slope","Northern","collection10_k3_tropical_temperate","Coldhouse","Transitional",1,2,-1.09891775438057,NA,NA,NA
"per_cell_all_cells_OLS","all_cells_slope","Northern","collection10_k3_tropical_temperate","Coldhouse","Warmhouse",1,2,-1.04852622152814,NA,NA,NA
"per_cell_all_cells_OLS","all_cells_slope","Northern","collection10_k3_tropical_temperate","Coldhouse","Hothouse",1,2,-0.612904932749136,NA,NA,NA
"per_cell_all_cells_OLS","all_cells_slope","Northern","collection10_k3_tropical_temperate_polar","Coldhouse","Coolhouse",0,0,NA,NA,NA,NA
"per_cell_all_cells_OLS","all_cells_slope","Northern","collection10_k3_tropical_temperate_polar","Coldhouse","Transitional",0,0,NA,NA,NA,NA
"per_cell_all_cells_OLS","all_cells_slope","Northern","collection10_k3_tropical_temperate_polar","Coldhouse","Warmhouse",0,1,NA,NA,NA,NA
"per_cell_all_cells_OLS","all_cells_slope","Northern","collection10_k3_tropical_temperate_polar","Coldhouse","Hothouse",0,0,NA,NA,NA,NA
"per_cell_all_cells_OLS","all_cells_slope","Northern","collection10_k3_tropical_temperate_polar","Coolhouse","Transitional",0,0,NA,NA,NA,NA
"per_cell_all_cells_OLS","all_cells_slope","Northern","collection10_k3_tropical_temperate_polar","Coolhouse","Warmhouse",0,1,NA,NA,NA,NA
"per_cell_all_cells_OLS","all_cells_slope","Northern","collection10_k3_tropical_temperate_polar","Coolhouse","Hothouse",0,0,NA,NA,NA,NA
"per_cell_all_cells_OLS","all_cells_slope","Northern","collection10_k3_tropical_temperate_polar","Transitional","Warmhouse",0,1,NA,NA,NA,NA
"per_cell_all_cells_OLS","all_cells_slope","Northern","collection10_k3_tropical_temperate_polar","Transitional","Hothouse",0,0,NA,NA,NA,NA
"per_cell_all_cells_OLS","all_cells_slope","Northern","collection10_k3_tropical_temperate_polar","Warmhouse","Hothouse",1,0,NA,NA,NA,NA
"per_cell_all_cells_OLS","all_cells_slope","Southern","occurrence5_k1_tropical_temperate","Coldhouse","Hothouse",9,11,-0.629659467425617,11,0.00194466330105158,0.0194466330105158
"per_cell_all_cells_OLS","all_cells_slope","Southern","occurrence5_k1_tropical_temperate","Transitional","Hothouse",10,11,-0.39060404230798,19,0.00621256326002209,0.0310628163001105
"per_cell_all_cells_OLS","all_cells_slope","Southern","occurrence5_k1_tropical_temperate","Coldhouse","Coolhouse",9,16,-0.356639008762952,31,0.0109280045491569,0.0364266818305229
"per_cell_all_cells_OLS","all_cells_slope","Southern","occurrence5_k1_tropical_temperate","Coldhouse","Warmhouse",9,10,-0.482855375251557,19,0.0186682079603314,0.0466705199008286
"per_cell_all_cells_OLS","all_cells_slope","Southern","occurrence5_k1_tropical_temperate","Coldhouse","Transitional",9,10,-0.239055425117636,21,0.0275069161769895,0.055013832353979
"per_cell_all_cells_OLS","all_cells_slope","Southern","occurrence5_k1_tropical_temperate","Warmhouse","Hothouse",10,11,-0.146804092174059,30,0.042242291810753,0.0704038196845884
"per_cell_all_cells_OLS","all_cells_slope","Southern","occurrence5_k1_tropical_temperate","Coolhouse","Hothouse",16,11,-0.273020458662664,61,0.0954911055790571,0.136415865112939
"per_cell_all_cells_OLS","all_cells_slope","Southern","occurrence5_k1_tropical_temperate","Transitional","Warmhouse",10,10,-0.243799950133921,45,0.366864997848124,0.458581247310155
"per_cell_all_cells_OLS","all_cells_slope","Southern","occurrence5_k1_tropical_temperate","Coolhouse","Warmhouse",16,10,-0.126216366488605,77,0.447586442407623,0.497318269341804
"per_cell_all_cells_OLS","all_cells_slope","Southern","occurrence5_k1_tropical_temperate","Coolhouse","Transitional",16,10,0.117583583645316,94,0.77763106142563,0.77763106142563
"per_cell_all_cells_OLS","all_cells_slope","Southern","occurrence5_k1_tropical_temperate_polar","Coolhouse","Hothouse",10,6,-0.342521249098573,5,0.00393731952383336,0.0393731952383336
"per_cell_all_cells_OLS","all_cells_slope","Southern","occurrence5_k1_tropical_temperate_polar","Transitional","Hothouse",7,6,-0.312138111971535,7,0.0268920444311991,0.109253601942504
"per_cell_all_cells_OLS","all_cells_slope","Southern","occurrence5_k1_tropical_temperate_polar","Warmhouse","Hothouse",6,6,-0.252666561323906,6,0.0327760805827513,0.109253601942504
"per_cell_all_cells_OLS","all_cells_slope","Southern","occurrence5_k1_tropical_temperate_polar","Coldhouse","Hothouse",2,6,-0.237314109081902,2,0.121672504574381,0.304181261435953
"per_cell_all_cells_OLS","all_cells_slope","Southern","occurrence5_k1_tropical_temperate_polar","Coolhouse","Warmhouse",10,6,-0.0898546877746676,24,0.275401006291442,0.550802012582883
"per_cell_all_cells_OLS","all_cells_slope","Southern","occurrence5_k1_tropical_temperate_polar","Coolhouse","Transitional",10,7,-0.0303831371270383,32,0.403625083966004,0.672708473276673
"per_cell_all_cells_OLS","all_cells_slope","Southern","occurrence5_k1_tropical_temperate_polar","Coldhouse","Transitional",2,7,0.074824002889633,8,0.669725397399163,0.744139330443515
"per_cell_all_cells_OLS","all_cells_slope","Southern","occurrence5_k1_tropical_temperate_polar","Coldhouse","Warmhouse",2,6,0.0153524522420036,6,0.566183832610904,0.744139330443515
"per_cell_all_cells_OLS","all_cells_slope","Southern","occurrence5_k1_tropical_temperate_polar","Transitional","Warmhouse",7,6,-0.0594715506476294,23,0.639507569049165,0.744139330443515
"per_cell_all_cells_OLS","all_cells_slope","Southern","occurrence5_k1_tropical_temperate_polar","Coldhouse","Coolhouse",2,10,0.105207140016671,14,0.833166757458515,0.833166757458515
"per_cell_all_cells_OLS","all_cells_slope","Southern","occurrence5_k2_tropical_temperate","Coldhouse","Hothouse",5,5,-0.682787933023365,0,0.0060928901776724,0.030464450888362
"per_cell_all_cells_OLS","all_cells_slope","Southern","occurrence5_k2_tropical_temperate","Transitional","Hothouse",5,5,-0.550213092590942,0,0.0060928901776724,0.030464450888362
"per_cell_all_cells_OLS","all_cells_slope","Southern","occurrence5_k2_tropical_temperate","Warmhouse","Hothouse",5,5,-0.219609164356885,2,0.018356928181352,0.0611897606045068
"per_cell_all_cells_OLS","all_cells_slope","Southern","occurrence5_k2_tropical_temperate","Coldhouse","Coolhouse",5,10,-0.325459701190475,10,0.0378763438081911,0.0757526876163822
"per_cell_all_cells_OLS","all_cells_slope","Southern","occurrence5_k2_tropical_temperate","Coolhouse","Hothouse",10,5,-0.357328231832891,10,0.0378763438081911,0.0757526876163822
"per_cell_all_cells_OLS","all_cells_slope","Southern","occurrence5_k2_tropical_temperate","Coldhouse","Warmhouse",5,5,-0.463178768666481,4,0.047346471299738,0.0789107854995633
"per_cell_all_cells_OLS","all_cells_slope","Southern","occurrence5_k2_tropical_temperate","Coldhouse","Transitional",5,5,-0.132574840432423,7,0.148134935742143,0.21162133677449
"per_cell_all_cells_OLS","all_cells_slope","Southern","occurrence5_k2_tropical_temperate","Coolhouse","Warmhouse",10,5,-0.137719067476006,21,0.334085080553204,0.375612952235082
"per_cell_all_cells_OLS","all_cells_slope","Southern","occurrence5_k2_tropical_temperate","Transitional","Warmhouse",5,5,-0.330603928234058,10,0.338051657011573,0.375612952235082
"per_cell_all_cells_OLS","all_cells_slope","Southern","occurrence5_k2_tropical_temperate","Coolhouse","Transitional",10,5,0.192884860758052,30,0.74972025109093,0.74972025109093
"per_cell_all_cells_OLS","all_cells_slope","Southern","occurrence5_k2_tropical_temperate_polar","Coolhouse","Hothouse",6,3,-0.270906899261854,0,0.0140929010739537,0.0845574064437222
"per_cell_all_cells_OLS","all_cells_slope","Southern","occurrence5_k2_tropical_temperate_polar","Coolhouse","Warmhouse",6,4,-0.142134284085104,4,0.0549097044076186,0.148914673178766
"per_cell_all_cells_OLS","all_cells_slope","Southern","occurrence5_k2_tropical_temperate_polar","Transitional","Hothouse",2,3,-0.301031610855333,0,0.0744573365893828,0.148914673178766
"per_cell_all_cells_OLS","all_cells_slope","Southern","occurrence5_k2_tropical_temperate_polar","Warmhouse","Hothouse",4,3,-0.12877261517675,2,0.10796246947007,0.161943704205105
"per_cell_all_cells_OLS","all_cells_slope","Southern","occurrence5_k2_tropical_temperate_polar","Transitional","Warmhouse",2,4,-0.172258995678583,3,0.408480660857696,0.490176793029235
"per_cell_all_cells_OLS","all_cells_slope","Southern","occurrence5_k2_tropical_temperate_polar","Coolhouse","Transitional",6,2,0.0301247115934795,6,0.566183832610904,0.566183832610904
"per_cell_all_cells_OLS","all_cells_slope","Southern","occurrence5_k2_tropical_temperate_polar","Coldhouse","Coolhouse",0,6,NA,NA,NA,NA
"per_cell_all_cells_OLS","all_cells_slope","Southern","occurrence5_k2_tropical_temperate_polar","Coldhouse","Transitional",0,2,NA,NA,NA,NA
"per_cell_all_cells_OLS","all_cells_slope","Southern","occurrence5_k2_tropical_temperate_polar","Coldhouse","Warmhouse",0,4,NA,NA,NA,NA
"per_cell_all_cells_OLS","all_cells_slope","Southern","occurrence5_k2_tropical_temperate_polar","Coldhouse","Hothouse",0,3,NA,NA,NA,NA
"per_cell_all_cells_OLS","all_cells_slope","Southern","occurrence5_k3_tropical_temperate","Coldhouse","Hothouse",2,4,-0.390226935306038,0,0.0525962525600207,0.14043899711308
"per_cell_all_cells_OLS","all_cells_slope","Southern","occurrence5_k3_tropical_temperate","Coolhouse","Hothouse",6,4,-0.339503434000467,4,0.0549097044076186,0.14043899711308
"per_cell_all_cells_OLS","all_cells_slope","Southern","occurrence5_k3_tropical_temperate","Transitional","Hothouse",3,4,-0.152172384651834,0,0.0259149636089548,0.14043899711308
"per_cell_all_cells_OLS","all_cells_slope","Southern","occurrence5_k3_tropical_temperate","Warmhouse","Hothouse",4,4,-0.32654130868704,2,0.056175598845232,0.14043899711308
"per_cell_all_cells_OLS","all_cells_slope","Southern","occurrence5_k3_tropical_temperate","Coldhouse","Coolhouse",2,6,-0.050723501305571,5,0.433816167389096,0.560799350787552
"per_cell_all_cells_OLS","all_cells_slope","Southern","occurrence5_k3_tropical_temperate","Coldhouse","Transitional",2,3,-0.238054550654204,2,0.386414996342224,0.560799350787552
"per_cell_all_cells_OLS","all_cells_slope","Southern","occurrence5_k3_tropical_temperate","Coldhouse","Warmhouse",2,4,-0.0636856266189988,3,0.408480660857696,0.560799350787552
"per_cell_all_cells_OLS","all_cells_slope","Southern","occurrence5_k3_tropical_temperate","Coolhouse","Transitional",6,3,-0.187331049348633,8,0.448639480630042,0.560799350787552
"per_cell_all_cells_OLS","all_cells_slope","Southern","occurrence5_k3_tropical_temperate","Coolhouse","Warmhouse",6,4,-0.0129621253134278,12,0.542446982789747,0.602718869766386
"per_cell_all_cells_OLS","all_cells_slope","Southern","occurrence5_k3_tropical_temperate","Transitional","Warmhouse",3,4,0.174368924035205,7,0.702058454717411,0.702058454717411
"per_cell_all_cells_OLS","all_cells_slope","Southern","occurrence5_k3_tropical_temperate_polar","Coolhouse","Warmhouse",3,2,-0.235976314167077,0,0.0744573365893828,0.111686004884074
"per_cell_all_cells_OLS","all_cells_slope","Southern","occurrence5_k3_tropical_temperate_polar","Coolhouse","Hothouse",3,3,-0.293656887357709,0,0.0404277991850261,0.111686004884074
"per_cell_all_cells_OLS","all_cells_slope","Southern","occurrence5_k3_tropical_temperate_polar","Warmhouse","Hothouse",2,3,-0.0576805731906325,2,0.386414996342224,0.386414996342224
"per_cell_all_cells_OLS","all_cells_slope","Southern","occurrence5_k3_tropical_temperate_polar","Coldhouse","Coolhouse",0,3,NA,NA,NA,NA
"per_cell_all_cells_OLS","all_cells_slope","Southern","occurrence5_k3_tropical_temperate_polar","Coldhouse","Transitional",0,1,NA,NA,NA,NA
"per_cell_all_cells_OLS","all_cells_slope","Southern","occurrence5_k3_tropical_temperate_polar","Coldhouse","Warmhouse",0,2,NA,NA,NA,NA
"per_cell_all_cells_OLS","all_cells_slope","Southern","occurrence5_k3_tropical_temperate_polar","Coldhouse","Hothouse",0,3,NA,NA,NA,NA
"per_cell_all_cells_OLS","all_cells_slope","Southern","occurrence5_k3_tropical_temperate_polar","Coolhouse","Transitional",3,1,-0.210081037444489,NA,NA,NA
"per_cell_all_cells_OLS","all_cells_slope","Southern","occurrence5_k3_tropical_temperate_polar","Transitional","Warmhouse",1,2,-0.0258952767225884,NA,NA,NA
"per_cell_all_cells_OLS","all_cells_slope","Southern","occurrence5_k3_tropical_temperate_polar","Transitional","Hothouse",1,3,-0.0835758499132209,NA,NA,NA
"per_cell_all_cells_OLS","all_cells_slope","Southern","occurrence10_k1_tropical_temperate","Coldhouse","Hothouse",9,10,-0.840432790971974,0,0.000139850135093343,0.000699250675466717
"per_cell_all_cells_OLS","all_cells_slope","Southern","occurrence10_k1_tropical_temperate","Transitional","Hothouse",9,10,-0.535922013072342,0,0.000139850135093343,0.000699250675466717
"per_cell_all_cells_OLS","all_cells_slope","Southern","occurrence10_k1_tropical_temperate","Warmhouse","Hothouse",9,10,-0.290382115108675,3,0.000351430359551761,0.0011714345318392
"per_cell_all_cells_OLS","all_cells_slope","Southern","occurrence10_k1_tropical_temperate","Coldhouse","Coolhouse",9,16,-0.488633348589156,25,0.00423740094607692,0.0105935023651923
"per_cell_all_cells_OLS","all_cells_slope","Southern","occurrence10_k1_tropical_temperate","Coldhouse","Warmhouse",9,9,-0.550050675863299,13,0.00855911985239508,0.0171182397047902
"per_cell_all_cells_OLS","all_cells_slope","Southern","occurrence10_k1_tropical_temperate","Coolhouse","Hothouse",16,10,-0.351799442382818,47,0.0433654324137713,0.0722757206896189
"per_cell_all_cells_OLS","all_cells_slope","Southern","occurrence10_k1_tropical_temperate","Coldhouse","Transitional",9,9,-0.304510777899632,24,0.0788521937315388,0.112645991045055
"per_cell_all_cells_OLS","all_cells_slope","Southern","occurrence10_k1_tropical_temperate","Transitional","Warmhouse",9,9,-0.245539897963667,27,0.125499135221461,0.156873919026827
"per_cell_all_cells_OLS","all_cells_slope","Southern","occurrence10_k1_tropical_temperate","Coolhouse","Warmhouse",16,9,-0.0614173272741432,76,0.600546665178365,0.667274072420406
"per_cell_all_cells_OLS","all_cells_slope","Southern","occurrence10_k1_tropical_temperate","Coolhouse","Transitional",16,9,0.184122570689524,101,0.952551063037618,0.952551063037618
"per_cell_all_cells_OLS","all_cells_slope","Southern","occurrence10_k1_tropical_temperate_polar","Coolhouse","Hothouse",9,5,-0.380616659796104,4,0.00819753592459613,0.0359529132462016
"per_cell_all_cells_OLS","all_cells_slope","Southern","occurrence10_k1_tropical_temperate_polar","Transitional","Hothouse",6,5,-0.358990074523766,0,0.00405655863278289,0.0359529132462016
"per_cell_all_cells_OLS","all_cells_slope","Southern","occurrence10_k1_tropical_temperate_polar","Warmhouse","Hothouse",5,5,-0.163437933739795,1,0.0107858739738605,0.0359529132462016
"per_cell_all_cells_OLS","all_cells_slope","Southern","occurrence10_k1_tropical_temperate_polar","Coldhouse","Hothouse",2,5,-0.27404369483077,0,0.0406805646170377,0.101701411542594
"per_cell_all_cells_OLS","all_cells_slope","Southern","occurrence10_k1_tropical_temperate_polar","Coldhouse","Warmhouse",2,5,-0.110605761090974,4,0.423225298438295,0.604607569197565
"per_cell_all_cells_OLS","all_cells_slope","Southern","occurrence10_k1_tropical_temperate_polar","Coolhouse","Warmhouse",9,5,-0.217178726056308,20,0.394862910464025,0.604607569197565
"per_cell_all_cells_OLS","all_cells_slope","Southern","occurrence10_k1_tropical_temperate_polar","Transitional","Warmhouse",6,5,-0.195552140783971,13,0.39209561470081,0.604607569197565
"per_cell_all_cells_OLS","all_cells_slope","Southern","occurrence10_k1_tropical_temperate_polar","Coldhouse","Coolhouse",2,9,0.106572964965334,12,0.79530225689504,0.797671619036357
"per_cell_all_cells_OLS","all_cells_slope","Southern","occurrence10_k1_tropical_temperate_polar","Coldhouse","Transitional",2,6,0.0849463796929961,8,0.797671619036357,0.797671619036357
"per_cell_all_cells_OLS","all_cells_slope","Southern","occurrence10_k1_tropical_temperate_polar","Coolhouse","Transitional",9,6,-0.0216265852723379,30,0.660005798882853,0.797671619036357
"per_cell_all_cells_OLS","all_cells_slope","Southern","occurrence10_k2_tropical_temperate","Transitional","Hothouse",5,5,-0.492381583096974,0,0.0060928901776724,0.030464450888362
"per_cell_all_cells_OLS","all_cells_slope","Southern","occurrence10_k2_tropical_temperate","Warmhouse","Hothouse",5,5,-0.222539560386623,0,0.0060928901776724,0.030464450888362
"per_cell_all_cells_OLS","all_cells_slope","Southern","occurrence10_k2_tropical_temperate","Coldhouse","Hothouse",4,5,-0.805373128399389,0,0.00998222665260803,0.0332740888420268
"per_cell_all_cells_OLS","all_cells_slope","Southern","occurrence10_k2_tropical_temperate","Coldhouse","Warmhouse",4,5,-0.582833568012765,1,0.0186682079603315,0.0466705199008286
"per_cell_all_cells_OLS","all_cells_slope","Southern","occurrence10_k2_tropical_temperate","Coldhouse","Coolhouse",4,10,-0.522177112198613,6,0.028118901938638,0.056237803877276
"per_cell_all_cells_OLS","all_cells_slope","Southern","occurrence10_k2_tropical_temperate","Transitional","Warmhouse",5,5,-0.269842022710351,4,0.047346471299738,0.0789107854995633
"per_cell_all_cells_OLS","all_cells_slope","Southern","occurrence10_k2_tropical_temperate","Coolhouse","Hothouse",10,5,-0.283196016200775,14,0.0992246517960062,0.141749502565723
"per_cell_all_cells_OLS","all_cells_slope","Southern","occurrence10_k2_tropical_temperate","Coldhouse","Transitional",4,5,-0.312991545302414,6,0.19563363964132,0.24454204955165
"per_cell_all_cells_OLS","all_cells_slope","Southern","occurrence10_k2_tropical_temperate","Coolhouse","Warmhouse",10,5,-0.0606564558141519,23,0.427119802884047,0.474577558760052
"per_cell_all_cells_OLS","all_cells_slope","Southern","occurrence10_k2_tropical_temperate","Coolhouse","Transitional",10,5,0.209185566896199,37,0.93710678768053,0.93710678768053
"per_cell_all_cells_OLS","all_cells_slope","Southern","occurrence10_k2_tropical_temperate_polar","Coolhouse","Warmhouse",5,3,-0.247196645017748,0,0.0184442128535249,0.0553326385605748
"per_cell_all_cells_OLS","all_cells_slope","Southern","occurrence10_k2_tropical_temperate_polar","Coolhouse","Hothouse",5,3,-0.380616659796104,0,0.0184442128535249,0.0553326385605748
"per_cell_all_cells_OLS","all_cells_slope","Southern","occurrence10_k2_tropical_temperate_polar","Warmhouse","Hothouse",3,3,-0.133420014778356,0,0.0404277991850261,0.0808555983700523
"per_cell_all_cells_OLS","all_cells_slope","Southern","occurrence10_k2_tropical_temperate_polar","Transitional","Warmhouse",2,3,-0.174157680725323,0,0.0744573365893828,0.0893488039072594
"per_cell_all_cells_OLS","all_cells_slope","Southern","occurrence10_k2_tropical_temperate_polar","Transitional","Hothouse",2,3,-0.307577695503679,0,0.0744573365893828,0.0893488039072594
"per_cell_all_cells_OLS","all_cells_slope","Southern","occurrence10_k2_tropical_temperate_polar","Coolhouse","Transitional",5,2,-0.073038964292425,6,0.719362081932711,0.719362081932711
"per_cell_all_cells_OLS","all_cells_slope","Southern","occurrence10_k2_tropical_temperate_polar","Coldhouse","Coolhouse",0,5,NA,NA,NA,NA
"per_cell_all_cells_OLS","all_cells_slope","Southern","occurrence10_k2_tropical_temperate_polar","Coldhouse","Transitional",0,2,NA,NA,NA,NA
"per_cell_all_cells_OLS","all_cells_slope","Southern","occurrence10_k2_tropical_temperate_polar","Coldhouse","Warmhouse",0,3,NA,NA,NA,NA
"per_cell_all_cells_OLS","all_cells_slope","Southern","occurrence10_k2_tropical_temperate_polar","Coldhouse","Hothouse",0,3,NA,NA,NA,NA
"per_cell_all_cells_OLS","all_cells_slope","Southern","occurrence10_k3_tropical_temperate","Transitional","Hothouse",3,3,-0.360657727334054,0,0.0404277991850261,0.121283397555078
"per_cell_all_cells_OLS","all_cells_slope","Southern","occurrence10_k3_tropical_temperate","Warmhouse","Hothouse",4,3,-0.122977680751904,0,0.0259149636089548,0.121283397555078
"per_cell_all_cells_OLS","all_cells_slope","Southern","occurrence10_k3_tropical_temperate","Transitional","Warmhouse",3,4,-0.23768004658215,3,0.188379558905791,0.376759117811582
"per_cell_all_cells_OLS","all_cells_slope","Southern","occurrence10_k3_tropical_temperate","Coolhouse","Hothouse",6,3,-0.137796484178837,6,0.259302508214363,0.388953762321544
"per_cell_all_cells_OLS","all_cells_slope","Southern","occurrence10_k3_tropical_temperate","Coolhouse","Warmhouse",6,4,-0.0148188034269321,13,0.625440433499702,0.750528520199643
"per_cell_all_cells_OLS","all_cells_slope","Southern","occurrence10_k3_tropical_temperate","Coolhouse","Transitional",6,3,0.222861243155218,14,0.922209826103901,0.922209826103901
"per_cell_all_cells_OLS","all_cells_slope","Southern","occurrence10_k3_tropical_temperate","Coldhouse","Coolhouse",0,6,NA,NA,NA,NA
"per_cell_all_cells_OLS","all_cells_slope","Southern","occurrence10_k3_tropical_temperate","Coldhouse","Transitional",0,3,NA,NA,NA,NA
"per_cell_all_cells_OLS","all_cells_slope","Southern","occurrence10_k3_tropical_temperate","Coldhouse","Warmhouse",0,4,NA,NA,NA,NA
"per_cell_all_cells_OLS","all_cells_slope","Southern","occurrence10_k3_tropical_temperate","Coldhouse","Hothouse",0,3,NA,NA,NA,NA
"per_cell_all_cells_OLS","all_cells_slope","Southern","occurrence10_k3_tropical_temperate_polar","Coolhouse","Warmhouse",3,2,-0.282619896823549,0,0.0744573365893828,0.0744573365893828
"per_cell_all_cells_OLS","all_cells_slope","Southern","occurrence10_k3_tropical_temperate_polar","Coolhouse","Hothouse",3,3,-0.380616659796104,0,0.0404277991850261,0.0744573365893828
"per_cell_all_cells_OLS","all_cells_slope","Southern","occurrence10_k3_tropical_temperate_polar","Warmhouse","Hothouse",2,3,-0.0979967629725544,0,0.0744573365893828,0.0744573365893828
"per_cell_all_cells_OLS","all_cells_slope","Southern","occurrence10_k3_tropical_temperate_polar","Coldhouse","Coolhouse",0,3,NA,NA,NA,NA
"per_cell_all_cells_OLS","all_cells_slope","Southern","occurrence10_k3_tropical_temperate_polar","Coldhouse","Transitional",0,1,NA,NA,NA,NA
"per_cell_all_cells_OLS","all_cells_slope","Southern","occurrence10_k3_tropical_temperate_polar","Coldhouse","Warmhouse",0,2,NA,NA,NA,NA
"per_cell_all_cells_OLS","all_cells_slope","Southern","occurrence10_k3_tropical_temperate_polar","Coldhouse","Hothouse",0,3,NA,NA,NA,NA
"per_cell_all_cells_OLS","all_cells_slope","Southern","occurrence10_k3_tropical_temperate_polar","Coolhouse","Transitional",3,1,-0.168723306277453,NA,NA,NA
"per_cell_all_cells_OLS","all_cells_slope","Southern","occurrence10_k3_tropical_temperate_polar","Transitional","Warmhouse",1,2,-0.113896590546096,NA,NA,NA
"per_cell_all_cells_OLS","all_cells_slope","Southern","occurrence10_k3_tropical_temperate_polar","Transitional","Hothouse",1,3,-0.21189335351865,NA,NA,NA
"per_cell_all_cells_OLS","all_cells_slope","Southern","collection5_k1_tropical_temperate","Coldhouse","Hothouse",9,9,-0.742136017791164,8,0.00235909936405751,0.0235909936405751
"per_cell_all_cells_OLS","all_cells_slope","Southern","collection5_k1_tropical_temperate","Warmhouse","Hothouse",7,9,-0.361705567445599,9,0.00993676784541088,0.0496838392270544
"per_cell_all_cells_OLS","all_cells_slope","Southern","collection5_k1_tropical_temperate","Transitional","Hothouse",10,9,-0.435682543425508,18,0.0152430784676317,0.0508102615587723
"per_cell_all_cells_OLS","all_cells_slope","Southern","collection5_k1_tropical_temperate","Coldhouse","Warmhouse",9,7,-0.380430450345565,13,0.0283691106875967,0.0709227767189918
"per_cell_all_cells_OLS","all_cells_slope","Southern","collection5_k1_tropical_temperate","Coldhouse","Coolhouse",9,16,-0.336891516463545,40,0.0372657855273097,0.0745315710546195
"per_cell_all_cells_OLS","all_cells_slope","Southern","collection5_k1_tropical_temperate","Coldhouse","Transitional",9,10,-0.306453474365656,27,0.0765209420794101,0.127534903465683
"per_cell_all_cells_OLS","all_cells_slope","Southern","collection5_k1_tropical_temperate","Coolhouse","Hothouse",16,9,-0.405244501327619,53,0.147467649378545,0.210668070540779
"per_cell_all_cells_OLS","all_cells_slope","Southern","collection5_k1_tropical_temperate","Transitional","Warmhouse",10,7,-0.0739769759799095,34,0.480541331972586,0.600676664965733
"per_cell_all_cells_OLS","all_cells_slope","Southern","collection5_k1_tropical_temperate","Coolhouse","Warmhouse",16,7,-0.0435389338820203,60,0.618166505798739,0.68685167310971
"per_cell_all_cells_OLS","all_cells_slope","Southern","collection5_k1_tropical_temperate","Coolhouse","Transitional",16,10,0.0304380420978891,93,0.76161663800071,0.76161663800071
"per_cell_all_cells_OLS","all_cells_slope","Southern","collection5_k1_tropical_temperate_polar","Coolhouse","Hothouse",9,4,-0.611009890727152,2,0.00838522806319097,0.0419261403159548
"per_cell_all_cells_OLS","all_cells_slope","Southern","collection5_k1_tropical_temperate_polar","Transitional","Hothouse",7,4,-0.546328585094284,0,0.0053667080514986,0.0419261403159548
"per_cell_all_cells_OLS","all_cells_slope","Southern","collection5_k1_tropical_temperate_polar","Coldhouse","Hothouse",2,4,-0.457620362262716,0,0.0525962525600207,0.14043899711308
"per_cell_all_cells_OLS","all_cells_slope","Southern","collection5_k1_tropical_temperate_polar","Warmhouse","Hothouse",4,4,-0.420008753585318,2,0.056175598845232,0.14043899711308
"per_cell_all_cells_OLS","all_cells_slope","Southern","collection5_k1_tropical_temperate_polar","Coolhouse","Warmhouse",9,4,-0.191001137141835,11,0.157937239915245,0.31587447983049
"per_cell_all_cells_OLS","all_cells_slope","Southern","collection5_k1_tropical_temperate_polar","Transitional","Warmhouse",7,4,-0.126319831508967,10,0.254165786776073,0.423609644626788
"per_cell_all_cells_OLS","all_cells_slope","Southern","collection5_k1_tropical_temperate_polar","Coldhouse","Warmhouse",2,4,-0.0376116086773989,3,0.408480660857696,0.572312745957077
"per_cell_all_cells_OLS","all_cells_slope","Southern","collection5_k1_tropical_temperate_polar","Coolhouse","Transitional",9,7,-0.0646813056328679,30,0.457850196765661,0.572312745957077
"per_cell_all_cells_OLS","all_cells_slope","Southern","collection5_k1_tropical_temperate_polar","Coldhouse","Transitional",2,7,0.0887082228315679,10,0.847246456569373,0.941384951743748
"per_cell_all_cells_OLS","all_cells_slope","Southern","collection5_k1_tropical_temperate_polar","Coldhouse","Coolhouse",2,9,0.153389528464436,16,0.961450064128229,0.961450064128229
"per_cell_all_cells_OLS","all_cells_slope","Southern","collection5_k2_tropical_temperate","Coldhouse","Hothouse",3,5,-0.945211193066703,0,0.0184442128535249,0.165481449305484
"per_cell_all_cells_OLS","all_cells_slope","Southern","collection5_k2_tropical_temperate","Warmhouse","Hothouse",4,5,-0.360835499914865,2,0.0330962898610967,0.165481449305484
"per_cell_all_cells_OLS","all_cells_slope","Southern","collection5_k2_tropical_temperate","Coldhouse","Warmhouse",3,4,-0.584375693151838,1,0.0558058841491461,0.1795901022587
"per_cell_all_cells_OLS","all_cells_slope","Southern","collection5_k2_tropical_temperate","Transitional","Hothouse",5,5,-0.590425174950827,5,0.0718360409034801,0.1795901022587
"per_cell_all_cells_OLS","all_cells_slope","Southern","collection5_k2_tropical_temperate","Coldhouse","Coolhouse",3,8,-0.558382136878081,5,0.0922862764199414,0.184572552839883
"per_cell_all_cells_OLS","all_cells_slope","Southern","collection5_k2_tropical_temperate","Coolhouse","Hothouse",8,5,-0.386829056188622,12,0.136126790531499,0.226877984219166
"per_cell_all_cells_OLS","all_cells_slope","Southern","collection5_k2_tropical_temperate","Coldhouse","Transitional",3,5,-0.354786018115877,4,0.185546684761349,0.265066692516213
"per_cell_all_cells_OLS","all_cells_slope","Southern","collection5_k2_tropical_temperate","Transitional","Warmhouse",5,4,-0.229589675035962,8,0.356651586939229,0.445814483674036
"per_cell_all_cells_OLS","all_cells_slope","Southern","collection5_k2_tropical_temperate","Coolhouse","Warmhouse",8,4,-0.0259935562737567,17,0.600546665178365,0.667274072420406
"per_cell_all_cells_OLS","all_cells_slope","Southern","collection5_k2_tropical_temperate","Coolhouse","Transitional",8,5,0.203596118762205,28,0.893300372811819,0.893300372811819
"per_cell_all_cells_OLS","all_cells_slope","Southern","collection5_k2_tropical_temperate_polar","Coolhouse","Warmhouse",4,2,-0.241901230174117,0,0.0525962525600207,0.148914673178766
"per_cell_all_cells_OLS","all_cells_slope","Southern","collection5_k2_tropical_temperate_polar","Coolhouse","Hothouse",4,3,-0.353893820306243,0,0.0259149636089548,0.148914673178766
"per_cell_all_cells_OLS","all_cells_slope","Southern","collection5_k2_tropical_temperate_polar","Transitional","Hothouse",2,3,-0.317015102368688,0,0.0744573365893828,0.148914673178766
"per_cell_all_cells_OLS","all_cells_slope","Southern","collection5_k2_tropical_temperate_polar","Transitional","Warmhouse",2,2,-0.205022512236562,1,0.349267679151669,0.463697995610668
"per_cell_all_cells_OLS","all_cells_slope","Southern","collection5_k2_tropical_temperate_polar","Warmhouse","Hothouse",2,3,-0.111992590132126,2,0.386414996342224,0.463697995610668
"per_cell_all_cells_OLS","all_cells_slope","Southern","collection5_k2_tropical_temperate_polar","Coolhouse","Transitional",4,2,-0.036878717937555,4,0.591519339142304,0.591519339142304
"per_cell_all_cells_OLS","all_cells_slope","Southern","collection5_k2_tropical_temperate_polar","Coldhouse","Coolhouse",0,4,NA,NA,NA,NA
"per_cell_all_cells_OLS","all_cells_slope","Southern","collection5_k2_tropical_temperate_polar","Coldhouse","Transitional",0,2,NA,NA,NA,NA
"per_cell_all_cells_OLS","all_cells_slope","Southern","collection5_k2_tropical_temperate_polar","Coldhouse","Warmhouse",0,2,NA,NA,NA,NA
"per_cell_all_cells_OLS","all_cells_slope","Southern","collection5_k2_tropical_temperate_polar","Coldhouse","Hothouse",0,3,NA,NA,NA,NA
"per_cell_all_cells_OLS","all_cells_slope","Southern","collection5_k3_tropical_temperate","Coolhouse","Hothouse",4,2,-0.313772559097945,0,0.0525962525600207,0.315577515360124
"per_cell_all_cells_OLS","all_cells_slope","Southern","collection5_k3_tropical_temperate","Coolhouse","Transitional",4,3,-0.211766862984472,4,0.297941545282589,0.446912317923883
"per_cell_all_cells_OLS","all_cells_slope","Southern","collection5_k3_tropical_temperate","Coolhouse","Warmhouse",4,4,-0.0701273729326558,4,0.156160710838108,0.446912317923883
"per_cell_all_cells_OLS","all_cells_slope","Southern","collection5_k3_tropical_temperate","Warmhouse","Hothouse",4,2,-0.243645186165289,2,0.243726645182017,0.446912317923883
"per_cell_all_cells_OLS","all_cells_slope","Southern","collection5_k3_tropical_temperate","Transitional","Hothouse",3,2,-0.102005696113473,2,0.386414996342224,0.463697995610668
"per_cell_all_cells_OLS","all_cells_slope","Southern","collection5_k3_tropical_temperate","Transitional","Warmhouse",3,4,0.141639490051816,7,0.702058454717411,0.702058454717411
"per_cell_all_cells_OLS","all_cells_slope","Southern","collection5_k3_tropical_temperate","Coldhouse","Coolhouse",0,4,NA,NA,NA,NA
"per_cell_all_cells_OLS","all_cells_slope","Southern","collection5_k3_tropical_temperate","Coldhouse","Transitional",0,3,NA,NA,NA,NA
"per_cell_all_cells_OLS","all_cells_slope","Southern","collection5_k3_tropical_temperate","Coldhouse","Warmhouse",0,4,NA,NA,NA,NA
"per_cell_all_cells_OLS","all_cells_slope","Southern","collection5_k3_tropical_temperate","Coldhouse","Hothouse",0,2,NA,NA,NA,NA
"per_cell_all_cells_OLS","all_cells_slope","Southern","collection5_k3_tropical_temperate_polar","Coolhouse","Warmhouse",3,2,-0.267619601694019,0,0.0744573365893828,0.0744573365893828
"per_cell_all_cells_OLS","all_cells_slope","Southern","collection5_k3_tropical_temperate_polar","Coldhouse","Coolhouse",0,3,NA,NA,NA,NA
"per_cell_all_cells_OLS","all_cells_slope","Southern","collection5_k3_tropical_temperate_polar","Coldhouse","Transitional",0,1,NA,NA,NA,NA
"per_cell_all_cells_OLS","all_cells_slope","Southern","collection5_k3_tropical_temperate_polar","Coldhouse","Warmhouse",0,2,NA,NA,NA,NA
"per_cell_all_cells_OLS","all_cells_slope","Southern","collection5_k3_tropical_temperate_polar","Coldhouse","Hothouse",0,1,NA,NA,NA,NA
"per_cell_all_cells_OLS","all_cells_slope","Southern","collection5_k3_tropical_temperate_polar","Coolhouse","Transitional",3,1,-0.248211672001345,NA,NA,NA
"per_cell_all_cells_OLS","all_cells_slope","Southern","collection5_k3_tropical_temperate_polar","Coolhouse","Hothouse",3,1,-0.320822544403492,NA,NA,NA
"per_cell_all_cells_OLS","all_cells_slope","Southern","collection5_k3_tropical_temperate_polar","Transitional","Warmhouse",1,2,-0.0194079296926734,NA,NA,NA
"per_cell_all_cells_OLS","all_cells_slope","Southern","collection5_k3_tropical_temperate_polar","Transitional","Hothouse",1,1,-0.0726108724021469,NA,NA,NA
"per_cell_all_cells_OLS","all_cells_slope","Southern","collection5_k3_tropical_temperate_polar","Warmhouse","Hothouse",2,1,-0.0532029427094735,NA,NA,NA
"per_cell_all_cells_OLS","all_cells_slope","Southern","collection10_k1_tropical_temperate","Coldhouse","Hothouse",5,7,-1.22285349838001,0,0.00288306045711863,0.0144153022855932
"per_cell_all_cells_OLS","all_cells_slope","Southern","collection10_k1_tropical_temperate","Warmhouse","Hothouse",6,7,-0.381676588280617,1,0.0026704962625336,0.0144153022855932
"per_cell_all_cells_OLS","all_cells_slope","Southern","collection10_k1_tropical_temperate","Coldhouse","Warmhouse",5,6,-0.841176910099394,3,0.0178818832954889,0.0357637665909779
"per_cell_all_cells_OLS","all_cells_slope","Southern","collection10_k1_tropical_temperate","Coolhouse","Hothouse",12,7,-0.419118766386756,16,0.0155753091852167,0.0357637665909779
"per_cell_all_cells_OLS","all_cells_slope","Southern","collection10_k1_tropical_temperate","Transitional","Hothouse",8,7,-0.544072801515169,9,0.0161386730473986,0.0357637665909779
"per_cell_all_cells_OLS","all_cells_slope","Southern","collection10_k1_tropical_temperate","Coldhouse","Coolhouse",5,12,-0.803734731993255,11,0.0255838152567162,0.042639692094527
"per_cell_all_cells_OLS","all_cells_slope","Southern","collection10_k1_tropical_temperate","Coldhouse","Transitional",5,8,-0.678780696864843,7,0.0336389802691745,0.0480556860988207
"per_cell_all_cells_OLS","all_cells_slope","Southern","collection10_k1_tropical_temperate","Transitional","Warmhouse",8,6,-0.162396213234551,20,0.325689223238196,0.407111529047746
"per_cell_all_cells_OLS","all_cells_slope","Southern","collection10_k1_tropical_temperate","Coolhouse","Transitional",12,8,0.124954035128412,48,0.515385716580331,0.515385716580331
"per_cell_all_cells_OLS","all_cells_slope","Southern","collection10_k1_tropical_temperate","Coolhouse","Warmhouse",12,6,-0.037442178106139,35,0.481324642064855,0.515385716580331
"per_cell_all_cells_OLS","all_cells_slope","Southern","collection10_k1_tropical_temperate_polar","Coolhouse","Hothouse",4,3,-0.584359696632202,0,0.0259149636089548,0.0518299272179097
"per_cell_all_cells_OLS","all_cells_slope","Southern","collection10_k1_tropical_temperate_polar","Transitional","Hothouse",5,3,-0.633658361012198,0,0.0184442128535249,0.0518299272179097
"per_cell_all_cells_OLS","all_cells_slope","Southern","collection10_k1_tropical_temperate_polar","Warmhouse","Hothouse",4,3,-0.309026510255134,0,0.0259149636089548,0.0518299272179097
"per_cell_all_cells_OLS","all_cells_slope","Southern","collection10_k1_tropical_temperate_polar","Coolhouse","Warmhouse",4,4,-0.275333186377068,5,0.235243211029395,0.282291853235274
"per_cell_all_cells_OLS","all_cells_slope","Southern","collection10_k1_tropical_temperate_polar","Transitional","Warmhouse",5,4,-0.324631850757064,6,0.19563363964132,0.282291853235274
"per_cell_all_cells_OLS","all_cells_slope","Southern","collection10_k1_tropical_temperate_polar","Coolhouse","Transitional",4,5,0.0492986643799957,9,0.45126162508884,0.45126162508884
"per_cell_all_cells_OLS","all_cells_slope","Southern","collection10_k1_tropical_temperate_polar","Coldhouse","Coolhouse",1,4,0.183487233237262,NA,NA,NA
"per_cell_all_cells_OLS","all_cells_slope","Southern","collection10_k1_tropical_temperate_polar","Coldhouse","Transitional",1,5,0.232785897617258,NA,NA,NA
"per_cell_all_cells_OLS","all_cells_slope","Southern","collection10_k1_tropical_temperate_polar","Coldhouse","Warmhouse",1,4,-0.0918459531398064,NA,NA,NA
"per_cell_all_cells_OLS","all_cells_slope","Southern","collection10_k1_tropical_temperate_polar","Coldhouse","Hothouse",1,3,-0.400872463394941,NA,NA,NA
"per_cell_all_cells_OLS","all_cells_slope","Southern","collection10_k2_tropical_temperate","Coolhouse","Hothouse",3,3,-0.26182277204463,0,0.0404277991850261,0.121283397555078
"per_cell_all_cells_OLS","all_cells_slope","Southern","collection10_k2_tropical_temperate","Warmhouse","Hothouse",4,3,-0.370058386218837,0,0.0259149636089548,0.121283397555078
"per_cell_all_cells_OLS","all_cells_slope","Southern","collection10_k2_tropical_temperate","Transitional","Hothouse",5,3,-0.790421323166325,3,0.116518991136953,0.233037982273905
"per_cell_all_cells_OLS","all_cells_slope","Southern","collection10_k2_tropical_temperate","Transitional","Warmhouse",5,4,-0.420362936947487,8,0.356651586939229,0.534977380408843
"per_cell_all_cells_OLS","all_cells_slope","Southern","collection10_k2_tropical_temperate","Coolhouse","Transitional",3,5,0.528598551121695,9,0.724507506207453,0.724507506207453
"per_cell_all_cells_OLS","all_cells_slope","Southern","collection10_k2_tropical_temperate","Coolhouse","Warmhouse",3,4,0.108235614174208,7,0.702058454717411,0.724507506207453
"per_cell_all_cells_OLS","all_cells_slope","Southern","collection10_k2_tropical_temperate","Coldhouse","Coolhouse",1,3,-0.961030726335382,NA,NA,NA
"per_cell_all_cells_OLS","all_cells_slope","Southern","collection10_k2_tropical_temperate","Coldhouse","Transitional",1,5,-0.432432175213687,NA,NA,NA
"per_cell_all_cells_OLS","all_cells_slope","Southern","collection10_k2_tropical_temperate","Coldhouse","Warmhouse",1,4,-0.852795112161174,NA,NA,NA
"per_cell_all_cells_OLS","all_cells_slope","Southern","collection10_k2_tropical_temperate","Coldhouse","Hothouse",1,3,-1.22285349838001,NA,NA,NA
"per_cell_all_cells_OLS","all_cells_slope","Southern","collection10_k2_tropical_temperate_polar","Coolhouse","Hothouse",2,3,-0.392633602947862,0,0.0744573365893828,0.111686004884074
"per_cell_all_cells_OLS","all_cells_slope","Southern","collection10_k2_tropical_temperate_polar","Warmhouse","Hothouse",2,3,-0.216554363674677,0,0.0744573365893828,0.111686004884074
"per_cell_all_cells_OLS","all_cells_slope","Southern","collection10_k2_tropical_temperate_polar","Coolhouse","Warmhouse",2,2,-0.176079239273185,1,0.349267679151669,0.349267679151669
"per_cell_all_cells_OLS","all_cells_slope","Southern","collection10_k2_tropical_temperate_polar","Coldhouse","Coolhouse",0,2,NA,NA,NA,NA
"per_cell_all_cells_OLS","all_cells_slope","Southern","collection10_k2_tropical_temperate_polar","Coldhouse","Transitional",0,1,NA,NA,NA,NA
"per_cell_all_cells_OLS","all_cells_slope","Southern","collection10_k2_tropical_temperate_polar","Coldhouse","Warmhouse",0,2,NA,NA,NA,NA
"per_cell_all_cells_OLS","all_cells_slope","Southern","collection10_k2_tropical_temperate_polar","Coldhouse","Hothouse",0,3,NA,NA,NA,NA
"per_cell_all_cells_OLS","all_cells_slope","Southern","collection10_k2_tropical_temperate_polar","Coolhouse","Transitional",2,1,0.397787720218462,NA,NA,NA
"per_cell_all_cells_OLS","all_cells_slope","Southern","collection10_k2_tropical_temperate_polar","Transitional","Warmhouse",1,2,-0.573866959491648,NA,NA,NA
"per_cell_all_cells_OLS","all_cells_slope","Southern","collection10_k2_tropical_temperate_polar","Transitional","Hothouse",1,3,-0.790421323166325,NA,NA,NA
"per_cell_all_cells_OLS","all_cells_slope","Southern","collection10_k3_tropical_temperate","Warmhouse","Hothouse",4,2,-0.328629207818374,0,0.0525962525600207,0.0525962525600207
"per_cell_all_cells_OLS","all_cells_slope","Southern","collection10_k3_tropical_temperate","Coldhouse","Coolhouse",0,0,NA,NA,NA,NA
"per_cell_all_cells_OLS","all_cells_slope","Southern","collection10_k3_tropical_temperate","Coldhouse","Transitional",0,1,NA,NA,NA,NA
"per_cell_all_cells_OLS","all_cells_slope","Southern","collection10_k3_tropical_temperate","Coldhouse","Warmhouse",0,4,NA,NA,NA,NA
"per_cell_all_cells_OLS","all_cells_slope","Southern","collection10_k3_tropical_temperate","Coldhouse","Hothouse",0,2,NA,NA,NA,NA
"per_cell_all_cells_OLS","all_cells_slope","Southern","collection10_k3_tropical_temperate","Coolhouse","Transitional",0,1,NA,NA,NA,NA
"per_cell_all_cells_OLS","all_cells_slope","Southern","collection10_k3_tropical_temperate","Coolhouse","Warmhouse",0,4,NA,NA,NA,NA
"per_cell_all_cells_OLS","all_cells_slope","Southern","collection10_k3_tropical_temperate","Coolhouse","Hothouse",0,2,NA,NA,NA,NA
"per_cell_all_cells_OLS","all_cells_slope","Southern","collection10_k3_tropical_temperate","Transitional","Warmhouse",1,4,0.272146741786224,NA,NA,NA
"per_cell_all_cells_OLS","all_cells_slope","Southern","collection10_k3_tropical_temperate","Transitional","Hothouse",1,2,-0.05648246603215,NA,NA,NA
"per_cell_all_cells_OLS","all_cells_slope","Southern","collection10_k3_tropical_temperate_polar","Coldhouse","Coolhouse",0,0,NA,NA,NA,NA
"per_cell_all_cells_OLS","all_cells_slope","Southern","collection10_k3_tropical_temperate_polar","Coldhouse","Transitional",0,0,NA,NA,NA,NA
"per_cell_all_cells_OLS","all_cells_slope","Southern","collection10_k3_tropical_temperate_polar","Coldhouse","Warmhouse",0,1,NA,NA,NA,NA
"per_cell_all_cells_OLS","all_cells_slope","Southern","collection10_k3_tropical_temperate_polar","Coldhouse","Hothouse",0,1,NA,NA,NA,NA
"per_cell_all_cells_OLS","all_cells_slope","Southern","collection10_k3_tropical_temperate_polar","Coolhouse","Transitional",0,0,NA,NA,NA,NA
"per_cell_all_cells_OLS","all_cells_slope","Southern","collection10_k3_tropical_temperate_polar","Coolhouse","Warmhouse",0,1,NA,NA,NA,NA
"per_cell_all_cells_OLS","all_cells_slope","Southern","collection10_k3_tropical_temperate_polar","Coolhouse","Hothouse",0,1,NA,NA,NA,NA
"per_cell_all_cells_OLS","all_cells_slope","Southern","collection10_k3_tropical_temperate_polar","Transitional","Warmhouse",0,1,NA,NA,NA,NA
"per_cell_all_cells_OLS","all_cells_slope","Southern","collection10_k3_tropical_temperate_polar","Transitional","Hothouse",0,1,NA,NA,NA,NA
"per_cell_all_cells_OLS","all_cells_slope","Southern","collection10_k3_tropical_temperate_polar","Warmhouse","Hothouse",1,1,-0.214549951392428,NA,NA,NA
"per_cell_balanced_resampling_OLS","median_resampled_slope","Combined","occurrence5_k1_tropical_temperate","Coldhouse","Warmhouse",21,19,-0.580444539850271,52,3.42635059695786e-05,0.000342635059695786
"per_cell_balanced_resampling_OLS","median_resampled_slope","Combined","occurrence5_k1_tropical_temperate","Coldhouse","Transitional",21,25,-0.458208825416194,103,0.000227121821152496,0.000757072737174988
"per_cell_balanced_resampling_OLS","median_resampled_slope","Combined","occurrence5_k1_tropical_temperate","Coldhouse","Hothouse",21,22,-0.569043518894062,84,0.000185827590978134,0.000757072737174988
"per_cell_balanced_resampling_OLS","median_resampled_slope","Combined","occurrence5_k1_tropical_temperate","Coolhouse","Warmhouse",31,19,-0.30772357972198,170,0.00659884790173143,0.0164971197543286
"per_cell_balanced_resampling_OLS","median_resampled_slope","Combined","occurrence5_k1_tropical_temperate","Coolhouse","Hothouse",31,22,-0.296322558765771,229,0.0220737396128416,0.0441474792256831
"per_cell_balanced_resampling_OLS","median_resampled_slope","Combined","occurrence5_k1_tropical_temperate","Coldhouse","Coolhouse",21,31,-0.272720960128291,225,0.0310957110823764,0.0518261851372941
"per_cell_balanced_resampling_OLS","median_resampled_slope","Combined","occurrence5_k1_tropical_temperate","Coolhouse","Transitional",31,25,-0.185487865287903,283,0.0432553518311654,0.0617933597588077
"per_cell_balanced_resampling_OLS","median_resampled_slope","Combined","occurrence5_k1_tropical_temperate","Transitional","Warmhouse",25,19,-0.122235714434077,189,0.127704390225735,0.159630487782169
"per_cell_balanced_resampling_OLS","median_resampled_slope","Combined","occurrence5_k1_tropical_temperate","Transitional","Hothouse",25,22,-0.110834693477869,230,0.171375621446648,0.190417357162942
"per_cell_balanced_resampling_OLS","median_resampled_slope","Combined","occurrence5_k1_tropical_temperate","Warmhouse","Hothouse",19,22,0.0114010209562085,206,0.473943338048529,0.473943338048529
"per_cell_balanced_resampling_OLS","median_resampled_slope","Combined","occurrence5_k1_tropical_temperate_polar","Coldhouse","Hothouse",8,10,-0.617048775015246,4,0.000804534455273455,0.00804534455273455
"per_cell_balanced_resampling_OLS","median_resampled_slope","Combined","occurrence5_k1_tropical_temperate_polar","Coolhouse","Hothouse",20,10,-0.300364114491023,33,0.00171890837660649,0.00859454188303247
"per_cell_balanced_resampling_OLS","median_resampled_slope","Combined","occurrence5_k1_tropical_temperate_polar","Coldhouse","Transitional",8,14,-0.463066605849569,15,0.00285294648108536,0.00950982160361786
"per_cell_balanced_resampling_OLS","median_resampled_slope","Combined","occurrence5_k1_tropical_temperate_polar","Coldhouse","Warmhouse",8,12,-0.533028340313487,16,0.00754362774720324,0.0188590693680081
"per_cell_balanced_resampling_OLS","median_resampled_slope","Combined","occurrence5_k1_tropical_temperate_polar","Coldhouse","Coolhouse",8,20,-0.316684660524223,39,0.0197175421873252,0.0394350843746504
"per_cell_balanced_resampling_OLS","median_resampled_slope","Combined","occurrence5_k1_tropical_temperate_polar","Coolhouse","Warmhouse",20,12,-0.216343679789264,69,0.0246660691063608,0.040742767320754
"per_cell_balanced_resampling_OLS","median_resampled_slope","Combined","occurrence5_k1_tropical_temperate_polar","Transitional","Hothouse",14,10,-0.153982169165677,37,0.0285199371245278,0.040742767320754
"per_cell_balanced_resampling_OLS","median_resampled_slope","Combined","occurrence5_k1_tropical_temperate_polar","Coolhouse","Transitional",20,14,-0.146381945325346,94,0.0556734432665702,0.0695918040832128
"per_cell_balanced_resampling_OLS","median_resampled_slope","Combined","occurrence5_k1_tropical_temperate_polar","Transitional","Warmhouse",14,12,-0.0699617344639186,68,0.212657578908097,0.212657578908097
"per_cell_balanced_resampling_OLS","median_resampled_slope","Combined","occurrence5_k1_tropical_temperate_polar","Warmhouse","Hothouse",12,10,-0.0840204347017583,47,0.204905694165468,0.212657578908097
"per_cell_balanced_resampling_OLS","median_resampled_slope","Combined","occurrence5_k2_tropical_temperate","Coldhouse","Warmhouse",12,13,-0.55003895527786,8,7.83192366485597e-05,0.000783192366485597
"per_cell_balanced_resampling_OLS","median_resampled_slope","Combined","occurrence5_k2_tropical_temperate","Coldhouse","Transitional",12,15,-0.441836394865528,18,0.000242558210872809,0.000808527369576031
"per_cell_balanced_resampling_OLS","median_resampled_slope","Combined","occurrence5_k2_tropical_temperate","Coldhouse","Hothouse",12,11,-0.582922381058733,8,0.000200913958145289,0.000808527369576031
"per_cell_balanced_resampling_OLS","median_resampled_slope","Combined","occurrence5_k2_tropical_temperate","Coolhouse","Warmhouse",20,13,-0.239139875118217,60,0.00522390966544048,0.0130597741636012
"per_cell_balanced_resampling_OLS","median_resampled_slope","Combined","occurrence5_k2_tropical_temperate","Coldhouse","Coolhouse",12,20,-0.310899080159643,62,0.0126045141657303,0.0252090283314607
"per_cell_balanced_resampling_OLS","median_resampled_slope","Combined","occurrence5_k2_tropical_temperate","Coolhouse","Hothouse",20,11,-0.27202330089909,61,0.0226220545567383,0.0377034242612306
"per_cell_balanced_resampling_OLS","median_resampled_slope","Combined","occurrence5_k2_tropical_temperate","Coolhouse","Transitional",20,15,-0.130937314705885,99,0.0461552905059495,0.0659361292942135
"per_cell_balanced_resampling_OLS","median_resampled_slope","Combined","occurrence5_k2_tropical_temperate","Transitional","Warmhouse",15,13,-0.108202560412333,79,0.203502357565143,0.254377946956428
"per_cell_balanced_resampling_OLS","median_resampled_slope","Combined","occurrence5_k2_tropical_temperate","Transitional","Hothouse",15,11,-0.141085986193205,71,0.284033977922073,0.315593308802304
"per_cell_balanced_resampling_OLS","median_resampled_slope","Combined","occurrence5_k2_tropical_temperate","Warmhouse","Hothouse",13,11,-0.0328834257808726,68,0.431007534888616,0.431007534888616
"per_cell_balanced_resampling_OLS","median_resampled_slope","Combined","occurrence5_k2_tropical_temperate_polar","Coldhouse","Coolhouse",3,13,-0.28206048750394,3,0.0156769151799135,0.0307403547558749
"per_cell_balanced_resampling_OLS","median_resampled_slope","Combined","occurrence5_k2_tropical_temperate_polar","Coldhouse","Transitional",3,5,-0.284313177699086,0,0.0184442128535249,0.0307403547558749
"per_cell_balanced_resampling_OLS","median_resampled_slope","Combined","occurrence5_k2_tropical_temperate_polar","Coldhouse","Warmhouse",3,6,-0.54691259404015,0,0.0140929010739537,0.0307403547558749
"per_cell_balanced_resampling_OLS","median_resampled_slope","Combined","occurrence5_k2_tropical_temperate_polar","Coldhouse","Hothouse",3,5,-0.631520385588464,0,0.0184442128535249,0.0307403547558749
"per_cell_balanced_resampling_OLS","median_resampled_slope","Combined","occurrence5_k2_tropical_temperate_polar","Coolhouse","Warmhouse",13,6,-0.26485210653621,12,0.010057288181236,0.0307403547558749
"per_cell_balanced_resampling_OLS","median_resampled_slope","Combined","occurrence5_k2_tropical_temperate_polar","Coolhouse","Hothouse",13,5,-0.349459898084523,10,0.0150564620919692,0.0307403547558749
"per_cell_balanced_resampling_OLS","median_resampled_slope","Combined","occurrence5_k2_tropical_temperate_polar","Transitional","Hothouse",5,5,-0.347207207889378,4,0.047346471299738,0.0676378161424828
"per_cell_balanced_resampling_OLS","median_resampled_slope","Combined","occurrence5_k2_tropical_temperate_polar","Transitional","Warmhouse",5,6,-0.262599416341064,7,0.0854517601153987,0.106814700144248
"per_cell_balanced_resampling_OLS","median_resampled_slope","Combined","occurrence5_k2_tropical_temperate_polar","Coolhouse","Transitional",13,5,-0.00225269019514573,23,0.187497646067528,0.208330717852809
"per_cell_balanced_resampling_OLS","median_resampled_slope","Combined","occurrence5_k2_tropical_temperate_polar","Warmhouse","Hothouse",6,5,-0.0846077915483138,12,0.324038434069573,0.324038434069573
"per_cell_balanced_resampling_OLS","median_resampled_slope","Combined","occurrence5_k3_tropical_temperate","Coldhouse","Warmhouse",5,10,-0.523270405866837,4,0.00602414182102069,0.0371273447184122
"per_cell_balanced_resampling_OLS","median_resampled_slope","Combined","occurrence5_k3_tropical_temperate","Coldhouse","Hothouse",5,7,-0.631520385588464,2,0.00742546894368245,0.0371273447184122
"per_cell_balanced_resampling_OLS","median_resampled_slope","Combined","occurrence5_k3_tropical_temperate","Coldhouse","Transitional",5,9,-0.496854071860784,6,0.0164486958227453,0.0411217395568633
"per_cell_balanced_resampling_OLS","median_resampled_slope","Combined","occurrence5_k3_tropical_temperate","Coolhouse","Hothouse",8,7,-0.328299874305824,9,0.0161386730473986,0.0411217395568633
"per_cell_balanced_resampling_OLS","median_resampled_slope","Combined","occurrence5_k3_tropical_temperate","Coolhouse","Warmhouse",8,10,-0.220049894584197,18,0.0280456819981465,0.0560913639962931
"per_cell_balanced_resampling_OLS","median_resampled_slope","Combined","occurrence5_k3_tropical_temperate","Coolhouse","Transitional",8,9,-0.193633560578144,21,0.0814682499223287,0.135780416537214
"per_cell_balanced_resampling_OLS","median_resampled_slope","Combined","occurrence5_k3_tropical_temperate","Warmhouse","Hothouse",10,7,-0.108249979721627,25,0.176935992199322,0.252765703141889
"per_cell_balanced_resampling_OLS","median_resampled_slope","Combined","occurrence5_k3_tropical_temperate","Coldhouse","Coolhouse",5,8,-0.30322051128264,15,0.255033763778767,0.318792204723459
"per_cell_balanced_resampling_OLS","median_resampled_slope","Combined","occurrence5_k3_tropical_temperate","Transitional","Hothouse",9,7,-0.13466631372768,27,0.33599993550481,0.373333261672011
"per_cell_balanced_resampling_OLS","median_resampled_slope","Combined","occurrence5_k3_tropical_temperate","Transitional","Warmhouse",9,10,-0.026416334006053,47,0.580871756807087,0.580871756807087
"per_cell_balanced_resampling_OLS","median_resampled_slope","Combined","occurrence5_k3_tropical_temperate_polar","Coolhouse","Warmhouse",3,4,-0.312147937926744,0,0.0259149636089548,0.0777448908268645
"per_cell_balanced_resampling_OLS","median_resampled_slope","Combined","occurrence5_k3_tropical_temperate_polar","Coolhouse","Hothouse",3,4,-0.359842756322866,0,0.0259149636089548,0.0777448908268645
"per_cell_balanced_resampling_OLS","median_resampled_slope","Combined","occurrence5_k3_tropical_temperate_polar","Transitional","Hothouse",2,4,-0.162856530558357,0,0.0525962525600207,0.105192505120041
"per_cell_balanced_resampling_OLS","median_resampled_slope","Combined","occurrence5_k3_tropical_temperate_polar","Coolhouse","Transitional",3,2,-0.196986225764509,0,0.0744573365893828,0.111686004884074
"per_cell_balanced_resampling_OLS","median_resampled_slope","Combined","occurrence5_k3_tropical_temperate_polar","Transitional","Warmhouse",2,4,-0.115161712162234,2,0.243726645182017,0.292471974218421
"per_cell_balanced_resampling_OLS","median_resampled_slope","Combined","occurrence5_k3_tropical_temperate_polar","Warmhouse","Hothouse",4,4,-0.0476948183961226,6,0.332502771051015,0.332502771051015
"per_cell_balanced_resampling_OLS","median_resampled_slope","Combined","occurrence5_k3_tropical_temperate_polar","Coldhouse","Coolhouse",1,3,-0.398834002759367,NA,NA,NA
"per_cell_balanced_resampling_OLS","median_resampled_slope","Combined","occurrence5_k3_tropical_temperate_polar","Coldhouse","Transitional",1,2,-0.595820228523876,NA,NA,NA
"per_cell_balanced_resampling_OLS","median_resampled_slope","Combined","occurrence5_k3_tropical_temperate_polar","Coldhouse","Warmhouse",1,4,-0.710981940686111,NA,NA,NA
"per_cell_balanced_resampling_OLS","median_resampled_slope","Combined","occurrence5_k3_tropical_temperate_polar","Coldhouse","Hothouse",1,4,-0.758676759082233,NA,NA,NA
"per_cell_balanced_resampling_OLS","median_resampled_slope","Combined","occurrence10_k1_tropical_temperate","Coldhouse","Hothouse",21,19,-0.659818073727863,40,8.29850173112612e-06,8.29850173112612e-05
"per_cell_balanced_resampling_OLS","median_resampled_slope","Combined","occurrence10_k1_tropical_temperate","Coldhouse","Warmhouse",21,17,-0.593175628420436,51,9.63318447782369e-05,0.000481659223891185
"per_cell_balanced_resampling_OLS","median_resampled_slope","Combined","occurrence10_k1_tropical_temperate","Coldhouse","Transitional",21,23,-0.440829790047763,105,0.00069775018600014,0.0023258339533338
"per_cell_balanced_resampling_OLS","median_resampled_slope","Combined","occurrence10_k1_tropical_temperate","Coolhouse","Hothouse",31,19,-0.313256274146236,155,0.00273309218981491,0.00683273047453727
"per_cell_balanced_resampling_OLS","median_resampled_slope","Combined","occurrence10_k1_tropical_temperate","Transitional","Hothouse",23,19,-0.2189882836801,113,0.00398410654909902,0.00796821309819805
"per_cell_balanced_resampling_OLS","median_resampled_slope","Combined","occurrence10_k1_tropical_temperate","Coldhouse","Coolhouse",21,31,-0.346561799581627,224,0.0298110522018471,0.0425872174312102
"per_cell_balanced_resampling_OLS","median_resampled_slope","Combined","occurrence10_k1_tropical_temperate","Coolhouse","Warmhouse",31,17,-0.246613828838809,175,0.0289132148061096,0.0425872174312102
"per_cell_balanced_resampling_OLS","median_resampled_slope","Combined","occurrence10_k1_tropical_temperate","Warmhouse","Hothouse",17,19,-0.0666424453074266,105,0.0379900644171985,0.0474875805214982
"per_cell_balanced_resampling_OLS","median_resampled_slope","Combined","occurrence10_k1_tropical_temperate","Coolhouse","Transitional",31,23,-0.0942679904661358,282,0.0977493796566252,0.108610421840695
"per_cell_balanced_resampling_OLS","median_resampled_slope","Combined","occurrence10_k1_tropical_temperate","Transitional","Warmhouse",23,17,-0.152345838372673,151,0.114328808331616,0.114328808331616
"per_cell_balanced_resampling_OLS","median_resampled_slope","Combined","occurrence10_k1_tropical_temperate_polar","Coldhouse","Hothouse",8,8,-0.659465638223372,0,0.000469552849558595,0.00341159554764194
"per_cell_balanced_resampling_OLS","median_resampled_slope","Combined","occurrence10_k1_tropical_temperate_polar","Coolhouse","Hothouse",18,8,-0.319241118666114,16,0.00102347866429258,0.00341159554764194
"per_cell_balanced_resampling_OLS","median_resampled_slope","Combined","occurrence10_k1_tropical_temperate_polar","Transitional","Hothouse",12,8,-0.233967472606459,7,0.000890105341265393,0.00341159554764194
"per_cell_balanced_resampling_OLS","median_resampled_slope","Combined","occurrence10_k1_tropical_temperate_polar","Coldhouse","Transitional",8,12,-0.425498165616913,17,0.00930816017782372,0.0232704004445593
"per_cell_balanced_resampling_OLS","median_resampled_slope","Combined","occurrence10_k1_tropical_temperate_polar","Coldhouse","Warmhouse",8,10,-0.522839782210254,17,0.0227945780897901,0.0455891561795801
"per_cell_balanced_resampling_OLS","median_resampled_slope","Combined","occurrence10_k1_tropical_temperate_polar","Coldhouse","Coolhouse",8,18,-0.340224519557258,40,0.0400591568638171,0.059402249240222
"per_cell_balanced_resampling_OLS","median_resampled_slope","Combined","occurrence10_k1_tropical_temperate_polar","Warmhouse","Hothouse",10,8,-0.136625856013118,20,0.0415815744681554,0.059402249240222
"per_cell_balanced_resampling_OLS","median_resampled_slope","Combined","occurrence10_k1_tropical_temperate_polar","Coolhouse","Transitional",18,12,-0.0852736460596548,83,0.149828853318346,0.180920428896151
"per_cell_balanced_resampling_OLS","median_resampled_slope","Combined","occurrence10_k1_tropical_temperate_polar","Coolhouse","Warmhouse",18,10,-0.182615262652996,69,0.162828386006536,0.180920428896151
"per_cell_balanced_resampling_OLS","median_resampled_slope","Combined","occurrence10_k1_tropical_temperate_polar","Transitional","Warmhouse",12,10,-0.0973416165933412,47,0.204905694165468,0.204905694165468
"per_cell_balanced_resampling_OLS","median_resampled_slope","Combined","occurrence10_k2_tropical_temperate","Coldhouse","Transitional",10,15,-0.459284499460594,11,0.000213872540281724,0.000712908467605748
"per_cell_balanced_resampling_OLS","median_resampled_slope","Combined","occurrence10_k2_tropical_temperate","Coldhouse","Warmhouse",10,13,-0.598182383424621,6,0.000142803789929351,0.000712908467605748
"per_cell_balanced_resampling_OLS","median_resampled_slope","Combined","occurrence10_k2_tropical_temperate","Coldhouse","Hothouse",10,11,-0.655803384058032,3,0.000143632861619912,0.000712908467605748
"per_cell_balanced_resampling_OLS","median_resampled_slope","Combined","occurrence10_k2_tropical_temperate","Coolhouse","Hothouse",18,11,-0.318282633828562,48,0.0116096720079266,0.0290241800198164
"per_cell_balanced_resampling_OLS","median_resampled_slope","Combined","occurrence10_k2_tropical_temperate","Coolhouse","Warmhouse",18,13,-0.260661633195151,63,0.0161082494216404,0.0322164988432809
"per_cell_balanced_resampling_OLS","median_resampled_slope","Combined","occurrence10_k2_tropical_temperate","Coldhouse","Coolhouse",10,18,-0.33752075022947,48,0.0233079899523194,0.0388466499205324
"per_cell_balanced_resampling_OLS","median_resampled_slope","Combined","occurrence10_k2_tropical_temperate","Coolhouse","Transitional",18,15,-0.121763749231124,93,0.0667507932161487,0.0953582760230696
"per_cell_balanced_resampling_OLS","median_resampled_slope","Combined","occurrence10_k2_tropical_temperate","Transitional","Hothouse",15,11,-0.196518884597438,55,0.0805624746445259,0.100703093305657
"per_cell_balanced_resampling_OLS","median_resampled_slope","Combined","occurrence10_k2_tropical_temperate","Warmhouse","Hothouse",13,11,-0.0576210006334108,55,0.176967229951233,0.19663025550137
"per_cell_balanced_resampling_OLS","median_resampled_slope","Combined","occurrence10_k2_tropical_temperate","Transitional","Warmhouse",15,13,-0.138897883964027,85,0.290205619207691,0.290205619207691
"per_cell_balanced_resampling_OLS","median_resampled_slope","Combined","occurrence10_k2_tropical_temperate_polar","Coolhouse","Warmhouse",8,4,-0.331030768725881,1,0.00689471306565113,0.0344735653282557
"per_cell_balanced_resampling_OLS","median_resampled_slope","Combined","occurrence10_k2_tropical_temperate_polar","Coolhouse","Hothouse",8,4,-0.432346811665442,1,0.00689471306565113,0.0344735653282557
"per_cell_balanced_resampling_OLS","median_resampled_slope","Combined","occurrence10_k2_tropical_temperate_polar","Transitional","Hothouse",4,4,-0.306878656369242,0,0.0151914109882887,0.0506380366276292
"per_cell_balanced_resampling_OLS","median_resampled_slope","Combined","occurrence10_k2_tropical_temperate_polar","Coldhouse","Coolhouse",2,8,-0.315547227146265,0,0.0250930933844877,0.0606019697120061
"per_cell_balanced_resampling_OLS","median_resampled_slope","Combined","occurrence10_k2_tropical_temperate_polar","Transitional","Warmhouse",4,4,-0.205562613429681,1,0.030300984856003,0.0606019697120061
"per_cell_balanced_resampling_OLS","median_resampled_slope","Combined","occurrence10_k2_tropical_temperate_polar","Coldhouse","Transitional",2,4,-0.441015382442464,0,0.0525962525600207,0.0657453157000259
"per_cell_balanced_resampling_OLS","median_resampled_slope","Combined","occurrence10_k2_tropical_temperate_polar","Coldhouse","Warmhouse",2,4,-0.646577995872145,0,0.0525962525600207,0.0657453157000259
"per_cell_balanced_resampling_OLS","median_resampled_slope","Combined","occurrence10_k2_tropical_temperate_polar","Coldhouse","Hothouse",2,4,-0.747894038811706,0,0.0525962525600207,0.0657453157000259
"per_cell_balanced_resampling_OLS","median_resampled_slope","Combined","occurrence10_k2_tropical_temperate_polar","Coolhouse","Transitional",8,4,-0.125468155296199,8,0.101365085323261,0.112627872581401
"per_cell_balanced_resampling_OLS","median_resampled_slope","Combined","occurrence10_k2_tropical_temperate_polar","Warmhouse","Hothouse",4,4,-0.101316042939561,5,0.235243211029395,0.235243211029395
"per_cell_balanced_resampling_OLS","median_resampled_slope","Combined","occurrence10_k3_tropical_temperate","Coldhouse","Transitional",3,7,-0.51884749057157,0,0.0113272470400447,0.046976336913179
"per_cell_balanced_resampling_OLS","median_resampled_slope","Combined","occurrence10_k3_tropical_temperate","Coldhouse","Warmhouse",3,8,-0.681665106391157,0,0.00945177150556067,0.046976336913179
"per_cell_balanced_resampling_OLS","median_resampled_slope","Combined","occurrence10_k3_tropical_temperate","Coldhouse","Hothouse",3,6,-0.689684278908349,0,0.0140929010739537,0.046976336913179
"per_cell_balanced_resampling_OLS","median_resampled_slope","Combined","occurrence10_k3_tropical_temperate","Coldhouse","Coolhouse",3,8,-0.405995168024271,3,0.0413655111575512,0.103413777893878
"per_cell_balanced_resampling_OLS","median_resampled_slope","Combined","occurrence10_k3_tropical_temperate","Coolhouse","Hothouse",8,6,-0.283689110884078,12,0.0688191275540914,0.137638255108183
"per_cell_balanced_resampling_OLS","median_resampled_slope","Combined","occurrence10_k3_tropical_temperate","Coolhouse","Warmhouse",8,8,-0.275669938366886,20,0.113573340911008,0.189288901518346
"per_cell_balanced_resampling_OLS","median_resampled_slope","Combined","occurrence10_k3_tropical_temperate","Coolhouse","Transitional",8,7,-0.112852322547299,22,0.262224860903042,0.291360956558936
"per_cell_balanced_resampling_OLS","median_resampled_slope","Combined","occurrence10_k3_tropical_temperate","Transitional","Hothouse",7,6,-0.17083678833678,15,0.216017446002504,0.291360956558936
"per_cell_balanced_resampling_OLS","median_resampled_slope","Combined","occurrence10_k3_tropical_temperate","Warmhouse","Hothouse",8,6,-0.00801917251719175,18,0.238837511992952,0.291360956558936
"per_cell_balanced_resampling_OLS","median_resampled_slope","Combined","occurrence10_k3_tropical_temperate","Transitional","Warmhouse",7,8,-0.162817615819588,28,0.523071423469198,0.523071423469198
"per_cell_balanced_resampling_OLS","median_resampled_slope","Combined","occurrence10_k3_tropical_temperate_polar","Coolhouse","Warmhouse",3,3,-0.337034135264292,0,0.0404277991850261,0.0606416987775392
"per_cell_balanced_resampling_OLS","median_resampled_slope","Combined","occurrence10_k3_tropical_temperate_polar","Coolhouse","Hothouse",3,4,-0.367981042673123,0,0.0259149636089548,0.0606416987775392
"per_cell_balanced_resampling_OLS","median_resampled_slope","Combined","occurrence10_k3_tropical_temperate_polar","Warmhouse","Hothouse",3,4,-0.0309469074088314,4,0.297941545282589,0.297941545282589
"per_cell_balanced_resampling_OLS","median_resampled_slope","Combined","occurrence10_k3_tropical_temperate_polar","Coldhouse","Coolhouse",1,3,-0.409121339624192,NA,NA,NA
"per_cell_balanced_resampling_OLS","median_resampled_slope","Combined","occurrence10_k3_tropical_temperate_polar","Coldhouse","Transitional",1,1,-0.51884749057157,NA,NA,NA
"per_cell_balanced_resampling_OLS","median_resampled_slope","Combined","occurrence10_k3_tropical_temperate_polar","Coldhouse","Warmhouse",1,3,-0.746155474888484,NA,NA,NA
"per_cell_balanced_resampling_OLS","median_resampled_slope","Combined","occurrence10_k3_tropical_temperate_polar","Coldhouse","Hothouse",1,4,-0.777102382297315,NA,NA,NA
"per_cell_balanced_resampling_OLS","median_resampled_slope","Combined","occurrence10_k3_tropical_temperate_polar","Coolhouse","Transitional",3,1,-0.109726150947378,NA,NA,NA
"per_cell_balanced_resampling_OLS","median_resampled_slope","Combined","occurrence10_k3_tropical_temperate_polar","Transitional","Warmhouse",1,3,-0.227307984316914,NA,NA,NA
"per_cell_balanced_resampling_OLS","median_resampled_slope","Combined","occurrence10_k3_tropical_temperate_polar","Transitional","Hothouse",1,4,-0.258254891725745,NA,NA,NA
"per_cell_balanced_resampling_OLS","median_resampled_slope","Combined","collection5_k1_tropical_temperate","Coldhouse","Transitional",19,23,-0.622691392740986,53,1.52533765526138e-05,0.000124597691767652
"per_cell_balanced_resampling_OLS","median_resampled_slope","Combined","collection5_k1_tropical_temperate","Coldhouse","Warmhouse",19,16,-0.500366159878579,29,2.49195383535304e-05,0.000124597691767652
"per_cell_balanced_resampling_OLS","median_resampled_slope","Combined","collection5_k1_tropical_temperate","Coldhouse","Hothouse",19,18,-0.640019263596714,56,0.00025136737994204,0.000837891266473468
"per_cell_balanced_resampling_OLS","median_resampled_slope","Combined","collection5_k1_tropical_temperate","Coldhouse","Coolhouse",19,30,-0.33795647967284,182,0.0177217152426747,0.0354434304853494
"per_cell_balanced_resampling_OLS","median_resampled_slope","Combined","collection5_k1_tropical_temperate","Coolhouse","Warmhouse",30,16,-0.162409680205739,147,0.0164478726017757,0.0354434304853494
"per_cell_balanced_resampling_OLS","median_resampled_slope","Combined","collection5_k1_tropical_temperate","Coolhouse","Transitional",30,23,-0.284734913068146,236,0.0257585041330423,0.0429308402217371
"per_cell_balanced_resampling_OLS","median_resampled_slope","Combined","collection5_k1_tropical_temperate","Coolhouse","Hothouse",30,18,-0.302062783923874,195,0.056308039706925,0.0804400567241785
"per_cell_balanced_resampling_OLS","median_resampled_slope","Combined","collection5_k1_tropical_temperate","Warmhouse","Hothouse",16,18,-0.139653103718134,120,0.208732504146853,0.260915630183566
"per_cell_balanced_resampling_OLS","median_resampled_slope","Combined","collection5_k1_tropical_temperate","Transitional","Hothouse",23,18,-0.0173278708557276,198,0.411651811935998,0.457390902151109
"per_cell_balanced_resampling_OLS","median_resampled_slope","Combined","collection5_k1_tropical_temperate","Transitional","Warmhouse",23,16,0.122325232862407,204,0.720832453725205,0.720832453725205
"per_cell_balanced_resampling_OLS","median_resampled_slope","Combined","collection5_k1_tropical_temperate_polar","Coldhouse","Warmhouse",8,10,-0.547792498280146,5,0.00108687550402483,0.00690401104456869
"per_cell_balanced_resampling_OLS","median_resampled_slope","Combined","collection5_k1_tropical_temperate_polar","Coldhouse","Hothouse",8,8,-0.603117172744912,3,0.00138080220891374,0.00690401104456869
"per_cell_balanced_resampling_OLS","median_resampled_slope","Combined","collection5_k1_tropical_temperate_polar","Coolhouse","Warmhouse",19,10,-0.259988341915212,38,0.00476547482916921,0.011913687072923
"per_cell_balanced_resampling_OLS","median_resampled_slope","Combined","collection5_k1_tropical_temperate_polar","Coolhouse","Hothouse",19,8,-0.315313016379979,25,0.00366441645893563,0.011913687072923
"per_cell_balanced_resampling_OLS","median_resampled_slope","Combined","collection5_k1_tropical_temperate_polar","Coldhouse","Transitional",8,11,-0.374801454297453,16,0.0115814286908744,0.0231628573817488
"per_cell_balanced_resampling_OLS","median_resampled_slope","Combined","collection5_k1_tropical_temperate_polar","Transitional","Hothouse",11,8,-0.228315718447459,23,0.0452532657536085,0.0754221095893475
"per_cell_balanced_resampling_OLS","median_resampled_slope","Combined","collection5_k1_tropical_temperate_polar","Coolhouse","Transitional",19,11,-0.0869972979325198,72,0.084230309081262,0.120329012973231
"per_cell_balanced_resampling_OLS","median_resampled_slope","Combined","collection5_k1_tropical_temperate_polar","Coldhouse","Coolhouse",8,19,-0.287804156364933,54,0.126802338958092,0.152812773376533
"per_cell_balanced_resampling_OLS","median_resampled_slope","Combined","collection5_k1_tropical_temperate_polar","Transitional","Warmhouse",11,10,-0.172991043982693,39,0.13753149603888,0.152812773376533
"per_cell_balanced_resampling_OLS","median_resampled_slope","Combined","collection5_k1_tropical_temperate_polar","Warmhouse","Hothouse",10,8,-0.0553246744647665,29,0.175423025993314,0.175423025993314
"per_cell_balanced_resampling_OLS","median_resampled_slope","Combined","collection5_k2_tropical_temperate","Coldhouse","Warmhouse",9,10,-0.614689445849955,1,0.000191331768976001,0.000956658844880004
"per_cell_balanced_resampling_OLS","median_resampled_slope","Combined","collection5_k2_tropical_temperate","Coldhouse","Hothouse",9,10,-0.640019263596714,1,0.000191331768976001,0.000956658844880004
"per_cell_balanced_resampling_OLS","median_resampled_slope","Combined","collection5_k2_tropical_temperate","Coldhouse","Transitional",9,15,-0.622691392740986,13,0.000641091870902652,0.00213697290300884
"per_cell_balanced_resampling_OLS","median_resampled_slope","Combined","collection5_k2_tropical_temperate","Coolhouse","Hothouse",15,10,-0.288812551467769,36,0.0163561888485381,0.0408904721213452
"per_cell_balanced_resampling_OLS","median_resampled_slope","Combined","collection5_k2_tropical_temperate","Coolhouse","Warmhouse",15,10,-0.26348273372101,38,0.0214513644082907,0.0429027288165814
"per_cell_balanced_resampling_OLS","median_resampled_slope","Combined","collection5_k2_tropical_temperate","Coolhouse","Transitional",15,15,-0.271484680612041,74,0.0574937096007798,0.0958228493346331
"per_cell_balanced_resampling_OLS","median_resampled_slope","Combined","collection5_k2_tropical_temperate","Coldhouse","Coolhouse",9,15,-0.351206712128945,44,0.0851165770543603,0.121595110077657
"per_cell_balanced_resampling_OLS","median_resampled_slope","Combined","collection5_k2_tropical_temperate","Transitional","Hothouse",15,10,-0.0173278708557276,63,0.26176768793614,0.290852986595712
"per_cell_balanced_resampling_OLS","median_resampled_slope","Combined","collection5_k2_tropical_temperate","Warmhouse","Hothouse",10,10,-0.0253298177467585,40,0.236337796755794,0.290852986595712
"per_cell_balanced_resampling_OLS","median_resampled_slope","Combined","collection5_k2_tropical_temperate","Transitional","Warmhouse",15,10,0.00800194689103093,78,0.576968853388201,0.576968853388201
"per_cell_balanced_resampling_OLS","median_resampled_slope","Combined","collection5_k2_tropical_temperate_polar","Coolhouse","Hothouse",9,4,-0.439699200144308,0,0.00346375898861325,0.0346375898861325
"per_cell_balanced_resampling_OLS","median_resampled_slope","Combined","collection5_k2_tropical_temperate_polar","Coolhouse","Warmhouse",9,3,-0.316177576028842,0,0.00811502428730668,0.0405751214365334
"per_cell_balanced_resampling_OLS","median_resampled_slope","Combined","collection5_k2_tropical_temperate_polar","Coldhouse","Transitional",3,5,-0.392198843327923,0,0.0184442128535249,0.0614807095117498
"per_cell_balanced_resampling_OLS","median_resampled_slope","Combined","collection5_k2_tropical_temperate_polar","Coldhouse","Hothouse",3,4,-0.717101730569651,0,0.0259149636089548,0.0647874090223871
"per_cell_balanced_resampling_OLS","median_resampled_slope","Combined","collection5_k2_tropical_temperate_polar","Transitional","Hothouse",5,4,-0.324902887241728,2,0.0330962898610967,0.0661925797221935
"per_cell_balanced_resampling_OLS","median_resampled_slope","Combined","collection5_k2_tropical_temperate_polar","Coldhouse","Warmhouse",3,3,-0.593580106454184,0,0.0404277991850261,0.0673796653083769
"per_cell_balanced_resampling_OLS","median_resampled_slope","Combined","collection5_k2_tropical_temperate_polar","Transitional","Warmhouse",5,3,-0.201381263126261,2,0.0680185640570718,0.0971693772243883
"per_cell_balanced_resampling_OLS","median_resampled_slope","Combined","collection5_k2_tropical_temperate_polar","Coolhouse","Transitional",9,5,-0.114796312902581,12,0.0912112197258678,0.114014024657335
"per_cell_balanced_resampling_OLS","median_resampled_slope","Combined","collection5_k2_tropical_temperate_polar","Coldhouse","Coolhouse",3,9,-0.277402530425343,7,0.133628746577194,0.148476385085771
"per_cell_balanced_resampling_OLS","median_resampled_slope","Combined","collection5_k2_tropical_temperate_polar","Warmhouse","Hothouse",3,4,-0.123521624115467,3,0.188379558905791,0.188379558905791
"per_cell_balanced_resampling_OLS","median_resampled_slope","Combined","collection5_k3_tropical_temperate","Coldhouse","Warmhouse",3,8,-0.785823303259603,0,0.00945177150556067,0.0236294287639017
"per_cell_balanced_resampling_OLS","median_resampled_slope","Combined","collection5_k3_tropical_temperate","Coolhouse","Transitional",6,8,-0.575645996725991,5,0.00846234423422658,0.0236294287639017
"per_cell_balanced_resampling_OLS","median_resampled_slope","Combined","collection5_k3_tropical_temperate","Coolhouse","Warmhouse",6,8,-0.355375402004793,4,0.00591056891831115,0.0236294287639017
"per_cell_balanced_resampling_OLS","median_resampled_slope","Combined","collection5_k3_tropical_temperate","Coolhouse","Hothouse",6,5,-0.267196775398692,0,0.00405655863278289,0.0236294287639017
"per_cell_balanced_resampling_OLS","median_resampled_slope","Combined","collection5_k3_tropical_temperate","Coldhouse","Transitional",3,8,-1.0060938979808,1,0.0160443669891156,0.0307403547558749
"per_cell_balanced_resampling_OLS","median_resampled_slope","Combined","collection5_k3_tropical_temperate","Coldhouse","Hothouse",3,5,-0.697644676653501,0,0.0184442128535249,0.0307403547558749
"per_cell_balanced_resampling_OLS","median_resampled_slope","Combined","collection5_k3_tropical_temperate","Coldhouse","Coolhouse",3,6,-0.43044790125481,3,0.077790173896099,0.11112881985157
"per_cell_balanced_resampling_OLS","median_resampled_slope","Combined","collection5_k3_tropical_temperate","Warmhouse","Hothouse",8,5,0.0881786266061013,22,0.642803481182837,0.803504351478546
"per_cell_balanced_resampling_OLS","median_resampled_slope","Combined","collection5_k3_tropical_temperate","Transitional","Warmhouse",8,8,0.220270594721198,43,0.886426659088992,0.917835360230967
"per_cell_balanced_resampling_OLS","median_resampled_slope","Combined","collection5_k3_tropical_temperate","Transitional","Hothouse",8,5,0.308449221327299,29,0.917835360230967,0.917835360230967
"per_cell_balanced_resampling_OLS","median_resampled_slope","Combined","collection5_k3_tropical_temperate_polar","Coolhouse","Warmhouse",3,3,-0.314289897976604,0,0.0404277991850261,0.111686004884074
"per_cell_balanced_resampling_OLS","median_resampled_slope","Combined","collection5_k3_tropical_temperate_polar","Coolhouse","Hothouse",3,2,-0.286924873415531,0,0.0744573365893828,0.111686004884074
"per_cell_balanced_resampling_OLS","median_resampled_slope","Combined","collection5_k3_tropical_temperate_polar","Warmhouse","Hothouse",3,2,0.027365024561073,3,0.613585003657776,0.613585003657776
"per_cell_balanced_resampling_OLS","median_resampled_slope","Combined","collection5_k3_tropical_temperate_polar","Coldhouse","Coolhouse",1,3,-0.444641972737033,NA,NA,NA
"per_cell_balanced_resampling_OLS","median_resampled_slope","Combined","collection5_k3_tropical_temperate_polar","Coldhouse","Transitional",1,1,-0.714238975296837,NA,NA,NA
"per_cell_balanced_resampling_OLS","median_resampled_slope","Combined","collection5_k3_tropical_temperate_polar","Coldhouse","Warmhouse",1,3,-0.758931870713638,NA,NA,NA
"per_cell_balanced_resampling_OLS","median_resampled_slope","Combined","collection5_k3_tropical_temperate_polar","Coldhouse","Hothouse",1,2,-0.731566846152565,NA,NA,NA
"per_cell_balanced_resampling_OLS","median_resampled_slope","Combined","collection5_k3_tropical_temperate_polar","Coolhouse","Transitional",3,1,-0.269597002559804,NA,NA,NA
"per_cell_balanced_resampling_OLS","median_resampled_slope","Combined","collection5_k3_tropical_temperate_polar","Transitional","Warmhouse",1,3,-0.0446928954168006,NA,NA,NA
"per_cell_balanced_resampling_OLS","median_resampled_slope","Combined","collection5_k3_tropical_temperate_polar","Transitional","Hothouse",1,2,-0.0173278708557276,NA,NA,NA
"per_cell_balanced_resampling_OLS","median_resampled_slope","Combined","collection10_k1_tropical_temperate","Coldhouse","Hothouse",13,13,-1.02966692599805,0,8.2483325309313e-06,8.2483325309313e-05
"per_cell_balanced_resampling_OLS","median_resampled_slope","Combined","collection10_k1_tropical_temperate","Coldhouse","Warmhouse",13,14,-0.730632129270388,8,3.12182327292545e-05,0.000156091163646272
"per_cell_balanced_resampling_OLS","median_resampled_slope","Combined","collection10_k1_tropical_temperate","Coldhouse","Transitional",13,20,-0.531037052295302,46,0.00104737966632069,0.00261844916580172
"per_cell_balanced_resampling_OLS","median_resampled_slope","Combined","collection10_k1_tropical_temperate","Coolhouse","Hothouse",24,13,-0.688628396391704,58,0.000961452763740129,0.00261844916580172
"per_cell_balanced_resampling_OLS","median_resampled_slope","Combined","collection10_k1_tropical_temperate","Coolhouse","Warmhouse",24,14,-0.389593599664037,92,0.0111642167412828,0.0223284334825657
"per_cell_balanced_resampling_OLS","median_resampled_slope","Combined","collection10_k1_tropical_temperate","Coldhouse","Coolhouse",13,24,-0.341038529606351,93,0.0233842933457442,0.0385789014594631
"per_cell_balanced_resampling_OLS","median_resampled_slope","Combined","collection10_k1_tropical_temperate","Transitional","Hothouse",20,13,-0.498629873702752,78,0.0288838887039061,0.0385789014594631
"per_cell_balanced_resampling_OLS","median_resampled_slope","Combined","collection10_k1_tropical_temperate","Warmhouse","Hothouse",14,13,-0.299034796727666,52,0.0308631211675705,0.0385789014594631
"per_cell_balanced_resampling_OLS","median_resampled_slope","Combined","collection10_k1_tropical_temperate","Coolhouse","Transitional",24,20,-0.189998522688951,190,0.121660481567277,0.13517831285253
"per_cell_balanced_resampling_OLS","median_resampled_slope","Combined","collection10_k1_tropical_temperate","Transitional","Warmhouse",20,14,-0.199595076975086,111,0.159311336626605,0.159311336626605
"per_cell_balanced_resampling_OLS","median_resampled_slope","Combined","collection10_k1_tropical_temperate_polar","Coolhouse","Hothouse",12,5,-0.770103772859065,2,0.00187324045264605,0.0187324045264605
"per_cell_balanced_resampling_OLS","median_resampled_slope","Combined","collection10_k1_tropical_temperate_polar","Coldhouse","Warmhouse",6,8,-0.551778641013831,4,0.00591056891831115,0.0197018963943705
"per_cell_balanced_resampling_OLS","median_resampled_slope","Combined","collection10_k1_tropical_temperate_polar","Coldhouse","Hothouse",6,5,-0.907689202391001,0,0.00405655863278289,0.0197018963943705
"per_cell_balanced_resampling_OLS","median_resampled_slope","Combined","collection10_k1_tropical_temperate_polar","Coolhouse","Warmhouse",12,8,-0.414193211481895,19,0.0139452645601233,0.0278905291202465
"per_cell_balanced_resampling_OLS","median_resampled_slope","Combined","collection10_k1_tropical_temperate_polar","Transitional","Hothouse",7,5,-0.717161436199719,3,0.0114951970462325,0.0278905291202465
"per_cell_balanced_resampling_OLS","median_resampled_slope","Combined","collection10_k1_tropical_temperate_polar","Coldhouse","Transitional",6,7,-0.190527766191282,10,0.0668072012688581,0.111345335448097
"per_cell_balanced_resampling_OLS","median_resampled_slope","Combined","collection10_k1_tropical_temperate_polar","Warmhouse","Hothouse",8,5,-0.35591056137717,10,0.0821646397690332,0.117378056812905
"per_cell_balanced_resampling_OLS","median_resampled_slope","Combined","collection10_k1_tropical_temperate_polar","Transitional","Warmhouse",7,8,-0.361250874822549,17,0.112156563255577,0.140195704069471
"per_cell_balanced_resampling_OLS","median_resampled_slope","Combined","collection10_k1_tropical_temperate_polar","Coolhouse","Transitional",12,7,-0.0529423366593462,31,0.18742857134167,0.208253968157411
"per_cell_balanced_resampling_OLS","median_resampled_slope","Combined","collection10_k1_tropical_temperate_polar","Coldhouse","Coolhouse",6,12,-0.137585429531936,30,0.303233816495504,0.303233816495504
"per_cell_balanced_resampling_OLS","median_resampled_slope","Combined","collection10_k2_tropical_temperate","Coolhouse","Warmhouse",9,9,-0.629406241823956,3,0.000543123312911017,0.00271561656455509
"per_cell_balanced_resampling_OLS","median_resampled_slope","Combined","collection10_k2_tropical_temperate","Coolhouse","Hothouse",9,7,-0.850733312426223,0,0.000516487754803409,0.00271561656455509
"per_cell_balanced_resampling_OLS","median_resampled_slope","Combined","collection10_k2_tropical_temperate","Coldhouse","Warmhouse",6,9,-0.754786736506001,0,0.000894921639311727,0.00298307213103909
"per_cell_balanced_resampling_OLS","median_resampled_slope","Combined","collection10_k2_tropical_temperate","Coldhouse","Hothouse",6,7,-0.976113807108268,0,0.00170261791064738,0.00425654477661845
"per_cell_balanced_resampling_OLS","median_resampled_slope","Combined","collection10_k2_tropical_temperate","Coldhouse","Transitional",6,13,-0.593251763540392,11,0.00793460884986816,0.0158692176997363
"per_cell_balanced_resampling_OLS","median_resampled_slope","Combined","collection10_k2_tropical_temperate","Coolhouse","Transitional",9,13,-0.467871268858347,26,0.0163031523915086,0.0271719206525143
"per_cell_balanced_resampling_OLS","median_resampled_slope","Combined","collection10_k2_tropical_temperate","Transitional","Hothouse",13,7,-0.382862043567876,31,0.133628746577194,0.190898209395991
"per_cell_balanced_resampling_OLS","median_resampled_slope","Combined","collection10_k2_tropical_temperate","Coldhouse","Coolhouse",6,9,-0.125380494682045,19,0.188379558905791,0.198550572913125
"per_cell_balanced_resampling_OLS","median_resampled_slope","Combined","collection10_k2_tropical_temperate","Transitional","Warmhouse",13,9,-0.161534972965609,44,0.174921776934431,0.198550572913125
"per_cell_balanced_resampling_OLS","median_resampled_slope","Combined","collection10_k2_tropical_temperate","Warmhouse","Hothouse",9,7,-0.221327070602267,23,0.198550572913125,0.198550572913125
"per_cell_balanced_resampling_OLS","median_resampled_slope","Combined","collection10_k2_tropical_temperate_polar","Coolhouse","Warmhouse",4,3,-0.390220411730457,0,0.0259149636089548,0.0518299272179097
"per_cell_balanced_resampling_OLS","median_resampled_slope","Combined","collection10_k2_tropical_temperate_polar","Coolhouse","Hothouse",4,4,-0.737259061719489,0,0.0151914109882887,0.0518299272179097
"per_cell_balanced_resampling_OLS","median_resampled_slope","Combined","collection10_k2_tropical_temperate_polar","Transitional","Hothouse",3,4,-0.742502642522108,0,0.0259149636089548,0.0518299272179097
"per_cell_balanced_resampling_OLS","median_resampled_slope","Combined","collection10_k2_tropical_temperate_polar","Transitional","Warmhouse",3,3,-0.395463992533076,1,0.095215131912762,0.142822697869143
"per_cell_balanced_resampling_OLS","median_resampled_slope","Combined","collection10_k2_tropical_temperate_polar","Warmhouse","Hothouse",3,4,-0.347038649989032,3,0.188379558905791,0.226055470686949
"per_cell_balanced_resampling_OLS","median_resampled_slope","Combined","collection10_k2_tropical_temperate_polar","Coolhouse","Transitional",4,3,0.00524358080261905,4,0.297941545282589,0.297941545282589
"per_cell_balanced_resampling_OLS","median_resampled_slope","Combined","collection10_k2_tropical_temperate_polar","Coldhouse","Coolhouse",1,4,-0.317749070600955,NA,NA,NA
"per_cell_balanced_resampling_OLS","median_resampled_slope","Combined","collection10_k2_tropical_temperate_polar","Coldhouse","Transitional",1,3,-0.312505489798336,NA,NA,NA
"per_cell_balanced_resampling_OLS","median_resampled_slope","Combined","collection10_k2_tropical_temperate_polar","Coldhouse","Warmhouse",1,3,-0.707969482331411,NA,NA,NA
"per_cell_balanced_resampling_OLS","median_resampled_slope","Combined","collection10_k2_tropical_temperate_polar","Coldhouse","Hothouse",1,4,-1.05500813232044,NA,NA,NA
"per_cell_balanced_resampling_OLS","median_resampled_slope","Combined","collection10_k3_tropical_temperate","Coolhouse","Warmhouse",2,6,-0.765645090718513,1,0.0668072012688581,0.200421603806574
"per_cell_balanced_resampling_OLS","median_resampled_slope","Combined","collection10_k3_tropical_temperate","Coolhouse","Hothouse",2,4,-0.921028886936194,0,0.0525962525600207,0.200421603806574
"per_cell_balanced_resampling_OLS","median_resampled_slope","Combined","collection10_k3_tropical_temperate","Coolhouse","Transitional",2,3,-0.681241172983569,1,0.193238115385616,0.386476230771233
"per_cell_balanced_resampling_OLS","median_resampled_slope","Combined","collection10_k3_tropical_temperate","Transitional","Warmhouse",3,6,-0.0844039177349442,8,0.448639480630042,0.448639480630042
"per_cell_balanced_resampling_OLS","median_resampled_slope","Combined","collection10_k3_tropical_temperate","Transitional","Hothouse",3,4,-0.239787713952625,5,0.429841897599333,0.448639480630042
"per_cell_balanced_resampling_OLS","median_resampled_slope","Combined","collection10_k3_tropical_temperate","Warmhouse","Hothouse",6,4,-0.155383796217681,10,0.374559566500298,0.448639480630042
"per_cell_balanced_resampling_OLS","median_resampled_slope","Combined","collection10_k3_tropical_temperate","Coldhouse","Coolhouse",1,2,0.0350713944428088,NA,NA,NA
"per_cell_balanced_resampling_OLS","median_resampled_slope","Combined","collection10_k3_tropical_temperate","Coldhouse","Transitional",1,3,-0.64616977854076,NA,NA,NA
"per_cell_balanced_resampling_OLS","median_resampled_slope","Combined","collection10_k3_tropical_temperate","Coldhouse","Warmhouse",1,6,-0.730573696275704,NA,NA,NA
"per_cell_balanced_resampling_OLS","median_resampled_slope","Combined","collection10_k3_tropical_temperate","Coldhouse","Hothouse",1,4,-0.885957492493385,NA,NA,NA
"per_cell_balanced_resampling_OLS","median_resampled_slope","Combined","collection10_k3_tropical_temperate_polar","Coldhouse","Coolhouse",0,0,NA,NA,NA,NA
"per_cell_balanced_resampling_OLS","median_resampled_slope","Combined","collection10_k3_tropical_temperate_polar","Coldhouse","Transitional",0,0,NA,NA,NA,NA
"per_cell_balanced_resampling_OLS","median_resampled_slope","Combined","collection10_k3_tropical_temperate_polar","Coldhouse","Warmhouse",0,2,NA,NA,NA,NA
"per_cell_balanced_resampling_OLS","median_resampled_slope","Combined","collection10_k3_tropical_temperate_polar","Coldhouse","Hothouse",0,1,NA,NA,NA,NA
"per_cell_balanced_resampling_OLS","median_resampled_slope","Combined","collection10_k3_tropical_temperate_polar","Coolhouse","Transitional",0,0,NA,NA,NA,NA
"per_cell_balanced_resampling_OLS","median_resampled_slope","Combined","collection10_k3_tropical_temperate_polar","Coolhouse","Warmhouse",0,2,NA,NA,NA,NA
"per_cell_balanced_resampling_OLS","median_resampled_slope","Combined","collection10_k3_tropical_temperate_polar","Coolhouse","Hothouse",0,1,NA,NA,NA,NA
"per_cell_balanced_resampling_OLS","median_resampled_slope","Combined","collection10_k3_tropical_temperate_polar","Transitional","Warmhouse",0,2,NA,NA,NA,NA
"per_cell_balanced_resampling_OLS","median_resampled_slope","Combined","collection10_k3_tropical_temperate_polar","Transitional","Hothouse",0,1,NA,NA,NA,NA
"per_cell_balanced_resampling_OLS","median_resampled_slope","Combined","collection10_k3_tropical_temperate_polar","Warmhouse","Hothouse",2,1,-0.353527925162685,NA,NA,NA
"per_cell_balanced_resampling_OLS","median_resampled_slope","Northern","occurrence5_k1_tropical_temperate","Coldhouse","Warmhouse",12,9,-0.55582453564244,10,0.000996040507835925,0.00996040507835925
"per_cell_balanced_resampling_OLS","median_resampled_slope","Northern","occurrence5_k1_tropical_temperate","Coldhouse","Transitional",12,15,-0.540011879892719,33,0.00291745171853762,0.0121505968192261
"per_cell_balanced_resampling_OLS","median_resampled_slope","Northern","occurrence5_k1_tropical_temperate","Coolhouse","Warmhouse",15,9,-0.506575410798711,22,0.00364517904576782,0.0121505968192261
"per_cell_balanced_resampling_OLS","median_resampled_slope","Northern","occurrence5_k1_tropical_temperate","Coolhouse","Transitional",15,15,-0.49076275504899,52,0.00641084234569578,0.0160271058642394
"per_cell_balanced_resampling_OLS","median_resampled_slope","Northern","occurrence5_k1_tropical_temperate","Coldhouse","Hothouse",12,11,-0.316035118183398,31,0.0168631787884057,0.0337263575768114
"per_cell_balanced_resampling_OLS","median_resampled_slope","Northern","occurrence5_k1_tropical_temperate","Coolhouse","Hothouse",15,11,-0.26678599333967,53,0.0661494468769305,0.110249078128218
"per_cell_balanced_resampling_OLS","median_resampled_slope","Northern","occurrence5_k1_tropical_temperate","Coldhouse","Coolhouse",12,15,-0.0492491248437288,77,0.270951589993529,0.387073699990756
"per_cell_balanced_resampling_OLS","median_resampled_slope","Northern","occurrence5_k1_tropical_temperate","Transitional","Warmhouse",15,9,-0.0158126557497216,66,0.476225767719333,0.595282209649167
"per_cell_balanced_resampling_OLS","median_resampled_slope","Northern","occurrence5_k1_tropical_temperate","Transitional","Hothouse",15,11,0.22397676170932,111,0.933850553123069,0.975883888034417
"per_cell_balanced_resampling_OLS","median_resampled_slope","Northern","occurrence5_k1_tropical_temperate","Warmhouse","Hothouse",9,11,0.239789417459042,75,0.975883888034417,0.975883888034417
"per_cell_balanced_resampling_OLS","median_resampled_slope","Northern","occurrence5_k1_tropical_temperate_polar","Coldhouse","Transitional",6,7,-0.571662821614286,0,0.00170261791064738,0.0126871702448506
"per_cell_balanced_resampling_OLS","median_resampled_slope","Northern","occurrence5_k1_tropical_temperate_polar","Coldhouse","Warmhouse",6,6,-0.588887599743446,0,0.00253743404897013,0.0126871702448506
"per_cell_balanced_resampling_OLS","median_resampled_slope","Northern","occurrence5_k1_tropical_temperate_polar","Coldhouse","Hothouse",6,4,-0.477979506517978,0,0.00710701943454103,0.0236900647818034
"per_cell_balanced_resampling_OLS","median_resampled_slope","Northern","occurrence5_k1_tropical_temperate_polar","Coldhouse","Coolhouse",6,10,-0.346529651672808,8,0.00985028188438878,0.024625704710972
"per_cell_balanced_resampling_OLS","median_resampled_slope","Northern","occurrence5_k1_tropical_temperate_polar","Coolhouse","Warmhouse",10,6,-0.242357948070639,13,0.036752984128544,0.073505968257088
"per_cell_balanced_resampling_OLS","median_resampled_slope","Northern","occurrence5_k1_tropical_temperate_polar","Coolhouse","Transitional",10,7,-0.225133169941478,23,0.130870623095178,0.218117705158631
"per_cell_balanced_resampling_OLS","median_resampled_slope","Northern","occurrence5_k1_tropical_temperate_polar","Transitional","Warmhouse",7,6,-0.0172247781291602,14,0.176555617253003,0.252222310361433
"per_cell_balanced_resampling_OLS","median_resampled_slope","Northern","occurrence5_k1_tropical_temperate_polar","Coolhouse","Hothouse",10,4,-0.13144985484517,14,0.218338316837445,0.272922896046807
"per_cell_balanced_resampling_OLS","median_resampled_slope","Northern","occurrence5_k1_tropical_temperate_polar","Transitional","Hothouse",7,4,0.0936833150963082,16,0.6816991837182,0.757443537464666
"per_cell_balanced_resampling_OLS","median_resampled_slope","Northern","occurrence5_k1_tropical_temperate_polar","Warmhouse","Hothouse",6,4,0.110908093225468,17,0.879522665649215,0.879522665649215
"per_cell_balanced_resampling_OLS","median_resampled_slope","Northern","occurrence5_k2_tropical_temperate","Coldhouse","Transitional",7,10,-0.593318527362254,0,0.000380152921436306,0.00365015479060562
"per_cell_balanced_resampling_OLS","median_resampled_slope","Northern","occurrence5_k2_tropical_temperate","Coldhouse","Warmhouse",7,8,-0.565582470089091,0,0.000730030958121123,0.00365015479060562
"per_cell_balanced_resampling_OLS","median_resampled_slope","Northern","occurrence5_k2_tropical_temperate","Coldhouse","Hothouse",7,6,-0.397583820925355,0,0.00170261791064738,0.00567539303549127
"per_cell_balanced_resampling_OLS","median_resampled_slope","Northern","occurrence5_k2_tropical_temperate","Coolhouse","Transitional",10,10,-0.368006764578071,16,0.00566484834223733,0.0141621208555933
"per_cell_balanced_resampling_OLS","median_resampled_slope","Northern","occurrence5_k2_tropical_temperate","Coolhouse","Warmhouse",10,8,-0.340270707304908,14,0.0117338232380456,0.0234676464760913
"per_cell_balanced_resampling_OLS","median_resampled_slope","Northern","occurrence5_k2_tropical_temperate","Coldhouse","Coolhouse",7,10,-0.225311762784183,17,0.0438343975649646,0.0730573292749411
"per_cell_balanced_resampling_OLS","median_resampled_slope","Northern","occurrence5_k2_tropical_temperate","Coolhouse","Hothouse",10,6,-0.172272058141172,18,0.106134571445986,0.151620816351409
"per_cell_balanced_resampling_OLS","median_resampled_slope","Northern","occurrence5_k2_tropical_temperate","Transitional","Warmhouse",10,8,0.0277360572731628,45,0.687468637383316,0.859335796729145
"per_cell_balanced_resampling_OLS","median_resampled_slope","Northern","occurrence5_k2_tropical_temperate","Transitional","Hothouse",10,6,0.195734706436898,45,0.953639035846304,0.953639035846304
"per_cell_balanced_resampling_OLS","median_resampled_slope","Northern","occurrence5_k2_tropical_temperate","Warmhouse","Hothouse",8,6,0.167998649163736,36,0.946708415212556,0.953639035846304
"per_cell_balanced_resampling_OLS","median_resampled_slope","Northern","occurrence5_k2_tropical_temperate_polar","Coldhouse","Coolhouse",3,7,-0.173106816385478,3,0.0553060368742615,0.186143341473457
"per_cell_balanced_resampling_OLS","median_resampled_slope","Northern","occurrence5_k2_tropical_temperate_polar","Coldhouse","Transitional",3,3,-0.284313177699086,0,0.0404277991850261,0.186143341473457
"per_cell_balanced_resampling_OLS","median_resampled_slope","Northern","occurrence5_k2_tropical_temperate_polar","Coldhouse","Warmhouse",3,2,-0.488574125596293,0,0.0744573365893828,0.186143341473457
"per_cell_balanced_resampling_OLS","median_resampled_slope","Northern","occurrence5_k2_tropical_temperate_polar","Coldhouse","Hothouse",3,2,-0.40620433091173,0,0.0744573365893828,0.186143341473457
"per_cell_balanced_resampling_OLS","median_resampled_slope","Northern","occurrence5_k2_tropical_temperate_polar","Coolhouse","Warmhouse",7,2,-0.315467309210815,2,0.0938413862666982,0.187682772533396
"per_cell_balanced_resampling_OLS","median_resampled_slope","Northern","occurrence5_k2_tropical_temperate_polar","Coolhouse","Transitional",7,3,-0.111206361313608,7,0.247062272204632,0.30882784025579
"per_cell_balanced_resampling_OLS","median_resampled_slope","Northern","occurrence5_k2_tropical_temperate_polar","Coolhouse","Hothouse",7,2,-0.233097514526253,4,0.232107156385516,0.30882784025579
"per_cell_balanced_resampling_OLS","median_resampled_slope","Northern","occurrence5_k2_tropical_temperate_polar","Transitional","Warmhouse",3,2,-0.204260947897207,1,0.193238115385616,0.30882784025579
"per_cell_balanced_resampling_OLS","median_resampled_slope","Northern","occurrence5_k2_tropical_temperate_polar","Transitional","Hothouse",3,2,-0.121891153212645,3,0.613585003657776,0.650732320848331
"per_cell_balanced_resampling_OLS","median_resampled_slope","Northern","occurrence5_k2_tropical_temperate_polar","Warmhouse","Hothouse",2,2,0.0823697946845626,2,0.650732320848331,0.650732320848331
"per_cell_balanced_resampling_OLS","median_resampled_slope","Northern","occurrence5_k3_tropical_temperate","Coldhouse","Transitional",3,6,-0.841541475208055,0,0.0140929010739537,0.0704645053697685
"per_cell_balanced_resampling_OLS","median_resampled_slope","Northern","occurrence5_k3_tropical_temperate","Coldhouse","Warmhouse",3,6,-0.612178835301225,0,0.0140929010739537,0.0704645053697685
"per_cell_balanced_resampling_OLS","median_resampled_slope","Northern","occurrence5_k3_tropical_temperate","Coldhouse","Hothouse",3,3,-0.572659590709834,0,0.0404277991850261,0.124095560982305
"per_cell_balanced_resampling_OLS","median_resampled_slope","Northern","occurrence5_k3_tropical_temperate","Coolhouse","Transitional",2,6,-0.803157754821506,1,0.0668072012688581,0.124095560982305
"per_cell_balanced_resampling_OLS","median_resampled_slope","Northern","occurrence5_k3_tropical_temperate","Coolhouse","Warmhouse",2,6,-0.573795114914676,1,0.0668072012688581,0.124095560982305
"per_cell_balanced_resampling_OLS","median_resampled_slope","Northern","occurrence5_k3_tropical_temperate","Coolhouse","Hothouse",2,3,-0.534275870323285,0,0.0744573365893828,0.124095560982305
"per_cell_balanced_resampling_OLS","median_resampled_slope","Northern","occurrence5_k3_tropical_temperate","Coldhouse","Coolhouse",3,2,-0.038383720386549,3,0.613585003657776,0.876550005225395
"per_cell_balanced_resampling_OLS","median_resampled_slope","Northern","occurrence5_k3_tropical_temperate","Transitional","Warmhouse",6,6,0.22936263990683,25,0.885116864769431,0.885116864769431
"per_cell_balanced_resampling_OLS","median_resampled_slope","Northern","occurrence5_k3_tropical_temperate","Transitional","Hothouse",6,3,0.268881884498222,13,0.877360941596614,0.885116864769431
"per_cell_balanced_resampling_OLS","median_resampled_slope","Northern","occurrence5_k3_tropical_temperate","Warmhouse","Hothouse",6,3,0.0395192445913913,11,0.740697491785637,0.885116864769431
"per_cell_balanced_resampling_OLS","median_resampled_slope","Northern","occurrence5_k3_tropical_temperate_polar","Coldhouse","Coolhouse",1,0,NA,NA,NA,NA
"per_cell_balanced_resampling_OLS","median_resampled_slope","Northern","occurrence5_k3_tropical_temperate_polar","Coldhouse","Transitional",1,1,-0.583067866327051,NA,NA,NA
"per_cell_balanced_resampling_OLS","median_resampled_slope","Northern","occurrence5_k3_tropical_temperate_polar","Coldhouse","Warmhouse",1,2,-0.600292644456211,NA,NA,NA
"per_cell_balanced_resampling_OLS","median_resampled_slope","Northern","occurrence5_k3_tropical_temperate_polar","Coldhouse","Hothouse",1,1,-0.655972265566036,NA,NA,NA
"per_cell_balanced_resampling_OLS","median_resampled_slope","Northern","occurrence5_k3_tropical_temperate_polar","Coolhouse","Transitional",0,1,NA,NA,NA,NA
"per_cell_balanced_resampling_OLS","median_resampled_slope","Northern","occurrence5_k3_tropical_temperate_polar","Coolhouse","Warmhouse",0,2,NA,NA,NA,NA
"per_cell_balanced_resampling_OLS","median_resampled_slope","Northern","occurrence5_k3_tropical_temperate_polar","Coolhouse","Hothouse",0,1,NA,NA,NA,NA
"per_cell_balanced_resampling_OLS","median_resampled_slope","Northern","occurrence5_k3_tropical_temperate_polar","Transitional","Warmhouse",1,2,-0.0172247781291602,NA,NA,NA
"per_cell_balanced_resampling_OLS","median_resampled_slope","Northern","occurrence5_k3_tropical_temperate_polar","Transitional","Hothouse",1,1,-0.0729043992389856,NA,NA,NA
"per_cell_balanced_resampling_OLS","median_resampled_slope","Northern","occurrence5_k3_tropical_temperate_polar","Warmhouse","Hothouse",2,1,-0.0556796211098254,NA,NA,NA
"per_cell_balanced_resampling_OLS","median_resampled_slope","Northern","occurrence10_k1_tropical_temperate","Coldhouse","Transitional",12,14,-0.491912549640847,34,0.00544817709769372,0.0136204427442343
"per_cell_balanced_resampling_OLS","median_resampled_slope","Northern","occurrence10_k1_tropical_temperate","Coldhouse","Warmhouse",12,8,-0.550042592049091,13,0.00388697827613365,0.0136204427442343
"per_cell_balanced_resampling_OLS","median_resampled_slope","Northern","occurrence10_k1_tropical_temperate","Coolhouse","Transitional",15,14,-0.523139602236151,43,0.00363648449636083,0.0136204427442343
"per_cell_balanced_resampling_OLS","median_resampled_slope","Northern","occurrence10_k1_tropical_temperate","Coolhouse","Warmhouse",15,8,-0.581269644644395,19,0.00447099879187831,0.0136204427442343
"per_cell_balanced_resampling_OLS","median_resampled_slope","Northern","occurrence10_k1_tropical_temperate","Coolhouse","Hothouse",15,9,-0.556964014821228,29,0.0117292978399615,0.0234585956799231
"per_cell_balanced_resampling_OLS","median_resampled_slope","Northern","occurrence10_k1_tropical_temperate","Coldhouse","Hothouse",12,9,-0.525736962225924,25,0.0214128046154457,0.0356880076924095
"per_cell_balanced_resampling_OLS","median_resampled_slope","Northern","occurrence10_k1_tropical_temperate","Coldhouse","Coolhouse",12,15,0.0312270525953042,93,0.56780261007717,0.65889949706544
"per_cell_balanced_resampling_OLS","median_resampled_slope","Northern","occurrence10_k1_tropical_temperate","Transitional","Warmhouse",14,8,-0.0581300424082438,59,0.594401951245507,0.65889949706544
"per_cell_balanced_resampling_OLS","median_resampled_slope","Northern","occurrence10_k1_tropical_temperate","Transitional","Hothouse",14,9,-0.033824412585077,69,0.65889949706544,0.65889949706544
"per_cell_balanced_resampling_OLS","median_resampled_slope","Northern","occurrence10_k1_tropical_temperate","Warmhouse","Hothouse",8,9,0.0243056298231668,38,0.595052934785763,0.65889949706544
"per_cell_balanced_resampling_OLS","median_resampled_slope","Northern","occurrence10_k1_tropical_temperate_polar","Coldhouse","Transitional",6,6,-0.491425663799715,1,0.00411950941286232,0.0411950941286232
"per_cell_balanced_resampling_OLS","median_resampled_slope","Northern","occurrence10_k1_tropical_temperate_polar","Coldhouse","Warmhouse",6,5,-0.508646285895012,2,0.0112394366830626,0.046976336913179
"per_cell_balanced_resampling_OLS","median_resampled_slope","Northern","occurrence10_k1_tropical_temperate_polar","Coldhouse","Hothouse",6,3,-0.549074922755662,0,0.0140929010739537,0.046976336913179
"per_cell_balanced_resampling_OLS","median_resampled_slope","Northern","occurrence10_k1_tropical_temperate_polar","Coolhouse","Hothouse",9,3,-0.373500679987387,3,0.0322288591353379,0.0805721478383448
"per_cell_balanced_resampling_OLS","median_resampled_slope","Northern","occurrence10_k1_tropical_temperate_polar","Coldhouse","Coolhouse",6,9,-0.175574242768275,13,0.0558058841491461,0.111611768298292
"per_cell_balanced_resampling_OLS","median_resampled_slope","Northern","occurrence10_k1_tropical_temperate_polar","Coolhouse","Transitional",9,6,-0.31585142103144,15,0.087662908810433,0.146104848017388
"per_cell_balanced_resampling_OLS","median_resampled_slope","Northern","occurrence10_k1_tropical_temperate_polar","Coolhouse","Warmhouse",9,5,-0.333072043126737,13,0.115069670221708,0.164385243173869
"per_cell_balanced_resampling_OLS","median_resampled_slope","Northern","occurrence10_k1_tropical_temperate_polar","Transitional","Hothouse",6,3,-0.0576492589559469,5,0.18307828009703,0.228847850121288
"per_cell_balanced_resampling_OLS","median_resampled_slope","Northern","occurrence10_k1_tropical_temperate_polar","Warmhouse","Hothouse",5,3,-0.0404286368606493,6,0.382797241997882,0.425330268886536
"per_cell_balanced_resampling_OLS","median_resampled_slope","Northern","occurrence10_k1_tropical_temperate_polar","Transitional","Warmhouse",6,5,-0.0172206220952976,14,0.463632236762616,0.463632236762616
"per_cell_balanced_resampling_OLS","median_resampled_slope","Northern","occurrence10_k2_tropical_temperate","Coldhouse","Transitional",6,10,-0.654809137400639,1,0.00099654842792865,0.00728771464593531
"per_cell_balanced_resampling_OLS","median_resampled_slope","Northern","occurrence10_k2_tropical_temperate","Coolhouse","Transitional",8,10,-0.576989227148756,6,0.00145754292918706,0.00728771464593531
"per_cell_balanced_resampling_OLS","median_resampled_slope","Northern","occurrence10_k2_tropical_temperate","Coldhouse","Warmhouse",6,8,-0.557504641689166,3,0.00406601094944092,0.00823901882572464
"per_cell_balanced_resampling_OLS","median_resampled_slope","Northern","occurrence10_k2_tropical_temperate","Coldhouse","Hothouse",6,6,-0.54113696731083,1,0.00411950941286232,0.00823901882572464
"per_cell_balanced_resampling_OLS","median_resampled_slope","Northern","occurrence10_k2_tropical_temperate","Coolhouse","Hothouse",8,6,-0.463317057058948,3,0.00406601094944092,0.00823901882572464
"per_cell_balanced_resampling_OLS","median_resampled_slope","Northern","occurrence10_k2_tropical_temperate","Coolhouse","Warmhouse",8,8,-0.479684731437283,7,0.00504084694192983,0.00840141156988305
"per_cell_balanced_resampling_OLS","median_resampled_slope","Northern","occurrence10_k2_tropical_temperate","Coldhouse","Coolhouse",6,8,-0.0778199102518827,18,0.238837511992952,0.341196445704217
"per_cell_balanced_resampling_OLS","median_resampled_slope","Northern","occurrence10_k2_tropical_temperate","Warmhouse","Hothouse",8,6,0.0163676743783356,25,0.576774701561705,0.720968376952131
"per_cell_balanced_resampling_OLS","median_resampled_slope","Northern","occurrence10_k2_tropical_temperate","Transitional","Warmhouse",10,8,0.0973044957114726,52,0.866641376642042,0.866641376642042
"per_cell_balanced_resampling_OLS","median_resampled_slope","Northern","occurrence10_k2_tropical_temperate","Transitional","Hothouse",10,6,0.113672170089808,39,0.848593479336092,0.866641376642042
"per_cell_balanced_resampling_OLS","median_resampled_slope","Northern","occurrence10_k2_tropical_temperate_polar","Coldhouse","Coolhouse",2,3,-0.136398660952355,0,0.0744573365893828,0.111686004884074
"per_cell_balanced_resampling_OLS","median_resampled_slope","Northern","occurrence10_k2_tropical_temperate_polar","Coolhouse","Transitional",3,2,-0.304616721490109,0,0.0744573365893828,0.111686004884074
"per_cell_balanced_resampling_OLS","median_resampled_slope","Northern","occurrence10_k2_tropical_temperate_polar","Coldhouse","Transitional",2,2,-0.441015382442464,0,0.122639058403386,0.122639058403386
"per_cell_balanced_resampling_OLS","median_resampled_slope","Northern","occurrence10_k2_tropical_temperate_polar","Coldhouse","Warmhouse",2,1,-0.469470704079093,NA,NA,NA
"per_cell_balanced_resampling_OLS","median_resampled_slope","Northern","occurrence10_k2_tropical_temperate_polar","Coldhouse","Hothouse",2,1,-0.509899340939742,NA,NA,NA
"per_cell_balanced_resampling_OLS","median_resampled_slope","Northern","occurrence10_k2_tropical_temperate_polar","Coolhouse","Warmhouse",3,1,-0.333072043126737,NA,NA,NA
"per_cell_balanced_resampling_OLS","median_resampled_slope","Northern","occurrence10_k2_tropical_temperate_polar","Coolhouse","Hothouse",3,1,-0.373500679987387,NA,NA,NA
"per_cell_balanced_resampling_OLS","median_resampled_slope","Northern","occurrence10_k2_tropical_temperate_polar","Transitional","Warmhouse",2,1,-0.0284553216366286,NA,NA,NA
"per_cell_balanced_resampling_OLS","median_resampled_slope","Northern","occurrence10_k2_tropical_temperate_polar","Transitional","Hothouse",2,1,-0.0688839584972779,NA,NA,NA
"per_cell_balanced_resampling_OLS","median_resampled_slope","Northern","occurrence10_k2_tropical_temperate_polar","Warmhouse","Hothouse",1,1,-0.0404286368606493,NA,NA,NA
"per_cell_balanced_resampling_OLS","median_resampled_slope","Northern","occurrence10_k3_tropical_temperate","Coldhouse","Transitional",3,4,-0.949033349966,0,0.0259149636089548,0.129574818044774
"per_cell_balanced_resampling_OLS","median_resampled_slope","Northern","occurrence10_k3_tropical_temperate","Coldhouse","Warmhouse",3,4,-0.573043383265196,0,0.0259149636089548,0.129574818044774
"per_cell_balanced_resampling_OLS","median_resampled_slope","Northern","occurrence10_k3_tropical_temperate","Coldhouse","Hothouse",3,3,-0.63558801309817,0,0.0404277991850261,0.131490631400052
"per_cell_balanced_resampling_OLS","median_resampled_slope","Northern","occurrence10_k3_tropical_temperate","Coolhouse","Transitional",2,4,-0.950919656741424,0,0.0525962525600207,0.131490631400052
"per_cell_balanced_resampling_OLS","median_resampled_slope","Northern","occurrence10_k3_tropical_temperate","Coolhouse","Hothouse",2,3,-0.637474319873594,0,0.0744573365893828,0.148914673178766
"per_cell_balanced_resampling_OLS","median_resampled_slope","Northern","occurrence10_k3_tropical_temperate","Coolhouse","Warmhouse",2,4,-0.57492969004062,1,0.123579986605954,0.205966644343256
"per_cell_balanced_resampling_OLS","median_resampled_slope","Northern","occurrence10_k3_tropical_temperate","Warmhouse","Hothouse",4,3,-0.0625446298329738,5,0.429841897599333,0.614059853713333
"per_cell_balanced_resampling_OLS","median_resampled_slope","Northern","occurrence10_k3_tropical_temperate","Coldhouse","Coolhouse",3,2,0.00188630677542412,3,0.613585003657776,0.76698125457222
"per_cell_balanced_resampling_OLS","median_resampled_slope","Northern","occurrence10_k3_tropical_temperate","Transitional","Warmhouse",4,4,0.375989966700804,13,0.943824401154768,0.943824401154768
"per_cell_balanced_resampling_OLS","median_resampled_slope","Northern","occurrence10_k3_tropical_temperate","Transitional","Hothouse",4,3,0.31344533686783,9,0.89203753052993,0.943824401154768
"per_cell_balanced_resampling_OLS","median_resampled_slope","Northern","occurrence10_k3_tropical_temperate_polar","Coldhouse","Coolhouse",1,0,NA,NA,NA,NA
"per_cell_balanced_resampling_OLS","median_resampled_slope","Northern","occurrence10_k3_tropical_temperate_polar","Coldhouse","Transitional",1,0,NA,NA,NA,NA
"per_cell_balanced_resampling_OLS","median_resampled_slope","Northern","occurrence10_k3_tropical_temperate_polar","Coldhouse","Warmhouse",1,1,-0.498679047564701,NA,NA,NA
"per_cell_balanced_resampling_OLS","median_resampled_slope","Northern","occurrence10_k3_tropical_temperate_polar","Coldhouse","Hothouse",1,1,-0.539107684425351,NA,NA,NA
"per_cell_balanced_resampling_OLS","median_resampled_slope","Northern","occurrence10_k3_tropical_temperate_polar","Coolhouse","Transitional",0,0,NA,NA,NA,NA
"per_cell_balanced_resampling_OLS","median_resampled_slope","Northern","occurrence10_k3_tropical_temperate_polar","Coolhouse","Warmhouse",0,1,NA,NA,NA,NA
"per_cell_balanced_resampling_OLS","median_resampled_slope","Northern","occurrence10_k3_tropical_temperate_polar","Coolhouse","Hothouse",0,1,NA,NA,NA,NA
"per_cell_balanced_resampling_OLS","median_resampled_slope","Northern","occurrence10_k3_tropical_temperate_polar","Transitional","Warmhouse",0,1,NA,NA,NA,NA
"per_cell_balanced_resampling_OLS","median_resampled_slope","Northern","occurrence10_k3_tropical_temperate_polar","Transitional","Hothouse",0,1,NA,NA,NA,NA
"per_cell_balanced_resampling_OLS","median_resampled_slope","Northern","occurrence10_k3_tropical_temperate_polar","Warmhouse","Hothouse",1,1,-0.0404286368606493,NA,NA,NA
"per_cell_balanced_resampling_OLS","median_resampled_slope","Northern","collection5_k1_tropical_temperate","Coldhouse","Transitional",10,13,-0.819611844618918,6,0.000142803789929351,0.00142803789929351
"per_cell_balanced_resampling_OLS","median_resampled_slope","Northern","collection5_k1_tropical_temperate","Coldhouse","Warmhouse",10,9,-0.489434130080034,6,0.000834668321371276,0.00343370011369904
"per_cell_balanced_resampling_OLS","median_resampled_slope","Northern","collection5_k1_tropical_temperate","Coolhouse","Transitional",14,13,-0.68923064195227,27,0.00103011003410971,0.00343370011369904
"per_cell_balanced_resampling_OLS","median_resampled_slope","Northern","collection5_k1_tropical_temperate","Coolhouse","Warmhouse",14,9,-0.359052927413386,22,0.0053667080514986,0.0134167701287465
"per_cell_balanced_resampling_OLS","median_resampled_slope","Northern","collection5_k1_tropical_temperate","Coldhouse","Hothouse",10,9,-0.571285995555615,16,0.00998222665260803,0.0199644533052161
"per_cell_balanced_resampling_OLS","median_resampled_slope","Northern","collection5_k1_tropical_temperate","Coolhouse","Hothouse",14,9,-0.440904792888966,41,0.0878087521869882,0.146347920311647
"per_cell_balanced_resampling_OLS","median_resampled_slope","Northern","collection5_k1_tropical_temperate","Coldhouse","Coolhouse",10,14,-0.130381202666648,53,0.166986797424676,0.238552567749537
"per_cell_balanced_resampling_OLS","median_resampled_slope","Northern","collection5_k1_tropical_temperate","Transitional","Warmhouse",13,9,0.330177714538884,82,0.945496605092279,0.969243200001978
"per_cell_balanced_resampling_OLS","median_resampled_slope","Northern","collection5_k1_tropical_temperate","Transitional","Hothouse",13,9,0.248325849063303,86,0.969243200001978,0.969243200001978
"per_cell_balanced_resampling_OLS","median_resampled_slope","Northern","collection5_k1_tropical_temperate","Warmhouse","Hothouse",9,9,-0.0818518654755808,51,0.834306451876192,0.969243200001978
"per_cell_balanced_resampling_OLS","median_resampled_slope","Northern","collection5_k1_tropical_temperate_polar","Coldhouse","Transitional",6,4,-0.609841479071314,0,0.00710701943454103,0.0236900647818034
"per_cell_balanced_resampling_OLS","median_resampled_slope","Northern","collection5_k1_tropical_temperate_polar","Coldhouse","Warmhouse",6,6,-0.541625116594703,0,0.00253743404897013,0.0236900647818034
"per_cell_balanced_resampling_OLS","median_resampled_slope","Northern","collection5_k1_tropical_temperate_polar","Coldhouse","Hothouse",6,4,-0.567319620204887,0,0.00710701943454103,0.0236900647818034
"per_cell_balanced_resampling_OLS","median_resampled_slope","Northern","collection5_k1_tropical_temperate_polar","Coolhouse","Warmhouse",10,6,-0.4040670711013,9,0.0130897991770406,0.0327244979426014
"per_cell_balanced_resampling_OLS","median_resampled_slope","Northern","collection5_k1_tropical_temperate_polar","Coolhouse","Transitional",10,4,-0.47228343357791,9,0.0687819469549517,0.137563893909903
"per_cell_balanced_resampling_OLS","median_resampled_slope","Northern","collection5_k1_tropical_temperate_polar","Coolhouse","Hothouse",10,4,-0.429761574711484,10,0.089554596363361,0.149257660605602
"per_cell_balanced_resampling_OLS","median_resampled_slope","Northern","collection5_k1_tropical_temperate_polar","Coldhouse","Coolhouse",6,10,-0.137558045493403,19,0.127375581495219,0.181965116421741
"per_cell_balanced_resampling_OLS","median_resampled_slope","Northern","collection5_k1_tropical_temperate_polar","Transitional","Warmhouse",4,6,0.0682163624766107,12,0.542446982789747,0.678058728487184
"per_cell_balanced_resampling_OLS","median_resampled_slope","Northern","collection5_k1_tropical_temperate_polar","Transitional","Hothouse",4,4,0.0425218588664264,10,0.764756788970605,0.764756788970605
"per_cell_balanced_resampling_OLS","median_resampled_slope","Northern","collection5_k1_tropical_temperate_polar","Warmhouse","Hothouse",6,4,-0.0256945036101843,14,0.702983829700479,0.764756788970605
"per_cell_balanced_resampling_OLS","median_resampled_slope","Northern","collection5_k2_tropical_temperate","Coldhouse","Transitional",6,10,-0.72496134780346,0,0.000687795633623293,0.00378905989810199
"per_cell_balanced_resampling_OLS","median_resampled_slope","Northern","collection5_k2_tropical_temperate","Coolhouse","Transitional",7,10,-0.761735697299913,2,0.000757811979620399,0.00378905989810199
"per_cell_balanced_resampling_OLS","median_resampled_slope","Northern","collection5_k2_tropical_temperate","Coldhouse","Warmhouse",6,6,-0.488053295910364,0,0.00253743404897013,0.00822097132068858
"per_cell_balanced_resampling_OLS","median_resampled_slope","Northern","collection5_k2_tropical_temperate","Coldhouse","Hothouse",6,5,-0.545484036997588,0,0.00405655863278289,0.00822097132068858
"per_cell_balanced_resampling_OLS","median_resampled_slope","Northern","collection5_k2_tropical_temperate","Coolhouse","Warmhouse",7,6,-0.524827645406817,2,0.00411048566034429,0.00822097132068858
"per_cell_balanced_resampling_OLS","median_resampled_slope","Northern","collection5_k2_tropical_temperate","Coolhouse","Hothouse",7,5,-0.582258386494041,2,0.00742546894368245,0.0123757815728041
"per_cell_balanced_resampling_OLS","median_resampled_slope","Northern","collection5_k2_tropical_temperate","Coldhouse","Coolhouse",6,7,0.036774349496453,26,0.783982553997496,0.93710678768053
"per_cell_balanced_resampling_OLS","median_resampled_slope","Northern","collection5_k2_tropical_temperate","Transitional","Warmhouse",10,6,0.236908051893096,42,0.912421038763675,0.93710678768053
"per_cell_balanced_resampling_OLS","median_resampled_slope","Northern","collection5_k2_tropical_temperate","Transitional","Hothouse",10,5,0.179477310805871,37,0.93710678768053,0.93710678768053
"per_cell_balanced_resampling_OLS","median_resampled_slope","Northern","collection5_k2_tropical_temperate","Warmhouse","Hothouse",6,5,-0.0574307410872246,17,0.675961565930427,0.93710678768053
"per_cell_balanced_resampling_OLS","median_resampled_slope","Northern","collection5_k2_tropical_temperate_polar","Coldhouse","Transitional",3,3,-0.392198843327923,0,0.0404277991850261,0.102027846085608
"per_cell_balanced_resampling_OLS","median_resampled_slope","Northern","collection5_k2_tropical_temperate_polar","Coolhouse","Transitional",5,3,-0.504517062967193,2,0.0680185640570718,0.102027846085608
"per_cell_balanced_resampling_OLS","median_resampled_slope","Northern","collection5_k2_tropical_temperate_polar","Coldhouse","Coolhouse",3,5,0.11231821963927,7,0.5,0.5
"per_cell_balanced_resampling_OLS","median_resampled_slope","Northern","collection5_k2_tropical_temperate_polar","Coldhouse","Warmhouse",3,1,-0.488190421838521,NA,NA,NA
"per_cell_balanced_resampling_OLS","median_resampled_slope","Northern","collection5_k2_tropical_temperate_polar","Coldhouse","Hothouse",3,1,-0.532292912394048,NA,NA,NA
"per_cell_balanced_resampling_OLS","median_resampled_slope","Northern","collection5_k2_tropical_temperate_polar","Coolhouse","Warmhouse",5,1,-0.600508641477791,NA,NA,NA
"per_cell_balanced_resampling_OLS","median_resampled_slope","Northern","collection5_k2_tropical_temperate_polar","Coolhouse","Hothouse",5,1,-0.644611132033318,NA,NA,NA
"per_cell_balanced_resampling_OLS","median_resampled_slope","Northern","collection5_k2_tropical_temperate_polar","Transitional","Warmhouse",3,1,-0.0959915785105979,NA,NA,NA
"per_cell_balanced_resampling_OLS","median_resampled_slope","Northern","collection5_k2_tropical_temperate_polar","Transitional","Hothouse",3,1,-0.140094069066124,NA,NA,NA
"per_cell_balanced_resampling_OLS","median_resampled_slope","Northern","collection5_k2_tropical_temperate_polar","Warmhouse","Hothouse",1,1,-0.0441024905555265,NA,NA,NA
"per_cell_balanced_resampling_OLS","median_resampled_slope","Northern","collection5_k3_tropical_temperate","Coldhouse","Transitional",3,5,-1.1056434391141,0,0.0184442128535249,0.101701411542594
"per_cell_balanced_resampling_OLS","median_resampled_slope","Northern","collection5_k3_tropical_temperate","Coldhouse","Warmhouse",3,4,-0.733128460951771,0,0.0259149636089548,0.101701411542594
"per_cell_balanced_resampling_OLS","median_resampled_slope","Northern","collection5_k3_tropical_temperate","Coldhouse","Hothouse",3,3,-0.637998235170647,0,0.0404277991850261,0.101701411542594
"per_cell_balanced_resampling_OLS","median_resampled_slope","Northern","collection5_k3_tropical_temperate","Coolhouse","Transitional",2,5,-1.0622139959923,0,0.0406805646170377,0.101701411542594
"per_cell_balanced_resampling_OLS","median_resampled_slope","Northern","collection5_k3_tropical_temperate","Coolhouse","Hothouse",2,3,-0.594568792048843,0,0.0744573365893828,0.148914673178766
"per_cell_balanced_resampling_OLS","median_resampled_slope","Northern","collection5_k3_tropical_temperate","Coolhouse","Warmhouse",2,4,-0.689699017829968,1,0.123579986605954,0.205966644343256
"per_cell_balanced_resampling_OLS","median_resampled_slope","Northern","collection5_k3_tropical_temperate","Coldhouse","Coolhouse",3,2,-0.0434294431218032,3,0.613585003657776,0.876550005225395
"per_cell_balanced_resampling_OLS","median_resampled_slope","Northern","collection5_k3_tropical_temperate","Transitional","Warmhouse",5,4,0.37251497816233,17,0.966903710138903,0.981555787146475
"per_cell_balanced_resampling_OLS","median_resampled_slope","Northern","collection5_k3_tropical_temperate","Transitional","Hothouse",5,3,0.467645203943454,14,0.981555787146475,0.981555787146475
"per_cell_balanced_resampling_OLS","median_resampled_slope","Northern","collection5_k3_tropical_temperate","Warmhouse","Hothouse",4,3,0.0951302257811244,8,0.811620441094209,0.981555787146475
"per_cell_balanced_resampling_OLS","median_resampled_slope","Northern","collection5_k3_tropical_temperate_polar","Coldhouse","Coolhouse",1,0,NA,NA,NA,NA
"per_cell_balanced_resampling_OLS","median_resampled_slope","Northern","collection5_k3_tropical_temperate_polar","Coldhouse","Transitional",1,0,NA,NA,NA,NA
"per_cell_balanced_resampling_OLS","median_resampled_slope","Northern","collection5_k3_tropical_temperate_polar","Coldhouse","Warmhouse",1,1,-0.653542186097975,NA,NA,NA
"per_cell_balanced_resampling_OLS","median_resampled_slope","Northern","collection5_k3_tropical_temperate_polar","Coldhouse","Hothouse",1,1,-0.697644676653501,NA,NA,NA
"per_cell_balanced_resampling_OLS","median_resampled_slope","Northern","collection5_k3_tropical_temperate_polar","Coolhouse","Transitional",0,0,NA,NA,NA,NA
"per_cell_balanced_resampling_OLS","median_resampled_slope","Northern","collection5_k3_tropical_temperate_polar","Coolhouse","Warmhouse",0,1,NA,NA,NA,NA
"per_cell_balanced_resampling_OLS","median_resampled_slope","Northern","collection5_k3_tropical_temperate_polar","Coolhouse","Hothouse",0,1,NA,NA,NA,NA
"per_cell_balanced_resampling_OLS","median_resampled_slope","Northern","collection5_k3_tropical_temperate_polar","Transitional","Warmhouse",0,1,NA,NA,NA,NA
"per_cell_balanced_resampling_OLS","median_resampled_slope","Northern","collection5_k3_tropical_temperate_polar","Transitional","Hothouse",0,1,NA,NA,NA,NA
"per_cell_balanced_resampling_OLS","median_resampled_slope","Northern","collection5_k3_tropical_temperate_polar","Warmhouse","Hothouse",1,1,-0.0441024905555265,NA,NA,NA
"per_cell_balanced_resampling_OLS","median_resampled_slope","Northern","collection10_k1_tropical_temperate","Coldhouse","Warmhouse",8,8,-0.72726419691279,3,0.00138080220891374,0.00690401104456869
"per_cell_balanced_resampling_OLS","median_resampled_slope","Northern","collection10_k1_tropical_temperate","Coldhouse","Hothouse",8,6,-0.844531457233581,0,0.00120732445687942,0.00690401104456869
"per_cell_balanced_resampling_OLS","median_resampled_slope","Northern","collection10_k1_tropical_temperate","Coldhouse","Transitional",8,12,-0.762226569377787,13,0.00388697827613365,0.0129565942537788
"per_cell_balanced_resampling_OLS","median_resampled_slope","Northern","collection10_k1_tropical_temperate","Coolhouse","Warmhouse",12,8,-0.681063961334727,16,0.00754362774720324,0.0150872554944065
"per_cell_balanced_resampling_OLS","median_resampled_slope","Northern","collection10_k1_tropical_temperate","Coolhouse","Hothouse",12,6,-0.798331221655518,9,0.00653323641526437,0.0150872554944065
"per_cell_balanced_resampling_OLS","median_resampled_slope","Northern","collection10_k1_tropical_temperate","Coolhouse","Transitional",12,12,-0.716026333799724,34,0.0151914109882888,0.0253190183138146
"per_cell_balanced_resampling_OLS","median_resampled_slope","Northern","collection10_k1_tropical_temperate","Coldhouse","Coolhouse",8,12,-0.046200235578063,39,0.255979871132365,0.365685530189093
"per_cell_balanced_resampling_OLS","median_resampled_slope","Northern","collection10_k1_tropical_temperate","Transitional","Hothouse",12,6,-0.082304887855794,34,0.444137267204566,0.493485852449517
"per_cell_balanced_resampling_OLS","median_resampled_slope","Northern","collection10_k1_tropical_temperate","Warmhouse","Hothouse",8,6,-0.117267260320791,22,0.423225298438295,0.493485852449517
"per_cell_balanced_resampling_OLS","median_resampled_slope","Northern","collection10_k1_tropical_temperate","Transitional","Warmhouse",12,8,0.0349623724649969,48,0.515385716580331,0.515385716580331
"per_cell_balanced_resampling_OLS","median_resampled_slope","Northern","collection10_k1_tropical_temperate_polar","Coldhouse","Transitional",5,2,-0.368858672276655,1,0.087622122700003,0.175244245400006
"per_cell_balanced_resampling_OLS","median_resampled_slope","Northern","collection10_k1_tropical_temperate_polar","Coldhouse","Warmhouse",5,4,-0.454875143079456,1,0.0186682079603315,0.175244245400006
"per_cell_balanced_resampling_OLS","median_resampled_slope","Northern","collection10_k1_tropical_temperate_polar","Coldhouse","Hothouse",5,2,-0.52889396095319,0,0.0406805646170377,0.175244245400006
"per_cell_balanced_resampling_OLS","median_resampled_slope","Northern","collection10_k1_tropical_temperate_polar","Coolhouse","Warmhouse",8,4,-0.404966197028381,7,0.0744182734383547,0.175244245400006
"per_cell_balanced_resampling_OLS","median_resampled_slope","Northern","collection10_k1_tropical_temperate_polar","Coolhouse","Hothouse",8,2,-0.478985014902115,2,0.075481159880126,0.175244245400006
"per_cell_balanced_resampling_OLS","median_resampled_slope","Northern","collection10_k1_tropical_temperate_polar","Coldhouse","Coolhouse",5,8,-0.0499089460510751,14,0.210375921683466,0.30053703097638
"per_cell_balanced_resampling_OLS","median_resampled_slope","Northern","collection10_k1_tropical_temperate_polar","Coolhouse","Transitional",8,2,-0.31894972622558,4,0.180382675292251,0.30053703097638
"per_cell_balanced_resampling_OLS","median_resampled_slope","Northern","collection10_k1_tropical_temperate_polar","Transitional","Hothouse",2,2,-0.160035288676535,1,0.349267679151669,0.436584598939587
"per_cell_balanced_resampling_OLS","median_resampled_slope","Northern","collection10_k1_tropical_temperate_polar","Warmhouse","Hothouse",4,2,-0.0740188178737345,3,0.408480660857696,0.453867400952995
"per_cell_balanced_resampling_OLS","median_resampled_slope","Northern","collection10_k1_tropical_temperate_polar","Transitional","Warmhouse",2,4,-0.086016470802801,4,0.591519339142304,0.591519339142304
"per_cell_balanced_resampling_OLS","median_resampled_slope","Northern","collection10_k2_tropical_temperate","Coldhouse","Transitional",5,8,-0.708673450488,2,0.00520749732953164,0.0142140388690821
"per_cell_balanced_resampling_OLS","median_resampled_slope","Northern","collection10_k2_tropical_temperate","Coldhouse","Warmhouse",5,5,-0.701233617616215,0,0.0060928901776724,0.0142140388690821
"per_cell_balanced_resampling_OLS","median_resampled_slope","Northern","collection10_k2_tropical_temperate","Coolhouse","Transitional",6,8,-0.792903972765386,3,0.00406601094944092,0.0142140388690821
"per_cell_balanced_resampling_OLS","median_resampled_slope","Northern","collection10_k2_tropical_temperate","Coolhouse","Warmhouse",6,5,-0.7854641398936,1,0.00685541503906661,0.0142140388690821
"per_cell_balanced_resampling_OLS","median_resampled_slope","Northern","collection10_k2_tropical_temperate","Coolhouse","Hothouse",6,4,-0.87520886062118,0,0.00710701943454103,0.0142140388690821
"per_cell_balanced_resampling_OLS","median_resampled_slope","Northern","collection10_k2_tropical_temperate","Coldhouse","Hothouse",5,4,-0.790978338343794,0,0.00998222665260803,0.0166370444210134
"per_cell_balanced_resampling_OLS","median_resampled_slope","Northern","collection10_k2_tropical_temperate","Transitional","Warmhouse",8,5,0.00743983287178568,18,0.413100101689404,0.516375127111755
"per_cell_balanced_resampling_OLS","median_resampled_slope","Northern","collection10_k2_tropical_temperate","Transitional","Hothouse",8,4,-0.082304887855794,14,0.399453334821635,0.516375127111755
"per_cell_balanced_resampling_OLS","median_resampled_slope","Northern","collection10_k2_tropical_temperate","Warmhouse","Hothouse",5,4,-0.0897447207275797,10,0.54873837491116,0.609709305456845
"per_cell_balanced_resampling_OLS","median_resampled_slope","Northern","collection10_k2_tropical_temperate","Coldhouse","Coolhouse",5,6,0.0842305222773857,17,0.675961565930427,0.675961565930427
"per_cell_balanced_resampling_OLS","median_resampled_slope","Northern","collection10_k2_tropical_temperate_polar","Coolhouse","Transitional",2,2,-0.364576018850434,0,0.122639058403386,0.122639058403386
"per_cell_balanced_resampling_OLS","median_resampled_slope","Northern","collection10_k2_tropical_temperate_polar","Coldhouse","Coolhouse",1,2,-0.111388891205794,NA,NA,NA
"per_cell_balanced_resampling_OLS","median_resampled_slope","Northern","collection10_k2_tropical_temperate_polar","Coldhouse","Transitional",1,2,-0.475964910056228,NA,NA,NA
"per_cell_balanced_resampling_OLS","median_resampled_slope","Northern","collection10_k2_tropical_temperate_polar","Coldhouse","Warmhouse",1,1,-0.644308519339328,NA,NA,NA
"per_cell_balanced_resampling_OLS","median_resampled_slope","Northern","collection10_k2_tropical_temperate_polar","Coldhouse","Hothouse",1,1,-0.666733030827208,NA,NA,NA
"per_cell_balanced_resampling_OLS","median_resampled_slope","Northern","collection10_k2_tropical_temperate_polar","Coolhouse","Warmhouse",2,1,-0.532919628133535,NA,NA,NA
"per_cell_balanced_resampling_OLS","median_resampled_slope","Northern","collection10_k2_tropical_temperate_polar","Coolhouse","Hothouse",2,1,-0.555344139621414,NA,NA,NA
"per_cell_balanced_resampling_OLS","median_resampled_slope","Northern","collection10_k2_tropical_temperate_polar","Transitional","Warmhouse",2,1,-0.1683436092831,NA,NA,NA
"per_cell_balanced_resampling_OLS","median_resampled_slope","Northern","collection10_k2_tropical_temperate_polar","Transitional","Hothouse",2,1,-0.19076812077098,NA,NA,NA
"per_cell_balanced_resampling_OLS","median_resampled_slope","Northern","collection10_k2_tropical_temperate_polar","Warmhouse","Hothouse",1,1,-0.0224245114878797,NA,NA,NA
"per_cell_balanced_resampling_OLS","median_resampled_slope","Northern","collection10_k3_tropical_temperate","Coolhouse","Warmhouse",2,2,-1.29755770929526,0,0.122639058403386,0.367917175210159
"per_cell_balanced_resampling_OLS","median_resampled_slope","Northern","collection10_k3_tropical_temperate","Coolhouse","Hothouse",2,2,-0.73956193935077,0,0.122639058403386,0.367917175210159
"per_cell_balanced_resampling_OLS","median_resampled_slope","Northern","collection10_k3_tropical_temperate","Coolhouse","Transitional",2,2,-1.00500340504644,1,0.349267679151669,0.523901518727504
"per_cell_balanced_resampling_OLS","median_resampled_slope","Northern","collection10_k3_tropical_temperate","Transitional","Warmhouse",2,2,-0.292554304248828,1,0.349267679151669,0.523901518727504
"per_cell_balanced_resampling_OLS","median_resampled_slope","Northern","collection10_k3_tropical_temperate","Transitional","Hothouse",2,2,0.265441465695666,2,0.650732320848331,0.650732320848331
"per_cell_balanced_resampling_OLS","median_resampled_slope","Northern","collection10_k3_tropical_temperate","Warmhouse","Hothouse",2,2,0.557995769944493,2,0.650732320848331,0.650732320848331
"per_cell_balanced_resampling_OLS","median_resampled_slope","Northern","collection10_k3_tropical_temperate","Coldhouse","Coolhouse",1,2,0.0350713944428088,NA,NA,NA
"per_cell_balanced_resampling_OLS","median_resampled_slope","Northern","collection10_k3_tropical_temperate","Coldhouse","Transitional",1,2,-0.969932010603627,NA,NA,NA
"per_cell_balanced_resampling_OLS","median_resampled_slope","Northern","collection10_k3_tropical_temperate","Coldhouse","Warmhouse",1,2,-1.26248631485245,NA,NA,NA
"per_cell_balanced_resampling_OLS","median_resampled_slope","Northern","collection10_k3_tropical_temperate","Coldhouse","Hothouse",1,2,-0.704490544907961,NA,NA,NA
"per_cell_balanced_resampling_OLS","median_resampled_slope","Northern","collection10_k3_tropical_temperate_polar","Coldhouse","Coolhouse",0,0,NA,NA,NA,NA
"per_cell_balanced_resampling_OLS","median_resampled_slope","Northern","collection10_k3_tropical_temperate_polar","Coldhouse","Transitional",0,0,NA,NA,NA,NA
"per_cell_balanced_resampling_OLS","median_resampled_slope","Northern","collection10_k3_tropical_temperate_polar","Coldhouse","Warmhouse",0,1,NA,NA,NA,NA
"per_cell_balanced_resampling_OLS","median_resampled_slope","Northern","collection10_k3_tropical_temperate_polar","Coldhouse","Hothouse",0,0,NA,NA,NA,NA
"per_cell_balanced_resampling_OLS","median_resampled_slope","Northern","collection10_k3_tropical_temperate_polar","Coolhouse","Transitional",0,0,NA,NA,NA,NA
"per_cell_balanced_resampling_OLS","median_resampled_slope","Northern","collection10_k3_tropical_temperate_polar","Coolhouse","Warmhouse",0,1,NA,NA,NA,NA
"per_cell_balanced_resampling_OLS","median_resampled_slope","Northern","collection10_k3_tropical_temperate_polar","Coolhouse","Hothouse",0,0,NA,NA,NA,NA
"per_cell_balanced_resampling_OLS","median_resampled_slope","Northern","collection10_k3_tropical_temperate_polar","Transitional","Warmhouse",0,1,NA,NA,NA,NA
"per_cell_balanced_resampling_OLS","median_resampled_slope","Northern","collection10_k3_tropical_temperate_polar","Transitional","Hothouse",0,0,NA,NA,NA,NA
"per_cell_balanced_resampling_OLS","median_resampled_slope","Northern","collection10_k3_tropical_temperate_polar","Warmhouse","Hothouse",1,0,NA,NA,NA,NA
"per_cell_balanced_resampling_OLS","median_resampled_slope","Southern","occurrence5_k1_tropical_temperate","Coldhouse","Hothouse",9,11,-0.717437159759447,9,0.00118702636258236,0.00868524646307573
"per_cell_balanced_resampling_OLS","median_resampled_slope","Southern","occurrence5_k1_tropical_temperate","Transitional","Hothouse",10,11,-0.392602901951227,13,0.00173704929261515,0.00868524646307573
"per_cell_balanced_resampling_OLS","median_resampled_slope","Southern","occurrence5_k1_tropical_temperate","Coldhouse","Warmhouse",9,10,-0.597070151012712,14,0.00638150376632062,0.0212716792210687
"per_cell_balanced_resampling_OLS","median_resampled_slope","Southern","occurrence5_k1_tropical_temperate","Coldhouse","Transitional",9,10,-0.32483425780822,22,0.0330962898610967,0.0827407246527418
"per_cell_balanced_resampling_OLS","median_resampled_slope","Southern","occurrence5_k1_tropical_temperate","Coldhouse","Coolhouse",9,16,-0.339629050604975,41,0.0421087584557445,0.084217516911489
"per_cell_balanced_resampling_OLS","median_resampled_slope","Southern","occurrence5_k1_tropical_temperate","Coolhouse","Hothouse",16,11,-0.377808109154472,57,0.0661537471243239,0.110256245207206
"per_cell_balanced_resampling_OLS","median_resampled_slope","Southern","occurrence5_k1_tropical_temperate","Transitional","Warmhouse",10,10,-0.272235893204492,32,0.092938366182938,0.132769094547054
"per_cell_balanced_resampling_OLS","median_resampled_slope","Southern","occurrence5_k1_tropical_temperate","Warmhouse","Hothouse",10,11,-0.120367008746735,37,0.108916114618636,0.136145143273295
"per_cell_balanced_resampling_OLS","median_resampled_slope","Southern","occurrence5_k1_tropical_temperate","Coolhouse","Warmhouse",16,10,-0.257441100407737,67,0.255009584216667,0.283343982462963
"per_cell_balanced_resampling_OLS","median_resampled_slope","Southern","occurrence5_k1_tropical_temperate","Coolhouse","Transitional",16,10,0.0147947927967547,86,0.634042804916771,0.634042804916771
"per_cell_balanced_resampling_OLS","median_resampled_slope","Southern","occurrence5_k1_tropical_temperate_polar","Coolhouse","Hothouse",10,6,-0.374727794415287,1,0.00099654842792865,0.0099654842792865
"per_cell_balanced_resampling_OLS","median_resampled_slope","Southern","occurrence5_k1_tropical_temperate_polar","Transitional","Hothouse",7,6,-0.281082805424699,3,0.00620966532577613,0.0310483266288807
"per_cell_balanced_resampling_OLS","median_resampled_slope","Southern","occurrence5_k1_tropical_temperate_polar","Coldhouse","Hothouse",2,6,-0.248791477154852,0,0.0333765075848173,0.111255025282724
"per_cell_balanced_resampling_OLS","median_resampled_slope","Southern","occurrence5_k1_tropical_temperate_polar","Warmhouse","Hothouse",6,6,-0.247554194743885,10,0.114883135230569,0.287207838076422
"per_cell_balanced_resampling_OLS","median_resampled_slope","Southern","occurrence5_k1_tropical_temperate_polar","Coolhouse","Transitional",10,7,-0.0936449889905875,27,0.232107156385516,0.459001677152403
"per_cell_balanced_resampling_OLS","median_resampled_slope","Southern","occurrence5_k1_tropical_temperate_polar","Coolhouse","Warmhouse",10,6,-0.127173599671402,24,0.275401006291442,0.459001677152403
"per_cell_balanced_resampling_OLS","median_resampled_slope","Southern","occurrence5_k1_tropical_temperate_polar","Transitional","Warmhouse",7,6,-0.0335286106808144,19,0.415162128827898,0.593088755468425
"per_cell_balanced_resampling_OLS","median_resampled_slope","Southern","occurrence5_k1_tropical_temperate_polar","Coldhouse","Warmhouse",2,6,-0.00123728241096766,6,0.566183832610904,0.70772979076363
"per_cell_balanced_resampling_OLS","median_resampled_slope","Southern","occurrence5_k1_tropical_temperate_polar","Coldhouse","Transitional",2,7,0.0322913282698468,8,0.669725397399163,0.744139330443515
"per_cell_balanced_resampling_OLS","median_resampled_slope","Southern","occurrence5_k1_tropical_temperate_polar","Coldhouse","Coolhouse",2,10,0.125936317260434,15,0.881315697461219,0.881315697461219
"per_cell_balanced_resampling_OLS","median_resampled_slope","Southern","occurrence5_k2_tropical_temperate","Coldhouse","Hothouse",5,5,-0.677041131547878,0,0.0060928901776724,0.030464450888362
"per_cell_balanced_resampling_OLS","median_resampled_slope","Southern","occurrence5_k2_tropical_temperate","Transitional","Hothouse",5,5,-0.502205050664385,0,0.0060928901776724,0.030464450888362
"per_cell_balanced_resampling_OLS","median_resampled_slope","Southern","occurrence5_k2_tropical_temperate","Coldhouse","Warmhouse",5,5,-0.471963522868714,2,0.018356928181352,0.0611897606045068
"per_cell_balanced_resampling_OLS","median_resampled_slope","Southern","occurrence5_k2_tropical_temperate","Coolhouse","Hothouse",10,5,-0.479144320249342,10,0.0378763438081911,0.0946908595204778
"per_cell_balanced_resampling_OLS","median_resampled_slope","Southern","occurrence5_k2_tropical_temperate","Transitional","Warmhouse",5,5,-0.297127441985221,5,0.0718360409034801,0.14367208180696
"per_cell_balanced_resampling_OLS","median_resampled_slope","Southern","occurrence5_k2_tropical_temperate","Coolhouse","Warmhouse",10,5,-0.274066711570178,15,0.122311802563492,0.174731146519274
"per_cell_balanced_resampling_OLS","median_resampled_slope","Southern","occurrence5_k2_tropical_temperate","Warmhouse","Hothouse",5,5,-0.205077608679164,6,0.105037520393329,0.174731146519274
"per_cell_balanced_resampling_OLS","median_resampled_slope","Southern","occurrence5_k2_tropical_temperate","Coldhouse","Coolhouse",5,10,-0.197896811298536,16,0.148930083774903,0.186162604718629
"per_cell_balanced_resampling_OLS","median_resampled_slope","Southern","occurrence5_k2_tropical_temperate","Coldhouse","Transitional",5,5,-0.174836080883492,9,0.265434651984254,0.294927391093616
"per_cell_balanced_resampling_OLS","median_resampled_slope","Southern","occurrence5_k2_tropical_temperate","Coolhouse","Transitional",10,5,0.0230607304150433,31,0.787008441727541,0.787008441727541
"per_cell_balanced_resampling_OLS","median_resampled_slope","Southern","occurrence5_k2_tropical_temperate_polar","Coolhouse","Hothouse",6,3,-0.377808109154472,0,0.0140929010739537,0.0845574064437222
"per_cell_balanced_resampling_OLS","median_resampled_slope","Southern","occurrence5_k2_tropical_temperate_polar","Coolhouse","Warmhouse",6,4,-0.326417539356221,5,0.0829032800970067,0.165806560194013
"per_cell_balanced_resampling_OLS","median_resampled_slope","Southern","occurrence5_k2_tropical_temperate_polar","Transitional","Hothouse",2,3,-0.292188381790821,0,0.0744573365893828,0.165806560194013
"per_cell_balanced_resampling_OLS","median_resampled_slope","Southern","occurrence5_k2_tropical_temperate_polar","Transitional","Warmhouse",2,4,-0.240797811992569,2,0.243726645182017,0.357529854339107
"per_cell_balanced_resampling_OLS","median_resampled_slope","Southern","occurrence5_k2_tropical_temperate_polar","Warmhouse","Hothouse",4,3,-0.0513905697982515,4,0.297941545282589,0.357529854339107
"per_cell_balanced_resampling_OLS","median_resampled_slope","Southern","occurrence5_k2_tropical_temperate_polar","Coolhouse","Transitional",6,2,-0.0856197273636514,5,0.433816167389096,0.433816167389096
"per_cell_balanced_resampling_OLS","median_resampled_slope","Southern","occurrence5_k2_tropical_temperate_polar","Coldhouse","Coolhouse",0,6,NA,NA,NA,NA
"per_cell_balanced_resampling_OLS","median_resampled_slope","Southern","occurrence5_k2_tropical_temperate_polar","Coldhouse","Transitional",0,2,NA,NA,NA,NA
"per_cell_balanced_resampling_OLS","median_resampled_slope","Southern","occurrence5_k2_tropical_temperate_polar","Coldhouse","Warmhouse",0,4,NA,NA,NA,NA
"per_cell_balanced_resampling_OLS","median_resampled_slope","Southern","occurrence5_k2_tropical_temperate_polar","Coldhouse","Hothouse",0,3,NA,NA,NA,NA
"per_cell_balanced_resampling_OLS","median_resampled_slope","Southern","occurrence5_k3_tropical_temperate","Coldhouse","Hothouse",2,4,-0.308092163034089,0,0.0525962525600207,0.183032348025395
"per_cell_balanced_resampling_OLS","median_resampled_slope","Southern","occurrence5_k3_tropical_temperate","Coolhouse","Hothouse",6,4,-0.37925371441071,4,0.0549097044076186,0.183032348025395
"per_cell_balanced_resampling_OLS","median_resampled_slope","Southern","occurrence5_k3_tropical_temperate","Transitional","Hothouse",3,4,-0.435005069880373,0,0.0259149636089548,0.183032348025395
"per_cell_balanced_resampling_OLS","median_resampled_slope","Southern","occurrence5_k3_tropical_temperate","Coldhouse","Warmhouse",2,4,-0.167186276756277,2,0.243726645182017,0.406211075303362
"per_cell_balanced_resampling_OLS","median_resampled_slope","Southern","occurrence5_k3_tropical_temperate","Coolhouse","Warmhouse",6,4,-0.238347828132898,7,0.168677825888181,0.406211075303362
"per_cell_balanced_resampling_OLS","median_resampled_slope","Southern","occurrence5_k3_tropical_temperate","Warmhouse","Hothouse",4,4,-0.140905886277812,5,0.235243211029395,0.406211075303362
"per_cell_balanced_resampling_OLS","median_resampled_slope","Southern","occurrence5_k3_tropical_temperate","Transitional","Warmhouse",3,4,-0.294099183602561,4,0.297941545282589,0.425630778975127
"per_cell_balanced_resampling_OLS","median_resampled_slope","Southern","occurrence5_k3_tropical_temperate","Coolhouse","Transitional",6,3,0.0557513554696629,9,0.551360519369958,0.689200649212448
"per_cell_balanced_resampling_OLS","median_resampled_slope","Southern","occurrence5_k3_tropical_temperate","Coldhouse","Coolhouse",2,6,0.0711615513766213,8,0.797671619036357,0.806761884614384
"per_cell_balanced_resampling_OLS","median_resampled_slope","Southern","occurrence5_k3_tropical_temperate","Coldhouse","Transitional",2,3,0.126912906846284,4,0.806761884614384,0.806761884614384
"per_cell_balanced_resampling_OLS","median_resampled_slope","Southern","occurrence5_k3_tropical_temperate_polar","Coolhouse","Warmhouse",3,2,-0.477080664005665,0,0.0744573365893828,0.111686004884074
"per_cell_balanced_resampling_OLS","median_resampled_slope","Southern","occurrence5_k3_tropical_temperate_polar","Coolhouse","Hothouse",3,3,-0.375280610956718,0,0.0404277991850261,0.111686004884074
"per_cell_balanced_resampling_OLS","median_resampled_slope","Southern","occurrence5_k3_tropical_temperate_polar","Warmhouse","Hothouse",2,3,0.101800053048947,4,0.806761884614384,0.806761884614384
"per_cell_balanced_resampling_OLS","median_resampled_slope","Southern","occurrence5_k3_tropical_temperate_polar","Coldhouse","Coolhouse",0,3,NA,NA,NA,NA
"per_cell_balanced_resampling_OLS","median_resampled_slope","Southern","occurrence5_k3_tropical_temperate_polar","Coldhouse","Transitional",0,1,NA,NA,NA,NA
"per_cell_balanced_resampling_OLS","median_resampled_slope","Southern","occurrence5_k3_tropical_temperate_polar","Coldhouse","Warmhouse",0,2,NA,NA,NA,NA
"per_cell_balanced_resampling_OLS","median_resampled_slope","Southern","occurrence5_k3_tropical_temperate_polar","Coldhouse","Hothouse",0,3,NA,NA,NA,NA
"per_cell_balanced_resampling_OLS","median_resampled_slope","Southern","occurrence5_k3_tropical_temperate_polar","Coolhouse","Transitional",3,1,-0.209738587961335,NA,NA,NA
"per_cell_balanced_resampling_OLS","median_resampled_slope","Southern","occurrence5_k3_tropical_temperate_polar","Transitional","Warmhouse",1,2,-0.26734207604433,NA,NA,NA
"per_cell_balanced_resampling_OLS","median_resampled_slope","Southern","occurrence5_k3_tropical_temperate_polar","Transitional","Hothouse",1,3,-0.165542022995383,NA,NA,NA
"per_cell_balanced_resampling_OLS","median_resampled_slope","Southern","occurrence10_k1_tropical_temperate","Coldhouse","Hothouse",9,10,-0.939463863401217,0,0.000139850135093343,0.000699250675466717
"per_cell_balanced_resampling_OLS","median_resampled_slope","Southern","occurrence10_k1_tropical_temperate","Transitional","Hothouse",9,10,-0.646599919051288,0,0.000139850135093343,0.000699250675466717
"per_cell_balanced_resampling_OLS","median_resampled_slope","Southern","occurrence10_k1_tropical_temperate","Coldhouse","Coolhouse",9,16,-0.405699287218168,24,0.00358162575173687,0.00895406437934218
"per_cell_balanced_resampling_OLS","median_resampled_slope","Southern","occurrence10_k1_tropical_temperate","Warmhouse","Hothouse",9,10,-0.348516300378999,11,0.00311651748486689,0.00895406437934218
"per_cell_balanced_resampling_OLS","median_resampled_slope","Southern","occurrence10_k1_tropical_temperate","Coldhouse","Warmhouse",9,9,-0.590947563022218,11,0.00522213555068511,0.0104442711013702
"per_cell_balanced_resampling_OLS","median_resampled_slope","Southern","occurrence10_k1_tropical_temperate","Transitional","Warmhouse",9,9,-0.298083618672289,17,0.0211300530419783,0.0352167550699639
"per_cell_balanced_resampling_OLS","median_resampled_slope","Southern","occurrence10_k1_tropical_temperate","Coldhouse","Transitional",9,9,-0.292863944349929,20,0.0386943055710033,0.0552775793871476
"per_cell_balanced_resampling_OLS","median_resampled_slope","Southern","occurrence10_k1_tropical_temperate","Coolhouse","Hothouse",16,10,-0.533764576183049,48,0.0484375375131373,0.0605469218914216
"per_cell_balanced_resampling_OLS","median_resampled_slope","Southern","occurrence10_k1_tropical_temperate","Coolhouse","Warmhouse",16,9,-0.18524827580405,65,0.356440331877537,0.396044813197263
"per_cell_balanced_resampling_OLS","median_resampled_slope","Southern","occurrence10_k1_tropical_temperate","Coolhouse","Transitional",16,9,0.112835342868239,100,0.946681471098718,0.946681471098718
"per_cell_balanced_resampling_OLS","median_resampled_slope","Southern","occurrence10_k1_tropical_temperate_polar","Transitional","Hothouse",6,5,-0.465566022649018,0,0.00405655863278289,0.0405655863278289
"per_cell_balanced_resampling_OLS","median_resampled_slope","Southern","occurrence10_k1_tropical_temperate_polar","Coolhouse","Hothouse",9,5,-0.428753071614175,5,0.0117052980805584,0.0585264904027918
"per_cell_balanced_resampling_OLS","median_resampled_slope","Southern","occurrence10_k1_tropical_temperate_polar","Coldhouse","Hothouse",2,5,-0.387812299562332,0,0.0406805646170377,0.118366178249345
"per_cell_balanced_resampling_OLS","median_resampled_slope","Southern","occurrence10_k1_tropical_temperate_polar","Warmhouse","Hothouse",5,5,-0.232457207411343,4,0.047346471299738,0.118366178249345
"per_cell_balanced_resampling_OLS","median_resampled_slope","Southern","occurrence10_k1_tropical_temperate_polar","Transitional","Warmhouse",6,5,-0.233108815237675,11,0.261408326959544,0.522816653919089
"per_cell_balanced_resampling_OLS","median_resampled_slope","Southern","occurrence10_k1_tropical_temperate_polar","Coldhouse","Warmhouse",2,5,-0.155355092150989,4,0.423225298438295,0.604607569197565
"per_cell_balanced_resampling_OLS","median_resampled_slope","Southern","occurrence10_k1_tropical_temperate_polar","Coolhouse","Warmhouse",9,5,-0.196295864202833,20,0.394862910464025,0.604607569197565
"per_cell_balanced_resampling_OLS","median_resampled_slope","Southern","occurrence10_k1_tropical_temperate_polar","Coldhouse","Coolhouse",2,9,0.0409407720518437,11,0.722155104858603,0.797671619036357
"per_cell_balanced_resampling_OLS","median_resampled_slope","Southern","occurrence10_k1_tropical_temperate_polar","Coldhouse","Transitional",2,6,0.0777537230866864,8,0.797671619036357,0.797671619036357
"per_cell_balanced_resampling_OLS","median_resampled_slope","Southern","occurrence10_k1_tropical_temperate_polar","Coolhouse","Transitional",9,6,0.0368129510348426,30,0.660005798882853,0.797671619036357
"per_cell_balanced_resampling_OLS","median_resampled_slope","Southern","occurrence10_k2_tropical_temperate","Coldhouse","Warmhouse",4,5,-0.708378097447279,0,0.00998222665260803,0.0249555666315201
"per_cell_balanced_resampling_OLS","median_resampled_slope","Southern","occurrence10_k2_tropical_temperate","Coldhouse","Hothouse",4,5,-0.921756457388726,0,0.00998222665260803,0.0249555666315201
"per_cell_balanced_resampling_OLS","median_resampled_slope","Southern","occurrence10_k2_tropical_temperate","Transitional","Warmhouse",5,5,-0.432477145374692,0,0.0060928901776724,0.0249555666315201
"per_cell_balanced_resampling_OLS","median_resampled_slope","Southern","occurrence10_k2_tropical_temperate","Transitional","Hothouse",5,5,-0.645855505316139,0,0.0060928901776724,0.0249555666315201
"per_cell_balanced_resampling_OLS","median_resampled_slope","Southern","occurrence10_k2_tropical_temperate","Coldhouse","Coolhouse",4,10,-0.380656989382947,6,0.028118901938638,0.0500856716157219
"per_cell_balanced_resampling_OLS","median_resampled_slope","Southern","occurrence10_k2_tropical_temperate","Warmhouse","Hothouse",5,5,-0.213378359941447,3,0.0300514029694332,0.0500856716157219
"per_cell_balanced_resampling_OLS","median_resampled_slope","Southern","occurrence10_k2_tropical_temperate","Coldhouse","Transitional",4,5,-0.275900952072587,5,0.13517207032739,0.150191189252656
"per_cell_balanced_resampling_OLS","median_resampled_slope","Southern","occurrence10_k2_tropical_temperate","Coolhouse","Warmhouse",10,5,-0.327721108064332,15,0.122311802563492,0.150191189252656
"per_cell_balanced_resampling_OLS","median_resampled_slope","Southern","occurrence10_k2_tropical_temperate","Coolhouse","Hothouse",10,5,-0.541099468005779,15,0.122311802563492,0.150191189252656
"per_cell_balanced_resampling_OLS","median_resampled_slope","Southern","occurrence10_k2_tropical_temperate","Coolhouse","Transitional",10,5,0.10475603731036,37,0.93710678768053,0.93710678768053
"per_cell_balanced_resampling_OLS","median_resampled_slope","Southern","occurrence10_k2_tropical_temperate_polar","Coolhouse","Warmhouse",5,3,-0.337034135264292,0,0.0184442128535249,0.0553326385605748
"per_cell_balanced_resampling_OLS","median_resampled_slope","Southern","occurrence10_k2_tropical_temperate_polar","Coolhouse","Hothouse",5,3,-0.428753071614175,0,0.0184442128535249,0.0553326385605748
"per_cell_balanced_resampling_OLS","median_resampled_slope","Southern","occurrence10_k2_tropical_temperate_polar","Transitional","Warmhouse",2,3,-0.333064937025331,0,0.0744573365893828,0.111686004884074
"per_cell_balanced_resampling_OLS","median_resampled_slope","Southern","occurrence10_k2_tropical_temperate_polar","Transitional","Hothouse",2,3,-0.424783873375214,0,0.0744573365893828,0.111686004884074
"per_cell_balanced_resampling_OLS","median_resampled_slope","Southern","occurrence10_k2_tropical_temperate_polar","Warmhouse","Hothouse",3,3,-0.0917189363498834,2,0.191366544442613,0.229639853331136
"per_cell_balanced_resampling_OLS","median_resampled_slope","Southern","occurrence10_k2_tropical_temperate_polar","Coolhouse","Transitional",5,2,-0.00396919823896105,5,0.576774701561705,0.576774701561705
"per_cell_balanced_resampling_OLS","median_resampled_slope","Southern","occurrence10_k2_tropical_temperate_polar","Coldhouse","Coolhouse",0,5,NA,NA,NA,NA
"per_cell_balanced_resampling_OLS","median_resampled_slope","Southern","occurrence10_k2_tropical_temperate_polar","Coldhouse","Transitional",0,2,NA,NA,NA,NA
"per_cell_balanced_resampling_OLS","median_resampled_slope","Southern","occurrence10_k2_tropical_temperate_polar","Coldhouse","Warmhouse",0,3,NA,NA,NA,NA
"per_cell_balanced_resampling_OLS","median_resampled_slope","Southern","occurrence10_k2_tropical_temperate_polar","Coldhouse","Hothouse",0,3,NA,NA,NA,NA
"per_cell_balanced_resampling_OLS","median_resampled_slope","Southern","occurrence10_k3_tropical_temperate","Transitional","Warmhouse",3,4,-0.362568265627081,0,0.0259149636089548,0.121283397555078
"per_cell_balanced_resampling_OLS","median_resampled_slope","Southern","occurrence10_k3_tropical_temperate","Transitional","Hothouse",3,3,-0.457459574156493,0,0.0404277991850261,0.121283397555078
"per_cell_balanced_resampling_OLS","median_resampled_slope","Southern","occurrence10_k3_tropical_temperate","Coolhouse","Warmhouse",6,4,-0.33089348024386,8,0.227772546894665,0.311163009857235
"per_cell_balanced_resampling_OLS","median_resampled_slope","Southern","occurrence10_k3_tropical_temperate","Coolhouse","Hothouse",6,3,-0.425784788773271,6,0.259302508214363,0.311163009857235
"per_cell_balanced_resampling_OLS","median_resampled_slope","Southern","occurrence10_k3_tropical_temperate","Warmhouse","Hothouse",4,3,-0.0948913085294115,3,0.188379558905791,0.311163009857235
"per_cell_balanced_resampling_OLS","median_resampled_slope","Southern","occurrence10_k3_tropical_temperate","Coolhouse","Transitional",6,3,0.0316747853832213,13,0.877360941596614,0.877360941596614
"per_cell_balanced_resampling_OLS","median_resampled_slope","Southern","occurrence10_k3_tropical_temperate","Coldhouse","Coolhouse",0,6,NA,NA,NA,NA
"per_cell_balanced_resampling_OLS","median_resampled_slope","Southern","occurrence10_k3_tropical_temperate","Coldhouse","Transitional",0,3,NA,NA,NA,NA
"per_cell_balanced_resampling_OLS","median_resampled_slope","Southern","occurrence10_k3_tropical_temperate","Coldhouse","Warmhouse",0,4,NA,NA,NA,NA
"per_cell_balanced_resampling_OLS","median_resampled_slope","Southern","occurrence10_k3_tropical_temperate","Coldhouse","Hothouse",0,3,NA,NA,NA,NA
"per_cell_balanced_resampling_OLS","median_resampled_slope","Southern","occurrence10_k3_tropical_temperate_polar","Coolhouse","Warmhouse",3,2,-0.381488619626808,0,0.0744573365893828,0.111686004884074
"per_cell_balanced_resampling_OLS","median_resampled_slope","Southern","occurrence10_k3_tropical_temperate_polar","Coolhouse","Hothouse",3,3,-0.428753071614175,0,0.0404277991850261,0.111686004884074
"per_cell_balanced_resampling_OLS","median_resampled_slope","Southern","occurrence10_k3_tropical_temperate_polar","Warmhouse","Hothouse",2,3,-0.0472644519873673,2,0.386414996342224,0.386414996342224
"per_cell_balanced_resampling_OLS","median_resampled_slope","Southern","occurrence10_k3_tropical_temperate_polar","Coldhouse","Coolhouse",0,3,NA,NA,NA,NA
"per_cell_balanced_resampling_OLS","median_resampled_slope","Southern","occurrence10_k3_tropical_temperate_polar","Coldhouse","Transitional",0,1,NA,NA,NA,NA
"per_cell_balanced_resampling_OLS","median_resampled_slope","Southern","occurrence10_k3_tropical_temperate_polar","Coldhouse","Warmhouse",0,2,NA,NA,NA,NA
"per_cell_balanced_resampling_OLS","median_resampled_slope","Southern","occurrence10_k3_tropical_temperate_polar","Coldhouse","Hothouse",0,3,NA,NA,NA,NA
"per_cell_balanced_resampling_OLS","median_resampled_slope","Southern","occurrence10_k3_tropical_temperate_polar","Coolhouse","Transitional",3,1,-0.109726150947378,NA,NA,NA
"per_cell_balanced_resampling_OLS","median_resampled_slope","Southern","occurrence10_k3_tropical_temperate_polar","Transitional","Warmhouse",1,2,-0.27176246867943,NA,NA,NA
"per_cell_balanced_resampling_OLS","median_resampled_slope","Southern","occurrence10_k3_tropical_temperate_polar","Transitional","Hothouse",1,3,-0.319026920666797,NA,NA,NA
"per_cell_balanced_resampling_OLS","median_resampled_slope","Southern","collection5_k1_tropical_temperate","Coldhouse","Hothouse",9,9,-0.902399952145548,9,0.00309665908702214,0.0309665908702214
"per_cell_balanced_resampling_OLS","median_resampled_slope","Southern","collection5_k1_tropical_temperate","Coldhouse","Warmhouse",9,7,-0.601924135416589,8,0.0074545795581525,0.0372728977907625
"per_cell_balanced_resampling_OLS","median_resampled_slope","Southern","collection5_k1_tropical_temperate","Transitional","Hothouse",10,9,-0.502324075483926,19,0.0186682079603314,0.0622273598677714
"per_cell_balanced_resampling_OLS","median_resampled_slope","Southern","collection5_k1_tropical_temperate","Coldhouse","Coolhouse",9,16,-0.368849854297983,41,0.0421087584557445,0.0701812640929075
"per_cell_balanced_resampling_OLS","median_resampled_slope","Southern","collection5_k1_tropical_temperate","Coldhouse","Transitional",9,10,-0.400075876661622,23,0.0395896747877853,0.0701812640929075
"per_cell_balanced_resampling_OLS","median_resampled_slope","Southern","collection5_k1_tropical_temperate","Warmhouse","Hothouse",7,9,-0.300475816728959,14,0.0359721177265917,0.0701812640929075
"per_cell_balanced_resampling_OLS","median_resampled_slope","Southern","collection5_k1_tropical_temperate","Coolhouse","Hothouse",16,9,-0.533550097847565,55,0.175118792409497,0.250169703442139
"per_cell_balanced_resampling_OLS","median_resampled_slope","Southern","collection5_k1_tropical_temperate","Transitional","Warmhouse",10,7,-0.201848258754967,26,0.203406508710487,0.254258135888108
"per_cell_balanced_resampling_OLS","median_resampled_slope","Southern","collection5_k1_tropical_temperate","Coolhouse","Warmhouse",16,7,-0.233074281118606,48,0.308145155687049,0.342383506318943
"per_cell_balanced_resampling_OLS","median_resampled_slope","Southern","collection5_k1_tropical_temperate","Coolhouse","Transitional",16,10,-0.0312260223636388,87,0.65368360797902,0.65368360797902
"per_cell_balanced_resampling_OLS","median_resampled_slope","Southern","collection5_k1_tropical_temperate_polar","Transitional","Hothouse",7,4,-0.629016502299184,0,0.0053667080514986,0.053667080514986
"per_cell_balanced_resampling_OLS","median_resampled_slope","Southern","collection5_k1_tropical_temperate_polar","Coolhouse","Hothouse",9,4,-0.676506075628655,3,0.0126301508160062,0.0631507540800311
"per_cell_balanced_resampling_OLS","median_resampled_slope","Southern","collection5_k1_tropical_temperate_polar","Warmhouse","Hothouse",4,4,-0.391016157643758,1,0.030300984856003,0.101003282853344
"per_cell_balanced_resampling_OLS","median_resampled_slope","Southern","collection5_k1_tropical_temperate_polar","Coldhouse","Hothouse",2,4,-0.584871280381808,0,0.0525962525600207,0.131490631400052
"per_cell_balanced_resampling_OLS","median_resampled_slope","Southern","collection5_k1_tropical_temperate_polar","Coolhouse","Warmhouse",9,4,-0.285489917984897,11,0.157937239915245,0.263228733192075
"per_cell_balanced_resampling_OLS","median_resampled_slope","Southern","collection5_k1_tropical_temperate_polar","Transitional","Warmhouse",7,4,-0.238000344655426,8,0.149308837224405,0.263228733192075
"per_cell_balanced_resampling_OLS","median_resampled_slope","Southern","collection5_k1_tropical_temperate_polar","Coldhouse","Warmhouse",2,4,-0.19385512273805,2,0.243726645182017,0.348180921688596
"per_cell_balanced_resampling_OLS","median_resampled_slope","Southern","collection5_k1_tropical_temperate_polar","Coolhouse","Transitional",9,7,-0.0474895733294708,27,0.33599993550481,0.419999919381012
"per_cell_balanced_resampling_OLS","median_resampled_slope","Southern","collection5_k1_tropical_temperate_polar","Coldhouse","Transitional",2,7,0.0441452219173765,8,0.669725397399163,0.744139330443515
"per_cell_balanced_resampling_OLS","median_resampled_slope","Southern","collection5_k1_tropical_temperate_polar","Coldhouse","Coolhouse",2,9,0.0916347952468473,14,0.902574675695565,0.902574675695565
"per_cell_balanced_resampling_OLS","median_resampled_slope","Southern","collection5_k2_tropical_temperate","Coldhouse","Warmhouse",3,4,-0.758998153221176,0,0.0259149636089548,0.100171343231444
"per_cell_balanced_resampling_OLS","median_resampled_slope","Southern","collection5_k2_tropical_temperate","Coldhouse","Hothouse",3,5,-0.902399952145548,0,0.0184442128535249,0.100171343231444
"per_cell_balanced_resampling_OLS","median_resampled_slope","Southern","collection5_k2_tropical_temperate","Transitional","Hothouse",5,5,-0.564064852781001,3,0.0300514029694332,0.100171343231444
"per_cell_balanced_resampling_OLS","median_resampled_slope","Southern","collection5_k2_tropical_temperate","Coldhouse","Coolhouse",3,8,-0.411158028219425,4,0.06289321231947,0.157233030798675
"per_cell_balanced_resampling_OLS","median_resampled_slope","Southern","collection5_k2_tropical_temperate","Warmhouse","Hothouse",4,5,-0.143401798924372,4,0.0889547974934913,0.177909594986983
"per_cell_balanced_resampling_OLS","median_resampled_slope","Southern","collection5_k2_tropical_temperate","Transitional","Warmhouse",5,4,-0.420663053856629,5,0.13517207032739,0.225286783878983
"per_cell_balanced_resampling_OLS","median_resampled_slope","Southern","collection5_k2_tropical_temperate","Coldhouse","Transitional",3,5,-0.338335099364546,4,0.185546684761349,0.262969902104333
"per_cell_balanced_resampling_OLS","median_resampled_slope","Southern","collection5_k2_tropical_temperate","Coolhouse","Hothouse",8,5,-0.491241923926122,14,0.210375921683466,0.262969902104333
"per_cell_balanced_resampling_OLS","median_resampled_slope","Southern","collection5_k2_tropical_temperate","Coolhouse","Warmhouse",8,4,-0.34784012500175,13,0.335562729194906,0.372847476883229
"per_cell_balanced_resampling_OLS","median_resampled_slope","Southern","collection5_k2_tropical_temperate","Coolhouse","Transitional",8,5,0.0728229288548792,28,0.893300372811819,0.893300372811819
"per_cell_balanced_resampling_OLS","median_resampled_slope","Southern","collection5_k2_tropical_temperate_polar","Coolhouse","Warmhouse",4,2,-0.411971640708325,0,0.0525962525600207,0.148914673178766
"per_cell_balanced_resampling_OLS","median_resampled_slope","Southern","collection5_k2_tropical_temperate_polar","Coolhouse","Hothouse",4,3,-0.555373439632698,0,0.0259149636089548,0.148914673178766
"per_cell_balanced_resampling_OLS","median_resampled_slope","Southern","collection5_k2_tropical_temperate_polar","Transitional","Hothouse",2,3,-0.424621925745372,0,0.0744573365893828,0.148914673178766
"per_cell_balanced_resampling_OLS","median_resampled_slope","Southern","collection5_k2_tropical_temperate_polar","Transitional","Warmhouse",2,2,-0.281220126821,0,0.122639058403386,0.18395858760508
"per_cell_balanced_resampling_OLS","median_resampled_slope","Southern","collection5_k2_tropical_temperate_polar","Warmhouse","Hothouse",2,3,-0.143401798924372,1,0.193238115385616,0.23188573846274
"per_cell_balanced_resampling_OLS","median_resampled_slope","Southern","collection5_k2_tropical_temperate_polar","Coolhouse","Transitional",4,2,-0.130751513887325,3,0.408480660857696,0.408480660857696
"per_cell_balanced_resampling_OLS","median_resampled_slope","Southern","collection5_k2_tropical_temperate_polar","Coldhouse","Coolhouse",0,4,NA,NA,NA,NA
"per_cell_balanced_resampling_OLS","median_resampled_slope","Southern","collection5_k2_tropical_temperate_polar","Coldhouse","Transitional",0,2,NA,NA,NA,NA
"per_cell_balanced_resampling_OLS","median_resampled_slope","Southern","collection5_k2_tropical_temperate_polar","Coldhouse","Warmhouse",0,2,NA,NA,NA,NA
"per_cell_balanced_resampling_OLS","median_resampled_slope","Southern","collection5_k2_tropical_temperate_polar","Coldhouse","Hothouse",0,3,NA,NA,NA,NA
"per_cell_balanced_resampling_OLS","median_resampled_slope","Southern","collection5_k3_tropical_temperate","Coolhouse","Warmhouse",4,4,-0.425568273827399,1,0.030300984856003,0.157788757680062
"per_cell_balanced_resampling_OLS","median_resampled_slope","Southern","collection5_k3_tropical_temperate","Coolhouse","Hothouse",4,2,-0.452005593574295,0,0.0525962525600207,0.157788757680062
"per_cell_balanced_resampling_OLS","median_resampled_slope","Southern","collection5_k3_tropical_temperate","Coolhouse","Transitional",4,3,-0.283791074042028,4,0.297941545282589,0.429841897599333
"per_cell_balanced_resampling_OLS","median_resampled_slope","Southern","collection5_k3_tropical_temperate","Transitional","Warmhouse",3,4,-0.141777199785371,5,0.429841897599333,0.429841897599333
"per_cell_balanced_resampling_OLS","median_resampled_slope","Southern","collection5_k3_tropical_temperate","Transitional","Hothouse",3,2,-0.168214519532267,2,0.386414996342224,0.429841897599333
"per_cell_balanced_resampling_OLS","median_resampled_slope","Southern","collection5_k3_tropical_temperate","Warmhouse","Hothouse",4,2,-0.026437319746896,3,0.408480660857696,0.429841897599333
"per_cell_balanced_resampling_OLS","median_resampled_slope","Southern","collection5_k3_tropical_temperate","Coldhouse","Coolhouse",0,4,NA,NA,NA,NA
"per_cell_balanced_resampling_OLS","median_resampled_slope","Southern","collection5_k3_tropical_temperate","Coldhouse","Transitional",0,3,NA,NA,NA,NA
"per_cell_balanced_resampling_OLS","median_resampled_slope","Southern","collection5_k3_tropical_temperate","Coldhouse","Warmhouse",0,4,NA,NA,NA,NA
"per_cell_balanced_resampling_OLS","median_resampled_slope","Southern","collection5_k3_tropical_temperate","Coldhouse","Hothouse",0,2,NA,NA,NA,NA
"per_cell_balanced_resampling_OLS","median_resampled_slope","Southern","collection5_k3_tropical_temperate_polar","Coolhouse","Warmhouse",3,2,-0.411374202345175,0,0.0744573365893828,0.0744573365893828
"per_cell_balanced_resampling_OLS","median_resampled_slope","Southern","collection5_k3_tropical_temperate_polar","Coldhouse","Coolhouse",0,3,NA,NA,NA,NA
"per_cell_balanced_resampling_OLS","median_resampled_slope","Southern","collection5_k3_tropical_temperate_polar","Coldhouse","Transitional",0,1,NA,NA,NA,NA
"per_cell_balanced_resampling_OLS","median_resampled_slope","Southern","collection5_k3_tropical_temperate_polar","Coldhouse","Warmhouse",0,2,NA,NA,NA,NA
"per_cell_balanced_resampling_OLS","median_resampled_slope","Southern","collection5_k3_tropical_temperate_polar","Coldhouse","Hothouse",0,1,NA,NA,NA,NA
"per_cell_balanced_resampling_OLS","median_resampled_slope","Southern","collection5_k3_tropical_temperate_polar","Coolhouse","Transitional",3,1,-0.269597002559804,NA,NA,NA
"per_cell_balanced_resampling_OLS","median_resampled_slope","Southern","collection5_k3_tropical_temperate_polar","Coolhouse","Hothouse",3,1,-0.320847042914595,NA,NA,NA
"per_cell_balanced_resampling_OLS","median_resampled_slope","Southern","collection5_k3_tropical_temperate_polar","Transitional","Warmhouse",1,2,-0.141777199785371,NA,NA,NA
"per_cell_balanced_resampling_OLS","median_resampled_slope","Southern","collection5_k3_tropical_temperate_polar","Transitional","Hothouse",1,1,-0.0512500403547911,NA,NA,NA
"per_cell_balanced_resampling_OLS","median_resampled_slope","Southern","collection5_k3_tropical_temperate_polar","Warmhouse","Hothouse",2,1,0.0905271594305802,NA,NA,NA
"per_cell_balanced_resampling_OLS","median_resampled_slope","Southern","collection10_k1_tropical_temperate","Coldhouse","Hothouse",5,7,-1.34449105316817,0,0.00288306045711863,0.0163404029356067
"per_cell_balanced_resampling_OLS","median_resampled_slope","Southern","collection10_k1_tropical_temperate","Transitional","Hothouse",8,7,-0.763288928553307,4,0.00326808058712134,0.0163404029356067
"per_cell_balanced_resampling_OLS","median_resampled_slope","Southern","collection10_k1_tropical_temperate","Coldhouse","Warmhouse",5,6,-0.969728560642264,2,0.0112394366830626,0.0335114133944948
"per_cell_balanced_resampling_OLS","median_resampled_slope","Southern","collection10_k1_tropical_temperate","Warmhouse","Hothouse",6,7,-0.374762492525906,5,0.0134045653577979,0.0335114133944948
"per_cell_balanced_resampling_OLS","median_resampled_slope","Southern","collection10_k1_tropical_temperate","Coolhouse","Hothouse",12,7,-0.580454041268373,18,0.0235104168842367,0.0470208337684733
"per_cell_balanced_resampling_OLS","median_resampled_slope","Southern","collection10_k1_tropical_temperate","Coldhouse","Coolhouse",5,12,-0.764037011899796,12,0.0325433632463834,0.0542389387439723
"per_cell_balanced_resampling_OLS","median_resampled_slope","Southern","collection10_k1_tropical_temperate","Transitional","Warmhouse",8,6,-0.388526436027401,11,0.0532915847874438,0.076130835410634
"per_cell_balanced_resampling_OLS","median_resampled_slope","Southern","collection10_k1_tropical_temperate","Coldhouse","Transitional",5,8,-0.581202124614863,9,0.0621414370312762,0.0776767962890952
"per_cell_balanced_resampling_OLS","median_resampled_slope","Southern","collection10_k1_tropical_temperate","Coolhouse","Warmhouse",12,6,-0.205691548742467,28,0.241202603583113,0.268002892870125
"per_cell_balanced_resampling_OLS","median_resampled_slope","Southern","collection10_k1_tropical_temperate","Coolhouse","Transitional",12,8,0.182834887284934,61,0.851189266054442,0.851189266054442
"per_cell_balanced_resampling_OLS","median_resampled_slope","Southern","collection10_k1_tropical_temperate_polar","Coolhouse","Hothouse",4,3,-0.681124891574516,0,0.0259149636089548,0.0777448908268645
"per_cell_balanced_resampling_OLS","median_resampled_slope","Southern","collection10_k1_tropical_temperate_polar","Transitional","Hothouse",5,3,-0.767843848844496,0,0.0184442128535249,0.0777448908268645
"per_cell_balanced_resampling_OLS","median_resampled_slope","Southern","collection10_k1_tropical_temperate_polar","Warmhouse","Hothouse",4,3,-0.374762492525906,1,0.0558058841491461,0.111611768298292
"per_cell_balanced_resampling_OLS","median_resampled_slope","Southern","collection10_k1_tropical_temperate_polar","Coolhouse","Warmhouse",4,4,-0.30636239904861,3,0.0969654261412053,0.116358511369446
"per_cell_balanced_resampling_OLS","median_resampled_slope","Southern","collection10_k1_tropical_temperate_polar","Transitional","Warmhouse",5,4,-0.39308135631859,4,0.0889547974934913,0.116358511369446
"per_cell_balanced_resampling_OLS","median_resampled_slope","Southern","collection10_k1_tropical_temperate_polar","Coolhouse","Transitional",4,5,0.0867189572699806,10,0.54873837491116,0.54873837491116
"per_cell_balanced_resampling_OLS","median_resampled_slope","Southern","collection10_k1_tropical_temperate_polar","Coldhouse","Coolhouse",1,4,0.158477124251297,NA,NA,NA
"per_cell_balanced_resampling_OLS","median_resampled_slope","Southern","collection10_k1_tropical_temperate_polar","Coldhouse","Transitional",1,5,0.245196081521277,NA,NA,NA
"per_cell_balanced_resampling_OLS","median_resampled_slope","Southern","collection10_k1_tropical_temperate_polar","Coldhouse","Warmhouse",1,4,-0.147885274797313,NA,NA,NA
"per_cell_balanced_resampling_OLS","median_resampled_slope","Southern","collection10_k1_tropical_temperate_polar","Coldhouse","Hothouse",1,3,-0.522647767323219,NA,NA,NA
"per_cell_balanced_resampling_OLS","median_resampled_slope","Southern","collection10_k2_tropical_temperate","Coolhouse","Warmhouse",3,4,-0.409785050863035,0,0.0259149636089548,0.102027846085608
"per_cell_balanced_resampling_OLS","median_resampled_slope","Southern","collection10_k2_tropical_temperate","Coolhouse","Hothouse",3,3,-0.622711483795629,0,0.0404277991850261,0.102027846085608
"per_cell_balanced_resampling_OLS","median_resampled_slope","Southern","collection10_k2_tropical_temperate","Transitional","Hothouse",5,3,-0.767843848844496,2,0.0680185640570718,0.102027846085608
"per_cell_balanced_resampling_OLS","median_resampled_slope","Southern","collection10_k2_tropical_temperate","Warmhouse","Hothouse",4,3,-0.212926432932593,1,0.0558058841491461,0.102027846085608
"per_cell_balanced_resampling_OLS","median_resampled_slope","Southern","collection10_k2_tropical_temperate","Transitional","Warmhouse",5,4,-0.554917415911903,6,0.19563363964132,0.234760367569584
"per_cell_balanced_resampling_OLS","median_resampled_slope","Southern","collection10_k2_tropical_temperate","Coolhouse","Transitional",3,5,0.145132365048867,9,0.724507506207453,0.724507506207453
"per_cell_balanced_resampling_OLS","median_resampled_slope","Southern","collection10_k2_tropical_temperate","Coldhouse","Coolhouse",1,3,-0.721779569372541,NA,NA,NA
"per_cell_balanced_resampling_OLS","median_resampled_slope","Southern","collection10_k2_tropical_temperate","Coldhouse","Transitional",1,5,-0.576647204323673,NA,NA,NA
"per_cell_balanced_resampling_OLS","median_resampled_slope","Southern","collection10_k2_tropical_temperate","Coldhouse","Warmhouse",1,4,-1.13156462023558,NA,NA,NA
"per_cell_balanced_resampling_OLS","median_resampled_slope","Southern","collection10_k2_tropical_temperate","Coldhouse","Hothouse",1,3,-1.34449105316817,NA,NA,NA
"per_cell_balanced_resampling_OLS","median_resampled_slope","Southern","collection10_k2_tropical_temperate_polar","Coolhouse","Warmhouse",2,2,-0.382327194263324,0,0.122639058403386,0.18395858760508
"per_cell_balanced_resampling_OLS","median_resampled_slope","Southern","collection10_k2_tropical_temperate_polar","Coolhouse","Hothouse",2,3,-0.580990704876936,0,0.0744573365893828,0.18395858760508
"per_cell_balanced_resampling_OLS","median_resampled_slope","Southern","collection10_k2_tropical_temperate_polar","Warmhouse","Hothouse",2,3,-0.198663510613613,1,0.193238115385616,0.193238115385616
"per_cell_balanced_resampling_OLS","median_resampled_slope","Southern","collection10_k2_tropical_temperate_polar","Coldhouse","Coolhouse",0,2,NA,NA,NA,NA
"per_cell_balanced_resampling_OLS","median_resampled_slope","Southern","collection10_k2_tropical_temperate_polar","Coldhouse","Transitional",0,1,NA,NA,NA,NA
"per_cell_balanced_resampling_OLS","median_resampled_slope","Southern","collection10_k2_tropical_temperate_polar","Coldhouse","Warmhouse",0,2,NA,NA,NA,NA
"per_cell_balanced_resampling_OLS","median_resampled_slope","Southern","collection10_k2_tropical_temperate_polar","Coldhouse","Hothouse",0,3,NA,NA,NA,NA
"per_cell_balanced_resampling_OLS","median_resampled_slope","Southern","collection10_k2_tropical_temperate_polar","Coolhouse","Transitional",2,1,0.18685314396756,NA,NA,NA
"per_cell_balanced_resampling_OLS","median_resampled_slope","Southern","collection10_k2_tropical_temperate_polar","Transitional","Warmhouse",1,2,-0.569180338230884,NA,NA,NA
"per_cell_balanced_resampling_OLS","median_resampled_slope","Southern","collection10_k2_tropical_temperate_polar","Transitional","Hothouse",1,3,-0.767843848844496,NA,NA,NA
"per_cell_balanced_resampling_OLS","median_resampled_slope","Southern","collection10_k3_tropical_temperate","Warmhouse","Hothouse",4,2,-0.187585226610205,1,0.123579986605954,0.123579986605954
"per_cell_balanced_resampling_OLS","median_resampled_slope","Southern","collection10_k3_tropical_temperate","Coldhouse","Coolhouse",0,0,NA,NA,NA,NA
"per_cell_balanced_resampling_OLS","median_resampled_slope","Southern","collection10_k3_tropical_temperate","Coldhouse","Transitional",0,1,NA,NA,NA,NA
"per_cell_balanced_resampling_OLS","median_resampled_slope","Southern","collection10_k3_tropical_temperate","Coldhouse","Warmhouse",0,4,NA,NA,NA,NA
"per_cell_balanced_resampling_OLS","median_resampled_slope","Southern","collection10_k3_tropical_temperate","Coldhouse","Hothouse",0,2,NA,NA,NA,NA
"per_cell_balanced_resampling_OLS","median_resampled_slope","Southern","collection10_k3_tropical_temperate","Coolhouse","Transitional",0,1,NA,NA,NA,NA
"per_cell_balanced_resampling_OLS","median_resampled_slope","Southern","collection10_k3_tropical_temperate","Coolhouse","Warmhouse",0,4,NA,NA,NA,NA
"per_cell_balanced_resampling_OLS","median_resampled_slope","Southern","collection10_k3_tropical_temperate","Coolhouse","Hothouse",0,2,NA,NA,NA,NA
"per_cell_balanced_resampling_OLS","median_resampled_slope","Southern","collection10_k3_tropical_temperate","Transitional","Warmhouse",1,4,-0.0844039177349442,NA,NA,NA
"per_cell_balanced_resampling_OLS","median_resampled_slope","Southern","collection10_k3_tropical_temperate","Transitional","Hothouse",1,2,-0.271989144345149,NA,NA,NA
"per_cell_balanced_resampling_OLS","median_resampled_slope","Southern","collection10_k3_tropical_temperate_polar","Coldhouse","Coolhouse",0,0,NA,NA,NA,NA
"per_cell_balanced_resampling_OLS","median_resampled_slope","Southern","collection10_k3_tropical_temperate_polar","Coldhouse","Transitional",0,0,NA,NA,NA,NA
"per_cell_balanced_resampling_OLS","median_resampled_slope","Southern","collection10_k3_tropical_temperate_polar","Coldhouse","Warmhouse",0,1,NA,NA,NA,NA
"per_cell_balanced_resampling_OLS","median_resampled_slope","Southern","collection10_k3_tropical_temperate_polar","Coldhouse","Hothouse",0,1,NA,NA,NA,NA
"per_cell_balanced_resampling_OLS","median_resampled_slope","Southern","collection10_k3_tropical_temperate_polar","Coolhouse","Transitional",0,0,NA,NA,NA,NA
"per_cell_balanced_resampling_OLS","median_resampled_slope","Southern","collection10_k3_tropical_temperate_polar","Coolhouse","Warmhouse",0,1,NA,NA,NA,NA
"per_cell_balanced_resampling_OLS","median_resampled_slope","Southern","collection10_k3_tropical_temperate_polar","Coolhouse","Hothouse",0,1,NA,NA,NA,NA
"per_cell_balanced_resampling_OLS","median_resampled_slope","Southern","collection10_k3_tropical_temperate_polar","Transitional","Warmhouse",0,1,NA,NA,NA,NA
"per_cell_balanced_resampling_OLS","median_resampled_slope","Southern","collection10_k3_tropical_temperate_polar","Transitional","Hothouse",0,1,NA,NA,NA,NA
"per_cell_balanced_resampling_OLS","median_resampled_slope","Southern","collection10_k3_tropical_temperate_polar","Warmhouse","Hothouse",1,1,-0.321697443666643,NA,NA,NA
"percentile_latbin_OLS","q50","Combined","occurrence5_k1_tropical_temperate","Coldhouse","Transitional",21,25,-0.490400456780907,95,0.000115341616669482,0.000788937671282864
"percentile_latbin_OLS","q50","Combined","occurrence5_k1_tropical_temperate","Coldhouse","Warmhouse",21,19,-0.467621564379291,66,0.000157787534256573,0.000788937671282864
"percentile_latbin_OLS","q50","Combined","occurrence5_k1_tropical_temperate","Coldhouse","Hothouse",21,22,-0.473308296815437,99,0.000699186508464629,0.0023306216948821
"percentile_latbin_OLS","q50","Combined","occurrence5_k1_tropical_temperate","Coldhouse","Coolhouse",21,31,-0.28131271517475,223,0.0285707353677868,0.0571414707355735
"percentile_latbin_OLS","q50","Combined","occurrence5_k1_tropical_temperate","Coolhouse","Warmhouse",31,19,-0.186308849204541,198,0.0275077866296545,0.0571414707355735
"percentile_latbin_OLS","q50","Combined","occurrence5_k1_tropical_temperate","Coolhouse","Transitional",31,25,-0.209087741606156,293,0.0606570914057048,0.0866529877224354
"percentile_latbin_OLS","q50","Combined","occurrence5_k1_tropical_temperate","Coolhouse","Hothouse",31,22,-0.191995581640687,254,0.0592132223697681,0.0866529877224354
"percentile_latbin_OLS","q50","Combined","occurrence5_k1_tropical_temperate","Transitional","Warmhouse",25,19,0.0227788924016153,229,0.42483024252134,0.472033602801489
"percentile_latbin_OLS","q50","Combined","occurrence5_k1_tropical_temperate","Transitional","Hothouse",25,22,0.0170921599654694,261,0.38674189339472,0.472033602801489
"percentile_latbin_OLS","q50","Combined","occurrence5_k1_tropical_temperate","Warmhouse","Hothouse",19,22,-0.00568673243614586,208,0.494785105361296,0.494785105361296
"percentile_latbin_OLS","q50","Combined","occurrence5_k1_tropical_temperate_polar","Coldhouse","Transitional",8,14,-0.411899990705974,16,0.00350921675554135,0.0129599681991355
"percentile_latbin_OLS","q50","Combined","occurrence5_k1_tropical_temperate_polar","Coldhouse","Hothouse",8,10,-0.548236870046577,6,0.00145754292918706,0.0129599681991355
"percentile_latbin_OLS","q50","Combined","occurrence5_k1_tropical_temperate_polar","Coolhouse","Hothouse",20,10,-0.243384888787444,39,0.00388799045974064,0.0129599681991355
"percentile_latbin_OLS","q50","Combined","occurrence5_k1_tropical_temperate_polar","Coldhouse","Warmhouse",8,12,-0.439564943014397,17,0.00930816017782372,0.0232704004445593
"percentile_latbin_OLS","q50","Combined","occurrence5_k1_tropical_temperate_polar","Transitional","Hothouse",14,10,-0.136336879340603,37,0.0285199371245278,0.0570398742490555
"percentile_latbin_OLS","q50","Combined","occurrence5_k1_tropical_temperate_polar","Coldhouse","Coolhouse",8,20,-0.304851981259133,46,0.0442246910220842,0.0737078183701404
"percentile_latbin_OLS","q50","Combined","occurrence5_k1_tropical_temperate_polar","Coolhouse","Warmhouse",20,12,-0.134712961755264,80,0.0620811247483277,0.0886873210690395
"percentile_latbin_OLS","q50","Combined","occurrence5_k1_tropical_temperate_polar","Coolhouse","Transitional",20,14,-0.107048009446841,108,0.13517207032739,0.168965087909238
"percentile_latbin_OLS","q50","Combined","occurrence5_k1_tropical_temperate_polar","Warmhouse","Hothouse",12,10,-0.108671927032179,47,0.204905694165468,0.227672993517187
"percentile_latbin_OLS","q50","Combined","occurrence5_k1_tropical_temperate_polar","Transitional","Warmhouse",14,12,-0.0276649523084232,74,0.312552799775328,0.312552799775328
"percentile_latbin_OLS","q50","Combined","occurrence5_k2_tropical_temperate","Coldhouse","Transitional",12,15,-0.462970080777307,18,0.000242558210872809,0.00168740963521258
"percentile_latbin_OLS","q50","Combined","occurrence5_k2_tropical_temperate","Coldhouse","Warmhouse",12,13,-0.423526804622122,15,0.000337481927042515,0.00168740963521258
"percentile_latbin_OLS","q50","Combined","occurrence5_k2_tropical_temperate","Coldhouse","Hothouse",12,11,-0.510788729487521,13,0.000616462559172399,0.00205487519724133
"percentile_latbin_OLS","q50","Combined","occurrence5_k2_tropical_temperate","Coldhouse","Coolhouse",12,20,-0.297146034743642,70,0.0270032218560425,0.0675080546401062
"percentile_latbin_OLS","q50","Combined","occurrence5_k2_tropical_temperate","Coolhouse","Transitional",20,15,-0.165824046033665,100,0.0494714680336481,0.0799598902604455
"percentile_latbin_OLS","q50","Combined","occurrence5_k2_tropical_temperate","Coolhouse","Warmhouse",20,13,-0.126380769878479,85,0.0505494476569839,0.0799598902604455
"percentile_latbin_OLS","q50","Combined","occurrence5_k2_tropical_temperate","Coolhouse","Hothouse",20,11,-0.213642694743879,71,0.0559719231823119,0.0799598902604455
"percentile_latbin_OLS","q50","Combined","occurrence5_k2_tropical_temperate","Warmhouse","Hothouse",13,11,-0.0872619248653994,67,0.408367579101331,0.510459473876663
"percentile_latbin_OLS","q50","Combined","occurrence5_k2_tropical_temperate","Transitional","Hothouse",15,11,-0.0478186487102142,84,0.541335910904045,0.601484345448939
"percentile_latbin_OLS","q50","Combined","occurrence5_k2_tropical_temperate","Transitional","Warmhouse",15,13,0.0394432761551851,107,0.677476367657106,0.677476367657106
"percentile_latbin_OLS","q50","Combined","occurrence5_k2_tropical_temperate_polar","Coldhouse","Coolhouse",3,13,-0.283990697848388,4,0.0217946734675793,0.0363244557792989
"percentile_latbin_OLS","q50","Combined","occurrence5_k2_tropical_temperate_polar","Coldhouse","Transitional",3,5,-0.292380512387053,0,0.0184442128535249,0.0363244557792989
"percentile_latbin_OLS","q50","Combined","occurrence5_k2_tropical_temperate_polar","Coldhouse","Warmhouse",3,6,-0.476358219265445,0,0.0140929010739537,0.0363244557792989
"percentile_latbin_OLS","q50","Combined","occurrence5_k2_tropical_temperate_polar","Coldhouse","Hothouse",3,5,-0.604808345093304,0,0.0184442128535249,0.0363244557792989
"percentile_latbin_OLS","q50","Combined","occurrence5_k2_tropical_temperate_polar","Coolhouse","Warmhouse",13,6,-0.192367521417057,15,0.0196474016321262,0.0363244557792989
"percentile_latbin_OLS","q50","Combined","occurrence5_k2_tropical_temperate_polar","Coolhouse","Hothouse",13,5,-0.320817647244916,10,0.0150564620919692,0.0363244557792989
"percentile_latbin_OLS","q50","Combined","occurrence5_k2_tropical_temperate_polar","Transitional","Hothouse",5,5,-0.312427832706251,3,0.0300514029694332,0.0429305756706188
"percentile_latbin_OLS","q50","Combined","occurrence5_k2_tropical_temperate_polar","Transitional","Warmhouse",5,6,-0.183977706878392,7,0.0854517601153987,0.106814700144248
"percentile_latbin_OLS","q50","Combined","occurrence5_k2_tropical_temperate_polar","Coolhouse","Transitional",13,5,-0.00838981453866514,28,0.346683012616634,0.346683012616634
"percentile_latbin_OLS","q50","Combined","occurrence5_k2_tropical_temperate_polar","Warmhouse","Hothouse",6,5,-0.128450125827859,12,0.324038434069573,0.346683012616634
"percentile_latbin_OLS","q50","Combined","occurrence5_k3_tropical_temperate","Coldhouse","Transitional",5,9,-0.513536291778644,2,0.00383038056758974,0.0383038056758974
"percentile_latbin_OLS","q50","Combined","occurrence5_k3_tropical_temperate","Coldhouse","Warmhouse",5,10,-0.404428620495307,7,0.0160443669891157,0.0534812232970522
"percentile_latbin_OLS","q50","Combined","occurrence5_k3_tropical_temperate","Coldhouse","Hothouse",5,7,-0.604808345093304,3,0.0114951970462325,0.0534812232970522
"percentile_latbin_OLS","q50","Combined","occurrence5_k3_tropical_temperate","Coolhouse","Transitional",8,9,-0.222942206269891,22,0.0969654261412053,0.242413565353013
"percentile_latbin_OLS","q50","Combined","occurrence5_k3_tropical_temperate","Coldhouse","Coolhouse",5,8,-0.290594085508753,13,0.170674656977379,0.284457761628966
"percentile_latbin_OLS","q50","Combined","occurrence5_k3_tropical_temperate","Coolhouse","Hothouse",8,7,-0.314214259584551,19,0.162635489987106,0.284457761628966
"percentile_latbin_OLS","q50","Combined","occurrence5_k3_tropical_temperate","Coolhouse","Warmhouse",8,10,-0.113834534986554,33,0.281787310130486,0.352234137663108
"percentile_latbin_OLS","q50","Combined","occurrence5_k3_tropical_temperate","Warmhouse","Hothouse",10,7,-0.200379724597997,28,0.262931094342383,0.352234137663108
"percentile_latbin_OLS","q50","Combined","occurrence5_k3_tropical_temperate","Transitional","Hothouse",9,7,-0.0912720533146595,37,0.737320797766879,0.819245330852088
"percentile_latbin_OLS","q50","Combined","occurrence5_k3_tropical_temperate","Transitional","Warmhouse",9,10,0.109107671283337,65,0.95291681228106,0.95291681228106
"percentile_latbin_OLS","q50","Combined","occurrence5_k3_tropical_temperate_polar","Coolhouse","Warmhouse",3,4,-0.26962815689301,2,0.10796246947007,0.247159973211907
"percentile_latbin_OLS","q50","Combined","occurrence5_k3_tropical_temperate_polar","Coolhouse","Hothouse",3,4,-0.323043055990845,1,0.0558058841491461,0.247159973211907
"percentile_latbin_OLS","q50","Combined","occurrence5_k3_tropical_temperate_polar","Transitional","Hothouse",2,4,-0.129052349418685,1,0.123579986605954,0.247159973211907
"percentile_latbin_OLS","q50","Combined","occurrence5_k3_tropical_temperate_polar","Coolhouse","Transitional",3,2,-0.19399070657216,2,0.386414996342224,0.463697995610668
"percentile_latbin_OLS","q50","Combined","occurrence5_k3_tropical_temperate_polar","Warmhouse","Hothouse",4,4,-0.0534148990978352,6,0.332502771051015,0.463697995610668
"percentile_latbin_OLS","q50","Combined","occurrence5_k3_tropical_temperate_polar","Transitional","Warmhouse",2,4,-0.0756374503208501,4,0.591519339142304,0.591519339142304
"percentile_latbin_OLS","q50","Combined","occurrence5_k3_tropical_temperate_polar","Coldhouse","Coolhouse",1,3,-0.354263342886569,NA,NA,NA
"percentile_latbin_OLS","q50","Combined","occurrence5_k3_tropical_temperate_polar","Coldhouse","Transitional",1,2,-0.548254049458728,NA,NA,NA
"percentile_latbin_OLS","q50","Combined","occurrence5_k3_tropical_temperate_polar","Coldhouse","Warmhouse",1,4,-0.623891499779579,NA,NA,NA
"percentile_latbin_OLS","q50","Combined","occurrence5_k3_tropical_temperate_polar","Coldhouse","Hothouse",1,4,-0.677306398877414,NA,NA,NA
"percentile_latbin_OLS","q50","Combined","occurrence10_k1_tropical_temperate","Coldhouse","Hothouse",21,19,-0.561717340431676,46,1.70764068160435e-05,0.000170764068160435
"percentile_latbin_OLS","q50","Combined","occurrence10_k1_tropical_temperate","Coldhouse","Warmhouse",21,17,-0.52055839722305,56,0.000170710665860387,0.000853553329301934
"percentile_latbin_OLS","q50","Combined","occurrence10_k1_tropical_temperate","Coldhouse","Transitional",21,23,-0.366392663932716,107,0.00082031141019465,0.0027343713673155
"percentile_latbin_OLS","q50","Combined","occurrence10_k1_tropical_temperate","Coolhouse","Hothouse",31,19,-0.306441374727817,157,0.00308862996363976,0.0077215749090994
"percentile_latbin_OLS","q50","Combined","occurrence10_k1_tropical_temperate","Transitional","Hothouse",23,19,-0.19532467649896,130,0.0130804996827318,0.0261609993654635
"percentile_latbin_OLS","q50","Combined","occurrence10_k1_tropical_temperate","Coldhouse","Coolhouse",21,31,-0.25527596570386,230,0.0382236706885535,0.0546052438407908
"percentile_latbin_OLS","q50","Combined","occurrence10_k1_tropical_temperate","Coolhouse","Warmhouse",31,17,-0.265282431519191,180,0.0367891575303925,0.0546052438407908
"percentile_latbin_OLS","q50","Combined","occurrence10_k1_tropical_temperate","Coolhouse","Transitional",31,23,-0.111116698228857,275,0.0782511549827879,0.0906897871832647
"percentile_latbin_OLS","q50","Combined","occurrence10_k1_tropical_temperate","Warmhouse","Hothouse",17,19,-0.0411589432086259,117,0.0816208084649382,0.0906897871832647
"percentile_latbin_OLS","q50","Combined","occurrence10_k1_tropical_temperate","Transitional","Warmhouse",23,17,-0.154165733290334,165,0.205883209411282,0.205883209411282
"percentile_latbin_OLS","q50","Combined","occurrence10_k1_tropical_temperate_polar","Coldhouse","Hothouse",8,8,-0.572105755667233,0,0.000469552849558595,0.00350250618429768
"percentile_latbin_OLS","q50","Combined","occurrence10_k1_tropical_temperate_polar","Coolhouse","Hothouse",18,8,-0.297715136646645,14,0.000700501236859535,0.00350250618429768
"percentile_latbin_OLS","q50","Combined","occurrence10_k1_tropical_temperate_polar","Transitional","Hothouse",12,8,-0.225626831607494,10,0.00190676594129104,0.00635588647097012
"percentile_latbin_OLS","q50","Combined","occurrence10_k1_tropical_temperate_polar","Coldhouse","Transitional",8,12,-0.346478924059739,19,0.0139452645601233,0.0294893633844076
"percentile_latbin_OLS","q50","Combined","occurrence10_k1_tropical_temperate_polar","Coldhouse","Warmhouse",8,10,-0.451928930578981,15,0.0147446816922038,0.0294893633844076
"percentile_latbin_OLS","q50","Combined","occurrence10_k1_tropical_temperate_polar","Coldhouse","Coolhouse",8,18,-0.274390619020588,41,0.0450904300488539,0.0751507167480899
"percentile_latbin_OLS","q50","Combined","occurrence10_k1_tropical_temperate_polar","Warmhouse","Hothouse",10,8,-0.120176825088252,23,0.0713154978948937,0.101879282706991
"percentile_latbin_OLS","q50","Combined","occurrence10_k1_tropical_temperate_polar","Coolhouse","Transitional",18,12,-0.0720883050391515,81,0.130966416723683,0.155933483868165
"percentile_latbin_OLS","q50","Combined","occurrence10_k1_tropical_temperate_polar","Coolhouse","Warmhouse",18,10,-0.177538311558393,67,0.140340135481348,0.155933483868165
"percentile_latbin_OLS","q50","Combined","occurrence10_k1_tropical_temperate_polar","Transitional","Warmhouse",12,10,-0.105450006519242,49,0.244358936592635,0.244358936592635
"percentile_latbin_OLS","q50","Combined","occurrence10_k2_tropical_temperate","Coldhouse","Warmhouse",10,13,-0.513726941608685,8,0.00022917881282194,0.0011458940641097
"percentile_latbin_OLS","q50","Combined","occurrence10_k2_tropical_temperate","Coldhouse","Hothouse",10,11,-0.525400336564203,3,0.000143632861619912,0.0011458940641097
"percentile_latbin_OLS","q50","Combined","occurrence10_k2_tropical_temperate","Coldhouse","Transitional",10,15,-0.38420540890416,14,0.000395484085373773,0.00131828028457924
"percentile_latbin_OLS","q50","Combined","occurrence10_k2_tropical_temperate","Coolhouse","Hothouse",18,11,-0.26758888492417,46,0.00914487139308308,0.0228621784827077
"percentile_latbin_OLS","q50","Combined","occurrence10_k2_tropical_temperate","Coldhouse","Coolhouse",10,18,-0.257811451640033,48,0.0233079899523194,0.0466159799046389
"percentile_latbin_OLS","q50","Combined","occurrence10_k2_tropical_temperate","Coolhouse","Warmhouse",18,13,-0.255915489968652,71,0.0342686517777214,0.0571144196295356
"percentile_latbin_OLS","q50","Combined","occurrence10_k2_tropical_temperate","Coolhouse","Transitional",18,15,-0.126393957264127,87,0.0429561485688211,0.0613659265268874
"percentile_latbin_OLS","q50","Combined","occurrence10_k2_tropical_temperate","Transitional","Hothouse",15,11,-0.141194927660043,65,0.188807621692229,0.236009527115286
"percentile_latbin_OLS","q50","Combined","occurrence10_k2_tropical_temperate","Warmhouse","Hothouse",13,11,-0.0116733949555178,58,0.225672350853542,0.250747056503935
"percentile_latbin_OLS","q50","Combined","occurrence10_k2_tropical_temperate","Transitional","Warmhouse",15,13,-0.129521532704525,93,0.42690420632928,0.42690420632928
"percentile_latbin_OLS","q50","Combined","occurrence10_k2_tropical_temperate_polar","Coolhouse","Warmhouse",8,4,-0.315336825285736,1,0.00689471306565113,0.0344735653282557
"percentile_latbin_OLS","q50","Combined","occurrence10_k2_tropical_temperate_polar","Coolhouse","Hothouse",8,4,-0.37896346692028,1,0.00689471306565113,0.0344735653282557
"percentile_latbin_OLS","q50","Combined","occurrence10_k2_tropical_temperate_polar","Coldhouse","Coolhouse",2,8,-0.313616812650492,0,0.0250930933844877,0.059242809890313
"percentile_latbin_OLS","q50","Combined","occurrence10_k2_tropical_temperate_polar","Coldhouse","Transitional",2,4,-0.385705117689643,0,0.0525962525600207,0.059242809890313
"percentile_latbin_OLS","q50","Combined","occurrence10_k2_tropical_temperate_polar","Coldhouse","Warmhouse",2,4,-0.628953637936227,0,0.0525962525600207,0.059242809890313
"percentile_latbin_OLS","q50","Combined","occurrence10_k2_tropical_temperate_polar","Coldhouse","Hothouse",2,4,-0.692580279570772,0,0.0525962525600207,0.059242809890313
"percentile_latbin_OLS","q50","Combined","occurrence10_k2_tropical_temperate_polar","Coolhouse","Transitional",8,4,-0.0720883050391515,6,0.0533185289012817,0.059242809890313
"percentile_latbin_OLS","q50","Combined","occurrence10_k2_tropical_temperate_polar","Transitional","Warmhouse",4,4,-0.243248520246584,1,0.030300984856003,0.059242809890313
"percentile_latbin_OLS","q50","Combined","occurrence10_k2_tropical_temperate_polar","Transitional","Hothouse",4,4,-0.306875161881129,1,0.030300984856003,0.059242809890313
"percentile_latbin_OLS","q50","Combined","occurrence10_k2_tropical_temperate_polar","Warmhouse","Hothouse",4,4,-0.0636266416345441,6,0.332502771051015,0.332502771051015
"percentile_latbin_OLS","q50","Combined","occurrence10_k3_tropical_temperate","Coldhouse","Transitional",3,7,-0.550592593567507,0,0.0113272470400447,0.046976336913179
"percentile_latbin_OLS","q50","Combined","occurrence10_k3_tropical_temperate","Coldhouse","Warmhouse",3,8,-0.606466005895275,0,0.00945177150556067,0.046976336913179
"percentile_latbin_OLS","q50","Combined","occurrence10_k3_tropical_temperate","Coldhouse","Hothouse",3,6,-0.6253318526699,0,0.0140929010739537,0.046976336913179
"percentile_latbin_OLS","q50","Combined","occurrence10_k3_tropical_temperate","Coldhouse","Coolhouse",3,8,-0.368642142376216,3,0.0413655111575512,0.103413777893878
"percentile_latbin_OLS","q50","Combined","occurrence10_k3_tropical_temperate","Coolhouse","Hothouse",8,6,-0.256689710293684,14,0.110015681790706,0.220031363581412
"percentile_latbin_OLS","q50","Combined","occurrence10_k3_tropical_temperate","Coolhouse","Transitional",8,7,-0.181950451191291,20,0.192709116184115,0.321181860306858
"percentile_latbin_OLS","q50","Combined","occurrence10_k3_tropical_temperate","Coolhouse","Warmhouse",8,8,-0.237823863519059,25,0.247418269056549,0.350797397584111
"percentile_latbin_OLS","q50","Combined","occurrence10_k3_tropical_temperate","Warmhouse","Hothouse",8,6,-0.0188658467746254,19,0.280637918067289,0.350797397584111
"percentile_latbin_OLS","q50","Combined","occurrence10_k3_tropical_temperate","Transitional","Hothouse",7,6,-0.0747392591023932,21,0.528471664516479,0.587190738351643
"percentile_latbin_OLS","q50","Combined","occurrence10_k3_tropical_temperate","Transitional","Warmhouse",7,8,-0.0558734123277679,31,0.657278258661239,0.657278258661239
"percentile_latbin_OLS","q50","Combined","occurrence10_k3_tropical_temperate_polar","Coolhouse","Warmhouse",3,3,-0.384125102153359,1,0.095215131912762,0.142822697869143
"percentile_latbin_OLS","q50","Combined","occurrence10_k3_tropical_temperate_polar","Coolhouse","Hothouse",3,4,-0.354436269345313,1,0.0558058841491461,0.142822697869143
"percentile_latbin_OLS","q50","Combined","occurrence10_k3_tropical_temperate_polar","Warmhouse","Hothouse",3,4,0.0296888328080457,5,0.429841897599333,0.429841897599333
"percentile_latbin_OLS","q50","Combined","occurrence10_k3_tropical_temperate_polar","Coldhouse","Coolhouse",1,3,-0.366886687724777,NA,NA,NA
"percentile_latbin_OLS","q50","Combined","occurrence10_k3_tropical_temperate_polar","Coldhouse","Transitional",1,1,-0.544219821954384,NA,NA,NA
"percentile_latbin_OLS","q50","Combined","occurrence10_k3_tropical_temperate_polar","Coldhouse","Warmhouse",1,3,-0.751011789878135,NA,NA,NA
"percentile_latbin_OLS","q50","Combined","occurrence10_k3_tropical_temperate_polar","Coldhouse","Hothouse",1,4,-0.721322957070089,NA,NA,NA
"percentile_latbin_OLS","q50","Combined","occurrence10_k3_tropical_temperate_polar","Coolhouse","Transitional",3,1,-0.177333134229607,NA,NA,NA
"percentile_latbin_OLS","q50","Combined","occurrence10_k3_tropical_temperate_polar","Transitional","Warmhouse",1,3,-0.206791967923752,NA,NA,NA
"percentile_latbin_OLS","q50","Combined","occurrence10_k3_tropical_temperate_polar","Transitional","Hothouse",1,4,-0.177103135115706,NA,NA,NA
"percentile_latbin_OLS","q50","Combined","collection5_k1_tropical_temperate","Coldhouse","Transitional",19,23,-0.597726946322922,68,7.51446056480531e-05,0.000487809678108499
"percentile_latbin_OLS","q50","Combined","collection5_k1_tropical_temperate","Coldhouse","Warmhouse",19,16,-0.427238834195559,39,9.75619356216997e-05,0.000487809678108499
"percentile_latbin_OLS","q50","Combined","collection5_k1_tropical_temperate","Coldhouse","Hothouse",19,18,-0.570257366465396,60,0.000392901627728744,0.00130967209242915
"percentile_latbin_OLS","q50","Combined","collection5_k1_tropical_temperate","Coldhouse","Coolhouse",19,30,-0.298696689525801,180,0.0160046383719318,0.0400115959298296
"percentile_latbin_OLS","q50","Combined","collection5_k1_tropical_temperate","Coolhouse","Transitional",30,23,-0.299030256797121,234,0.0236814805218265,0.047362961043653
"percentile_latbin_OLS","q50","Combined","collection5_k1_tropical_temperate","Coolhouse","Warmhouse",30,16,-0.128542144669758,162,0.0369360903919576,0.0615601506532627
"percentile_latbin_OLS","q50","Combined","collection5_k1_tropical_temperate","Coolhouse","Hothouse",30,18,-0.271560676939595,198,0.0639224191276227,0.0913177416108896
"percentile_latbin_OLS","q50","Combined","collection5_k1_tropical_temperate","Warmhouse","Hothouse",16,18,-0.143018532269837,119,0.198963221230906,0.248704026538633
"percentile_latbin_OLS","q50","Combined","collection5_k1_tropical_temperate","Transitional","Hothouse",23,18,0.0274695798575254,208,0.515716460621442,0.57301828957938
"percentile_latbin_OLS","q50","Combined","collection5_k1_tropical_temperate","Transitional","Warmhouse",23,16,0.170488112127363,204,0.720832453725205,0.720832453725205
"percentile_latbin_OLS","q50","Combined","collection5_k1_tropical_temperate_polar","Coldhouse","Warmhouse",8,10,-0.496124571504518,7,0.00194034422297827,0.00970172111489135
"percentile_latbin_OLS","q50","Combined","collection5_k1_tropical_temperate_polar","Coldhouse","Hothouse",8,8,-0.532885798920998,3,0.00138080220891374,0.00970172111489135
"percentile_latbin_OLS","q50","Combined","collection5_k1_tropical_temperate_polar","Coolhouse","Hothouse",19,8,-0.331285271102132,27,0.00500733906218013,0.0166911302072671
"percentile_latbin_OLS","q50","Combined","collection5_k1_tropical_temperate_polar","Coldhouse","Transitional",8,11,-0.312715803101369,17,0.0143287751916451,0.0358219379791129
"percentile_latbin_OLS","q50","Combined","collection5_k1_tropical_temperate_polar","Coolhouse","Warmhouse",19,10,-0.294524043685652,49,0.0184132116243434,0.0368264232486869
"percentile_latbin_OLS","q50","Combined","collection5_k1_tropical_temperate_polar","Transitional","Hothouse",11,8,-0.22016999581963,22,0.0379238467722385,0.0632064112870642
"percentile_latbin_OLS","q50","Combined","collection5_k1_tropical_temperate_polar","Coolhouse","Transitional",19,11,-0.111115275282503,69,0.0659981144061084,0.0942830205801549
"percentile_latbin_OLS","q50","Combined","collection5_k1_tropical_temperate_polar","Coldhouse","Coolhouse",8,19,-0.201600527818866,51,0.0966401986253459,0.120800248281682
"percentile_latbin_OLS","q50","Combined","collection5_k1_tropical_temperate_polar","Transitional","Warmhouse",11,10,-0.18340876840315,42,0.189369125943265,0.199307559862863
"percentile_latbin_OLS","q50","Combined","collection5_k1_tropical_temperate_polar","Warmhouse","Hothouse",10,8,-0.0367612274164801,30,0.199307559862863,0.199307559862863
"percentile_latbin_OLS","q50","Combined","collection5_k2_tropical_temperate","Coldhouse","Transitional",9,15,-0.644169289306764,12,0.000519833766772312,0.00173277922257437
"percentile_latbin_OLS","q50","Combined","collection5_k2_tropical_temperate","Coldhouse","Warmhouse",9,10,-0.49363482643574,3,0.000351430359551761,0.00173277922257437
"percentile_latbin_OLS","q50","Combined","collection5_k2_tropical_temperate","Coldhouse","Hothouse",9,10,-0.624670404251466,1,0.000191331768976001,0.00173277922257437
"percentile_latbin_OLS","q50","Combined","collection5_k2_tropical_temperate","Coolhouse","Hothouse",15,10,-0.331285271102132,38,0.0214513644082907,0.0536284110207267
"percentile_latbin_OLS","q50","Combined","collection5_k2_tropical_temperate","Coolhouse","Transitional",15,15,-0.35078415615743,70,0.0407473241967275,0.081494648393455
"percentile_latbin_OLS","q50","Combined","collection5_k2_tropical_temperate","Coolhouse","Warmhouse",15,10,-0.200249693286407,46,0.056950959935461,0.0949182665591017
"percentile_latbin_OLS","q50","Combined","collection5_k2_tropical_temperate","Coldhouse","Coolhouse",9,15,-0.293385133149334,44,0.0851165770543603,0.121595110077657
"percentile_latbin_OLS","q50","Combined","collection5_k2_tropical_temperate","Warmhouse","Hothouse",10,10,-0.131035577815726,38,0.192336531367754,0.240420664209693
"percentile_latbin_OLS","q50","Combined","collection5_k2_tropical_temperate","Transitional","Hothouse",15,10,0.019498885055298,70,0.401442514556231,0.446047238395812
"percentile_latbin_OLS","q50","Combined","collection5_k2_tropical_temperate","Transitional","Warmhouse",15,10,0.150534462871024,83,0.681356414838201,0.681356414838201
"percentile_latbin_OLS","q50","Combined","collection5_k2_tropical_temperate_polar","Coolhouse","Hothouse",9,4,-0.46326841699401,1,0.00544817709769372,0.0544817709769372
"percentile_latbin_OLS","q50","Combined","collection5_k2_tropical_temperate_polar","Coldhouse","Transitional",3,5,-0.331365225432501,0,0.0184442128535249,0.0614807095117498
"percentile_latbin_OLS","q50","Combined","collection5_k2_tropical_temperate_polar","Coolhouse","Warmhouse",9,3,-0.392968732451085,1,0.013250140301246,0.0614807095117498
"percentile_latbin_OLS","q50","Combined","collection5_k2_tropical_temperate_polar","Coldhouse","Hothouse",3,4,-0.675352460943462,0,0.0259149636089548,0.0647874090223871
"percentile_latbin_OLS","q50","Combined","collection5_k2_tropical_temperate_polar","Transitional","Hothouse",5,4,-0.343987235510961,2,0.0330962898610967,0.0661925797221935
"percentile_latbin_OLS","q50","Combined","collection5_k2_tropical_temperate_polar","Coldhouse","Warmhouse",3,3,-0.605052776400537,0,0.0404277991850261,0.0673796653083769
"percentile_latbin_OLS","q50","Combined","collection5_k2_tropical_temperate_polar","Coolhouse","Transitional",9,5,-0.119281181483049,10,0.054799291699558,0.07828470242794
"percentile_latbin_OLS","q50","Combined","collection5_k2_tropical_temperate_polar","Transitional","Warmhouse",5,3,-0.273687550968036,2,0.0680185640570718,0.0850232050713398
"percentile_latbin_OLS","q50","Combined","collection5_k2_tropical_temperate_polar","Coldhouse","Coolhouse",3,9,-0.212084043949452,7,0.133628746577194,0.148476385085771
"percentile_latbin_OLS","q50","Combined","collection5_k2_tropical_temperate_polar","Warmhouse","Hothouse",3,4,-0.070299684542925,5,0.429841897599333,0.429841897599333
"percentile_latbin_OLS","q50","Combined","collection5_k3_tropical_temperate","Coldhouse","Transitional",3,8,-0.895687830300997,0,0.00945177150556067,0.0307403547558749
"percentile_latbin_OLS","q50","Combined","collection5_k3_tropical_temperate","Coldhouse","Warmhouse",3,8,-0.656169630890626,0,0.00945177150556067,0.0307403547558749
"percentile_latbin_OLS","q50","Combined","collection5_k3_tropical_temperate","Coldhouse","Hothouse",3,5,-0.582227195074667,0,0.0184442128535249,0.0307403547558749
"percentile_latbin_OLS","q50","Combined","collection5_k3_tropical_temperate","Coolhouse","Transitional",6,8,-0.538705701818218,5,0.00846234423422658,0.0307403547558749
"percentile_latbin_OLS","q50","Combined","collection5_k3_tropical_temperate","Coolhouse","Warmhouse",6,8,-0.299187502407846,7,0.0165799937294239,0.0307403547558749
"percentile_latbin_OLS","q50","Combined","collection5_k3_tropical_temperate","Coolhouse","Hothouse",6,5,-0.225245066591888,3,0.0178818832954889,0.0307403547558749
"percentile_latbin_OLS","q50","Combined","collection5_k3_tropical_temperate","Coldhouse","Coolhouse",3,6,-0.356982128482779,3,0.077790173896099,0.11112881985157
"percentile_latbin_OLS","q50","Combined","collection5_k3_tropical_temperate","Warmhouse","Hothouse",8,5,0.0739424358159583,21,0.586899898310596,0.733624872888245
"percentile_latbin_OLS","q50","Combined","collection5_k3_tropical_temperate","Transitional","Warmhouse",8,8,0.239518199410372,45,0.921873020986318,0.937858562968724
"percentile_latbin_OLS","q50","Combined","collection5_k3_tropical_temperate","Transitional","Hothouse",8,5,0.31346063522633,30,0.937858562968724,0.937858562968724
"percentile_latbin_OLS","q50","Combined","collection5_k3_tropical_temperate_polar","Coolhouse","Warmhouse",3,3,-0.295236659945149,1,0.095215131912762,0.285645395738286
"percentile_latbin_OLS","q50","Combined","collection5_k3_tropical_temperate_polar","Coolhouse","Hothouse",3,2,-0.230858625691582,1,0.193238115385616,0.289857173078424
"percentile_latbin_OLS","q50","Combined","collection5_k3_tropical_temperate_polar","Warmhouse","Hothouse",3,2,0.0643780342535668,4,0.806761884614384,0.806761884614384
"percentile_latbin_OLS","q50","Combined","collection5_k3_tropical_temperate_polar","Coldhouse","Coolhouse",1,3,-0.498497090335014,NA,NA,NA
"percentile_latbin_OLS","q50","Combined","collection5_k3_tropical_temperate_polar","Coldhouse","Transitional",1,1,-0.75890230385325,NA,NA,NA
"percentile_latbin_OLS","q50","Combined","collection5_k3_tropical_temperate_polar","Coldhouse","Warmhouse",1,3,-0.793733750280163,NA,NA,NA
"percentile_latbin_OLS","q50","Combined","collection5_k3_tropical_temperate_polar","Coldhouse","Hothouse",1,2,-0.729355716026596,NA,NA,NA
"percentile_latbin_OLS","q50","Combined","collection5_k3_tropical_temperate_polar","Coolhouse","Transitional",3,1,-0.260405213518236,NA,NA,NA
"percentile_latbin_OLS","q50","Combined","collection5_k3_tropical_temperate_polar","Transitional","Warmhouse",1,3,-0.0348314464269126,NA,NA,NA
"percentile_latbin_OLS","q50","Combined","collection5_k3_tropical_temperate_polar","Transitional","Hothouse",1,2,0.0295465878266542,NA,NA,NA
"percentile_latbin_OLS","q50","Combined","collection10_k1_tropical_temperate","Coldhouse","Warmhouse",13,14,-0.670463885998643,7,2.53979714309527e-05,0.000126989857154763
"percentile_latbin_OLS","q50","Combined","collection10_k1_tropical_temperate","Coldhouse","Hothouse",13,13,-0.795270395492491,3,1.63466513675569e-05,0.000126989857154763
"percentile_latbin_OLS","q50","Combined","collection10_k1_tropical_temperate","Coldhouse","Transitional",13,20,-0.498420273737358,50,0.00169982032770801,0.00424955081927003
"percentile_latbin_OLS","q50","Combined","collection10_k1_tropical_temperate","Coolhouse","Hothouse",24,13,-0.461448505349888,62,0.00146670460003955,0.00424955081927003
"percentile_latbin_OLS","q50","Combined","collection10_k1_tropical_temperate","Coolhouse","Warmhouse",24,14,-0.33664199585604,90,0.00950699210116892,0.0190139842023378
"percentile_latbin_OLS","q50","Combined","collection10_k1_tropical_temperate","Coldhouse","Coolhouse",13,24,-0.333821890142603,84,0.01146142516652,0.0191023752775334
"percentile_latbin_OLS","q50","Combined","collection10_k1_tropical_temperate","Transitional","Hothouse",20,13,-0.296850121755133,90,0.0727889142646767,0.103984163235252
"percentile_latbin_OLS","q50","Combined","collection10_k1_tropical_temperate","Coolhouse","Transitional",24,20,-0.164598383594755,196,0.152609688107296,0.159311336626605
"percentile_latbin_OLS","q50","Combined","collection10_k1_tropical_temperate","Transitional","Warmhouse",20,14,-0.172043612261285,111,0.159311336626605,0.159311336626605
"percentile_latbin_OLS","q50","Combined","collection10_k1_tropical_temperate","Warmhouse","Hothouse",14,13,-0.124806509493848,68,0.137452031600587,0.159311336626605
"percentile_latbin_OLS","q50","Combined","collection10_k1_tropical_temperate_polar","Coolhouse","Hothouse",12,5,-0.554603082373642,2,0.00187324045264605,0.0187324045264605
"percentile_latbin_OLS","q50","Combined","collection10_k1_tropical_temperate_polar","Coldhouse","Hothouse",6,5,-0.686016368119528,0,0.00405655863278289,0.0202827931639144
"percentile_latbin_OLS","q50","Combined","collection10_k1_tropical_temperate_polar","Coldhouse","Warmhouse",6,8,-0.495751443950342,5,0.00846234423422658,0.0211558605855665
"percentile_latbin_OLS","q50","Combined","collection10_k1_tropical_temperate_polar","Transitional","Hothouse",7,5,-0.552064149932887,2,0.00742546894368245,0.0211558605855665
"percentile_latbin_OLS","q50","Combined","collection10_k1_tropical_temperate_polar","Coolhouse","Warmhouse",12,8,-0.364338158204455,23,0.0293645363572818,0.0587290727145636
"percentile_latbin_OLS","q50","Combined","collection10_k1_tropical_temperate_polar","Transitional","Warmhouse",7,8,-0.361799225763701,13,0.0466687735890115,0.0777812893150191
"percentile_latbin_OLS","q50","Combined","collection10_k1_tropical_temperate_polar","Warmhouse","Hothouse",8,5,-0.190264924169186,10,0.0821646397690332,0.117378056812905
"percentile_latbin_OLS","q50","Combined","collection10_k1_tropical_temperate_polar","Coldhouse","Transitional",6,7,-0.133952218186641,13,0.141988385875456,0.17748548234432
"percentile_latbin_OLS","q50","Combined","collection10_k1_tropical_temperate_polar","Coolhouse","Transitional",12,7,-0.0025389324407542,33,0.236261163446527,0.262512403829475
"percentile_latbin_OLS","q50","Combined","collection10_k1_tropical_temperate_polar","Coldhouse","Coolhouse",6,12,-0.131413285745886,32,0.371529540417592,0.371529540417592
"percentile_latbin_OLS","q50","Combined","collection10_k2_tropical_temperate","Coldhouse","Warmhouse",6,9,-0.669114498952242,0,0.000894921639311727,0.00499422524318076
"percentile_latbin_OLS","q50","Combined","collection10_k2_tropical_temperate","Coolhouse","Warmhouse",9,9,-0.547151820157517,5,0.000998845048636152,0.00499422524318076
"percentile_latbin_OLS","q50","Combined","collection10_k2_tropical_temperate","Coldhouse","Hothouse",6,7,-0.750273915676212,1,0.0026704962625336,0.00740108474947806
"percentile_latbin_OLS","q50","Combined","collection10_k2_tropical_temperate","Coolhouse","Hothouse",9,7,-0.628311236881487,5,0.00296043389979122,0.00740108474947806
"percentile_latbin_OLS","q50","Combined","collection10_k2_tropical_temperate","Coldhouse","Transitional",6,13,-0.519817717629077,15,0.0196474016321262,0.0392948032642523
"percentile_latbin_OLS","q50","Combined","collection10_k2_tropical_temperate","Coolhouse","Transitional",9,13,-0.397855038834353,32,0.0412616346909599,0.0687693911515999
"percentile_latbin_OLS","q50","Combined","collection10_k2_tropical_temperate","Transitional","Warmhouse",13,9,-0.149296781323164,42,0.142659034243989,0.203798620348556
"percentile_latbin_OLS","q50","Combined","collection10_k2_tropical_temperate","Coldhouse","Coolhouse",6,9,-0.121962678794725,23,0.339994201117147,0.377771334574608
"percentile_latbin_OLS","q50","Combined","collection10_k2_tropical_temperate","Transitional","Hothouse",13,7,-0.230456198047135,39,0.317230526748,0.377771334574608
"percentile_latbin_OLS","q50","Combined","collection10_k2_tropical_temperate","Warmhouse","Hothouse",9,7,-0.0811594167239701,33,0.583830411547608,0.583830411547608
"percentile_latbin_OLS","q50","Combined","collection10_k2_tropical_temperate_polar","Coolhouse","Warmhouse",4,3,-0.419239366509243,0,0.0259149636089548,0.0518299272179097
"percentile_latbin_OLS","q50","Combined","collection10_k2_tropical_temperate_polar","Coolhouse","Hothouse",4,4,-0.553288654250898,0,0.0151914109882887,0.0518299272179097
"percentile_latbin_OLS","q50","Combined","collection10_k2_tropical_temperate_polar","Transitional","Hothouse",3,4,-0.605966339176703,0,0.0259149636089548,0.0518299272179097
"percentile_latbin_OLS","q50","Combined","collection10_k2_tropical_temperate_polar","Transitional","Warmhouse",3,3,-0.471917051435047,0,0.0404277991850261,0.0606416987775392
"percentile_latbin_OLS","q50","Combined","collection10_k2_tropical_temperate_polar","Coolhouse","Transitional",4,3,0.052677684925804,4,0.297941545282589,0.297941545282589
"percentile_latbin_OLS","q50","Combined","collection10_k2_tropical_temperate_polar","Warmhouse","Hothouse",3,4,-0.134049287741655,4,0.297941545282589,0.297941545282589
"percentile_latbin_OLS","q50","Combined","collection10_k2_tropical_temperate_polar","Coldhouse","Coolhouse",1,4,-0.294871612259278,NA,NA,NA
"percentile_latbin_OLS","q50","Combined","collection10_k2_tropical_temperate_polar","Coldhouse","Transitional",1,3,-0.242193927333474,NA,NA,NA
"percentile_latbin_OLS","q50","Combined","collection10_k2_tropical_temperate_polar","Coldhouse","Warmhouse",1,3,-0.714110978768521,NA,NA,NA
"percentile_latbin_OLS","q50","Combined","collection10_k2_tropical_temperate_polar","Coldhouse","Hothouse",1,4,-0.848160266510177,NA,NA,NA
"percentile_latbin_OLS","q50","Combined","collection10_k3_tropical_temperate","Coolhouse","Warmhouse",2,6,-0.779639044662711,0,0.0333765075848173,0.157788757680062
"percentile_latbin_OLS","q50","Combined","collection10_k3_tropical_temperate","Coolhouse","Hothouse",2,4,-0.736083559330854,0,0.0525962525600207,0.157788757680062
"percentile_latbin_OLS","q50","Combined","collection10_k3_tropical_temperate","Coolhouse","Transitional",2,3,-0.538887374327008,1,0.193238115385616,0.386476230771233
"percentile_latbin_OLS","q50","Combined","collection10_k3_tropical_temperate","Transitional","Warmhouse",3,6,-0.240751670335704,7,0.349267679151669,0.419121214982003
"percentile_latbin_OLS","q50","Combined","collection10_k3_tropical_temperate","Transitional","Hothouse",3,4,-0.197196185003846,4,0.297941545282589,0.419121214982003
"percentile_latbin_OLS","q50","Combined","collection10_k3_tropical_temperate","Warmhouse","Hothouse",6,4,0.0435554853318572,13,0.625440433499702,0.625440433499702
"percentile_latbin_OLS","q50","Combined","collection10_k3_tropical_temperate","Coldhouse","Coolhouse",1,2,0.00916764797719594,NA,NA,NA
"percentile_latbin_OLS","q50","Combined","collection10_k3_tropical_temperate","Coldhouse","Transitional",1,3,-0.529719726349812,NA,NA,NA
"percentile_latbin_OLS","q50","Combined","collection10_k3_tropical_temperate","Coldhouse","Warmhouse",1,6,-0.770471396685515,NA,NA,NA
"percentile_latbin_OLS","q50","Combined","collection10_k3_tropical_temperate","Coldhouse","Hothouse",1,4,-0.726915911353658,NA,NA,NA
"percentile_latbin_OLS","q50","Combined","collection10_k3_tropical_temperate_polar","Coldhouse","Coolhouse",0,0,NA,NA,NA,NA
"percentile_latbin_OLS","q50","Combined","collection10_k3_tropical_temperate_polar","Coldhouse","Transitional",0,0,NA,NA,NA,NA
"percentile_latbin_OLS","q50","Combined","collection10_k3_tropical_temperate_polar","Coldhouse","Warmhouse",0,2,NA,NA,NA,NA
"percentile_latbin_OLS","q50","Combined","collection10_k3_tropical_temperate_polar","Coldhouse","Hothouse",0,1,NA,NA,NA,NA
"percentile_latbin_OLS","q50","Combined","collection10_k3_tropical_temperate_polar","Coolhouse","Transitional",0,0,NA,NA,NA,NA
"percentile_latbin_OLS","q50","Combined","collection10_k3_tropical_temperate_polar","Coolhouse","Warmhouse",0,2,NA,NA,NA,NA
"percentile_latbin_OLS","q50","Combined","collection10_k3_tropical_temperate_polar","Coolhouse","Hothouse",0,1,NA,NA,NA,NA
"percentile_latbin_OLS","q50","Combined","collection10_k3_tropical_temperate_polar","Transitional","Warmhouse",0,2,NA,NA,NA,NA
"percentile_latbin_OLS","q50","Combined","collection10_k3_tropical_temperate_polar","Transitional","Hothouse",0,1,NA,NA,NA,NA
"percentile_latbin_OLS","q50","Combined","collection10_k3_tropical_temperate_polar","Warmhouse","Hothouse",2,1,-0.154164755039341,NA,NA,NA
"percentile_latbin_OLS","q50","Northern","occurrence5_k1_tropical_temperate","Coldhouse","Transitional",12,15,-0.477562839581541,30,0.00184624765416495,0.00999848062343751
"percentile_latbin_OLS","q50","Northern","occurrence5_k1_tropical_temperate","Coldhouse","Warmhouse",12,9,-0.428915581655065,13,0.0019996961246875,0.00999848062343751
"percentile_latbin_OLS","q50","Northern","occurrence5_k1_tropical_temperate","Coolhouse","Transitional",15,15,-0.40114514603889,54,0.00807013994680188,0.0201753498670047
"percentile_latbin_OLS","q50","Northern","occurrence5_k1_tropical_temperate","Coolhouse","Warmhouse",15,9,-0.352497888112413,26,0.00724727427553541,0.0201753498670047
"percentile_latbin_OLS","q50","Northern","occurrence5_k1_tropical_temperate","Coldhouse","Hothouse",12,11,-0.286168712201508,36,0.0347159158079713,0.0694318316159426
"percentile_latbin_OLS","q50","Northern","occurrence5_k1_tropical_temperate","Coolhouse","Hothouse",15,11,-0.209751018658857,59,0.116297987009336,0.193829978348893
"percentile_latbin_OLS","q50","Northern","occurrence5_k1_tropical_temperate","Coldhouse","Coolhouse",12,15,-0.0764176935426514,76,0.255033763778767,0.364333948255382
"percentile_latbin_OLS","q50","Northern","occurrence5_k1_tropical_temperate","Transitional","Warmhouse",15,9,0.0486472579264766,80,0.780880462225029,0.946180656643253
"percentile_latbin_OLS","q50","Northern","occurrence5_k1_tropical_temperate","Transitional","Hothouse",15,11,0.191394127380033,113,0.946180656643253,0.946180656643253
"percentile_latbin_OLS","q50","Northern","occurrence5_k1_tropical_temperate","Warmhouse","Hothouse",9,11,0.142746869453556,67,0.914269896967836,0.946180656643253
"percentile_latbin_OLS","q50","Northern","occurrence5_k1_tropical_temperate_polar","Coldhouse","Transitional",6,7,-0.509582679581396,0,0.00170261791064738,0.0126871702448506
"percentile_latbin_OLS","q50","Northern","occurrence5_k1_tropical_temperate_polar","Coldhouse","Warmhouse",6,6,-0.478471595302996,0,0.00253743404897013,0.0126871702448506
"percentile_latbin_OLS","q50","Northern","occurrence5_k1_tropical_temperate_polar","Coldhouse","Hothouse",6,4,-0.419218036142983,0,0.00710701943454103,0.0236900647818034
"percentile_latbin_OLS","q50","Northern","occurrence5_k1_tropical_temperate_polar","Coldhouse","Coolhouse",6,10,-0.295740647094039,9,0.0130897991770406,0.0327244979426014
"percentile_latbin_OLS","q50","Northern","occurrence5_k1_tropical_temperate_polar","Coolhouse","Warmhouse",10,6,-0.182730948208957,14,0.046360964153696,0.092721928307392
"percentile_latbin_OLS","q50","Northern","occurrence5_k1_tropical_temperate_polar","Coolhouse","Transitional",10,7,-0.213842032487357,22,0.111256114862955,0.185426858104926
"percentile_latbin_OLS","q50","Northern","occurrence5_k1_tropical_temperate_polar","Coolhouse","Hothouse",10,4,-0.123477389048944,12,0.144422183173242,0.206317404533204
"percentile_latbin_OLS","q50","Northern","occurrence5_k1_tropical_temperate_polar","Transitional","Warmhouse",7,6,0.0311110842784002,19,0.415162128827898,0.518952661034872
"percentile_latbin_OLS","q50","Northern","occurrence5_k1_tropical_temperate_polar","Transitional","Hothouse",7,4,0.090364643438413,15,0.611592997922259,0.679547775469177
"percentile_latbin_OLS","q50","Northern","occurrence5_k1_tropical_temperate_polar","Warmhouse","Hothouse",6,4,0.0592535591600128,16,0.831322174111819,0.831322174111819
"percentile_latbin_OLS","q50","Northern","occurrence5_k2_tropical_temperate","Coldhouse","Transitional",7,10,-0.50925575595626,0,0.000380152921436306,0.00365015479060562
"percentile_latbin_OLS","q50","Northern","occurrence5_k2_tropical_temperate","Coldhouse","Warmhouse",7,8,-0.425138153023447,0,0.000730030958121123,0.00365015479060562
"percentile_latbin_OLS","q50","Northern","occurrence5_k2_tropical_temperate","Coldhouse","Hothouse",7,6,-0.301744186461546,1,0.0026704962625336,0.00890165420844535
"percentile_latbin_OLS","q50","Northern","occurrence5_k2_tropical_temperate","Coolhouse","Transitional",10,10,-0.322596446794074,16,0.00566484834223733,0.0141621208555933
"percentile_latbin_OLS","q50","Northern","occurrence5_k2_tropical_temperate","Coolhouse","Warmhouse",10,8,-0.238478843861261,18,0.0280456819981465,0.0560913639962931
"percentile_latbin_OLS","q50","Northern","occurrence5_k2_tropical_temperate","Coldhouse","Coolhouse",7,10,-0.186659309162185,19,0.0651849142054032,0.108641523675672
"percentile_latbin_OLS","q50","Northern","occurrence5_k2_tropical_temperate","Coolhouse","Hothouse",10,6,-0.11508487729936,19,0.127375581495219,0.181965116421741
"percentile_latbin_OLS","q50","Northern","occurrence5_k2_tropical_temperate","Transitional","Warmhouse",10,8,0.0841176029328133,56,0.928684502105106,0.97116127809179
"percentile_latbin_OLS","q50","Northern","occurrence5_k2_tropical_temperate","Transitional","Hothouse",10,6,0.207511569494714,47,0.97116127809179,0.97116127809179
"percentile_latbin_OLS","q50","Northern","occurrence5_k2_tropical_temperate","Warmhouse","Hothouse",8,6,0.123393966561901,32,0.863754758265024,0.97116127809179
"percentile_latbin_OLS","q50","Northern","occurrence5_k2_tropical_temperate_polar","Coldhouse","Coolhouse",3,7,-0.187954724941002,4,0.0857301030321637,0.187682772533396
"percentile_latbin_OLS","q50","Northern","occurrence5_k2_tropical_temperate_polar","Coldhouse","Transitional",3,3,-0.292380512387053,0,0.0404277991850261,0.187682772533396
"percentile_latbin_OLS","q50","Northern","occurrence5_k2_tropical_temperate_polar","Coldhouse","Warmhouse",3,2,-0.404428620495307,0,0.0744573365893828,0.187682772533396
"percentile_latbin_OLS","q50","Northern","occurrence5_k2_tropical_temperate_polar","Coldhouse","Hothouse",3,2,-0.393780578023105,0,0.0744573365893828,0.187682772533396
"percentile_latbin_OLS","q50","Northern","occurrence5_k2_tropical_temperate_polar","Coolhouse","Warmhouse",7,2,-0.216473895554305,2,0.0938413862666982,0.187682772533396
"percentile_latbin_OLS","q50","Northern","occurrence5_k2_tropical_temperate_polar","Coolhouse","Hothouse",7,2,-0.205825853082103,3,0.152753543430627,0.254589239051045
"percentile_latbin_OLS","q50","Northern","occurrence5_k2_tropical_temperate_polar","Transitional","Hothouse",3,2,-0.101400065636052,1,0.193238115385616,0.27605445055088
"percentile_latbin_OLS","q50","Northern","occurrence5_k2_tropical_temperate_polar","Coolhouse","Transitional",7,3,-0.104425787446051,7,0.247062272204632,0.30882784025579
"percentile_latbin_OLS","q50","Northern","occurrence5_k2_tropical_temperate_polar","Transitional","Warmhouse",3,2,-0.112048108108254,2,0.386414996342224,0.429349995935804
"percentile_latbin_OLS","q50","Northern","occurrence5_k2_tropical_temperate_polar","Warmhouse","Hothouse",2,2,0.0106480424722016,2,0.650732320848331,0.650732320848331
"percentile_latbin_OLS","q50","Northern","occurrence5_k3_tropical_temperate","Coldhouse","Transitional",3,6,-0.736190811504051,0,0.0140929010739537,0.0704645053697685
"percentile_latbin_OLS","q50","Northern","occurrence5_k3_tropical_temperate","Coldhouse","Warmhouse",3,6,-0.465210488915429,0,0.0140929010739537,0.0704645053697685
"percentile_latbin_OLS","q50","Northern","occurrence5_k3_tropical_temperate","Coldhouse","Hothouse",3,3,-0.45641996514648,0,0.0404277991850261,0.134759330616754
"percentile_latbin_OLS","q50","Northern","occurrence5_k3_tropical_temperate","Coolhouse","Transitional",2,6,-0.7239734729845,1,0.0668072012688581,0.167018003172145
"percentile_latbin_OLS","q50","Northern","occurrence5_k3_tropical_temperate","Coolhouse","Warmhouse",2,6,-0.452993150395878,2,0.121672504574381,0.243345009148762
"percentile_latbin_OLS","q50","Northern","occurrence5_k3_tropical_temperate","Coolhouse","Hothouse",2,3,-0.444202626626929,1,0.193238115385616,0.322063525642694
"percentile_latbin_OLS","q50","Northern","occurrence5_k3_tropical_temperate","Coldhouse","Coolhouse",3,2,-0.0122173385195511,3,0.613585003657776,0.876550005225395
"percentile_latbin_OLS","q50","Northern","occurrence5_k3_tropical_temperate","Warmhouse","Hothouse",6,3,0.00879052376894912,11,0.740697491785637,0.925871864732046
"percentile_latbin_OLS","q50","Northern","occurrence5_k3_tropical_temperate","Transitional","Warmhouse",6,6,0.270980322588622,30,0.977336218961014,0.977336218961014
"percentile_latbin_OLS","q50","Northern","occurrence5_k3_tropical_temperate","Transitional","Hothouse",6,3,0.279770846357571,15,0.953355021908198,0.977336218961014
"percentile_latbin_OLS","q50","Northern","occurrence5_k3_tropical_temperate_polar","Coldhouse","Coolhouse",1,0,NA,NA,NA,NA
"percentile_latbin_OLS","q50","Northern","occurrence5_k3_tropical_temperate_polar","Coldhouse","Transitional",1,1,-0.512699162100632,NA,NA,NA
"percentile_latbin_OLS","q50","Northern","occurrence5_k3_tropical_temperate_polar","Coldhouse","Warmhouse",1,2,-0.474701265533488,NA,NA,NA
"percentile_latbin_OLS","q50","Northern","occurrence5_k3_tropical_temperate_polar","Coldhouse","Hothouse",1,1,-0.553630998522102,NA,NA,NA
"percentile_latbin_OLS","q50","Northern","occurrence5_k3_tropical_temperate_polar","Coolhouse","Transitional",0,1,NA,NA,NA,NA
"percentile_latbin_OLS","q50","Northern","occurrence5_k3_tropical_temperate_polar","Coolhouse","Warmhouse",0,2,NA,NA,NA,NA
"percentile_latbin_OLS","q50","Northern","occurrence5_k3_tropical_temperate_polar","Coolhouse","Hothouse",0,1,NA,NA,NA,NA
"percentile_latbin_OLS","q50","Northern","occurrence5_k3_tropical_temperate_polar","Transitional","Warmhouse",1,2,0.0379978965671438,NA,NA,NA
"percentile_latbin_OLS","q50","Northern","occurrence5_k3_tropical_temperate_polar","Transitional","Hothouse",1,1,-0.0409318364214706,NA,NA,NA
"percentile_latbin_OLS","q50","Northern","occurrence5_k3_tropical_temperate_polar","Warmhouse","Hothouse",2,1,-0.0789297329886145,NA,NA,NA
"percentile_latbin_OLS","q50","Northern","occurrence10_k1_tropical_temperate","Coldhouse","Transitional",12,14,-0.399226223795209,33,0.00469608013549125,0.0161864562016528
"percentile_latbin_OLS","q50","Northern","occurrence10_k1_tropical_temperate","Coldhouse","Warmhouse",12,8,-0.378416719700087,14,0.00487486843700597,0.0161864562016528
"percentile_latbin_OLS","q50","Northern","occurrence10_k1_tropical_temperate","Coolhouse","Transitional",15,14,-0.323990487640435,42,0.00318865071084416,0.0161864562016528
"percentile_latbin_OLS","q50","Northern","occurrence10_k1_tropical_temperate","Coolhouse","Warmhouse",15,8,-0.303180983545314,21,0.00647458248066113,0.0161864562016528
"percentile_latbin_OLS","q50","Northern","occurrence10_k1_tropical_temperate","Coolhouse","Hothouse",15,9,-0.407285404848551,31,0.0159115636932451,0.0318231273864902
"percentile_latbin_OLS","q50","Northern","occurrence10_k1_tropical_temperate","Coldhouse","Hothouse",12,9,-0.482521141003324,25,0.0214128046154457,0.0356880076924095
"percentile_latbin_OLS","q50","Northern","occurrence10_k1_tropical_temperate","Coldhouse","Coolhouse",12,15,-0.0752357361547732,86,0.43219738992283,0.553271196545751
"percentile_latbin_OLS","q50","Northern","occurrence10_k1_tropical_temperate","Warmhouse","Hothouse",8,9,-0.104104421303237,34,0.442616957236601,0.553271196545751
"percentile_latbin_OLS","q50","Northern","occurrence10_k1_tropical_temperate","Transitional","Warmhouse",14,8,0.0208095040951218,63,0.695636954866584,0.695636954866584
"percentile_latbin_OLS","q50","Northern","occurrence10_k1_tropical_temperate","Transitional","Hothouse",14,9,-0.0832949172081157,69,0.65889949706544,0.695636954866584
"percentile_latbin_OLS","q50","Northern","occurrence10_k1_tropical_temperate_polar","Coldhouse","Transitional",6,6,-0.399226223795209,0,0.00253743404897013,0.0253743404897013
"percentile_latbin_OLS","q50","Northern","occurrence10_k1_tropical_temperate_polar","Coldhouse","Warmhouse",6,5,-0.446672084924132,1,0.00685541503906661,0.0342770751953331
"percentile_latbin_OLS","q50","Northern","occurrence10_k1_tropical_temperate_polar","Coldhouse","Hothouse",6,3,-0.494288631730722,0,0.0140929010739537,0.046976336913179
"percentile_latbin_OLS","q50","Northern","occurrence10_k1_tropical_temperate_polar","Coldhouse","Coolhouse",6,9,-0.15424879648487,11,0.0338730069203447,0.0677460138406893
"percentile_latbin_OLS","q50","Northern","occurrence10_k1_tropical_temperate_polar","Coolhouse","Hothouse",9,3,-0.340039835245852,3,0.0322288591353379,0.0677460138406893
"percentile_latbin_OLS","q50","Northern","occurrence10_k1_tropical_temperate_polar","Coolhouse","Transitional",9,6,-0.244977427310339,14,0.0703567624263463,0.117261270710577
"percentile_latbin_OLS","q50","Northern","occurrence10_k1_tropical_temperate_polar","Coolhouse","Warmhouse",9,5,-0.292423288439262,12,0.0912112197258678,0.130301742465526
"percentile_latbin_OLS","q50","Northern","occurrence10_k1_tropical_temperate_polar","Transitional","Hothouse",6,3,-0.0950624079355132,5,0.18307828009703,0.228847850121288
"percentile_latbin_OLS","q50","Northern","occurrence10_k1_tropical_temperate_polar","Warmhouse","Hothouse",5,3,-0.0476165468065903,6,0.382797241997882,0.425330268886536
"percentile_latbin_OLS","q50","Northern","occurrence10_k1_tropical_temperate_polar","Transitional","Warmhouse",6,5,-0.0474458611289228,14,0.463632236762616,0.463632236762616
"percentile_latbin_OLS","q50","Northern","occurrence10_k2_tropical_temperate","Coldhouse","Transitional",6,10,-0.463983273428651,0,0.000687795633623293,0.00612602019623539
"percentile_latbin_OLS","q50","Northern","occurrence10_k2_tropical_temperate","Coldhouse","Warmhouse",6,8,-0.378416719700087,1,0.00183780605887062,0.00612602019623539
"percentile_latbin_OLS","q50","Northern","occurrence10_k2_tropical_temperate","Coolhouse","Transitional",8,10,-0.383640941902615,6,0.00145754292918706,0.00612602019623539
"percentile_latbin_OLS","q50","Northern","occurrence10_k2_tropical_temperate","Coldhouse","Hothouse",6,6,-0.488404886367023,0,0.00253743404897013,0.00634358512242532
"percentile_latbin_OLS","q50","Northern","occurrence10_k2_tropical_temperate","Coolhouse","Hothouse",8,6,-0.408062554840987,4,0.00591056891831115,0.0118211378366223
"percentile_latbin_OLS","q50","Northern","occurrence10_k2_tropical_temperate","Coolhouse","Warmhouse",8,8,-0.298074388174051,10,0.0119743374398797,0.0199572290664662
"percentile_latbin_OLS","q50","Northern","occurrence10_k2_tropical_temperate","Coldhouse","Coolhouse",6,8,-0.0803423315260361,16,0.166460804032783,0.237801148618261
"percentile_latbin_OLS","q50","Northern","occurrence10_k2_tropical_temperate","Warmhouse","Hothouse",8,6,-0.109988166666936,22,0.423225298438295,0.529031623047869
"percentile_latbin_OLS","q50","Northern","occurrence10_k2_tropical_temperate","Transitional","Warmhouse",10,8,0.0855665537285642,54,0.901189454840576,0.901189454840576
"percentile_latbin_OLS","q50","Northern","occurrence10_k2_tropical_temperate","Transitional","Hothouse",10,6,-0.024421612938372,38,0.82172383111637,0.901189454840576
"percentile_latbin_OLS","q50","Northern","occurrence10_k2_tropical_temperate_polar","Coldhouse","Coolhouse",2,3,-0.15424879648487,0,0.0744573365893828,0.111686004884074
"percentile_latbin_OLS","q50","Northern","occurrence10_k2_tropical_temperate_polar","Coolhouse","Transitional",3,2,-0.231456321204773,0,0.0744573365893828,0.111686004884074
"percentile_latbin_OLS","q50","Northern","occurrence10_k2_tropical_temperate_polar","Coldhouse","Transitional",2,2,-0.385705117689643,0,0.122639058403386,0.122639058403386
"percentile_latbin_OLS","q50","Northern","occurrence10_k2_tropical_temperate_polar","Coldhouse","Warmhouse",2,1,-0.446672084924132,NA,NA,NA
"percentile_latbin_OLS","q50","Northern","occurrence10_k2_tropical_temperate_polar","Coldhouse","Hothouse",2,1,-0.494288631730722,NA,NA,NA
"percentile_latbin_OLS","q50","Northern","occurrence10_k2_tropical_temperate_polar","Coolhouse","Warmhouse",3,1,-0.292423288439262,NA,NA,NA
"percentile_latbin_OLS","q50","Northern","occurrence10_k2_tropical_temperate_polar","Coolhouse","Hothouse",3,1,-0.340039835245852,NA,NA,NA
"percentile_latbin_OLS","q50","Northern","occurrence10_k2_tropical_temperate_polar","Transitional","Warmhouse",2,1,-0.0609669672344884,NA,NA,NA
"percentile_latbin_OLS","q50","Northern","occurrence10_k2_tropical_temperate_polar","Transitional","Hothouse",2,1,-0.108583514041079,NA,NA,NA
"percentile_latbin_OLS","q50","Northern","occurrence10_k2_tropical_temperate_polar","Warmhouse","Hothouse",1,1,-0.0476165468065903,NA,NA,NA
"percentile_latbin_OLS","q50","Northern","occurrence10_k3_tropical_temperate","Coldhouse","Transitional",3,4,-0.746208714212362,0,0.0259149636089548,0.129574818044774
"percentile_latbin_OLS","q50","Northern","occurrence10_k3_tropical_temperate","Coldhouse","Warmhouse",3,4,-0.407159397199405,0,0.0259149636089548,0.129574818044774
"percentile_latbin_OLS","q50","Northern","occurrence10_k3_tropical_temperate","Coldhouse","Hothouse",3,3,-0.52303130923004,0,0.0404277991850261,0.131490631400052
"percentile_latbin_OLS","q50","Northern","occurrence10_k3_tropical_temperate","Coolhouse","Transitional",2,4,-0.712750821452728,0,0.0525962525600207,0.131490631400052
"percentile_latbin_OLS","q50","Northern","occurrence10_k3_tropical_temperate","Coolhouse","Hothouse",2,3,-0.489573416470405,0,0.0744573365893828,0.148914673178766
"percentile_latbin_OLS","q50","Northern","occurrence10_k3_tropical_temperate","Warmhouse","Hothouse",4,3,-0.115871912030635,3,0.188379558905791,0.313965931509652
"percentile_latbin_OLS","q50","Northern","occurrence10_k3_tropical_temperate","Coolhouse","Warmhouse",2,4,-0.37370150443977,2,0.243726645182017,0.348180921688596
"percentile_latbin_OLS","q50","Northern","occurrence10_k3_tropical_temperate","Coldhouse","Coolhouse",3,2,-0.0334578927596342,3,0.613585003657776,0.76698125457222
"percentile_latbin_OLS","q50","Northern","occurrence10_k3_tropical_temperate","Transitional","Hothouse",4,3,0.223177404982322,8,0.811620441094209,0.901800490104677
"percentile_latbin_OLS","q50","Northern","occurrence10_k3_tropical_temperate","Transitional","Warmhouse",4,4,0.339049317012957,13,0.943824401154768,0.943824401154768
"percentile_latbin_OLS","q50","Northern","occurrence10_k3_tropical_temperate_polar","Coldhouse","Coolhouse",1,0,NA,NA,NA,NA
"percentile_latbin_OLS","q50","Northern","occurrence10_k3_tropical_temperate_polar","Coldhouse","Transitional",1,0,NA,NA,NA,NA
"percentile_latbin_OLS","q50","Northern","occurrence10_k3_tropical_temperate_polar","Coldhouse","Warmhouse",1,1,-0.475414762423449,NA,NA,NA
"percentile_latbin_OLS","q50","Northern","occurrence10_k3_tropical_temperate_polar","Coldhouse","Hothouse",1,1,-0.52303130923004,NA,NA,NA
"percentile_latbin_OLS","q50","Northern","occurrence10_k3_tropical_temperate_polar","Coolhouse","Transitional",0,0,NA,NA,NA,NA
"percentile_latbin_OLS","q50","Northern","occurrence10_k3_tropical_temperate_polar","Coolhouse","Warmhouse",0,1,NA,NA,NA,NA
"percentile_latbin_OLS","q50","Northern","occurrence10_k3_tropical_temperate_polar","Coolhouse","Hothouse",0,1,NA,NA,NA,NA
"percentile_latbin_OLS","q50","Northern","occurrence10_k3_tropical_temperate_polar","Transitional","Warmhouse",0,1,NA,NA,NA,NA
"percentile_latbin_OLS","q50","Northern","occurrence10_k3_tropical_temperate_polar","Transitional","Hothouse",0,1,NA,NA,NA,NA
"percentile_latbin_OLS","q50","Northern","occurrence10_k3_tropical_temperate_polar","Warmhouse","Hothouse",1,1,-0.0476165468065903,NA,NA,NA
"percentile_latbin_OLS","q50","Northern","collection5_k1_tropical_temperate","Coldhouse","Transitional",10,13,-0.787218652726886,11,0.000453437422464828,0.00366607843518843
"percentile_latbin_OLS","q50","Northern","collection5_k1_tropical_temperate","Coldhouse","Warmhouse",10,9,-0.433836160118231,7,0.00109982353055653,0.00366607843518843
"percentile_latbin_OLS","q50","Northern","collection5_k1_tropical_temperate","Coolhouse","Transitional",14,13,-0.615603113405539,26,0.000874218297348431,0.00366607843518843
"percentile_latbin_OLS","q50","Northern","collection5_k1_tropical_temperate","Coldhouse","Hothouse",10,9,-0.464582082914609,16,0.00998222665260803,0.0249555666315201
"percentile_latbin_OLS","q50","Northern","collection5_k1_tropical_temperate","Coolhouse","Warmhouse",14,9,-0.262220620796885,28,0.0148790337175996,0.0297580674351992
"percentile_latbin_OLS","q50","Northern","collection5_k1_tropical_temperate","Coolhouse","Hothouse",14,9,-0.292966543593263,41,0.0878087521869882,0.146347920311647
"percentile_latbin_OLS","q50","Northern","collection5_k1_tropical_temperate","Coldhouse","Coolhouse",10,14,-0.171615539321347,50,0.126767939799949,0.18109705685707
"percentile_latbin_OLS","q50","Northern","collection5_k1_tropical_temperate","Warmhouse","Hothouse",9,9,-0.030745922796378,45,0.67057837252536,0.8382229656567
"percentile_latbin_OLS","q50","Northern","collection5_k1_tropical_temperate","Transitional","Warmhouse",13,9,0.353382492608655,87,0.973600646509683,0.977429687213923
"percentile_latbin_OLS","q50","Northern","collection5_k1_tropical_temperate","Transitional","Hothouse",13,9,0.322636569812277,88,0.977429687213923,0.977429687213923
"percentile_latbin_OLS","q50","Northern","collection5_k1_tropical_temperate_polar","Coldhouse","Transitional",6,4,-0.503737714092944,0,0.00710701943454103,0.0236900647818034
"percentile_latbin_OLS","q50","Northern","collection5_k1_tropical_temperate_polar","Coldhouse","Warmhouse",6,6,-0.461791814347454,0,0.00253743404897013,0.0236900647818034
"percentile_latbin_OLS","q50","Northern","collection5_k1_tropical_temperate_polar","Coldhouse","Hothouse",6,4,-0.471256131915871,0,0.00710701943454103,0.0236900647818034
"percentile_latbin_OLS","q50","Northern","collection5_k1_tropical_temperate_polar","Coolhouse","Transitional",10,4,-0.352433773169085,7,0.0385499358717709,0.0770998717435418
"percentile_latbin_OLS","q50","Northern","collection5_k1_tropical_temperate_polar","Coolhouse","Warmhouse",10,6,-0.310487873423596,13,0.036752984128544,0.0770998717435418
"percentile_latbin_OLS","q50","Northern","collection5_k1_tropical_temperate_polar","Coldhouse","Coolhouse",6,10,-0.151303940923858,17,0.0875789612363255,0.127935137661944
"percentile_latbin_OLS","q50","Northern","collection5_k1_tropical_temperate_polar","Coolhouse","Hothouse",10,4,-0.319952190992013,10,0.089554596363361,0.127935137661944
"percentile_latbin_OLS","q50","Northern","collection5_k1_tropical_temperate_polar","Transitional","Warmhouse",4,6,0.0419458997454896,13,0.625440433499702,0.764756788970605
"percentile_latbin_OLS","q50","Northern","collection5_k1_tropical_temperate_polar","Transitional","Hothouse",4,4,0.0324815821770722,10,0.764756788970605,0.764756788970605
"percentile_latbin_OLS","q50","Northern","collection5_k1_tropical_temperate_polar","Warmhouse","Hothouse",6,4,-0.00946431756841744,14,0.702983829700479,0.764756788970605
"percentile_latbin_OLS","q50","Northern","collection5_k2_tropical_temperate","Coldhouse","Transitional",6,10,-0.670570932172399,0,0.000687795633623293,0.00378905989810199
"percentile_latbin_OLS","q50","Northern","collection5_k2_tropical_temperate","Coolhouse","Transitional",7,10,-0.754082882965811,2,0.000757811979620399,0.00378905989810199
"percentile_latbin_OLS","q50","Northern","collection5_k2_tropical_temperate","Coldhouse","Warmhouse",6,6,-0.36979899169183,0,0.00253743404897013,0.00845811349656709
"percentile_latbin_OLS","q50","Northern","collection5_k2_tropical_temperate","Coldhouse","Hothouse",6,5,-0.47552117655988,0,0.00405655863278289,0.0101413965819572
"percentile_latbin_OLS","q50","Northern","collection5_k2_tropical_temperate","Coolhouse","Hothouse",7,5,-0.559033127353292,2,0.00742546894368245,0.0148509378873649
"percentile_latbin_OLS","q50","Northern","collection5_k2_tropical_temperate","Coolhouse","Warmhouse",7,6,-0.453310942485243,4,0.00920808028815198,0.0153468004802533
"percentile_latbin_OLS","q50","Northern","collection5_k2_tropical_temperate","Warmhouse","Hothouse",6,5,-0.105722184868049,13,0.39209561470081,0.560136592429728
"percentile_latbin_OLS","q50","Northern","collection5_k2_tropical_temperate","Coldhouse","Coolhouse",6,7,0.083511950793412,27,0.823444382746997,0.963247015871456
"percentile_latbin_OLS","q50","Northern","collection5_k2_tropical_temperate","Transitional","Warmhouse",10,6,0.300771940480568,46,0.963247015871456,0.963247015871456
"percentile_latbin_OLS","q50","Northern","collection5_k2_tropical_temperate","Transitional","Hothouse",10,5,0.195049755612519,39,0.962123656191809,0.963247015871456
"percentile_latbin_OLS","q50","Northern","collection5_k2_tropical_temperate_polar","Coldhouse","Transitional",3,3,-0.331365225432501,0,0.0404277991850261,0.102027846085608
"percentile_latbin_OLS","q50","Northern","collection5_k2_tropical_temperate_polar","Coolhouse","Transitional",5,3,-0.430636056850702,2,0.0680185640570718,0.102027846085608
"percentile_latbin_OLS","q50","Northern","collection5_k2_tropical_temperate_polar","Coldhouse","Coolhouse",3,5,0.0992708314182013,7,0.5,0.5
"percentile_latbin_OLS","q50","Northern","collection5_k2_tropical_temperate_polar","Coldhouse","Warmhouse",3,1,-0.480802480087706,NA,NA,NA
"percentile_latbin_OLS","q50","Northern","collection5_k2_tropical_temperate_polar","Coldhouse","Hothouse",3,1,-0.468985192428163,NA,NA,NA
"percentile_latbin_OLS","q50","Northern","collection5_k2_tropical_temperate_polar","Coolhouse","Warmhouse",5,1,-0.580073311505907,NA,NA,NA
"percentile_latbin_OLS","q50","Northern","collection5_k2_tropical_temperate_polar","Coolhouse","Hothouse",5,1,-0.568256023846364,NA,NA,NA
"percentile_latbin_OLS","q50","Northern","collection5_k2_tropical_temperate_polar","Transitional","Warmhouse",3,1,-0.149437254655206,NA,NA,NA
"percentile_latbin_OLS","q50","Northern","collection5_k2_tropical_temperate_polar","Transitional","Hothouse",3,1,-0.137619966995662,NA,NA,NA
"percentile_latbin_OLS","q50","Northern","collection5_k2_tropical_temperate_polar","Warmhouse","Hothouse",1,1,0.0118172876595431,NA,NA,NA
"percentile_latbin_OLS","q50","Northern","collection5_k3_tropical_temperate","Coldhouse","Transitional",3,5,-0.965105416555826,0,0.0184442128535249,0.101701411542594
"percentile_latbin_OLS","q50","Northern","collection5_k3_tropical_temperate","Coldhouse","Warmhouse",3,4,-0.525575739882363,0,0.0259149636089548,0.101701411542594
"percentile_latbin_OLS","q50","Northern","collection5_k3_tropical_temperate","Coldhouse","Hothouse",3,3,-0.541087166372102,0,0.0404277991850261,0.101701411542594
"percentile_latbin_OLS","q50","Northern","collection5_k3_tropical_temperate","Coolhouse","Transitional",2,5,-0.924145577207795,0,0.0406805646170377,0.101701411542594
"percentile_latbin_OLS","q50","Northern","collection5_k3_tropical_temperate","Coolhouse","Hothouse",2,3,-0.500127327024071,0,0.0744573365893828,0.148914673178766
"percentile_latbin_OLS","q50","Northern","collection5_k3_tropical_temperate","Coolhouse","Warmhouse",2,4,-0.484615900534332,1,0.123579986605954,0.205966644343256
"percentile_latbin_OLS","q50","Northern","collection5_k3_tropical_temperate","Coldhouse","Coolhouse",3,2,-0.0409598393480308,3,0.613585003657776,0.76698125457222
"percentile_latbin_OLS","q50","Northern","collection5_k3_tropical_temperate","Warmhouse","Hothouse",4,3,-0.0155114264897394,6,0.570158102400667,0.76698125457222
"percentile_latbin_OLS","q50","Northern","collection5_k3_tropical_temperate","Transitional","Warmhouse",5,4,0.439529676673463,18,0.981331792039669,0.991463669453106
"percentile_latbin_OLS","q50","Northern","collection5_k3_tropical_temperate","Transitional","Hothouse",5,3,0.424018250183724,15,0.991463669453106,0.991463669453106
"percentile_latbin_OLS","q50","Northern","collection5_k3_tropical_temperate_polar","Coldhouse","Coolhouse",1,0,NA,NA,NA,NA
"percentile_latbin_OLS","q50","Northern","collection5_k3_tropical_temperate_polar","Coldhouse","Transitional",1,0,NA,NA,NA,NA
"percentile_latbin_OLS","q50","Northern","collection5_k3_tropical_temperate_polar","Coldhouse","Warmhouse",1,1,-0.669483453967333,NA,NA,NA
"percentile_latbin_OLS","q50","Northern","collection5_k3_tropical_temperate_polar","Coldhouse","Hothouse",1,1,-0.65766616630779,NA,NA,NA
"percentile_latbin_OLS","q50","Northern","collection5_k3_tropical_temperate_polar","Coolhouse","Transitional",0,0,NA,NA,NA,NA
"percentile_latbin_OLS","q50","Northern","collection5_k3_tropical_temperate_polar","Coolhouse","Warmhouse",0,1,NA,NA,NA,NA
"percentile_latbin_OLS","q50","Northern","collection5_k3_tropical_temperate_polar","Coolhouse","Hothouse",0,1,NA,NA,NA,NA
"percentile_latbin_OLS","q50","Northern","collection5_k3_tropical_temperate_polar","Transitional","Warmhouse",0,1,NA,NA,NA,NA
"percentile_latbin_OLS","q50","Northern","collection5_k3_tropical_temperate_polar","Transitional","Hothouse",0,1,NA,NA,NA,NA
"percentile_latbin_OLS","q50","Northern","collection5_k3_tropical_temperate_polar","Warmhouse","Hothouse",1,1,0.0118172876595431,NA,NA,NA
"percentile_latbin_OLS","q50","Northern","collection10_k1_tropical_temperate","Coldhouse","Warmhouse",8,8,-0.621896324116629,3,0.00138080220891374,0.0137733754836918
"percentile_latbin_OLS","q50","Northern","collection10_k1_tropical_temperate","Coldhouse","Hothouse",8,6,-0.583019066902254,2,0.00275467509673836,0.0137733754836918
"percentile_latbin_OLS","q50","Northern","collection10_k1_tropical_temperate","Coldhouse","Transitional",8,12,-0.699255319550533,16,0.00754362774720324,0.0251454258240108
"percentile_latbin_OLS","q50","Northern","collection10_k1_tropical_temperate","Coolhouse","Warmhouse",12,8,-0.559235245716785,18,0.0114237705785561,0.0285594264463901
"percentile_latbin_OLS","q50","Northern","collection10_k1_tropical_temperate","Coolhouse","Hothouse",12,6,-0.520357988502409,13,0.0175450087642061,0.0350900175284123
"percentile_latbin_OLS","q50","Northern","collection10_k1_tropical_temperate","Coolhouse","Transitional",12,12,-0.636594241150688,39,0.0303009848560031,0.0505016414266718
"percentile_latbin_OLS","q50","Northern","collection10_k1_tropical_temperate","Coldhouse","Coolhouse",8,12,-0.0626610783998441,40,0.281416876958663,0.402024109940947
"percentile_latbin_OLS","q50","Northern","collection10_k1_tropical_temperate","Transitional","Warmhouse",12,8,0.0773589954339032,46,0.453934250474768,0.56741781309346
"percentile_latbin_OLS","q50","Northern","collection10_k1_tropical_temperate","Transitional","Hothouse",12,6,0.116236252648279,39,0.628470459582408,0.674310776761804
"percentile_latbin_OLS","q50","Northern","collection10_k1_tropical_temperate","Warmhouse","Hothouse",8,6,0.0388772572143759,27,0.674310776761804,0.674310776761804
"percentile_latbin_OLS","q50","Northern","collection10_k1_tropical_temperate_polar","Coldhouse","Warmhouse",5,4,-0.372955802458725,2,0.0330962898610967,0.203402823085189
"percentile_latbin_OLS","q50","Northern","collection10_k1_tropical_temperate_polar","Coldhouse","Hothouse",5,2,-0.523294390105803,0,0.0406805646170377,0.203402823085189
"percentile_latbin_OLS","q50","Northern","collection10_k1_tropical_temperate_polar","Coldhouse","Transitional",5,2,-0.288519942049815,1,0.087622122700003,0.219055306750008
"percentile_latbin_OLS","q50","Northern","collection10_k1_tropical_temperate_polar","Coolhouse","Hothouse",8,2,-0.445649945105801,2,0.075481159880126,0.219055306750008
"percentile_latbin_OLS","q50","Northern","collection10_k1_tropical_temperate_polar","Coolhouse","Warmhouse",8,4,-0.295311357458723,9,0.134803052284104,0.269606104568209
"percentile_latbin_OLS","q50","Northern","collection10_k1_tropical_temperate_polar","Coolhouse","Transitional",8,2,-0.210875497049813,4,0.180382675292251,0.300637792153751
"percentile_latbin_OLS","q50","Northern","collection10_k1_tropical_temperate_polar","Coldhouse","Coolhouse",5,8,-0.077644445000002,17,0.357196518817163,0.408480660857696
"percentile_latbin_OLS","q50","Northern","collection10_k1_tropical_temperate_polar","Transitional","Warmhouse",2,4,-0.0844358604089101,3,0.408480660857696,0.408480660857696
"percentile_latbin_OLS","q50","Northern","collection10_k1_tropical_temperate_polar","Transitional","Hothouse",2,2,-0.234774448055988,1,0.349267679151669,0.408480660857696
"percentile_latbin_OLS","q50","Northern","collection10_k1_tropical_temperate_polar","Warmhouse","Hothouse",4,2,-0.150338587647078,3,0.408480660857696,0.408480660857696
"percentile_latbin_OLS","q50","Northern","collection10_k2_tropical_temperate","Coldhouse","Transitional",5,8,-0.658449451147712,3,0.0078599901050123,0.0196499752625308
"percentile_latbin_OLS","q50","Northern","collection10_k2_tropical_temperate","Coldhouse","Warmhouse",5,5,-0.548966128158263,0,0.0060928901776724,0.0196499752625308
"percentile_latbin_OLS","q50","Northern","collection10_k2_tropical_temperate","Coolhouse","Transitional",6,8,-0.807268855888295,4,0.00591056891831115,0.0196499752625308
"percentile_latbin_OLS","q50","Northern","collection10_k2_tropical_temperate","Coolhouse","Warmhouse",6,5,-0.697785532898846,1,0.00685541503906661,0.0196499752625308
"percentile_latbin_OLS","q50","Northern","collection10_k2_tropical_temperate","Coldhouse","Hothouse",5,4,-0.542213198499433,1,0.0186682079603315,0.0356880076924095
"percentile_latbin_OLS","q50","Northern","collection10_k2_tropical_temperate","Coolhouse","Hothouse",6,4,-0.691032603240016,2,0.0214128046154457,0.0356880076924095
"percentile_latbin_OLS","q50","Northern","collection10_k2_tropical_temperate","Transitional","Warmhouse",8,5,0.109483322989449,16,0.304203900116499,0.434577000166427
"percentile_latbin_OLS","q50","Northern","collection10_k2_tropical_temperate","Transitional","Hothouse",8,4,0.116236252648279,19,0.723892888982925,0.810949236329211
"percentile_latbin_OLS","q50","Northern","collection10_k2_tropical_temperate","Warmhouse","Hothouse",5,4,0.00675292965883037,12,0.72985431269629,0.810949236329211
"percentile_latbin_OLS","q50","Northern","collection10_k2_tropical_temperate","Coldhouse","Coolhouse",5,6,0.148819404740583,21,0.882333366745207,0.882333366745207
"percentile_latbin_OLS","q50","Northern","collection10_k2_tropical_temperate_polar","Coolhouse","Transitional",2,2,-0.293718704408602,0,0.122639058403386,0.122639058403386
"percentile_latbin_OLS","q50","Northern","collection10_k2_tropical_temperate_polar","Coldhouse","Coolhouse",1,2,-0.0806035858603134,NA,NA,NA
"percentile_latbin_OLS","q50","Northern","collection10_k2_tropical_temperate_polar","Coldhouse","Transitional",1,2,-0.374322290268915,NA,NA,NA
"percentile_latbin_OLS","q50","Northern","collection10_k2_tropical_temperate_polar","Coldhouse","Warmhouse",1,1,-0.568100302137779,NA,NA,NA
"percentile_latbin_OLS","q50","Northern","collection10_k2_tropical_temperate_polar","Coldhouse","Hothouse",1,1,-0.659384771597727,NA,NA,NA
"percentile_latbin_OLS","q50","Northern","collection10_k2_tropical_temperate_polar","Coolhouse","Warmhouse",2,1,-0.487496716277466,NA,NA,NA
"percentile_latbin_OLS","q50","Northern","collection10_k2_tropical_temperate_polar","Coolhouse","Hothouse",2,1,-0.578781185737413,NA,NA,NA
"percentile_latbin_OLS","q50","Northern","collection10_k2_tropical_temperate_polar","Transitional","Warmhouse",2,1,-0.193778011868864,NA,NA,NA
"percentile_latbin_OLS","q50","Northern","collection10_k2_tropical_temperate_polar","Transitional","Hothouse",2,1,-0.285062481328812,NA,NA,NA
"percentile_latbin_OLS","q50","Northern","collection10_k2_tropical_temperate_polar","Warmhouse","Hothouse",1,1,-0.0912844694599476,NA,NA,NA
"percentile_latbin_OLS","q50","Northern","collection10_k3_tropical_temperate","Coolhouse","Warmhouse",2,2,-1.31169530523282,0,0.122639058403386,0.367917175210159
"percentile_latbin_OLS","q50","Northern","collection10_k3_tropical_temperate","Coolhouse","Hothouse",2,2,-0.668140747383472,0,0.122639058403386,0.367917175210159
"percentile_latbin_OLS","q50","Northern","collection10_k3_tropical_temperate","Coolhouse","Transitional",2,2,-0.859416851543351,1,0.349267679151669,0.523901518727504
"percentile_latbin_OLS","q50","Northern","collection10_k3_tropical_temperate","Transitional","Warmhouse",2,2,-0.452278453689472,1,0.349267679151669,0.523901518727504
"percentile_latbin_OLS","q50","Northern","collection10_k3_tropical_temperate","Transitional","Hothouse",2,2,0.191276104159879,2,0.650732320848331,0.650732320848331
"percentile_latbin_OLS","q50","Northern","collection10_k3_tropical_temperate","Warmhouse","Hothouse",2,2,0.643554557849351,2,0.650732320848331,0.650732320848331
"percentile_latbin_OLS","q50","Northern","collection10_k3_tropical_temperate","Coldhouse","Coolhouse",1,2,0.00916764797719594,NA,NA,NA
"percentile_latbin_OLS","q50","Northern","collection10_k3_tropical_temperate","Coldhouse","Transitional",1,2,-0.850249203566155,NA,NA,NA
"percentile_latbin_OLS","q50","Northern","collection10_k3_tropical_temperate","Coldhouse","Warmhouse",1,2,-1.30252765725563,NA,NA,NA
"percentile_latbin_OLS","q50","Northern","collection10_k3_tropical_temperate","Coldhouse","Hothouse",1,2,-0.658973099406276,NA,NA,NA
"percentile_latbin_OLS","q50","Northern","collection10_k3_tropical_temperate_polar","Coldhouse","Coolhouse",0,0,NA,NA,NA,NA
"percentile_latbin_OLS","q50","Northern","collection10_k3_tropical_temperate_polar","Coldhouse","Transitional",0,0,NA,NA,NA,NA
"percentile_latbin_OLS","q50","Northern","collection10_k3_tropical_temperate_polar","Coldhouse","Warmhouse",0,1,NA,NA,NA,NA
"percentile_latbin_OLS","q50","Northern","collection10_k3_tropical_temperate_polar","Coldhouse","Hothouse",0,0,NA,NA,NA,NA
"percentile_latbin_OLS","q50","Northern","collection10_k3_tropical_temperate_polar","Coolhouse","Transitional",0,0,NA,NA,NA,NA
"percentile_latbin_OLS","q50","Northern","collection10_k3_tropical_temperate_polar","Coolhouse","Warmhouse",0,1,NA,NA,NA,NA
"percentile_latbin_OLS","q50","Northern","collection10_k3_tropical_temperate_polar","Coolhouse","Hothouse",0,0,NA,NA,NA,NA
"percentile_latbin_OLS","q50","Northern","collection10_k3_tropical_temperate_polar","Transitional","Warmhouse",0,1,NA,NA,NA,NA
"percentile_latbin_OLS","q50","Northern","collection10_k3_tropical_temperate_polar","Transitional","Hothouse",0,0,NA,NA,NA,NA
"percentile_latbin_OLS","q50","Northern","collection10_k3_tropical_temperate_polar","Warmhouse","Hothouse",1,0,NA,NA,NA,NA
"percentile_latbin_OLS","q50","Southern","occurrence5_k1_tropical_temperate","Coldhouse","Hothouse",9,11,-0.664119914592361,11,0.00194466330105158,0.0194466330105158
"percentile_latbin_OLS","q50","Southern","occurrence5_k1_tropical_temperate","Coldhouse","Warmhouse",9,10,-0.583559641981368,16,0.00998222665260803,0.0442395127128732
"percentile_latbin_OLS","q50","Southern","occurrence5_k1_tropical_temperate","Transitional","Hothouse",10,11,-0.235871586458693,23,0.013271853813862,0.0442395127128732
"percentile_latbin_OLS","q50","Southern","occurrence5_k1_tropical_temperate","Coldhouse","Transitional",9,10,-0.428248328133669,19,0.0186682079603314,0.0466705199008286
"percentile_latbin_OLS","q50","Southern","occurrence5_k1_tropical_temperate","Coldhouse","Coolhouse",9,16,-0.370701308364456,40,0.0372657855273097,0.0745315710546195
"percentile_latbin_OLS","q50","Southern","occurrence5_k1_tropical_temperate","Transitional","Warmhouse",10,10,-0.155311313847699,33,0.106146918096166,0.176911530160276
"percentile_latbin_OLS","q50","Southern","occurrence5_k1_tropical_temperate","Coolhouse","Hothouse",16,11,-0.293418606227905,65,0.133436289751018,0.190623271072884
"percentile_latbin_OLS","q50","Southern","occurrence5_k1_tropical_temperate","Warmhouse","Hothouse",10,11,-0.0805602726109936,42,0.189369125943265,0.236711407429081
"percentile_latbin_OLS","q50","Southern","occurrence5_k1_tropical_temperate","Coolhouse","Warmhouse",16,10,-0.212858333616912,71,0.327080446718324,0.363422718575916
"percentile_latbin_OLS","q50","Southern","occurrence5_k1_tropical_temperate","Coolhouse","Transitional",16,10,-0.0575470197692126,84,0.593737865342316,0.593737865342316
"percentile_latbin_OLS","q50","Southern","occurrence5_k1_tropical_temperate_polar","Coolhouse","Hothouse",10,6,-0.316948530657255,6,0.00540265471928412,0.0310483266288807
"percentile_latbin_OLS","q50","Southern","occurrence5_k1_tropical_temperate_polar","Transitional","Hothouse",7,6,-0.289046122239173,3,0.00620966532577613,0.0310483266288807
"percentile_latbin_OLS","q50","Southern","occurrence5_k1_tropical_temperate_polar","Coldhouse","Hothouse",2,6,-0.227220420361607,1,0.0668072012688581,0.222690670896194
"percentile_latbin_OLS","q50","Southern","occurrence5_k1_tropical_temperate_polar","Warmhouse","Hothouse",6,6,-0.201482022943989,10,0.114883135230569,0.287207838076422
"percentile_latbin_OLS","q50","Southern","occurrence5_k1_tropical_temperate_polar","Coolhouse","Transitional",10,7,-0.0279024084180821,32,0.403625083966004,0.576607262808577
"percentile_latbin_OLS","q50","Southern","occurrence5_k1_tropical_temperate_polar","Coolhouse","Warmhouse",10,6,-0.115466507713265,25,0.312741796808226,0.576607262808577
"percentile_latbin_OLS","q50","Southern","occurrence5_k1_tropical_temperate_polar","Transitional","Warmhouse",7,6,-0.0875640992951833,18,0.360492430950835,0.576607262808577
"percentile_latbin_OLS","q50","Southern","occurrence5_k1_tropical_temperate_polar","Coldhouse","Warmhouse",2,6,-0.0257383974176176,6,0.566183832610904,0.70772979076363
"percentile_latbin_OLS","q50","Southern","occurrence5_k1_tropical_temperate_polar","Coldhouse","Transitional",2,7,0.0618257018775657,8,0.669725397399163,0.744139330443515
"percentile_latbin_OLS","q50","Southern","occurrence5_k1_tropical_temperate_polar","Coldhouse","Coolhouse",2,10,0.0897281102956478,14,0.833166757458515,0.833166757458515
"percentile_latbin_OLS","q50","Southern","occurrence5_k2_tropical_temperate","Coldhouse","Hothouse",5,5,-0.430960977038546,0,0.0060928901776724,0.060928901776724
"percentile_latbin_OLS","q50","Southern","occurrence5_k2_tropical_temperate","Coldhouse","Warmhouse",5,5,-0.265550363498227,3,0.0300514029694332,0.100171343231444
"percentile_latbin_OLS","q50","Southern","occurrence5_k2_tropical_temperate","Transitional","Hothouse",5,5,-0.27657871904624,3,0.0300514029694332,0.100171343231444
"percentile_latbin_OLS","q50","Southern","occurrence5_k2_tropical_temperate","Coldhouse","Transitional",5,5,-0.154382257992306,6,0.105037520393329,0.150053600561899
"percentile_latbin_OLS","q50","Southern","occurrence5_k2_tropical_temperate","Coolhouse","Hothouse",10,5,-0.389525683341861,12,0.06289321231947,0.150053600561899
"percentile_latbin_OLS","q50","Southern","occurrence5_k2_tropical_temperate","Transitional","Warmhouse",5,5,-0.111168105505921,6,0.105037520393329,0.150053600561899
"percentile_latbin_OLS","q50","Southern","occurrence5_k2_tropical_temperate","Warmhouse","Hothouse",5,5,-0.165410613540319,6,0.105037520393329,0.150053600561899
"percentile_latbin_OLS","q50","Southern","occurrence5_k2_tropical_temperate","Coldhouse","Coolhouse",5,10,-0.0414352936966847,17,0.17916323337444,0.22395404171805
"percentile_latbin_OLS","q50","Southern","occurrence5_k2_tropical_temperate","Coolhouse","Warmhouse",10,5,-0.224115069801542,18,0.212991558272459,0.236657286969399
"percentile_latbin_OLS","q50","Southern","occurrence5_k2_tropical_temperate","Coolhouse","Transitional",10,5,-0.112946964295621,27,0.620268567310033,0.620268567310033
"percentile_latbin_OLS","q50","Southern","occurrence5_k2_tropical_temperate_polar","Coolhouse","Warmhouse",6,4,-0.307470230611085,5,0.0829032800970067,0.165806560194013
"percentile_latbin_OLS","q50","Southern","occurrence5_k2_tropical_temperate_polar","Coolhouse","Hothouse",6,3,-0.299513131561496,2,0.0466449780918023,0.165806560194013
"percentile_latbin_OLS","q50","Southern","occurrence5_k2_tropical_temperate_polar","Transitional","Hothouse",2,3,-0.240492836536456,0,0.0744573365893828,0.165806560194013
"percentile_latbin_OLS","q50","Southern","occurrence5_k2_tropical_temperate_polar","Transitional","Warmhouse",2,4,-0.248449935586045,1,0.123579986605954,0.18536997990893
"percentile_latbin_OLS","q50","Southern","occurrence5_k2_tropical_temperate_polar","Warmhouse","Hothouse",4,3,0.00795709904958933,4,0.297941545282589,0.357529854339107
"percentile_latbin_OLS","q50","Southern","occurrence5_k2_tropical_temperate_polar","Coolhouse","Transitional",6,2,-0.0590202950250401,7,0.691462461274013,0.691462461274013
"percentile_latbin_OLS","q50","Southern","occurrence5_k2_tropical_temperate_polar","Coldhouse","Coolhouse",0,6,NA,NA,NA,NA
"percentile_latbin_OLS","q50","Southern","occurrence5_k2_tropical_temperate_polar","Coldhouse","Transitional",0,2,NA,NA,NA,NA
"percentile_latbin_OLS","q50","Southern","occurrence5_k2_tropical_temperate_polar","Coldhouse","Warmhouse",0,4,NA,NA,NA,NA
"percentile_latbin_OLS","q50","Southern","occurrence5_k2_tropical_temperate_polar","Coldhouse","Hothouse",0,3,NA,NA,NA,NA
"percentile_latbin_OLS","q50","Southern","occurrence5_k3_tropical_temperate","Coldhouse","Transitional",2,3,-0.14795608027049,0,0.0744573365893828,0.372286682946914
"percentile_latbin_OLS","q50","Southern","occurrence5_k3_tropical_temperate","Coldhouse","Hothouse",2,4,-0.291732489633986,0,0.0525962525600207,0.372286682946914
"percentile_latbin_OLS","q50","Southern","occurrence5_k3_tropical_temperate","Coolhouse","Hothouse",6,4,-0.2498730777684,6,0.120477334350785,0.401591114502617
"percentile_latbin_OLS","q50","Southern","occurrence5_k3_tropical_temperate","Coldhouse","Warmhouse",2,4,-0.240379313941967,2,0.243726645182017,0.406211075303362
"percentile_latbin_OLS","q50","Southern","occurrence5_k3_tropical_temperate","Transitional","Hothouse",3,4,-0.143776409363495,3,0.188379558905791,0.406211075303362
"percentile_latbin_OLS","q50","Southern","occurrence5_k3_tropical_temperate","Warmhouse","Hothouse",4,4,-0.0513531756920192,5,0.235243211029395,0.406211075303362
"percentile_latbin_OLS","q50","Southern","occurrence5_k3_tropical_temperate","Coolhouse","Transitional",6,3,-0.106096668404904,7,0.349267679151669,0.468199458125372
"percentile_latbin_OLS","q50","Southern","occurrence5_k3_tropical_temperate","Coolhouse","Warmhouse",6,4,-0.19851990207638,10,0.374559566500298,0.468199458125372
"percentile_latbin_OLS","q50","Southern","occurrence5_k3_tropical_temperate","Transitional","Warmhouse",3,4,-0.0924232336714762,5,0.429841897599333,0.477602108443703
"percentile_latbin_OLS","q50","Southern","occurrence5_k3_tropical_temperate","Coldhouse","Coolhouse",2,6,-0.0418594118655862,6,0.566183832610904,0.566183832610904
"percentile_latbin_OLS","q50","Southern","occurrence5_k3_tropical_temperate_polar","Coolhouse","Warmhouse",3,2,-0.473742463621281,0,0.0744573365893828,0.111686004884074
"percentile_latbin_OLS","q50","Southern","occurrence5_k3_tropical_temperate_polar","Coolhouse","Hothouse",3,3,-0.325268464736774,0,0.0404277991850261,0.111686004884074
"percentile_latbin_OLS","q50","Southern","occurrence5_k3_tropical_temperate_polar","Warmhouse","Hothouse",2,3,0.148473998884507,4,0.806761884614384,0.806761884614384
"percentile_latbin_OLS","q50","Southern","occurrence5_k3_tropical_temperate_polar","Coldhouse","Coolhouse",0,3,NA,NA,NA,NA
"percentile_latbin_OLS","q50","Southern","occurrence5_k3_tropical_temperate_polar","Coldhouse","Transitional",0,1,NA,NA,NA,NA
"percentile_latbin_OLS","q50","Southern","occurrence5_k3_tropical_temperate_polar","Coldhouse","Warmhouse",0,2,NA,NA,NA,NA
"percentile_latbin_OLS","q50","Southern","occurrence5_k3_tropical_temperate_polar","Coldhouse","Hothouse",0,3,NA,NA,NA,NA
"percentile_latbin_OLS","q50","Southern","occurrence5_k3_tropical_temperate_polar","Coolhouse","Transitional",3,1,-0.229545593930257,NA,NA,NA
"percentile_latbin_OLS","q50","Southern","occurrence5_k3_tropical_temperate_polar","Transitional","Warmhouse",1,2,-0.244196869691024,NA,NA,NA
"percentile_latbin_OLS","q50","Southern","occurrence5_k3_tropical_temperate_polar","Transitional","Hothouse",1,3,-0.0957228708065173,NA,NA,NA
"percentile_latbin_OLS","q50","Southern","occurrence10_k1_tropical_temperate","Coldhouse","Hothouse",9,10,-0.76569476917925,0,0.000139850135093343,0.00139850135093343
"percentile_latbin_OLS","q50","Southern","occurrence10_k1_tropical_temperate","Transitional","Hothouse",9,10,-0.480706935587777,6,0.000834668321371276,0.00417334160685638
"percentile_latbin_OLS","q50","Southern","occurrence10_k1_tropical_temperate","Coldhouse","Warmhouse",9,9,-0.565311057465058,12,0.00670932896024874,0.0223644298674958
"percentile_latbin_OLS","q50","Southern","occurrence10_k1_tropical_temperate","Warmhouse","Hothouse",9,10,-0.200383711714192,19,0.0186682079603314,0.0466705199008286
"percentile_latbin_OLS","q50","Southern","occurrence10_k1_tropical_temperate","Coldhouse","Coolhouse",9,16,-0.32789354043135,37,0.02539926036942,0.05079852073884
"percentile_latbin_OLS","q50","Southern","occurrence10_k1_tropical_temperate","Coolhouse","Hothouse",16,10,-0.4378012287479,49,0.0539733352862998,0.0899555588104997
"percentile_latbin_OLS","q50","Southern","occurrence10_k1_tropical_temperate","Transitional","Warmhouse",9,9,-0.280323223873584,23,0.0666601077948137,0.0952287254211625
"percentile_latbin_OLS","q50","Southern","occurrence10_k1_tropical_temperate","Coldhouse","Transitional",9,9,-0.284987833591474,25,0.0926631520992898,0.115828940124112
"percentile_latbin_OLS","q50","Southern","occurrence10_k1_tropical_temperate","Coolhouse","Warmhouse",16,9,-0.237417517033708,65,0.356440331877537,0.396044813197263
"percentile_latbin_OLS","q50","Southern","occurrence10_k1_tropical_temperate","Coolhouse","Transitional",16,9,0.0429057068398764,90,0.852532350621454,0.852532350621454
"percentile_latbin_OLS","q50","Southern","occurrence10_k1_tropical_temperate_polar","Transitional","Hothouse",6,5,-0.413288968952867,0,0.00405655863278289,0.0405655863278289
"percentile_latbin_OLS","q50","Southern","occurrence10_k1_tropical_temperate_polar","Coolhouse","Hothouse",9,5,-0.401149757024075,4,0.00819753592459613,0.0409876796229807
"percentile_latbin_OLS","q50","Southern","occurrence10_k1_tropical_temperate_polar","Coldhouse","Hothouse",2,5,-0.339594227845241,0,0.0406805646170377,0.135601882056792
"percentile_latbin_OLS","q50","Southern","occurrence10_k1_tropical_temperate_polar","Warmhouse","Hothouse",5,5,-0.203655603755896,5,0.0718360409034801,0.1795901022587
"percentile_latbin_OLS","q50","Southern","occurrence10_k1_tropical_temperate_polar","Transitional","Warmhouse",6,5,-0.209633365196971,11,0.261408326959544,0.522816653919089
"percentile_latbin_OLS","q50","Southern","occurrence10_k1_tropical_temperate_polar","Coldhouse","Warmhouse",2,5,-0.135938624089345,4,0.423225298438295,0.604607569197565
"percentile_latbin_OLS","q50","Southern","occurrence10_k1_tropical_temperate_polar","Coolhouse","Warmhouse",9,5,-0.197494153268179,20,0.394862910464025,0.604607569197565
"percentile_latbin_OLS","q50","Southern","occurrence10_k1_tropical_temperate_polar","Coolhouse","Transitional",9,6,0.0121392119287923,28,0.570158102400667,0.712697628000834
"percentile_latbin_OLS","q50","Southern","occurrence10_k1_tropical_temperate_polar","Coldhouse","Coolhouse",2,9,0.0615555291788337,13,0.855577816826758,0.878327495425619
"percentile_latbin_OLS","q50","Southern","occurrence10_k1_tropical_temperate_polar","Coldhouse","Transitional",2,6,0.073694741107626,9,0.878327495425619,0.878327495425619
"percentile_latbin_OLS","q50","Southern","occurrence10_k2_tropical_temperate","Coldhouse","Warmhouse",4,5,-0.50595992300695,0,0.00998222665260803,0.0499111332630402
"percentile_latbin_OLS","q50","Southern","occurrence10_k2_tropical_temperate","Coldhouse","Hothouse",4,5,-0.668947504541306,0,0.00998222665260803,0.0499111332630402
"percentile_latbin_OLS","q50","Southern","occurrence10_k2_tropical_temperate","Transitional","Hothouse",5,5,-0.509183598592954,2,0.018356928181352,0.0611897606045068
"percentile_latbin_OLS","q50","Southern","occurrence10_k2_tropical_temperate","Transitional","Warmhouse",5,5,-0.346196017058598,4,0.047346471299738,0.118366178249345
"percentile_latbin_OLS","q50","Southern","occurrence10_k2_tropical_temperate","Coldhouse","Coolhouse",4,10,-0.213496175864099,9,0.0687819469549517,0.119726734839134
"percentile_latbin_OLS","q50","Southern","occurrence10_k2_tropical_temperate","Warmhouse","Hothouse",5,5,-0.162987581534356,5,0.0718360409034801,0.119726734839134
"percentile_latbin_OLS","q50","Southern","occurrence10_k2_tropical_temperate","Coolhouse","Hothouse",10,5,-0.455451328677207,14,0.0992246517960062,0.141749502565723
"percentile_latbin_OLS","q50","Southern","occurrence10_k2_tropical_temperate","Coolhouse","Warmhouse",10,5,-0.292463747142851,15,0.122311802563492,0.152889753204365
"percentile_latbin_OLS","q50","Southern","occurrence10_k2_tropical_temperate","Coldhouse","Transitional",4,5,-0.159763905948352,7,0.27014568730371,0.3001618747819
"percentile_latbin_OLS","q50","Southern","occurrence10_k2_tropical_temperate","Coolhouse","Transitional",10,5,0.053732269915747,30,0.74972025109093,0.74972025109093
"percentile_latbin_OLS","q50","Southern","occurrence10_k2_tropical_temperate_polar","Coolhouse","Warmhouse",5,3,-0.384125102153359,0,0.0184442128535249,0.0553326385605748
"percentile_latbin_OLS","q50","Southern","occurrence10_k2_tropical_temperate_polar","Coolhouse","Hothouse",5,3,-0.401149757024075,0,0.0184442128535249,0.0553326385605748
"percentile_latbin_OLS","q50","Southern","occurrence10_k2_tropical_temperate_polar","Transitional","Warmhouse",2,3,-0.314496740220254,0,0.0744573365893828,0.111686004884074
"percentile_latbin_OLS","q50","Southern","occurrence10_k2_tropical_temperate_polar","Transitional","Hothouse",2,3,-0.33152139509097,0,0.0744573365893828,0.111686004884074
"percentile_latbin_OLS","q50","Southern","occurrence10_k2_tropical_temperate_polar","Coolhouse","Transitional",5,2,-0.0696283619331044,3,0.280637918067289,0.331260291770029
"percentile_latbin_OLS","q50","Southern","occurrence10_k2_tropical_temperate_polar","Warmhouse","Hothouse",3,3,-0.017024654870716,3,0.331260291770029,0.331260291770029
"percentile_latbin_OLS","q50","Southern","occurrence10_k2_tropical_temperate_polar","Coldhouse","Coolhouse",0,5,NA,NA,NA,NA
"percentile_latbin_OLS","q50","Southern","occurrence10_k2_tropical_temperate_polar","Coldhouse","Transitional",0,2,NA,NA,NA,NA
"percentile_latbin_OLS","q50","Southern","occurrence10_k2_tropical_temperate_polar","Coldhouse","Warmhouse",0,3,NA,NA,NA,NA
"percentile_latbin_OLS","q50","Southern","occurrence10_k2_tropical_temperate_polar","Coldhouse","Hothouse",0,3,NA,NA,NA,NA
"percentile_latbin_OLS","q50","Southern","occurrence10_k3_tropical_temperate","Coolhouse","Warmhouse",6,4,-0.267695526187554,8,0.227772546894665,0.357529854339107
"percentile_latbin_OLS","q50","Southern","occurrence10_k3_tropical_temperate","Coolhouse","Hothouse",6,3,-0.322722928787349,6,0.259302508214363,0.357529854339107
"percentile_latbin_OLS","q50","Southern","occurrence10_k3_tropical_temperate","Transitional","Warmhouse",3,4,-0.168789220194672,3,0.188379558905791,0.357529854339107
"percentile_latbin_OLS","q50","Southern","occurrence10_k3_tropical_temperate","Transitional","Hothouse",3,3,-0.223816622794468,2,0.191366544442613,0.357529854339107
"percentile_latbin_OLS","q50","Southern","occurrence10_k3_tropical_temperate","Warmhouse","Hothouse",4,3,-0.0550274025997954,4,0.297941545282589,0.357529854339107
"percentile_latbin_OLS","q50","Southern","occurrence10_k3_tropical_temperate","Coolhouse","Transitional",6,3,-0.0989063059928818,10,0.650732320848331,0.650732320848331
"percentile_latbin_OLS","q50","Southern","occurrence10_k3_tropical_temperate","Coldhouse","Coolhouse",0,6,NA,NA,NA,NA
"percentile_latbin_OLS","q50","Southern","occurrence10_k3_tropical_temperate","Coldhouse","Transitional",0,3,NA,NA,NA,NA
"percentile_latbin_OLS","q50","Southern","occurrence10_k3_tropical_temperate","Coldhouse","Warmhouse",0,4,NA,NA,NA,NA
"percentile_latbin_OLS","q50","Southern","occurrence10_k3_tropical_temperate","Coldhouse","Hothouse",0,3,NA,NA,NA,NA
"percentile_latbin_OLS","q50","Southern","occurrence10_k3_tropical_temperate_polar","Coolhouse","Warmhouse",3,2,-0.431606791785878,0,0.0744573365893828,0.111686004884074
"percentile_latbin_OLS","q50","Southern","occurrence10_k3_tropical_temperate_polar","Coolhouse","Hothouse",3,3,-0.401149757024075,0,0.0404277991850261,0.111686004884074
"percentile_latbin_OLS","q50","Southern","occurrence10_k3_tropical_temperate_polar","Warmhouse","Hothouse",2,3,0.0304570347618034,3,0.613585003657776,0.613585003657776
"percentile_latbin_OLS","q50","Southern","occurrence10_k3_tropical_temperate_polar","Coldhouse","Coolhouse",0,3,NA,NA,NA,NA
"percentile_latbin_OLS","q50","Southern","occurrence10_k3_tropical_temperate_polar","Coldhouse","Transitional",0,1,NA,NA,NA,NA
"percentile_latbin_OLS","q50","Southern","occurrence10_k3_tropical_temperate_polar","Coldhouse","Warmhouse",0,2,NA,NA,NA,NA
"percentile_latbin_OLS","q50","Southern","occurrence10_k3_tropical_temperate_polar","Coldhouse","Hothouse",0,3,NA,NA,NA,NA
"percentile_latbin_OLS","q50","Southern","occurrence10_k3_tropical_temperate_polar","Coolhouse","Transitional",3,1,-0.177333134229607,NA,NA,NA
"percentile_latbin_OLS","q50","Southern","occurrence10_k3_tropical_temperate_polar","Transitional","Warmhouse",1,2,-0.254273657556271,NA,NA,NA
"percentile_latbin_OLS","q50","Southern","occurrence10_k3_tropical_temperate_polar","Transitional","Hothouse",1,3,-0.223816622794468,NA,NA,NA
"percentile_latbin_OLS","q50","Southern","collection5_k1_tropical_temperate","Coldhouse","Hothouse",9,9,-0.78176143466312,9,0.00309665908702214,0.0309665908702214
"percentile_latbin_OLS","q50","Southern","collection5_k1_tropical_temperate","Coldhouse","Warmhouse",9,7,-0.575834499824475,8,0.0074545795581525,0.0372728977907625
"percentile_latbin_OLS","q50","Southern","collection5_k1_tropical_temperate","Transitional","Hothouse",10,9,-0.445982995382269,20,0.0227276474245292,0.0757588247484308
"percentile_latbin_OLS","q50","Southern","collection5_k1_tropical_temperate","Coldhouse","Coolhouse",9,16,-0.317864321083592,43,0.0533185289012817,0.130911127896291
"percentile_latbin_OLS","q50","Southern","collection5_k1_tropical_temperate","Coldhouse","Transitional",9,10,-0.335778439280851,26,0.0654555639481453,0.130911127896291
"percentile_latbin_OLS","q50","Southern","collection5_k1_tropical_temperate","Transitional","Warmhouse",10,7,-0.240056060543625,22,0.111256114862955,0.158937306947079
"percentile_latbin_OLS","q50","Southern","collection5_k1_tropical_temperate","Warmhouse","Hothouse",7,9,-0.205926934838645,19,0.102004081810336,0.158937306947079
"percentile_latbin_OLS","q50","Southern","collection5_k1_tropical_temperate","Coolhouse","Hothouse",16,9,-0.463897113579528,54,0.160905689599075,0.201132111998844
"percentile_latbin_OLS","q50","Southern","collection5_k1_tropical_temperate","Coolhouse","Warmhouse",16,7,-0.257970178740884,48,0.308145155687049,0.342383506318943
"percentile_latbin_OLS","q50","Southern","collection5_k1_tropical_temperate","Coolhouse","Transitional",16,10,-0.0179141181972591,83,0.573176128454483,0.573176128454483
"percentile_latbin_OLS","q50","Southern","collection5_k1_tropical_temperate_polar","Coolhouse","Hothouse",9,4,-0.648947084602215,2,0.00838522806319097,0.0419261403159548
"percentile_latbin_OLS","q50","Southern","collection5_k1_tropical_temperate_polar","Transitional","Hothouse",7,4,-0.610138291258801,0,0.0053667080514986,0.0419261403159548
"percentile_latbin_OLS","q50","Southern","collection5_k1_tropical_temperate_polar","Coldhouse","Hothouse",2,4,-0.499820414154039,0,0.0525962525600207,0.14043899711308
"percentile_latbin_OLS","q50","Southern","collection5_k1_tropical_temperate_polar","Warmhouse","Hothouse",4,4,-0.302921005513082,2,0.056175598845232,0.14043899711308
"percentile_latbin_OLS","q50","Southern","collection5_k1_tropical_temperate_polar","Coolhouse","Warmhouse",9,4,-0.346026079089133,11,0.157937239915245,0.263228733192075
"percentile_latbin_OLS","q50","Southern","collection5_k1_tropical_temperate_polar","Transitional","Warmhouse",7,4,-0.307217285745719,8,0.149308837224405,0.263228733192075
"percentile_latbin_OLS","q50","Southern","collection5_k1_tropical_temperate_polar","Coldhouse","Warmhouse",2,4,-0.196899408640957,2,0.243726645182017,0.348180921688596
"percentile_latbin_OLS","q50","Southern","collection5_k1_tropical_temperate_polar","Coolhouse","Transitional",9,7,-0.0388087933434141,27,0.33599993550481,0.419999919381012
"percentile_latbin_OLS","q50","Southern","collection5_k1_tropical_temperate_polar","Coldhouse","Transitional",2,7,0.110317877104762,9,0.767892843614484,0.85321427068276
"percentile_latbin_OLS","q50","Southern","collection5_k1_tropical_temperate_polar","Coldhouse","Coolhouse",2,9,0.149126670448176,13,0.855577816826758,0.855577816826758
"percentile_latbin_OLS","q50","Southern","collection5_k2_tropical_temperate","Coldhouse","Warmhouse",3,4,-0.788531567693032,0,0.0259149636089548,0.129574818044774
"percentile_latbin_OLS","q50","Southern","collection5_k2_tropical_temperate","Coldhouse","Hothouse",3,5,-0.819641719221029,0,0.0184442128535249,0.129574818044774
"percentile_latbin_OLS","q50","Southern","collection5_k2_tropical_temperate","Coldhouse","Coolhouse",3,8,-0.485047387759736,3,0.0413655111575512,0.137885037191837
"percentile_latbin_OLS","q50","Southern","collection5_k2_tropical_temperate","Transitional","Hothouse",5,5,-0.483977212553757,5,0.0718360409034801,0.1795901022587
"percentile_latbin_OLS","q50","Southern","collection5_k2_tropical_temperate","Coldhouse","Transitional",3,5,-0.335664506667272,4,0.185546684761349,0.24454204955165
"percentile_latbin_OLS","q50","Southern","collection5_k2_tropical_temperate","Coolhouse","Hothouse",8,5,-0.334594331461293,13,0.170674656977379,0.24454204955165
"percentile_latbin_OLS","q50","Southern","collection5_k2_tropical_temperate","Transitional","Warmhouse",5,4,-0.452867061025761,5,0.13517207032739,0.24454204955165
"percentile_latbin_OLS","q50","Southern","collection5_k2_tropical_temperate","Warmhouse","Hothouse",4,5,-0.0311101515279965,6,0.19563363964132,0.24454204955165
"percentile_latbin_OLS","q50","Southern","collection5_k2_tropical_temperate","Coolhouse","Warmhouse",8,4,-0.303484179933296,13,0.335562729194906,0.372847476883229
"percentile_latbin_OLS","q50","Southern","collection5_k2_tropical_temperate","Coolhouse","Transitional",8,5,0.149382881092464,25,0.789624078316534,0.789624078316534
"percentile_latbin_OLS","q50","Southern","collection5_k2_tropical_temperate_polar","Coolhouse","Warmhouse",4,2,-0.44628039829073,0,0.0525962525600207,0.148914673178766
"percentile_latbin_OLS","q50","Southern","collection5_k2_tropical_temperate_polar","Coolhouse","Hothouse",4,3,-0.477390549818727,0,0.0259149636089548,0.148914673178766
"percentile_latbin_OLS","q50","Southern","collection5_k2_tropical_temperate_polar","Transitional","Hothouse",2,3,-0.32604825630064,0,0.0744573365893828,0.148914673178766
"percentile_latbin_OLS","q50","Southern","collection5_k2_tropical_temperate_polar","Transitional","Warmhouse",2,2,-0.294938104772644,0,0.122639058403386,0.18395858760508
"percentile_latbin_OLS","q50","Southern","collection5_k2_tropical_temperate_polar","Coolhouse","Transitional",4,2,-0.151342293518087,2,0.243726645182017,0.292471974218421
"percentile_latbin_OLS","q50","Southern","collection5_k2_tropical_temperate_polar","Warmhouse","Hothouse",2,3,-0.0311101515279965,2,0.386414996342224,0.386414996342224
"percentile_latbin_OLS","q50","Southern","collection5_k2_tropical_temperate_polar","Coldhouse","Coolhouse",0,4,NA,NA,NA,NA
"percentile_latbin_OLS","q50","Southern","collection5_k2_tropical_temperate_polar","Coldhouse","Transitional",0,2,NA,NA,NA,NA
"percentile_latbin_OLS","q50","Southern","collection5_k2_tropical_temperate_polar","Coldhouse","Warmhouse",0,2,NA,NA,NA,NA
"percentile_latbin_OLS","q50","Southern","collection5_k2_tropical_temperate_polar","Coldhouse","Hothouse",0,3,NA,NA,NA,NA
"percentile_latbin_OLS","q50","Southern","collection5_k3_tropical_temperate","Coolhouse","Warmhouse",4,4,-0.44628039829073,1,0.030300984856003,0.157788757680062
"percentile_latbin_OLS","q50","Southern","collection5_k3_tropical_temperate","Coolhouse","Hothouse",4,2,-0.414402380741042,0,0.0525962525600207,0.157788757680062
"percentile_latbin_OLS","q50","Southern","collection5_k3_tropical_temperate","Coolhouse","Transitional",4,3,-0.309271249771204,4,0.297941545282589,0.5158102771192
"percentile_latbin_OLS","q50","Southern","collection5_k3_tropical_temperate","Transitional","Warmhouse",3,4,-0.137009148519526,5,0.429841897599333,0.5158102771192
"percentile_latbin_OLS","q50","Southern","collection5_k3_tropical_temperate","Transitional","Hothouse",3,2,-0.105131130969838,2,0.386414996342224,0.5158102771192
"percentile_latbin_OLS","q50","Southern","collection5_k3_tropical_temperate","Warmhouse","Hothouse",4,2,0.0318780175496887,4,0.591519339142304,0.591519339142304
"percentile_latbin_OLS","q50","Southern","collection5_k3_tropical_temperate","Coldhouse","Coolhouse",0,4,NA,NA,NA,NA
"percentile_latbin_OLS","q50","Southern","collection5_k3_tropical_temperate","Coldhouse","Transitional",0,3,NA,NA,NA,NA
"percentile_latbin_OLS","q50","Southern","collection5_k3_tropical_temperate","Coldhouse","Warmhouse",0,4,NA,NA,NA,NA
"percentile_latbin_OLS","q50","Southern","collection5_k3_tropical_temperate","Coldhouse","Hothouse",0,2,NA,NA,NA,NA
"percentile_latbin_OLS","q50","Southern","collection5_k3_tropical_temperate_polar","Coolhouse","Warmhouse",3,2,-0.397414362037762,0,0.0744573365893828,0.0744573365893828
"percentile_latbin_OLS","q50","Southern","collection5_k3_tropical_temperate_polar","Coldhouse","Coolhouse",0,3,NA,NA,NA,NA
"percentile_latbin_OLS","q50","Southern","collection5_k3_tropical_temperate_polar","Coldhouse","Transitional",0,1,NA,NA,NA,NA
"percentile_latbin_OLS","q50","Southern","collection5_k3_tropical_temperate_polar","Coldhouse","Warmhouse",0,2,NA,NA,NA,NA
"percentile_latbin_OLS","q50","Southern","collection5_k3_tropical_temperate_polar","Coldhouse","Hothouse",0,1,NA,NA,NA,NA
"percentile_latbin_OLS","q50","Southern","collection5_k3_tropical_temperate_polar","Coolhouse","Transitional",3,1,-0.260405213518236,NA,NA,NA
"percentile_latbin_OLS","q50","Southern","collection5_k3_tropical_temperate_polar","Coolhouse","Hothouse",3,1,-0.302548175410388,NA,NA,NA
"percentile_latbin_OLS","q50","Southern","collection5_k3_tropical_temperate_polar","Transitional","Warmhouse",1,2,-0.137009148519526,NA,NA,NA
"percentile_latbin_OLS","q50","Southern","collection5_k3_tropical_temperate_polar","Transitional","Hothouse",1,1,-0.0421429618921524,NA,NA,NA
"percentile_latbin_OLS","q50","Southern","collection5_k3_tropical_temperate_polar","Warmhouse","Hothouse",2,1,0.094866186627374,NA,NA,NA
"percentile_latbin_OLS","q50","Southern","collection10_k1_tropical_temperate","Coldhouse","Hothouse",5,7,-1.20703255421796,0,0.00288306045711863,0.0163404029356067
"percentile_latbin_OLS","q50","Southern","collection10_k1_tropical_temperate","Transitional","Hothouse",8,7,-0.56343383973338,4,0.00326808058712134,0.0163404029356067
"percentile_latbin_OLS","q50","Southern","collection10_k1_tropical_temperate","Coldhouse","Coolhouse",5,12,-0.776386596339322,7,0.00885303290368331,0.0221325822592083
"percentile_latbin_OLS","q50","Southern","collection10_k1_tropical_temperate","Coldhouse","Warmhouse",5,6,-0.983993226328775,1,0.00685541503906661,0.0221325822592083
"percentile_latbin_OLS","q50","Southern","collection10_k1_tropical_temperate","Coolhouse","Hothouse",12,7,-0.430645957878639,17,0.0191967902685548,0.0383935805371096
"percentile_latbin_OLS","q50","Southern","collection10_k1_tropical_temperate","Warmhouse","Hothouse",6,7,-0.223039327889186,8,0.0370727655557034,0.061787942592839
"percentile_latbin_OLS","q50","Southern","collection10_k1_tropical_temperate","Coldhouse","Transitional",5,8,-0.643598714484581,8,0.0461461695170366,0.0659230993100523
"percentile_latbin_OLS","q50","Southern","collection10_k1_tropical_temperate","Transitional","Warmhouse",8,6,-0.340394511844194,11,0.0532915847874438,0.0666144809843048
"percentile_latbin_OLS","q50","Southern","collection10_k1_tropical_temperate","Coolhouse","Warmhouse",12,6,-0.207606629989454,26,0.186798318728218,0.207553687475798
"percentile_latbin_OLS","q50","Southern","collection10_k1_tropical_temperate","Coolhouse","Transitional",12,8,0.132787881854741,57,0.768202765684376,0.768202765684376
"percentile_latbin_OLS","q50","Southern","collection10_k1_tropical_temperate_polar","Coolhouse","Hothouse",4,3,-0.51302394824483,0,0.0259149636089548,0.0661925797221935
"percentile_latbin_OLS","q50","Southern","collection10_k1_tropical_temperate_polar","Transitional","Warmhouse",5,4,-0.434804564079072,2,0.0330962898610967,0.0661925797221935
"percentile_latbin_OLS","q50","Southern","collection10_k1_tropical_temperate_polar","Transitional","Hothouse",5,3,-0.657843891968258,0,0.0184442128535249,0.0661925797221935
"percentile_latbin_OLS","q50","Southern","collection10_k1_tropical_temperate_polar","Coolhouse","Warmhouse",4,4,-0.289984620355645,3,0.0969654261412053,0.129554963364084
"percentile_latbin_OLS","q50","Southern","collection10_k1_tropical_temperate_polar","Warmhouse","Hothouse",4,3,-0.223039327889186,2,0.10796246947007,0.129554963364084
"percentile_latbin_OLS","q50","Southern","collection10_k1_tropical_temperate_polar","Coolhouse","Transitional",4,5,0.144819943723428,11,0.643348413060771,0.643348413060771
"percentile_latbin_OLS","q50","Southern","collection10_k1_tropical_temperate_polar","Coldhouse","Coolhouse",1,4,0.136344819788309,NA,NA,NA
"percentile_latbin_OLS","q50","Southern","collection10_k1_tropical_temperate_polar","Coldhouse","Transitional",1,5,0.281164763511737,NA,NA,NA
"percentile_latbin_OLS","q50","Southern","collection10_k1_tropical_temperate_polar","Coldhouse","Warmhouse",1,4,-0.153639800567335,NA,NA,NA
"percentile_latbin_OLS","q50","Southern","collection10_k1_tropical_temperate_polar","Coldhouse","Hothouse",1,3,-0.376679128456521,NA,NA,NA
"percentile_latbin_OLS","q50","Southern","collection10_k2_tropical_temperate","Coolhouse","Warmhouse",3,4,-0.433489678997063,1,0.0558058841491461,0.136037128114144
"percentile_latbin_OLS","q50","Southern","collection10_k2_tropical_temperate","Coolhouse","Hothouse",3,3,-0.47826607162031,0,0.0404277991850261,0.136037128114144
"percentile_latbin_OLS","q50","Southern","collection10_k2_tropical_temperate","Transitional","Hothouse",5,3,-0.658856210194388,2,0.0680185640570718,0.136037128114144
"percentile_latbin_OLS","q50","Southern","collection10_k2_tropical_temperate","Transitional","Warmhouse",5,4,-0.614079817571141,5,0.13517207032739,0.202758105491085
"percentile_latbin_OLS","q50","Southern","collection10_k2_tropical_temperate","Warmhouse","Hothouse",4,3,-0.0447763926232464,4,0.297941545282589,0.357529854339107
"percentile_latbin_OLS","q50","Southern","collection10_k2_tropical_temperate","Coolhouse","Transitional",3,5,0.180590138574078,9,0.724507506207453,0.724507506207453
"percentile_latbin_OLS","q50","Southern","collection10_k2_tropical_temperate","Coldhouse","Coolhouse",1,3,-0.728766482597651,NA,NA,NA
"percentile_latbin_OLS","q50","Southern","collection10_k2_tropical_temperate","Coldhouse","Transitional",1,5,-0.548176344023573,NA,NA,NA
"percentile_latbin_OLS","q50","Southern","collection10_k2_tropical_temperate","Coldhouse","Warmhouse",1,4,-1.16225616159471,NA,NA,NA
"percentile_latbin_OLS","q50","Southern","collection10_k2_tropical_temperate","Coldhouse","Hothouse",1,3,-1.20703255421796,NA,NA,NA
"percentile_latbin_OLS","q50","Southern","collection10_k2_tropical_temperate_polar","Coolhouse","Warmhouse",2,2,-0.402764467548922,0,0.122639058403386,0.18395858760508
"percentile_latbin_OLS","q50","Southern","collection10_k2_tropical_temperate_polar","Coolhouse","Hothouse",2,3,-0.418602782075722,0,0.0744573365893828,0.18395858760508
"percentile_latbin_OLS","q50","Southern","collection10_k2_tropical_temperate_polar","Warmhouse","Hothouse",2,3,-0.0158383145268,2,0.386414996342224,0.386414996342224
"percentile_latbin_OLS","q50","Southern","collection10_k2_tropical_temperate_polar","Coldhouse","Coolhouse",0,2,NA,NA,NA,NA
"percentile_latbin_OLS","q50","Southern","collection10_k2_tropical_temperate_polar","Coldhouse","Transitional",0,1,NA,NA,NA,NA
"percentile_latbin_OLS","q50","Southern","collection10_k2_tropical_temperate_polar","Coldhouse","Warmhouse",0,2,NA,NA,NA,NA
"percentile_latbin_OLS","q50","Southern","collection10_k2_tropical_temperate_polar","Coldhouse","Hothouse",0,3,NA,NA,NA,NA
"percentile_latbin_OLS","q50","Southern","collection10_k2_tropical_temperate_polar","Coolhouse","Transitional",2,1,0.240253428118666,NA,NA,NA
"percentile_latbin_OLS","q50","Southern","collection10_k2_tropical_temperate_polar","Transitional","Warmhouse",1,2,-0.643017895667588,NA,NA,NA
"percentile_latbin_OLS","q50","Southern","collection10_k2_tropical_temperate_polar","Transitional","Hothouse",1,3,-0.658856210194388,NA,NA,NA
"percentile_latbin_OLS","q50","Southern","collection10_k3_tropical_temperate","Warmhouse","Hothouse",4,2,0.0081134783944388,4,0.591519339142304,0.591519339142304
"percentile_latbin_OLS","q50","Southern","collection10_k3_tropical_temperate","Coldhouse","Coolhouse",0,0,NA,NA,NA,NA
"percentile_latbin_OLS","q50","Southern","collection10_k3_tropical_temperate","Coldhouse","Transitional",0,1,NA,NA,NA,NA
"percentile_latbin_OLS","q50","Southern","collection10_k3_tropical_temperate","Coldhouse","Warmhouse",0,4,NA,NA,NA,NA
"percentile_latbin_OLS","q50","Southern","collection10_k3_tropical_temperate","Coldhouse","Hothouse",0,2,NA,NA,NA,NA
"percentile_latbin_OLS","q50","Southern","collection10_k3_tropical_temperate","Coolhouse","Transitional",0,1,NA,NA,NA,NA
"percentile_latbin_OLS","q50","Southern","collection10_k3_tropical_temperate","Coolhouse","Warmhouse",0,4,NA,NA,NA,NA
"percentile_latbin_OLS","q50","Southern","collection10_k3_tropical_temperate","Coolhouse","Hothouse",0,2,NA,NA,NA,NA
"percentile_latbin_OLS","q50","Southern","collection10_k3_tropical_temperate","Transitional","Warmhouse",1,4,-0.240751670335704,NA,NA,NA
"percentile_latbin_OLS","q50","Southern","collection10_k3_tropical_temperate","Transitional","Hothouse",1,2,-0.232638191941265,NA,NA,NA
"percentile_latbin_OLS","q50","Southern","collection10_k3_tropical_temperate_polar","Coldhouse","Coolhouse",0,0,NA,NA,NA,NA
"percentile_latbin_OLS","q50","Southern","collection10_k3_tropical_temperate_polar","Coldhouse","Transitional",0,0,NA,NA,NA,NA
"percentile_latbin_OLS","q50","Southern","collection10_k3_tropical_temperate_polar","Coldhouse","Warmhouse",0,1,NA,NA,NA,NA
"percentile_latbin_OLS","q50","Southern","collection10_k3_tropical_temperate_polar","Coldhouse","Hothouse",0,1,NA,NA,NA,NA
"percentile_latbin_OLS","q50","Southern","collection10_k3_tropical_temperate_polar","Coolhouse","Transitional",0,0,NA,NA,NA,NA
"percentile_latbin_OLS","q50","Southern","collection10_k3_tropical_temperate_polar","Coolhouse","Warmhouse",0,1,NA,NA,NA,NA
"percentile_latbin_OLS","q50","Southern","collection10_k3_tropical_temperate_polar","Coolhouse","Hothouse",0,1,NA,NA,NA,NA
"percentile_latbin_OLS","q50","Southern","collection10_k3_tropical_temperate_polar","Transitional","Warmhouse",0,1,NA,NA,NA,NA
"percentile_latbin_OLS","q50","Southern","collection10_k3_tropical_temperate_polar","Transitional","Hothouse",0,1,NA,NA,NA,NA
"percentile_latbin_OLS","q50","Southern","collection10_k3_tropical_temperate_polar","Warmhouse","Hothouse",1,1,-0.0811594167239701,NA,NA,NA
"percentile_latbin_OLS","q60","Combined","occurrence5_k1_tropical_temperate","Coldhouse","Transitional",21,25,-0.531480980690603,89,6.80585240793005e-05,0.000340292620396503
"percentile_latbin_OLS","q60","Combined","occurrence5_k1_tropical_temperate","Coldhouse","Warmhouse",21,19,-0.542371698018762,56,5.37503647746438e-05,0.000340292620396503
"percentile_latbin_OLS","q60","Combined","occurrence5_k1_tropical_temperate","Coldhouse","Hothouse",21,22,-0.509305266228117,89,0.000293066410729125,0.000976888035763751
"percentile_latbin_OLS","q60","Combined","occurrence5_k1_tropical_temperate","Coolhouse","Warmhouse",31,19,-0.260082085201392,180,0.0113478237025133,0.0283695592562832
"percentile_latbin_OLS","q60","Combined","occurrence5_k1_tropical_temperate","Coldhouse","Coolhouse",21,31,-0.28228961281737,209,0.0152583993822018,0.0305167987644035
"percentile_latbin_OLS","q60","Combined","occurrence5_k1_tropical_temperate","Coolhouse","Transitional",31,25,-0.249191367873233,279,0.0375359355334612,0.0625598925557686
"percentile_latbin_OLS","q60","Combined","occurrence5_k1_tropical_temperate","Coolhouse","Hothouse",31,22,-0.227015653410747,247,0.0457277302379492,0.065325328911356
"percentile_latbin_OLS","q60","Combined","occurrence5_k1_tropical_temperate","Transitional","Warmhouse",25,19,-0.0108907173281593,202,0.203470608459015,0.254338260573769
"percentile_latbin_OLS","q60","Combined","occurrence5_k1_tropical_temperate","Transitional","Hothouse",25,22,0.0221757144624856,258,0.362501186123635,0.402779095692928
"percentile_latbin_OLS","q60","Combined","occurrence5_k1_tropical_temperate","Warmhouse","Hothouse",19,22,0.033066431790645,212,0.536454421646499,0.536454421646499
"percentile_latbin_OLS","q60","Combined","occurrence5_k1_tropical_temperate_polar","Coldhouse","Hothouse",8,10,-0.600058346602944,5,0.00108687550402483,0.00989104530390045
"percentile_latbin_OLS","q60","Combined","occurrence5_k1_tropical_temperate_polar","Coolhouse","Hothouse",20,10,-0.299444095545399,34,0.00197820906078009,0.00989104530390045
"percentile_latbin_OLS","q60","Combined","occurrence5_k1_tropical_temperate_polar","Coldhouse","Transitional",8,14,-0.456896558517662,16,0.00350921675554135,0.0116973891851378
"percentile_latbin_OLS","q60","Combined","occurrence5_k1_tropical_temperate_polar","Coldhouse","Warmhouse",8,12,-0.496748975375249,17,0.00930816017782372,0.0232704004445593
"percentile_latbin_OLS","q60","Combined","occurrence5_k1_tropical_temperate_polar","Coldhouse","Coolhouse",8,20,-0.300614251057545,42,0.0282568232127817,0.0470947053546362
"percentile_latbin_OLS","q60","Combined","occurrence5_k1_tropical_temperate_polar","Transitional","Hothouse",14,10,-0.143161788085282,36,0.0249069162671284,0.0470947053546362
"percentile_latbin_OLS","q60","Combined","occurrence5_k1_tropical_temperate_polar","Coolhouse","Warmhouse",20,12,-0.196134724317704,80,0.0620811247483277,0.0886873210690395
"percentile_latbin_OLS","q60","Combined","occurrence5_k1_tropical_temperate_polar","Coolhouse","Transitional",20,14,-0.156282307460117,99,0.0782115323722552,0.097764415465319
"percentile_latbin_OLS","q60","Combined","occurrence5_k1_tropical_temperate_polar","Warmhouse","Hothouse",12,10,-0.103309371227695,44,0.153381047471202,0.170423386079113
"percentile_latbin_OLS","q60","Combined","occurrence5_k1_tropical_temperate_polar","Transitional","Warmhouse",14,12,-0.0398524168575868,71,0.26013455833152,0.26013455833152
"percentile_latbin_OLS","q60","Combined","occurrence5_k2_tropical_temperate","Coldhouse","Transitional",12,15,-0.56799844675923,16,0.000167616221563445,0.000558720738544816
"percentile_latbin_OLS","q60","Combined","occurrence5_k2_tropical_temperate","Coldhouse","Warmhouse",12,13,-0.507569628710127,7,6.28602360748125e-05,0.000558720738544816
"percentile_latbin_OLS","q60","Combined","occurrence5_k2_tropical_temperate","Coldhouse","Hothouse",12,11,-0.559679581811597,6,0.000125140680118127,0.000558720738544816
"percentile_latbin_OLS","q60","Combined","occurrence5_k2_tropical_temperate","Coldhouse","Coolhouse",12,20,-0.300614251057545,63,0.0139297372429254,0.0341311491415566
"percentile_latbin_OLS","q60","Combined","occurrence5_k2_tropical_temperate","Coolhouse","Warmhouse",20,13,-0.206955377652582,72,0.0170655745707783,0.0341311491415566
"percentile_latbin_OLS","q60","Combined","occurrence5_k2_tropical_temperate","Coolhouse","Transitional",20,15,-0.267384195701685,94,0.0321567747956137,0.0535946246593562
"percentile_latbin_OLS","q60","Combined","occurrence5_k2_tropical_temperate","Coolhouse","Hothouse",20,11,-0.259065330754052,70,0.051465991752099,0.0735228453601414
"percentile_latbin_OLS","q60","Combined","occurrence5_k2_tropical_temperate","Transitional","Warmhouse",15,13,0.0604288180491032,96,0.48162908408792,0.48162908408792
"percentile_latbin_OLS","q60","Combined","occurrence5_k2_tropical_temperate","Transitional","Hothouse",15,11,0.00831886494763352,80,0.458664089095955,0.48162908408792
"percentile_latbin_OLS","q60","Combined","occurrence5_k2_tropical_temperate","Warmhouse","Hothouse",13,11,-0.0521099531014697,66,0.386029484875367,0.48162908408792
"percentile_latbin_OLS","q60","Combined","occurrence5_k2_tropical_temperate_polar","Coldhouse","Coolhouse",3,13,-0.32695339773488,3,0.0156769151799135,0.0368884257070499
"percentile_latbin_OLS","q60","Combined","occurrence5_k2_tropical_temperate_polar","Coldhouse","Transitional",3,5,-0.355613905282645,0,0.0184442128535249,0.0368884257070499
"percentile_latbin_OLS","q60","Combined","occurrence5_k2_tropical_temperate_polar","Coldhouse","Warmhouse",3,6,-0.549103485988955,0,0.0140929010739537,0.0368884257070499
"percentile_latbin_OLS","q60","Combined","occurrence5_k2_tropical_temperate_polar","Coldhouse","Hothouse",3,5,-0.69998677172735,0,0.0184442128535249,0.0368884257070499
"percentile_latbin_OLS","q60","Combined","occurrence5_k2_tropical_temperate_polar","Coolhouse","Hothouse",13,5,-0.373033373992469,9,0.0116897788585913,0.0368884257070499
"percentile_latbin_OLS","q60","Combined","occurrence5_k2_tropical_temperate_polar","Coolhouse","Warmhouse",13,6,-0.222150088254074,16,0.0242261113188919,0.0403768521981531
"percentile_latbin_OLS","q60","Combined","occurrence5_k2_tropical_temperate_polar","Transitional","Hothouse",5,5,-0.344372866444705,3,0.0300514029694332,0.0429305756706188
"percentile_latbin_OLS","q60","Combined","occurrence5_k2_tropical_temperate_polar","Transitional","Warmhouse",5,6,-0.19348958070631,7,0.0854517601153987,0.106814700144248
"percentile_latbin_OLS","q60","Combined","occurrence5_k2_tropical_temperate_polar","Coolhouse","Transitional",13,5,-0.0286605075477647,27,0.311054322340936,0.324038434069573
"percentile_latbin_OLS","q60","Combined","occurrence5_k2_tropical_temperate_polar","Warmhouse","Hothouse",6,5,-0.150883285738395,12,0.324038434069573,0.324038434069573
"percentile_latbin_OLS","q60","Combined","occurrence5_k3_tropical_temperate","Coldhouse","Transitional",5,9,-0.517814106333651,4,0.00819753592459613,0.0273251197486538
"percentile_latbin_OLS","q60","Combined","occurrence5_k3_tropical_temperate","Coldhouse","Warmhouse",5,10,-0.475444739845186,2,0.00292854954264207,0.0273251197486538
"percentile_latbin_OLS","q60","Combined","occurrence5_k3_tropical_temperate","Coldhouse","Hothouse",5,7,-0.668016891928295,2,0.00742546894368245,0.0273251197486538
"percentile_latbin_OLS","q60","Combined","occurrence5_k3_tropical_temperate","Coldhouse","Coolhouse",5,8,-0.331423090418204,11,0.106699627188181,0.222264372263263
"percentile_latbin_OLS","q60","Combined","occurrence5_k3_tropical_temperate","Coolhouse","Transitional",8,9,-0.186391015915447,23,0.114524334715109,0.222264372263263
"percentile_latbin_OLS","q60","Combined","occurrence5_k3_tropical_temperate","Coolhouse","Warmhouse",8,10,-0.144021649426983,27,0.133358623357958,0.222264372263263
"percentile_latbin_OLS","q60","Combined","occurrence5_k3_tropical_temperate","Coolhouse","Hothouse",8,7,-0.336593801510092,19,0.162635489987106,0.232336414267295
"percentile_latbin_OLS","q60","Combined","occurrence5_k3_tropical_temperate","Warmhouse","Hothouse",10,7,-0.192572152083109,28,0.262931094342383,0.328663867927979
"percentile_latbin_OLS","q60","Combined","occurrence5_k3_tropical_temperate","Transitional","Hothouse",9,7,-0.150202785594645,32,0.542149803234339,0.602388670260376
"percentile_latbin_OLS","q60","Combined","occurrence5_k3_tropical_temperate","Transitional","Warmhouse",9,10,0.0423693664884643,56,0.826127200544651,0.826127200544651
"percentile_latbin_OLS","q60","Combined","occurrence5_k3_tropical_temperate_polar","Coolhouse","Warmhouse",3,4,-0.226711843268378,2,0.10796246947007,0.247159973211907
"percentile_latbin_OLS","q60","Combined","occurrence5_k3_tropical_temperate_polar","Coolhouse","Hothouse",3,4,-0.311662370214584,1,0.0558058841491461,0.247159973211907
"percentile_latbin_OLS","q60","Combined","occurrence5_k3_tropical_temperate_polar","Transitional","Hothouse",2,4,-0.185752023226616,1,0.123579986605954,0.247159973211907
"percentile_latbin_OLS","q60","Combined","occurrence5_k3_tropical_temperate_polar","Coolhouse","Transitional",3,2,-0.125910346987968,2,0.386414996342224,0.463697995610668
"percentile_latbin_OLS","q60","Combined","occurrence5_k3_tropical_temperate_polar","Warmhouse","Hothouse",4,4,-0.0849505269462057,6,0.332502771051015,0.463697995610668
"percentile_latbin_OLS","q60","Combined","occurrence5_k3_tropical_temperate_polar","Transitional","Warmhouse",2,4,-0.10080149628041,4,0.591519339142304,0.591519339142304
"percentile_latbin_OLS","q60","Combined","occurrence5_k3_tropical_temperate_polar","Coldhouse","Coolhouse",1,3,-0.433686920309641,NA,NA,NA
"percentile_latbin_OLS","q60","Combined","occurrence5_k3_tropical_temperate_polar","Coldhouse","Transitional",1,2,-0.559597267297608,NA,NA,NA
"percentile_latbin_OLS","q60","Combined","occurrence5_k3_tropical_temperate_polar","Coldhouse","Warmhouse",1,4,-0.660398763578019,NA,NA,NA
"percentile_latbin_OLS","q60","Combined","occurrence5_k3_tropical_temperate_polar","Coldhouse","Hothouse",1,4,-0.745349290524224,NA,NA,NA
"percentile_latbin_OLS","q60","Combined","occurrence10_k1_tropical_temperate","Coldhouse","Hothouse",21,19,-0.60042623975729,42,1.05848598622835e-05,0.000105848598622835
"percentile_latbin_OLS","q60","Combined","occurrence10_k1_tropical_temperate","Coldhouse","Warmhouse",21,17,-0.562332102391081,45,4.71919038109835e-05,0.000235959519054918
"percentile_latbin_OLS","q60","Combined","occurrence10_k1_tropical_temperate","Coldhouse","Transitional",21,23,-0.375805360726331,95,0.000301180325306853,0.00100393441768951
"percentile_latbin_OLS","q60","Combined","occurrence10_k1_tropical_temperate","Coolhouse","Hothouse",31,19,-0.321748046005923,157,0.00308862996363976,0.0077215749090994
"percentile_latbin_OLS","q60","Combined","occurrence10_k1_tropical_temperate","Transitional","Hothouse",23,19,-0.224620879030959,123,0.00818170118641517,0.0163634023728303
"percentile_latbin_OLS","q60","Combined","occurrence10_k1_tropical_temperate","Coolhouse","Warmhouse",31,17,-0.283653908639715,161,0.0139457637241814,0.0232429395403023
"percentile_latbin_OLS","q60","Combined","occurrence10_k1_tropical_temperate","Coldhouse","Coolhouse",21,31,-0.278678193751366,223,0.0285707353677868,0.0408153362396954
"percentile_latbin_OLS","q60","Combined","occurrence10_k1_tropical_temperate","Coolhouse","Transitional",31,23,-0.0971271669749643,273,0.0732619634624515,0.0915774543280644
"percentile_latbin_OLS","q60","Combined","occurrence10_k1_tropical_temperate","Transitional","Warmhouse",23,17,-0.186526741664751,146,0.0900215782878066,0.100023975875341
"percentile_latbin_OLS","q60","Combined","occurrence10_k1_tropical_temperate","Warmhouse","Hothouse",17,19,-0.0380941373662081,122,0.108263857014179,0.108263857014179
"percentile_latbin_OLS","q60","Combined","occurrence10_k1_tropical_temperate_polar","Coldhouse","Hothouse",8,8,-0.628905025884167,0,0.000469552849558595,0.00227623975460182
"percentile_latbin_OLS","q60","Combined","occurrence10_k1_tropical_temperate_polar","Coolhouse","Hothouse",18,8,-0.353446582965986,12,0.000473941553278657,0.00227623975460182
"percentile_latbin_OLS","q60","Combined","occurrence10_k1_tropical_temperate_polar","Transitional","Hothouse",12,8,-0.272784471126693,6,0.000682871926380546,0.00227623975460182
"percentile_latbin_OLS","q60","Combined","occurrence10_k1_tropical_temperate_polar","Coldhouse","Transitional",8,12,-0.356120554757474,18,0.0114237705785561,0.0234676464760913
"percentile_latbin_OLS","q60","Combined","occurrence10_k1_tropical_temperate_polar","Coldhouse","Warmhouse",8,10,-0.494854209744227,14,0.0117338232380456,0.0234676464760913
"percentile_latbin_OLS","q60","Combined","occurrence10_k1_tropical_temperate_polar","Coldhouse","Coolhouse",8,18,-0.275458442918181,40,0.0400591568638171,0.0667652614396952
"percentile_latbin_OLS","q60","Combined","occurrence10_k1_tropical_temperate_polar","Warmhouse","Hothouse",10,8,-0.13405081613994,22,0.059983061452921,0.0856900877898872
"percentile_latbin_OLS","q60","Combined","occurrence10_k1_tropical_temperate_polar","Coolhouse","Transitional",18,12,-0.080662111839293,82,0.140182206412669,0.155933483868165
"percentile_latbin_OLS","q60","Combined","occurrence10_k1_tropical_temperate_polar","Coolhouse","Warmhouse",18,10,-0.219395766826045,67,0.140340135481348,0.155933483868165
"percentile_latbin_OLS","q60","Combined","occurrence10_k1_tropical_temperate_polar","Transitional","Warmhouse",12,10,-0.138733654986752,51,0.287578288363828,0.287578288363828
"percentile_latbin_OLS","q60","Combined","occurrence10_k2_tropical_temperate","Coldhouse","Warmhouse",10,13,-0.569372071271403,4,8.7696983406272e-05,0.00043848491703136
"percentile_latbin_OLS","q60","Combined","occurrence10_k2_tropical_temperate","Coldhouse","Hothouse",10,11,-0.565664127732573,1,8.24926504379679e-05,0.00043848491703136
"percentile_latbin_OLS","q60","Combined","occurrence10_k2_tropical_temperate","Coldhouse","Transitional",10,15,-0.482171195246371,11,0.000213872540281724,0.000712908467605748
"percentile_latbin_OLS","q60","Combined","occurrence10_k2_tropical_temperate","Coolhouse","Hothouse",18,11,-0.282601488651793,43,0.00630603457393781,0.0157650864348445
"percentile_latbin_OLS","q60","Combined","occurrence10_k2_tropical_temperate","Coolhouse","Warmhouse",18,13,-0.286309432190623,58,0.00959358922340644,0.0191871784468129
"percentile_latbin_OLS","q60","Combined","occurrence10_k2_tropical_temperate","Coldhouse","Coolhouse",10,18,-0.28306263908078,44,0.0145710839325401,0.0242851398875669
"percentile_latbin_OLS","q60","Combined","occurrence10_k2_tropical_temperate","Coolhouse","Transitional",18,15,-0.19910855616559,87,0.0429561485688211,0.0613659265268874
"percentile_latbin_OLS","q60","Combined","occurrence10_k2_tropical_temperate","Transitional","Hothouse",15,11,-0.0834929324862024,60,0.126768903098971,0.158461128873714
"percentile_latbin_OLS","q60","Combined","occurrence10_k2_tropical_temperate","Transitional","Warmhouse",15,13,-0.0872008760250325,83,0.259491195039076,0.288323550043418
"percentile_latbin_OLS","q60","Combined","occurrence10_k2_tropical_temperate","Warmhouse","Hothouse",13,11,0.00370794353883016,62,0.301034006999208,0.301034006999208
"percentile_latbin_OLS","q60","Combined","occurrence10_k2_tropical_temperate_polar","Coolhouse","Warmhouse",8,4,-0.322521241661343,0,0.00423740094607692,0.0211870047303846
"percentile_latbin_OLS","q60","Combined","occurrence10_k2_tropical_temperate_polar","Coolhouse","Hothouse",8,4,-0.403179948549139,0,0.00423740094607692,0.0211870047303846
"percentile_latbin_OLS","q60","Combined","occurrence10_k2_tropical_temperate_polar","Transitional","Hothouse",4,4,-0.323499890862707,0,0.0151914109882887,0.0506380366276292
"percentile_latbin_OLS","q60","Combined","occurrence10_k2_tropical_temperate_polar","Coldhouse","Coolhouse",2,8,-0.338270702195329,0,0.0250930933844877,0.0606019697120061
"percentile_latbin_OLS","q60","Combined","occurrence10_k2_tropical_temperate_polar","Transitional","Warmhouse",4,4,-0.242841183974911,1,0.030300984856003,0.0606019697120061
"percentile_latbin_OLS","q60","Combined","occurrence10_k2_tropical_temperate_polar","Coldhouse","Transitional",2,4,-0.41795075988176,0,0.0525962525600207,0.0657453157000259
"percentile_latbin_OLS","q60","Combined","occurrence10_k2_tropical_temperate_polar","Coldhouse","Warmhouse",2,4,-0.660791943856672,0,0.0525962525600207,0.0657453157000259
"percentile_latbin_OLS","q60","Combined","occurrence10_k2_tropical_temperate_polar","Coldhouse","Hothouse",2,4,-0.741450650744468,0,0.0525962525600207,0.0657453157000259
"percentile_latbin_OLS","q60","Combined","occurrence10_k2_tropical_temperate_polar","Coolhouse","Transitional",8,4,-0.0796800576864315,8,0.101365085323261,0.112627872581401
"percentile_latbin_OLS","q60","Combined","occurrence10_k2_tropical_temperate_polar","Warmhouse","Hothouse",4,4,-0.0806587068877962,6,0.332502771051015,0.332502771051015
"percentile_latbin_OLS","q60","Combined","occurrence10_k3_tropical_temperate","Coldhouse","Transitional",3,7,-0.60836284930778,0,0.0113272470400447,0.046976336913179
"percentile_latbin_OLS","q60","Combined","occurrence10_k3_tropical_temperate","Coldhouse","Warmhouse",3,8,-0.681549157385335,0,0.00945177150556067,0.046976336913179
"percentile_latbin_OLS","q60","Combined","occurrence10_k3_tropical_temperate","Coldhouse","Hothouse",3,6,-0.679512918849313,0,0.0140929010739537,0.046976336913179
"percentile_latbin_OLS","q60","Combined","occurrence10_k3_tropical_temperate","Coldhouse","Coolhouse",3,8,-0.413263849750433,3,0.0413655111575512,0.088819307979073
"percentile_latbin_OLS","q60","Combined","occurrence10_k3_tropical_temperate","Coolhouse","Warmhouse",8,8,-0.268285307634901,16,0.051780935588267,0.088819307979073
"percentile_latbin_OLS","q60","Combined","occurrence10_k3_tropical_temperate","Coolhouse","Hothouse",8,6,-0.266249069098879,11,0.0532915847874438,0.088819307979073
"percentile_latbin_OLS","q60","Combined","occurrence10_k3_tropical_temperate","Coolhouse","Transitional",8,7,-0.195098999557347,19,0.162635489987106,0.232336414267295
"percentile_latbin_OLS","q60","Combined","occurrence10_k3_tropical_temperate","Transitional","Hothouse",7,6,-0.0711500695415323,15,0.216017446002504,0.27002180750313
"percentile_latbin_OLS","q60","Combined","occurrence10_k3_tropical_temperate","Transitional","Warmhouse",7,8,-0.0731863080775544,25,0.38616872064639,0.423225298438295
"percentile_latbin_OLS","q60","Combined","occurrence10_k3_tropical_temperate","Warmhouse","Hothouse",8,6,0.00203623853602204,22,0.423225298438295,0.423225298438295
"percentile_latbin_OLS","q60","Combined","occurrence10_k3_tropical_temperate_polar","Coolhouse","Warmhouse",3,3,-0.329440770240424,0,0.0404277991850261,0.0606416987775392
"percentile_latbin_OLS","q60","Combined","occurrence10_k3_tropical_temperate_polar","Coolhouse","Hothouse",3,4,-0.331367289882698,0,0.0259149636089548,0.0606416987775392
"percentile_latbin_OLS","q60","Combined","occurrence10_k3_tropical_temperate_polar","Warmhouse","Hothouse",3,4,-0.00192651964227325,5,0.429841897599333,0.429841897599333
"percentile_latbin_OLS","q60","Combined","occurrence10_k3_tropical_temperate_polar","Coldhouse","Coolhouse",1,3,-0.435923311675171,NA,NA,NA
"percentile_latbin_OLS","q60","Combined","occurrence10_k3_tropical_temperate_polar","Coldhouse","Transitional",1,1,-0.532433522255495,NA,NA,NA
"percentile_latbin_OLS","q60","Combined","occurrence10_k3_tropical_temperate_polar","Coldhouse","Warmhouse",1,3,-0.765364081915595,NA,NA,NA
"percentile_latbin_OLS","q60","Combined","occurrence10_k3_tropical_temperate_polar","Coldhouse","Hothouse",1,4,-0.767290601557868,NA,NA,NA
"percentile_latbin_OLS","q60","Combined","occurrence10_k3_tropical_temperate_polar","Coolhouse","Transitional",3,1,-0.0965102105803247,NA,NA,NA
"percentile_latbin_OLS","q60","Combined","occurrence10_k3_tropical_temperate_polar","Transitional","Warmhouse",1,3,-0.2329305596601,NA,NA,NA
"percentile_latbin_OLS","q60","Combined","occurrence10_k3_tropical_temperate_polar","Transitional","Hothouse",1,4,-0.234857079302373,NA,NA,NA
"percentile_latbin_OLS","q60","Combined","collection5_k1_tropical_temperate","Coldhouse","Transitional",19,23,-0.607124645579072,52,1.36483480606351e-05,0.000136483480606351
"percentile_latbin_OLS","q60","Combined","collection5_k1_tropical_temperate","Coldhouse","Warmhouse",19,16,-0.513021924983024,31,3.30152425200157e-05,0.000165076212600079
"percentile_latbin_OLS","q60","Combined","collection5_k1_tropical_temperate","Coldhouse","Hothouse",19,18,-0.546160721547062,59,0.000351848770914924,0.00117282923638308
"percentile_latbin_OLS","q60","Combined","collection5_k1_tropical_temperate","Coldhouse","Coolhouse",19,30,-0.272895169084568,172,0.0104870244807023,0.0262175612017558
"percentile_latbin_OLS","q60","Combined","collection5_k1_tropical_temperate","Coolhouse","Transitional",30,23,-0.334229476494504,226,0.0167263122860695,0.033452624572139
"percentile_latbin_OLS","q60","Combined","collection5_k1_tropical_temperate","Coolhouse","Warmhouse",30,16,-0.240126755898456,155,0.025656838935836,0.0427613982263934
"percentile_latbin_OLS","q60","Combined","collection5_k1_tropical_temperate","Coolhouse","Hothouse",30,18,-0.273265552462494,199,0.0666312462762526,0.0951874946803608
"percentile_latbin_OLS","q60","Combined","collection5_k1_tropical_temperate","Warmhouse","Hothouse",16,18,-0.0331387965640378,127,0.284574897043012,0.355718621303765
"percentile_latbin_OLS","q60","Combined","collection5_k1_tropical_temperate","Transitional","Hothouse",23,18,0.0609639240320104,212,0.557442002986987,0.619380003318874
"percentile_latbin_OLS","q60","Combined","collection5_k1_tropical_temperate","Transitional","Warmhouse",23,16,0.0941027205960482,199,0.670956609277137,0.670956609277137
"percentile_latbin_OLS","q60","Combined","collection5_k1_tropical_temperate_polar","Coldhouse","Warmhouse",8,10,-0.557592615068996,8,0.00256426009803041,0.012821300490152
"percentile_latbin_OLS","q60","Combined","collection5_k1_tropical_temperate_polar","Coldhouse","Hothouse",8,8,-0.591244025985073,3,0.00138080220891374,0.012821300490152
"percentile_latbin_OLS","q60","Combined","collection5_k1_tropical_temperate_polar","Coolhouse","Hothouse",19,8,-0.336493767299279,28,0.00583079336422201,0.01943597788074
"percentile_latbin_OLS","q60","Combined","collection5_k1_tropical_temperate_polar","Coldhouse","Transitional",8,11,-0.370458477992724,17,0.0143287751916451,0.0358219379791129
"percentile_latbin_OLS","q60","Combined","collection5_k1_tropical_temperate_polar","Coolhouse","Warmhouse",19,10,-0.302842356383202,50,0.0205856855741188,0.0411713711482376
"percentile_latbin_OLS","q60","Combined","collection5_k1_tropical_temperate_polar","Transitional","Hothouse",11,8,-0.220785547992349,22,0.0379238467722385,0.0632064112870642
"percentile_latbin_OLS","q60","Combined","collection5_k1_tropical_temperate_polar","Coldhouse","Coolhouse",8,19,-0.254750258685794,50,0.0878625544332596,0.109828193041574
"percentile_latbin_OLS","q60","Combined","collection5_k1_tropical_temperate_polar","Coolhouse","Transitional",19,11,-0.115708219306929,71,0.0777742252068255,0.109828193041574
"percentile_latbin_OLS","q60","Combined","collection5_k1_tropical_temperate_polar","Transitional","Warmhouse",11,10,-0.187134137076273,41,0.170893230907514,0.175423025993314
"percentile_latbin_OLS","q60","Combined","collection5_k1_tropical_temperate_polar","Warmhouse","Hothouse",10,8,-0.0336514109160765,29,0.175423025993314,0.175423025993314
"percentile_latbin_OLS","q60","Combined","collection5_k2_tropical_temperate","Coldhouse","Warmhouse",9,10,-0.602865947664012,2,0.000260122173795115,0.00130061086897557
"percentile_latbin_OLS","q60","Combined","collection5_k2_tropical_temperate","Coldhouse","Hothouse",9,10,-0.602905550011396,1,0.000191331768976001,0.00130061086897557
"percentile_latbin_OLS","q60","Combined","collection5_k2_tropical_temperate","Coldhouse","Transitional",9,15,-0.610274453682731,15,0.000965381088355144,0.00321793696118381
"percentile_latbin_OLS","q60","Combined","collection5_k2_tropical_temperate","Coolhouse","Hothouse",15,10,-0.31772780220181,39,0.0244658853928631,0.0611647134821578
"percentile_latbin_OLS","q60","Combined","collection5_k2_tropical_temperate","Coolhouse","Transitional",15,15,-0.325096705873146,69,0.0372478459569933,0.0620797432616555
"percentile_latbin_OLS","q60","Combined","collection5_k2_tropical_temperate","Coolhouse","Warmhouse",15,10,-0.317688199854427,42,0.0357117288649261,0.0620797432616555
"percentile_latbin_OLS","q60","Combined","collection5_k2_tropical_temperate","Coldhouse","Coolhouse",9,15,-0.285177747809585,40,0.0537023181651268,0.0767175973787526
"percentile_latbin_OLS","q60","Combined","collection5_k2_tropical_temperate","Warmhouse","Hothouse",10,10,-3.96023473832781e-05,43,0.311588111941059,0.389485139926323
"percentile_latbin_OLS","q60","Combined","collection5_k2_tropical_temperate","Transitional","Hothouse",15,10,0.00736890367133595,70,0.401442514556231,0.446047238395812
"percentile_latbin_OLS","q60","Combined","collection5_k2_tropical_temperate","Transitional","Warmhouse",15,10,0.00740850601871923,77,0.555146532233449,0.555146532233449
"percentile_latbin_OLS","q60","Combined","collection5_k2_tropical_temperate_polar","Coolhouse","Hothouse",9,4,-0.442726211070246,1,0.00544817709769372,0.0544817709769372
"percentile_latbin_OLS","q60","Combined","collection5_k2_tropical_temperate_polar","Coldhouse","Transitional",3,5,-0.396630576085738,0,0.0184442128535249,0.0614807095117498
"percentile_latbin_OLS","q60","Combined","collection5_k2_tropical_temperate_polar","Coolhouse","Warmhouse",9,3,-0.38200329052874,1,0.013250140301246,0.0614807095117498
"percentile_latbin_OLS","q60","Combined","collection5_k2_tropical_temperate_polar","Coldhouse","Hothouse",3,4,-0.727903958879831,0,0.0259149636089548,0.0647874090223871
"percentile_latbin_OLS","q60","Combined","collection5_k2_tropical_temperate_polar","Transitional","Hothouse",5,4,-0.331273382794093,2,0.0330962898610967,0.0661925797221935
"percentile_latbin_OLS","q60","Combined","collection5_k2_tropical_temperate_polar","Coldhouse","Warmhouse",3,3,-0.667181038338325,0,0.0404277991850261,0.0673796653083769
"percentile_latbin_OLS","q60","Combined","collection5_k2_tropical_temperate_polar","Coolhouse","Transitional",9,5,-0.111452828276153,11,0.0712333774139861,0.0890417217674827
"percentile_latbin_OLS","q60","Combined","collection5_k2_tropical_temperate_polar","Transitional","Warmhouse",5,3,-0.270550462252587,2,0.0680185640570718,0.0890417217674827
"percentile_latbin_OLS","q60","Combined","collection5_k2_tropical_temperate_polar","Coldhouse","Coolhouse",3,9,-0.285177747809585,7,0.133628746577194,0.148476385085771
"percentile_latbin_OLS","q60","Combined","collection5_k2_tropical_temperate_polar","Warmhouse","Hothouse",3,4,-0.0607229205415061,5,0.429841897599333,0.429841897599333
"percentile_latbin_OLS","q60","Combined","collection5_k3_tropical_temperate","Coldhouse","Transitional",3,8,-0.943168164066814,1,0.0160443669891156,0.0307403547558749
"percentile_latbin_OLS","q60","Combined","collection5_k3_tropical_temperate","Coldhouse","Warmhouse",3,8,-0.781748857569734,0,0.00945177150556067,0.0307403547558749
"percentile_latbin_OLS","q60","Combined","collection5_k3_tropical_temperate","Coldhouse","Hothouse",3,5,-0.61522328866914,0,0.0184442128535249,0.0307403547558749
"percentile_latbin_OLS","q60","Combined","collection5_k3_tropical_temperate","Coolhouse","Transitional",6,8,-0.536823783759995,5,0.00846234423422658,0.0307403547558749
"percentile_latbin_OLS","q60","Combined","collection5_k3_tropical_temperate","Coolhouse","Warmhouse",6,8,-0.375404477262915,4,0.00591056891831115,0.0307403547558749
"percentile_latbin_OLS","q60","Combined","collection5_k3_tropical_temperate","Coolhouse","Hothouse",6,5,-0.208878908362321,3,0.0178818832954889,0.0307403547558749
"percentile_latbin_OLS","q60","Combined","collection5_k3_tropical_temperate","Coldhouse","Coolhouse",3,6,-0.406344380306819,3,0.077790173896099,0.11112881985157
"percentile_latbin_OLS","q60","Combined","collection5_k3_tropical_temperate","Transitional","Warmhouse",8,8,0.16141930649708,42,0.864925733635747,0.937858562968724
"percentile_latbin_OLS","q60","Combined","collection5_k3_tropical_temperate","Transitional","Hothouse",8,5,0.327944875397674,30,0.937858562968724,0.937858562968724
"percentile_latbin_OLS","q60","Combined","collection5_k3_tropical_temperate","Warmhouse","Hothouse",8,5,0.166525568900595,25,0.789624078316534,0.937858562968724
"percentile_latbin_OLS","q60","Combined","collection5_k3_tropical_temperate_polar","Coolhouse","Warmhouse",3,3,-0.256049078888018,1,0.095215131912762,0.285645395738286
"percentile_latbin_OLS","q60","Combined","collection5_k3_tropical_temperate_polar","Coolhouse","Hothouse",3,2,-0.182886267864082,1,0.193238115385616,0.289857173078424
"percentile_latbin_OLS","q60","Combined","collection5_k3_tropical_temperate_polar","Warmhouse","Hothouse",3,2,0.0731628110239358,4,0.806761884614384,0.806761884614384
"percentile_latbin_OLS","q60","Combined","collection5_k3_tropical_temperate_polar","Coldhouse","Coolhouse",1,3,-0.535389961794461,NA,NA,NA
"percentile_latbin_OLS","q60","Combined","collection5_k3_tropical_temperate_polar","Coldhouse","Transitional",1,1,-0.722074086416999,NA,NA,NA
"percentile_latbin_OLS","q60","Combined","collection5_k3_tropical_temperate_polar","Coldhouse","Warmhouse",1,3,-0.791439040682479,NA,NA,NA
"percentile_latbin_OLS","q60","Combined","collection5_k3_tropical_temperate_polar","Coldhouse","Hothouse",1,2,-0.718276229658543,NA,NA,NA
"percentile_latbin_OLS","q60","Combined","collection5_k3_tropical_temperate_polar","Coolhouse","Transitional",3,1,-0.186684124622538,NA,NA,NA
"percentile_latbin_OLS","q60","Combined","collection5_k3_tropical_temperate_polar","Transitional","Warmhouse",1,3,-0.0693649542654801,NA,NA,NA
"percentile_latbin_OLS","q60","Combined","collection5_k3_tropical_temperate_polar","Transitional","Hothouse",1,2,0.00379785675845566,NA,NA,NA
"percentile_latbin_OLS","q60","Combined","collection10_k1_tropical_temperate","Coldhouse","Hothouse",13,13,-0.918431067760358,2,1.30467101700413e-05,0.000130467101700413
"percentile_latbin_OLS","q60","Combined","collection10_k1_tropical_temperate","Coldhouse","Warmhouse",13,14,-0.760742673098581,8,3.12182327292545e-05,0.000156091163646272
"percentile_latbin_OLS","q60","Combined","collection10_k1_tropical_temperate","Coldhouse","Transitional",13,20,-0.61765731713755,46,0.00104737966632069,0.0034912655544023
"percentile_latbin_OLS","q60","Combined","collection10_k1_tropical_temperate","Coolhouse","Hothouse",24,13,-0.590331462467863,65,0.00199349941638817,0.00498374854097044
"percentile_latbin_OLS","q60","Combined","collection10_k1_tropical_temperate","Coolhouse","Warmhouse",24,14,-0.432643067806086,89,0.00876216726261901,0.017524334525238
"percentile_latbin_OLS","q60","Combined","collection10_k1_tropical_temperate","Coldhouse","Coolhouse",13,24,-0.328099605292495,85,0.0124515096753048,0.0207525161255079
"percentile_latbin_OLS","q60","Combined","collection10_k1_tropical_temperate","Transitional","Hothouse",20,13,-0.300773750622808,87,0.0586904909758259,0.0838435585368942
"percentile_latbin_OLS","q60","Combined","collection10_k1_tropical_temperate","Coolhouse","Transitional",24,20,-0.289557711845055,192,0.131445168209924,0.164306460262405
"percentile_latbin_OLS","q60","Combined","collection10_k1_tropical_temperate","Transitional","Warmhouse",20,14,-0.143085355961032,110,0.150969321594905,0.167743690661006
"percentile_latbin_OLS","q60","Combined","collection10_k1_tropical_temperate","Warmhouse","Hothouse",14,13,-0.157688394661777,72,0.184663706791892,0.184663706791892
"percentile_latbin_OLS","q60","Combined","collection10_k1_tropical_temperate_polar","Coolhouse","Hothouse",12,5,-0.658449442803045,2,0.00187324045264605,0.0187324045264605
"percentile_latbin_OLS","q60","Combined","collection10_k1_tropical_temperate_polar","Coldhouse","Hothouse",6,5,-0.788088256402197,0,0.00405655863278289,0.0202827931639144
"percentile_latbin_OLS","q60","Combined","collection10_k1_tropical_temperate_polar","Coldhouse","Warmhouse",6,8,-0.533376655535606,5,0.00846234423422658,0.0211558605855665
"percentile_latbin_OLS","q60","Combined","collection10_k1_tropical_temperate_polar","Transitional","Hothouse",7,5,-0.613911131880892,2,0.00742546894368245,0.0211558605855665
"percentile_latbin_OLS","q60","Combined","collection10_k1_tropical_temperate_polar","Coolhouse","Warmhouse",12,8,-0.403737841936455,21,0.0204511320798069,0.0409022641596138
"percentile_latbin_OLS","q60","Combined","collection10_k1_tropical_temperate_polar","Coldhouse","Transitional",6,7,-0.174177124521304,10,0.0668072012688581,0.102705799711292
"percentile_latbin_OLS","q60","Combined","collection10_k1_tropical_temperate_polar","Transitional","Warmhouse",7,8,-0.359199531014302,15,0.0740053470118909,0.102705799711292
"percentile_latbin_OLS","q60","Combined","collection10_k1_tropical_temperate_polar","Warmhouse","Hothouse",8,5,-0.25471160086659,10,0.0821646397690332,0.102705799711292
"percentile_latbin_OLS","q60","Combined","collection10_k1_tropical_temperate_polar","Coldhouse","Coolhouse",6,12,-0.129638813599151,30,0.303233816495504,0.303233816495504
"percentile_latbin_OLS","q60","Combined","collection10_k1_tropical_temperate_polar","Coolhouse","Transitional",12,7,-0.044538310922153,35,0.291382549019594,0.303233816495504
"percentile_latbin_OLS","q60","Combined","collection10_k2_tropical_temperate","Coldhouse","Warmhouse",6,9,-0.795821018155802,0,0.000894921639311727,0.00447460819655863
"percentile_latbin_OLS","q60","Combined","collection10_k2_tropical_temperate","Coolhouse","Warmhouse",9,9,-0.698963003347204,4,0.000739232398613755,0.00447460819655863
"percentile_latbin_OLS","q60","Combined","collection10_k2_tropical_temperate","Coldhouse","Hothouse",6,7,-0.832571714048709,0,0.00170261791064738,0.00532928922888415
"percentile_latbin_OLS","q60","Combined","collection10_k2_tropical_temperate","Coolhouse","Hothouse",9,7,-0.735713699240111,4,0.00213171569155366,0.00532928922888415
"percentile_latbin_OLS","q60","Combined","collection10_k2_tropical_temperate","Coldhouse","Transitional",6,13,-0.53474071040333,16,0.0242261113188919,0.0439989224838623
"percentile_latbin_OLS","q60","Combined","collection10_k2_tropical_temperate","Coolhouse","Transitional",9,13,-0.437882695594732,29,0.0263993534903174,0.0439989224838623
"percentile_latbin_OLS","q60","Combined","collection10_k2_tropical_temperate","Transitional","Warmhouse",13,9,-0.261080307752472,42,0.142659034243989,0.203798620348556
"percentile_latbin_OLS","q60","Combined","collection10_k2_tropical_temperate","Transitional","Hothouse",13,7,-0.297831003645379,34,0.191693741532777,0.239617176915971
"percentile_latbin_OLS","q60","Combined","collection10_k2_tropical_temperate","Coldhouse","Coolhouse",6,9,-0.0968580148085979,20,0.221828527955857,0.246476142173174
"percentile_latbin_OLS","q60","Combined","collection10_k2_tropical_temperate","Warmhouse","Hothouse",9,7,-0.036750695892907,34,0.6245882405505,0.6245882405505
"percentile_latbin_OLS","q60","Combined","collection10_k2_tropical_temperate_polar","Coolhouse","Warmhouse",4,3,-0.418245586668077,0,0.0259149636089548,0.0518299272179097
"percentile_latbin_OLS","q60","Combined","collection10_k2_tropical_temperate_polar","Coolhouse","Hothouse",4,4,-0.576417944042485,0,0.0151914109882887,0.0518299272179097
"percentile_latbin_OLS","q60","Combined","collection10_k2_tropical_temperate_polar","Transitional","Hothouse",3,4,-0.622220850145183,0,0.0259149636089548,0.0518299272179097
"percentile_latbin_OLS","q60","Combined","collection10_k2_tropical_temperate_polar","Transitional","Warmhouse",3,3,-0.464048492770774,1,0.095215131912762,0.142822697869143
"percentile_latbin_OLS","q60","Combined","collection10_k2_tropical_temperate_polar","Coolhouse","Transitional",4,3,0.0458029061026973,4,0.297941545282589,0.297941545282589
"percentile_latbin_OLS","q60","Combined","collection10_k2_tropical_temperate_polar","Warmhouse","Hothouse",3,4,-0.158172357374409,4,0.297941545282589,0.297941545282589
"percentile_latbin_OLS","q60","Combined","collection10_k2_tropical_temperate_polar","Coldhouse","Coolhouse",1,4,-0.283126513195474,NA,NA,NA
"percentile_latbin_OLS","q60","Combined","collection10_k2_tropical_temperate_polar","Coldhouse","Transitional",1,3,-0.237323607092777,NA,NA,NA
"percentile_latbin_OLS","q60","Combined","collection10_k2_tropical_temperate_polar","Coldhouse","Warmhouse",1,3,-0.701372099863551,NA,NA,NA
"percentile_latbin_OLS","q60","Combined","collection10_k2_tropical_temperate_polar","Coldhouse","Hothouse",1,4,-0.85954445723796,NA,NA,NA
"percentile_latbin_OLS","q60","Combined","collection10_k3_tropical_temperate","Coolhouse","Transitional",2,3,-0.51540366420589,0,0.0744573365893828,0.148914673178766
"percentile_latbin_OLS","q60","Combined","collection10_k3_tropical_temperate","Coolhouse","Warmhouse",2,6,-0.781021674448829,0,0.0333765075848173,0.148914673178766
"percentile_latbin_OLS","q60","Combined","collection10_k3_tropical_temperate","Coolhouse","Hothouse",2,4,-0.789058157062154,0,0.0525962525600207,0.148914673178766
"percentile_latbin_OLS","q60","Combined","collection10_k3_tropical_temperate","Transitional","Hothouse",3,4,-0.273654492856264,4,0.297941545282589,0.446912317923883
"percentile_latbin_OLS","q60","Combined","collection10_k3_tropical_temperate","Transitional","Warmhouse",3,6,-0.265618010242939,8,0.448639480630042,0.53836737675605
"percentile_latbin_OLS","q60","Combined","collection10_k3_tropical_temperate","Warmhouse","Hothouse",6,4,-0.00803648261332535,13,0.625440433499702,0.625440433499702
"percentile_latbin_OLS","q60","Combined","collection10_k3_tropical_temperate","Coldhouse","Coolhouse",1,2,-0.0331602503258845,NA,NA,NA
"percentile_latbin_OLS","q60","Combined","collection10_k3_tropical_temperate","Coldhouse","Transitional",1,3,-0.548563914531774,NA,NA,NA
"percentile_latbin_OLS","q60","Combined","collection10_k3_tropical_temperate","Coldhouse","Warmhouse",1,6,-0.814181924774713,NA,NA,NA
"percentile_latbin_OLS","q60","Combined","collection10_k3_tropical_temperate","Coldhouse","Hothouse",1,4,-0.822218407388039,NA,NA,NA
"percentile_latbin_OLS","q60","Combined","collection10_k3_tropical_temperate_polar","Coldhouse","Coolhouse",0,0,NA,NA,NA,NA
"percentile_latbin_OLS","q60","Combined","collection10_k3_tropical_temperate_polar","Coldhouse","Transitional",0,0,NA,NA,NA,NA
"percentile_latbin_OLS","q60","Combined","collection10_k3_tropical_temperate_polar","Coldhouse","Warmhouse",0,2,NA,NA,NA,NA
"percentile_latbin_OLS","q60","Combined","collection10_k3_tropical_temperate_polar","Coldhouse","Hothouse",0,1,NA,NA,NA,NA
"percentile_latbin_OLS","q60","Combined","collection10_k3_tropical_temperate_polar","Coolhouse","Transitional",0,0,NA,NA,NA,NA
"percentile_latbin_OLS","q60","Combined","collection10_k3_tropical_temperate_polar","Coolhouse","Warmhouse",0,2,NA,NA,NA,NA
"percentile_latbin_OLS","q60","Combined","collection10_k3_tropical_temperate_polar","Coolhouse","Hothouse",0,1,NA,NA,NA,NA
"percentile_latbin_OLS","q60","Combined","collection10_k3_tropical_temperate_polar","Transitional","Warmhouse",0,2,NA,NA,NA,NA
"percentile_latbin_OLS","q60","Combined","collection10_k3_tropical_temperate_polar","Transitional","Hothouse",0,1,NA,NA,NA,NA
"percentile_latbin_OLS","q60","Combined","collection10_k3_tropical_temperate_polar","Warmhouse","Hothouse",2,1,-0.228640410155168,NA,NA,NA
"percentile_latbin_OLS","q60","Northern","occurrence5_k1_tropical_temperate","Coldhouse","Transitional",12,15,-0.577040642819939,28,0.0013459469065696,0.00911294761441955
"percentile_latbin_OLS","q60","Northern","occurrence5_k1_tropical_temperate","Coldhouse","Warmhouse",12,9,-0.494415238451404,14,0.00249915421525758,0.00911294761441955
"percentile_latbin_OLS","q60","Northern","occurrence5_k1_tropical_temperate","Coolhouse","Transitional",15,15,-0.466421156472687,47,0.00350809961711981,0.00911294761441955
"percentile_latbin_OLS","q60","Northern","occurrence5_k1_tropical_temperate","Coolhouse","Warmhouse",15,9,-0.383795752104152,22,0.00364517904576782,0.00911294761441955
"percentile_latbin_OLS","q60","Northern","occurrence5_k1_tropical_temperate","Coldhouse","Hothouse",12,11,-0.308637835463132,35,0.0302490953592954,0.0604981907185908
"percentile_latbin_OLS","q60","Northern","occurrence5_k1_tropical_temperate","Coolhouse","Hothouse",15,11,-0.198018349115881,57,0.0972299051017488,0.162049841836248
"percentile_latbin_OLS","q60","Northern","occurrence5_k1_tropical_temperate","Coldhouse","Coolhouse",12,15,-0.110619486347251,74,0.224727913657108,0.321039876653012
"percentile_latbin_OLS","q60","Northern","occurrence5_k1_tropical_temperate","Transitional","Warmhouse",15,9,0.0826254043685349,79,0.762862824616335,0.953578530770419
"percentile_latbin_OLS","q60","Northern","occurrence5_k1_tropical_temperate","Transitional","Hothouse",15,11,0.268402807356806,119,0.972589827417895,0.972589827417895
"percentile_latbin_OLS","q60","Northern","occurrence5_k1_tropical_temperate","Warmhouse","Hothouse",9,11,0.185777402988271,71,0.952680802356452,0.972589827417895
"percentile_latbin_OLS","q60","Northern","occurrence5_k1_tropical_temperate_polar","Coldhouse","Transitional",6,7,-0.532450162267477,0,0.00170261791064738,0.0126871702448506
"percentile_latbin_OLS","q60","Northern","occurrence5_k1_tropical_temperate_polar","Coldhouse","Warmhouse",6,6,-0.517048995446157,0,0.00253743404897013,0.0126871702448506
"percentile_latbin_OLS","q60","Northern","occurrence5_k1_tropical_temperate_polar","Coldhouse","Hothouse",6,4,-0.477794211521742,0,0.00710701943454103,0.0236900647818034
"percentile_latbin_OLS","q60","Northern","occurrence5_k1_tropical_temperate_polar","Coldhouse","Coolhouse",6,10,-0.275879533984699,9,0.0130897991770406,0.0327244979426014
"percentile_latbin_OLS","q60","Northern","occurrence5_k1_tropical_temperate_polar","Coolhouse","Warmhouse",10,6,-0.241169461461458,15,0.057888842879466,0.115777685758932
"percentile_latbin_OLS","q60","Northern","occurrence5_k1_tropical_temperate_polar","Coolhouse","Transitional",10,7,-0.256570628282777,20,0.0785261698539602,0.1308769497566
"percentile_latbin_OLS","q60","Northern","occurrence5_k1_tropical_temperate_polar","Coolhouse","Hothouse",10,4,-0.201914677537043,11,0.114665971195824,0.163808530279748
"percentile_latbin_OLS","q60","Northern","occurrence5_k1_tropical_temperate_polar","Transitional","Warmhouse",7,6,0.0154011668213195,19,0.415162128827898,0.518952661034872
"percentile_latbin_OLS","q60","Northern","occurrence5_k1_tropical_temperate_polar","Transitional","Hothouse",7,4,0.0546559507457347,17,0.745834213223927,0.745834213223927
"percentile_latbin_OLS","q60","Northern","occurrence5_k1_tropical_temperate_polar","Warmhouse","Hothouse",6,4,0.0392547839244152,14,0.702983829700479,0.745834213223927
"percentile_latbin_OLS","q60","Northern","occurrence5_k2_tropical_temperate","Coldhouse","Transitional",7,10,-0.595526661628424,0,0.000380152921436306,0.00380152921436306
"percentile_latbin_OLS","q60","Northern","occurrence5_k2_tropical_temperate","Coldhouse","Warmhouse",7,8,-0.509694753065596,1,0.00108189356443515,0.00540946782217576
"percentile_latbin_OLS","q60","Northern","occurrence5_k2_tropical_temperate","Coldhouse","Hothouse",7,6,-0.350998424231791,0,0.00170261791064738,0.00567539303549127
"percentile_latbin_OLS","q60","Northern","occurrence5_k2_tropical_temperate","Coolhouse","Transitional",10,10,-0.39028837450065,12,0.00229319604012675,0.00573299010031686
"percentile_latbin_OLS","q60","Northern","occurrence5_k2_tropical_temperate","Coolhouse","Warmhouse",10,8,-0.304456465937822,14,0.0117338232380456,0.0234676464760913
"percentile_latbin_OLS","q60","Northern","occurrence5_k2_tropical_temperate","Coldhouse","Coolhouse",7,10,-0.205238287127774,19,0.0651849142054032,0.108641523675672
"percentile_latbin_OLS","q60","Northern","occurrence5_k2_tropical_temperate","Coolhouse","Hothouse",10,6,-0.145760137104017,19,0.127375581495219,0.181965116421741
"percentile_latbin_OLS","q60","Northern","occurrence5_k2_tropical_temperate","Transitional","Warmhouse",10,8,0.0858319085628281,54,0.901189454840576,0.98691020082296
"percentile_latbin_OLS","q60","Northern","occurrence5_k2_tropical_temperate","Transitional","Hothouse",10,6,0.244528237396633,50,0.98691020082296,0.98691020082296
"percentile_latbin_OLS","q60","Northern","occurrence5_k2_tropical_temperate","Warmhouse","Hothouse",8,6,0.158696328833805,32,0.863754758265024,0.98691020082296
"percentile_latbin_OLS","q60","Northern","occurrence5_k2_tropical_temperate_polar","Coldhouse","Coolhouse",3,7,-0.223040149640936,3,0.0553060368742615,0.186143341473457
"percentile_latbin_OLS","q60","Northern","occurrence5_k2_tropical_temperate_polar","Coldhouse","Transitional",3,3,-0.355613905282645,0,0.0404277991850261,0.186143341473457
"percentile_latbin_OLS","q60","Northern","occurrence5_k2_tropical_temperate_polar","Coldhouse","Warmhouse",3,2,-0.477226002555539,0,0.0744573365893828,0.186143341473457
"percentile_latbin_OLS","q60","Northern","occurrence5_k2_tropical_temperate_polar","Coldhouse","Hothouse",3,2,-0.471774255810924,0,0.0744573365893828,0.186143341473457
"percentile_latbin_OLS","q60","Northern","occurrence5_k2_tropical_temperate_polar","Coolhouse","Warmhouse",7,2,-0.254185852914603,2,0.0938413862666982,0.187682772533396
"percentile_latbin_OLS","q60","Northern","occurrence5_k2_tropical_temperate_polar","Coolhouse","Transitional",7,3,-0.132573755641709,6,0.180967383460596,0.24154764423202
"percentile_latbin_OLS","q60","Northern","occurrence5_k2_tropical_temperate_polar","Coolhouse","Hothouse",7,2,-0.248734106169988,3,0.152753543430627,0.24154764423202
"percentile_latbin_OLS","q60","Northern","occurrence5_k2_tropical_temperate_polar","Transitional","Hothouse",3,2,-0.116160350528278,1,0.193238115385616,0.24154764423202
"percentile_latbin_OLS","q60","Northern","occurrence5_k2_tropical_temperate_polar","Transitional","Warmhouse",3,2,-0.121612097272894,2,0.386414996342224,0.429349995935804
"percentile_latbin_OLS","q60","Northern","occurrence5_k2_tropical_temperate_polar","Warmhouse","Hothouse",2,2,0.00545174674461582,2,0.650732320848331,0.650732320848331
"percentile_latbin_OLS","q60","Northern","occurrence5_k3_tropical_temperate","Coldhouse","Transitional",3,6,-0.842423044616002,0,0.0140929010739537,0.0704645053697685
"percentile_latbin_OLS","q60","Northern","occurrence5_k3_tropical_temperate","Coldhouse","Warmhouse",3,6,-0.520515406400475,0,0.0140929010739537,0.0704645053697685
"percentile_latbin_OLS","q60","Northern","occurrence5_k3_tropical_temperate","Coldhouse","Hothouse",3,3,-0.511596480271707,0,0.0404277991850261,0.101069497962565
"percentile_latbin_OLS","q60","Northern","occurrence5_k3_tropical_temperate","Coolhouse","Warmhouse",2,6,-0.468264306974374,0,0.0333765075848173,0.101069497962565
"percentile_latbin_OLS","q60","Northern","occurrence5_k3_tropical_temperate","Coolhouse","Transitional",2,6,-0.790171945189902,1,0.0668072012688581,0.133614402537716
"percentile_latbin_OLS","q60","Northern","occurrence5_k3_tropical_temperate","Coolhouse","Hothouse",2,3,-0.459345380845606,1,0.193238115385616,0.322063525642694
"percentile_latbin_OLS","q60","Northern","occurrence5_k3_tropical_temperate","Coldhouse","Coolhouse",3,2,-0.0522510994261006,3,0.613585003657776,0.876550005225395
"percentile_latbin_OLS","q60","Northern","occurrence5_k3_tropical_temperate","Warmhouse","Hothouse",6,3,0.00891892612876743,11,0.740697491785637,0.925871864732046
"percentile_latbin_OLS","q60","Northern","occurrence5_k3_tropical_temperate","Transitional","Warmhouse",6,6,0.321907638215528,27,0.935897362484804,0.953355021908198
"percentile_latbin_OLS","q60","Northern","occurrence5_k3_tropical_temperate","Transitional","Hothouse",6,3,0.330826564344295,15,0.953355021908198,0.953355021908198
"percentile_latbin_OLS","q60","Northern","occurrence5_k3_tropical_temperate_polar","Coldhouse","Coolhouse",1,0,NA,NA,NA,NA
"percentile_latbin_OLS","q60","Northern","occurrence5_k3_tropical_temperate_polar","Coldhouse","Transitional",1,1,-0.531673115016277,NA,NA,NA
"percentile_latbin_OLS","q60","Northern","occurrence5_k3_tropical_temperate_polar","Coldhouse","Warmhouse",1,2,-0.516271948194958,NA,NA,NA
"percentile_latbin_OLS","q60","Northern","occurrence5_k3_tropical_temperate_polar","Coldhouse","Hothouse",1,1,-0.579202554631306,NA,NA,NA
"percentile_latbin_OLS","q60","Northern","occurrence5_k3_tropical_temperate_polar","Coolhouse","Transitional",0,1,NA,NA,NA,NA
"percentile_latbin_OLS","q60","Northern","occurrence5_k3_tropical_temperate_polar","Coolhouse","Warmhouse",0,2,NA,NA,NA,NA
"percentile_latbin_OLS","q60","Northern","occurrence5_k3_tropical_temperate_polar","Coolhouse","Hothouse",0,1,NA,NA,NA,NA
"percentile_latbin_OLS","q60","Northern","occurrence5_k3_tropical_temperate_polar","Transitional","Warmhouse",1,2,0.0154011668213195,NA,NA,NA
"percentile_latbin_OLS","q60","Northern","occurrence5_k3_tropical_temperate_polar","Transitional","Hothouse",1,1,-0.0475294396150286,NA,NA,NA
"percentile_latbin_OLS","q60","Northern","occurrence5_k3_tropical_temperate_polar","Warmhouse","Hothouse",2,1,-0.0629306064363482,NA,NA,NA
"percentile_latbin_OLS","q60","Northern","occurrence10_k1_tropical_temperate","Coldhouse","Transitional",12,14,-0.441754238208647,28,0.00215447194797238,0.00623296341035143
"percentile_latbin_OLS","q60","Northern","occurrence10_k1_tropical_temperate","Coldhouse","Warmhouse",12,8,-0.533926180415972,10,0.00190676594129104,0.00623296341035143
"percentile_latbin_OLS","q60","Northern","occurrence10_k1_tropical_temperate","Coolhouse","Transitional",15,14,-0.374348233198807,39,0.00212721030629413,0.00623296341035143
"percentile_latbin_OLS","q60","Northern","occurrence10_k1_tropical_temperate","Coolhouse","Warmhouse",15,8,-0.466520175406131,16,0.00249318536414057,0.00623296341035143
"percentile_latbin_OLS","q60","Northern","occurrence10_k1_tropical_temperate","Coolhouse","Hothouse",15,9,-0.466427850939933,30,0.0136831192902514,0.0273662385805028
"percentile_latbin_OLS","q60","Northern","occurrence10_k1_tropical_temperate","Coldhouse","Hothouse",12,9,-0.533833855949773,24,0.0180200948075734,0.0300334913459556
"percentile_latbin_OLS","q60","Northern","occurrence10_k1_tropical_temperate","Coldhouse","Coolhouse",12,15,-0.0674060050098401,85,0.413100101689404,0.590143002413434
"percentile_latbin_OLS","q60","Northern","occurrence10_k1_tropical_temperate","Transitional","Warmhouse",14,8,-0.0921719422073249,55,0.486388265355852,0.607985331694815
"percentile_latbin_OLS","q60","Northern","occurrence10_k1_tropical_temperate","Transitional","Hothouse",14,9,-0.0920796177411265,70,0.6816991837182,0.701679732651302
"percentile_latbin_OLS","q60","Northern","occurrence10_k1_tropical_temperate","Warmhouse","Hothouse",8,9,9.23244661983555e-05,41,0.701679732651302,0.701679732651302
"percentile_latbin_OLS","q60","Northern","occurrence10_k1_tropical_temperate_polar","Coldhouse","Transitional",6,6,-0.437778126011268,0,0.00253743404897013,0.0202827931639144
"percentile_latbin_OLS","q60","Northern","occurrence10_k1_tropical_temperate_polar","Coldhouse","Warmhouse",6,5,-0.490529084587835,0,0.00405655863278289,0.0202827931639144
"percentile_latbin_OLS","q60","Northern","occurrence10_k1_tropical_temperate_polar","Coldhouse","Hothouse",6,3,-0.537876683825282,0,0.0140929010739537,0.046976336913179
"percentile_latbin_OLS","q60","Northern","occurrence10_k1_tropical_temperate_polar","Coldhouse","Coolhouse",6,9,-0.151075117978468,9,0.019585083014992,0.04896270753748
"percentile_latbin_OLS","q60","Northern","occurrence10_k1_tropical_temperate_polar","Coolhouse","Hothouse",9,3,-0.386801565846814,3,0.0322288591353379,0.0644577182706759
"percentile_latbin_OLS","q60","Northern","occurrence10_k1_tropical_temperate_polar","Coolhouse","Transitional",9,6,-0.2867030080328,13,0.0558058841491461,0.0930098069152435
"percentile_latbin_OLS","q60","Northern","occurrence10_k1_tropical_temperate_polar","Transitional","Hothouse",6,3,-0.100098557814014,3,0.077790173896099,0.11112881985157
"percentile_latbin_OLS","q60","Northern","occurrence10_k1_tropical_temperate_polar","Coolhouse","Warmhouse",9,5,-0.339453966609367,12,0.0912112197258678,0.114014024657335
"percentile_latbin_OLS","q60","Northern","occurrence10_k1_tropical_temperate_polar","Warmhouse","Hothouse",5,3,-0.0473475992374466,6,0.382797241997882,0.425330268886536
"percentile_latbin_OLS","q60","Northern","occurrence10_k1_tropical_temperate_polar","Transitional","Warmhouse",6,5,-0.0527509585765672,15,0.536367763237384,0.536367763237384
"percentile_latbin_OLS","q60","Northern","occurrence10_k2_tropical_temperate","Coldhouse","Transitional",6,10,-0.630318179492214,0,0.000687795633623293,0.00402441485626475
"percentile_latbin_OLS","q60","Northern","occurrence10_k2_tropical_temperate","Coldhouse","Warmhouse",6,8,-0.533926180415972,0,0.00120732445687942,0.00402441485626475
"percentile_latbin_OLS","q60","Northern","occurrence10_k2_tropical_temperate","Coolhouse","Transitional",8,10,-0.519508404513699,5,0.00108687550402483,0.00402441485626475
"percentile_latbin_OLS","q60","Northern","occurrence10_k2_tropical_temperate","Coldhouse","Hothouse",6,6,-0.535855269887528,0,0.00253743404897013,0.00634358512242532
"percentile_latbin_OLS","q60","Northern","occurrence10_k2_tropical_temperate","Coolhouse","Hothouse",8,6,-0.425045494909013,3,0.00406601094944092,0.00813202189888184
"percentile_latbin_OLS","q60","Northern","occurrence10_k2_tropical_temperate","Coolhouse","Warmhouse",8,8,-0.423116405437457,7,0.00504084694192983,0.00840141156988305
"percentile_latbin_OLS","q60","Northern","occurrence10_k2_tropical_temperate","Coldhouse","Coolhouse",6,8,-0.110809774978515,14,0.110015681790706,0.157165259701009
"percentile_latbin_OLS","q60","Northern","occurrence10_k2_tropical_temperate","Warmhouse","Hothouse",8,6,-0.00192908947155603,27,0.674310776761804,0.842888470952254
"percentile_latbin_OLS","q60","Northern","occurrence10_k2_tropical_temperate","Transitional","Warmhouse",10,8,0.0963919990762422,51,0.846562644712625,0.893865428554014
"percentile_latbin_OLS","q60","Northern","occurrence10_k2_tropical_temperate","Transitional","Hothouse",10,6,0.0944629096046862,41,0.893865428554014,0.893865428554014
"percentile_latbin_OLS","q60","Northern","occurrence10_k2_tropical_temperate_polar","Coldhouse","Coolhouse",2,3,-0.151075117978468,0,0.0744573365893828,0.111686004884074
"percentile_latbin_OLS","q60","Northern","occurrence10_k2_tropical_temperate_polar","Coolhouse","Transitional",3,2,-0.266875641903292,0,0.0744573365893828,0.111686004884074
"percentile_latbin_OLS","q60","Northern","occurrence10_k2_tropical_temperate_polar","Coldhouse","Transitional",2,2,-0.41795075988176,0,0.122639058403386,0.122639058403386
"percentile_latbin_OLS","q60","Northern","occurrence10_k2_tropical_temperate_polar","Coldhouse","Warmhouse",2,1,-0.490529084587835,NA,NA,NA
"percentile_latbin_OLS","q60","Northern","occurrence10_k2_tropical_temperate_polar","Coldhouse","Hothouse",2,1,-0.564363923074071,NA,NA,NA
"percentile_latbin_OLS","q60","Northern","occurrence10_k2_tropical_temperate_polar","Coolhouse","Warmhouse",3,1,-0.339453966609367,NA,NA,NA
"percentile_latbin_OLS","q60","Northern","occurrence10_k2_tropical_temperate_polar","Coolhouse","Hothouse",3,1,-0.413288805095603,NA,NA,NA
"percentile_latbin_OLS","q60","Northern","occurrence10_k2_tropical_temperate_polar","Transitional","Warmhouse",2,1,-0.0725783247060749,NA,NA,NA
"percentile_latbin_OLS","q60","Northern","occurrence10_k2_tropical_temperate_polar","Transitional","Hothouse",2,1,-0.146413163192311,NA,NA,NA
"percentile_latbin_OLS","q60","Northern","occurrence10_k2_tropical_temperate_polar","Warmhouse","Hothouse",1,1,-0.073834838486236,NA,NA,NA
"percentile_latbin_OLS","q60","Northern","occurrence10_k3_tropical_temperate","Coldhouse","Transitional",3,4,-0.854819077560051,0,0.0259149636089548,0.105192505120041
"percentile_latbin_OLS","q60","Northern","occurrence10_k3_tropical_temperate","Coldhouse","Warmhouse",3,4,-0.559766131229372,0,0.0259149636089548,0.105192505120041
"percentile_latbin_OLS","q60","Northern","occurrence10_k3_tropical_temperate","Coldhouse","Hothouse",3,3,-0.590203873887472,0,0.0404277991850261,0.105192505120041
"percentile_latbin_OLS","q60","Northern","occurrence10_k3_tropical_temperate","Coolhouse","Transitional",2,4,-0.789484531316561,0,0.0525962525600207,0.105192505120041
"percentile_latbin_OLS","q60","Northern","occurrence10_k3_tropical_temperate","Coolhouse","Warmhouse",2,4,-0.494431584985883,0,0.0525962525600207,0.105192505120041
"percentile_latbin_OLS","q60","Northern","occurrence10_k3_tropical_temperate","Coolhouse","Hothouse",2,3,-0.524869327643982,0,0.0744573365893828,0.124095560982305
"percentile_latbin_OLS","q60","Northern","occurrence10_k3_tropical_temperate","Warmhouse","Hothouse",4,3,-0.0304377426580998,5,0.429841897599333,0.614059853713333
"percentile_latbin_OLS","q60","Northern","occurrence10_k3_tropical_temperate","Coldhouse","Coolhouse",3,2,-0.0653345462434896,3,0.613585003657776,0.76698125457222
"percentile_latbin_OLS","q60","Northern","occurrence10_k3_tropical_temperate","Transitional","Warmhouse",4,4,0.295052946330679,12,0.903034573858795,0.903034573858795
"percentile_latbin_OLS","q60","Northern","occurrence10_k3_tropical_temperate","Transitional","Hothouse",4,3,0.264615203672579,9,0.89203753052993,0.903034573858795
"percentile_latbin_OLS","q60","Northern","occurrence10_k3_tropical_temperate_polar","Coldhouse","Coolhouse",1,0,NA,NA,NA,NA
"percentile_latbin_OLS","q60","Northern","occurrence10_k3_tropical_temperate_polar","Coldhouse","Transitional",1,0,NA,NA,NA,NA
"percentile_latbin_OLS","q60","Northern","occurrence10_k3_tropical_temperate_polar","Coldhouse","Warmhouse",1,1,-0.516369035401236,NA,NA,NA
"percentile_latbin_OLS","q60","Northern","occurrence10_k3_tropical_temperate_polar","Coldhouse","Hothouse",1,1,-0.590203873887472,NA,NA,NA
"percentile_latbin_OLS","q60","Northern","occurrence10_k3_tropical_temperate_polar","Coolhouse","Transitional",0,0,NA,NA,NA,NA
"percentile_latbin_OLS","q60","Northern","occurrence10_k3_tropical_temperate_polar","Coolhouse","Warmhouse",0,1,NA,NA,NA,NA
"percentile_latbin_OLS","q60","Northern","occurrence10_k3_tropical_temperate_polar","Coolhouse","Hothouse",0,1,NA,NA,NA,NA
"percentile_latbin_OLS","q60","Northern","occurrence10_k3_tropical_temperate_polar","Transitional","Warmhouse",0,1,NA,NA,NA,NA
"percentile_latbin_OLS","q60","Northern","occurrence10_k3_tropical_temperate_polar","Transitional","Hothouse",0,1,NA,NA,NA,NA
"percentile_latbin_OLS","q60","Northern","occurrence10_k3_tropical_temperate_polar","Warmhouse","Hothouse",1,1,-0.073834838486236,NA,NA,NA
"percentile_latbin_OLS","q60","Northern","collection5_k1_tropical_temperate","Coldhouse","Transitional",10,13,-0.737325170019302,3,6.83488895992727e-05,0.000683488895992727
"percentile_latbin_OLS","q60","Northern","collection5_k1_tropical_temperate","Coolhouse","Transitional",14,13,-0.587381515480705,20,0.000311848647204593,0.00155924323602296
"percentile_latbin_OLS","q60","Northern","collection5_k1_tropical_temperate","Coldhouse","Warmhouse",10,9,-0.536312069475661,7,0.00109982353055653,0.00366607843518843
"percentile_latbin_OLS","q60","Northern","collection5_k1_tropical_temperate","Coolhouse","Warmhouse",14,9,-0.386368414937065,25,0.00908150917393821,0.0227037729348455
"percentile_latbin_OLS","q60","Northern","collection5_k1_tropical_temperate","Coldhouse","Hothouse",10,9,-0.499535439401307,17,0.0123723360231995,0.0247446720463989
"percentile_latbin_OLS","q60","Northern","collection5_k1_tropical_temperate","Coolhouse","Hothouse",14,9,-0.349591784862711,41,0.0878087521869882,0.146347920311647
"percentile_latbin_OLS","q60","Northern","collection5_k1_tropical_temperate","Coldhouse","Coolhouse",10,14,-0.149943654538596,50,0.126767939799949,0.18109705685707
"percentile_latbin_OLS","q60","Northern","collection5_k1_tropical_temperate","Transitional","Warmhouse",13,9,0.201013100543641,83,0.952486023634088,0.988409971792555
"percentile_latbin_OLS","q60","Northern","collection5_k1_tropical_temperate","Transitional","Hothouse",13,9,0.237789730617995,92,0.988409971792555,0.988409971792555
"percentile_latbin_OLS","q60","Northern","collection5_k1_tropical_temperate","Warmhouse","Hothouse",9,9,0.0367766300743541,51,0.834306451876192,0.988409971792555
"percentile_latbin_OLS","q60","Northern","collection5_k1_tropical_temperate_polar","Coldhouse","Transitional",6,4,-0.562485057704932,0,0.00710701943454103,0.0236900647818034
"percentile_latbin_OLS","q60","Northern","collection5_k1_tropical_temperate_polar","Coldhouse","Warmhouse",6,6,-0.49670043199253,0,0.00253743404897013,0.0236900647818034
"percentile_latbin_OLS","q60","Northern","collection5_k1_tropical_temperate_polar","Coldhouse","Hothouse",6,4,-0.532969825785567,0,0.00710701943454103,0.0236900647818034
"percentile_latbin_OLS","q60","Northern","collection5_k1_tropical_temperate_polar","Coolhouse","Transitional",10,4,-0.370760442317246,7,0.0385499358717709,0.0770998717435418
"percentile_latbin_OLS","q60","Northern","collection5_k1_tropical_temperate_polar","Coolhouse","Warmhouse",10,6,-0.304975816604844,13,0.036752984128544,0.0770998717435418
"percentile_latbin_OLS","q60","Northern","collection5_k1_tropical_temperate_polar","Coldhouse","Coolhouse",6,10,-0.191724615387686,16,0.0715586491291007,0.119264415215168
"percentile_latbin_OLS","q60","Northern","collection5_k1_tropical_temperate_polar","Coolhouse","Hothouse",10,4,-0.341245210397881,10,0.089554596363361,0.127935137661944
"percentile_latbin_OLS","q60","Northern","collection5_k1_tropical_temperate_polar","Transitional","Warmhouse",4,6,0.0657846257124013,13,0.625440433499702,0.764756788970605
"percentile_latbin_OLS","q60","Northern","collection5_k1_tropical_temperate_polar","Transitional","Hothouse",4,4,0.0295152319193648,10,0.764756788970605,0.764756788970605
"percentile_latbin_OLS","q60","Northern","collection5_k1_tropical_temperate_polar","Warmhouse","Hothouse",6,4,-0.0362693937930366,14,0.702983829700479,0.764756788970605
"percentile_latbin_OLS","q60","Northern","collection5_k2_tropical_temperate","Coldhouse","Transitional",6,10,-0.647942215896422,0,0.000687795633623293,0.00378905989810199
"percentile_latbin_OLS","q60","Northern","collection5_k2_tropical_temperate","Coolhouse","Transitional",7,10,-0.72925905065543,2,0.000757811979620399,0.00378905989810199
"percentile_latbin_OLS","q60","Northern","collection5_k2_tropical_temperate","Coldhouse","Warmhouse",6,6,-0.501360400956701,1,0.00411950941286232,0.00823901882572464
"percentile_latbin_OLS","q60","Northern","collection5_k2_tropical_temperate","Coldhouse","Hothouse",6,5,-0.489978710414686,0,0.00405655863278289,0.00823901882572464
"percentile_latbin_OLS","q60","Northern","collection5_k2_tropical_temperate","Coolhouse","Warmhouse",7,6,-0.582677235715709,2,0.00411048566034429,0.00823901882572464
"percentile_latbin_OLS","q60","Northern","collection5_k2_tropical_temperate","Coolhouse","Hothouse",7,5,-0.571295545173693,2,0.00742546894368245,0.0123757815728041
"percentile_latbin_OLS","q60","Northern","collection5_k2_tropical_temperate","Coldhouse","Coolhouse",6,7,0.0813168347590074,26,0.783982553997496,0.983955633010884
"percentile_latbin_OLS","q60","Northern","collection5_k2_tropical_temperate","Transitional","Warmhouse",10,6,0.146581814939721,41,0.893865428554014,0.983955633010884
"percentile_latbin_OLS","q60","Northern","collection5_k2_tropical_temperate","Transitional","Hothouse",10,5,0.157963505481736,42,0.983955633010884,0.983955633010884
"percentile_latbin_OLS","q60","Northern","collection5_k2_tropical_temperate","Warmhouse","Hothouse",6,5,0.0113816905420157,19,0.79434310411187,0.983955633010884
"percentile_latbin_OLS","q60","Northern","collection5_k2_tropical_temperate_polar","Coldhouse","Transitional",3,3,-0.396630576085738,0,0.0404277991850261,0.102027846085608
"percentile_latbin_OLS","q60","Northern","collection5_k2_tropical_temperate_polar","Coolhouse","Transitional",5,3,-0.438914198496082,2,0.0680185640570718,0.102027846085608
"percentile_latbin_OLS","q60","Northern","collection5_k2_tropical_temperate_polar","Coldhouse","Coolhouse",3,5,0.0422836224103438,7,0.5,0.5
"percentile_latbin_OLS","q60","Northern","collection5_k2_tropical_temperate_polar","Coldhouse","Warmhouse",3,1,-0.538550856989699,NA,NA,NA
"percentile_latbin_OLS","q60","Northern","collection5_k2_tropical_temperate_polar","Coldhouse","Hothouse",3,1,-0.517585135670514,NA,NA,NA
"percentile_latbin_OLS","q60","Northern","collection5_k2_tropical_temperate_polar","Coolhouse","Warmhouse",5,1,-0.580834479400043,NA,NA,NA
"percentile_latbin_OLS","q60","Northern","collection5_k2_tropical_temperate_polar","Coolhouse","Hothouse",5,1,-0.559868758080858,NA,NA,NA
"percentile_latbin_OLS","q60","Northern","collection5_k2_tropical_temperate_polar","Transitional","Warmhouse",3,1,-0.141920280903961,NA,NA,NA
"percentile_latbin_OLS","q60","Northern","collection5_k2_tropical_temperate_polar","Transitional","Hothouse",3,1,-0.120954559584776,NA,NA,NA
"percentile_latbin_OLS","q60","Northern","collection5_k2_tropical_temperate_polar","Warmhouse","Hothouse",1,1,0.0209657213191849,NA,NA,NA
"percentile_latbin_OLS","q60","Northern","collection5_k3_tropical_temperate","Coldhouse","Transitional",3,5,-1.10019208161501,0,0.0184442128535249,0.101701411542594
"percentile_latbin_OLS","q60","Northern","collection5_k3_tropical_temperate","Coldhouse","Warmhouse",3,4,-0.717433766895421,0,0.0259149636089548,0.101701411542594
"percentile_latbin_OLS","q60","Northern","collection5_k3_tropical_temperate","Coldhouse","Hothouse",3,3,-0.599278387439633,0,0.0404277991850261,0.101701411542594
"percentile_latbin_OLS","q60","Northern","collection5_k3_tropical_temperate","Coolhouse","Transitional",2,5,-0.995039004615342,0,0.0406805646170377,0.101701411542594
"percentile_latbin_OLS","q60","Northern","collection5_k3_tropical_temperate","Coolhouse","Warmhouse",2,4,-0.61228068989575,0,0.0525962525600207,0.105192505120041
"percentile_latbin_OLS","q60","Northern","collection5_k3_tropical_temperate","Coolhouse","Hothouse",2,3,-0.494125310439962,0,0.0744573365893828,0.124095560982305
"percentile_latbin_OLS","q60","Northern","collection5_k3_tropical_temperate","Coldhouse","Coolhouse",3,2,-0.105153076999672,3,0.613585003657776,0.876550005225395
"percentile_latbin_OLS","q60","Northern","collection5_k3_tropical_temperate","Transitional","Warmhouse",5,4,0.382758314719592,16,0.94432655673343,0.991463669453106
"percentile_latbin_OLS","q60","Northern","collection5_k3_tropical_temperate","Transitional","Hothouse",5,3,0.50091369417538,15,0.991463669453106,0.991463669453106
"percentile_latbin_OLS","q60","Northern","collection5_k3_tropical_temperate","Warmhouse","Hothouse",4,3,0.118155379455788,10,0.944194115850854,0.991463669453106
"percentile_latbin_OLS","q60","Northern","collection5_k3_tropical_temperate_polar","Coldhouse","Coolhouse",1,0,NA,NA,NA,NA
"percentile_latbin_OLS","q60","Northern","collection5_k3_tropical_temperate_polar","Coldhouse","Transitional",1,0,NA,NA,NA,NA
"percentile_latbin_OLS","q60","Northern","collection5_k3_tropical_temperate_polar","Coldhouse","Warmhouse",1,1,-0.662808859333853,NA,NA,NA
"percentile_latbin_OLS","q60","Northern","collection5_k3_tropical_temperate_polar","Coldhouse","Hothouse",1,1,-0.641843138014668,NA,NA,NA
"percentile_latbin_OLS","q60","Northern","collection5_k3_tropical_temperate_polar","Coolhouse","Transitional",0,0,NA,NA,NA,NA
"percentile_latbin_OLS","q60","Northern","collection5_k3_tropical_temperate_polar","Coolhouse","Warmhouse",0,1,NA,NA,NA,NA
"percentile_latbin_OLS","q60","Northern","collection5_k3_tropical_temperate_polar","Coolhouse","Hothouse",0,1,NA,NA,NA,NA
"percentile_latbin_OLS","q60","Northern","collection5_k3_tropical_temperate_polar","Transitional","Warmhouse",0,1,NA,NA,NA,NA
"percentile_latbin_OLS","q60","Northern","collection5_k3_tropical_temperate_polar","Transitional","Hothouse",0,1,NA,NA,NA,NA
"percentile_latbin_OLS","q60","Northern","collection5_k3_tropical_temperate_polar","Warmhouse","Hothouse",1,1,0.0209657213191849,NA,NA,NA
"percentile_latbin_OLS","q60","Northern","collection10_k1_tropical_temperate","Coldhouse","Warmhouse",8,8,-0.731439290995538,4,0.00193802072449738,0.00969010362248689
"percentile_latbin_OLS","q60","Northern","collection10_k1_tropical_temperate","Coldhouse","Hothouse",8,6,-0.612384689566613,1,0.00183780605887062,0.00969010362248689
"percentile_latbin_OLS","q60","Northern","collection10_k1_tropical_temperate","Coldhouse","Transitional",8,12,-0.69159013001706,17,0.00930816017782372,0.0232704004445593
"percentile_latbin_OLS","q60","Northern","collection10_k1_tropical_temperate","Coolhouse","Warmhouse",12,8,-0.669788682476255,17,0.00930816017782372,0.0232704004445593
"percentile_latbin_OLS","q60","Northern","collection10_k1_tropical_temperate","Coolhouse","Hothouse",12,6,-0.55073408104733,12,0.0138688381967788,0.0277376763935575
"percentile_latbin_OLS","q60","Northern","collection10_k1_tropical_temperate","Coolhouse","Transitional",12,12,-0.629939521497777,40,0.034482166669527,0.0574702777825451
"percentile_latbin_OLS","q60","Northern","collection10_k1_tropical_temperate","Coldhouse","Coolhouse",8,12,-0.0616506085192832,37,0.20894348215875,0.298490688798215
"percentile_latbin_OLS","q60","Northern","collection10_k1_tropical_temperate","Transitional","Warmhouse",12,8,-0.0398491609784781,47,0.484614283419669,0.605767854274586
"percentile_latbin_OLS","q60","Northern","collection10_k1_tropical_temperate","Transitional","Hothouse",12,6,0.0792054404504466,38,0.592564358050644,0.658404842278494
"percentile_latbin_OLS","q60","Northern","collection10_k1_tropical_temperate","Warmhouse","Hothouse",8,6,0.119054601428925,27,0.674310776761804,0.674310776761804
"percentile_latbin_OLS","q60","Northern","collection10_k1_tropical_temperate_polar","Coldhouse","Transitional",5,2,-0.304034279681153,0,0.0406805646170377,0.135601882056792
"percentile_latbin_OLS","q60","Northern","collection10_k1_tropical_temperate_polar","Coldhouse","Warmhouse",5,4,-0.346225405373385,2,0.0330962898610967,0.135601882056792
"percentile_latbin_OLS","q60","Northern","collection10_k1_tropical_temperate_polar","Coldhouse","Hothouse",5,2,-0.556066278934859,0,0.0406805646170377,0.135601882056792
"percentile_latbin_OLS","q60","Northern","collection10_k1_tropical_temperate_polar","Coolhouse","Hothouse",8,2,-0.467351316897808,2,0.075481159880126,0.188702899700315
"percentile_latbin_OLS","q60","Northern","collection10_k1_tropical_temperate_polar","Coolhouse","Warmhouse",8,4,-0.257510443336334,9,0.134803052284104,0.269606104568209
"percentile_latbin_OLS","q60","Northern","collection10_k1_tropical_temperate_polar","Coldhouse","Coolhouse",5,8,-0.0887149620370515,14,0.210375921683466,0.35062653613911
"percentile_latbin_OLS","q60","Northern","collection10_k1_tropical_temperate_polar","Coolhouse","Transitional",8,2,-0.215319317644101,5,0.256945445628857,0.367064922326938
"percentile_latbin_OLS","q60","Northern","collection10_k1_tropical_temperate_polar","Transitional","Hothouse",2,2,-0.252031999253706,1,0.349267679151669,0.436584598939587
"percentile_latbin_OLS","q60","Northern","collection10_k1_tropical_temperate_polar","Warmhouse","Hothouse",4,2,-0.209840873561474,3,0.408480660857696,0.453867400952995
"percentile_latbin_OLS","q60","Northern","collection10_k1_tropical_temperate_polar","Transitional","Warmhouse",2,4,-0.0421911256922324,4,0.591519339142304,0.591519339142304
"percentile_latbin_OLS","q60","Northern","collection10_k2_tropical_temperate","Coldhouse","Warmhouse",5,5,-0.777157993230841,0,0.0060928901776724,0.0228513834635554
"percentile_latbin_OLS","q60","Northern","collection10_k2_tropical_temperate","Coolhouse","Transitional",6,8,-0.832476680701666,4,0.00591056891831115,0.0228513834635554
"percentile_latbin_OLS","q60","Northern","collection10_k2_tropical_temperate","Coolhouse","Warmhouse",6,5,-0.936707568840408,1,0.00685541503906661,0.0228513834635554
"percentile_latbin_OLS","q60","Northern","collection10_k2_tropical_temperate","Coldhouse","Hothouse",5,4,-0.593721664641653,0,0.00998222665260803,0.0249555666315201
"percentile_latbin_OLS","q60","Northern","collection10_k2_tropical_temperate","Coolhouse","Hothouse",6,4,-0.753271240251219,1,0.0125907322022298,0.0251814644044597
"percentile_latbin_OLS","q60","Northern","collection10_k2_tropical_temperate","Coldhouse","Transitional",5,8,-0.672927105092099,5,0.0168944196918348,0.028157366153058
"percentile_latbin_OLS","q60","Northern","collection10_k2_tropical_temperate","Transitional","Warmhouse",8,5,-0.104230888138742,19,0.470826465080518,0.672609235829311
"percentile_latbin_OLS","q60","Northern","collection10_k2_tropical_temperate","Transitional","Hothouse",8,4,0.0792054404504466,17,0.600546665178365,0.750683331472956
"percentile_latbin_OLS","q60","Northern","collection10_k2_tropical_temperate","Coldhouse","Coolhouse",5,6,0.159549575609566,19,0.79434310411187,0.80436636035868
"percentile_latbin_OLS","q60","Northern","collection10_k2_tropical_temperate","Warmhouse","Hothouse",5,4,0.183436328589189,13,0.80436636035868,0.80436636035868
"percentile_latbin_OLS","q60","Northern","collection10_k2_tropical_temperate_polar","Coolhouse","Transitional",2,2,-0.286411059546375,0,0.122639058403386,0.122639058403386
"percentile_latbin_OLS","q60","Northern","collection10_k2_tropical_temperate_polar","Coldhouse","Coolhouse",1,2,-0.0549492699846983,NA,NA,NA
"percentile_latbin_OLS","q60","Northern","collection10_k2_tropical_temperate_polar","Coldhouse","Transitional",1,2,-0.341360329531074,NA,NA,NA
"percentile_latbin_OLS","q60","Northern","collection10_k2_tropical_temperate_polar","Coldhouse","Warmhouse",1,1,-0.543816557773451,NA,NA,NA
"percentile_latbin_OLS","q60","Northern","collection10_k2_tropical_temperate_polar","Coldhouse","Hothouse",1,1,-0.652481181873622,NA,NA,NA
"percentile_latbin_OLS","q60","Northern","collection10_k2_tropical_temperate_polar","Coolhouse","Warmhouse",2,1,-0.488867287788753,NA,NA,NA
"percentile_latbin_OLS","q60","Northern","collection10_k2_tropical_temperate_polar","Coolhouse","Hothouse",2,1,-0.597531911888924,NA,NA,NA
"percentile_latbin_OLS","q60","Northern","collection10_k2_tropical_temperate_polar","Transitional","Warmhouse",2,1,-0.202456228242377,NA,NA,NA
"percentile_latbin_OLS","q60","Northern","collection10_k2_tropical_temperate_polar","Transitional","Hothouse",2,1,-0.311120852342548,NA,NA,NA
"percentile_latbin_OLS","q60","Northern","collection10_k2_tropical_temperate_polar","Warmhouse","Hothouse",1,1,-0.108664624100171,NA,NA,NA
"percentile_latbin_OLS","q60","Northern","collection10_k3_tropical_temperate","Coolhouse","Transitional",2,2,-0.978970386764506,0,0.122639058403386,0.245278116806773
"percentile_latbin_OLS","q60","Northern","collection10_k3_tropical_temperate","Coolhouse","Warmhouse",2,2,-1.35926024626727,0,0.122639058403386,0.245278116806773
"percentile_latbin_OLS","q60","Northern","collection10_k3_tropical_temperate","Coolhouse","Hothouse",2,2,-0.709359166895466,0,0.122639058403386,0.245278116806773
"percentile_latbin_OLS","q60","Northern","collection10_k3_tropical_temperate","Transitional","Warmhouse",2,2,-0.380289859502765,2,0.650732320848331,0.650732320848331
"percentile_latbin_OLS","q60","Northern","collection10_k3_tropical_temperate","Transitional","Hothouse",2,2,0.26961121986904,2,0.650732320848331,0.650732320848331
"percentile_latbin_OLS","q60","Northern","collection10_k3_tropical_temperate","Warmhouse","Hothouse",2,2,0.649901079371805,2,0.650732320848331,0.650732320848331
"percentile_latbin_OLS","q60","Northern","collection10_k3_tropical_temperate","Coldhouse","Coolhouse",1,2,-0.0331602503258845,NA,NA,NA
"percentile_latbin_OLS","q60","Northern","collection10_k3_tropical_temperate","Coldhouse","Transitional",1,2,-1.01213063709039,NA,NA,NA
"percentile_latbin_OLS","q60","Northern","collection10_k3_tropical_temperate","Coldhouse","Warmhouse",1,2,-1.39242049659316,NA,NA,NA
"percentile_latbin_OLS","q60","Northern","collection10_k3_tropical_temperate","Coldhouse","Hothouse",1,2,-0.74251941722135,NA,NA,NA
"percentile_latbin_OLS","q60","Northern","collection10_k3_tropical_temperate_polar","Coldhouse","Coolhouse",0,0,NA,NA,NA,NA
"percentile_latbin_OLS","q60","Northern","collection10_k3_tropical_temperate_polar","Coldhouse","Transitional",0,0,NA,NA,NA,NA
"percentile_latbin_OLS","q60","Northern","collection10_k3_tropical_temperate_polar","Coldhouse","Warmhouse",0,1,NA,NA,NA,NA
"percentile_latbin_OLS","q60","Northern","collection10_k3_tropical_temperate_polar","Coldhouse","Hothouse",0,0,NA,NA,NA,NA
"percentile_latbin_OLS","q60","Northern","collection10_k3_tropical_temperate_polar","Coolhouse","Transitional",0,0,NA,NA,NA,NA
"percentile_latbin_OLS","q60","Northern","collection10_k3_tropical_temperate_polar","Coolhouse","Warmhouse",0,1,NA,NA,NA,NA
"percentile_latbin_OLS","q60","Northern","collection10_k3_tropical_temperate_polar","Coolhouse","Hothouse",0,0,NA,NA,NA,NA
"percentile_latbin_OLS","q60","Northern","collection10_k3_tropical_temperate_polar","Transitional","Warmhouse",0,1,NA,NA,NA,NA
"percentile_latbin_OLS","q60","Northern","collection10_k3_tropical_temperate_polar","Transitional","Hothouse",0,0,NA,NA,NA,NA
"percentile_latbin_OLS","q60","Northern","collection10_k3_tropical_temperate_polar","Warmhouse","Hothouse",1,0,NA,NA,NA,NA
"percentile_latbin_OLS","q60","Southern","occurrence5_k1_tropical_temperate","Coldhouse","Hothouse",9,11,-0.728209032662961,10,0.00152340662803682,0.0152340662803682
"percentile_latbin_OLS","q60","Southern","occurrence5_k1_tropical_temperate","Transitional","Hothouse",10,11,-0.340796655192614,18,0.00508121945681885,0.0254060972840942
"percentile_latbin_OLS","q60","Southern","occurrence5_k1_tropical_temperate","Coldhouse","Warmhouse",9,10,-0.66499520662008,15,0.00800549540525859,0.0266849846841953
"percentile_latbin_OLS","q60","Southern","occurrence5_k1_tropical_temperate","Coldhouse","Coolhouse",9,16,-0.37638630082325,34,0.0168761114779779,0.0373364159206629
"percentile_latbin_OLS","q60","Southern","occurrence5_k1_tropical_temperate","Coldhouse","Transitional",9,10,-0.387412377470347,19,0.0186682079603314,0.0373364159206629
"percentile_latbin_OLS","q60","Southern","occurrence5_k1_tropical_temperate","Transitional","Warmhouse",10,10,-0.277582829149734,26,0.0378307860719435,0.0630513101199059
"percentile_latbin_OLS","q60","Southern","occurrence5_k1_tropical_temperate","Coolhouse","Hothouse",16,11,-0.351822731839711,64,0.123097732083656,0.175853902976651
"percentile_latbin_OLS","q60","Southern","occurrence5_k1_tropical_temperate","Warmhouse","Hothouse",10,11,-0.0632138260428806,40,0.153613185034098,0.192016481292622
"percentile_latbin_OLS","q60","Southern","occurrence5_k1_tropical_temperate","Coolhouse","Warmhouse",16,10,-0.28860890579683,69,0.289995251927504,0.322216946586116
"percentile_latbin_OLS","q60","Southern","occurrence5_k1_tropical_temperate","Coolhouse","Transitional",16,10,-0.0110260766470964,87,0.65368360797902,0.65368360797902
"percentile_latbin_OLS","q60","Southern","occurrence5_k1_tropical_temperate_polar","Coolhouse","Hothouse",10,6,-0.398994538790951,6,0.00540265471928412,0.0310483266288807
"percentile_latbin_OLS","q60","Southern","occurrence5_k1_tropical_temperate_polar","Transitional","Hothouse",7,6,-0.32418334286576,3,0.00620966532577613,0.0310483266288807
"percentile_latbin_OLS","q60","Southern","occurrence5_k1_tropical_temperate_polar","Coldhouse","Hothouse",2,6,-0.270907372338153,1,0.0668072012688581,0.222690670896194
"percentile_latbin_OLS","q60","Southern","occurrence5_k1_tropical_temperate_polar","Warmhouse","Hothouse",6,6,-0.256718457628305,10,0.114883135230569,0.287207838076422
"percentile_latbin_OLS","q60","Southern","occurrence5_k1_tropical_temperate_polar","Coolhouse","Warmhouse",10,6,-0.142276081162646,25,0.312741796808226,0.52123632801371
"percentile_latbin_OLS","q60","Southern","occurrence5_k1_tropical_temperate_polar","Transitional","Warmhouse",7,6,-0.067464885237455,17,0.308537538725987,0.52123632801371
"percentile_latbin_OLS","q60","Southern","occurrence5_k1_tropical_temperate_polar","Coolhouse","Transitional",10,7,-0.0748111959251909,32,0.403625083966004,0.576607262808577
"percentile_latbin_OLS","q60","Southern","occurrence5_k1_tropical_temperate_polar","Coldhouse","Warmhouse",2,6,-0.0141889147098485,6,0.566183832610904,0.70772979076363
"percentile_latbin_OLS","q60","Southern","occurrence5_k1_tropical_temperate_polar","Coldhouse","Transitional",2,7,0.0532759705276065,8,0.669725397399163,0.744139330443515
"percentile_latbin_OLS","q60","Southern","occurrence5_k1_tropical_temperate_polar","Coldhouse","Coolhouse",2,10,0.128087166452797,14,0.833166757458515,0.833166757458515
"percentile_latbin_OLS","q60","Southern","occurrence5_k2_tropical_temperate","Coldhouse","Hothouse",5,5,-0.63586778878631,0,0.0060928901776724,0.030464450888362
"percentile_latbin_OLS","q60","Southern","occurrence5_k2_tropical_temperate","Transitional","Hothouse",5,5,-0.453092641221861,0,0.0060928901776724,0.030464450888362
"percentile_latbin_OLS","q60","Southern","occurrence5_k2_tropical_temperate","Coldhouse","Warmhouse",5,5,-0.509900491795472,2,0.018356928181352,0.0611897606045068
"percentile_latbin_OLS","q60","Southern","occurrence5_k2_tropical_temperate","Transitional","Warmhouse",5,5,-0.327125344231023,3,0.0300514029694332,0.0751285074235829
"percentile_latbin_OLS","q60","Southern","occurrence5_k2_tropical_temperate","Coldhouse","Coolhouse",5,10,-0.182045810086752,13,0.0794979544386508,0.11356850634093
"percentile_latbin_OLS","q60","Southern","occurrence5_k2_tropical_temperate","Coolhouse","Hothouse",10,5,-0.453821978699558,12,0.06289321231947,0.11356850634093
"percentile_latbin_OLS","q60","Southern","occurrence5_k2_tropical_temperate","Warmhouse","Hothouse",5,5,-0.125967296990838,5,0.0718360409034801,0.11356850634093
"percentile_latbin_OLS","q60","Southern","occurrence5_k2_tropical_temperate","Coldhouse","Transitional",5,5,-0.18277514756445,7,0.148134935742143,0.185168669677679
"percentile_latbin_OLS","q60","Southern","occurrence5_k2_tropical_temperate","Coolhouse","Warmhouse",10,5,-0.32785468170872,17,0.17916323337444,0.199070259304934
"percentile_latbin_OLS","q60","Southern","occurrence5_k2_tropical_temperate","Coolhouse","Transitional",10,5,-0.000729337477697795,29,0.709229498784252,0.709229498784252
"percentile_latbin_OLS","q60","Southern","occurrence5_k2_tropical_temperate_polar","Coolhouse","Warmhouse",6,4,-0.321612461834586,6,0.120477334350785,0.18536997990893
"percentile_latbin_OLS","q60","Southern","occurrence5_k2_tropical_temperate_polar","Coolhouse","Hothouse",6,3,-0.351822731839711,2,0.0466449780918023,0.18536997990893
"percentile_latbin_OLS","q60","Southern","occurrence5_k2_tropical_temperate_polar","Transitional","Warmhouse",2,4,-0.265573123341356,1,0.123579986605954,0.18536997990893
"percentile_latbin_OLS","q60","Southern","occurrence5_k2_tropical_temperate_polar","Transitional","Hothouse",2,3,-0.295783393346481,0,0.0744573365893828,0.18536997990893
"percentile_latbin_OLS","q60","Southern","occurrence5_k2_tropical_temperate_polar","Warmhouse","Hothouse",4,3,-0.0302102700051251,4,0.297941545282589,0.357529854339107
"percentile_latbin_OLS","q60","Southern","occurrence5_k2_tropical_temperate_polar","Coolhouse","Transitional",6,2,-0.0560393384932299,6,0.566183832610904,0.566183832610904
"percentile_latbin_OLS","q60","Southern","occurrence5_k2_tropical_temperate_polar","Coldhouse","Coolhouse",0,6,NA,NA,NA,NA
"percentile_latbin_OLS","q60","Southern","occurrence5_k2_tropical_temperate_polar","Coldhouse","Transitional",0,2,NA,NA,NA,NA
"percentile_latbin_OLS","q60","Southern","occurrence5_k2_tropical_temperate_polar","Coldhouse","Warmhouse",0,4,NA,NA,NA,NA
"percentile_latbin_OLS","q60","Southern","occurrence5_k2_tropical_temperate_polar","Coldhouse","Hothouse",0,3,NA,NA,NA,NA
"percentile_latbin_OLS","q60","Southern","occurrence5_k3_tropical_temperate","Transitional","Hothouse",3,4,-0.215144067532665,0,0.0259149636089548,0.259149636089548
"percentile_latbin_OLS","q60","Southern","occurrence5_k3_tropical_temperate","Coldhouse","Hothouse",2,4,-0.385125924481528,0,0.0525962525600207,0.262981262800104
"percentile_latbin_OLS","q60","Southern","occurrence5_k3_tropical_temperate","Coldhouse","Coolhouse",2,6,-0.0950831094936627,4,0.308537538725987,0.385671923407484
"percentile_latbin_OLS","q60","Southern","occurrence5_k3_tropical_temperate","Coldhouse","Warmhouse",2,4,-0.343161806958369,2,0.243726645182017,0.385671923407484
"percentile_latbin_OLS","q60","Southern","occurrence5_k3_tropical_temperate","Coolhouse","Warmhouse",6,4,-0.248078697464706,9,0.297016170299521,0.385671923407484
"percentile_latbin_OLS","q60","Southern","occurrence5_k3_tropical_temperate","Coolhouse","Hothouse",6,4,-0.290042814987865,6,0.120477334350785,0.385671923407484
"percentile_latbin_OLS","q60","Southern","occurrence5_k3_tropical_temperate","Transitional","Warmhouse",3,4,-0.173179950009506,3,0.188379558905791,0.385671923407484
"percentile_latbin_OLS","q60","Southern","occurrence5_k3_tropical_temperate","Warmhouse","Hothouse",4,4,-0.0419641175231588,5,0.235243211029395,0.385671923407484
"percentile_latbin_OLS","q60","Southern","occurrence5_k3_tropical_temperate","Coldhouse","Transitional",2,3,-0.169981856948863,2,0.386414996342224,0.429349995935804
"percentile_latbin_OLS","q60","Southern","occurrence5_k3_tropical_temperate","Coolhouse","Transitional",6,3,-0.0748987474552003,10,0.650732320848331,0.650732320848331
"percentile_latbin_OLS","q60","Southern","occurrence5_k3_tropical_temperate_polar","Coolhouse","Warmhouse",3,2,-0.415751110756651,0,0.0744573365893828,0.111686004884074
"percentile_latbin_OLS","q60","Southern","occurrence5_k3_tropical_temperate_polar","Coolhouse","Hothouse",3,3,-0.31797894337204,0,0.0404277991850261,0.111686004884074
"percentile_latbin_OLS","q60","Southern","occurrence5_k3_tropical_temperate_polar","Warmhouse","Hothouse",2,3,0.0977721673846113,4,0.806761884614384,0.806761884614384
"percentile_latbin_OLS","q60","Southern","occurrence5_k3_tropical_temperate_polar","Coldhouse","Coolhouse",0,3,NA,NA,NA,NA
"percentile_latbin_OLS","q60","Southern","occurrence5_k3_tropical_temperate_polar","Coldhouse","Transitional",0,1,NA,NA,NA,NA
"percentile_latbin_OLS","q60","Southern","occurrence5_k3_tropical_temperate_polar","Coldhouse","Warmhouse",0,2,NA,NA,NA,NA
"percentile_latbin_OLS","q60","Southern","occurrence5_k3_tropical_temperate_polar","Coldhouse","Hothouse",0,3,NA,NA,NA,NA
"percentile_latbin_OLS","q60","Southern","occurrence5_k3_tropical_temperate_polar","Coolhouse","Transitional",3,1,-0.153834499269299,NA,NA,NA
"percentile_latbin_OLS","q60","Southern","occurrence5_k3_tropical_temperate_polar","Transitional","Warmhouse",1,2,-0.261916611487353,NA,NA,NA
"percentile_latbin_OLS","q60","Southern","occurrence5_k3_tropical_temperate_polar","Transitional","Hothouse",1,3,-0.164144444102741,NA,NA,NA
"percentile_latbin_OLS","q60","Southern","occurrence10_k1_tropical_temperate","Coldhouse","Hothouse",9,10,-0.864219228050283,0,0.000139850135093343,0.000956658844880004
"percentile_latbin_OLS","q60","Southern","occurrence10_k1_tropical_temperate","Transitional","Hothouse",9,10,-0.570751600977537,1,0.000191331768976001,0.000956658844880004
"percentile_latbin_OLS","q60","Southern","occurrence10_k1_tropical_temperate","Coldhouse","Warmhouse",9,9,-0.694619164098693,12,0.00670932896024874,0.0223644298674958
"percentile_latbin_OLS","q60","Southern","occurrence10_k1_tropical_temperate","Coldhouse","Coolhouse",9,16,-0.318327549537774,33,0.0146423275225806,0.0352167550699639
"percentile_latbin_OLS","q60","Southern","occurrence10_k1_tropical_temperate","Transitional","Warmhouse",9,9,-0.401151537025947,17,0.0211300530419783,0.0352167550699639
"percentile_latbin_OLS","q60","Southern","occurrence10_k1_tropical_temperate","Warmhouse","Hothouse",9,10,-0.16960006395159,19,0.0186682079603314,0.0352167550699639
"percentile_latbin_OLS","q60","Southern","occurrence10_k1_tropical_temperate","Coldhouse","Transitional",9,9,-0.293467627072746,20,0.0386943055710033,0.0552775793871476
"percentile_latbin_OLS","q60","Southern","occurrence10_k1_tropical_temperate","Coolhouse","Hothouse",16,10,-0.545891678512509,48,0.0484375375131373,0.0605469218914216
"percentile_latbin_OLS","q60","Southern","occurrence10_k1_tropical_temperate","Coolhouse","Warmhouse",16,9,-0.376291614560919,65,0.356440331877537,0.396044813197263
"percentile_latbin_OLS","q60","Southern","occurrence10_k1_tropical_temperate","Coolhouse","Transitional",16,9,0.0248599224650273,91,0.865196947715896,0.865196947715896
"percentile_latbin_OLS","q60","Southern","occurrence10_k1_tropical_temperate_polar","Transitional","Hothouse",6,5,-0.415087202630111,0,0.00405655863278289,0.0405655863278289
"percentile_latbin_OLS","q60","Southern","occurrence10_k1_tropical_temperate_polar","Coolhouse","Hothouse",9,5,-0.436171568849773,4,0.00819753592459613,0.0409876796229807
"percentile_latbin_OLS","q60","Southern","occurrence10_k1_tropical_temperate_polar","Coldhouse","Hothouse",2,5,-0.342191863495553,0,0.0406805646170377,0.135601882056792
"percentile_latbin_OLS","q60","Southern","occurrence10_k1_tropical_temperate_polar","Warmhouse","Hothouse",5,5,-0.18358211273426,5,0.0718360409034801,0.1795901022587
"percentile_latbin_OLS","q60","Southern","occurrence10_k1_tropical_temperate_polar","Transitional","Warmhouse",6,5,-0.231505089895851,11,0.261408326959544,0.522816653919089
"percentile_latbin_OLS","q60","Southern","occurrence10_k1_tropical_temperate_polar","Coldhouse","Warmhouse",2,5,-0.158609750761293,4,0.423225298438295,0.604607569197565
"percentile_latbin_OLS","q60","Southern","occurrence10_k1_tropical_temperate_polar","Coolhouse","Warmhouse",9,5,-0.252589456115513,20,0.394862910464025,0.604607569197565
"percentile_latbin_OLS","q60","Southern","occurrence10_k1_tropical_temperate_polar","Coolhouse","Transitional",9,6,-0.021084366219662,29,0.615860898227083,0.769826122783854
"percentile_latbin_OLS","q60","Southern","occurrence10_k1_tropical_temperate_polar","Coldhouse","Transitional",2,6,0.072895339134558,8,0.797671619036357,0.886301798929286
"percentile_latbin_OLS","q60","Southern","occurrence10_k1_tropical_temperate_polar","Coldhouse","Coolhouse",2,9,0.09397970535422,14,0.902574675695565,0.902574675695565
"percentile_latbin_OLS","q60","Southern","occurrence10_k2_tropical_temperate","Coldhouse","Warmhouse",4,5,-0.654520393368875,0,0.00998222665260803,0.0269646849346512
"percentile_latbin_OLS","q60","Southern","occurrence10_k2_tropical_temperate","Coldhouse","Hothouse",4,5,-0.894637688271075,0,0.00998222665260803,0.0269646849346512
"percentile_latbin_OLS","q60","Southern","occurrence10_k2_tropical_temperate","Transitional","Warmhouse",5,5,-0.4230517024514,1,0.0107858739738605,0.0269646849346512
"percentile_latbin_OLS","q60","Southern","occurrence10_k2_tropical_temperate","Transitional","Hothouse",5,5,-0.663168997353601,0,0.0060928901776724,0.0269646849346512
"percentile_latbin_OLS","q60","Southern","occurrence10_k2_tropical_temperate","Coldhouse","Coolhouse",4,10,-0.293573494645076,8,0.0519380785315425,0.103876157063085
"percentile_latbin_OLS","q60","Southern","occurrence10_k2_tropical_temperate","Warmhouse","Hothouse",5,5,-0.240117294902201,5,0.0718360409034801,0.119726734839134
"percentile_latbin_OLS","q60","Southern","occurrence10_k2_tropical_temperate","Coolhouse","Hothouse",10,5,-0.601064193625999,14,0.0992246517960062,0.141749502565723
"percentile_latbin_OLS","q60","Southern","occurrence10_k2_tropical_temperate","Coolhouse","Warmhouse",10,5,-0.360946898723798,15,0.122311802563492,0.152889753204365
"percentile_latbin_OLS","q60","Southern","occurrence10_k2_tropical_temperate","Coldhouse","Transitional",4,5,-0.231468690917474,6,0.19563363964132,0.217370710712577
"percentile_latbin_OLS","q60","Southern","occurrence10_k2_tropical_temperate","Coolhouse","Transitional",10,5,0.0621048037276019,31,0.787008441727541,0.787008441727541
"percentile_latbin_OLS","q60","Southern","occurrence10_k2_tropical_temperate_polar","Coolhouse","Warmhouse",5,3,-0.392453027207173,0,0.0184442128535249,0.0553326385605748
"percentile_latbin_OLS","q60","Southern","occurrence10_k2_tropical_temperate_polar","Coolhouse","Hothouse",5,3,-0.418570765450387,0,0.0184442128535249,0.0553326385605748
"percentile_latbin_OLS","q60","Southern","occurrence10_k2_tropical_temperate_polar","Transitional","Warmhouse",2,3,-0.32799113105575,0,0.0744573365893828,0.111686004884074
"percentile_latbin_OLS","q60","Southern","occurrence10_k2_tropical_temperate_polar","Transitional","Hothouse",2,3,-0.354108869298964,0,0.0744573365893828,0.111686004884074
"percentile_latbin_OLS","q60","Southern","occurrence10_k2_tropical_temperate_polar","Warmhouse","Hothouse",3,3,-0.0261177382432142,3,0.331260291770029,0.397512350124034
"percentile_latbin_OLS","q60","Southern","occurrence10_k2_tropical_temperate_polar","Coolhouse","Transitional",5,2,-0.0644618961514227,4,0.423225298438295,0.423225298438295
"percentile_latbin_OLS","q60","Southern","occurrence10_k2_tropical_temperate_polar","Coldhouse","Coolhouse",0,5,NA,NA,NA,NA
"percentile_latbin_OLS","q60","Southern","occurrence10_k2_tropical_temperate_polar","Coldhouse","Transitional",0,2,NA,NA,NA,NA
"percentile_latbin_OLS","q60","Southern","occurrence10_k2_tropical_temperate_polar","Coldhouse","Warmhouse",0,3,NA,NA,NA,NA
"percentile_latbin_OLS","q60","Southern","occurrence10_k2_tropical_temperate_polar","Coldhouse","Hothouse",0,3,NA,NA,NA,NA
"percentile_latbin_OLS","q60","Southern","occurrence10_k3_tropical_temperate","Transitional","Warmhouse",3,4,-0.239358351901423,0,0.0259149636089548,0.121283397555078
"percentile_latbin_OLS","q60","Southern","occurrence10_k3_tropical_temperate","Transitional","Hothouse",3,3,-0.259048297903314,0,0.0404277991850261,0.121283397555078
"percentile_latbin_OLS","q60","Southern","occurrence10_k3_tropical_temperate","Coolhouse","Warmhouse",6,4,-0.318233594596581,8,0.227772546894665,0.341658820341998
"percentile_latbin_OLS","q60","Southern","occurrence10_k3_tropical_temperate","Coolhouse","Hothouse",6,3,-0.337923540598472,5,0.18307828009703,0.341658820341998
"percentile_latbin_OLS","q60","Southern","occurrence10_k3_tropical_temperate","Warmhouse","Hothouse",4,3,-0.0196899460018906,5,0.429841897599333,0.5158102771192
"percentile_latbin_OLS","q60","Southern","occurrence10_k3_tropical_temperate","Coolhouse","Transitional",6,3,-0.0788752426951582,10,0.650732320848331,0.650732320848331
"percentile_latbin_OLS","q60","Southern","occurrence10_k3_tropical_temperate","Coldhouse","Coolhouse",0,6,NA,NA,NA,NA
"percentile_latbin_OLS","q60","Southern","occurrence10_k3_tropical_temperate","Coldhouse","Transitional",0,3,NA,NA,NA,NA
"percentile_latbin_OLS","q60","Southern","occurrence10_k3_tropical_temperate","Coldhouse","Warmhouse",0,4,NA,NA,NA,NA
"percentile_latbin_OLS","q60","Southern","occurrence10_k3_tropical_temperate","Coldhouse","Hothouse",0,3,NA,NA,NA,NA
"percentile_latbin_OLS","q60","Southern","occurrence10_k3_tropical_temperate_polar","Coolhouse","Warmhouse",3,2,-0.37982810167838,0,0.0744573365893828,0.111686004884074
"percentile_latbin_OLS","q60","Southern","occurrence10_k3_tropical_temperate_polar","Coolhouse","Hothouse",3,3,-0.355558508483639,0,0.0404277991850261,0.111686004884074
"percentile_latbin_OLS","q60","Southern","occurrence10_k3_tropical_temperate_polar","Warmhouse","Hothouse",2,3,0.0242695931947412,3,0.613585003657776,0.613585003657776
"percentile_latbin_OLS","q60","Southern","occurrence10_k3_tropical_temperate_polar","Coldhouse","Coolhouse",0,3,NA,NA,NA,NA
"percentile_latbin_OLS","q60","Southern","occurrence10_k3_tropical_temperate_polar","Coldhouse","Transitional",0,1,NA,NA,NA,NA
"percentile_latbin_OLS","q60","Southern","occurrence10_k3_tropical_temperate_polar","Coldhouse","Warmhouse",0,2,NA,NA,NA,NA
"percentile_latbin_OLS","q60","Southern","occurrence10_k3_tropical_temperate_polar","Coldhouse","Hothouse",0,3,NA,NA,NA,NA
"percentile_latbin_OLS","q60","Southern","occurrence10_k3_tropical_temperate_polar","Coolhouse","Transitional",3,1,-0.0965102105803247,NA,NA,NA
"percentile_latbin_OLS","q60","Southern","occurrence10_k3_tropical_temperate_polar","Transitional","Warmhouse",1,2,-0.283317891098055,NA,NA,NA
"percentile_latbin_OLS","q60","Southern","occurrence10_k3_tropical_temperate_polar","Transitional","Hothouse",1,3,-0.259048297903314,NA,NA,NA
"percentile_latbin_OLS","q60","Southern","collection5_k1_tropical_temperate","Coldhouse","Hothouse",9,9,-0.756803552174418,9,0.00309665908702214,0.0309665908702214
"percentile_latbin_OLS","q60","Southern","collection5_k1_tropical_temperate","Coldhouse","Warmhouse",9,7,-0.571404374573959,8,0.0074545795581525,0.0372728977907625
"percentile_latbin_OLS","q60","Southern","collection5_k1_tropical_temperate","Transitional","Hothouse",10,9,-0.439001821272636,20,0.0227276474245292,0.0757588247484308
"percentile_latbin_OLS","q60","Southern","collection5_k1_tropical_temperate","Coldhouse","Coolhouse",9,16,-0.319601807002966,41,0.0421087584557445,0.084217516911489
"percentile_latbin_OLS","q60","Southern","collection5_k1_tropical_temperate","Coldhouse","Transitional",9,10,-0.317801730901782,23,0.0395896747877853,0.084217516911489
"percentile_latbin_OLS","q60","Southern","collection5_k1_tropical_temperate","Transitional","Warmhouse",10,7,-0.253602643672177,23,0.130870623095178,0.207015692734724
"percentile_latbin_OLS","q60","Southern","collection5_k1_tropical_temperate","Warmhouse","Hothouse",7,9,-0.185399177600459,21,0.144910984914307,0.207015692734724
"percentile_latbin_OLS","q60","Southern","collection5_k1_tropical_temperate","Coolhouse","Hothouse",16,9,-0.437201745171452,55,0.175118792409497,0.218898490511871
"percentile_latbin_OLS","q60","Southern","collection5_k1_tropical_temperate","Coolhouse","Warmhouse",16,7,-0.251802567570993,50,0.35662893478324,0.396254371981378
"percentile_latbin_OLS","q60","Southern","collection5_k1_tropical_temperate","Coolhouse","Transitional",16,10,0.00180007610118418,86,0.634042804916771,0.634042804916771
"percentile_latbin_OLS","q60","Southern","collection5_k1_tropical_temperate_polar","Transitional","Hothouse",7,4,-0.589934939959038,0,0.0053667080514986,0.053667080514986
"percentile_latbin_OLS","q60","Southern","collection5_k1_tropical_temperate_polar","Coolhouse","Hothouse",9,4,-0.621145937540497,3,0.0126301508160062,0.0631507540800311
"percentile_latbin_OLS","q60","Southern","collection5_k1_tropical_temperate_polar","Coldhouse","Hothouse",2,4,-0.4792518978887,0,0.0525962525600207,0.14043899711308
"percentile_latbin_OLS","q60","Southern","collection5_k1_tropical_temperate_polar","Warmhouse","Hothouse",4,4,-0.266955263227884,2,0.056175598845232,0.14043899711308
"percentile_latbin_OLS","q60","Southern","collection5_k1_tropical_temperate_polar","Transitional","Warmhouse",7,4,-0.322979676731155,7,0.109651324839659,0.219302649679319
"percentile_latbin_OLS","q60","Southern","collection5_k1_tropical_temperate_polar","Coolhouse","Warmhouse",9,4,-0.354190674312614,11,0.157937239915245,0.263228733192075
"percentile_latbin_OLS","q60","Southern","collection5_k1_tropical_temperate_polar","Coldhouse","Warmhouse",2,4,-0.212296634660817,2,0.243726645182017,0.348180921688596
"percentile_latbin_OLS","q60","Southern","collection5_k1_tropical_temperate_polar","Coolhouse","Transitional",9,7,-0.0312109975814591,28,0.3754117594495,0.469264699311876
"percentile_latbin_OLS","q60","Southern","collection5_k1_tropical_temperate_polar","Coldhouse","Transitional",2,7,0.110683042070338,9,0.767892843614484,0.85321427068276
"percentile_latbin_OLS","q60","Southern","collection5_k1_tropical_temperate_polar","Coldhouse","Coolhouse",2,9,0.141894039651797,13,0.855577816826758,0.855577816826758
"percentile_latbin_OLS","q60","Southern","collection5_k2_tropical_temperate","Coldhouse","Coolhouse",3,8,-0.620746720165478,3,0.0413655111575512,0.118366178249345
"percentile_latbin_OLS","q60","Southern","collection5_k2_tropical_temperate","Coldhouse","Warmhouse",3,4,-0.936520722651286,0,0.0259149636089548,0.118366178249345
"percentile_latbin_OLS","q60","Southern","collection5_k2_tropical_temperate","Coldhouse","Hothouse",3,5,-0.930989289254284,0,0.0184442128535249,0.118366178249345
"percentile_latbin_OLS","q60","Southern","collection5_k2_tropical_temperate","Transitional","Hothouse",5,5,-0.474767045762921,4,0.047346471299738,0.118366178249345
"percentile_latbin_OLS","q60","Southern","collection5_k2_tropical_temperate","Coldhouse","Transitional",3,5,-0.456222243491364,4,0.185546684761349,0.262969902104333
"percentile_latbin_OLS","q60","Southern","collection5_k2_tropical_temperate","Coolhouse","Hothouse",8,5,-0.310242569088806,14,0.210375921683466,0.262969902104333
"percentile_latbin_OLS","q60","Southern","collection5_k2_tropical_temperate","Transitional","Warmhouse",5,4,-0.480298479159922,5,0.13517207032739,0.262969902104333
"percentile_latbin_OLS","q60","Southern","collection5_k2_tropical_temperate","Warmhouse","Hothouse",4,5,0.00553143339700174,6,0.19563363964132,0.262969902104333
"percentile_latbin_OLS","q60","Southern","collection5_k2_tropical_temperate","Coolhouse","Warmhouse",8,4,-0.315774002485808,14,0.399453334821635,0.443837038690706
"percentile_latbin_OLS","q60","Southern","collection5_k2_tropical_temperate","Coolhouse","Transitional",8,5,0.164524476674115,26,0.82932534302262,0.82932534302262
"percentile_latbin_OLS","q60","Southern","collection5_k2_tropical_temperate_polar","Coolhouse","Warmhouse",4,2,-0.442733178568454,0,0.0525962525600207,0.148914673178766
"percentile_latbin_OLS","q60","Southern","collection5_k2_tropical_temperate_polar","Coolhouse","Hothouse",4,3,-0.437201745171452,0,0.0259149636089548,0.148914673178766
"percentile_latbin_OLS","q60","Southern","collection5_k2_tropical_temperate_polar","Transitional","Hothouse",2,3,-0.331153780245737,0,0.0744573365893828,0.148914673178766
"percentile_latbin_OLS","q60","Southern","collection5_k2_tropical_temperate_polar","Transitional","Warmhouse",2,2,-0.336685213642738,0,0.122639058403386,0.18395858760508
"percentile_latbin_OLS","q60","Southern","collection5_k2_tropical_temperate_polar","Coolhouse","Transitional",4,2,-0.106047964925715,2,0.243726645182017,0.292471974218421
"percentile_latbin_OLS","q60","Southern","collection5_k2_tropical_temperate_polar","Warmhouse","Hothouse",2,3,0.00553143339700174,2,0.386414996342224,0.386414996342224
"percentile_latbin_OLS","q60","Southern","collection5_k2_tropical_temperate_polar","Coldhouse","Coolhouse",0,4,NA,NA,NA,NA
"percentile_latbin_OLS","q60","Southern","collection5_k2_tropical_temperate_polar","Coldhouse","Transitional",0,2,NA,NA,NA,NA
"percentile_latbin_OLS","q60","Southern","collection5_k2_tropical_temperate_polar","Coldhouse","Warmhouse",0,2,NA,NA,NA,NA
"percentile_latbin_OLS","q60","Southern","collection5_k2_tropical_temperate_polar","Coldhouse","Hothouse",0,3,NA,NA,NA,NA
"percentile_latbin_OLS","q60","Southern","collection5_k3_tropical_temperate","Coolhouse","Warmhouse",4,4,-0.442733178568454,2,0.056175598845232,0.168526796535696
"percentile_latbin_OLS","q60","Southern","collection5_k3_tropical_temperate","Coolhouse","Hothouse",4,2,-0.379749105249885,0,0.0525962525600207,0.168526796535696
"percentile_latbin_OLS","q60","Southern","collection5_k3_tropical_temperate","Coolhouse","Transitional",4,3,-0.249661230442899,4,0.297941545282589,0.5158102771192
"percentile_latbin_OLS","q60","Southern","collection5_k3_tropical_temperate","Transitional","Warmhouse",3,4,-0.193071948125555,5,0.429841897599333,0.5158102771192
"percentile_latbin_OLS","q60","Southern","collection5_k3_tropical_temperate","Transitional","Hothouse",3,2,-0.130087874806986,2,0.386414996342224,0.5158102771192
"percentile_latbin_OLS","q60","Southern","collection5_k3_tropical_temperate","Warmhouse","Hothouse",4,2,0.0629840733185684,4,0.591519339142304,0.591519339142304
"percentile_latbin_OLS","q60","Southern","collection5_k3_tropical_temperate","Coldhouse","Coolhouse",0,4,NA,NA,NA,NA
"percentile_latbin_OLS","q60","Southern","collection5_k3_tropical_temperate","Coldhouse","Transitional",0,3,NA,NA,NA,NA
"percentile_latbin_OLS","q60","Southern","collection5_k3_tropical_temperate","Coldhouse","Warmhouse",0,4,NA,NA,NA,NA
"percentile_latbin_OLS","q60","Southern","collection5_k3_tropical_temperate","Coldhouse","Hothouse",0,2,NA,NA,NA,NA
"percentile_latbin_OLS","q60","Southern","collection5_k3_tropical_temperate_polar","Coolhouse","Warmhouse",3,2,-0.379756072748093,0,0.0744573365893828,0.0744573365893828
"percentile_latbin_OLS","q60","Southern","collection5_k3_tropical_temperate_polar","Coldhouse","Coolhouse",0,3,NA,NA,NA,NA
"percentile_latbin_OLS","q60","Southern","collection5_k3_tropical_temperate_polar","Coldhouse","Transitional",0,1,NA,NA,NA,NA
"percentile_latbin_OLS","q60","Southern","collection5_k3_tropical_temperate_polar","Coldhouse","Warmhouse",0,2,NA,NA,NA,NA
"percentile_latbin_OLS","q60","Southern","collection5_k3_tropical_temperate_polar","Coldhouse","Hothouse",0,1,NA,NA,NA,NA
"percentile_latbin_OLS","q60","Southern","collection5_k3_tropical_temperate_polar","Coolhouse","Transitional",3,1,-0.186684124622538,NA,NA,NA
"percentile_latbin_OLS","q60","Southern","collection5_k3_tropical_temperate_polar","Coolhouse","Hothouse",3,1,-0.259319359507958,NA,NA,NA
"percentile_latbin_OLS","q60","Southern","collection5_k3_tropical_temperate_polar","Transitional","Warmhouse",1,2,-0.193071948125555,NA,NA,NA
"percentile_latbin_OLS","q60","Southern","collection5_k3_tropical_temperate_polar","Transitional","Hothouse",1,1,-0.0726352348854195,NA,NA,NA
"percentile_latbin_OLS","q60","Southern","collection5_k3_tropical_temperate_polar","Warmhouse","Hothouse",2,1,0.120436713240135,NA,NA,NA
"percentile_latbin_OLS","q60","Southern","collection10_k1_tropical_temperate","Coldhouse","Hothouse",5,7,-1.21977546446634,0,0.00288306045711863,0.0163404029356067
"percentile_latbin_OLS","q60","Southern","collection10_k1_tropical_temperate","Transitional","Hothouse",8,7,-0.542682615956148,4,0.00326808058712134,0.0163404029356067
"percentile_latbin_OLS","q60","Southern","collection10_k1_tropical_temperate","Coldhouse","Warmhouse",5,6,-1.02722219811622,1,0.00685541503906661,0.0228513834635554
"percentile_latbin_OLS","q60","Southern","collection10_k1_tropical_temperate","Coldhouse","Coolhouse",5,12,-0.813875879245282,11,0.0255838152567162,0.0480556860988207
"percentile_latbin_OLS","q60","Southern","collection10_k1_tropical_temperate","Coldhouse","Transitional",5,8,-0.677092848510195,7,0.0336389802691745,0.0480556860988207
"percentile_latbin_OLS","q60","Southern","collection10_k1_tropical_temperate","Coolhouse","Hothouse",12,7,-0.405899585221061,19,0.0286119254388389,0.0480556860988207
"percentile_latbin_OLS","q60","Southern","collection10_k1_tropical_temperate","Transitional","Warmhouse",8,6,-0.350129349606026,9,0.030607317477301,0.0480556860988207
"percentile_latbin_OLS","q60","Southern","collection10_k1_tropical_temperate","Warmhouse","Hothouse",6,7,-0.192553266350121,9,0.0502062469930514,0.0627578087413143
"percentile_latbin_OLS","q60","Southern","collection10_k1_tropical_temperate","Coolhouse","Warmhouse",12,6,-0.213346318870939,26,0.186798318728218,0.207553687475798
"percentile_latbin_OLS","q60","Southern","collection10_k1_tropical_temperate","Coolhouse","Transitional",12,8,0.136783030735087,57,0.768202765684376,0.768202765684376
"percentile_latbin_OLS","q60","Southern","collection10_k1_tropical_temperate_polar","Coolhouse","Hothouse",4,3,-0.517983378023124,0,0.0259149636089548,0.0661925797221935
"percentile_latbin_OLS","q60","Southern","collection10_k1_tropical_temperate_polar","Transitional","Warmhouse",5,4,-0.437977302059352,2,0.0330962898610967,0.0661925797221935
"percentile_latbin_OLS","q60","Southern","collection10_k1_tropical_temperate_polar","Transitional","Hothouse",5,3,-0.630530568409473,0,0.0184442128535249,0.0661925797221935
"percentile_latbin_OLS","q60","Southern","collection10_k1_tropical_temperate_polar","Coolhouse","Warmhouse",4,4,-0.325430111673003,2,0.056175598845232,0.0842633982678479
"percentile_latbin_OLS","q60","Southern","collection10_k1_tropical_temperate_polar","Warmhouse","Hothouse",4,3,-0.192553266350121,2,0.10796246947007,0.129554963364084
"percentile_latbin_OLS","q60","Southern","collection10_k1_tropical_temperate_polar","Coolhouse","Transitional",4,5,0.112547190386349,12,0.72985431269629,0.72985431269629
"percentile_latbin_OLS","q60","Southern","collection10_k1_tropical_temperate_polar","Coldhouse","Coolhouse",1,4,0.159663891376346,NA,NA,NA
"percentile_latbin_OLS","q60","Southern","collection10_k1_tropical_temperate_polar","Coldhouse","Transitional",1,5,0.272211081762695,NA,NA,NA
"percentile_latbin_OLS","q60","Southern","collection10_k1_tropical_temperate_polar","Coldhouse","Warmhouse",1,4,-0.165766220296657,NA,NA,NA
"percentile_latbin_OLS","q60","Southern","collection10_k1_tropical_temperate_polar","Coldhouse","Hothouse",1,3,-0.358319486646778,NA,NA,NA
"percentile_latbin_OLS","q60","Southern","collection10_k2_tropical_temperate","Coolhouse","Warmhouse",3,4,-0.400775987967244,0,0.0259149636089548,0.0808555983700523
"percentile_latbin_OLS","q60","Southern","collection10_k2_tropical_temperate","Coolhouse","Hothouse",3,3,-0.41712218884486,0,0.0404277991850261,0.0808555983700523
"percentile_latbin_OLS","q60","Southern","collection10_k2_tropical_temperate","Transitional","Warmhouse",5,4,-0.614184367531857,2,0.0330962898610967,0.0808555983700523
"percentile_latbin_OLS","q60","Southern","collection10_k2_tropical_temperate","Transitional","Hothouse",5,3,-0.630530568409473,2,0.0680185640570718,0.102027846085608
"percentile_latbin_OLS","q60","Southern","collection10_k2_tropical_temperate","Warmhouse","Hothouse",4,3,-0.0163462008776157,4,0.297941545282589,0.357529854339107
"percentile_latbin_OLS","q60","Southern","collection10_k2_tropical_temperate","Coolhouse","Transitional",3,5,0.213408379564613,9,0.724507506207453,0.724507506207453
"percentile_latbin_OLS","q60","Southern","collection10_k2_tropical_temperate","Coldhouse","Coolhouse",1,3,-0.802653275621483,NA,NA,NA
"percentile_latbin_OLS","q60","Southern","collection10_k2_tropical_temperate","Coldhouse","Transitional",1,5,-0.58924489605687,NA,NA,NA
"percentile_latbin_OLS","q60","Southern","collection10_k2_tropical_temperate","Coldhouse","Warmhouse",1,4,-1.20342926358873,NA,NA,NA
"percentile_latbin_OLS","q60","Southern","collection10_k2_tropical_temperate","Coldhouse","Hothouse",1,3,-1.21977546446634,NA,NA,NA
"percentile_latbin_OLS","q60","Southern","collection10_k2_tropical_temperate_polar","Coolhouse","Warmhouse",2,2,-0.406661825359169,0,0.122639058403386,0.18395858760508
"percentile_latbin_OLS","q60","Southern","collection10_k2_tropical_temperate_polar","Coolhouse","Hothouse",2,3,-0.405899585221061,0,0.0744573365893828,0.18395858760508
"percentile_latbin_OLS","q60","Southern","collection10_k2_tropical_temperate_polar","Warmhouse","Hothouse",2,3,0.000762240138108605,2,0.386414996342224,0.386414996342224
"percentile_latbin_OLS","q60","Southern","collection10_k2_tropical_temperate_polar","Coldhouse","Coolhouse",0,2,NA,NA,NA,NA
"percentile_latbin_OLS","q60","Southern","collection10_k2_tropical_temperate_polar","Coldhouse","Transitional",0,1,NA,NA,NA,NA
"percentile_latbin_OLS","q60","Southern","collection10_k2_tropical_temperate_polar","Coldhouse","Warmhouse",0,2,NA,NA,NA,NA
"percentile_latbin_OLS","q60","Southern","collection10_k2_tropical_temperate_polar","Coldhouse","Hothouse",0,3,NA,NA,NA,NA
"percentile_latbin_OLS","q60","Southern","collection10_k2_tropical_temperate_polar","Coolhouse","Transitional",2,1,0.224630983188412,NA,NA,NA
"percentile_latbin_OLS","q60","Southern","collection10_k2_tropical_temperate_polar","Transitional","Warmhouse",1,2,-0.631292808547582,NA,NA,NA
"percentile_latbin_OLS","q60","Southern","collection10_k2_tropical_temperate_polar","Transitional","Hothouse",1,3,-0.630530568409473,NA,NA,NA
"percentile_latbin_OLS","q60","Southern","collection10_k3_tropical_temperate","Warmhouse","Hothouse",4,2,-0.00803648261332535,4,0.591519339142304,0.591519339142304
"percentile_latbin_OLS","q60","Southern","collection10_k3_tropical_temperate","Coldhouse","Coolhouse",0,0,NA,NA,NA,NA
"percentile_latbin_OLS","q60","Southern","collection10_k3_tropical_temperate","Coldhouse","Transitional",0,1,NA,NA,NA,NA
"percentile_latbin_OLS","q60","Southern","collection10_k3_tropical_temperate","Coldhouse","Warmhouse",0,4,NA,NA,NA,NA
"percentile_latbin_OLS","q60","Southern","collection10_k3_tropical_temperate","Coldhouse","Hothouse",0,2,NA,NA,NA,NA
"percentile_latbin_OLS","q60","Southern","collection10_k3_tropical_temperate","Coolhouse","Transitional",0,1,NA,NA,NA,NA
"percentile_latbin_OLS","q60","Southern","collection10_k3_tropical_temperate","Coolhouse","Warmhouse",0,4,NA,NA,NA,NA
"percentile_latbin_OLS","q60","Southern","collection10_k3_tropical_temperate","Coolhouse","Hothouse",0,2,NA,NA,NA,NA
"percentile_latbin_OLS","q60","Southern","collection10_k3_tropical_temperate","Transitional","Warmhouse",1,4,-0.303989733251203,NA,NA,NA
"percentile_latbin_OLS","q60","Southern","collection10_k3_tropical_temperate","Transitional","Hothouse",1,2,-0.312026215864528,NA,NA,NA
"percentile_latbin_OLS","q60","Southern","collection10_k3_tropical_temperate_polar","Coldhouse","Coolhouse",0,0,NA,NA,NA,NA
"percentile_latbin_OLS","q60","Southern","collection10_k3_tropical_temperate_polar","Coldhouse","Transitional",0,0,NA,NA,NA,NA
"percentile_latbin_OLS","q60","Southern","collection10_k3_tropical_temperate_polar","Coldhouse","Warmhouse",0,1,NA,NA,NA,NA
"percentile_latbin_OLS","q60","Southern","collection10_k3_tropical_temperate_polar","Coldhouse","Hothouse",0,1,NA,NA,NA,NA
"percentile_latbin_OLS","q60","Southern","collection10_k3_tropical_temperate_polar","Coolhouse","Transitional",0,0,NA,NA,NA,NA
"percentile_latbin_OLS","q60","Southern","collection10_k3_tropical_temperate_polar","Coolhouse","Warmhouse",0,1,NA,NA,NA,NA
"percentile_latbin_OLS","q60","Southern","collection10_k3_tropical_temperate_polar","Coolhouse","Hothouse",0,1,NA,NA,NA,NA
"percentile_latbin_OLS","q60","Southern","collection10_k3_tropical_temperate_polar","Transitional","Warmhouse",0,1,NA,NA,NA,NA
"percentile_latbin_OLS","q60","Southern","collection10_k3_tropical_temperate_polar","Transitional","Hothouse",0,1,NA,NA,NA,NA
"percentile_latbin_OLS","q60","Southern","collection10_k3_tropical_temperate_polar","Warmhouse","Hothouse",1,1,-0.149862639110119,NA,NA,NA
"percentile_latbin_OLS","q75","Combined","occurrence5_k1_tropical_temperate","Coldhouse","Warmhouse",21,19,-0.729578308739905,47,1.92115654962772e-05,0.000192115654962772
"percentile_latbin_OLS","q75","Combined","occurrence5_k1_tropical_temperate","Coldhouse","Transitional",21,25,-0.513514405062091,86,5.19545665503643e-05,0.000259772832751821
"percentile_latbin_OLS","q75","Combined","occurrence5_k1_tropical_temperate","Coldhouse","Hothouse",21,22,-0.575041304167646,82,0.000154267333231416,0.000514224444104721
"percentile_latbin_OLS","q75","Combined","occurrence5_k1_tropical_temperate","Coldhouse","Coolhouse",21,31,-0.250033900267798,198,0.00893117426769628,0.0178623485353926
"percentile_latbin_OLS","q75","Combined","occurrence5_k1_tropical_temperate","Coolhouse","Warmhouse",31,19,-0.479544408472107,172,0.00737590265546799,0.0178623485353926
"percentile_latbin_OLS","q75","Combined","occurrence5_k1_tropical_temperate","Coolhouse","Transitional",31,25,-0.263480504794293,267,0.0239753239023563,0.0342504627176518
"percentile_latbin_OLS","q75","Combined","occurrence5_k1_tropical_temperate","Coolhouse","Hothouse",31,22,-0.325007403899848,229,0.0220737396128416,0.0342504627176518
"percentile_latbin_OLS","q75","Combined","occurrence5_k1_tropical_temperate","Transitional","Warmhouse",25,19,-0.216063903677814,175,0.0709129748373722,0.0886412185467153
"percentile_latbin_OLS","q75","Combined","occurrence5_k1_tropical_temperate","Transitional","Hothouse",25,22,-0.0615268991055548,233,0.18813684731331,0.209040941459234
"percentile_latbin_OLS","q75","Combined","occurrence5_k1_tropical_temperate","Warmhouse","Hothouse",19,22,0.154537004572259,225,0.666904596016442,0.666904596016442
"percentile_latbin_OLS","q75","Combined","occurrence5_k1_tropical_temperate_polar","Coldhouse","Hothouse",8,10,-0.686103788890798,3,0.000591162551689301,0.00481216593615865
"percentile_latbin_OLS","q75","Combined","occurrence5_k1_tropical_temperate_polar","Coolhouse","Hothouse",20,10,-0.362733698389251,29,0.00096243318723173,0.00481216593615865
"percentile_latbin_OLS","q75","Combined","occurrence5_k1_tropical_temperate_polar","Coldhouse","Transitional",8,14,-0.512200914258042,15,0.00285294648108536,0.00950982160361786
"percentile_latbin_OLS","q75","Combined","occurrence5_k1_tropical_temperate_polar","Coldhouse","Warmhouse",8,12,-0.565279395609976,17,0.00930816017782372,0.0232704004445593
"percentile_latbin_OLS","q75","Combined","occurrence5_k1_tropical_temperate_polar","Transitional","Hothouse",14,10,-0.173902874632756,31,0.0120877338241885,0.0241754676483771
"percentile_latbin_OLS","q75","Combined","occurrence5_k1_tropical_temperate_polar","Coolhouse","Transitional",20,14,-0.188830823756495,82,0.0221057069609886,0.0368428449349811
"percentile_latbin_OLS","q75","Combined","occurrence5_k1_tropical_temperate_polar","Coldhouse","Coolhouse",8,20,-0.323370090501547,42,0.0282568232127817,0.0403668903039739
"percentile_latbin_OLS","q75","Combined","occurrence5_k1_tropical_temperate_polar","Coolhouse","Warmhouse",20,12,-0.241909305108429,80,0.0620811247483277,0.0776014059354096
"percentile_latbin_OLS","q75","Combined","occurrence5_k1_tropical_temperate_polar","Warmhouse","Hothouse",12,10,-0.120824393280822,41,0.111260136762377,0.123622374180419
"percentile_latbin_OLS","q75","Combined","occurrence5_k1_tropical_temperate_polar","Transitional","Warmhouse",14,12,-0.0530784813519336,71,0.26013455833152,0.26013455833152
"percentile_latbin_OLS","q75","Combined","occurrence5_k2_tropical_temperate","Coldhouse","Warmhouse",12,13,-0.800393630626012,7,6.28602360748125e-05,0.000384173574319671
"percentile_latbin_OLS","q75","Combined","occurrence5_k2_tropical_temperate","Coldhouse","Hothouse",12,11,-0.640460621885531,4,7.68347148639341e-05,0.000384173574319671
"percentile_latbin_OLS","q75","Combined","occurrence5_k2_tropical_temperate","Coldhouse","Transitional",12,15,-0.552357549052371,17,0.000201861755860133,0.000672872519533777
"percentile_latbin_OLS","q75","Combined","occurrence5_k2_tropical_temperate","Coolhouse","Warmhouse",20,13,-0.477023540124465,65,0.00874064539641733,0.0174812907928347
"percentile_latbin_OLS","q75","Combined","occurrence5_k2_tropical_temperate","Coolhouse","Hothouse",20,11,-0.317090531383984,51,0.00786243827051179,0.0174812907928347
"percentile_latbin_OLS","q75","Combined","occurrence5_k2_tropical_temperate","Coldhouse","Coolhouse",12,20,-0.323370090501547,61,0.011389846404928,0.0189830773415466
"percentile_latbin_OLS","q75","Combined","occurrence5_k2_tropical_temperate","Coolhouse","Transitional",20,15,-0.228987458550824,100,0.0494714680336481,0.0706735257623544
"percentile_latbin_OLS","q75","Combined","occurrence5_k2_tropical_temperate","Transitional","Hothouse",15,11,-0.0881030728331596,64,0.175100694589648,0.21887586823706
"percentile_latbin_OLS","q75","Combined","occurrence5_k2_tropical_temperate","Transitional","Warmhouse",15,13,-0.248036081573641,81,0.23054733901266,0.256163710014067
"percentile_latbin_OLS","q75","Combined","occurrence5_k2_tropical_temperate","Warmhouse","Hothouse",13,11,0.159933008740481,72,0.523100413729241,0.523100413729241
"percentile_latbin_OLS","q75","Combined","occurrence5_k2_tropical_temperate_polar","Coldhouse","Coolhouse",3,13,-0.318331999341276,3,0.0156769151799135,0.0307403547558749
"percentile_latbin_OLS","q75","Combined","occurrence5_k2_tropical_temperate_polar","Coldhouse","Transitional",3,5,-0.384567329059494,0,0.0184442128535249,0.0307403547558749
"percentile_latbin_OLS","q75","Combined","occurrence5_k2_tropical_temperate_polar","Coldhouse","Warmhouse",3,6,-0.609095073611518,0,0.0140929010739537,0.0307403547558749
"percentile_latbin_OLS","q75","Combined","occurrence5_k2_tropical_temperate_polar","Coldhouse","Hothouse",3,5,-0.760764494583972,0,0.0184442128535249,0.0307403547558749
"percentile_latbin_OLS","q75","Combined","occurrence5_k2_tropical_temperate_polar","Coolhouse","Hothouse",13,5,-0.442432495242696,6,0.00519020016273012,0.0307403547558749
"percentile_latbin_OLS","q75","Combined","occurrence5_k2_tropical_temperate_polar","Transitional","Hothouse",5,5,-0.376197165524479,2,0.018356928181352,0.0307403547558749
"percentile_latbin_OLS","q75","Combined","occurrence5_k2_tropical_temperate_polar","Coolhouse","Warmhouse",13,6,-0.290763074270243,16,0.0242261113188919,0.0346087304555598
"percentile_latbin_OLS","q75","Combined","occurrence5_k2_tropical_temperate_polar","Transitional","Warmhouse",5,6,-0.224527744552025,7,0.0854517601153987,0.106814700144248
"percentile_latbin_OLS","q75","Combined","occurrence5_k2_tropical_temperate_polar","Coolhouse","Transitional",13,5,-0.0662353297182179,23,0.187497646067528,0.208330717852809
"percentile_latbin_OLS","q75","Combined","occurrence5_k2_tropical_temperate_polar","Warmhouse","Hothouse",6,5,-0.151669420972454,11,0.261408326959544,0.261408326959544
"percentile_latbin_OLS","q75","Combined","occurrence5_k3_tropical_temperate","Coldhouse","Warmhouse",5,10,-0.752477466876115,1,0.0020000715903473,0.020000715903473
"percentile_latbin_OLS","q75","Combined","occurrence5_k3_tropical_temperate","Coldhouse","Hothouse",5,7,-0.719296232005218,1,0.00468305581653336,0.0234152790826668
"percentile_latbin_OLS","q75","Combined","occurrence5_k3_tropical_temperate","Coldhouse","Transitional",5,9,-0.527500228811473,5,0.0117052980805584,0.0390176602685278
"percentile_latbin_OLS","q75","Combined","occurrence5_k3_tropical_temperate","Coldhouse","Coolhouse",5,8,-0.319822230545047,10,0.0821646397690332,0.140372481999761
"percentile_latbin_OLS","q75","Combined","occurrence5_k3_tropical_temperate","Coolhouse","Warmhouse",8,10,-0.432655236331069,24,0.0842234891998567,0.140372481999761
"percentile_latbin_OLS","q75","Combined","occurrence5_k3_tropical_temperate","Coolhouse","Hothouse",8,7,-0.399474001460171,14,0.0591061443898281,0.140372481999761
"percentile_latbin_OLS","q75","Combined","occurrence5_k3_tropical_temperate","Coolhouse","Transitional",8,9,-0.207677998266426,28,0.235243211029395,0.336061730041993
"percentile_latbin_OLS","q75","Combined","occurrence5_k3_tropical_temperate","Transitional","Hothouse",9,7,-0.191796003193745,26,0.2983138940017,0.372892367502125
"percentile_latbin_OLS","q75","Combined","occurrence5_k3_tropical_temperate","Transitional","Warmhouse",9,10,-0.224977238064643,46,0.54873837491116,0.54873837491116
"percentile_latbin_OLS","q75","Combined","occurrence5_k3_tropical_temperate","Warmhouse","Hothouse",10,7,0.0331812348708973,35,0.519458668027414,0.54873837491116
"percentile_latbin_OLS","q75","Combined","occurrence5_k3_tropical_temperate_polar","Coolhouse","Warmhouse",3,4,-0.289282294538738,0,0.0259149636089548,0.0777448908268645
"percentile_latbin_OLS","q75","Combined","occurrence5_k3_tropical_temperate_polar","Coolhouse","Hothouse",3,4,-0.405165067207692,0,0.0259149636089548,0.0777448908268645
"percentile_latbin_OLS","q75","Combined","occurrence5_k3_tropical_temperate_polar","Transitional","Hothouse",2,4,-0.231688876798297,0,0.0525962525600207,0.105192505120041
"percentile_latbin_OLS","q75","Combined","occurrence5_k3_tropical_temperate_polar","Coolhouse","Transitional",3,2,-0.173476190409395,0,0.0744573365893828,0.111686004884074
"percentile_latbin_OLS","q75","Combined","occurrence5_k3_tropical_temperate_polar","Warmhouse","Hothouse",4,4,-0.115882772668954,5,0.235243211029395,0.282291853235274
"percentile_latbin_OLS","q75","Combined","occurrence5_k3_tropical_temperate_polar","Transitional","Warmhouse",2,4,-0.115806104129343,3,0.408480660857696,0.408480660857696
"percentile_latbin_OLS","q75","Combined","occurrence5_k3_tropical_temperate_polar","Coldhouse","Coolhouse",1,3,-0.367765257816764,NA,NA,NA
"percentile_latbin_OLS","q75","Combined","occurrence5_k3_tropical_temperate_polar","Coldhouse","Transitional",1,2,-0.541241448226159,NA,NA,NA
"percentile_latbin_OLS","q75","Combined","occurrence5_k3_tropical_temperate_polar","Coldhouse","Warmhouse",1,4,-0.657047552355502,NA,NA,NA
"percentile_latbin_OLS","q75","Combined","occurrence5_k3_tropical_temperate_polar","Coldhouse","Hothouse",1,4,-0.772930325024456,NA,NA,NA
"percentile_latbin_OLS","q75","Combined","occurrence10_k1_tropical_temperate","Coldhouse","Hothouse",21,19,-0.672255996014007,39,7.34005092036421e-06,7.34005092036421e-05
"percentile_latbin_OLS","q75","Combined","occurrence10_k1_tropical_temperate","Coldhouse","Warmhouse",21,17,-0.655406451896365,38,1.97745050534326e-05,9.88725252671629e-05
"percentile_latbin_OLS","q75","Combined","occurrence10_k1_tropical_temperate","Coldhouse","Transitional",21,23,-0.369081077243605,93,0.000253015882872356,0.000843386276241188
"percentile_latbin_OLS","q75","Combined","occurrence10_k1_tropical_temperate","Coolhouse","Hothouse",31,19,-0.38437871747065,149,0.00187705355375291,0.00469263388438229
"percentile_latbin_OLS","q75","Combined","occurrence10_k1_tropical_temperate","Transitional","Hothouse",23,19,-0.303174918770402,123,0.00818170118641517,0.0163634023728303
"percentile_latbin_OLS","q75","Combined","occurrence10_k1_tropical_temperate","Coolhouse","Warmhouse",31,17,-0.367529173353007,156,0.0105387477197395,0.0175645795328992
"percentile_latbin_OLS","q75","Combined","occurrence10_k1_tropical_temperate","Coldhouse","Coolhouse",21,31,-0.287877278543358,210,0.0159897080038815,0.0228424400055449
"percentile_latbin_OLS","q75","Combined","occurrence10_k1_tropical_temperate","Transitional","Warmhouse",23,17,-0.28632537465276,143,0.0774114144639434,0.0967642680799293
"percentile_latbin_OLS","q75","Combined","occurrence10_k1_tropical_temperate","Coolhouse","Transitional",31,23,-0.0812037987002474,280,0.0918466985705951,0.102051887300661
"percentile_latbin_OLS","q75","Combined","occurrence10_k1_tropical_temperate","Warmhouse","Hothouse",17,19,-0.0168495441176421,138,0.233057913569632,0.233057913569632
"percentile_latbin_OLS","q75","Combined","occurrence10_k1_tropical_temperate_polar","Coldhouse","Hothouse",8,8,-0.697007163339486,0,0.000469552849558595,0.00227623975460182
"percentile_latbin_OLS","q75","Combined","occurrence10_k1_tropical_temperate_polar","Coolhouse","Hothouse",18,8,-0.378139139654115,12,0.000473941553278657,0.00227623975460182
"percentile_latbin_OLS","q75","Combined","occurrence10_k1_tropical_temperate_polar","Transitional","Hothouse",12,8,-0.306014151837761,6,0.000682871926380546,0.00227623975460182
"percentile_latbin_OLS","q75","Combined","occurrence10_k1_tropical_temperate_polar","Coldhouse","Transitional",8,12,-0.390993011501724,19,0.0139452645601233,0.0278905291202465
"percentile_latbin_OLS","q75","Combined","occurrence10_k1_tropical_temperate_polar","Coldhouse","Warmhouse",8,10,-0.571818679961769,14,0.0117338232380456,0.0278905291202465
"percentile_latbin_OLS","q75","Combined","occurrence10_k1_tropical_temperate_polar","Warmhouse","Hothouse",10,8,-0.125188483377717,20,0.0415815744681554,0.0693026241135924
"percentile_latbin_OLS","q75","Combined","occurrence10_k1_tropical_temperate_polar","Coldhouse","Coolhouse",8,18,-0.318868023685371,43,0.0566727546097629,0.080961078013947
"percentile_latbin_OLS","q75","Combined","occurrence10_k1_tropical_temperate_polar","Coolhouse","Transitional",18,12,-0.0721249878163532,78,0.105862791241043,0.132328489051303
"percentile_latbin_OLS","q75","Combined","occurrence10_k1_tropical_temperate_polar","Coolhouse","Warmhouse",18,10,-0.252950656276398,68,0.151306498429358,0.168118331588176
"percentile_latbin_OLS","q75","Combined","occurrence10_k1_tropical_temperate_polar","Transitional","Warmhouse",12,10,-0.180825668460044,50,0.265522550732906,0.265522550732906
"percentile_latbin_OLS","q75","Combined","occurrence10_k2_tropical_temperate","Coldhouse","Warmhouse",10,13,-0.771961467067813,2,5.30752082320394e-05,0.00041246325218984
"percentile_latbin_OLS","q75","Combined","occurrence10_k2_tropical_temperate","Coldhouse","Hothouse",10,11,-0.688125807649848,1,8.24926504379679e-05,0.00041246325218984
"percentile_latbin_OLS","q75","Combined","occurrence10_k2_tropical_temperate","Coldhouse","Transitional",10,15,-0.497674172866788,12,0.000263272144824183,0.00087757381608061
"percentile_latbin_OLS","q75","Combined","occurrence10_k2_tropical_temperate","Coolhouse","Hothouse",18,11,-0.356363524128309,39,0.00374397976213569,0.00935994940533922
"percentile_latbin_OLS","q75","Combined","occurrence10_k2_tropical_temperate","Coldhouse","Coolhouse",10,18,-0.331762283521539,42,0.0113796632553033,0.0189661054255055
"percentile_latbin_OLS","q75","Combined","occurrence10_k2_tropical_temperate","Coolhouse","Warmhouse",18,13,-0.440199183546274,58,0.00959358922340644,0.0189661054255055
"percentile_latbin_OLS","q75","Combined","occurrence10_k2_tropical_temperate","Coolhouse","Transitional",18,15,-0.165911889345249,88,0.046360964153696,0.0662299487909943
"percentile_latbin_OLS","q75","Combined","occurrence10_k2_tropical_temperate","Transitional","Hothouse",15,11,-0.19045163478306,56,0.0886045541706006,0.110755692713251
"percentile_latbin_OLS","q75","Combined","occurrence10_k2_tropical_temperate","Transitional","Warmhouse",15,13,-0.274287294201025,79,0.203502357565143,0.226113730627936
"percentile_latbin_OLS","q75","Combined","occurrence10_k2_tropical_temperate","Warmhouse","Hothouse",13,11,0.0838356594179654,71,0.5,0.5
"percentile_latbin_OLS","q75","Combined","occurrence10_k2_tropical_temperate_polar","Coolhouse","Warmhouse",8,4,-0.365496953519445,0,0.00423740094607692,0.0211870047303846
"percentile_latbin_OLS","q75","Combined","occurrence10_k2_tropical_temperate_polar","Coolhouse","Hothouse",8,4,-0.441347305245896,0,0.00423740094607692,0.0211870047303846
"percentile_latbin_OLS","q75","Combined","occurrence10_k2_tropical_temperate_polar","Transitional","Warmhouse",4,4,-0.257038583531467,0,0.0151914109882887,0.0379785274707219
"percentile_latbin_OLS","q75","Combined","occurrence10_k2_tropical_temperate_polar","Transitional","Hothouse",4,4,-0.332888935257917,0,0.0151914109882887,0.0379785274707219
"percentile_latbin_OLS","q75","Combined","occurrence10_k2_tropical_temperate_polar","Coldhouse","Coolhouse",2,8,-0.314192025881512,0,0.0250930933844877,0.0423321006156999
"percentile_latbin_OLS","q75","Combined","occurrence10_k2_tropical_temperate_polar","Coolhouse","Transitional",8,4,-0.108458369987979,4,0.02539926036942,0.0423321006156999
"percentile_latbin_OLS","q75","Combined","occurrence10_k2_tropical_temperate_polar","Coldhouse","Transitional",2,4,-0.422650395869491,0,0.0525962525600207,0.0584402806222452
"percentile_latbin_OLS","q75","Combined","occurrence10_k2_tropical_temperate_polar","Coldhouse","Warmhouse",2,4,-0.679688979400958,0,0.0525962525600207,0.0584402806222452
"percentile_latbin_OLS","q75","Combined","occurrence10_k2_tropical_temperate_polar","Coldhouse","Hothouse",2,4,-0.755539331127408,0,0.0525962525600207,0.0584402806222452
"percentile_latbin_OLS","q75","Combined","occurrence10_k2_tropical_temperate_polar","Warmhouse","Hothouse",4,4,-0.0758503517264505,6,0.332502771051015,0.332502771051015
"percentile_latbin_OLS","q75","Combined","occurrence10_k3_tropical_temperate","Coldhouse","Transitional",3,7,-0.470788340560567,1,0.0201193385598797,0.0670644618662657
"percentile_latbin_OLS","q75","Combined","occurrence10_k3_tropical_temperate","Coldhouse","Warmhouse",3,8,-0.782828434944845,0,0.00945177150556067,0.0670644618662657
"percentile_latbin_OLS","q75","Combined","occurrence10_k3_tropical_temperate","Coldhouse","Hothouse",3,6,-0.691499153004296,0,0.0140929010739537,0.0670644618662657
"percentile_latbin_OLS","q75","Combined","occurrence10_k3_tropical_temperate","Coldhouse","Coolhouse",3,8,-0.369275016481621,3,0.0413655111575512,0.088819307979073
"percentile_latbin_OLS","q75","Combined","occurrence10_k3_tropical_temperate","Coolhouse","Warmhouse",8,8,-0.413553418463224,16,0.051780935588267,0.088819307979073
"percentile_latbin_OLS","q75","Combined","occurrence10_k3_tropical_temperate","Coolhouse","Hothouse",8,6,-0.322224136522674,11,0.0532915847874438,0.088819307979073
"percentile_latbin_OLS","q75","Combined","occurrence10_k3_tropical_temperate","Transitional","Hothouse",7,6,-0.220710812443729,15,0.216017446002504,0.308596351432148
"percentile_latbin_OLS","q75","Combined","occurrence10_k3_tropical_temperate","Coolhouse","Transitional",8,7,-0.101513324078946,22,0.262224860903042,0.327781076128803
"percentile_latbin_OLS","q75","Combined","occurrence10_k3_tropical_temperate","Transitional","Warmhouse",7,8,-0.312040094384278,23,0.301262176180648,0.334735751311832
"percentile_latbin_OLS","q75","Combined","occurrence10_k3_tropical_temperate","Warmhouse","Hothouse",8,6,0.0913292819405493,30,0.799306417144117,0.799306417144117
"percentile_latbin_OLS","q75","Combined","occurrence10_k3_tropical_temperate_polar","Coolhouse","Warmhouse",3,3,-0.386283697034235,0,0.0404277991850261,0.0606416987775392
"percentile_latbin_OLS","q75","Combined","occurrence10_k3_tropical_temperate_polar","Coolhouse","Hothouse",3,4,-0.405864826378412,0,0.0259149636089548,0.0606416987775392
"percentile_latbin_OLS","q75","Combined","occurrence10_k3_tropical_temperate_polar","Warmhouse","Hothouse",3,4,-0.0195811293441772,5,0.429841897599333,0.429841897599333
"percentile_latbin_OLS","q75","Combined","occurrence10_k3_tropical_temperate_polar","Coldhouse","Coolhouse",1,3,-0.358791937727357,NA,NA,NA
"percentile_latbin_OLS","q75","Combined","occurrence10_k3_tropical_temperate_polar","Coldhouse","Transitional",1,1,-0.450630711935861,NA,NA,NA
"percentile_latbin_OLS","q75","Combined","occurrence10_k3_tropical_temperate_polar","Coldhouse","Warmhouse",1,3,-0.745075634761592,NA,NA,NA
"percentile_latbin_OLS","q75","Combined","occurrence10_k3_tropical_temperate_polar","Coldhouse","Hothouse",1,4,-0.764656764105769,NA,NA,NA
"percentile_latbin_OLS","q75","Combined","occurrence10_k3_tropical_temperate_polar","Coolhouse","Transitional",3,1,-0.0918387742085036,NA,NA,NA
"percentile_latbin_OLS","q75","Combined","occurrence10_k3_tropical_temperate_polar","Transitional","Warmhouse",1,3,-0.294444922825731,NA,NA,NA
"percentile_latbin_OLS","q75","Combined","occurrence10_k3_tropical_temperate_polar","Transitional","Hothouse",1,4,-0.314026052169909,NA,NA,NA
"percentile_latbin_OLS","q75","Combined","collection5_k1_tropical_temperate","Coldhouse","Transitional",19,23,-0.726028133233809,50,1.09071736665381e-05,0.000109071736665381
"percentile_latbin_OLS","q75","Combined","collection5_k1_tropical_temperate","Coldhouse","Warmhouse",19,16,-0.722805045490397,30,2.86981781692969e-05,0.000143490890846485
"percentile_latbin_OLS","q75","Combined","collection5_k1_tropical_temperate","Coldhouse","Hothouse",19,18,-0.628831378464987,57,0.000281429023302191,0.000938096744340637
"percentile_latbin_OLS","q75","Combined","collection5_k1_tropical_temperate","Coolhouse","Transitional",30,23,-0.411457498313924,207,0.00680142043774039,0.017003551094351
"percentile_latbin_OLS","q75","Combined","collection5_k1_tropical_temperate","Coldhouse","Coolhouse",19,30,-0.314570634919885,170,0.00939956377386508,0.0170474578691757
"percentile_latbin_OLS","q75","Combined","collection5_k1_tropical_temperate","Coolhouse","Warmhouse",30,16,-0.408234410570512,139,0.0102284747215054,0.0170474578691757
"percentile_latbin_OLS","q75","Combined","collection5_k1_tropical_temperate","Coolhouse","Hothouse",30,18,-0.314260743545102,186,0.0376849778798196,0.0538356826854566
"percentile_latbin_OLS","q75","Combined","collection5_k1_tropical_temperate","Warmhouse","Hothouse",16,18,0.0939736670254104,145,0.520638010781595,0.650797513476994
"percentile_latbin_OLS","q75","Combined","collection5_k1_tropical_temperate","Transitional","Warmhouse",23,16,0.00322308774341178,197,0.650048778858577,0.695769588099742
"percentile_latbin_OLS","q75","Combined","collection5_k1_tropical_temperate","Transitional","Hothouse",23,18,0.0971967547688221,226,0.695769588099742,0.695769588099742
"percentile_latbin_OLS","q75","Combined","collection5_k1_tropical_temperate_polar","Coldhouse","Hothouse",8,8,-0.649266229873039,2,0.000973763792973334,0.00951166858891248
"percentile_latbin_OLS","q75","Combined","collection5_k1_tropical_temperate_polar","Coolhouse","Hothouse",19,8,-0.375129359777526,21,0.0019023337177825,0.00951166858891248
"percentile_latbin_OLS","q75","Combined","collection5_k1_tropical_temperate_polar","Coldhouse","Warmhouse",8,10,-0.631176678923193,9,0.00336419980417375,0.0112139993472458
"percentile_latbin_OLS","q75","Combined","collection5_k1_tropical_temperate_polar","Coldhouse","Transitional",8,11,-0.440206396529551,17,0.0143287751916451,0.0286575503832903
"percentile_latbin_OLS","q75","Combined","collection5_k1_tropical_temperate_polar","Coolhouse","Warmhouse",19,10,-0.357039808827681,46,0.013029458634973,0.0286575503832903
"percentile_latbin_OLS","q75","Combined","collection5_k1_tropical_temperate_polar","Transitional","Hothouse",11,8,-0.209059833343487,21,0.0315932875349781,0.0526554792249636
"percentile_latbin_OLS","q75","Combined","collection5_k1_tropical_temperate_polar","Coolhouse","Transitional",19,11,-0.166069526434039,67,0.0556531141651386,0.0795044488073408
"percentile_latbin_OLS","q75","Combined","collection5_k1_tropical_temperate_polar","Coldhouse","Coolhouse",8,19,-0.274136870095512,50,0.0878625544332596,0.109828193041574
"percentile_latbin_OLS","q75","Combined","collection5_k1_tropical_temperate_polar","Transitional","Warmhouse",11,10,-0.190970282393642,42,0.189369125943265,0.210410139936961
"percentile_latbin_OLS","q75","Combined","collection5_k1_tropical_temperate_polar","Warmhouse","Hothouse",10,8,-0.0180895509498455,31,0.225051050556322,0.225051050556322
"percentile_latbin_OLS","q75","Combined","collection5_k2_tropical_temperate","Coldhouse","Hothouse",9,10,-0.683486420963651,2,0.000260122173795115,0.00260122173795115
"percentile_latbin_OLS","q75","Combined","collection5_k2_tropical_temperate","Coldhouse","Warmhouse",9,10,-0.791484875138397,5,0.000629508131588073,0.00314754065794036
"percentile_latbin_OLS","q75","Combined","collection5_k2_tropical_temperate","Coldhouse","Transitional",9,15,-0.726028133233809,17,0.00143455639603831,0.00478185465346103
"percentile_latbin_OLS","q75","Combined","collection5_k2_tropical_temperate","Coolhouse","Hothouse",15,10,-0.356135098167289,34,0.0123348547300173,0.0308371368250433
"percentile_latbin_OLS","q75","Combined","collection5_k2_tropical_temperate","Coolhouse","Warmhouse",15,10,-0.464133552342035,37,0.01875700080777,0.03751400161554
"percentile_latbin_OLS","q75","Combined","collection5_k2_tropical_temperate","Coldhouse","Coolhouse",9,15,-0.327351322796363,38,0.0418843360828331,0.0598347658326188
"percentile_latbin_OLS","q75","Combined","collection5_k2_tropical_temperate","Coolhouse","Transitional",15,15,-0.398676810437446,69,0.0372478459569933,0.0598347658326188
"percentile_latbin_OLS","q75","Combined","collection5_k2_tropical_temperate","Transitional","Warmhouse",15,10,-0.0654567419045882,69,0.380150666512672,0.446047238395812
"percentile_latbin_OLS","q75","Combined","collection5_k2_tropical_temperate","Transitional","Hothouse",15,10,0.0425417122701578,70,0.401442514556231,0.446047238395812
"percentile_latbin_OLS","q75","Combined","collection5_k2_tropical_temperate","Warmhouse","Hothouse",10,10,0.107998454174746,54,0.633135002151876,0.633135002151876
"percentile_latbin_OLS","q75","Combined","collection5_k2_tropical_temperate_polar","Coolhouse","Hothouse",9,4,-0.480100861878463,0,0.00346375898861325,0.0346375898861325
"percentile_latbin_OLS","q75","Combined","collection5_k2_tropical_temperate_polar","Coolhouse","Warmhouse",9,3,-0.423273434834314,0,0.00811502428730668,0.0405751214365334
"percentile_latbin_OLS","q75","Combined","collection5_k2_tropical_temperate_polar","Coldhouse","Transitional",3,5,-0.471346012510679,0,0.0184442128535249,0.0466705199008286
"percentile_latbin_OLS","q75","Combined","collection5_k2_tropical_temperate_polar","Transitional","Hothouse",5,4,-0.336106172164146,1,0.0186682079603315,0.0466705199008286
"percentile_latbin_OLS","q75","Combined","collection5_k2_tropical_temperate_polar","Coldhouse","Hothouse",3,4,-0.807452184674825,0,0.0259149636089548,0.0518299272179097
"percentile_latbin_OLS","q75","Combined","collection5_k2_tropical_temperate_polar","Coldhouse","Warmhouse",3,3,-0.750624757630676,0,0.0404277991850261,0.0518977746109739
"percentile_latbin_OLS","q75","Combined","collection5_k2_tropical_temperate_polar","Coolhouse","Transitional",9,5,-0.143994689714317,9,0.0415182196887791,0.0518977746109739
"percentile_latbin_OLS","q75","Combined","collection5_k2_tropical_temperate_polar","Transitional","Warmhouse",5,3,-0.279278745119997,1,0.0368191350601513,0.0518977746109739
"percentile_latbin_OLS","q75","Combined","collection5_k2_tropical_temperate_polar","Coldhouse","Coolhouse",3,9,-0.327351322796363,5,0.0695433648800068,0.0772704054222298
"percentile_latbin_OLS","q75","Combined","collection5_k2_tropical_temperate_polar","Warmhouse","Hothouse",3,4,-0.0568274270441488,6,0.570158102400667,0.570158102400667
"percentile_latbin_OLS","q75","Combined","collection5_k3_tropical_temperate","Coolhouse","Warmhouse",6,8,-0.506113869637206,1,0.00183780605887062,0.0183780605887062
"percentile_latbin_OLS","q75","Combined","collection5_k3_tropical_temperate","Coolhouse","Hothouse",6,5,-0.284435352516481,0,0.00405655863278289,0.0202827931639144
"percentile_latbin_OLS","q75","Combined","collection5_k3_tropical_temperate","Coldhouse","Warmhouse",3,8,-0.844885996139399,0,0.00945177150556067,0.0236294287639017
"percentile_latbin_OLS","q75","Combined","collection5_k3_tropical_temperate","Coolhouse","Transitional",6,8,-0.590442661382223,5,0.00846234423422658,0.0236294287639017
"percentile_latbin_OLS","q75","Combined","collection5_k3_tropical_temperate","Coldhouse","Hothouse",3,5,-0.623207479018673,0,0.0184442128535249,0.0368884257070499
"percentile_latbin_OLS","q75","Combined","collection5_k3_tropical_temperate","Coldhouse","Transitional",3,8,-0.929214787884416,3,0.0413655111575512,0.0689425185959187
"percentile_latbin_OLS","q75","Combined","collection5_k3_tropical_temperate","Coldhouse","Coolhouse",3,6,-0.338772126502193,3,0.077790173896099,0.11112881985157
"percentile_latbin_OLS","q75","Combined","collection5_k3_tropical_temperate","Transitional","Warmhouse",8,8,0.0843287917450171,36,0.681748756543067,0.852185945678834
"percentile_latbin_OLS","q75","Combined","collection5_k3_tropical_temperate","Transitional","Hothouse",8,5,0.306007308865743,28,0.893300372811819,0.917835360230967
"percentile_latbin_OLS","q75","Combined","collection5_k3_tropical_temperate","Warmhouse","Hothouse",8,5,0.221678517120725,29,0.917835360230967,0.917835360230967
"percentile_latbin_OLS","q75","Combined","collection5_k3_tropical_temperate_polar","Coolhouse","Warmhouse",3,3,-0.337894296322346,0,0.0404277991850261,0.111686004884074
"percentile_latbin_OLS","q75","Combined","collection5_k3_tropical_temperate_polar","Coolhouse","Hothouse",3,2,-0.262741155686292,0,0.0744573365893828,0.111686004884074
"percentile_latbin_OLS","q75","Combined","collection5_k3_tropical_temperate_polar","Warmhouse","Hothouse",3,2,0.0751531406360539,5,0.925542663410617,0.925542663410617
"percentile_latbin_OLS","q75","Combined","collection5_k3_tropical_temperate_polar","Coldhouse","Coolhouse",1,3,-0.412730461308331,NA,NA,NA
"percentile_latbin_OLS","q75","Combined","collection5_k3_tropical_temperate_polar","Coldhouse","Transitional",1,1,-0.601319166024046,NA,NA,NA
"percentile_latbin_OLS","q75","Combined","collection5_k3_tropical_temperate_polar","Coldhouse","Warmhouse",1,3,-0.750624757630676,NA,NA,NA
"percentile_latbin_OLS","q75","Combined","collection5_k3_tropical_temperate_polar","Coldhouse","Hothouse",1,2,-0.675471616994623,NA,NA,NA
"percentile_latbin_OLS","q75","Combined","collection5_k3_tropical_temperate_polar","Coolhouse","Transitional",3,1,-0.188588704715715,NA,NA,NA
"percentile_latbin_OLS","q75","Combined","collection5_k3_tropical_temperate_polar","Transitional","Warmhouse",1,3,-0.14930559160663,NA,NA,NA
"percentile_latbin_OLS","q75","Combined","collection5_k3_tropical_temperate_polar","Transitional","Hothouse",1,2,-0.0741524509705761,NA,NA,NA
"percentile_latbin_OLS","q75","Combined","collection10_k1_tropical_temperate","Coldhouse","Hothouse",13,13,-0.882541383510229,2,1.30467101700413e-05,0.000130467101700413
"percentile_latbin_OLS","q75","Combined","collection10_k1_tropical_temperate","Coldhouse","Warmhouse",13,14,-0.780733053713882,8,3.12182327292545e-05,0.000156091163646272
"percentile_latbin_OLS","q75","Combined","collection10_k1_tropical_temperate","Coldhouse","Transitional",13,20,-0.613436553966398,48,0.0013376717523926,0.0033441793809815
"percentile_latbin_OLS","q75","Combined","collection10_k1_tropical_temperate","Coolhouse","Hothouse",24,13,-0.589932204170727,60,0.00118974380318785,0.0033441793809815
"percentile_latbin_OLS","q75","Combined","collection10_k1_tropical_temperate","Coldhouse","Coolhouse",13,24,-0.292609179339502,83,0.010540454686126,0.0175674244768767
"percentile_latbin_OLS","q75","Combined","collection10_k1_tropical_temperate","Coolhouse","Warmhouse",24,14,-0.48812387437438,90,0.00950699210116892,0.0175674244768767
"percentile_latbin_OLS","q75","Combined","collection10_k1_tropical_temperate","Transitional","Hothouse",20,13,-0.269104829543831,89,0.0678267478555989,0.096895354079427
"percentile_latbin_OLS","q75","Combined","collection10_k1_tropical_temperate","Coolhouse","Transitional",24,20,-0.320827374626896,187,0.10796246947007,0.134953086837588
"percentile_latbin_OLS","q75","Combined","collection10_k1_tropical_temperate","Warmhouse","Hothouse",14,13,-0.101808329796347,72,0.184663706791892,0.205181896435436
"percentile_latbin_OLS","q75","Combined","collection10_k1_tropical_temperate","Transitional","Warmhouse",20,14,-0.167296499747484,116,0.205444923535032,0.205444923535032
"percentile_latbin_OLS","q75","Combined","collection10_k1_tropical_temperate_polar","Coolhouse","Hothouse",12,5,-0.644396375159061,1,0.00133155962956928,0.0133155962956928
"percentile_latbin_OLS","q75","Combined","collection10_k1_tropical_temperate_polar","Coldhouse","Warmhouse",6,8,-0.594976037437066,3,0.00406601094944092,0.0156101860551112
"percentile_latbin_OLS","q75","Combined","collection10_k1_tropical_temperate_polar","Transitional","Hothouse",7,5,-0.522058579405065,1,0.00468305581653336,0.0156101860551112
"percentile_latbin_OLS","q75","Combined","collection10_k1_tropical_temperate_polar","Coldhouse","Hothouse",6,5,-0.788181242571046,1,0.00685541503906661,0.0171385375976665
"percentile_latbin_OLS","q75","Combined","collection10_k1_tropical_temperate_polar","Coolhouse","Warmhouse",12,8,-0.451191170025081,19,0.0139452645601233,0.0278905291202465
"percentile_latbin_OLS","q75","Combined","collection10_k1_tropical_temperate_polar","Coldhouse","Transitional",6,7,-0.266122663165981,11,0.0873679116076236,0.130880697806301
"percentile_latbin_OLS","q75","Combined","collection10_k1_tropical_temperate_polar","Transitional","Warmhouse",7,8,-0.328853374271085,16,0.0916164884644109,0.130880697806301
"percentile_latbin_OLS","q75","Combined","collection10_k1_tropical_temperate_polar","Warmhouse","Hothouse",8,5,-0.19320520513398,11,0.106699627188181,0.133374533985227
"percentile_latbin_OLS","q75","Combined","collection10_k1_tropical_temperate_polar","Coolhouse","Transitional",12,7,-0.122337795753996,28,0.126943649914537,0.141048499905041
"percentile_latbin_OLS","q75","Combined","collection10_k1_tropical_temperate_polar","Coldhouse","Coolhouse",6,12,-0.143784867411985,27,0.212987555756803,0.212987555756803
"percentile_latbin_OLS","q75","Combined","collection10_k2_tropical_temperate","Coldhouse","Warmhouse",6,9,-1.01096624249886,0,0.000894921639311727,0.00298307213103909
"percentile_latbin_OLS","q75","Combined","collection10_k2_tropical_temperate","Coolhouse","Warmhouse",9,9,-0.91119176004136,4,0.000739232398613755,0.00298307213103909
"percentile_latbin_OLS","q75","Combined","collection10_k2_tropical_temperate","Coolhouse","Hothouse",9,7,-0.721641234992891,0,0.000516487754803409,0.00298307213103909
"percentile_latbin_OLS","q75","Combined","collection10_k2_tropical_temperate","Coldhouse","Hothouse",6,7,-0.821415717450395,0,0.00170261791064738,0.00425654477661845
"percentile_latbin_OLS","q75","Combined","collection10_k2_tropical_temperate","Coldhouse","Transitional",6,13,-0.597698663192804,17,0.0296693993228047,0.0494489988713412
"percentile_latbin_OLS","q75","Combined","collection10_k2_tropical_temperate","Coolhouse","Transitional",9,13,-0.4979241807353,29,0.0263993534903174,0.0494489988713412
"percentile_latbin_OLS","q75","Combined","collection10_k2_tropical_temperate","Transitional","Warmhouse",13,9,-0.413267579306061,40,0.114680792747708,0.163829703925297
"percentile_latbin_OLS","q75","Combined","collection10_k2_tropical_temperate","Coldhouse","Coolhouse",6,9,-0.0997744824575041,18,0.158235893923989,0.197794867404986
"percentile_latbin_OLS","q75","Combined","collection10_k2_tropical_temperate","Transitional","Hothouse",13,7,-0.223717054257591,34,0.191693741532777,0.21299304614753
"percentile_latbin_OLS","q75","Combined","collection10_k2_tropical_temperate","Warmhouse","Hothouse",9,7,0.18955052504847,34,0.6245882405505,0.6245882405505
"percentile_latbin_OLS","q75","Combined","collection10_k2_tropical_temperate_polar","Coolhouse","Warmhouse",4,3,-0.471765748751515,0,0.0259149636089548,0.0518299272179097
"percentile_latbin_OLS","q75","Combined","collection10_k2_tropical_temperate_polar","Coolhouse","Hothouse",4,4,-0.658355726782901,0,0.0151914109882887,0.0518299272179097
"percentile_latbin_OLS","q75","Combined","collection10_k2_tropical_temperate_polar","Transitional","Hothouse",3,4,-0.609508983185451,0,0.0259149636089548,0.0518299272179097
"percentile_latbin_OLS","q75","Combined","collection10_k2_tropical_temperate_polar","Transitional","Warmhouse",3,3,-0.422919005154065,1,0.095215131912762,0.142822697869143
"percentile_latbin_OLS","q75","Combined","collection10_k2_tropical_temperate_polar","Coolhouse","Transitional",4,3,-0.0488467435974497,4,0.297941545282589,0.297941545282589
"percentile_latbin_OLS","q75","Combined","collection10_k2_tropical_temperate_polar","Warmhouse","Hothouse",3,4,-0.186589978031386,4,0.297941545282589,0.297941545282589
"percentile_latbin_OLS","q75","Combined","collection10_k2_tropical_temperate_polar","Coldhouse","Coolhouse",1,4,-0.175171694116175,NA,NA,NA
"percentile_latbin_OLS","q75","Combined","collection10_k2_tropical_temperate_polar","Coldhouse","Transitional",1,3,-0.224018437713625,NA,NA,NA
"percentile_latbin_OLS","q75","Combined","collection10_k2_tropical_temperate_polar","Coldhouse","Warmhouse",1,3,-0.64693744286769,NA,NA,NA
"percentile_latbin_OLS","q75","Combined","collection10_k2_tropical_temperate_polar","Coldhouse","Hothouse",1,4,-0.833527420899075,NA,NA,NA
"percentile_latbin_OLS","q75","Combined","collection10_k3_tropical_temperate","Coolhouse","Transitional",2,3,-0.931455704740574,0,0.0744573365893828,0.148914673178766
"percentile_latbin_OLS","q75","Combined","collection10_k3_tropical_temperate","Coolhouse","Warmhouse",2,6,-0.805787213674277,0,0.0333765075848173,0.148914673178766
"percentile_latbin_OLS","q75","Combined","collection10_k3_tropical_temperate","Coolhouse","Hothouse",2,4,-0.829211213388606,0,0.0525962525600207,0.148914673178766
"percentile_latbin_OLS","q75","Combined","collection10_k3_tropical_temperate","Transitional","Warmhouse",3,6,0.125668491066298,8,0.448639480630042,0.672959220945062
"percentile_latbin_OLS","q75","Combined","collection10_k3_tropical_temperate","Transitional","Hothouse",3,4,0.102244491351969,7,0.702058454717411,0.702058454717411
"percentile_latbin_OLS","q75","Combined","collection10_k3_tropical_temperate","Warmhouse","Hothouse",6,4,-0.0234239997143287,13,0.625440433499702,0.702058454717411
"percentile_latbin_OLS","q75","Combined","collection10_k3_tropical_temperate","Coldhouse","Coolhouse",1,2,-0.0536326845059099,NA,NA,NA
"percentile_latbin_OLS","q75","Combined","collection10_k3_tropical_temperate","Coldhouse","Transitional",1,3,-0.985088389246484,NA,NA,NA
"percentile_latbin_OLS","q75","Combined","collection10_k3_tropical_temperate","Coldhouse","Warmhouse",1,6,-0.859419898180187,NA,NA,NA
"percentile_latbin_OLS","q75","Combined","collection10_k3_tropical_temperate","Coldhouse","Hothouse",1,4,-0.882843897894516,NA,NA,NA
"percentile_latbin_OLS","q75","Combined","collection10_k3_tropical_temperate_polar","Coldhouse","Coolhouse",0,0,NA,NA,NA,NA
"percentile_latbin_OLS","q75","Combined","collection10_k3_tropical_temperate_polar","Coldhouse","Transitional",0,0,NA,NA,NA,NA
"percentile_latbin_OLS","q75","Combined","collection10_k3_tropical_temperate_polar","Coldhouse","Warmhouse",0,2,NA,NA,NA,NA
"percentile_latbin_OLS","q75","Combined","collection10_k3_tropical_temperate_polar","Coldhouse","Hothouse",0,1,NA,NA,NA,NA
"percentile_latbin_OLS","q75","Combined","collection10_k3_tropical_temperate_polar","Coolhouse","Transitional",0,0,NA,NA,NA,NA
"percentile_latbin_OLS","q75","Combined","collection10_k3_tropical_temperate_polar","Coolhouse","Warmhouse",0,2,NA,NA,NA,NA
"percentile_latbin_OLS","q75","Combined","collection10_k3_tropical_temperate_polar","Coolhouse","Hothouse",0,1,NA,NA,NA,NA
"percentile_latbin_OLS","q75","Combined","collection10_k3_tropical_temperate_polar","Transitional","Warmhouse",0,2,NA,NA,NA,NA
"percentile_latbin_OLS","q75","Combined","collection10_k3_tropical_temperate_polar","Transitional","Hothouse",0,1,NA,NA,NA,NA
"percentile_latbin_OLS","q75","Combined","collection10_k3_tropical_temperate_polar","Warmhouse","Hothouse",2,1,-0.351255147599418,NA,NA,NA
"percentile_latbin_OLS","q75","Northern","occurrence5_k1_tropical_temperate","Coldhouse","Transitional",12,15,-0.596802548386848,24,0.000696559930806011,0.00358639099009577
"percentile_latbin_OLS","q75","Northern","occurrence5_k1_tropical_temperate","Coldhouse","Warmhouse",12,9,-0.768421452730185,11,0.00126244084814747,0.00358639099009577
"percentile_latbin_OLS","q75","Northern","occurrence5_k1_tropical_temperate","Coolhouse","Transitional",15,15,-0.413120283923683,39,0.00123130210037723,0.00358639099009577
"percentile_latbin_OLS","q75","Northern","occurrence5_k1_tropical_temperate","Coolhouse","Warmhouse",15,9,-0.58473918826702,17,0.00143455639603831,0.00358639099009577
"percentile_latbin_OLS","q75","Northern","occurrence5_k1_tropical_temperate","Coldhouse","Hothouse",12,11,-0.359298660121177,32,0.0196142251937694,0.0392284503875389
"percentile_latbin_OLS","q75","Northern","occurrence5_k1_tropical_temperate","Coolhouse","Hothouse",15,11,-0.175616395658012,50,0.0483770368543709,0.0806283947572848
"percentile_latbin_OLS","q75","Northern","occurrence5_k1_tropical_temperate","Coldhouse","Coolhouse",12,15,-0.183682264463165,76,0.255033763778767,0.364333948255382
"percentile_latbin_OLS","q75","Northern","occurrence5_k1_tropical_temperate","Transitional","Warmhouse",15,9,-0.171618904343337,63,0.405741261055439,0.507176576319299
"percentile_latbin_OLS","q75","Northern","occurrence5_k1_tropical_temperate","Transitional","Hothouse",15,11,0.237503888265671,111,0.933850553123069,0.975883888034417
"percentile_latbin_OLS","q75","Northern","occurrence5_k1_tropical_temperate","Warmhouse","Hothouse",9,11,0.409122792609008,75,0.975883888034417,0.975883888034417
"percentile_latbin_OLS","q75","Northern","occurrence5_k1_tropical_temperate_polar","Coldhouse","Transitional",6,7,-0.63343543560331,0,0.00170261791064738,0.0170261791064738
"percentile_latbin_OLS","q75","Northern","occurrence5_k1_tropical_temperate_polar","Coldhouse","Warmhouse",6,6,-0.604724218128371,2,0.00653261338221299,0.0236900647818034
"percentile_latbin_OLS","q75","Northern","occurrence5_k1_tropical_temperate_polar","Coldhouse","Hothouse",6,4,-0.616814092520126,0,0.00710701943454103,0.0236900647818034
"percentile_latbin_OLS","q75","Northern","occurrence5_k1_tropical_temperate_polar","Coldhouse","Coolhouse",6,10,-0.289442711476785,10,0.0172119071626944,0.043029767906736
"percentile_latbin_OLS","q75","Northern","occurrence5_k1_tropical_temperate_polar","Coolhouse","Transitional",10,7,-0.343992724126525,18,0.0536732684969055,0.09648140479911
"percentile_latbin_OLS","q75","Northern","occurrence5_k1_tropical_temperate_polar","Coolhouse","Warmhouse",10,6,-0.315281506651586,15,0.057888842879466,0.09648140479911
"percentile_latbin_OLS","q75","Northern","occurrence5_k1_tropical_temperate_polar","Coolhouse","Hothouse",10,4,-0.32737138104334,10,0.089554596363361,0.127935137661944
"percentile_latbin_OLS","q75","Northern","occurrence5_k1_tropical_temperate_polar","Transitional","Warmhouse",7,6,0.0287112174749392,19,0.415162128827898,0.46129125425322
"percentile_latbin_OLS","q75","Northern","occurrence5_k1_tropical_temperate_polar","Transitional","Hothouse",7,4,0.0166213430831845,12,0.388407002077741,0.46129125425322
"percentile_latbin_OLS","q75","Northern","occurrence5_k1_tropical_temperate_polar","Warmhouse","Hothouse",6,4,-0.0120898743917546,13,0.625440433499702,0.625440433499702
"percentile_latbin_OLS","q75","Northern","occurrence5_k2_tropical_temperate","Coldhouse","Transitional",7,10,-0.758282839363447,0,0.000380152921436306,0.00380152921436306
"percentile_latbin_OLS","q75","Northern","occurrence5_k2_tropical_temperate","Coldhouse","Warmhouse",7,8,-0.734204702584845,3,0.00228896117884281,0.00572240294710701
"percentile_latbin_OLS","q75","Northern","occurrence5_k2_tropical_temperate","Coldhouse","Hothouse",7,6,-0.53404036916922,0,0.00170261791064738,0.00572240294710701
"percentile_latbin_OLS","q75","Northern","occurrence5_k2_tropical_temperate","Coolhouse","Transitional",10,10,-0.507465404099256,11,0.0018052571561648,0.00572240294710701
"percentile_latbin_OLS","q75","Northern","occurrence5_k2_tropical_temperate","Coolhouse","Warmhouse",10,8,-0.483387267320654,11,0.00566598782259903,0.0113319756451981
"percentile_latbin_OLS","q75","Northern","occurrence5_k2_tropical_temperate","Coolhouse","Hothouse",10,6,-0.283222933905029,11,0.0223957768220647,0.0373262947034412
"percentile_latbin_OLS","q75","Northern","occurrence5_k2_tropical_temperate","Coldhouse","Coolhouse",7,10,-0.250817435264191,21,0.0938413862666982,0.13405912323814
"percentile_latbin_OLS","q75","Northern","occurrence5_k2_tropical_temperate","Transitional","Warmhouse",10,8,0.0240781367786017,47,0.747419868454272,0.93427483556784
"percentile_latbin_OLS","q75","Northern","occurrence5_k2_tropical_temperate","Transitional","Hothouse",10,6,0.224242470194227,45,0.953639035846304,0.953639035846304
"percentile_latbin_OLS","q75","Northern","occurrence5_k2_tropical_temperate","Warmhouse","Hothouse",8,6,0.200164333415625,35,0.931180872445909,0.953639035846304
"percentile_latbin_OLS","q75","Northern","occurrence5_k2_tropical_temperate_polar","Coldhouse","Coolhouse",3,7,-0.237063201573794,3,0.0553060368742615,0.156402310444497
"percentile_latbin_OLS","q75","Northern","occurrence5_k2_tropical_temperate_polar","Coldhouse","Transitional",3,3,-0.384567329059494,0,0.0404277991850261,0.156402310444497
"percentile_latbin_OLS","q75","Northern","occurrence5_k2_tropical_temperate_polar","Coldhouse","Warmhouse",3,2,-0.526436251619696,0,0.0744573365893828,0.156402310444497
"percentile_latbin_OLS","q75","Northern","occurrence5_k2_tropical_temperate_polar","Coldhouse","Hothouse",3,2,-0.547276233301436,0,0.0744573365893828,0.156402310444497
"percentile_latbin_OLS","q75","Northern","occurrence5_k2_tropical_temperate_polar","Coolhouse","Warmhouse",7,2,-0.289373050045902,2,0.0938413862666982,0.156402310444497
"percentile_latbin_OLS","q75","Northern","occurrence5_k2_tropical_temperate_polar","Coolhouse","Hothouse",7,2,-0.310213031727642,2,0.0938413862666982,0.156402310444497
"percentile_latbin_OLS","q75","Northern","occurrence5_k2_tropical_temperate_polar","Coolhouse","Transitional",7,3,-0.1475041274857,6,0.180967383460596,0.24154764423202
"percentile_latbin_OLS","q75","Northern","occurrence5_k2_tropical_temperate_polar","Transitional","Hothouse",3,2,-0.162708904241942,1,0.193238115385616,0.24154764423202
"percentile_latbin_OLS","q75","Northern","occurrence5_k2_tropical_temperate_polar","Transitional","Warmhouse",3,2,-0.141868922560202,2,0.386414996342224,0.429349995935804
"percentile_latbin_OLS","q75","Northern","occurrence5_k2_tropical_temperate_polar","Warmhouse","Hothouse",2,2,-0.0208399816817402,2,0.650732320848331,0.650732320848331
"percentile_latbin_OLS","q75","Northern","occurrence5_k3_tropical_temperate","Coldhouse","Transitional",3,6,-1.05254232589143,0,0.0140929010739537,0.0704645053697685
"percentile_latbin_OLS","q75","Northern","occurrence5_k3_tropical_temperate","Coldhouse","Warmhouse",3,6,-0.793416591703652,0,0.0140929010739537,0.0704645053697685
"percentile_latbin_OLS","q75","Northern","occurrence5_k3_tropical_temperate","Coldhouse","Hothouse",3,3,-0.58411726331528,0,0.0404277991850261,0.101069497962565
"percentile_latbin_OLS","q75","Northern","occurrence5_k3_tropical_temperate","Coolhouse","Warmhouse",2,6,-0.710505365886096,0,0.0333765075848173,0.101069497962565
"percentile_latbin_OLS","q75","Northern","occurrence5_k3_tropical_temperate","Coolhouse","Transitional",2,6,-0.969631100073876,1,0.0668072012688581,0.124095560982305
"percentile_latbin_OLS","q75","Northern","occurrence5_k3_tropical_temperate","Coolhouse","Hothouse",2,3,-0.501206037497724,0,0.0744573365893828,0.124095560982305
"percentile_latbin_OLS","q75","Northern","occurrence5_k3_tropical_temperate","Coldhouse","Coolhouse",3,2,-0.082911225817556,3,0.613585003657776,0.876550005225395
"percentile_latbin_OLS","q75","Northern","occurrence5_k3_tropical_temperate","Transitional","Warmhouse",6,6,0.259125734187779,26,0.913257265839261,0.922209826103901
"percentile_latbin_OLS","q75","Northern","occurrence5_k3_tropical_temperate","Transitional","Hothouse",6,3,0.468425062576152,13,0.877360941596614,0.922209826103901
"percentile_latbin_OLS","q75","Northern","occurrence5_k3_tropical_temperate","Warmhouse","Hothouse",6,3,0.209299328388373,14,0.922209826103901,0.922209826103901
"percentile_latbin_OLS","q75","Northern","occurrence5_k3_tropical_temperate_polar","Coldhouse","Coolhouse",1,0,NA,NA,NA,NA
"percentile_latbin_OLS","q75","Northern","occurrence5_k3_tropical_temperate_polar","Coldhouse","Transitional",1,1,-0.568968491390227,NA,NA,NA
"percentile_latbin_OLS","q75","Northern","occurrence5_k3_tropical_temperate_polar","Coldhouse","Warmhouse",1,2,-0.526436251619696,NA,NA,NA
"percentile_latbin_OLS","q75","Northern","occurrence5_k3_tropical_temperate_polar","Coldhouse","Hothouse",1,1,-0.601617477895251,NA,NA,NA
"percentile_latbin_OLS","q75","Northern","occurrence5_k3_tropical_temperate_polar","Coolhouse","Transitional",0,1,NA,NA,NA,NA
"percentile_latbin_OLS","q75","Northern","occurrence5_k3_tropical_temperate_polar","Coolhouse","Warmhouse",0,2,NA,NA,NA,NA
"percentile_latbin_OLS","q75","Northern","occurrence5_k3_tropical_temperate_polar","Coolhouse","Hothouse",0,1,NA,NA,NA,NA
"percentile_latbin_OLS","q75","Northern","occurrence5_k3_tropical_temperate_polar","Transitional","Warmhouse",1,2,0.0425322397705315,NA,NA,NA
"percentile_latbin_OLS","q75","Northern","occurrence5_k3_tropical_temperate_polar","Transitional","Hothouse",1,1,-0.0326489865050237,NA,NA,NA
"percentile_latbin_OLS","q75","Northern","occurrence5_k3_tropical_temperate_polar","Warmhouse","Hothouse",2,1,-0.0751812262755552,NA,NA,NA
"percentile_latbin_OLS","q75","Northern","occurrence10_k1_tropical_temperate","Coldhouse","Transitional",12,14,-0.484793537078731,25,0.0013109108845453,0.00509107777714915
"percentile_latbin_OLS","q75","Northern","occurrence10_k1_tropical_temperate","Coldhouse","Warmhouse",12,8,-0.634114444659846,9,0.0014873540710043,0.00509107777714915
"percentile_latbin_OLS","q75","Northern","occurrence10_k1_tropical_temperate","Coolhouse","Transitional",15,14,-0.395094233873057,37,0.00160986634546089,0.00509107777714915
"percentile_latbin_OLS","q75","Northern","occurrence10_k1_tropical_temperate","Coolhouse","Warmhouse",15,8,-0.544415141454173,15,0.00203643111085966,0.00509107777714915
"percentile_latbin_OLS","q75","Northern","occurrence10_k1_tropical_temperate","Coolhouse","Hothouse",15,9,-0.461368423320642,29,0.0117292978399615,0.0234585956799231
"percentile_latbin_OLS","q75","Northern","occurrence10_k1_tropical_temperate","Coldhouse","Hothouse",12,9,-0.551067726526315,23,0.0150968280928085,0.0251613801546808
"percentile_latbin_OLS","q75","Northern","occurrence10_k1_tropical_temperate","Coldhouse","Coolhouse",12,15,-0.0896993032056734,83,0.375558245515519,0.536511779307885
"percentile_latbin_OLS","q75","Northern","occurrence10_k1_tropical_temperate","Transitional","Warmhouse",14,8,-0.149320907581115,54,0.45922810642697,0.574035133033712
"percentile_latbin_OLS","q75","Northern","occurrence10_k1_tropical_temperate","Transitional","Hothouse",14,9,-0.0662741894475844,68,0.635504272691849,0.706115858546499
"percentile_latbin_OLS","q75","Northern","occurrence10_k1_tropical_temperate","Warmhouse","Hothouse",8,9,0.0830467181335308,44,0.793296532785897,0.793296532785897
"percentile_latbin_OLS","q75","Northern","occurrence10_k1_tropical_temperate_polar","Coldhouse","Transitional",6,6,-0.468732475466426,0,0.00253743404897013,0.0202827931639144
"percentile_latbin_OLS","q75","Northern","occurrence10_k1_tropical_temperate_polar","Coldhouse","Warmhouse",6,5,-0.563317869943241,0,0.00405655863278289,0.0202827931639144
"percentile_latbin_OLS","q75","Northern","occurrence10_k1_tropical_temperate_polar","Coldhouse","Hothouse",6,3,-0.587270044280479,0,0.0140929010739537,0.046976336913179
"percentile_latbin_OLS","q75","Northern","occurrence10_k1_tropical_temperate_polar","Coldhouse","Coolhouse",6,9,-0.194012445449506,11,0.0338730069203447,0.0677460138406893
"percentile_latbin_OLS","q75","Northern","occurrence10_k1_tropical_temperate_polar","Coolhouse","Hothouse",9,3,-0.393257598830973,3,0.0322288591353379,0.0677460138406893
"percentile_latbin_OLS","q75","Northern","occurrence10_k1_tropical_temperate_polar","Coolhouse","Transitional",9,6,-0.274720030016921,13,0.0558058841491461,0.0930098069152435
"percentile_latbin_OLS","q75","Northern","occurrence10_k1_tropical_temperate_polar","Transitional","Hothouse",6,3,-0.118537568814052,3,0.077790173896099,0.11112881985157
"percentile_latbin_OLS","q75","Northern","occurrence10_k1_tropical_temperate_polar","Coolhouse","Warmhouse",9,5,-0.369305424493736,14,0.143061192195509,0.178826490244386
"percentile_latbin_OLS","q75","Northern","occurrence10_k1_tropical_temperate_polar","Warmhouse","Hothouse",5,3,-0.0239521743372374,6,0.382797241997882,0.425330268886536
"percentile_latbin_OLS","q75","Northern","occurrence10_k1_tropical_temperate_polar","Transitional","Warmhouse",6,5,-0.094585394476815,15,0.536367763237384,0.536367763237384
"percentile_latbin_OLS","q75","Northern","occurrence10_k2_tropical_temperate","Coldhouse","Transitional",6,10,-0.758393755445019,0,0.000687795633623293,0.00402267227636728
"percentile_latbin_OLS","q75","Northern","occurrence10_k2_tropical_temperate","Coolhouse","Transitional",8,10,-0.595621461276638,4,0.000804534455273455,0.00402267227636728
"percentile_latbin_OLS","q75","Northern","occurrence10_k2_tropical_temperate","Coldhouse","Warmhouse",6,8,-0.663808834534472,0,0.00120732445687942,0.00402441485626475
"percentile_latbin_OLS","q75","Northern","occurrence10_k2_tropical_temperate","Coldhouse","Hothouse",6,6,-0.58401608034071,0,0.00253743404897013,0.00634358512242532
"percentile_latbin_OLS","q75","Northern","occurrence10_k2_tropical_temperate","Coolhouse","Hothouse",8,6,-0.421243786172329,3,0.00406601094944092,0.00813202189888184
"percentile_latbin_OLS","q75","Northern","occurrence10_k2_tropical_temperate","Coolhouse","Warmhouse",8,8,-0.501036540366091,7,0.00504084694192983,0.00840141156988305
"percentile_latbin_OLS","q75","Northern","occurrence10_k2_tropical_temperate","Coldhouse","Coolhouse",6,8,-0.162772294168381,15,0.136245241734976,0.194636059621394
"percentile_latbin_OLS","q75","Northern","occurrence10_k2_tropical_temperate","Transitional","Warmhouse",10,8,0.0945849209105466,49,0.800692440137137,0.872624418504781
"percentile_latbin_OLS","q75","Northern","occurrence10_k2_tropical_temperate","Transitional","Hothouse",10,6,0.174377675104309,40,0.872624418504781,0.872624418504781
"percentile_latbin_OLS","q75","Northern","occurrence10_k2_tropical_temperate","Warmhouse","Hothouse",8,6,0.0797927541937621,30,0.799306417144117,0.872624418504781
"percentile_latbin_OLS","q75","Northern","occurrence10_k2_tropical_temperate_polar","Coldhouse","Coolhouse",2,3,-0.158009180164923,0,0.0744573365893828,0.111686004884074
"percentile_latbin_OLS","q75","Northern","occurrence10_k2_tropical_temperate_polar","Coolhouse","Transitional",3,2,-0.29153378410349,0,0.0744573365893828,0.111686004884074
"percentile_latbin_OLS","q75","Northern","occurrence10_k2_tropical_temperate_polar","Coldhouse","Transitional",2,2,-0.449542964268413,0,0.122639058403386,0.122639058403386
"percentile_latbin_OLS","q75","Northern","occurrence10_k2_tropical_temperate_polar","Coldhouse","Warmhouse",2,1,-0.527314604658659,NA,NA,NA
"percentile_latbin_OLS","q75","Northern","occurrence10_k2_tropical_temperate_polar","Coldhouse","Hothouse",2,1,-0.544758851116359,NA,NA,NA
"percentile_latbin_OLS","q75","Northern","occurrence10_k2_tropical_temperate_polar","Coolhouse","Warmhouse",3,1,-0.369305424493736,NA,NA,NA
"percentile_latbin_OLS","q75","Northern","occurrence10_k2_tropical_temperate_polar","Coolhouse","Hothouse",3,1,-0.386749670951436,NA,NA,NA
"percentile_latbin_OLS","q75","Northern","occurrence10_k2_tropical_temperate_polar","Transitional","Warmhouse",2,1,-0.077771640390246,NA,NA,NA
"percentile_latbin_OLS","q75","Northern","occurrence10_k2_tropical_temperate_polar","Transitional","Hothouse",2,1,-0.0952158868479461,NA,NA,NA
"percentile_latbin_OLS","q75","Northern","occurrence10_k2_tropical_temperate_polar","Warmhouse","Hothouse",1,1,-0.0174442464577,NA,NA,NA
"percentile_latbin_OLS","q75","Northern","occurrence10_k3_tropical_temperate","Coldhouse","Transitional",3,4,-1.05236665934559,0,0.0259149636089548,0.105192505120041
"percentile_latbin_OLS","q75","Northern","occurrence10_k3_tropical_temperate","Coldhouse","Warmhouse",3,4,-0.712527196323612,0,0.0259149636089548,0.105192505120041
"percentile_latbin_OLS","q75","Northern","occurrence10_k3_tropical_temperate","Coldhouse","Hothouse",3,3,-0.604285360535737,0,0.0404277991850261,0.105192505120041
"percentile_latbin_OLS","q75","Northern","occurrence10_k3_tropical_temperate","Coolhouse","Transitional",2,4,-0.963226342275538,0,0.0525962525600207,0.105192505120041
"percentile_latbin_OLS","q75","Northern","occurrence10_k3_tropical_temperate","Coolhouse","Warmhouse",2,4,-0.623386879253556,0,0.0525962525600207,0.105192505120041
"percentile_latbin_OLS","q75","Northern","occurrence10_k3_tropical_temperate","Coolhouse","Hothouse",2,3,-0.515145043465682,0,0.0744573365893828,0.124095560982305
"percentile_latbin_OLS","q75","Northern","occurrence10_k3_tropical_temperate","Coldhouse","Coolhouse",3,2,-0.0891403170700555,3,0.613585003657776,0.876550005225395
"percentile_latbin_OLS","q75","Northern","occurrence10_k3_tropical_temperate","Transitional","Warmhouse",4,4,0.339839463021982,11,0.843839289161892,0.89203753052993
"percentile_latbin_OLS","q75","Northern","occurrence10_k3_tropical_temperate","Transitional","Hothouse",4,3,0.448081298809856,9,0.89203753052993,0.89203753052993
"percentile_latbin_OLS","q75","Northern","occurrence10_k3_tropical_temperate","Warmhouse","Hothouse",4,3,0.108241835787875,8,0.811620441094209,0.89203753052993
"percentile_latbin_OLS","q75","Northern","occurrence10_k3_tropical_temperate_polar","Coldhouse","Coolhouse",1,0,NA,NA,NA,NA
"percentile_latbin_OLS","q75","Northern","occurrence10_k3_tropical_temperate_polar","Coldhouse","Transitional",1,0,NA,NA,NA,NA
"percentile_latbin_OLS","q75","Northern","occurrence10_k3_tropical_temperate_polar","Coldhouse","Warmhouse",1,1,-0.53643203763702,NA,NA,NA
"percentile_latbin_OLS","q75","Northern","occurrence10_k3_tropical_temperate_polar","Coldhouse","Hothouse",1,1,-0.55387628409472,NA,NA,NA
"percentile_latbin_OLS","q75","Northern","occurrence10_k3_tropical_temperate_polar","Coolhouse","Transitional",0,0,NA,NA,NA,NA
"percentile_latbin_OLS","q75","Northern","occurrence10_k3_tropical_temperate_polar","Coolhouse","Warmhouse",0,1,NA,NA,NA,NA
"percentile_latbin_OLS","q75","Northern","occurrence10_k3_tropical_temperate_polar","Coolhouse","Hothouse",0,1,NA,NA,NA,NA
"percentile_latbin_OLS","q75","Northern","occurrence10_k3_tropical_temperate_polar","Transitional","Warmhouse",0,1,NA,NA,NA,NA
"percentile_latbin_OLS","q75","Northern","occurrence10_k3_tropical_temperate_polar","Transitional","Hothouse",0,1,NA,NA,NA,NA
"percentile_latbin_OLS","q75","Northern","occurrence10_k3_tropical_temperate_polar","Warmhouse","Hothouse",1,1,-0.0174442464577,NA,NA,NA
"percentile_latbin_OLS","q75","Northern","collection5_k1_tropical_temperate","Coldhouse","Transitional",10,13,-0.887736319489223,4,8.7696983406272e-05,0.00043848491703136
"percentile_latbin_OLS","q75","Northern","collection5_k1_tropical_temperate","Coolhouse","Transitional",14,13,-0.727096189225349,13,8.46930945907443e-05,0.00043848491703136
"percentile_latbin_OLS","q75","Northern","collection5_k1_tropical_temperate","Coldhouse","Warmhouse",10,9,-0.776283192947562,7,0.00109982353055653,0.00366607843518843
"percentile_latbin_OLS","q75","Northern","collection5_k1_tropical_temperate","Coolhouse","Warmhouse",14,9,-0.615643062683687,18,0.00252962768135417,0.00632406920338541
"percentile_latbin_OLS","q75","Northern","collection5_k1_tropical_temperate","Coldhouse","Hothouse",10,9,-0.616557647929314,20,0.0227276474245292,0.0454552948490585
"percentile_latbin_OLS","q75","Northern","collection5_k1_tropical_temperate","Coolhouse","Hothouse",14,9,-0.455917517665439,37,0.0540986237618508,0.0901643729364179
"percentile_latbin_OLS","q75","Northern","collection5_k1_tropical_temperate","Coldhouse","Coolhouse",10,14,-0.160640130263874,51,0.139348939870355,0.199069914100507
"percentile_latbin_OLS","q75","Northern","collection5_k1_tropical_temperate","Transitional","Warmhouse",13,9,0.111453126541662,83,0.952486023634088,0.996220094610669
"percentile_latbin_OLS","q75","Northern","collection5_k1_tropical_temperate","Transitional","Hothouse",13,9,0.27117867155991,98,0.996220094610669,0.996220094610669
"percentile_latbin_OLS","q75","Northern","collection5_k1_tropical_temperate","Warmhouse","Hothouse",9,9,0.159725545018248,56,0.921147806268461,0.996220094610669
"percentile_latbin_OLS","q75","Northern","collection5_k1_tropical_temperate_polar","Coldhouse","Transitional",6,4,-0.615180031825042,0,0.00710701943454103,0.0236900647818034
"percentile_latbin_OLS","q75","Northern","collection5_k1_tropical_temperate_polar","Coldhouse","Warmhouse",6,6,-0.554375994257316,2,0.00653261338221299,0.0236900647818034
"percentile_latbin_OLS","q75","Northern","collection5_k1_tropical_temperate_polar","Coldhouse","Hothouse",6,4,-0.620114238981364,0,0.00710701943454103,0.0236900647818034
"percentile_latbin_OLS","q75","Northern","collection5_k1_tropical_temperate_polar","Coolhouse","Transitional",10,4,-0.395189411848206,7,0.0385499358717709,0.0642498931196182
"percentile_latbin_OLS","q75","Northern","collection5_k1_tropical_temperate_polar","Coolhouse","Warmhouse",10,6,-0.33438537428048,12,0.0288387219082096,0.0642498931196182
"percentile_latbin_OLS","q75","Northern","collection5_k1_tropical_temperate_polar","Coolhouse","Hothouse",10,4,-0.400123619004528,7,0.0385499358717709,0.0642498931196182
"percentile_latbin_OLS","q75","Northern","collection5_k1_tropical_temperate_polar","Coldhouse","Coolhouse",6,10,-0.219990619976836,14,0.046360964153696,0.0662299487909943
"percentile_latbin_OLS","q75","Northern","collection5_k1_tropical_temperate_polar","Transitional","Warmhouse",4,6,0.0608040375677257,14,0.702983829700479,0.764756788970605
"percentile_latbin_OLS","q75","Northern","collection5_k1_tropical_temperate_polar","Transitional","Hothouse",4,4,-0.00493420715632156,10,0.764756788970605,0.764756788970605
"percentile_latbin_OLS","q75","Northern","collection5_k1_tropical_temperate_polar","Warmhouse","Hothouse",6,4,-0.0657382447240473,14,0.702983829700479,0.764756788970605
"percentile_latbin_OLS","q75","Northern","collection5_k2_tropical_temperate","Coldhouse","Transitional",6,10,-0.801904806478885,1,0.00099654842792865,0.00498274213964325
"percentile_latbin_OLS","q75","Northern","collection5_k2_tropical_temperate","Coolhouse","Transitional",7,10,-0.805097174099209,2,0.000757811979620399,0.00498274213964325
"percentile_latbin_OLS","q75","Northern","collection5_k2_tropical_temperate","Coldhouse","Hothouse",6,5,-0.57952479413272,1,0.00685541503906661,0.0148509378873649
"percentile_latbin_OLS","q75","Northern","collection5_k2_tropical_temperate","Coolhouse","Warmhouse",7,6,-0.767024165810825,3,0.00620966532577613,0.0148509378873649
"percentile_latbin_OLS","q75","Northern","collection5_k2_tropical_temperate","Coolhouse","Hothouse",7,5,-0.582717161753044,2,0.00742546894368245,0.0148509378873649
"percentile_latbin_OLS","q75","Northern","collection5_k2_tropical_temperate","Coldhouse","Warmhouse",6,6,-0.763831798190502,3,0.0101202852885387,0.0168671421475646
"percentile_latbin_OLS","q75","Northern","collection5_k2_tropical_temperate","Coldhouse","Coolhouse",6,7,0.00319236762032393,24,0.691462461274013,0.978351267110348
"percentile_latbin_OLS","q75","Northern","collection5_k2_tropical_temperate","Transitional","Warmhouse",10,6,0.0380730082883837,37,0.792031186883489,0.978351267110348
"percentile_latbin_OLS","q75","Northern","collection5_k2_tropical_temperate","Transitional","Hothouse",10,5,0.222380012346165,41,0.978351267110348,0.978351267110348
"percentile_latbin_OLS","q75","Northern","collection5_k2_tropical_temperate","Warmhouse","Hothouse",6,5,0.184307004057781,24,0.958581287420597,0.978351267110348
"percentile_latbin_OLS","q75","Northern","collection5_k2_tropical_temperate_polar","Coldhouse","Transitional",3,3,-0.471346012510679,0,0.0404277991850261,0.102027846085608
"percentile_latbin_OLS","q75","Northern","collection5_k2_tropical_temperate_polar","Coolhouse","Transitional",5,3,-0.409486051059143,2,0.0680185640570718,0.102027846085608
"percentile_latbin_OLS","q75","Northern","collection5_k2_tropical_temperate_polar","Coldhouse","Coolhouse",3,5,-0.061859961451536,5,0.275492493792547,0.275492493792547
"percentile_latbin_OLS","q75","Northern","collection5_k2_tropical_temperate_polar","Coldhouse","Warmhouse",3,1,-0.62267417839206,NA,NA,NA
"percentile_latbin_OLS","q75","Northern","collection5_k2_tropical_temperate_polar","Coldhouse","Hothouse",3,1,-0.607177871080616,NA,NA,NA
"percentile_latbin_OLS","q75","Northern","collection5_k2_tropical_temperate_polar","Coolhouse","Warmhouse",5,1,-0.560814216940523,NA,NA,NA
"percentile_latbin_OLS","q75","Northern","collection5_k2_tropical_temperate_polar","Coolhouse","Hothouse",5,1,-0.54531790962908,NA,NA,NA
"percentile_latbin_OLS","q75","Northern","collection5_k2_tropical_temperate_polar","Transitional","Warmhouse",3,1,-0.15132816588138,NA,NA,NA
"percentile_latbin_OLS","q75","Northern","collection5_k2_tropical_temperate_polar","Transitional","Hothouse",3,1,-0.135831858569936,NA,NA,NA
"percentile_latbin_OLS","q75","Northern","collection5_k2_tropical_temperate_polar","Warmhouse","Hothouse",1,1,0.0154963073114438,NA,NA,NA
"percentile_latbin_OLS","q75","Northern","collection5_k3_tropical_temperate","Coldhouse","Transitional",3,5,-1.21298953184781,0,0.0184442128535249,0.101701411542594
"percentile_latbin_OLS","q75","Northern","collection5_k3_tropical_temperate","Coldhouse","Warmhouse",3,4,-0.844885996139399,0,0.0259149636089548,0.101701411542594
"percentile_latbin_OLS","q75","Northern","collection5_k3_tropical_temperate","Coldhouse","Hothouse",3,3,-0.607177871080616,0,0.0404277991850261,0.101701411542594
"percentile_latbin_OLS","q75","Northern","collection5_k3_tropical_temperate","Coolhouse","Transitional",2,5,-1.13143994289432,0,0.0406805646170377,0.101701411542594
"percentile_latbin_OLS","q75","Northern","collection5_k3_tropical_temperate","Coolhouse","Warmhouse",2,4,-0.763336407185905,0,0.0525962525600207,0.105192505120041
"percentile_latbin_OLS","q75","Northern","collection5_k3_tropical_temperate","Coolhouse","Hothouse",2,3,-0.525628282127122,0,0.0744573365893828,0.124095560982305
"percentile_latbin_OLS","q75","Northern","collection5_k3_tropical_temperate","Coldhouse","Coolhouse",3,2,-0.0815495889534936,3,0.613585003657776,0.876550005225395
"percentile_latbin_OLS","q75","Northern","collection5_k3_tropical_temperate","Transitional","Warmhouse",5,4,0.368103535708416,14,0.86482792967261,0.991463669453106
"percentile_latbin_OLS","q75","Northern","collection5_k3_tropical_temperate","Transitional","Hothouse",5,3,0.605811660767199,15,0.991463669453106,0.991463669453106
"percentile_latbin_OLS","q75","Northern","collection5_k3_tropical_temperate","Warmhouse","Hothouse",4,3,0.237708125058783,11,0.974085036391045,0.991463669453106
"percentile_latbin_OLS","q75","Northern","collection5_k3_tropical_temperate_polar","Coldhouse","Coolhouse",1,0,NA,NA,NA,NA
"percentile_latbin_OLS","q75","Northern","collection5_k3_tropical_temperate_polar","Coldhouse","Transitional",1,0,NA,NA,NA,NA
"percentile_latbin_OLS","q75","Northern","collection5_k3_tropical_temperate_polar","Coldhouse","Warmhouse",1,1,-0.62267417839206,NA,NA,NA
"percentile_latbin_OLS","q75","Northern","collection5_k3_tropical_temperate_polar","Coldhouse","Hothouse",1,1,-0.607177871080616,NA,NA,NA
"percentile_latbin_OLS","q75","Northern","collection5_k3_tropical_temperate_polar","Coolhouse","Transitional",0,0,NA,NA,NA,NA
"percentile_latbin_OLS","q75","Northern","collection5_k3_tropical_temperate_polar","Coolhouse","Warmhouse",0,1,NA,NA,NA,NA
"percentile_latbin_OLS","q75","Northern","collection5_k3_tropical_temperate_polar","Coolhouse","Hothouse",0,1,NA,NA,NA,NA
"percentile_latbin_OLS","q75","Northern","collection5_k3_tropical_temperate_polar","Transitional","Warmhouse",0,1,NA,NA,NA,NA
"percentile_latbin_OLS","q75","Northern","collection5_k3_tropical_temperate_polar","Transitional","Hothouse",0,1,NA,NA,NA,NA
"percentile_latbin_OLS","q75","Northern","collection5_k3_tropical_temperate_polar","Warmhouse","Hothouse",1,1,0.0154963073114438,NA,NA,NA
"percentile_latbin_OLS","q75","Northern","collection10_k1_tropical_temperate","Coldhouse","Warmhouse",8,8,-0.729297260483527,3,0.00138080220891374,0.00918903029435308
"percentile_latbin_OLS","q75","Northern","collection10_k1_tropical_temperate","Coldhouse","Hothouse",8,6,-0.694879577750738,1,0.00183780605887062,0.00918903029435308
"percentile_latbin_OLS","q75","Northern","collection10_k1_tropical_temperate","Coolhouse","Hothouse",12,6,-0.587201197845296,7,0.00380082073761008,0.0126694024587003
"percentile_latbin_OLS","q75","Northern","collection10_k1_tropical_temperate","Coldhouse","Transitional",8,12,-0.947844811391295,17,0.00930816017782372,0.0228475411571121
"percentile_latbin_OLS","q75","Northern","collection10_k1_tropical_temperate","Coolhouse","Warmhouse",12,8,-0.621618880578085,18,0.0114237705785561,0.0228475411571121
"percentile_latbin_OLS","q75","Northern","collection10_k1_tropical_temperate","Coolhouse","Transitional",12,12,-0.840166431485853,40,0.034482166669527,0.0574702777825451
"percentile_latbin_OLS","q75","Northern","collection10_k1_tropical_temperate","Coldhouse","Coolhouse",8,12,-0.107678379905442,35,0.167423729166337,0.23917675595191
"percentile_latbin_OLS","q75","Northern","collection10_k1_tropical_temperate","Transitional","Warmhouse",12,8,0.218547550907768,47,0.484614283419669,0.584148601749642
"percentile_latbin_OLS","q75","Northern","collection10_k1_tropical_temperate","Warmhouse","Hothouse",8,6,0.0344176827327887,24,0.525733741574678,0.584148601749642
"percentile_latbin_OLS","q75","Northern","collection10_k1_tropical_temperate","Transitional","Hothouse",12,6,0.252965233640557,39,0.628470459582408,0.628470459582408
"percentile_latbin_OLS","q75","Northern","collection10_k1_tropical_temperate_polar","Coldhouse","Warmhouse",5,4,-0.318473420956529,0,0.00998222665260803,0.0998222665260803
"percentile_latbin_OLS","q75","Northern","collection10_k1_tropical_temperate_polar","Coldhouse","Transitional",5,2,-0.327305786128159,0,0.0406805646170377,0.112060069300198
"percentile_latbin_OLS","q75","Northern","collection10_k1_tropical_temperate_polar","Coldhouse","Hothouse",5,2,-0.559913613403714,0,0.0406805646170377,0.112060069300198
"percentile_latbin_OLS","q75","Northern","collection10_k1_tropical_temperate_polar","Coolhouse","Hothouse",8,2,-0.454592875811088,1,0.0448240277200791,0.112060069300198
"percentile_latbin_OLS","q75","Northern","collection10_k1_tropical_temperate_polar","Coldhouse","Coolhouse",5,8,-0.105320737592627,11,0.106699627188181,0.213399254376363
"percentile_latbin_OLS","q75","Northern","collection10_k1_tropical_temperate_polar","Coolhouse","Warmhouse",8,4,-0.213152683363902,9,0.134803052284104,0.224671753806841
"percentile_latbin_OLS","q75","Northern","collection10_k1_tropical_temperate_polar","Coolhouse","Transitional",8,2,-0.221985048535533,4,0.180382675292251,0.257689536131787
"percentile_latbin_OLS","q75","Northern","collection10_k1_tropical_temperate_polar","Transitional","Hothouse",2,2,-0.232607827275555,1,0.349267679151669,0.436584598939587
"percentile_latbin_OLS","q75","Northern","collection10_k1_tropical_temperate_polar","Warmhouse","Hothouse",4,2,-0.241440192447186,3,0.408480660857696,0.453867400952995
"percentile_latbin_OLS","q75","Northern","collection10_k1_tropical_temperate_polar","Transitional","Warmhouse",2,4,0.00883236517163022,4,0.591519339142304,0.591519339142304
"percentile_latbin_OLS","q75","Northern","collection10_k2_tropical_temperate","Coldhouse","Warmhouse",5,5,-0.984944019162599,0,0.0060928901776724,0.0199644533052161
"percentile_latbin_OLS","q75","Northern","collection10_k2_tropical_temperate","Coldhouse","Hothouse",5,4,-0.668857354414473,0,0.00998222665260803,0.0199644533052161
"percentile_latbin_OLS","q75","Northern","collection10_k2_tropical_temperate","Coolhouse","Transitional",6,8,-1.01438414677974,5,0.00846234423422658,0.0199644533052161
"percentile_latbin_OLS","q75","Northern","collection10_k2_tropical_temperate","Coolhouse","Warmhouse",6,5,-1.07750557788731,1,0.00685541503906661,0.0199644533052161
"percentile_latbin_OLS","q75","Northern","collection10_k2_tropical_temperate","Coolhouse","Hothouse",6,4,-0.76141891313918,0,0.00710701943454103,0.0199644533052161
"percentile_latbin_OLS","q75","Northern","collection10_k2_tropical_temperate","Coldhouse","Transitional",5,8,-0.92182258805503,5,0.0168944196918348,0.028157366153058
"percentile_latbin_OLS","q75","Northern","collection10_k2_tropical_temperate","Transitional","Warmhouse",8,5,-0.0631214311075691,17,0.357196518817163,0.510280741167376
"percentile_latbin_OLS","q75","Northern","collection10_k2_tropical_temperate","Coldhouse","Coolhouse",5,6,0.0925615587247063,16,0.60790438529919,0.664437270805094
"percentile_latbin_OLS","q75","Northern","collection10_k2_tropical_temperate","Transitional","Hothouse",8,4,0.252965233640557,18,0.664437270805094,0.664437270805094
"percentile_latbin_OLS","q75","Northern","collection10_k2_tropical_temperate","Warmhouse","Hothouse",5,4,0.316086664748126,11,0.643348413060771,0.664437270805094
"percentile_latbin_OLS","q75","Northern","collection10_k2_tropical_temperate_polar","Coolhouse","Transitional",2,2,-0.275449592253035,0,0.122639058403386,0.122639058403386
"percentile_latbin_OLS","q75","Northern","collection10_k2_tropical_temperate_polar","Coldhouse","Coolhouse",1,2,-0.00253971687968435,NA,NA,NA
"percentile_latbin_OLS","q75","Northern","collection10_k2_tropical_temperate_polar","Coldhouse","Transitional",1,2,-0.277989309132719,NA,NA,NA
"percentile_latbin_OLS","q75","Northern","collection10_k2_tropical_temperate_polar","Coldhouse","Warmhouse",1,1,-0.492507911292397,NA,NA,NA
"percentile_latbin_OLS","q75","Northern","collection10_k2_tropical_temperate_polar","Coldhouse","Hothouse",1,1,-0.55092639720653,NA,NA,NA
"percentile_latbin_OLS","q75","Northern","collection10_k2_tropical_temperate_polar","Coolhouse","Warmhouse",2,1,-0.489968194412712,NA,NA,NA
"percentile_latbin_OLS","q75","Northern","collection10_k2_tropical_temperate_polar","Coolhouse","Hothouse",2,1,-0.548386680326846,NA,NA,NA
"percentile_latbin_OLS","q75","Northern","collection10_k2_tropical_temperate_polar","Transitional","Warmhouse",2,1,-0.214518602159678,NA,NA,NA
"percentile_latbin_OLS","q75","Northern","collection10_k2_tropical_temperate_polar","Transitional","Hothouse",2,1,-0.272937088073811,NA,NA,NA
"percentile_latbin_OLS","q75","Northern","collection10_k2_tropical_temperate_polar","Warmhouse","Hothouse",1,1,-0.0584184859141332,NA,NA,NA
"percentile_latbin_OLS","q75","Northern","collection10_k3_tropical_temperate","Coolhouse","Transitional",2,2,-1.17897445045156,0,0.122639058403386,0.245278116806773
"percentile_latbin_OLS","q75","Northern","collection10_k3_tropical_temperate","Coolhouse","Warmhouse",2,2,-1.49810052109305,0,0.122639058403386,0.245278116806773
"percentile_latbin_OLS","q75","Northern","collection10_k3_tropical_temperate","Coolhouse","Hothouse",2,2,-0.756025840435546,0,0.122639058403386,0.245278116806773
"percentile_latbin_OLS","q75","Northern","collection10_k3_tropical_temperate","Transitional","Warmhouse",2,2,-0.319126070641492,2,0.650732320848331,0.780878785017997
"percentile_latbin_OLS","q75","Northern","collection10_k3_tropical_temperate","Warmhouse","Hothouse",2,2,0.742074680657503,2,0.650732320848331,0.780878785017997
"percentile_latbin_OLS","q75","Northern","collection10_k3_tropical_temperate","Transitional","Hothouse",2,2,0.422948610016011,3,0.877360941596614,0.877360941596614
"percentile_latbin_OLS","q75","Northern","collection10_k3_tropical_temperate","Coldhouse","Coolhouse",1,2,-0.0536326845059099,NA,NA,NA
"percentile_latbin_OLS","q75","Northern","collection10_k3_tropical_temperate","Coldhouse","Transitional",1,2,-1.23260713495747,NA,NA,NA
"percentile_latbin_OLS","q75","Northern","collection10_k3_tropical_temperate","Coldhouse","Warmhouse",1,2,-1.55173320559896,NA,NA,NA
"percentile_latbin_OLS","q75","Northern","collection10_k3_tropical_temperate","Coldhouse","Hothouse",1,2,-0.809658524941456,NA,NA,NA
"percentile_latbin_OLS","q75","Northern","collection10_k3_tropical_temperate_polar","Coldhouse","Coolhouse",0,0,NA,NA,NA,NA
"percentile_latbin_OLS","q75","Northern","collection10_k3_tropical_temperate_polar","Coldhouse","Transitional",0,0,NA,NA,NA,NA
"percentile_latbin_OLS","q75","Northern","collection10_k3_tropical_temperate_polar","Coldhouse","Warmhouse",0,1,NA,NA,NA,NA
"percentile_latbin_OLS","q75","Northern","collection10_k3_tropical_temperate_polar","Coldhouse","Hothouse",0,0,NA,NA,NA,NA
"percentile_latbin_OLS","q75","Northern","collection10_k3_tropical_temperate_polar","Coolhouse","Transitional",0,0,NA,NA,NA,NA
"percentile_latbin_OLS","q75","Northern","collection10_k3_tropical_temperate_polar","Coolhouse","Warmhouse",0,1,NA,NA,NA,NA
"percentile_latbin_OLS","q75","Northern","collection10_k3_tropical_temperate_polar","Coolhouse","Hothouse",0,0,NA,NA,NA,NA
"percentile_latbin_OLS","q75","Northern","collection10_k3_tropical_temperate_polar","Transitional","Warmhouse",0,1,NA,NA,NA,NA
"percentile_latbin_OLS","q75","Northern","collection10_k3_tropical_temperate_polar","Transitional","Hothouse",0,0,NA,NA,NA,NA
"percentile_latbin_OLS","q75","Northern","collection10_k3_tropical_temperate_polar","Warmhouse","Hothouse",1,0,NA,NA,NA,NA
"percentile_latbin_OLS","q75","Southern","occurrence5_k1_tropical_temperate","Coldhouse","Warmhouse",9,10,-0.699064975303627,12,0.003981744603275,0.0132724820109167
"percentile_latbin_OLS","q75","Southern","occurrence5_k1_tropical_temperate","Coldhouse","Hothouse",9,11,-0.769504847374383,10,0.00152340662803682,0.0132724820109167
"percentile_latbin_OLS","q75","Southern","occurrence5_k1_tropical_temperate","Transitional","Hothouse",10,11,-0.468154610876457,15,0.0027053646797998,0.0132724820109167
"percentile_latbin_OLS","q75","Southern","occurrence5_k1_tropical_temperate","Coldhouse","Coolhouse",9,16,-0.312732821512655,34,0.0168761114779779,0.0373364159206629
"percentile_latbin_OLS","q75","Southern","occurrence5_k1_tropical_temperate","Coldhouse","Transitional",9,10,-0.301350236497926,19,0.0186682079603314,0.0373364159206629
"percentile_latbin_OLS","q75","Southern","occurrence5_k1_tropical_temperate","Transitional","Warmhouse",10,10,-0.3977147388057,26,0.0378307860719435,0.0630513101199059
"percentile_latbin_OLS","q75","Southern","occurrence5_k1_tropical_temperate","Coolhouse","Hothouse",16,11,-0.456772025861728,61,0.0954911055790571,0.136415865112939
"percentile_latbin_OLS","q75","Southern","occurrence5_k1_tropical_temperate","Warmhouse","Hothouse",10,11,-0.0704398720707562,40,0.153613185034098,0.192016481292622
"percentile_latbin_OLS","q75","Southern","occurrence5_k1_tropical_temperate","Coolhouse","Warmhouse",16,10,-0.386332153790972,73,0.365957195083229,0.406619105648032
"percentile_latbin_OLS","q75","Southern","occurrence5_k1_tropical_temperate","Coolhouse","Transitional",16,10,0.0113825850147287,91,0.72777689294839,0.72777689294839
"percentile_latbin_OLS","q75","Southern","occurrence5_k1_tropical_temperate_polar","Coolhouse","Hothouse",10,6,-0.45950177813625,6,0.00540265471928412,0.0460404014407599
"percentile_latbin_OLS","q75","Southern","occurrence5_k1_tropical_temperate_polar","Transitional","Hothouse",7,6,-0.339729189551023,4,0.00920808028815198,0.0460404014407599
"percentile_latbin_OLS","q75","Southern","occurrence5_k1_tropical_temperate_polar","Coldhouse","Hothouse",2,6,-0.314798954339345,1,0.0668072012688581,0.167018003172145
"percentile_latbin_OLS","q75","Southern","occurrence5_k1_tropical_temperate_polar","Warmhouse","Hothouse",6,6,-0.304301461908059,8,0.0641026375151958,0.167018003172145
"percentile_latbin_OLS","q75","Southern","occurrence5_k1_tropical_temperate_polar","Coolhouse","Transitional",10,7,-0.119772588585227,24,0.152753543430627,0.305507086861254
"percentile_latbin_OLS","q75","Southern","occurrence5_k1_tropical_temperate_polar","Transitional","Warmhouse",7,6,-0.0354277276429636,18,0.360492430950835,0.600820718251392
"percentile_latbin_OLS","q75","Southern","occurrence5_k1_tropical_temperate_polar","Coolhouse","Warmhouse",10,6,-0.155200316228191,28,0.435378172555822,0.621968817936889
"percentile_latbin_OLS","q75","Southern","occurrence5_k1_tropical_temperate_polar","Coldhouse","Transitional",2,7,0.0249302352116777,7,0.558191270309316,0.629093147345449
"percentile_latbin_OLS","q75","Southern","occurrence5_k1_tropical_temperate_polar","Coldhouse","Warmhouse",2,6,-0.0104974924312859,6,0.566183832610904,0.629093147345449
"percentile_latbin_OLS","q75","Southern","occurrence5_k1_tropical_temperate_polar","Coldhouse","Coolhouse",2,10,0.144702823796905,17,0.94643830037308,0.94643830037308
"percentile_latbin_OLS","q75","Southern","occurrence5_k2_tropical_temperate","Coldhouse","Hothouse",5,5,-0.89691898595054,0,0.0060928901776724,0.030464450888362
"percentile_latbin_OLS","q75","Southern","occurrence5_k2_tropical_temperate","Transitional","Hothouse",5,5,-0.71149552204289,0,0.0060928901776724,0.030464450888362
"percentile_latbin_OLS","q75","Southern","occurrence5_k2_tropical_temperate","Coldhouse","Warmhouse",5,5,-0.74701745404761,1,0.0107858739738605,0.0359529132462016
"percentile_latbin_OLS","q75","Southern","occurrence5_k2_tropical_temperate","Transitional","Warmhouse",5,5,-0.56159399013996,2,0.018356928181352,0.0458923204533801
"percentile_latbin_OLS","q75","Southern","occurrence5_k2_tropical_temperate","Coldhouse","Coolhouse",5,10,-0.327457320488464,12,0.06289321231947,0.1026229155764
"percentile_latbin_OLS","q75","Southern","occurrence5_k2_tropical_temperate","Coolhouse","Hothouse",10,5,-0.569461665462077,12,0.06289321231947,0.1026229155764
"percentile_latbin_OLS","q75","Southern","occurrence5_k2_tropical_temperate","Warmhouse","Hothouse",5,5,-0.14990153190293,5,0.0718360409034801,0.1026229155764
"percentile_latbin_OLS","q75","Southern","occurrence5_k2_tropical_temperate","Coldhouse","Transitional",5,5,-0.18542346390765,8,0.201697652446314,0.252122065557893
"percentile_latbin_OLS","q75","Southern","occurrence5_k2_tropical_temperate","Coolhouse","Warmhouse",10,5,-0.419560133559147,19,0.25027974890907,0.278088609898966
"percentile_latbin_OLS","q75","Southern","occurrence5_k2_tropical_temperate","Coolhouse","Transitional",10,5,0.142033856580814,35,0.900775348203994,0.900775348203994
"percentile_latbin_OLS","q75","Southern","occurrence5_k2_tropical_temperate_polar","Coolhouse","Hothouse",6,3,-0.442047526885919,2,0.0466449780918023,0.223372009768148
"percentile_latbin_OLS","q75","Southern","occurrence5_k2_tropical_temperate_polar","Transitional","Hothouse",2,3,-0.356531689617655,0,0.0744573365893828,0.223372009768148
"percentile_latbin_OLS","q75","Southern","occurrence5_k2_tropical_temperate_polar","Coolhouse","Warmhouse",6,4,-0.371607654815163,8,0.227772546894665,0.292471974218421
"percentile_latbin_OLS","q75","Southern","occurrence5_k2_tropical_temperate_polar","Transitional","Warmhouse",2,4,-0.286091817546899,2,0.243726645182017,0.292471974218421
"percentile_latbin_OLS","q75","Southern","occurrence5_k2_tropical_temperate_polar","Warmhouse","Hothouse",4,3,-0.0704398720707562,3,0.188379558905791,0.292471974218421
"percentile_latbin_OLS","q75","Southern","occurrence5_k2_tropical_temperate_polar","Coolhouse","Transitional",6,2,-0.0855158372682644,4,0.308537538725987,0.308537538725987
"percentile_latbin_OLS","q75","Southern","occurrence5_k2_tropical_temperate_polar","Coldhouse","Coolhouse",0,6,NA,NA,NA,NA
"percentile_latbin_OLS","q75","Southern","occurrence5_k2_tropical_temperate_polar","Coldhouse","Transitional",0,2,NA,NA,NA,NA
"percentile_latbin_OLS","q75","Southern","occurrence5_k2_tropical_temperate_polar","Coldhouse","Warmhouse",0,4,NA,NA,NA,NA
"percentile_latbin_OLS","q75","Southern","occurrence5_k2_tropical_temperate_polar","Coldhouse","Hothouse",0,3,NA,NA,NA,NA
"percentile_latbin_OLS","q75","Southern","occurrence5_k3_tropical_temperate","Coldhouse","Hothouse",2,4,-0.499483325758716,0,0.0525962525600207,0.186019613830487
"percentile_latbin_OLS","q75","Southern","occurrence5_k3_tropical_temperate","Transitional","Warmhouse",3,4,-0.613174719023123,1,0.0558058841491461,0.186019613830487
"percentile_latbin_OLS","q75","Southern","occurrence5_k3_tropical_temperate","Transitional","Hothouse",3,4,-0.647788452754812,0,0.0259149636089548,0.186019613830487
"percentile_latbin_OLS","q75","Southern","occurrence5_k3_tropical_temperate","Coldhouse","Warmhouse",2,4,-0.464869592027027,1,0.123579986605954,0.308949966514884
"percentile_latbin_OLS","q75","Southern","occurrence5_k3_tropical_temperate","Coolhouse","Hothouse",6,4,-0.430992296188349,7,0.168677825888181,0.337355651776362
"percentile_latbin_OLS","q75","Southern","occurrence5_k3_tropical_temperate","Warmhouse","Hothouse",4,4,-0.034613733731689,5,0.235243211029395,0.392072018382325
"percentile_latbin_OLS","q75","Southern","occurrence5_k3_tropical_temperate","Coldhouse","Coolhouse",2,6,-0.0684910295703677,4,0.308537538725987,0.440767912465696
"percentile_latbin_OLS","q75","Southern","occurrence5_k3_tropical_temperate","Coolhouse","Warmhouse",6,4,-0.39637856245666,11,0.457553017210253,0.571941271512816
"percentile_latbin_OLS","q75","Southern","occurrence5_k3_tropical_temperate","Coldhouse","Transitional",2,3,0.148305126996095,4,0.806761884614384,0.896402094015982
"percentile_latbin_OLS","q75","Southern","occurrence5_k3_tropical_temperate","Coolhouse","Transitional",6,3,0.216796156566463,14,0.922209826103901,0.922209826103901
"percentile_latbin_OLS","q75","Southern","occurrence5_k3_tropical_temperate_polar","Coolhouse","Warmhouse",3,2,-0.446424233204565,0,0.0744573365893828,0.111686004884074
"percentile_latbin_OLS","q75","Southern","occurrence5_k3_tropical_temperate_polar","Coolhouse","Hothouse",3,3,-0.417330897648175,0,0.0404277991850261,0.111686004884074
"percentile_latbin_OLS","q75","Southern","occurrence5_k3_tropical_temperate_polar","Warmhouse","Hothouse",2,3,0.0290933355563897,3,0.613585003657776,0.613585003657776
"percentile_latbin_OLS","q75","Southern","occurrence5_k3_tropical_temperate_polar","Coldhouse","Coolhouse",0,3,NA,NA,NA,NA
"percentile_latbin_OLS","q75","Southern","occurrence5_k3_tropical_temperate_polar","Coldhouse","Transitional",0,1,NA,NA,NA,NA
"percentile_latbin_OLS","q75","Southern","occurrence5_k3_tropical_temperate_polar","Coldhouse","Warmhouse",0,2,NA,NA,NA,NA
"percentile_latbin_OLS","q75","Southern","occurrence5_k3_tropical_temperate_polar","Coldhouse","Hothouse",0,3,NA,NA,NA,NA
"percentile_latbin_OLS","q75","Southern","occurrence5_k3_tropical_temperate_polar","Coolhouse","Transitional",3,1,-0.145749147245327,NA,NA,NA
"percentile_latbin_OLS","q75","Southern","occurrence5_k3_tropical_temperate_polar","Transitional","Warmhouse",1,2,-0.300675085959238,NA,NA,NA
"percentile_latbin_OLS","q75","Southern","occurrence5_k3_tropical_temperate_polar","Transitional","Hothouse",1,3,-0.271581750402848,NA,NA,NA
"percentile_latbin_OLS","q75","Southern","occurrence10_k1_tropical_temperate","Coldhouse","Hothouse",9,10,-0.888928077730972,0,0.000139850135093343,0.000699250675466717
"percentile_latbin_OLS","q75","Southern","occurrence10_k1_tropical_temperate","Transitional","Hothouse",9,10,-0.63307373834656,0,0.000139850135093343,0.000699250675466717
"percentile_latbin_OLS","q75","Southern","occurrence10_k1_tropical_temperate","Coldhouse","Warmhouse",9,9,-0.725692112356485,9,0.00309665908702214,0.0103221969567405
"percentile_latbin_OLS","q75","Southern","occurrence10_k1_tropical_temperate","Coldhouse","Coolhouse",9,16,-0.346148524703572,31,0.0109280045491569,0.0273200113728921
"percentile_latbin_OLS","q75","Southern","occurrence10_k1_tropical_temperate","Transitional","Warmhouse",9,9,-0.469837772972072,16,0.017034597572072,0.034069195144144
"percentile_latbin_OLS","q75","Southern","occurrence10_k1_tropical_temperate","Warmhouse","Hothouse",9,10,-0.163235965374488,21,0.0275069161769895,0.0458448602949825
"percentile_latbin_OLS","q75","Southern","occurrence10_k1_tropical_temperate","Coolhouse","Hothouse",16,10,-0.542779553027401,46,0.0387310680397185,0.0553300971995978
"percentile_latbin_OLS","q75","Southern","occurrence10_k1_tropical_temperate","Coldhouse","Transitional",9,9,-0.255854339384413,23,0.0666601077948137,0.0833251347435172
"percentile_latbin_OLS","q75","Southern","occurrence10_k1_tropical_temperate","Coolhouse","Warmhouse",16,9,-0.379543587652913,64,0.335562729194906,0.372847476883229
"percentile_latbin_OLS","q75","Southern","occurrence10_k1_tropical_temperate","Coolhouse","Transitional",16,9,0.0902941853191592,95,0.908310943755275,0.908310943755275
"percentile_latbin_OLS","q75","Southern","occurrence10_k1_tropical_temperate_polar","Transitional","Hothouse",6,5,-0.451684616442432,0,0.00405655863278289,0.0405655863278289
"percentile_latbin_OLS","q75","Southern","occurrence10_k1_tropical_temperate_polar","Coolhouse","Hothouse",9,5,-0.454430673506995,4,0.00819753592459613,0.0409876796229807
"percentile_latbin_OLS","q75","Southern","occurrence10_k1_tropical_temperate_polar","Coldhouse","Hothouse",2,5,-0.375741725113061,0,0.0406805646170377,0.135601882056792
"percentile_latbin_OLS","q75","Southern","occurrence10_k1_tropical_temperate_polar","Warmhouse","Hothouse",5,5,-0.175018007549529,5,0.0718360409034801,0.1795901022587
"percentile_latbin_OLS","q75","Southern","occurrence10_k1_tropical_temperate_polar","Transitional","Warmhouse",6,5,-0.276666608892903,11,0.261408326959544,0.522816653919089
"percentile_latbin_OLS","q75","Southern","occurrence10_k1_tropical_temperate_polar","Coldhouse","Warmhouse",2,5,-0.200723717563532,4,0.423225298438295,0.604607569197565
"percentile_latbin_OLS","q75","Southern","occurrence10_k1_tropical_temperate_polar","Coolhouse","Warmhouse",9,5,-0.279412665957466,20,0.394862910464025,0.604607569197565
"percentile_latbin_OLS","q75","Southern","occurrence10_k1_tropical_temperate_polar","Coolhouse","Transitional",9,6,-0.00274605706456288,27,0.523494302288635,0.654367877860794
"percentile_latbin_OLS","q75","Southern","occurrence10_k1_tropical_temperate_polar","Coldhouse","Coolhouse",2,9,0.0786889483939338,16,0.961450064128229,0.961450064128229
"percentile_latbin_OLS","q75","Southern","occurrence10_k1_tropical_temperate_polar","Coldhouse","Transitional",2,6,0.0759428913293709,10,0.933192798731142,0.961450064128229
"percentile_latbin_OLS","q75","Southern","occurrence10_k2_tropical_temperate","Coldhouse","Warmhouse",4,5,-0.91872141789917,0,0.00998222665260803,0.0249555666315201
"percentile_latbin_OLS","q75","Southern","occurrence10_k2_tropical_temperate","Coldhouse","Hothouse",4,5,-1.22277256349692,0,0.00998222665260803,0.0249555666315201
"percentile_latbin_OLS","q75","Southern","occurrence10_k2_tropical_temperate","Transitional","Warmhouse",5,5,-0.527958188499716,0,0.0060928901776724,0.0249555666315201
"percentile_latbin_OLS","q75","Southern","occurrence10_k2_tropical_temperate","Transitional","Hothouse",5,5,-0.832009334097464,0,0.0060928901776724,0.0249555666315201
"percentile_latbin_OLS","q75","Southern","occurrence10_k2_tropical_temperate","Coldhouse","Coolhouse",4,10,-0.521254734116845,10,0.089554596363361,0.149257660605602
"percentile_latbin_OLS","q75","Southern","occurrence10_k2_tropical_temperate","Coolhouse","Hothouse",10,5,-0.701517829380073,13,0.0794979544386508,0.149257660605602
"percentile_latbin_OLS","q75","Southern","occurrence10_k2_tropical_temperate","Warmhouse","Hothouse",5,5,-0.304051145597749,6,0.105037520393329,0.150053600561899
"percentile_latbin_OLS","q75","Southern","occurrence10_k2_tropical_temperate","Coolhouse","Warmhouse",10,5,-0.397466683782325,15,0.122311802563492,0.152889753204365
"percentile_latbin_OLS","q75","Southern","occurrence10_k2_tropical_temperate","Coldhouse","Transitional",4,5,-0.390763229399454,6,0.19563363964132,0.217370710712577
"percentile_latbin_OLS","q75","Southern","occurrence10_k2_tropical_temperate","Coolhouse","Transitional",10,5,0.130491504717391,36,0.920502045561349,0.920502045561349
"percentile_latbin_OLS","q75","Southern","occurrence10_k2_tropical_temperate_polar","Coolhouse","Warmhouse",5,3,-0.391951110722013,0,0.0184442128535249,0.0553326385605748
"percentile_latbin_OLS","q75","Southern","occurrence10_k2_tropical_temperate_polar","Coolhouse","Hothouse",5,3,-0.454430673506995,0,0.0184442128535249,0.0553326385605748
"percentile_latbin_OLS","q75","Southern","occurrence10_k2_tropical_temperate_polar","Transitional","Warmhouse",2,3,-0.351238793879727,0,0.0744573365893828,0.111686004884074
"percentile_latbin_OLS","q75","Southern","occurrence10_k2_tropical_temperate_polar","Transitional","Hothouse",2,3,-0.413718356664709,0,0.0744573365893828,0.111686004884074
"percentile_latbin_OLS","q75","Southern","occurrence10_k2_tropical_temperate_polar","Coolhouse","Transitional",5,2,-0.0407123168422857,3,0.280637918067289,0.331260291770029
"percentile_latbin_OLS","q75","Southern","occurrence10_k2_tropical_temperate_polar","Warmhouse","Hothouse",3,3,-0.0624795627849821,3,0.331260291770029,0.331260291770029
"percentile_latbin_OLS","q75","Southern","occurrence10_k2_tropical_temperate_polar","Coldhouse","Coolhouse",0,5,NA,NA,NA,NA
"percentile_latbin_OLS","q75","Southern","occurrence10_k2_tropical_temperate_polar","Coldhouse","Transitional",0,2,NA,NA,NA,NA
"percentile_latbin_OLS","q75","Southern","occurrence10_k2_tropical_temperate_polar","Coldhouse","Warmhouse",0,3,NA,NA,NA,NA
"percentile_latbin_OLS","q75","Southern","occurrence10_k2_tropical_temperate_polar","Coldhouse","Hothouse",0,3,NA,NA,NA,NA
"percentile_latbin_OLS","q75","Southern","occurrence10_k3_tropical_temperate","Transitional","Warmhouse",3,4,-0.56504704327663,0,0.0259149636089548,0.121283397555078
"percentile_latbin_OLS","q75","Southern","occurrence10_k3_tropical_temperate","Transitional","Hothouse",3,3,-0.582088471380497,0,0.0404277991850261,0.121283397555078
"percentile_latbin_OLS","q75","Southern","occurrence10_k3_tropical_temperate","Coolhouse","Warmhouse",6,4,-0.416463500781355,8,0.227772546894665,0.341658820341998
"percentile_latbin_OLS","q75","Southern","occurrence10_k3_tropical_temperate","Coolhouse","Hothouse",6,3,-0.433504928885222,5,0.18307828009703,0.341658820341998
"percentile_latbin_OLS","q75","Southern","occurrence10_k3_tropical_temperate","Warmhouse","Hothouse",4,3,-0.0170414281038669,6,0.570158102400667,0.6841897228808
"percentile_latbin_OLS","q75","Southern","occurrence10_k3_tropical_temperate","Coolhouse","Transitional",6,3,0.148583542495275,14,0.922209826103901,0.922209826103901
"percentile_latbin_OLS","q75","Southern","occurrence10_k3_tropical_temperate","Coldhouse","Coolhouse",0,6,NA,NA,NA,NA
"percentile_latbin_OLS","q75","Southern","occurrence10_k3_tropical_temperate","Coldhouse","Transitional",0,3,NA,NA,NA,NA
"percentile_latbin_OLS","q75","Southern","occurrence10_k3_tropical_temperate","Coldhouse","Warmhouse",0,4,NA,NA,NA,NA
"percentile_latbin_OLS","q75","Southern","occurrence10_k3_tropical_temperate","Coldhouse","Hothouse",0,3,NA,NA,NA,NA
"percentile_latbin_OLS","q75","Southern","occurrence10_k3_tropical_temperate_polar","Coolhouse","Warmhouse",3,2,-0.42754719176325,0,0.0744573365893828,0.111686004884074
"percentile_latbin_OLS","q75","Southern","occurrence10_k3_tropical_temperate_polar","Coolhouse","Hothouse",3,3,-0.448763259819217,0,0.0404277991850261,0.111686004884074
"percentile_latbin_OLS","q75","Southern","occurrence10_k3_tropical_temperate_polar","Warmhouse","Hothouse",2,3,-0.0212160680559674,3,0.613585003657776,0.613585003657776
"percentile_latbin_OLS","q75","Southern","occurrence10_k3_tropical_temperate_polar","Coldhouse","Coolhouse",0,3,NA,NA,NA,NA
"percentile_latbin_OLS","q75","Southern","occurrence10_k3_tropical_temperate_polar","Coldhouse","Transitional",0,1,NA,NA,NA,NA
"percentile_latbin_OLS","q75","Southern","occurrence10_k3_tropical_temperate_polar","Coldhouse","Warmhouse",0,2,NA,NA,NA,NA
"percentile_latbin_OLS","q75","Southern","occurrence10_k3_tropical_temperate_polar","Coldhouse","Hothouse",0,3,NA,NA,NA,NA
"percentile_latbin_OLS","q75","Southern","occurrence10_k3_tropical_temperate_polar","Coolhouse","Transitional",3,1,-0.0918387742085036,NA,NA,NA
"percentile_latbin_OLS","q75","Southern","occurrence10_k3_tropical_temperate_polar","Transitional","Warmhouse",1,2,-0.335708417554746,NA,NA,NA
"percentile_latbin_OLS","q75","Southern","occurrence10_k3_tropical_temperate_polar","Transitional","Hothouse",1,3,-0.356924485610713,NA,NA,NA
"percentile_latbin_OLS","q75","Southern","collection5_k1_tropical_temperate","Coldhouse","Hothouse",9,9,-0.737266735632849,8,0.00235909936405751,0.0235909936405751
"percentile_latbin_OLS","q75","Southern","collection5_k1_tropical_temperate","Coldhouse","Warmhouse",9,7,-0.561113062541945,9,0.00993676784541088,0.0496838392270544
"percentile_latbin_OLS","q75","Southern","collection5_k1_tropical_temperate","Coldhouse","Coolhouse",9,16,-0.286804063630023,37,0.02539926036942,0.055013832353979
"percentile_latbin_OLS","q75","Southern","collection5_k1_tropical_temperate","Coldhouse","Transitional",9,10,-0.295560113415589,21,0.0275069161769895,0.055013832353979
"percentile_latbin_OLS","q75","Southern","collection5_k1_tropical_temperate","Transitional","Hothouse",10,9,-0.44170662221726,21,0.0275069161769895,0.055013832353979
"percentile_latbin_OLS","q75","Southern","collection5_k1_tropical_temperate","Transitional","Warmhouse",10,7,-0.265552949126357,23,0.130870623095178,0.218117705158631
"percentile_latbin_OLS","q75","Southern","collection5_k1_tropical_temperate","Coolhouse","Hothouse",16,9,-0.450462672002825,55,0.175118792409497,0.218898490511871
"percentile_latbin_OLS","q75","Southern","collection5_k1_tropical_temperate","Warmhouse","Hothouse",7,9,-0.176153673090903,22,0.170380923857046,0.218898490511871
"percentile_latbin_OLS","q75","Southern","collection5_k1_tropical_temperate","Coolhouse","Warmhouse",16,7,-0.274308998911922,48,0.308145155687049,0.342383506318943
"percentile_latbin_OLS","q75","Southern","collection5_k1_tropical_temperate","Coolhouse","Transitional",16,10,-0.00875604978556549,87,0.65368360797902,0.65368360797902
"percentile_latbin_OLS","q75","Southern","collection5_k1_tropical_temperate_polar","Transitional","Hothouse",7,4,-0.559133026440316,0,0.0053667080514986,0.053667080514986
"percentile_latbin_OLS","q75","Southern","collection5_k1_tropical_temperate_polar","Coolhouse","Hothouse",9,4,-0.599945391202369,3,0.0126301508160062,0.0631507540800311
"percentile_latbin_OLS","q75","Southern","collection5_k1_tropical_temperate_polar","Coldhouse","Hothouse",2,4,-0.46956251724695,0,0.0525962525600207,0.175320841866736
"percentile_latbin_OLS","q75","Southern","collection5_k1_tropical_temperate_polar","Transitional","Warmhouse",7,4,-0.331799750520321,7,0.109651324839659,0.219302649679319
"percentile_latbin_OLS","q75","Southern","collection5_k1_tropical_temperate_polar","Warmhouse","Hothouse",4,4,-0.227333275919994,3,0.0969654261412053,0.219302649679319
"percentile_latbin_OLS","q75","Southern","collection5_k1_tropical_temperate_polar","Coolhouse","Warmhouse",9,4,-0.372612115282375,11,0.157937239915245,0.263228733192075
"percentile_latbin_OLS","q75","Southern","collection5_k1_tropical_temperate_polar","Coldhouse","Warmhouse",2,4,-0.242229241326956,2,0.243726645182017,0.348180921688596
"percentile_latbin_OLS","q75","Southern","collection5_k1_tropical_temperate_polar","Coolhouse","Transitional",9,7,-0.0408123647620534,28,0.3754117594495,0.469264699311876
"percentile_latbin_OLS","q75","Southern","collection5_k1_tropical_temperate_polar","Coldhouse","Transitional",2,7,0.0895705091933653,9,0.767892843614484,0.85321427068276
"percentile_latbin_OLS","q75","Southern","collection5_k1_tropical_temperate_polar","Coldhouse","Coolhouse",2,9,0.130382873955419,15,0.937246764281266,0.937246764281266
"percentile_latbin_OLS","q75","Southern","collection5_k2_tropical_temperate","Coldhouse","Coolhouse",3,8,-0.804632282790915,4,0.06289321231947,0.157233030798675
"percentile_latbin_OLS","q75","Southern","collection5_k2_tropical_temperate","Coldhouse","Warmhouse",3,4,-1.2250961236452,1,0.0558058841491461,0.157233030798675
"percentile_latbin_OLS","q75","Southern","collection5_k2_tropical_temperate","Coldhouse","Hothouse",3,5,-1.37029184651316,0,0.0184442128535249,0.157233030798675
"percentile_latbin_OLS","q75","Southern","collection5_k2_tropical_temperate","Transitional","Hothouse",5,5,-0.635859916933229,4,0.047346471299738,0.157233030798675
"percentile_latbin_OLS","q75","Southern","collection5_k2_tropical_temperate","Transitional","Warmhouse",5,4,-0.490664194065266,4,0.0889547974934913,0.177909594986983
"percentile_latbin_OLS","q75","Southern","collection5_k2_tropical_temperate","Coldhouse","Transitional",3,5,-0.734431929579929,3,0.116518991136953,0.194198318561588
"percentile_latbin_OLS","q75","Southern","collection5_k2_tropical_temperate","Coolhouse","Hothouse",8,5,-0.565659563722243,14,0.210375921683466,0.30053703097638
"percentile_latbin_OLS","q75","Southern","collection5_k2_tropical_temperate","Coolhouse","Warmhouse",8,4,-0.42046384085428,12,0.276107111017075,0.306785678907861
"percentile_latbin_OLS","q75","Southern","collection5_k2_tropical_temperate","Warmhouse","Hothouse",4,5,-0.145195722867963,7,0.27014568730371,0.306785678907861
"percentile_latbin_OLS","q75","Southern","collection5_k2_tropical_temperate","Coolhouse","Transitional",8,5,0.0702003532109858,26,0.82932534302262,0.82932534302262
"percentile_latbin_OLS","q75","Southern","collection5_k2_tropical_temperate_polar","Coolhouse","Warmhouse",4,2,-0.500207793277165,0,0.0525962525600207,0.148914673178766
"percentile_latbin_OLS","q75","Southern","collection5_k2_tropical_temperate_polar","Coolhouse","Hothouse",4,3,-0.489677310682845,0,0.0259149636089548,0.148914673178766
"percentile_latbin_OLS","q75","Southern","collection5_k2_tropical_temperate_polar","Transitional","Hothouse",2,3,-0.37497677594396,0,0.0744573365893828,0.148914673178766
"percentile_latbin_OLS","q75","Southern","collection5_k2_tropical_temperate_polar","Transitional","Warmhouse",2,2,-0.38550725853828,0,0.122639058403386,0.18395858760508
"percentile_latbin_OLS","q75","Southern","collection5_k2_tropical_temperate_polar","Coolhouse","Transitional",4,2,-0.114700534738884,2,0.243726645182017,0.292471974218421
"percentile_latbin_OLS","q75","Southern","collection5_k2_tropical_temperate_polar","Warmhouse","Hothouse",2,3,0.0105304825943202,3,0.613585003657776,0.613585003657776
"percentile_latbin_OLS","q75","Southern","collection5_k2_tropical_temperate_polar","Coldhouse","Coolhouse",0,4,NA,NA,NA,NA
"percentile_latbin_OLS","q75","Southern","collection5_k2_tropical_temperate_polar","Coldhouse","Transitional",0,2,NA,NA,NA,NA
"percentile_latbin_OLS","q75","Southern","collection5_k2_tropical_temperate_polar","Coldhouse","Warmhouse",0,2,NA,NA,NA,NA
"percentile_latbin_OLS","q75","Southern","collection5_k2_tropical_temperate_polar","Coldhouse","Hothouse",0,3,NA,NA,NA,NA
"percentile_latbin_OLS","q75","Southern","collection5_k3_tropical_temperate","Coolhouse","Warmhouse",4,4,-0.500207793277165,1,0.030300984856003,0.157788757680062
"percentile_latbin_OLS","q75","Southern","collection5_k3_tropical_temperate","Coolhouse","Hothouse",4,2,-0.425990488916649,0,0.0525962525600207,0.157788757680062
"percentile_latbin_OLS","q75","Southern","collection5_k3_tropical_temperate","Coolhouse","Transitional",4,3,-0.21985747026587,4,0.297941545282589,0.446912317923883
"percentile_latbin_OLS","q75","Southern","collection5_k3_tropical_temperate","Transitional","Warmhouse",3,4,-0.280350323011295,4,0.297941545282589,0.446912317923883
"percentile_latbin_OLS","q75","Southern","collection5_k3_tropical_temperate","Transitional","Hothouse",3,2,-0.206133018650779,2,0.386414996342224,0.463697995610668
"percentile_latbin_OLS","q75","Southern","collection5_k3_tropical_temperate","Warmhouse","Hothouse",4,2,0.0742173043605162,5,0.756273354817983,0.756273354817983
"percentile_latbin_OLS","q75","Southern","collection5_k3_tropical_temperate","Coldhouse","Coolhouse",0,4,NA,NA,NA,NA
"percentile_latbin_OLS","q75","Southern","collection5_k3_tropical_temperate","Coldhouse","Transitional",0,3,NA,NA,NA,NA
"percentile_latbin_OLS","q75","Southern","collection5_k3_tropical_temperate","Coldhouse","Warmhouse",0,4,NA,NA,NA,NA
"percentile_latbin_OLS","q75","Southern","collection5_k3_tropical_temperate","Coldhouse","Hothouse",0,2,NA,NA,NA,NA
"percentile_latbin_OLS","q75","Southern","collection5_k3_tropical_temperate_polar","Coolhouse","Warmhouse",3,2,-0.468939027727011,0,0.0744573365893828,0.0744573365893828
"percentile_latbin_OLS","q75","Southern","collection5_k3_tropical_temperate_polar","Coldhouse","Coolhouse",0,3,NA,NA,NA,NA
"percentile_latbin_OLS","q75","Southern","collection5_k3_tropical_temperate_polar","Coldhouse","Transitional",0,1,NA,NA,NA,NA
"percentile_latbin_OLS","q75","Southern","collection5_k3_tropical_temperate_polar","Coldhouse","Warmhouse",0,2,NA,NA,NA,NA
"percentile_latbin_OLS","q75","Southern","collection5_k3_tropical_temperate_polar","Coldhouse","Hothouse",0,1,NA,NA,NA,NA
"percentile_latbin_OLS","q75","Southern","collection5_k3_tropical_temperate_polar","Coolhouse","Transitional",3,1,-0.188588704715715,NA,NA,NA
"percentile_latbin_OLS","q75","Southern","collection5_k3_tropical_temperate_polar","Coolhouse","Hothouse",3,1,-0.331034901600298,NA,NA,NA
"percentile_latbin_OLS","q75","Southern","collection5_k3_tropical_temperate_polar","Transitional","Warmhouse",1,2,-0.280350323011295,NA,NA,NA
"percentile_latbin_OLS","q75","Southern","collection5_k3_tropical_temperate_polar","Transitional","Hothouse",1,1,-0.142446196884583,NA,NA,NA
"percentile_latbin_OLS","q75","Southern","collection5_k3_tropical_temperate_polar","Warmhouse","Hothouse",2,1,0.137904126126712,NA,NA,NA
"percentile_latbin_OLS","q75","Southern","collection10_k1_tropical_temperate","Coldhouse","Warmhouse",5,6,-1.17516333775673,1,0.00685541503906661,0.0228513834635554
"percentile_latbin_OLS","q75","Southern","collection10_k1_tropical_temperate","Coldhouse","Hothouse",5,7,-1.45187247511385,0,0.00288306045711863,0.0228513834635554
"percentile_latbin_OLS","q75","Southern","collection10_k1_tropical_temperate","Transitional","Hothouse",8,7,-0.62367801799118,5,0.00460889867352746,0.0228513834635554
"percentile_latbin_OLS","q75","Southern","collection10_k1_tropical_temperate","Coldhouse","Coolhouse",5,12,-0.872637109500407,12,0.0325433632463834,0.067277960538349
"percentile_latbin_OLS","q75","Southern","collection10_k1_tropical_temperate","Coldhouse","Transitional",5,8,-0.828194457122667,7,0.0336389802691745,0.067277960538349
"percentile_latbin_OLS","q75","Southern","collection10_k1_tropical_temperate","Coolhouse","Hothouse",12,7,-0.57923536561344,23,0.0589633613705719,0.0835090015860726
"percentile_latbin_OLS","q75","Southern","collection10_k1_tropical_temperate","Transitional","Warmhouse",8,6,-0.346968880634062,11,0.0532915847874438,0.0835090015860726
"percentile_latbin_OLS","q75","Southern","collection10_k1_tropical_temperate","Warmhouse","Hothouse",6,7,-0.276709137357118,10,0.0668072012688581,0.0835090015860726
"percentile_latbin_OLS","q75","Southern","collection10_k1_tropical_temperate","Coolhouse","Warmhouse",12,6,-0.302526228256321,28,0.241202603583113,0.268002892870125
"percentile_latbin_OLS","q75","Southern","collection10_k1_tropical_temperate","Coolhouse","Transitional",12,8,0.0444426523777407,55,0.718583123041337,0.718583123041337
"percentile_latbin_OLS","q75","Southern","collection10_k1_tropical_temperate_polar","Coolhouse","Hothouse",4,3,-0.700129749200844,0,0.0259149636089548,0.0777448908268645
"percentile_latbin_OLS","q75","Southern","collection10_k1_tropical_temperate_polar","Transitional","Hothouse",5,3,-0.696959386965837,0,0.0184442128535249,0.0777448908268645
"percentile_latbin_OLS","q75","Southern","collection10_k1_tropical_temperate_polar","Coolhouse","Warmhouse",4,4,-0.423420611843726,2,0.056175598845232,0.0842633982678479
"percentile_latbin_OLS","q75","Southern","collection10_k1_tropical_temperate_polar","Transitional","Warmhouse",5,4,-0.420250249608718,3,0.0556734432665702,0.0842633982678479
"percentile_latbin_OLS","q75","Southern","collection10_k1_tropical_temperate_polar","Warmhouse","Hothouse",4,3,-0.276709137357118,2,0.10796246947007,0.129554963364084
"percentile_latbin_OLS","q75","Southern","collection10_k1_tropical_temperate_polar","Coolhouse","Transitional",4,5,-0.00317036223500738,8,0.356651586939229,0.356651586939229
"percentile_latbin_OLS","q75","Southern","collection10_k1_tropical_temperate_polar","Coldhouse","Coolhouse",1,4,0.252504053761458,NA,NA,NA
"percentile_latbin_OLS","q75","Southern","collection10_k1_tropical_temperate_polar","Coldhouse","Transitional",1,5,0.249333691526451,NA,NA,NA
"percentile_latbin_OLS","q75","Southern","collection10_k1_tropical_temperate_polar","Coldhouse","Warmhouse",1,4,-0.170916558082267,NA,NA,NA
"percentile_latbin_OLS","q75","Southern","collection10_k1_tropical_temperate_polar","Coldhouse","Hothouse",1,3,-0.447625695439386,NA,NA,NA
"percentile_latbin_OLS","q75","Southern","collection10_k2_tropical_temperate","Coolhouse","Warmhouse",3,4,-0.484185070860721,0,0.0259149636089548,0.0606416987775392
"percentile_latbin_OLS","q75","Southern","collection10_k2_tropical_temperate","Coolhouse","Hothouse",3,3,-0.595059474355436,0,0.0404277991850261,0.0606416987775392
"percentile_latbin_OLS","q75","Southern","collection10_k2_tropical_temperate","Transitional","Warmhouse",5,4,-0.586084983471122,2,0.0330962898610967,0.0606416987775392
"percentile_latbin_OLS","q75","Southern","collection10_k2_tropical_temperate","Transitional","Hothouse",5,3,-0.696959386965837,1,0.0368191350601513,0.0606416987775392
"percentile_latbin_OLS","q75","Southern","collection10_k2_tropical_temperate","Warmhouse","Hothouse",4,3,-0.110874403494714,4,0.297941545282589,0.357529854339107
"percentile_latbin_OLS","q75","Southern","collection10_k2_tropical_temperate","Coolhouse","Transitional",3,5,0.101899912610401,9,0.724507506207453,0.724507506207453
"percentile_latbin_OLS","q75","Southern","collection10_k2_tropical_temperate","Coldhouse","Coolhouse",1,3,-0.760676026990701,NA,NA,NA
"percentile_latbin_OLS","q75","Southern","collection10_k2_tropical_temperate","Coldhouse","Transitional",1,5,-0.6587761143803,NA,NA,NA
"percentile_latbin_OLS","q75","Southern","collection10_k2_tropical_temperate","Coldhouse","Warmhouse",1,4,-1.24486109785142,NA,NA,NA
"percentile_latbin_OLS","q75","Southern","collection10_k2_tropical_temperate","Coldhouse","Hothouse",1,3,-1.35573550134614,NA,NA,NA
"percentile_latbin_OLS","q75","Southern","collection10_k2_tropical_temperate_polar","Coolhouse","Warmhouse",2,2,-0.484190442969459,0,0.122639058403386,0.18395858760508
"percentile_latbin_OLS","q75","Southern","collection10_k2_tropical_temperate_polar","Coolhouse","Hothouse",2,3,-0.595064846464173,0,0.0744573365893828,0.18395858760508
"percentile_latbin_OLS","q75","Southern","collection10_k2_tropical_temperate_polar","Warmhouse","Hothouse",2,3,-0.110874403494714,2,0.386414996342224,0.386414996342224
"percentile_latbin_OLS","q75","Southern","collection10_k2_tropical_temperate_polar","Coldhouse","Coolhouse",0,2,NA,NA,NA,NA
"percentile_latbin_OLS","q75","Southern","collection10_k2_tropical_temperate_polar","Coldhouse","Transitional",0,1,NA,NA,NA,NA
"percentile_latbin_OLS","q75","Southern","collection10_k2_tropical_temperate_polar","Coldhouse","Warmhouse",0,2,NA,NA,NA,NA
"percentile_latbin_OLS","q75","Southern","collection10_k2_tropical_temperate_polar","Coldhouse","Hothouse",0,3,NA,NA,NA,NA
"percentile_latbin_OLS","q75","Southern","collection10_k2_tropical_temperate_polar","Coolhouse","Transitional",2,1,0.101894540501664,NA,NA,NA
"percentile_latbin_OLS","q75","Southern","collection10_k2_tropical_temperate_polar","Transitional","Warmhouse",1,2,-0.586084983471122,NA,NA,NA
"percentile_latbin_OLS","q75","Southern","collection10_k2_tropical_temperate_polar","Transitional","Hothouse",1,3,-0.696959386965837,NA,NA,NA
"percentile_latbin_OLS","q75","Southern","collection10_k3_tropical_temperate","Warmhouse","Hothouse",4,2,-0.0234239997143287,4,0.591519339142304,0.591519339142304
"percentile_latbin_OLS","q75","Southern","collection10_k3_tropical_temperate","Coldhouse","Coolhouse",0,0,NA,NA,NA,NA
"percentile_latbin_OLS","q75","Southern","collection10_k3_tropical_temperate","Coldhouse","Transitional",0,1,NA,NA,NA,NA
"percentile_latbin_OLS","q75","Southern","collection10_k3_tropical_temperate","Coldhouse","Warmhouse",0,4,NA,NA,NA,NA
"percentile_latbin_OLS","q75","Southern","collection10_k3_tropical_temperate","Coldhouse","Hothouse",0,2,NA,NA,NA,NA
"percentile_latbin_OLS","q75","Southern","collection10_k3_tropical_temperate","Coolhouse","Transitional",0,1,NA,NA,NA,NA
"percentile_latbin_OLS","q75","Southern","collection10_k3_tropical_temperate","Coolhouse","Warmhouse",0,4,NA,NA,NA,NA
"percentile_latbin_OLS","q75","Southern","collection10_k3_tropical_temperate","Coolhouse","Hothouse",0,2,NA,NA,NA,NA
"percentile_latbin_OLS","q75","Southern","collection10_k3_tropical_temperate","Transitional","Warmhouse",1,4,-0.378519008896128,NA,NA,NA
"percentile_latbin_OLS","q75","Southern","collection10_k3_tropical_temperate","Transitional","Hothouse",1,2,-0.401943008610457,NA,NA,NA
"percentile_latbin_OLS","q75","Southern","collection10_k3_tropical_temperate_polar","Coldhouse","Coolhouse",0,0,NA,NA,NA,NA
"percentile_latbin_OLS","q75","Southern","collection10_k3_tropical_temperate_polar","Coldhouse","Transitional",0,0,NA,NA,NA,NA
"percentile_latbin_OLS","q75","Southern","collection10_k3_tropical_temperate_polar","Coldhouse","Warmhouse",0,1,NA,NA,NA,NA
"percentile_latbin_OLS","q75","Southern","collection10_k3_tropical_temperate_polar","Coldhouse","Hothouse",0,1,NA,NA,NA,NA
"percentile_latbin_OLS","q75","Southern","collection10_k3_tropical_temperate_polar","Coolhouse","Transitional",0,0,NA,NA,NA,NA
"percentile_latbin_OLS","q75","Southern","collection10_k3_tropical_temperate_polar","Coolhouse","Warmhouse",0,1,NA,NA,NA,NA
"percentile_latbin_OLS","q75","Southern","collection10_k3_tropical_temperate_polar","Coolhouse","Hothouse",0,1,NA,NA,NA,NA
"percentile_latbin_OLS","q75","Southern","collection10_k3_tropical_temperate_polar","Transitional","Warmhouse",0,1,NA,NA,NA,NA
"percentile_latbin_OLS","q75","Southern","collection10_k3_tropical_temperate_polar","Transitional","Hothouse",0,1,NA,NA,NA,NA
"percentile_latbin_OLS","q75","Southern","collection10_k3_tropical_temperate_polar","Warmhouse","Hothouse",1,1,-0.274040381811771,NA,NA,NA
"percentile_latbin_OLS","q90","Combined","occurrence5_k1_tropical_temperate","Coldhouse","Warmhouse",21,19,-0.720717341826745,45,1.51679098048539e-05,0.000151679098048539
"percentile_latbin_OLS","q90","Combined","occurrence5_k1_tropical_temperate","Coldhouse","Transitional",21,25,-0.459974101260434,96,0.000125738776554712,0.000419129255182374
"percentile_latbin_OLS","q90","Combined","occurrence5_k1_tropical_temperate","Coldhouse","Hothouse",21,22,-0.635176913648026,77,9.59265704941056e-05,0.000419129255182374
"percentile_latbin_OLS","q90","Combined","occurrence5_k1_tropical_temperate","Coolhouse","Warmhouse",31,19,-0.498958403328816,161,0.00392711576682722,0.00981778941706805
"percentile_latbin_OLS","q90","Combined","occurrence5_k1_tropical_temperate","Coldhouse","Coolhouse",21,31,-0.221758938497929,202,0.0108992105821109,0.0181653509701848
"percentile_latbin_OLS","q90","Combined","occurrence5_k1_tropical_temperate","Coolhouse","Hothouse",31,22,-0.413417975150097,211,0.00970384668343317,0.0181653509701848
"percentile_latbin_OLS","q90","Combined","occurrence5_k1_tropical_temperate","Coolhouse","Transitional",31,25,-0.238215162762505,268,0.0249206295000464,0.0356008992857805
"percentile_latbin_OLS","q90","Combined","occurrence5_k1_tropical_temperate","Transitional","Warmhouse",25,19,-0.260743240566311,180,0.088418941310733,0.110523676638416
"percentile_latbin_OLS","q90","Combined","occurrence5_k1_tropical_temperate","Transitional","Hothouse",25,22,-0.175202812387592,226,0.150562594633545,0.16729177181505
"percentile_latbin_OLS","q90","Combined","occurrence5_k1_tropical_temperate","Warmhouse","Hothouse",19,22,0.0855404281787187,231,0.721817031005373,0.721817031005373
"percentile_latbin_OLS","q90","Combined","occurrence5_k1_tropical_temperate_polar","Coldhouse","Hothouse",8,10,-0.729561606553742,3,0.000591162551689301,0.00295581275844651
"percentile_latbin_OLS","q90","Combined","occurrence5_k1_tropical_temperate_polar","Coolhouse","Hothouse",20,10,-0.474860081833327,23,0.000381954318513736,0.00295581275844651
"percentile_latbin_OLS","q90","Combined","occurrence5_k1_tropical_temperate_polar","Coldhouse","Transitional",8,14,-0.508283655552713,14,0.00230947279150408,0.00769824263834692
"percentile_latbin_OLS","q90","Combined","occurrence5_k1_tropical_temperate_polar","Coldhouse","Warmhouse",8,12,-0.624334222221825,17,0.00930816017782372,0.0219043422659825
"percentile_latbin_OLS","q90","Combined","occurrence5_k1_tropical_temperate_polar","Coolhouse","Transitional",20,14,-0.253582130832298,74,0.0109521711329912,0.0219043422659825
"percentile_latbin_OLS","q90","Combined","occurrence5_k1_tropical_temperate_polar","Transitional","Hothouse",14,10,-0.221277951001029,33,0.0162900038937512,0.0271500064895853
"percentile_latbin_OLS","q90","Combined","occurrence5_k1_tropical_temperate_polar","Coldhouse","Coolhouse",8,20,-0.254701524720415,41,0.0251203829880527,0.0337540273200531
"percentile_latbin_OLS","q90","Combined","occurrence5_k1_tropical_temperate_polar","Coolhouse","Warmhouse",20,12,-0.369632697501409,70,0.0270032218560425,0.0337540273200531
"percentile_latbin_OLS","q90","Combined","occurrence5_k1_tropical_temperate_polar","Warmhouse","Hothouse",12,10,-0.105227384331918,44,0.153381047471202,0.170423386079113
"percentile_latbin_OLS","q90","Combined","occurrence5_k1_tropical_temperate_polar","Transitional","Warmhouse",14,12,-0.116050566669111,71,0.26013455833152,0.26013455833152
"percentile_latbin_OLS","q90","Combined","occurrence5_k2_tropical_temperate","Coldhouse","Hothouse",12,11,-0.733483177012932,0,2.77409284793246e-05,0.000277409284793246
"percentile_latbin_OLS","q90","Combined","occurrence5_k2_tropical_temperate","Coldhouse","Warmhouse",12,13,-0.788129829517735,9,9.73063791946394e-05,0.000486531895973197
"percentile_latbin_OLS","q90","Combined","occurrence5_k2_tropical_temperate","Coldhouse","Transitional",12,15,-0.527386588951424,23,0.000587525926542254,0.00195841975514085
"percentile_latbin_OLS","q90","Combined","occurrence5_k2_tropical_temperate","Coolhouse","Hothouse",20,11,-0.468715959052239,34,0.000913186704730725,0.00228296676182681
"percentile_latbin_OLS","q90","Combined","occurrence5_k2_tropical_temperate","Coolhouse","Warmhouse",20,13,-0.523362611557042,60,0.00522390966544048,0.010447819330881
"percentile_latbin_OLS","q90","Combined","occurrence5_k2_tropical_temperate","Coldhouse","Coolhouse",12,20,-0.264767217960693,58,0.00833550440187772,0.0138925073364629
"percentile_latbin_OLS","q90","Combined","occurrence5_k2_tropical_temperate","Coolhouse","Transitional",20,15,-0.262619370990731,96,0.0372660291858424,0.0532371845512034
"percentile_latbin_OLS","q90","Combined","occurrence5_k2_tropical_temperate","Transitional","Hothouse",15,11,-0.206096588061508,59,0.116297987009336,0.14537248376167
"percentile_latbin_OLS","q90","Combined","occurrence5_k2_tropical_temperate","Transitional","Warmhouse",15,13,-0.260743240566311,87,0.322523632342894,0.358359591492105
"percentile_latbin_OLS","q90","Combined","occurrence5_k2_tropical_temperate","Warmhouse","Hothouse",13,11,0.0546466525048025,70,0.476899586270759,0.476899586270759
"percentile_latbin_OLS","q90","Combined","occurrence5_k2_tropical_temperate_polar","Coldhouse","Coolhouse",3,13,-0.245472632073813,3,0.0156769151799135,0.0280677166173231
"percentile_latbin_OLS","q90","Combined","occurrence5_k2_tropical_temperate_polar","Coldhouse","Transitional",3,5,-0.361520988713112,0,0.0184442128535249,0.0280677166173231
"percentile_latbin_OLS","q90","Combined","occurrence5_k2_tropical_temperate_polar","Coldhouse","Warmhouse",3,6,-0.618802443171628,0,0.0140929010739537,0.0280677166173231
"percentile_latbin_OLS","q90","Combined","occurrence5_k2_tropical_temperate_polar","Coldhouse","Hothouse",3,5,-0.644368036332186,0,0.0184442128535249,0.0280677166173231
"percentile_latbin_OLS","q90","Combined","occurrence5_k2_tropical_temperate_polar","Coolhouse","Warmhouse",13,6,-0.373329811097815,15,0.0196474016321262,0.0280677166173231
"percentile_latbin_OLS","q90","Combined","occurrence5_k2_tropical_temperate_polar","Coolhouse","Hothouse",13,5,-0.398895404258373,6,0.00519020016273012,0.0280677166173231
"percentile_latbin_OLS","q90","Combined","occurrence5_k2_tropical_temperate_polar","Transitional","Hothouse",5,5,-0.282847047619074,2,0.018356928181352,0.0280677166173231
"percentile_latbin_OLS","q90","Combined","occurrence5_k2_tropical_temperate_polar","Coolhouse","Transitional",13,5,-0.116048356639299,18,0.0837903416076742,0.104737927009593
"percentile_latbin_OLS","q90","Combined","occurrence5_k2_tropical_temperate_polar","Transitional","Warmhouse",5,6,-0.257281454458515,8,0.117666633254793,0.130740703616437
"percentile_latbin_OLS","q90","Combined","occurrence5_k2_tropical_temperate_polar","Warmhouse","Hothouse",6,5,-0.0255655931605587,11,0.261408326959544,0.261408326959544
"percentile_latbin_OLS","q90","Combined","occurrence5_k3_tropical_temperate","Coldhouse","Warmhouse",5,10,-0.798721120012152,1,0.0020000715903473,0.0144153022855932
"percentile_latbin_OLS","q90","Combined","occurrence5_k3_tropical_temperate","Coldhouse","Hothouse",5,7,-0.643369678117958,0,0.00288306045711863,0.0144153022855932
"percentile_latbin_OLS","q90","Combined","occurrence5_k3_tropical_temperate","Coldhouse","Transitional",5,9,-0.614102377388953,10,0.054799291699558,0.109598583399116
"percentile_latbin_OLS","q90","Combined","occurrence5_k3_tropical_temperate","Coolhouse","Warmhouse",8,10,-0.530163575788045,21,0.050112052808869,0.109598583399116
"percentile_latbin_OLS","q90","Combined","occurrence5_k3_tropical_temperate","Coolhouse","Hothouse",8,7,-0.37481213389385,12,0.036424429160496,0.109598583399116
"percentile_latbin_OLS","q90","Combined","occurrence5_k3_tropical_temperate","Coldhouse","Coolhouse",5,8,-0.268557544224107,10,0.0821646397690332,0.136941066281722
"percentile_latbin_OLS","q90","Combined","occurrence5_k3_tropical_temperate","Coolhouse","Transitional",8,9,-0.345544833164846,26,0.180322188074469,0.25760312582067
"percentile_latbin_OLS","q90","Combined","occurrence5_k3_tropical_temperate","Transitional","Hothouse",9,7,-0.0292673007290049,25,0.262679202233121,0.328349002791401
"percentile_latbin_OLS","q90","Combined","occurrence5_k3_tropical_temperate","Transitional","Warmhouse",9,10,-0.184618742623199,41,0.387525686835041,0.430584096483379
"percentile_latbin_OLS","q90","Combined","occurrence5_k3_tropical_temperate","Warmhouse","Hothouse",10,7,0.155351441894194,37,0.596374916033996,0.596374916033996
"percentile_latbin_OLS","q90","Combined","occurrence5_k3_tropical_temperate_polar","Coolhouse","Warmhouse",3,4,-0.318043410932957,0,0.0259149636089548,0.0777448908268645
"percentile_latbin_OLS","q90","Combined","occurrence5_k3_tropical_temperate_polar","Coolhouse","Hothouse",3,4,-0.462938849100516,0,0.0259149636089548,0.0777448908268645
"percentile_latbin_OLS","q90","Combined","occurrence5_k3_tropical_temperate_polar","Coolhouse","Transitional",3,2,-0.173882421248224,0,0.0744573365893828,0.148914673178766
"percentile_latbin_OLS","q90","Combined","occurrence5_k3_tropical_temperate_polar","Transitional","Hothouse",2,4,-0.289056427852291,1,0.123579986605954,0.18536997990893
"percentile_latbin_OLS","q90","Combined","occurrence5_k3_tropical_temperate_polar","Transitional","Warmhouse",2,4,-0.144160989684732,2,0.243726645182017,0.243726645182017
"percentile_latbin_OLS","q90","Combined","occurrence5_k3_tropical_temperate_polar","Warmhouse","Hothouse",4,4,-0.144895438167559,5,0.235243211029395,0.243726645182017
"percentile_latbin_OLS","q90","Combined","occurrence5_k3_tropical_temperate_polar","Coldhouse","Coolhouse",1,3,-0.306500326660006,NA,NA,NA
"percentile_latbin_OLS","q90","Combined","occurrence5_k3_tropical_temperate_polar","Coldhouse","Transitional",1,2,-0.48038274790823,NA,NA,NA
"percentile_latbin_OLS","q90","Combined","occurrence5_k3_tropical_temperate_polar","Coldhouse","Warmhouse",1,4,-0.624543737592963,NA,NA,NA
"percentile_latbin_OLS","q90","Combined","occurrence5_k3_tropical_temperate_polar","Coldhouse","Hothouse",1,4,-0.769439175760522,NA,NA,NA
"percentile_latbin_OLS","q90","Combined","occurrence10_k1_tropical_temperate","Coldhouse","Hothouse",21,19,-0.748048614010191,35,4.46108903377689e-06,4.46108903377689e-05
"percentile_latbin_OLS","q90","Combined","occurrence10_k1_tropical_temperate","Coldhouse","Warmhouse",21,17,-0.664335480825783,42,3.26671071016056e-05,0.000163335535508028
"percentile_latbin_OLS","q90","Combined","occurrence10_k1_tropical_temperate","Coldhouse","Transitional",21,23,-0.404451306948077,102,0.000545254814259388,0.00181751604753129
"percentile_latbin_OLS","q90","Combined","occurrence10_k1_tropical_temperate","Coolhouse","Hothouse",31,19,-0.532119182957551,135,0.000741639966065652,0.00185409991516413
"percentile_latbin_OLS","q90","Combined","occurrence10_k1_tropical_temperate","Coolhouse","Warmhouse",31,17,-0.448406049773143,149,0.00699554479874268,0.0139910895974854
"percentile_latbin_OLS","q90","Combined","occurrence10_k1_tropical_temperate","Coldhouse","Coolhouse",21,31,-0.21592943105264,205,0.0126133240762164,0.0180190343945948
"percentile_latbin_OLS","q90","Combined","occurrence10_k1_tropical_temperate","Transitional","Hothouse",23,19,-0.343597307062115,128,0.0114723360291395,0.0180190343945948
"percentile_latbin_OLS","q90","Combined","occurrence10_k1_tropical_temperate","Coolhouse","Transitional",31,23,-0.188521875895437,269,0.0640181019432133,0.0800226274290166
"percentile_latbin_OLS","q90","Combined","occurrence10_k1_tropical_temperate","Transitional","Warmhouse",23,17,-0.259884173877707,146,0.0900215782878066,0.100023975875341
"percentile_latbin_OLS","q90","Combined","occurrence10_k1_tropical_temperate","Warmhouse","Hothouse",17,19,-0.083713133184408,126,0.133701322230708,0.133701322230708
"percentile_latbin_OLS","q90","Combined","occurrence10_k1_tropical_temperate_polar","Coldhouse","Hothouse",8,8,-0.752398551497566,1,0.000679687763579616,0.00339843881789808
"percentile_latbin_OLS","q90","Combined","occurrence10_k1_tropical_temperate_polar","Coolhouse","Hothouse",18,8,-0.503604904130858,11,0.000388147949118683,0.00339843881789808
"percentile_latbin_OLS","q90","Combined","occurrence10_k1_tropical_temperate_polar","Transitional","Hothouse",12,8,-0.322457901475993,11,0.00243100987544667,0.0081033662514889
"percentile_latbin_OLS","q90","Combined","occurrence10_k1_tropical_temperate_polar","Coldhouse","Transitional",8,12,-0.429940650021574,16,0.00754362774720324,0.0188590693680081
"percentile_latbin_OLS","q90","Combined","occurrence10_k1_tropical_temperate_polar","Warmhouse","Hothouse",10,8,-0.175564091237371,15,0.0147446816922038,0.0294893633844076
"percentile_latbin_OLS","q90","Combined","occurrence10_k1_tropical_temperate_polar","Coldhouse","Warmhouse",8,10,-0.576834460260195,16,0.018397573585726,0.0306626226428767
"percentile_latbin_OLS","q90","Combined","occurrence10_k1_tropical_temperate_polar","Coldhouse","Coolhouse",8,18,-0.248793647366708,40,0.0400591568638171,0.0500739460797714
"percentile_latbin_OLS","q90","Combined","occurrence10_k1_tropical_temperate_polar","Coolhouse","Transitional",18,12,-0.181147002654866,66,0.0394729610408679,0.0500739460797714
"percentile_latbin_OLS","q90","Combined","occurrence10_k1_tropical_temperate_polar","Coolhouse","Warmhouse",18,10,-0.328040812893487,61,0.0858956812189174,0.0954396457987971
"percentile_latbin_OLS","q90","Combined","occurrence10_k1_tropical_temperate_polar","Transitional","Warmhouse",12,10,-0.146893810238621,51,0.287578288363828,0.287578288363828
"percentile_latbin_OLS","q90","Combined","occurrence10_k2_tropical_temperate","Coldhouse","Warmhouse",10,13,-0.823775782322831,5,0.000112112325448812,0.000560561627244058
"percentile_latbin_OLS","q90","Combined","occurrence10_k2_tropical_temperate","Coldhouse","Hothouse",10,11,-0.866272775454724,1,8.24926504379679e-05,0.000560561627244058
"percentile_latbin_OLS","q90","Combined","occurrence10_k2_tropical_temperate","Coldhouse","Transitional",10,15,-0.639248155182524,18,0.000862039429092899,0.00259755053484817
"percentile_latbin_OLS","q90","Combined","occurrence10_k2_tropical_temperate","Coolhouse","Hothouse",18,11,-0.505670930585454,30,0.00103902021393927,0.00259755053484817
"percentile_latbin_OLS","q90","Combined","occurrence10_k2_tropical_temperate","Coldhouse","Coolhouse",10,18,-0.36060184486927,41,0.0100253705510009,0.0167089509183349
"percentile_latbin_OLS","q90","Combined","occurrence10_k2_tropical_temperate","Coolhouse","Warmhouse",18,13,-0.463173937453561,57,0.00861163990306779,0.0167089509183349
"percentile_latbin_OLS","q90","Combined","occurrence10_k2_tropical_temperate","Coolhouse","Transitional",18,15,-0.278646310313254,85,0.036752984128544,0.0525042630407772
"percentile_latbin_OLS","q90","Combined","occurrence10_k2_tropical_temperate","Transitional","Hothouse",15,11,-0.2270246202722,56,0.0886045541706006,0.110755692713251
"percentile_latbin_OLS","q90","Combined","occurrence10_k2_tropical_temperate","Warmhouse","Hothouse",13,11,-0.042496993131893,54,0.162331369580982,0.180368188423313
"percentile_latbin_OLS","q90","Combined","occurrence10_k2_tropical_temperate","Transitional","Warmhouse",15,13,-0.184527627140307,83,0.259491195039076,0.259491195039076
"percentile_latbin_OLS","q90","Combined","occurrence10_k2_tropical_temperate_polar","Coolhouse","Transitional",8,4,-0.198870568725352,0,0.00423740094607692,0.0141246698202564
"percentile_latbin_OLS","q90","Combined","occurrence10_k2_tropical_temperate_polar","Coolhouse","Warmhouse",8,4,-0.442565867427304,0,0.00423740094607692,0.0141246698202564
"percentile_latbin_OLS","q90","Combined","occurrence10_k2_tropical_temperate_polar","Coolhouse","Hothouse",8,4,-0.563044430033086,0,0.00423740094607692,0.0141246698202564
"percentile_latbin_OLS","q90","Combined","occurrence10_k2_tropical_temperate_polar","Transitional","Warmhouse",4,4,-0.243695298701952,0,0.0151914109882887,0.0379785274707219
"percentile_latbin_OLS","q90","Combined","occurrence10_k2_tropical_temperate_polar","Coldhouse","Transitional",2,4,-0.413754543419082,0,0.0525962525600207,0.0751375036571724
"percentile_latbin_OLS","q90","Combined","occurrence10_k2_tropical_temperate_polar","Coldhouse","Warmhouse",2,4,-0.657449842121034,0,0.0525962525600207,0.0751375036571724
"percentile_latbin_OLS","q90","Combined","occurrence10_k2_tropical_temperate_polar","Coldhouse","Hothouse",2,4,-0.777928404726816,0,0.0525962525600207,0.0751375036571724
"percentile_latbin_OLS","q90","Combined","occurrence10_k2_tropical_temperate_polar","Coldhouse","Coolhouse",2,8,-0.21488397469373,2,0.075481159880126,0.0943514498501575
"percentile_latbin_OLS","q90","Combined","occurrence10_k2_tropical_temperate_polar","Transitional","Hothouse",4,4,-0.364173861307734,3,0.0969654261412053,0.107739362379117
"percentile_latbin_OLS","q90","Combined","occurrence10_k2_tropical_temperate_polar","Warmhouse","Hothouse",4,4,-0.120478562605782,6,0.332502771051015,0.332502771051015
"percentile_latbin_OLS","q90","Combined","occurrence10_k3_tropical_temperate","Coldhouse","Warmhouse",3,8,-0.815199210626473,0,0.00945177150556067,0.0704645053697685
"percentile_latbin_OLS","q90","Combined","occurrence10_k3_tropical_temperate","Coldhouse","Hothouse",3,6,-0.714045595419458,0,0.0140929010739537,0.0704645053697685
"percentile_latbin_OLS","q90","Combined","occurrence10_k3_tropical_temperate","Coldhouse","Coolhouse",3,8,-0.300228584147575,2,0.0262397497796233,0.0831229369599033
"percentile_latbin_OLS","q90","Combined","occurrence10_k3_tropical_temperate","Coolhouse","Warmhouse",8,8,-0.514970626478898,15,0.0415614684799517,0.0831229369599033
"percentile_latbin_OLS","q90","Combined","occurrence10_k3_tropical_temperate","Coolhouse","Hothouse",8,6,-0.413817011271882,10,0.0406805646170377,0.0831229369599033
"percentile_latbin_OLS","q90","Combined","occurrence10_k3_tropical_temperate","Coldhouse","Transitional",3,7,-0.507022284671777,4,0.0857301030321637,0.142883505053606
"percentile_latbin_OLS","q90","Combined","occurrence10_k3_tropical_temperate","Coolhouse","Transitional",8,7,-0.206793700524202,22,0.262224860903042,0.327781076128803
"percentile_latbin_OLS","q90","Combined","occurrence10_k3_tropical_temperate","Transitional","Hothouse",7,6,-0.207023310747681,16,0.260158400253683,0.327781076128803
"percentile_latbin_OLS","q90","Combined","occurrence10_k3_tropical_temperate","Transitional","Warmhouse",7,8,-0.308176925954696,23,0.301262176180648,0.334735751311832
"percentile_latbin_OLS","q90","Combined","occurrence10_k3_tropical_temperate","Warmhouse","Hothouse",8,6,0.101153615207015,27,0.674310776761804,0.674310776761804
"percentile_latbin_OLS","q90","Combined","occurrence10_k3_tropical_temperate_polar","Coolhouse","Warmhouse",3,3,-0.357002852908456,0,0.0404277991850261,0.0606416987775392
"percentile_latbin_OLS","q90","Combined","occurrence10_k3_tropical_temperate_polar","Coolhouse","Hothouse",3,4,-0.456873345487981,0,0.0259149636089548,0.0606416987775392
"percentile_latbin_OLS","q90","Combined","occurrence10_k3_tropical_temperate_polar","Warmhouse","Hothouse",3,4,-0.099870492579525,5,0.429841897599333,0.429841897599333
"percentile_latbin_OLS","q90","Combined","occurrence10_k3_tropical_temperate_polar","Coldhouse","Coolhouse",1,3,-0.307563059574042,NA,NA,NA
"percentile_latbin_OLS","q90","Combined","occurrence10_k3_tropical_temperate_polar","Coldhouse","Transitional",1,1,-0.315351104934493,NA,NA,NA
"percentile_latbin_OLS","q90","Combined","occurrence10_k3_tropical_temperate_polar","Coldhouse","Warmhouse",1,3,-0.664565912482498,NA,NA,NA
"percentile_latbin_OLS","q90","Combined","occurrence10_k3_tropical_temperate_polar","Coldhouse","Hothouse",1,4,-0.764436405062023,NA,NA,NA
"percentile_latbin_OLS","q90","Combined","occurrence10_k3_tropical_temperate_polar","Coolhouse","Transitional",3,1,-0.00778804536045069,NA,NA,NA
"percentile_latbin_OLS","q90","Combined","occurrence10_k3_tropical_temperate_polar","Transitional","Warmhouse",1,3,-0.349214807548005,NA,NA,NA
"percentile_latbin_OLS","q90","Combined","occurrence10_k3_tropical_temperate_polar","Transitional","Hothouse",1,4,-0.44908530012753,NA,NA,NA
"percentile_latbin_OLS","q90","Combined","collection5_k1_tropical_temperate","Coldhouse","Transitional",19,23,-0.761764704100745,53,1.52533765526138e-05,0.000152533765526138
"percentile_latbin_OLS","q90","Combined","collection5_k1_tropical_temperate","Coldhouse","Warmhouse",19,16,-0.772343301183194,35,5.72293916237306e-05,0.000286146958118653
"percentile_latbin_OLS","q90","Combined","collection5_k1_tropical_temperate","Coldhouse","Hothouse",19,18,-0.76299808022102,58,0.000314811912429431,0.00104937304143144
"percentile_latbin_OLS","q90","Combined","collection5_k1_tropical_temperate","Coolhouse","Transitional",30,23,-0.437102514627712,202,0.00527419710687936,0.0131854927671984
"percentile_latbin_OLS","q90","Combined","collection5_k1_tropical_temperate","Coldhouse","Coolhouse",19,30,-0.324662189473033,174,0.0116825297315996,0.0230224640965061
"percentile_latbin_OLS","q90","Combined","collection5_k1_tropical_temperate","Coolhouse","Warmhouse",30,16,-0.447681111710161,144,0.0138134784579037,0.0230224640965061
"percentile_latbin_OLS","q90","Combined","collection5_k1_tropical_temperate","Coolhouse","Hothouse",30,18,-0.438335890747987,170,0.0170477433078416,0.0243539190112023
"percentile_latbin_OLS","q90","Combined","collection5_k1_tropical_temperate","Transitional","Warmhouse",23,16,-0.0105785970824494,190,0.573616098331664,0.618715509923908
"percentile_latbin_OLS","q90","Combined","collection5_k1_tropical_temperate","Transitional","Hothouse",23,18,-0.00123337612027534,218,0.618715509923908,0.618715509923908
"percentile_latbin_OLS","q90","Combined","collection5_k1_tropical_temperate","Warmhouse","Hothouse",16,18,0.0093452209621741,146,0.534369414906581,0.618715509923908
"percentile_latbin_OLS","q90","Combined","collection5_k1_tropical_temperate_polar","Coldhouse","Hothouse",8,8,-0.68716649148419,2,0.000973763792973334,0.00566005571490243
"percentile_latbin_OLS","q90","Combined","collection5_k1_tropical_temperate_polar","Coolhouse","Hothouse",19,8,-0.480904099912429,18,0.00113201114298049,0.00566005571490243
"percentile_latbin_OLS","q90","Combined","collection5_k1_tropical_temperate_polar","Coldhouse","Transitional",8,11,-0.480136201650661,12,0.00464725834535827,0.0116181458633957
"percentile_latbin_OLS","q90","Combined","collection5_k1_tropical_temperate_polar","Coldhouse","Warmhouse",8,10,-0.642997649536794,10,0.00438176461511242,0.0116181458633957
"percentile_latbin_OLS","q90","Combined","collection5_k1_tropical_temperate_polar","Coolhouse","Warmhouse",19,10,-0.436735257965033,44,0.0102491721344964,0.0204983442689929
"percentile_latbin_OLS","q90","Combined","collection5_k1_tropical_temperate_polar","Coolhouse","Transitional",19,11,-0.2738738100789,59,0.0263946144498913,0.0439910240831521
"percentile_latbin_OLS","q90","Combined","collection5_k1_tropical_temperate_polar","Transitional","Hothouse",11,8,-0.207030289833529,23,0.0452532657536085,0.064647522505155
"percentile_latbin_OLS","q90","Combined","collection5_k1_tropical_temperate_polar","Coldhouse","Coolhouse",8,19,-0.206262391571761,47,0.0650974715707854,0.0813718394634817
"percentile_latbin_OLS","q90","Combined","collection5_k1_tropical_temperate_polar","Transitional","Warmhouse",11,10,-0.162861447886133,39,0.13753149603888,0.152812773376533
"percentile_latbin_OLS","q90","Combined","collection5_k1_tropical_temperate_polar","Warmhouse","Hothouse",10,8,-0.0441688419473958,32,0.252580131545728,0.252580131545728
"percentile_latbin_OLS","q90","Combined","collection5_k2_tropical_temperate","Coldhouse","Hothouse",9,10,-0.823649615464076,3,0.000351430359551761,0.00351430359551761
"percentile_latbin_OLS","q90","Combined","collection5_k2_tropical_temperate","Coldhouse","Transitional",9,15,-0.801614906782296,17,0.00143455639603831,0.00624795252509967
"percentile_latbin_OLS","q90","Combined","collection5_k2_tropical_temperate","Coldhouse","Warmhouse",9,10,-0.942620406015793,9,0.0018743857575299,0.00624795252509967
"percentile_latbin_OLS","q90","Combined","collection5_k2_tropical_temperate","Coolhouse","Hothouse",15,10,-0.465680870867229,28,0.00494923715946742,0.0123730928986686
"percentile_latbin_OLS","q90","Combined","collection5_k2_tropical_temperate","Coolhouse","Transitional",15,15,-0.443646162185449,65,0.0256197095963722,0.0463804123591099
"percentile_latbin_OLS","q90","Combined","collection5_k2_tropical_temperate","Coolhouse","Warmhouse",15,10,-0.584651661418946,40,0.027828247415466,0.0463804123591099
"percentile_latbin_OLS","q90","Combined","collection5_k2_tropical_temperate","Coldhouse","Coolhouse",9,15,-0.357968744596847,42,0.0680185640570718,0.0971693772243883
"percentile_latbin_OLS","q90","Combined","collection5_k2_tropical_temperate","Transitional","Warmhouse",15,10,-0.141005499233497,69,0.380150666512672,0.422389629458524
"percentile_latbin_OLS","q90","Combined","collection5_k2_tropical_temperate","Transitional","Hothouse",15,10,-0.0220347086817805,67,0.338695800963139,0.422389629458524
"percentile_latbin_OLS","q90","Combined","collection5_k2_tropical_temperate","Warmhouse","Hothouse",10,10,0.118970790551717,51,0.545139055427222,0.545139055427222
"percentile_latbin_OLS","q90","Combined","collection5_k2_tropical_temperate_polar","Coolhouse","Hothouse",9,4,-0.543689145569739,0,0.00346375898861325,0.0346375898861325
"percentile_latbin_OLS","q90","Combined","collection5_k2_tropical_temperate_polar","Coolhouse","Transitional",9,5,-0.190534048071748,5,0.0117052980805584,0.0390176602685278
"percentile_latbin_OLS","q90","Combined","collection5_k2_tropical_temperate_polar","Coolhouse","Warmhouse",9,3,-0.423078855740057,0,0.00811502428730668,0.0390176602685278
"percentile_latbin_OLS","q90","Combined","collection5_k2_tropical_temperate_polar","Coldhouse","Transitional",3,5,-0.448491994387866,0,0.0184442128535249,0.0461105321338124
"percentile_latbin_OLS","q90","Combined","collection5_k2_tropical_temperate_polar","Coldhouse","Hothouse",3,4,-0.801647091885857,0,0.0259149636089548,0.0518299272179097
"percentile_latbin_OLS","q90","Combined","collection5_k2_tropical_temperate_polar","Coldhouse","Warmhouse",3,3,-0.681036802056175,0,0.0404277991850261,0.0673796653083769
"percentile_latbin_OLS","q90","Combined","collection5_k2_tropical_temperate_polar","Coldhouse","Coolhouse",3,9,-0.257957946316117,5,0.0695433648800068,0.0869292061000085
"percentile_latbin_OLS","q90","Combined","collection5_k2_tropical_temperate_polar","Transitional","Warmhouse",5,3,-0.232544807668309,2,0.0680185640570718,0.0869292061000085
"percentile_latbin_OLS","q90","Combined","collection5_k2_tropical_temperate_polar","Transitional","Hothouse",5,4,-0.353155097497991,5,0.13517207032739,0.150191189252656
"percentile_latbin_OLS","q90","Combined","collection5_k2_tropical_temperate_polar","Warmhouse","Hothouse",3,4,-0.120610289829682,5,0.429841897599333,0.429841897599333
"percentile_latbin_OLS","q90","Combined","collection5_k3_tropical_temperate","Coolhouse","Warmhouse",6,8,-0.61795821654276,2,0.00275467509673836,0.0202827931639144
"percentile_latbin_OLS","q90","Combined","collection5_k3_tropical_temperate","Coolhouse","Hothouse",6,5,-0.447543778169128,0,0.00405655863278289,0.0202827931639144
"percentile_latbin_OLS","q90","Combined","collection5_k3_tropical_temperate","Coldhouse","Warmhouse",3,8,-0.842609607735063,0,0.00945177150556067,0.029835552705718
"percentile_latbin_OLS","q90","Combined","collection5_k3_tropical_temperate","Coolhouse","Transitional",6,8,-0.661448614888057,6,0.0119342210822872,0.029835552705718
"percentile_latbin_OLS","q90","Combined","collection5_k3_tropical_temperate","Coldhouse","Hothouse",3,5,-0.672195169361432,0,0.0184442128535249,0.0368884257070499
"percentile_latbin_OLS","q90","Combined","collection5_k3_tropical_temperate","Coldhouse","Transitional",3,8,-0.88610000608036,3,0.0413655111575512,0.0689425185959187
"percentile_latbin_OLS","q90","Combined","collection5_k3_tropical_temperate","Coldhouse","Coolhouse",3,6,-0.224651391192303,3,0.077790173896099,0.11112881985157
"percentile_latbin_OLS","q90","Combined","collection5_k3_tropical_temperate","Transitional","Warmhouse",8,8,0.0434903983452967,35,0.643404369491964,0.804255461864955
"percentile_latbin_OLS","q90","Combined","collection5_k3_tropical_temperate","Transitional","Hothouse",8,5,0.213904836718928,27,0.8638732094685,0.8638732094685
"percentile_latbin_OLS","q90","Combined","collection5_k3_tropical_temperate","Warmhouse","Hothouse",8,5,0.170414438373632,27,0.8638732094685,0.8638732094685
"percentile_latbin_OLS","q90","Combined","collection5_k3_tropical_temperate_polar","Coolhouse","Warmhouse",3,3,-0.342526761327619,0,0.0404277991850261,0.111686004884074
"percentile_latbin_OLS","q90","Combined","collection5_k3_tropical_temperate_polar","Coolhouse","Hothouse",3,2,-0.329025290600168,0,0.0744573365893828,0.111686004884074
"percentile_latbin_OLS","q90","Combined","collection5_k3_tropical_temperate_polar","Warmhouse","Hothouse",3,2,0.0135014707274518,3,0.613585003657776,0.613585003657776
"percentile_latbin_OLS","q90","Combined","collection5_k3_tropical_temperate_polar","Coldhouse","Coolhouse",1,3,-0.338510040728555,NA,NA,NA
"percentile_latbin_OLS","q90","Combined","collection5_k3_tropical_temperate_polar","Coldhouse","Transitional",1,1,-0.448491994387866,NA,NA,NA
"percentile_latbin_OLS","q90","Combined","collection5_k3_tropical_temperate_polar","Coldhouse","Warmhouse",1,3,-0.681036802056175,NA,NA,NA
"percentile_latbin_OLS","q90","Combined","collection5_k3_tropical_temperate_polar","Coldhouse","Hothouse",1,2,-0.667535331328723,NA,NA,NA
"percentile_latbin_OLS","q90","Combined","collection5_k3_tropical_temperate_polar","Coolhouse","Transitional",3,1,-0.109981953659311,NA,NA,NA
"percentile_latbin_OLS","q90","Combined","collection5_k3_tropical_temperate_polar","Transitional","Warmhouse",1,3,-0.232544807668309,NA,NA,NA
"percentile_latbin_OLS","q90","Combined","collection5_k3_tropical_temperate_polar","Transitional","Hothouse",1,2,-0.219043336940857,NA,NA,NA
"percentile_latbin_OLS","q90","Combined","collection10_k1_tropical_temperate","Coldhouse","Hothouse",13,13,-1.17199997200332,9,5.99932204488997e-05,0.000599932204488997
"percentile_latbin_OLS","q90","Combined","collection10_k1_tropical_temperate","Coldhouse","Warmhouse",13,14,-0.908105992293407,16,0.00015005860441734,0.000750293022086699
"percentile_latbin_OLS","q90","Combined","collection10_k1_tropical_temperate","Coldhouse","Transitional",13,20,-0.731262257553955,49,0.00150886345041241,0.00377215862603103
"percentile_latbin_OLS","q90","Combined","collection10_k1_tropical_temperate","Coolhouse","Hothouse",24,13,-0.810732260635559,61,0.00132160713229267,0.00377215862603103
"percentile_latbin_OLS","q90","Combined","collection10_k1_tropical_temperate","Coldhouse","Coolhouse",13,24,-0.361267711367763,82,0.00968464022142388,0.0193692804428478
"percentile_latbin_OLS","q90","Combined","collection10_k1_tropical_temperate","Coolhouse","Warmhouse",24,14,-0.546838280925644,93,0.0120832275405942,0.0201387125676569
"percentile_latbin_OLS","q90","Combined","collection10_k1_tropical_temperate","Coolhouse","Transitional",24,20,-0.369994546186193,176,0.0672344506977892,0.096049215282556
"percentile_latbin_OLS","q90","Combined","collection10_k1_tropical_temperate","Transitional","Hothouse",20,13,-0.440737714449367,95,0.101844524783487,0.127305655979358
"percentile_latbin_OLS","q90","Combined","collection10_k1_tropical_temperate","Warmhouse","Hothouse",14,13,-0.263893979709915,70,0.159920117202378,0.177689019113753
"percentile_latbin_OLS","q90","Combined","collection10_k1_tropical_temperate","Transitional","Warmhouse",20,14,-0.176843734739451,116,0.205444923535032,0.205444923535032
"percentile_latbin_OLS","q90","Combined","collection10_k1_tropical_temperate_polar","Coolhouse","Hothouse",12,5,-0.554211672899974,1,0.00133155962956928,0.0133155962956928
"percentile_latbin_OLS","q90","Combined","collection10_k1_tropical_temperate_polar","Coldhouse","Hothouse",6,5,-0.742939732592476,2,0.0112394366830626,0.0380792352618535
"percentile_latbin_OLS","q90","Combined","collection10_k1_tropical_temperate_polar","Coolhouse","Warmhouse",12,8,-0.459552818934111,18,0.0114237705785561,0.0380792352618535
"percentile_latbin_OLS","q90","Combined","collection10_k1_tropical_temperate_polar","Coldhouse","Warmhouse",6,8,-0.648280878626612,7,0.0165799937294239,0.0414499843235597
"percentile_latbin_OLS","q90","Combined","collection10_k1_tropical_temperate_polar","Transitional","Hothouse",7,5,-0.263503959066057,5,0.0256599517940356,0.0513199035880712
"percentile_latbin_OLS","q90","Combined","collection10_k1_tropical_temperate_polar","Coolhouse","Transitional",12,7,-0.290707713833917,23,0.0589633613705719,0.0982722689509532
"percentile_latbin_OLS","q90","Combined","collection10_k1_tropical_temperate_polar","Coldhouse","Transitional",6,7,-0.479435773526419,11,0.0873679116076236,0.124811302296605
"percentile_latbin_OLS","q90","Combined","collection10_k1_tropical_temperate_polar","Transitional","Warmhouse",7,8,-0.168845105100194,17,0.112156563255577,0.140195704069471
"percentile_latbin_OLS","q90","Combined","collection10_k1_tropical_temperate_polar","Warmhouse","Hothouse",8,5,-0.0946588539658633,12,0.136126790531499,0.151251989479444
"percentile_latbin_OLS","q90","Combined","collection10_k1_tropical_temperate_polar","Coldhouse","Coolhouse",6,12,-0.188728059692502,30,0.303233816495504,0.303233816495504
"percentile_latbin_OLS","q90","Combined","collection10_k2_tropical_temperate","Coldhouse","Warmhouse",6,9,-1.12861294481111,2,0.00194249239023341,0.00485623097558352
"percentile_latbin_OLS","q90","Combined","collection10_k2_tropical_temperate","Coldhouse","Hothouse",6,7,-1.22506757042189,0,0.00170261791064738,0.00485623097558352
"percentile_latbin_OLS","q90","Combined","collection10_k2_tropical_temperate","Coolhouse","Warmhouse",9,9,-0.942455762365257,5,0.000998845048636152,0.00485623097558352
"percentile_latbin_OLS","q90","Combined","collection10_k2_tropical_temperate","Coolhouse","Hothouse",9,7,-1.03891038797604,0,0.000516487754803409,0.00485623097558352
"percentile_latbin_OLS","q90","Combined","collection10_k2_tropical_temperate","Coolhouse","Transitional",9,13,-0.530840844961085,27,0.0192205660891611,0.0384411321783223
"percentile_latbin_OLS","q90","Combined","collection10_k2_tropical_temperate","Coldhouse","Transitional",6,13,-0.716998027406939,16,0.0242261113188919,0.0403768521981531
"percentile_latbin_OLS","q90","Combined","collection10_k2_tropical_temperate","Transitional","Warmhouse",13,9,-0.411614917404172,41,0.128140118622162,0.183057312317375
"percentile_latbin_OLS","q90","Combined","collection10_k2_tropical_temperate","Transitional","Hothouse",13,7,-0.508069543014956,34,0.191693741532777,0.239617176915971
"percentile_latbin_OLS","q90","Combined","collection10_k2_tropical_temperate","Coldhouse","Coolhouse",6,9,-0.186157182445854,21,0.258433874775432,0.28714874975048
"percentile_latbin_OLS","q90","Combined","collection10_k2_tropical_temperate","Warmhouse","Hothouse",9,7,-0.0964546256107838,28,0.3754117594495,0.3754117594495
"percentile_latbin_OLS","q90","Combined","collection10_k2_tropical_temperate_polar","Coolhouse","Warmhouse",4,3,-0.49977314971164,0,0.0259149636089548,0.0777448908268645
"percentile_latbin_OLS","q90","Combined","collection10_k2_tropical_temperate_polar","Coolhouse","Hothouse",4,4,-0.739137843984783,0,0.0151914109882887,0.0777448908268645
"percentile_latbin_OLS","q90","Combined","collection10_k2_tropical_temperate_polar","Transitional","Warmhouse",3,3,-0.221212231773949,1,0.095215131912762,0.161943704205105
"percentile_latbin_OLS","q90","Combined","collection10_k2_tropical_temperate_polar","Transitional","Hothouse",3,4,-0.460576926047092,2,0.10796246947007,0.161943704205105
"percentile_latbin_OLS","q90","Combined","collection10_k2_tropical_temperate_polar","Coolhouse","Transitional",4,3,-0.278560917937691,3,0.188379558905791,0.226055470686949
"percentile_latbin_OLS","q90","Combined","collection10_k2_tropical_temperate_polar","Warmhouse","Hothouse",3,4,-0.239364694273143,4,0.297941545282589,0.297941545282589
"percentile_latbin_OLS","q90","Combined","collection10_k2_tropical_temperate_polar","Coldhouse","Coolhouse",1,4,-0.0849287589997522,NA,NA,NA
"percentile_latbin_OLS","q90","Combined","collection10_k2_tropical_temperate_polar","Coldhouse","Transitional",1,3,-0.363489676937443,NA,NA,NA
"percentile_latbin_OLS","q90","Combined","collection10_k2_tropical_temperate_polar","Coldhouse","Warmhouse",1,3,-0.584701908711392,NA,NA,NA
"percentile_latbin_OLS","q90","Combined","collection10_k2_tropical_temperate_polar","Coldhouse","Hothouse",1,4,-0.824066602984535,NA,NA,NA
"percentile_latbin_OLS","q90","Combined","collection10_k3_tropical_temperate","Coolhouse","Transitional",2,3,-1.5130818935346,0,0.0744573365893828,0.148914673178766
"percentile_latbin_OLS","q90","Combined","collection10_k3_tropical_temperate","Coolhouse","Warmhouse",2,6,-0.830235332778724,0,0.0333765075848173,0.148914673178766
"percentile_latbin_OLS","q90","Combined","collection10_k3_tropical_temperate","Coolhouse","Hothouse",2,4,-0.884748301628236,0,0.0525962525600207,0.148914673178766
"percentile_latbin_OLS","q90","Combined","collection10_k3_tropical_temperate","Warmhouse","Hothouse",6,4,-0.054512968849512,11,0.457553017210253,0.686329525815379
"percentile_latbin_OLS","q90","Combined","collection10_k3_tropical_temperate","Transitional","Warmhouse",3,6,0.682846560755877,10,0.650732320848331,0.780878785017997
"percentile_latbin_OLS","q90","Combined","collection10_k3_tropical_temperate","Transitional","Hothouse",3,4,0.628333591906365,9,0.89203753052993,0.89203753052993
"percentile_latbin_OLS","q90","Combined","collection10_k3_tropical_temperate","Coldhouse","Coolhouse",1,2,-0.0430486726623814,NA,NA,NA
"percentile_latbin_OLS","q90","Combined","collection10_k3_tropical_temperate","Coldhouse","Transitional",1,3,-1.55613056619698,NA,NA,NA
"percentile_latbin_OLS","q90","Combined","collection10_k3_tropical_temperate","Coldhouse","Warmhouse",1,6,-0.873284005441105,NA,NA,NA
"percentile_latbin_OLS","q90","Combined","collection10_k3_tropical_temperate","Coldhouse","Hothouse",1,4,-0.927796974290617,NA,NA,NA
"percentile_latbin_OLS","q90","Combined","collection10_k3_tropical_temperate_polar","Coldhouse","Coolhouse",0,0,NA,NA,NA,NA
"percentile_latbin_OLS","q90","Combined","collection10_k3_tropical_temperate_polar","Coldhouse","Transitional",0,0,NA,NA,NA,NA
"percentile_latbin_OLS","q90","Combined","collection10_k3_tropical_temperate_polar","Coldhouse","Warmhouse",0,2,NA,NA,NA,NA
"percentile_latbin_OLS","q90","Combined","collection10_k3_tropical_temperate_polar","Coldhouse","Hothouse",0,1,NA,NA,NA,NA
"percentile_latbin_OLS","q90","Combined","collection10_k3_tropical_temperate_polar","Coolhouse","Transitional",0,0,NA,NA,NA,NA
"percentile_latbin_OLS","q90","Combined","collection10_k3_tropical_temperate_polar","Coolhouse","Warmhouse",0,2,NA,NA,NA,NA
"percentile_latbin_OLS","q90","Combined","collection10_k3_tropical_temperate_polar","Coolhouse","Hothouse",0,1,NA,NA,NA,NA
"percentile_latbin_OLS","q90","Combined","collection10_k3_tropical_temperate_polar","Transitional","Warmhouse",0,2,NA,NA,NA,NA
"percentile_latbin_OLS","q90","Combined","collection10_k3_tropical_temperate_polar","Transitional","Hothouse",0,1,NA,NA,NA,NA
"percentile_latbin_OLS","q90","Combined","collection10_k3_tropical_temperate_polar","Warmhouse","Hothouse",2,1,-0.548132131011475,NA,NA,NA
"percentile_latbin_OLS","q90","Northern","occurrence5_k1_tropical_temperate","Coldhouse","Transitional",12,15,-0.596375723486374,27,0.00114539707989403,0.00381799026631344
"percentile_latbin_OLS","q90","Northern","occurrence5_k1_tropical_temperate","Coolhouse","Transitional",15,15,-0.451396161381089,36,0.000809856787615176,0.00381799026631344
"percentile_latbin_OLS","q90","Northern","occurrence5_k1_tropical_temperate","Coolhouse","Warmhouse",15,9,-0.671447447310523,15,0.000965381088355144,0.00381799026631344
"percentile_latbin_OLS","q90","Northern","occurrence5_k1_tropical_temperate","Coldhouse","Warmhouse",12,9,-0.816427009415808,12,0.0015925939281887,0.00398148482047175
"percentile_latbin_OLS","q90","Northern","occurrence5_k1_tropical_temperate","Coolhouse","Hothouse",15,11,-0.379654780015708,42,0.0189471057000814,0.0378942114001627
"percentile_latbin_OLS","q90","Northern","occurrence5_k1_tropical_temperate","Coldhouse","Hothouse",12,11,-0.524634342120993,34,0.026269488645999,0.043782481076665
"percentile_latbin_OLS","q90","Northern","occurrence5_k1_tropical_temperate","Coldhouse","Coolhouse",12,15,-0.144979562105285,82,0.357196518817163,0.45032174196016
"percentile_latbin_OLS","q90","Northern","occurrence5_k1_tropical_temperate","Transitional","Warmhouse",15,9,-0.220051285929435,61,0.360257393568128,0.45032174196016
"percentile_latbin_OLS","q90","Northern","occurrence5_k1_tropical_temperate","Transitional","Hothouse",15,11,0.071741381365381,105,0.883702012990664,0.935678430523463
"percentile_latbin_OLS","q90","Northern","occurrence5_k1_tropical_temperate","Warmhouse","Hothouse",9,11,0.291792667294816,69,0.935678430523463,0.935678430523463
"percentile_latbin_OLS","q90","Northern","occurrence5_k1_tropical_temperate_polar","Coldhouse","Transitional",6,7,-0.64620488384623,0,0.00170261791064738,0.0170261791064738
"percentile_latbin_OLS","q90","Northern","occurrence5_k1_tropical_temperate_polar","Coldhouse","Coolhouse",6,10,-0.31523380421687,8,0.00985028188438878,0.0253007132213469
"percentile_latbin_OLS","q90","Northern","occurrence5_k1_tropical_temperate_polar","Coldhouse","Warmhouse",6,6,-0.731241518746341,3,0.0101202852885387,0.0253007132213469
"percentile_latbin_OLS","q90","Northern","occurrence5_k1_tropical_temperate_polar","Coldhouse","Hothouse",6,4,-0.662689138098284,0,0.00710701943454103,0.0253007132213469
"percentile_latbin_OLS","q90","Northern","occurrence5_k1_tropical_temperate_polar","Coolhouse","Transitional",10,7,-0.33097107962936,16,0.0355048722706501,0.0550713369596727
"percentile_latbin_OLS","q90","Northern","occurrence5_k1_tropical_temperate_polar","Coolhouse","Warmhouse",10,6,-0.416007714529471,13,0.036752984128544,0.0550713369596727
"percentile_latbin_OLS","q90","Northern","occurrence5_k1_tropical_temperate_polar","Coolhouse","Hothouse",10,4,-0.347455333881414,7,0.0385499358717709,0.0550713369596727
"percentile_latbin_OLS","q90","Northern","occurrence5_k1_tropical_temperate_polar","Transitional","Warmhouse",7,6,-0.0850366349001108,16,0.260158400253683,0.325198000317104
"percentile_latbin_OLS","q90","Northern","occurrence5_k1_tropical_temperate_polar","Transitional","Hothouse",7,4,-0.016484254252054,13,0.462359518743385,0.513732798603761
"percentile_latbin_OLS","q90","Northern","occurrence5_k1_tropical_temperate_polar","Warmhouse","Hothouse",6,4,0.0685523806480568,15,0.772227453105335,0.772227453105335
"percentile_latbin_OLS","q90","Northern","occurrence5_k2_tropical_temperate","Coldhouse","Transitional",7,10,-1.03224988382675,1,0.000539135852838485,0.00328736167428304
"percentile_latbin_OLS","q90","Northern","occurrence5_k2_tropical_temperate","Coolhouse","Transitional",10,10,-0.780335534465531,7,0.000657472334856608,0.00328736167428304
"percentile_latbin_OLS","q90","Northern","occurrence5_k2_tropical_temperate","Coldhouse","Hothouse",7,6,-0.704797667324963,0,0.00170261791064738,0.00567539303549127
"percentile_latbin_OLS","q90","Northern","occurrence5_k2_tropical_temperate","Coldhouse","Warmhouse",7,8,-0.815503489446779,4,0.00326808058712134,0.00653616117424268
"percentile_latbin_OLS","q90","Northern","occurrence5_k2_tropical_temperate","Coolhouse","Hothouse",10,6,-0.452883317963743,4,0.00283861606907965,0.00653616117424268
"percentile_latbin_OLS","q90","Northern","occurrence5_k2_tropical_temperate","Coolhouse","Warmhouse",10,8,-0.563589140085559,10,0.00438176461511242,0.00730294102518736
"percentile_latbin_OLS","q90","Northern","occurrence5_k2_tropical_temperate","Coldhouse","Coolhouse",7,10,-0.25191434936122,20,0.0785261698539602,0.112180242648515
"percentile_latbin_OLS","q90","Northern","occurrence5_k2_tropical_temperate","Transitional","Warmhouse",10,8,0.216746394379972,48,0.774948949443678,0.872624418504781
"percentile_latbin_OLS","q90","Northern","occurrence5_k2_tropical_temperate","Transitional","Hothouse",10,6,0.327452216501788,40,0.872624418504781,0.872624418504781
"percentile_latbin_OLS","q90","Northern","occurrence5_k2_tropical_temperate","Warmhouse","Hothouse",8,6,0.110705822121816,30,0.799306417144117,0.872624418504781
"percentile_latbin_OLS","q90","Northern","occurrence5_k2_tropical_temperate_polar","Coldhouse","Coolhouse",3,7,-0.136067692953421,3,0.0553060368742615,0.156402310444497
"percentile_latbin_OLS","q90","Northern","occurrence5_k2_tropical_temperate_polar","Coldhouse","Transitional",3,3,-0.345401082067181,0,0.0404277991850261,0.156402310444497
"percentile_latbin_OLS","q90","Northern","occurrence5_k2_tropical_temperate_polar","Coldhouse","Warmhouse",3,2,-0.493099473954154,0,0.0744573365893828,0.156402310444497
"percentile_latbin_OLS","q90","Northern","occurrence5_k2_tropical_temperate_polar","Coldhouse","Hothouse",3,2,-0.4775180273879,0,0.0744573365893828,0.156402310444497
"percentile_latbin_OLS","q90","Northern","occurrence5_k2_tropical_temperate_polar","Coolhouse","Warmhouse",7,2,-0.357031781000733,2,0.0938413862666982,0.156402310444497
"percentile_latbin_OLS","q90","Northern","occurrence5_k2_tropical_temperate_polar","Coolhouse","Hothouse",7,2,-0.341450334434478,2,0.0938413862666982,0.156402310444497
"percentile_latbin_OLS","q90","Northern","occurrence5_k2_tropical_temperate_polar","Coolhouse","Transitional",7,3,-0.209333389113759,5,0.127225291323168,0.181750416175955
"percentile_latbin_OLS","q90","Northern","occurrence5_k2_tropical_temperate_polar","Transitional","Warmhouse",3,2,-0.147698391886973,2,0.386414996342224,0.429349995935804
"percentile_latbin_OLS","q90","Northern","occurrence5_k2_tropical_temperate_polar","Transitional","Hothouse",3,2,-0.132116945320719,2,0.386414996342224,0.429349995935804
"percentile_latbin_OLS","q90","Northern","occurrence5_k2_tropical_temperate_polar","Warmhouse","Hothouse",2,2,0.0155814465662543,2,0.650732320848331,0.650732320848331
"percentile_latbin_OLS","q90","Northern","occurrence5_k3_tropical_temperate","Coldhouse","Transitional",3,6,-1.14014760841715,0,0.0140929010739537,0.0704645053697685
"percentile_latbin_OLS","q90","Northern","occurrence5_k3_tropical_temperate","Coldhouse","Warmhouse",3,6,-0.840078517513471,0,0.0140929010739537,0.0704645053697685
"percentile_latbin_OLS","q90","Northern","occurrence5_k3_tropical_temperate","Coldhouse","Hothouse",3,3,-0.639073970250763,0,0.0404277991850261,0.0808555983700523
"percentile_latbin_OLS","q90","Northern","occurrence5_k3_tropical_temperate","Coolhouse","Transitional",2,6,-1.14293411292496,0,0.0333765075848173,0.0808555983700523
"percentile_latbin_OLS","q90","Northern","occurrence5_k3_tropical_temperate","Coolhouse","Warmhouse",2,6,-0.842865022021281,0,0.0333765075848173,0.0808555983700523
"percentile_latbin_OLS","q90","Northern","occurrence5_k3_tropical_temperate","Coolhouse","Hothouse",2,3,-0.641860474758573,0,0.0744573365893828,0.124095560982305
"percentile_latbin_OLS","q90","Northern","occurrence5_k3_tropical_temperate","Coldhouse","Coolhouse",3,2,0.00278650450781026,2,0.386414996342224,0.552021423346034
"percentile_latbin_OLS","q90","Northern","occurrence5_k3_tropical_temperate","Transitional","Warmhouse",6,6,0.300069090903676,23,0.81076120337766,0.877360941596614
"percentile_latbin_OLS","q90","Northern","occurrence5_k3_tropical_temperate","Transitional","Hothouse",6,3,0.501073638166385,13,0.877360941596614,0.877360941596614
"percentile_latbin_OLS","q90","Northern","occurrence5_k3_tropical_temperate","Warmhouse","Hothouse",6,3,0.201004547262709,13,0.877360941596614,0.877360941596614
"percentile_latbin_OLS","q90","Northern","occurrence5_k3_tropical_temperate_polar","Coldhouse","Coolhouse",1,0,NA,NA,NA,NA
"percentile_latbin_OLS","q90","Northern","occurrence5_k3_tropical_temperate_polar","Coldhouse","Transitional",1,1,-0.614102377388953,NA,NA,NA
"percentile_latbin_OLS","q90","Northern","occurrence5_k3_tropical_temperate_polar","Coldhouse","Warmhouse",1,2,-0.47824160366855,NA,NA,NA
"percentile_latbin_OLS","q90","Northern","occurrence5_k3_tropical_temperate_polar","Coldhouse","Hothouse",1,1,-0.43151265764952,NA,NA,NA
"percentile_latbin_OLS","q90","Northern","occurrence5_k3_tropical_temperate_polar","Coolhouse","Transitional",0,1,NA,NA,NA,NA
"percentile_latbin_OLS","q90","Northern","occurrence5_k3_tropical_temperate_polar","Coolhouse","Warmhouse",0,2,NA,NA,NA,NA
"percentile_latbin_OLS","q90","Northern","occurrence5_k3_tropical_temperate_polar","Coolhouse","Hothouse",0,1,NA,NA,NA,NA
"percentile_latbin_OLS","q90","Northern","occurrence5_k3_tropical_temperate_polar","Transitional","Warmhouse",1,2,0.135860773720403,NA,NA,NA
"percentile_latbin_OLS","q90","Northern","occurrence5_k3_tropical_temperate_polar","Transitional","Hothouse",1,1,0.182589719739433,NA,NA,NA
"percentile_latbin_OLS","q90","Northern","occurrence5_k3_tropical_temperate_polar","Warmhouse","Hothouse",2,1,0.0467289460190294,NA,NA,NA
"percentile_latbin_OLS","q90","Northern","occurrence10_k1_tropical_temperate","Coolhouse","Transitional",15,14,-0.557144964444117,34,0.00104592464450422,0.0104592464450422
"percentile_latbin_OLS","q90","Northern","occurrence10_k1_tropical_temperate","Coldhouse","Transitional",12,14,-0.594380953668655,31,0.00346375898861325,0.0115458632953775
"percentile_latbin_OLS","q90","Northern","occurrence10_k1_tropical_temperate","Coolhouse","Warmhouse",15,8,-0.613316713179606,17,0.00304066902408991,0.0115458632953775
"percentile_latbin_OLS","q90","Northern","occurrence10_k1_tropical_temperate","Coldhouse","Warmhouse",12,8,-0.650552702404143,14,0.00487486843700597,0.0121871710925149
"percentile_latbin_OLS","q90","Northern","occurrence10_k1_tropical_temperate","Coolhouse","Hothouse",15,9,-0.71090909088654,25,0.00613303069310649,0.012266061386213
"percentile_latbin_OLS","q90","Northern","occurrence10_k1_tropical_temperate","Coldhouse","Hothouse",12,9,-0.748145080111077,20,0.00863891974688525,0.0143981995781421
"percentile_latbin_OLS","q90","Northern","occurrence10_k1_tropical_temperate","Coldhouse","Coolhouse",12,15,-0.0372359892245377,91,0.529173534919482,0.611592997922259
"percentile_latbin_OLS","q90","Northern","occurrence10_k1_tropical_temperate","Transitional","Warmhouse",14,8,-0.0561717487354886,56,0.513611734644148,0.611592997922259
"percentile_latbin_OLS","q90","Northern","occurrence10_k1_tropical_temperate","Transitional","Hothouse",14,9,-0.153764126442423,67,0.611592997922259,0.611592997922259
"percentile_latbin_OLS","q90","Northern","occurrence10_k1_tropical_temperate","Warmhouse","Hothouse",8,9,-0.097592377706934,37,0.557383042763399,0.611592997922259
"percentile_latbin_OLS","q90","Northern","occurrence10_k1_tropical_temperate_polar","Coldhouse","Transitional",6,6,-0.580961811787567,0,0.00253743404897013,0.0253743404897013
"percentile_latbin_OLS","q90","Northern","occurrence10_k1_tropical_temperate_polar","Coldhouse","Warmhouse",6,5,-0.597787119337149,2,0.0112394366830626,0.0365490478201237
"percentile_latbin_OLS","q90","Northern","occurrence10_k1_tropical_temperate_polar","Coldhouse","Hothouse",6,3,-0.674055144855798,0,0.0140929010739537,0.0365490478201237
"percentile_latbin_OLS","q90","Northern","occurrence10_k1_tropical_temperate_polar","Coolhouse","Transitional",9,6,-0.269928907139607,8,0.0146196191280495,0.0365490478201237
"percentile_latbin_OLS","q90","Northern","occurrence10_k1_tropical_temperate_polar","Coldhouse","Coolhouse",6,9,-0.31103290464796,11,0.0338730069203447,0.0564550115339078
"percentile_latbin_OLS","q90","Northern","occurrence10_k1_tropical_temperate_polar","Coolhouse","Hothouse",9,3,-0.363022240207837,3,0.0322288591353379,0.0564550115339078
"percentile_latbin_OLS","q90","Northern","occurrence10_k1_tropical_temperate_polar","Coolhouse","Warmhouse",9,5,-0.286754214689189,14,0.143061192195509,0.20437313170787
"percentile_latbin_OLS","q90","Northern","occurrence10_k1_tropical_temperate_polar","Warmhouse","Hothouse",5,3,-0.0762680255186486,5,0.275492493792547,0.344365617240683
"percentile_latbin_OLS","q90","Northern","occurrence10_k1_tropical_temperate_polar","Transitional","Hothouse",6,3,-0.0930933330682309,7,0.349267679151669,0.38807519905741
"percentile_latbin_OLS","q90","Northern","occurrence10_k1_tropical_temperate_polar","Transitional","Warmhouse",6,5,-0.0168253075495823,17,0.675961565930427,0.675961565930427
"percentile_latbin_OLS","q90","Northern","occurrence10_k2_tropical_temperate","Coldhouse","Transitional",6,10,-1.04042849810654,0,0.000687795633623293,0.00343897816811646
"percentile_latbin_OLS","q90","Northern","occurrence10_k2_tropical_temperate","Coolhouse","Transitional",8,10,-0.861874582748945,3,0.000591162551689301,0.00343897816811646
"percentile_latbin_OLS","q90","Northern","occurrence10_k2_tropical_temperate","Coldhouse","Warmhouse",6,8,-0.728677778698751,2,0.00275467509673836,0.00550935019347672
"percentile_latbin_OLS","q90","Northern","occurrence10_k2_tropical_temperate","Coldhouse","Hothouse",6,6,-0.845076088019078,0,0.00253743404897013,0.00550935019347672
"percentile_latbin_OLS","q90","Northern","occurrence10_k2_tropical_temperate","Coolhouse","Hothouse",8,6,-0.666522172661483,1,0.00183780605887062,0.00550935019347672
"percentile_latbin_OLS","q90","Northern","occurrence10_k2_tropical_temperate","Coolhouse","Warmhouse",8,8,-0.550123863341155,9,0.00906450393248599,0.0151075065541433
"percentile_latbin_OLS","q90","Northern","occurrence10_k2_tropical_temperate","Coldhouse","Coolhouse",6,8,-0.178553915357596,15,0.136245241734976,0.194636059621394
"percentile_latbin_OLS","q90","Northern","occurrence10_k2_tropical_temperate","Warmhouse","Hothouse",8,6,-0.116398309320328,21,0.373442816695182,0.466803520868977
"percentile_latbin_OLS","q90","Northern","occurrence10_k2_tropical_temperate","Transitional","Warmhouse",10,8,0.31175071940779,51,0.846562644712625,0.846562644712625
"percentile_latbin_OLS","q90","Northern","occurrence10_k2_tropical_temperate","Transitional","Hothouse",10,6,0.195352410087463,38,0.82172383111637,0.846562644712625
"percentile_latbin_OLS","q90","Northern","occurrence10_k2_tropical_temperate_polar","Coldhouse","Transitional",2,2,-0.463863830352024,0,0.122639058403386,0.18395858760508
"percentile_latbin_OLS","q90","Northern","occurrence10_k2_tropical_temperate_polar","Coolhouse","Transitional",3,2,-0.296654710196955,0,0.0744573365893828,0.18395858760508
"percentile_latbin_OLS","q90","Northern","occurrence10_k2_tropical_temperate_polar","Coldhouse","Coolhouse",2,3,-0.16720912015507,2,0.386414996342224,0.386414996342224
"percentile_latbin_OLS","q90","Northern","occurrence10_k2_tropical_temperate_polar","Coldhouse","Warmhouse",2,1,-0.566414083596916,NA,NA,NA
"percentile_latbin_OLS","q90","Northern","occurrence10_k2_tropical_temperate_polar","Coldhouse","Hothouse",2,1,-0.372495420737912,NA,NA,NA
"percentile_latbin_OLS","q90","Northern","occurrence10_k2_tropical_temperate_polar","Coolhouse","Warmhouse",3,1,-0.399204963441846,NA,NA,NA
"percentile_latbin_OLS","q90","Northern","occurrence10_k2_tropical_temperate_polar","Coolhouse","Hothouse",3,1,-0.205286300582842,NA,NA,NA
"percentile_latbin_OLS","q90","Northern","occurrence10_k2_tropical_temperate_polar","Transitional","Warmhouse",2,1,-0.102550253244891,NA,NA,NA
"percentile_latbin_OLS","q90","Northern","occurrence10_k2_tropical_temperate_polar","Transitional","Hothouse",2,1,0.0913684096141122,NA,NA,NA
"percentile_latbin_OLS","q90","Northern","occurrence10_k2_tropical_temperate_polar","Warmhouse","Hothouse",1,1,0.193918662859004,NA,NA,NA
"percentile_latbin_OLS","q90","Northern","occurrence10_k3_tropical_temperate","Coldhouse","Transitional",3,4,-1.30498551625569,0,0.0259149636089548,0.105192505120041
"percentile_latbin_OLS","q90","Northern","occurrence10_k3_tropical_temperate","Coldhouse","Warmhouse",3,4,-0.777581675403518,0,0.0259149636089548,0.105192505120041
"percentile_latbin_OLS","q90","Northern","occurrence10_k3_tropical_temperate","Coldhouse","Hothouse",3,3,-0.694044285894938,0,0.0404277991850261,0.105192505120041
"percentile_latbin_OLS","q90","Northern","occurrence10_k3_tropical_temperate","Coolhouse","Transitional",2,4,-1.27988305596703,0,0.0525962525600207,0.105192505120041
"percentile_latbin_OLS","q90","Northern","occurrence10_k3_tropical_temperate","Coolhouse","Warmhouse",2,4,-0.752479215114854,0,0.0525962525600207,0.105192505120041
"percentile_latbin_OLS","q90","Northern","occurrence10_k3_tropical_temperate","Coolhouse","Hothouse",2,3,-0.668941825606274,0,0.0744573365893828,0.124095560982305
"percentile_latbin_OLS","q90","Northern","occurrence10_k3_tropical_temperate","Coldhouse","Coolhouse",3,2,-0.0251024602886643,2,0.386414996342224,0.552021423346034
"percentile_latbin_OLS","q90","Northern","occurrence10_k3_tropical_temperate","Transitional","Warmhouse",4,4,0.527403840852172,11,0.843839289161892,0.93759921017988
"percentile_latbin_OLS","q90","Northern","occurrence10_k3_tropical_temperate","Warmhouse","Hothouse",4,3,0.0835373895085796,8,0.811620441094209,0.93759921017988
"percentile_latbin_OLS","q90","Northern","occurrence10_k3_tropical_temperate","Transitional","Hothouse",4,3,0.610941230360751,10,0.944194115850854,0.944194115850854
"percentile_latbin_OLS","q90","Northern","occurrence10_k3_tropical_temperate_polar","Coldhouse","Coolhouse",1,0,NA,NA,NA,NA
"percentile_latbin_OLS","q90","Northern","occurrence10_k3_tropical_temperate_polar","Coldhouse","Transitional",1,0,NA,NA,NA,NA
"percentile_latbin_OLS","q90","Northern","occurrence10_k3_tropical_temperate_polar","Coldhouse","Warmhouse",1,1,-0.552922083932123,NA,NA,NA
"percentile_latbin_OLS","q90","Northern","occurrence10_k3_tropical_temperate_polar","Coldhouse","Hothouse",1,1,-0.359003421073119,NA,NA,NA
"percentile_latbin_OLS","q90","Northern","occurrence10_k3_tropical_temperate_polar","Coolhouse","Transitional",0,0,NA,NA,NA,NA
"percentile_latbin_OLS","q90","Northern","occurrence10_k3_tropical_temperate_polar","Coolhouse","Warmhouse",0,1,NA,NA,NA,NA
"percentile_latbin_OLS","q90","Northern","occurrence10_k3_tropical_temperate_polar","Coolhouse","Hothouse",0,1,NA,NA,NA,NA
"percentile_latbin_OLS","q90","Northern","occurrence10_k3_tropical_temperate_polar","Transitional","Warmhouse",0,1,NA,NA,NA,NA
"percentile_latbin_OLS","q90","Northern","occurrence10_k3_tropical_temperate_polar","Transitional","Hothouse",0,1,NA,NA,NA,NA
"percentile_latbin_OLS","q90","Northern","occurrence10_k3_tropical_temperate_polar","Warmhouse","Hothouse",1,1,0.193918662859004,NA,NA,NA
"percentile_latbin_OLS","q90","Northern","collection5_k1_tropical_temperate","Coolhouse","Transitional",14,13,-0.939493039156291,13,8.46930945907443e-05,0.000846930945907443
"percentile_latbin_OLS","q90","Northern","collection5_k1_tropical_temperate","Coldhouse","Transitional",10,13,-1.14741166511446,7,0.000181236639082435,0.000906183195412177
"percentile_latbin_OLS","q90","Northern","collection5_k1_tropical_temperate","Coldhouse","Warmhouse",10,9,-0.875638023787538,12,0.003981744603275,0.0132724820109167
"percentile_latbin_OLS","q90","Northern","collection5_k1_tropical_temperate","Coolhouse","Warmhouse",14,9,-0.667719397829368,23,0.0064183820069224,0.016045955017306
"percentile_latbin_OLS","q90","Northern","collection5_k1_tropical_temperate","Coolhouse","Hothouse",14,9,-0.46042542239183,28,0.0148790337175996,0.0297580674351992
"percentile_latbin_OLS","q90","Northern","collection5_k1_tropical_temperate","Coldhouse","Hothouse",10,9,-0.668344048350001,20,0.0227276474245292,0.0378794123742154
"percentile_latbin_OLS","q90","Northern","collection5_k1_tropical_temperate","Coldhouse","Coolhouse",10,14,-0.20791862595817,56,0.214624023571839,0.30660574795977
"percentile_latbin_OLS","q90","Northern","collection5_k1_tropical_temperate","Transitional","Warmhouse",13,9,0.271773641326923,78,0.909153618386064,0.977429687213923
"percentile_latbin_OLS","q90","Northern","collection5_k1_tropical_temperate","Transitional","Hothouse",13,9,0.479067616764461,88,0.977429687213923,0.977429687213923
"percentile_latbin_OLS","q90","Northern","collection5_k1_tropical_temperate","Warmhouse","Hothouse",9,9,0.207293975437537,51,0.834306451876192,0.977429687213923
"percentile_latbin_OLS","q90","Northern","collection5_k1_tropical_temperate_polar","Coldhouse","Transitional",6,4,-0.677715155830949,0,0.00710701943454103,0.0355350971727052
"percentile_latbin_OLS","q90","Northern","collection5_k1_tropical_temperate_polar","Coldhouse","Hothouse",6,4,-0.595319840225283,0,0.00710701943454103,0.0355350971727052
"percentile_latbin_OLS","q90","Northern","collection5_k1_tropical_temperate_polar","Coldhouse","Warmhouse",6,6,-0.608065193112795,4,0.0153194939688516,0.0403049743625408
"percentile_latbin_OLS","q90","Northern","collection5_k1_tropical_temperate_polar","Coolhouse","Transitional",10,4,-0.425559167799638,5,0.0201524871812704,0.0403049743625408
"percentile_latbin_OLS","q90","Northern","collection5_k1_tropical_temperate_polar","Coolhouse","Hothouse",10,4,-0.343163852193972,5,0.0201524871812704,0.0403049743625408
"percentile_latbin_OLS","q90","Northern","collection5_k1_tropical_temperate_polar","Coldhouse","Coolhouse",6,10,-0.252155988031311,14,0.046360964153696,0.0662299487909943
"percentile_latbin_OLS","q90","Northern","collection5_k1_tropical_temperate_polar","Coolhouse","Warmhouse",10,6,-0.355909205081484,14,0.046360964153696,0.0662299487909943
"percentile_latbin_OLS","q90","Northern","collection5_k1_tropical_temperate_polar","Transitional","Warmhouse",4,6,0.0696499627181538,12,0.542446982789747,0.678058728487184
"percentile_latbin_OLS","q90","Northern","collection5_k1_tropical_temperate_polar","Warmhouse","Hothouse",6,4,0.0127453528875122,13,0.625440433499702,0.694933814999669
"percentile_latbin_OLS","q90","Northern","collection5_k1_tropical_temperate_polar","Transitional","Hothouse",4,4,0.082395315605666,10,0.764756788970605,0.764756788970605
"percentile_latbin_OLS","q90","Northern","collection5_k2_tropical_temperate","Coolhouse","Transitional",7,10,-1.09180227270269,1,0.000539135852838485,0.00539135852838485
"percentile_latbin_OLS","q90","Northern","collection5_k2_tropical_temperate","Coldhouse","Transitional",6,10,-0.995873417264713,2,0.00142815181405722,0.0071407590702861
"percentile_latbin_OLS","q90","Northern","collection5_k2_tropical_temperate","Coolhouse","Hothouse",7,5,-0.748061269904556,0,0.00288306045711863,0.00961020152372877
"percentile_latbin_OLS","q90","Northern","collection5_k2_tropical_temperate","Coolhouse","Warmhouse",7,6,-1.00031468019032,5,0.0134045653577979,0.0335114133944948
"percentile_latbin_OLS","q90","Northern","collection5_k2_tropical_temperate","Coldhouse","Hothouse",6,5,-0.652132414466583,3,0.0178818832954889,0.0357637665909779
"percentile_latbin_OLS","q90","Northern","collection5_k2_tropical_temperate","Coldhouse","Warmhouse",6,6,-0.904385824752343,6,0.0327760805827513,0.0546268009712521
"percentile_latbin_OLS","q90","Northern","collection5_k2_tropical_temperate","Coldhouse","Coolhouse",6,7,0.095928855437973,25,0.739841599746317,0.93710678768053
"percentile_latbin_OLS","q90","Northern","collection5_k2_tropical_temperate","Transitional","Warmhouse",10,6,0.0914875925123702,36,0.759602345911175,0.93710678768053
"percentile_latbin_OLS","q90","Northern","collection5_k2_tropical_temperate","Transitional","Hothouse",10,5,0.343741002798131,37,0.93710678768053,0.93710678768053
"percentile_latbin_OLS","q90","Northern","collection5_k2_tropical_temperate","Warmhouse","Hothouse",6,5,0.252253410285761,21,0.882333366745207,0.93710678768053
"percentile_latbin_OLS","q90","Northern","collection5_k2_tropical_temperate_polar","Coldhouse","Transitional",3,3,-0.417178235453529,0,0.0404277991850261,0.0606416987775392
"percentile_latbin_OLS","q90","Northern","collection5_k2_tropical_temperate_polar","Coolhouse","Transitional",5,3,-0.357599374107801,1,0.0368191350601513,0.0606416987775392
"percentile_latbin_OLS","q90","Northern","collection5_k2_tropical_temperate_polar","Coldhouse","Coolhouse",3,5,-0.0595788613457284,5,0.275492493792547,0.275492493792547
"percentile_latbin_OLS","q90","Northern","collection5_k2_tropical_temperate_polar","Coldhouse","Warmhouse",3,1,-0.522356297044103,NA,NA,NA
"percentile_latbin_OLS","q90","Northern","collection5_k2_tropical_temperate_polar","Coldhouse","Hothouse",3,1,-0.403971648247164,NA,NA,NA
"percentile_latbin_OLS","q90","Northern","collection5_k2_tropical_temperate_polar","Coolhouse","Warmhouse",5,1,-0.462777435698375,NA,NA,NA
"percentile_latbin_OLS","q90","Northern","collection5_k2_tropical_temperate_polar","Coolhouse","Hothouse",5,1,-0.344392786901435,NA,NA,NA
"percentile_latbin_OLS","q90","Northern","collection5_k2_tropical_temperate_polar","Transitional","Warmhouse",3,1,-0.105178061590574,NA,NA,NA
"percentile_latbin_OLS","q90","Northern","collection5_k2_tropical_temperate_polar","Transitional","Hothouse",3,1,0.0132065872063656,NA,NA,NA
"percentile_latbin_OLS","q90","Northern","collection5_k2_tropical_temperate_polar","Warmhouse","Hothouse",1,1,0.118384648796939,NA,NA,NA
"percentile_latbin_OLS","q90","Northern","collection5_k3_tropical_temperate","Coldhouse","Transitional",3,5,-1.31722165101667,0,0.0184442128535249,0.101701411542594
"percentile_latbin_OLS","q90","Northern","collection5_k3_tropical_temperate","Coldhouse","Warmhouse",3,4,-0.854380425611978,0,0.0259149636089548,0.101701411542594
"percentile_latbin_OLS","q90","Northern","collection5_k3_tropical_temperate","Coldhouse","Hothouse",3,3,-0.602127015326218,0,0.0404277991850261,0.101701411542594
"percentile_latbin_OLS","q90","Northern","collection5_k3_tropical_temperate","Coolhouse","Transitional",2,5,-1.31616198555984,0,0.0406805646170377,0.101701411542594
"percentile_latbin_OLS","q90","Northern","collection5_k3_tropical_temperate","Coolhouse","Warmhouse",2,4,-0.853320760155142,0,0.0525962525600207,0.105192505120041
"percentile_latbin_OLS","q90","Northern","collection5_k3_tropical_temperate","Coolhouse","Hothouse",2,3,-0.601067349869382,0,0.0744573365893828,0.124095560982305
"percentile_latbin_OLS","q90","Northern","collection5_k3_tropical_temperate","Coldhouse","Coolhouse",3,2,-0.001059665456836,3,0.613585003657776,0.876550005225395
"percentile_latbin_OLS","q90","Northern","collection5_k3_tropical_temperate","Transitional","Warmhouse",5,4,0.462841225404696,15,0.911045202506509,0.981555787146475
"percentile_latbin_OLS","q90","Northern","collection5_k3_tropical_temperate","Transitional","Hothouse",5,3,0.715094635690457,14,0.981555787146475,0.981555787146475
"percentile_latbin_OLS","q90","Northern","collection5_k3_tropical_temperate","Warmhouse","Hothouse",4,3,0.252253410285761,10,0.944194115850854,0.981555787146475
"percentile_latbin_OLS","q90","Northern","collection5_k3_tropical_temperate_polar","Coldhouse","Coolhouse",1,0,NA,NA,NA,NA
"percentile_latbin_OLS","q90","Northern","collection5_k3_tropical_temperate_polar","Coldhouse","Transitional",1,0,NA,NA,NA,NA
"percentile_latbin_OLS","q90","Northern","collection5_k3_tropical_temperate_polar","Coldhouse","Warmhouse",1,1,-0.522356297044103,NA,NA,NA
"percentile_latbin_OLS","q90","Northern","collection5_k3_tropical_temperate_polar","Coldhouse","Hothouse",1,1,-0.403971648247164,NA,NA,NA
"percentile_latbin_OLS","q90","Northern","collection5_k3_tropical_temperate_polar","Coolhouse","Transitional",0,0,NA,NA,NA,NA
"percentile_latbin_OLS","q90","Northern","collection5_k3_tropical_temperate_polar","Coolhouse","Warmhouse",0,1,NA,NA,NA,NA
"percentile_latbin_OLS","q90","Northern","collection5_k3_tropical_temperate_polar","Coolhouse","Hothouse",0,1,NA,NA,NA,NA
"percentile_latbin_OLS","q90","Northern","collection5_k3_tropical_temperate_polar","Transitional","Warmhouse",0,1,NA,NA,NA,NA
"percentile_latbin_OLS","q90","Northern","collection5_k3_tropical_temperate_polar","Transitional","Hothouse",0,1,NA,NA,NA,NA
"percentile_latbin_OLS","q90","Northern","collection5_k3_tropical_temperate_polar","Warmhouse","Hothouse",1,1,0.118384648796939,NA,NA,NA
"percentile_latbin_OLS","q90","Northern","collection10_k1_tropical_temperate","Coldhouse","Hothouse",8,6,-1.03452273525829,3,0.00406601094944092,0.0203300547472046
"percentile_latbin_OLS","q90","Northern","collection10_k1_tropical_temperate","Coolhouse","Hothouse",12,6,-0.828862664471321,7,0.00380082073761008,0.0203300547472046
"percentile_latbin_OLS","q90","Northern","collection10_k1_tropical_temperate","Coldhouse","Warmhouse",8,8,-0.831773357760655,8,0.0067936365319967,0.0226454551066557
"percentile_latbin_OLS","q90","Northern","collection10_k1_tropical_temperate","Coldhouse","Transitional",8,12,-1.36614237786498,19,0.0139452645601233,0.0348631614003082
"percentile_latbin_OLS","q90","Northern","collection10_k1_tropical_temperate","Coolhouse","Warmhouse",12,8,-0.626113286973681,22,0.0245704169559256,0.0491408339118512
"percentile_latbin_OLS","q90","Northern","collection10_k1_tropical_temperate","Coolhouse","Transitional",12,12,-1.160482307078,41,0.0391261142631185,0.0652101904385309
"percentile_latbin_OLS","q90","Northern","collection10_k1_tropical_temperate","Coldhouse","Coolhouse",8,12,-0.205660070786974,34,0.148810733945558,0.212586762779369
"percentile_latbin_OLS","q90","Northern","collection10_k1_tropical_temperate","Transitional","Warmhouse",12,8,0.534369020104323,48,0.515385716580331,0.572650796200368
"percentile_latbin_OLS","q90","Northern","collection10_k1_tropical_temperate","Warmhouse","Hothouse",8,6,-0.202749377497639,23,0.474266258425322,0.572650796200368
"percentile_latbin_OLS","q90","Northern","collection10_k1_tropical_temperate","Transitional","Hothouse",12,6,0.331619642606684,40,0.663291712683117,0.663291712683117
"percentile_latbin_OLS","q90","Northern","collection10_k1_tropical_temperate_polar","Coldhouse","Warmhouse",5,4,-0.354207938583577,3,0.0556734432665702,0.185578144221901
"percentile_latbin_OLS","q90","Northern","collection10_k1_tropical_temperate_polar","Coldhouse","Hothouse",5,2,-0.535012024393084,0,0.0406805646170377,0.185578144221901
"percentile_latbin_OLS","q90","Northern","collection10_k1_tropical_temperate_polar","Coolhouse","Hothouse",8,2,-0.338055914269482,1,0.0448240277200791,0.185578144221901
"percentile_latbin_OLS","q90","Northern","collection10_k1_tropical_temperate_polar","Coldhouse","Transitional",5,2,-0.412044479093175,1,0.087622122700003,0.219055306750008
"percentile_latbin_OLS","q90","Northern","collection10_k1_tropical_temperate_polar","Coolhouse","Warmhouse",8,4,-0.157251828459975,10,0.175118792409497,0.350237584818994
"percentile_latbin_OLS","q90","Northern","collection10_k1_tropical_temperate_polar","Coldhouse","Coolhouse",5,8,-0.196956110123602,15,0.255033763778767,0.367064922326938
"percentile_latbin_OLS","q90","Northern","collection10_k1_tropical_temperate_polar","Coolhouse","Transitional",8,2,-0.215088368969573,5,0.256945445628857,0.367064922326938
"percentile_latbin_OLS","q90","Northern","collection10_k1_tropical_temperate_polar","Transitional","Hothouse",2,2,-0.122967545299909,2,0.650732320848331,0.723035912053701
"percentile_latbin_OLS","q90","Northern","collection10_k1_tropical_temperate_polar","Warmhouse","Hothouse",4,2,-0.180804085809507,4,0.591519339142304,0.723035912053701
"percentile_latbin_OLS","q90","Northern","collection10_k1_tropical_temperate_polar","Transitional","Warmhouse",2,4,0.057836540509598,5,0.756273354817983,0.756273354817983
"percentile_latbin_OLS","q90","Northern","collection10_k2_tropical_temperate","Coldhouse","Hothouse",5,4,-1.00948431740331,0,0.00998222665260803,0.0374647889435421
"percentile_latbin_OLS","q90","Northern","collection10_k2_tropical_temperate","Coolhouse","Warmhouse",6,5,-1.4689654245383,2,0.0112394366830626,0.0374647889435421
"percentile_latbin_OLS","q90","Northern","collection10_k2_tropical_temperate","Coolhouse","Hothouse",6,4,-1.09992477227779,0,0.00710701943454103,0.0374647889435421
"percentile_latbin_OLS","q90","Northern","collection10_k2_tropical_temperate","Coldhouse","Transitional",5,8,-1.34110396001,6,0.024066198109791,0.040110330182985
"percentile_latbin_OLS","q90","Northern","collection10_k2_tropical_temperate","Coldhouse","Warmhouse",5,5,-1.37852496966382,2,0.018356928181352,0.040110330182985
"percentile_latbin_OLS","q90","Northern","collection10_k2_tropical_temperate","Coolhouse","Transitional",6,8,-1.43154441488448,8,0.0226939645193972,0.040110330182985
"percentile_latbin_OLS","q90","Northern","collection10_k2_tropical_temperate","Transitional","Warmhouse",8,5,-0.0374210096538248,17,0.357196518817163,0.510280741167376
"percentile_latbin_OLS","q90","Northern","collection10_k2_tropical_temperate","Transitional","Hothouse",8,4,0.331619642606684,18,0.664437270805094,0.810949236329211
"percentile_latbin_OLS","q90","Northern","collection10_k2_tropical_temperate","Warmhouse","Hothouse",5,4,0.369040652260509,12,0.72985431269629,0.810949236329211
"percentile_latbin_OLS","q90","Northern","collection10_k2_tropical_temperate","Coldhouse","Coolhouse",5,6,0.0904404548744782,20,0.842348773959127,0.842348773959127
"percentile_latbin_OLS","q90","Northern","collection10_k2_tropical_temperate_polar","Coolhouse","Transitional",2,2,-0.394495067496913,1,0.349267679151669,0.349267679151669
"percentile_latbin_OLS","q90","Northern","collection10_k2_tropical_temperate_polar","Coldhouse","Coolhouse",1,2,0.157242079055966,NA,NA,NA
"percentile_latbin_OLS","q90","Northern","collection10_k2_tropical_temperate_polar","Coldhouse","Transitional",1,2,-0.237252988440948,NA,NA,NA
"percentile_latbin_OLS","q90","Northern","collection10_k2_tropical_temperate_polar","Coldhouse","Warmhouse",1,1,-0.420753799604532,NA,NA,NA
"percentile_latbin_OLS","q90","Northern","collection10_k2_tropical_temperate_polar","Coldhouse","Hothouse",1,1,-0.305471062458364,NA,NA,NA
"percentile_latbin_OLS","q90","Northern","collection10_k2_tropical_temperate_polar","Coolhouse","Warmhouse",2,1,-0.577995878660498,NA,NA,NA
"percentile_latbin_OLS","q90","Northern","collection10_k2_tropical_temperate_polar","Coolhouse","Hothouse",2,1,-0.46271314151433,NA,NA,NA
"percentile_latbin_OLS","q90","Northern","collection10_k2_tropical_temperate_polar","Transitional","Warmhouse",2,1,-0.183500811163584,NA,NA,NA
"percentile_latbin_OLS","q90","Northern","collection10_k2_tropical_temperate_polar","Transitional","Hothouse",2,1,-0.0682180740174161,NA,NA,NA
"percentile_latbin_OLS","q90","Northern","collection10_k2_tropical_temperate_polar","Warmhouse","Hothouse",1,1,0.115282737146168,NA,NA,NA
"percentile_latbin_OLS","q90","Northern","collection10_k3_tropical_temperate","Coolhouse","Transitional",2,2,-1.56443519578127,0,0.122639058403386,0.245278116806773
"percentile_latbin_OLS","q90","Northern","collection10_k3_tropical_temperate","Coolhouse","Warmhouse",2,2,-1.64818939456958,0,0.122639058403386,0.245278116806773
"percentile_latbin_OLS","q90","Northern","collection10_k3_tropical_temperate","Coolhouse","Hothouse",2,2,-0.738847222457601,0,0.122639058403386,0.245278116806773
"percentile_latbin_OLS","q90","Northern","collection10_k3_tropical_temperate","Transitional","Warmhouse",2,2,-0.0837541987883075,2,0.650732320848331,0.973596244291943
"percentile_latbin_OLS","q90","Northern","collection10_k3_tropical_temperate","Transitional","Hothouse",2,2,0.825587973323666,4,0.973596244291943,0.973596244291943
"percentile_latbin_OLS","q90","Northern","collection10_k3_tropical_temperate","Warmhouse","Hothouse",2,2,0.909342172111974,3,0.877360941596614,0.973596244291943
"percentile_latbin_OLS","q90","Northern","collection10_k3_tropical_temperate","Coldhouse","Coolhouse",1,2,-0.0430486726623814,NA,NA,NA
"percentile_latbin_OLS","q90","Northern","collection10_k3_tropical_temperate","Coldhouse","Transitional",1,2,-1.60748386844365,NA,NA,NA
"percentile_latbin_OLS","q90","Northern","collection10_k3_tropical_temperate","Coldhouse","Warmhouse",1,2,-1.69123806723196,NA,NA,NA
"percentile_latbin_OLS","q90","Northern","collection10_k3_tropical_temperate","Coldhouse","Hothouse",1,2,-0.781895895119983,NA,NA,NA
"percentile_latbin_OLS","q90","Northern","collection10_k3_tropical_temperate_polar","Coldhouse","Coolhouse",0,0,NA,NA,NA,NA
"percentile_latbin_OLS","q90","Northern","collection10_k3_tropical_temperate_polar","Coldhouse","Transitional",0,0,NA,NA,NA,NA
"percentile_latbin_OLS","q90","Northern","collection10_k3_tropical_temperate_polar","Coldhouse","Warmhouse",0,1,NA,NA,NA,NA
"percentile_latbin_OLS","q90","Northern","collection10_k3_tropical_temperate_polar","Coldhouse","Hothouse",0,0,NA,NA,NA,NA
"percentile_latbin_OLS","q90","Northern","collection10_k3_tropical_temperate_polar","Coolhouse","Transitional",0,0,NA,NA,NA,NA
"percentile_latbin_OLS","q90","Northern","collection10_k3_tropical_temperate_polar","Coolhouse","Warmhouse",0,1,NA,NA,NA,NA
"percentile_latbin_OLS","q90","Northern","collection10_k3_tropical_temperate_polar","Coolhouse","Hothouse",0,0,NA,NA,NA,NA
"percentile_latbin_OLS","q90","Northern","collection10_k3_tropical_temperate_polar","Transitional","Warmhouse",0,1,NA,NA,NA,NA
"percentile_latbin_OLS","q90","Northern","collection10_k3_tropical_temperate_polar","Transitional","Hothouse",0,0,NA,NA,NA,NA
"percentile_latbin_OLS","q90","Northern","collection10_k3_tropical_temperate_polar","Warmhouse","Hothouse",1,0,NA,NA,NA,NA
"percentile_latbin_OLS","q90","Southern","occurrence5_k1_tropical_temperate","Coldhouse","Warmhouse",9,10,-0.700118177119805,9,0.0018743857575299,0.00937192878764951
"percentile_latbin_OLS","q90","Southern","occurrence5_k1_tropical_temperate","Coldhouse","Hothouse",9,11,-0.945928708749821,9,0.00118702636258236,0.00937192878764951
"percentile_latbin_OLS","q90","Southern","occurrence5_k1_tropical_temperate","Transitional","Hothouse",10,11,-0.612821611994748,16,0.00335313780390279,0.0111771260130093
"percentile_latbin_OLS","q90","Southern","occurrence5_k1_tropical_temperate","Coldhouse","Coolhouse",9,16,-0.34443545229176,31,0.0109280045491569,0.0273200113728921
"percentile_latbin_OLS","q90","Southern","occurrence5_k1_tropical_temperate","Coldhouse","Transitional",9,10,-0.333107096755074,21,0.0275069161769895,0.0533517510691891
"percentile_latbin_OLS","q90","Southern","occurrence5_k1_tropical_temperate","Transitional","Warmhouse",10,10,-0.367011080364732,25,0.0320110506415135,0.0533517510691891
"percentile_latbin_OLS","q90","Southern","occurrence5_k1_tropical_temperate","Coolhouse","Hothouse",16,11,-0.601493256458062,62,0.104135745005655,0.148765350008078
"percentile_latbin_OLS","q90","Southern","occurrence5_k1_tropical_temperate","Warmhouse","Hothouse",10,11,-0.245810531630016,42,0.189369125943265,0.236711407429081
"percentile_latbin_OLS","q90","Southern","occurrence5_k1_tropical_temperate","Coolhouse","Warmhouse",16,10,-0.355682724828045,72,0.34631639202098,0.384795991134422
"percentile_latbin_OLS","q90","Southern","occurrence5_k1_tropical_temperate","Coolhouse","Transitional",16,10,0.0113283555366862,92,0.744990415783333,0.744990415783333
"percentile_latbin_OLS","q90","Southern","occurrence5_k1_tropical_temperate_polar","Coolhouse","Hothouse",10,6,-0.55294249860629,5,0.00393731952383336,0.0393731952383336
"percentile_latbin_OLS","q90","Southern","occurrence5_k1_tropical_temperate_polar","Transitional","Hothouse",7,6,-0.391534518803111,5,0.0134045653577979,0.0670228267889896
"percentile_latbin_OLS","q90","Southern","occurrence5_k1_tropical_temperate_polar","Warmhouse","Hothouse",6,6,-0.393511118645948,7,0.0463479012789063,0.154493004263021
"percentile_latbin_OLS","q90","Southern","occurrence5_k1_tropical_temperate_polar","Coldhouse","Hothouse",2,6,-0.429233505881626,1,0.0668072012688581,0.167018003172145
"percentile_latbin_OLS","q90","Southern","occurrence5_k1_tropical_temperate_polar","Coolhouse","Transitional",10,7,-0.16140797980318,22,0.111256114862955,0.222512229725911
"percentile_latbin_OLS","q90","Southern","occurrence5_k1_tropical_temperate_polar","Coolhouse","Warmhouse",10,6,-0.159431379960342,25,0.312741796808226,0.52123632801371
"percentile_latbin_OLS","q90","Southern","occurrence5_k1_tropical_temperate_polar","Coldhouse","Transitional",2,7,-0.0376989870785152,6,0.441808729690684,0.552260912113355
"percentile_latbin_OLS","q90","Southern","occurrence5_k1_tropical_temperate_polar","Transitional","Warmhouse",7,6,0.00197659984283763,19,0.415162128827898,0.552260912113355
"percentile_latbin_OLS","q90","Southern","occurrence5_k1_tropical_temperate_polar","Coldhouse","Warmhouse",2,6,-0.0357223872356776,6,0.566183832610904,0.629093147345449
"percentile_latbin_OLS","q90","Southern","occurrence5_k1_tropical_temperate_polar","Coldhouse","Coolhouse",2,10,0.123708992724665,17,0.94643830037308,0.94643830037308
"percentile_latbin_OLS","q90","Southern","occurrence5_k2_tropical_temperate","Coldhouse","Hothouse",5,5,-0.948959474563889,0,0.0060928901776724,0.030464450888362
"percentile_latbin_OLS","q90","Southern","occurrence5_k2_tropical_temperate","Transitional","Hothouse",5,5,-0.98087769053509,0,0.0060928901776724,0.030464450888362
"percentile_latbin_OLS","q90","Southern","occurrence5_k2_tropical_temperate","Coldhouse","Warmhouse",5,5,-0.720717341826745,1,0.0107858739738605,0.0359529132462016
"percentile_latbin_OLS","q90","Southern","occurrence5_k2_tropical_temperate","Transitional","Warmhouse",5,5,-0.752635557797946,2,0.018356928181352,0.0458923204533801
"percentile_latbin_OLS","q90","Southern","occurrence5_k2_tropical_temperate","Coldhouse","Coolhouse",5,10,-0.320005690085488,12,0.06289321231947,0.10482202053245
"percentile_latbin_OLS","q90","Southern","occurrence5_k2_tropical_temperate","Coolhouse","Hothouse",10,5,-0.628953784478401,12,0.06289321231947,0.10482202053245
"percentile_latbin_OLS","q90","Southern","occurrence5_k2_tropical_temperate","Warmhouse","Hothouse",5,5,-0.228242132737144,6,0.105037520393329,0.150053600561899
"percentile_latbin_OLS","q90","Southern","occurrence5_k2_tropical_temperate","Coolhouse","Warmhouse",10,5,-0.400711651741257,19,0.25027974890907,0.312849686136337
"percentile_latbin_OLS","q90","Southern","occurrence5_k2_tropical_temperate","Coldhouse","Transitional",5,5,0.0319182159712009,10,0.338051657011573,0.375612952235082
"percentile_latbin_OLS","q90","Southern","occurrence5_k2_tropical_temperate","Coolhouse","Transitional",10,5,0.351923906056688,33,0.851069916225097,0.851069916225097
"percentile_latbin_OLS","q90","Southern","occurrence5_k2_tropical_temperate_polar","Coolhouse","Hothouse",6,3,-0.625923018664334,2,0.0466449780918023,0.223372009768148
"percentile_latbin_OLS","q90","Southern","occurrence5_k2_tropical_temperate_polar","Transitional","Hothouse",2,3,-0.52432983726817,0,0.0744573365893828,0.223372009768148
"percentile_latbin_OLS","q90","Southern","occurrence5_k2_tropical_temperate_polar","Coolhouse","Transitional",6,2,-0.101593181396163,2,0.121672504574381,0.243345009148762
"percentile_latbin_OLS","q90","Southern","occurrence5_k2_tropical_temperate_polar","Coolhouse","Warmhouse",6,4,-0.380112487034318,8,0.227772546894665,0.243726645182017
"percentile_latbin_OLS","q90","Southern","occurrence5_k2_tropical_temperate_polar","Transitional","Warmhouse",2,4,-0.278519305638154,2,0.243726645182017,0.243726645182017
"percentile_latbin_OLS","q90","Southern","occurrence5_k2_tropical_temperate_polar","Warmhouse","Hothouse",4,3,-0.245810531630016,3,0.188379558905791,0.243726645182017
"percentile_latbin_OLS","q90","Southern","occurrence5_k2_tropical_temperate_polar","Coldhouse","Coolhouse",0,6,NA,NA,NA,NA
"percentile_latbin_OLS","q90","Southern","occurrence5_k2_tropical_temperate_polar","Coldhouse","Transitional",0,2,NA,NA,NA,NA
"percentile_latbin_OLS","q90","Southern","occurrence5_k2_tropical_temperate_polar","Coldhouse","Warmhouse",0,4,NA,NA,NA,NA
"percentile_latbin_OLS","q90","Southern","occurrence5_k2_tropical_temperate_polar","Coldhouse","Hothouse",0,3,NA,NA,NA,NA
"percentile_latbin_OLS","q90","Southern","occurrence5_k3_tropical_temperate","Coldhouse","Hothouse",2,4,-0.670850415370777,0,0.0525962525600207,0.186019613830487
"percentile_latbin_OLS","q90","Southern","occurrence5_k3_tropical_temperate","Transitional","Warmhouse",3,4,-0.847625606062238,1,0.0558058841491461,0.186019613830487
"percentile_latbin_OLS","q90","Southern","occurrence5_k3_tropical_temperate","Transitional","Hothouse",3,4,-0.979362307628056,0,0.0259149636089548,0.186019613830487
"percentile_latbin_OLS","q90","Southern","occurrence5_k3_tropical_temperate","Coldhouse","Warmhouse",2,4,-0.539113713804959,1,0.123579986605954,0.247159973211907
"percentile_latbin_OLS","q90","Southern","occurrence5_k3_tropical_temperate","Coolhouse","Hothouse",6,4,-0.598885601798671,6,0.120477334350785,0.247159973211907
"percentile_latbin_OLS","q90","Southern","occurrence5_k3_tropical_temperate","Warmhouse","Hothouse",4,4,-0.131736701565819,5,0.235243211029395,0.392072018382325
"percentile_latbin_OLS","q90","Southern","occurrence5_k3_tropical_temperate","Coldhouse","Coolhouse",2,6,-0.0719648135721064,5,0.433816167389096,0.571941271512816
"percentile_latbin_OLS","q90","Southern","occurrence5_k3_tropical_temperate","Coolhouse","Warmhouse",6,4,-0.467148900232852,11,0.457553017210253,0.571941271512816
"percentile_latbin_OLS","q90","Southern","occurrence5_k3_tropical_temperate","Coldhouse","Transitional",2,3,0.308511892257279,5,0.925542663410617,0.925542663410617
"percentile_latbin_OLS","q90","Southern","occurrence5_k3_tropical_temperate","Coolhouse","Transitional",6,3,0.380476705829385,14,0.922209826103901,0.925542663410617
"percentile_latbin_OLS","q90","Southern","occurrence5_k3_tropical_temperate_polar","Coolhouse","Warmhouse",3,2,-0.47264654015567,0,0.0744573365893828,0.111686004884074
"percentile_latbin_OLS","q90","Southern","occurrence5_k3_tropical_temperate_polar","Coolhouse","Hothouse",3,3,-0.602867858814455,0,0.0404277991850261,0.111686004884074
"percentile_latbin_OLS","q90","Southern","occurrence5_k3_tropical_temperate_polar","Warmhouse","Hothouse",2,3,-0.130221318658785,2,0.386414996342224,0.386414996342224
"percentile_latbin_OLS","q90","Southern","occurrence5_k3_tropical_temperate_polar","Coldhouse","Coolhouse",0,3,NA,NA,NA,NA
"percentile_latbin_OLS","q90","Southern","occurrence5_k3_tropical_temperate_polar","Coldhouse","Transitional",0,1,NA,NA,NA,NA
"percentile_latbin_OLS","q90","Southern","occurrence5_k3_tropical_temperate_polar","Coldhouse","Warmhouse",0,2,NA,NA,NA,NA
"percentile_latbin_OLS","q90","Southern","occurrence5_k3_tropical_temperate_polar","Coldhouse","Hothouse",0,3,NA,NA,NA,NA
"percentile_latbin_OLS","q90","Southern","occurrence5_k3_tropical_temperate_polar","Coolhouse","Transitional",3,1,-0.0401627917675018,NA,NA,NA
"percentile_latbin_OLS","q90","Southern","occurrence5_k3_tropical_temperate_polar","Transitional","Warmhouse",1,2,-0.432483748388169,NA,NA,NA
"percentile_latbin_OLS","q90","Southern","occurrence5_k3_tropical_temperate_polar","Transitional","Hothouse",1,3,-0.562705067046954,NA,NA,NA
"percentile_latbin_OLS","q90","Southern","occurrence10_k1_tropical_temperate","Coldhouse","Hothouse",9,10,-0.940060750508781,0,0.000139850135093343,0.000699250675466717
"percentile_latbin_OLS","q90","Southern","occurrence10_k1_tropical_temperate","Transitional","Hothouse",9,10,-0.66459936472931,0,0.000139850135093343,0.000699250675466717
"percentile_latbin_OLS","q90","Southern","occurrence10_k1_tropical_temperate","Coldhouse","Warmhouse",9,9,-0.705551620878298,7,0.00178431421846669,0.00594771406155564
"percentile_latbin_OLS","q90","Southern","occurrence10_k1_tropical_temperate","Coldhouse","Coolhouse",9,16,-0.352004871029355,27,0.00587914720029857,0.0146978680007464
"percentile_latbin_OLS","q90","Southern","occurrence10_k1_tropical_temperate","Transitional","Warmhouse",9,9,-0.430090235098827,15,0.0136376918807927,0.0272753837615853
"percentile_latbin_OLS","q90","Southern","occurrence10_k1_tropical_temperate","Warmhouse","Hothouse",9,10,-0.234509129630483,21,0.0275069161769895,0.0458448602949825
"percentile_latbin_OLS","q90","Southern","occurrence10_k1_tropical_temperate","Coolhouse","Hothouse",16,10,-0.588055879479427,46,0.0387310680397185,0.0553300971995978
"percentile_latbin_OLS","q90","Southern","occurrence10_k1_tropical_temperate","Coldhouse","Transitional",9,9,-0.275461385779472,22,0.0559806771318742,0.0699758464148427
"percentile_latbin_OLS","q90","Southern","occurrence10_k1_tropical_temperate","Coolhouse","Warmhouse",16,9,-0.353546749848943,62,0.295346659942355,0.328162955491506
"percentile_latbin_OLS","q90","Southern","occurrence10_k1_tropical_temperate","Coolhouse","Transitional",16,9,0.0765434852498831,93,0.88823551870603,0.88823551870603
"percentile_latbin_OLS","q90","Southern","occurrence10_k1_tropical_temperate_polar","Transitional","Hothouse",6,5,-0.572611728630979,0,0.00405655863278289,0.0405655863278289
"percentile_latbin_OLS","q90","Southern","occurrence10_k1_tropical_temperate_polar","Coolhouse","Hothouse",9,5,-0.648974682485934,4,0.00819753592459613,0.0409876796229807
"percentile_latbin_OLS","q90","Southern","occurrence10_k1_tropical_temperate_polar","Warmhouse","Hothouse",5,5,-0.274060565867952,3,0.0300514029694332,0.100171343231444
"percentile_latbin_OLS","q90","Southern","occurrence10_k1_tropical_temperate_polar","Coldhouse","Hothouse",2,5,-0.547965928814224,0,0.0406805646170377,0.101701411542594
"percentile_latbin_OLS","q90","Southern","occurrence10_k1_tropical_temperate_polar","Coolhouse","Transitional",9,6,-0.0763629538549551,22,0.297941545282589,0.425630778975127
"percentile_latbin_OLS","q90","Southern","occurrence10_k1_tropical_temperate_polar","Coolhouse","Warmhouse",9,5,-0.374914116617982,18,0.296901428603851,0.425630778975127
"percentile_latbin_OLS","q90","Southern","occurrence10_k1_tropical_temperate_polar","Transitional","Warmhouse",6,5,-0.298551162763027,11,0.261408326959544,0.425630778975127
"percentile_latbin_OLS","q90","Southern","occurrence10_k1_tropical_temperate_polar","Coldhouse","Warmhouse",2,5,-0.273905362946272,4,0.423225298438295,0.529031623047869
"percentile_latbin_OLS","q90","Southern","occurrence10_k1_tropical_temperate_polar","Coldhouse","Transitional",2,6,0.024645799816755,7,0.691462461274013,0.768291623637792
"percentile_latbin_OLS","q90","Southern","occurrence10_k1_tropical_temperate_polar","Coldhouse","Coolhouse",2,9,0.10100875367171,14,0.902574675695565,0.902574675695565
"percentile_latbin_OLS","q90","Southern","occurrence10_k2_tropical_temperate","Coldhouse","Warmhouse",4,5,-1.14067811624526,0,0.00998222665260803,0.0249555666315201
"percentile_latbin_OLS","q90","Southern","occurrence10_k2_tropical_temperate","Coldhouse","Hothouse",4,5,-1.37251814934507,0,0.00998222665260803,0.0249555666315201
"percentile_latbin_OLS","q90","Southern","occurrence10_k2_tropical_temperate","Transitional","Warmhouse",5,5,-0.830698567310126,0,0.0060928901776724,0.0249555666315201
"percentile_latbin_OLS","q90","Southern","occurrence10_k2_tropical_temperate","Transitional","Hothouse",5,5,-1.06253860040994,0,0.0060928901776724,0.0249555666315201
"percentile_latbin_OLS","q90","Southern","occurrence10_k2_tropical_temperate","Coolhouse","Hothouse",10,5,-0.686443829238225,12,0.06289321231947,0.119726734839134
"percentile_latbin_OLS","q90","Southern","occurrence10_k2_tropical_temperate","Warmhouse","Hothouse",5,5,-0.231840033099816,5,0.0718360409034801,0.119726734839134
"percentile_latbin_OLS","q90","Southern","occurrence10_k2_tropical_temperate","Coldhouse","Coolhouse",4,10,-0.686074320106848,10,0.089554596363361,0.127935137661944
"percentile_latbin_OLS","q90","Southern","occurrence10_k2_tropical_temperate","Coolhouse","Warmhouse",10,5,-0.454603796138409,15,0.122311802563492,0.152889753204365
"percentile_latbin_OLS","q90","Southern","occurrence10_k2_tropical_temperate","Coldhouse","Transitional",4,5,-0.309979548935131,7,0.27014568730371,0.3001618747819
"percentile_latbin_OLS","q90","Southern","occurrence10_k2_tropical_temperate","Coolhouse","Transitional",10,5,0.376094771171717,33,0.851069916225097,0.851069916225097
"percentile_latbin_OLS","q90","Southern","occurrence10_k2_tropical_temperate_polar","Coolhouse","Warmhouse",5,3,-0.416130256670497,0,0.0184442128535249,0.0553326385605748
"percentile_latbin_OLS","q90","Southern","occurrence10_k2_tropical_temperate_polar","Coolhouse","Hothouse",5,3,-0.648974682485934,0,0.0184442128535249,0.0553326385605748
"percentile_latbin_OLS","q90","Southern","occurrence10_k2_tropical_temperate_polar","Coolhouse","Transitional",5,2,-0.127769641133396,0,0.0406805646170377,0.0813611292340755
"percentile_latbin_OLS","q90","Southern","occurrence10_k2_tropical_temperate_polar","Transitional","Warmhouse",2,3,-0.288360615537101,0,0.0744573365893828,0.0893488039072594
"percentile_latbin_OLS","q90","Southern","occurrence10_k2_tropical_temperate_polar","Transitional","Hothouse",2,3,-0.521205041352538,0,0.0744573365893828,0.0893488039072594
"percentile_latbin_OLS","q90","Southern","occurrence10_k2_tropical_temperate_polar","Warmhouse","Hothouse",3,3,-0.232844425815438,2,0.191366544442613,0.191366544442613
"percentile_latbin_OLS","q90","Southern","occurrence10_k2_tropical_temperate_polar","Coldhouse","Coolhouse",0,5,NA,NA,NA,NA
"percentile_latbin_OLS","q90","Southern","occurrence10_k2_tropical_temperate_polar","Coldhouse","Transitional",0,2,NA,NA,NA,NA
"percentile_latbin_OLS","q90","Southern","occurrence10_k2_tropical_temperate_polar","Coldhouse","Warmhouse",0,3,NA,NA,NA,NA
"percentile_latbin_OLS","q90","Southern","occurrence10_k2_tropical_temperate_polar","Coldhouse","Hothouse",0,3,NA,NA,NA,NA
"percentile_latbin_OLS","q90","Southern","occurrence10_k3_tropical_temperate","Transitional","Warmhouse",3,4,-0.886310624775582,0,0.0259149636089548,0.121283397555078
"percentile_latbin_OLS","q90","Southern","occurrence10_k3_tropical_temperate","Transitional","Hothouse",3,3,-0.995505751776631,0,0.0404277991850261,0.121283397555078
"percentile_latbin_OLS","q90","Southern","occurrence10_k3_tropical_temperate","Coolhouse","Hothouse",6,3,-0.586391175664381,4,0.122639058403386,0.245278116806773
"percentile_latbin_OLS","q90","Southern","occurrence10_k3_tropical_temperate","Coolhouse","Warmhouse",6,4,-0.477196048663332,8,0.227772546894665,0.341658820341998
"percentile_latbin_OLS","q90","Southern","occurrence10_k3_tropical_temperate","Warmhouse","Hothouse",4,3,-0.109195127001049,5,0.429841897599333,0.5158102771192
"percentile_latbin_OLS","q90","Southern","occurrence10_k3_tropical_temperate","Coolhouse","Transitional",6,3,0.40911457611225,14,0.922209826103901,0.922209826103901
"percentile_latbin_OLS","q90","Southern","occurrence10_k3_tropical_temperate","Coldhouse","Coolhouse",0,6,NA,NA,NA,NA
"percentile_latbin_OLS","q90","Southern","occurrence10_k3_tropical_temperate","Coldhouse","Transitional",0,3,NA,NA,NA,NA
"percentile_latbin_OLS","q90","Southern","occurrence10_k3_tropical_temperate","Coldhouse","Warmhouse",0,4,NA,NA,NA,NA
"percentile_latbin_OLS","q90","Southern","occurrence10_k3_tropical_temperate","Coldhouse","Hothouse",0,3,NA,NA,NA,NA
"percentile_latbin_OLS","q90","Southern","occurrence10_k3_tropical_temperate_polar","Coolhouse","Warmhouse",3,2,-0.446633531048378,0,0.0744573365893828,0.111686004884074
"percentile_latbin_OLS","q90","Southern","occurrence10_k3_tropical_temperate_polar","Coolhouse","Hothouse",3,3,-0.589847278723893,0,0.0404277991850261,0.111686004884074
"percentile_latbin_OLS","q90","Southern","occurrence10_k3_tropical_temperate_polar","Warmhouse","Hothouse",2,3,-0.143213747675515,2,0.386414996342224,0.386414996342224
"percentile_latbin_OLS","q90","Southern","occurrence10_k3_tropical_temperate_polar","Coldhouse","Coolhouse",0,3,NA,NA,NA,NA
"percentile_latbin_OLS","q90","Southern","occurrence10_k3_tropical_temperate_polar","Coldhouse","Transitional",0,1,NA,NA,NA,NA
"percentile_latbin_OLS","q90","Southern","occurrence10_k3_tropical_temperate_polar","Coldhouse","Warmhouse",0,2,NA,NA,NA,NA
"percentile_latbin_OLS","q90","Southern","occurrence10_k3_tropical_temperate_polar","Coldhouse","Hothouse",0,3,NA,NA,NA,NA
"percentile_latbin_OLS","q90","Southern","occurrence10_k3_tropical_temperate_polar","Coolhouse","Transitional",3,1,-0.00778804536045069,NA,NA,NA
"percentile_latbin_OLS","q90","Southern","occurrence10_k3_tropical_temperate_polar","Transitional","Warmhouse",1,2,-0.438845485687927,NA,NA,NA
"percentile_latbin_OLS","q90","Southern","occurrence10_k3_tropical_temperate_polar","Transitional","Hothouse",1,3,-0.582059233363443,NA,NA,NA
"percentile_latbin_OLS","q90","Southern","collection5_k1_tropical_temperate","Coldhouse","Hothouse",9,9,-0.825639907382265,8,0.00235909936405751,0.0235909936405751
"percentile_latbin_OLS","q90","Southern","collection5_k1_tropical_temperate","Coldhouse","Warmhouse",9,7,-0.585160494168791,7,0.00553582227659594,0.0276791113829797
"percentile_latbin_OLS","q90","Southern","collection5_k1_tropical_temperate","Coldhouse","Coolhouse",9,16,-0.276292874651796,37,0.02539926036942,0.05079852073884
"percentile_latbin_OLS","q90","Southern","collection5_k1_tropical_temperate","Coldhouse","Transitional",9,10,-0.360843688869118,19,0.0186682079603314,0.05079852073884
"percentile_latbin_OLS","q90","Southern","collection5_k1_tropical_temperate","Transitional","Hothouse",10,9,-0.464796218513147,20,0.0227276474245292,0.05079852073884
"percentile_latbin_OLS","q90","Southern","collection5_k1_tropical_temperate","Transitional","Warmhouse",10,7,-0.224316805299674,23,0.130870623095178,0.218117705158631
"percentile_latbin_OLS","q90","Southern","collection5_k1_tropical_temperate","Coolhouse","Hothouse",16,9,-0.549347032730469,54,0.160905689599075,0.229865270855822
"percentile_latbin_OLS","q90","Southern","collection5_k1_tropical_temperate","Warmhouse","Hothouse",7,9,-0.240479413213473,23,0.198550572913125,0.248188216141407
"percentile_latbin_OLS","q90","Southern","collection5_k1_tropical_temperate","Coolhouse","Warmhouse",16,7,-0.308867619516996,46,0.262797223125208,0.291996914583564
"percentile_latbin_OLS","q90","Southern","collection5_k1_tropical_temperate","Coolhouse","Transitional",16,10,-0.084550814217322,84,0.593737865342316,0.593737865342316
"percentile_latbin_OLS","q90","Southern","collection5_k1_tropical_temperate_polar","Transitional","Hothouse",7,4,-0.492868056063255,0,0.0053667080514986,0.053667080514986
"percentile_latbin_OLS","q90","Southern","collection5_k1_tropical_temperate_polar","Coolhouse","Hothouse",9,4,-0.655945807438711,3,0.0126301508160062,0.0631507540800311
"percentile_latbin_OLS","q90","Southern","collection5_k1_tropical_temperate_polar","Coldhouse","Hothouse",2,4,-0.528616074235926,0,0.0525962525600207,0.161609043568676
"percentile_latbin_OLS","q90","Southern","collection5_k1_tropical_temperate_polar","Coolhouse","Warmhouse",9,4,-0.405279451767625,9,0.0948311998820729,0.161609043568676
"percentile_latbin_OLS","q90","Southern","collection5_k1_tropical_temperate_polar","Transitional","Warmhouse",7,4,-0.242201700392169,6,0.0781878608798223,0.161609043568676
"percentile_latbin_OLS","q90","Southern","collection5_k1_tropical_temperate_polar","Warmhouse","Hothouse",4,4,-0.250666355671086,3,0.0969654261412053,0.161609043568676
"percentile_latbin_OLS","q90","Southern","collection5_k1_tropical_temperate_polar","Coldhouse","Warmhouse",2,4,-0.27794971856484,2,0.243726645182017,0.304658306477522
"percentile_latbin_OLS","q90","Southern","collection5_k1_tropical_temperate_polar","Coolhouse","Transitional",9,7,-0.163077751375456,24,0.229359279362511,0.304658306477522
"percentile_latbin_OLS","q90","Southern","collection5_k1_tropical_temperate_polar","Coldhouse","Transitional",2,7,-0.0357480181726709,6,0.441808729690684,0.490898588545205
"percentile_latbin_OLS","q90","Southern","collection5_k1_tropical_temperate_polar","Coldhouse","Coolhouse",2,9,0.127329733202785,14,0.902574675695565,0.902574675695565
"percentile_latbin_OLS","q90","Southern","collection5_k2_tropical_temperate","Coldhouse","Hothouse",3,5,-1.5708448815034,0,0.0184442128535249,0.0922210642676247
"percentile_latbin_OLS","q90","Southern","collection5_k2_tropical_temperate","Transitional","Hothouse",5,5,-0.482607020022416,1,0.0107858739738605,0.0922210642676247
"percentile_latbin_OLS","q90","Southern","collection5_k2_tropical_temperate","Coldhouse","Coolhouse",3,8,-0.994506451324872,5,0.0922862764199414,0.153810460699902
"percentile_latbin_OLS","q90","Southern","collection5_k2_tropical_temperate","Coldhouse","Transitional",3,5,-1.08823786148098,2,0.0680185640570718,0.153810460699902
"percentile_latbin_OLS","q90","Southern","collection5_k2_tropical_temperate","Coldhouse","Warmhouse",3,4,-1.4442168558892,1,0.0558058841491461,0.153810460699902
"percentile_latbin_OLS","q90","Southern","collection5_k2_tropical_temperate","Transitional","Warmhouse",5,4,-0.355978994408216,4,0.0889547974934913,0.153810460699902
"percentile_latbin_OLS","q90","Southern","collection5_k2_tropical_temperate","Coolhouse","Hothouse",8,5,-0.576338430178523,13,0.170674656977379,0.243820938539114
"percentile_latbin_OLS","q90","Southern","collection5_k2_tropical_temperate","Warmhouse","Hothouse",4,5,-0.1266280256142,6,0.19563363964132,0.24454204955165
"percentile_latbin_OLS","q90","Southern","collection5_k2_tropical_temperate","Coolhouse","Warmhouse",8,4,-0.449710404564323,13,0.335562729194906,0.372847476883229
"percentile_latbin_OLS","q90","Southern","collection5_k2_tropical_temperate","Coolhouse","Transitional",8,5,-0.093731410156107,25,0.789624078316534,0.789624078316534
"percentile_latbin_OLS","q90","Southern","collection5_k2_tropical_temperate_polar","Coolhouse","Transitional",4,2,-0.158436247757599,0,0.0525962525600207,0.105192505120041
"percentile_latbin_OLS","q90","Southern","collection5_k2_tropical_temperate_polar","Coolhouse","Warmhouse",4,2,-0.501689442864385,0,0.0525962525600207,0.105192505120041
"percentile_latbin_OLS","q90","Southern","collection5_k2_tropical_temperate_polar","Coolhouse","Hothouse",4,3,-0.628317468478584,0,0.0259149636089548,0.105192505120041
"percentile_latbin_OLS","q90","Southern","collection5_k2_tropical_temperate_polar","Transitional","Hothouse",2,3,-0.469881220720986,0,0.0744573365893828,0.111686004884074
"percentile_latbin_OLS","q90","Southern","collection5_k2_tropical_temperate_polar","Transitional","Warmhouse",2,2,-0.343253195106786,0,0.122639058403386,0.147166870084064
"percentile_latbin_OLS","q90","Southern","collection5_k2_tropical_temperate_polar","Warmhouse","Hothouse",2,3,-0.1266280256142,2,0.386414996342224,0.386414996342224
"percentile_latbin_OLS","q90","Southern","collection5_k2_tropical_temperate_polar","Coldhouse","Coolhouse",0,4,NA,NA,NA,NA
"percentile_latbin_OLS","q90","Southern","collection5_k2_tropical_temperate_polar","Coldhouse","Transitional",0,2,NA,NA,NA,NA
"percentile_latbin_OLS","q90","Southern","collection5_k2_tropical_temperate_polar","Coldhouse","Warmhouse",0,2,NA,NA,NA,NA
"percentile_latbin_OLS","q90","Southern","collection5_k2_tropical_temperate_polar","Coldhouse","Hothouse",0,3,NA,NA,NA,NA
"percentile_latbin_OLS","q90","Southern","collection5_k3_tropical_temperate","Coolhouse","Warmhouse",4,4,-0.506236995273746,2,0.056175598845232,0.168526796535696
"percentile_latbin_OLS","q90","Southern","collection5_k3_tropical_temperate","Coolhouse","Hothouse",4,2,-0.503413098363521,0,0.0525962525600207,0.168526796535696
"percentile_latbin_OLS","q90","Southern","collection5_k3_tropical_temperate","Transitional","Warmhouse",3,4,-0.355978994408216,3,0.188379558905791,0.289857173078424
"percentile_latbin_OLS","q90","Southern","collection5_k3_tropical_temperate","Transitional","Hothouse",3,2,-0.353155097497991,1,0.193238115385616,0.289857173078424
"percentile_latbin_OLS","q90","Southern","collection5_k3_tropical_temperate","Coolhouse","Transitional",4,3,-0.15025800086553,4,0.297941545282589,0.357529854339107
"percentile_latbin_OLS","q90","Southern","collection5_k3_tropical_temperate","Warmhouse","Hothouse",4,2,0.00282389691022522,4,0.591519339142304,0.591519339142304
"percentile_latbin_OLS","q90","Southern","collection5_k3_tropical_temperate","Coldhouse","Coolhouse",0,4,NA,NA,NA,NA
"percentile_latbin_OLS","q90","Southern","collection5_k3_tropical_temperate","Coldhouse","Transitional",0,3,NA,NA,NA,NA
"percentile_latbin_OLS","q90","Southern","collection5_k3_tropical_temperate","Coldhouse","Warmhouse",0,4,NA,NA,NA,NA
"percentile_latbin_OLS","q90","Southern","collection5_k3_tropical_temperate","Coldhouse","Hothouse",0,2,NA,NA,NA,NA
"percentile_latbin_OLS","q90","Southern","collection5_k3_tropical_temperate_polar","Coolhouse","Warmhouse",3,2,-0.465960948067527,0,0.0744573365893828,0.0744573365893828
"percentile_latbin_OLS","q90","Southern","collection5_k3_tropical_temperate_polar","Coldhouse","Coolhouse",0,3,NA,NA,NA,NA
"percentile_latbin_OLS","q90","Southern","collection5_k3_tropical_temperate_polar","Coldhouse","Transitional",0,1,NA,NA,NA,NA
"percentile_latbin_OLS","q90","Southern","collection5_k3_tropical_temperate_polar","Coldhouse","Warmhouse",0,2,NA,NA,NA,NA
"percentile_latbin_OLS","q90","Southern","collection5_k3_tropical_temperate_polar","Coldhouse","Hothouse",0,1,NA,NA,NA,NA
"percentile_latbin_OLS","q90","Southern","collection5_k3_tropical_temperate_polar","Coolhouse","Transitional",3,1,-0.109981953659311,NA,NA,NA
"percentile_latbin_OLS","q90","Southern","collection5_k3_tropical_temperate_polar","Coolhouse","Hothouse",3,1,-0.592588973681727,NA,NA,NA
"percentile_latbin_OLS","q90","Southern","collection5_k3_tropical_temperate_polar","Transitional","Warmhouse",1,2,-0.355978994408216,NA,NA,NA
"percentile_latbin_OLS","q90","Southern","collection5_k3_tropical_temperate_polar","Transitional","Hothouse",1,1,-0.482607020022416,NA,NA,NA
"percentile_latbin_OLS","q90","Southern","collection5_k3_tropical_temperate_polar","Warmhouse","Hothouse",2,1,-0.1266280256142,NA,NA,NA
"percentile_latbin_OLS","q90","Southern","collection10_k1_tropical_temperate","Coldhouse","Hothouse",5,7,-1.73574043514977,0,0.00288306045711863,0.0163404029356067
"percentile_latbin_OLS","q90","Southern","collection10_k1_tropical_temperate","Transitional","Hothouse",8,7,-0.540401826384271,4,0.00326808058712134,0.0163404029356067
"percentile_latbin_OLS","q90","Southern","collection10_k1_tropical_temperate","Coldhouse","Warmhouse",5,6,-1.47184645543985,1,0.00685541503906661,0.0228513834635554
"percentile_latbin_OLS","q90","Southern","collection10_k1_tropical_temperate","Coldhouse","Coolhouse",5,12,-1.12993089204154,12,0.0325433632463834,0.0542389387439723
"percentile_latbin_OLS","q90","Southern","collection10_k1_tropical_temperate","Coldhouse","Transitional",5,8,-1.19533860876549,6,0.024066198109791,0.0542389387439723
"percentile_latbin_OLS","q90","Southern","collection10_k1_tropical_temperate","Transitional","Warmhouse",8,6,-0.276507846674356,9,0.030607317477301,0.0542389387439723
"percentile_latbin_OLS","q90","Southern","collection10_k1_tropical_temperate","Coolhouse","Hothouse",12,7,-0.605809543108224,24,0.069567492034092,0.0993821314772743
"percentile_latbin_OLS","q90","Southern","collection10_k1_tropical_temperate","Warmhouse","Hothouse",6,7,-0.263893979709915,12,0.11231931946189,0.140399149327363
"percentile_latbin_OLS","q90","Southern","collection10_k1_tropical_temperate","Coolhouse","Warmhouse",12,6,-0.341915563398309,27,0.212987555756803,0.236652839729781
"percentile_latbin_OLS","q90","Southern","collection10_k1_tropical_temperate","Coolhouse","Transitional",12,8,-0.0654077167239536,51,0.606431744774442,0.606431744774442
"percentile_latbin_OLS","q90","Southern","collection10_k1_tropical_temperate_polar","Coolhouse","Warmhouse",4,4,-0.511346945230002,1,0.030300984856003,0.0606019697120061
"percentile_latbin_OLS","q90","Southern","collection10_k1_tropical_temperate_polar","Coolhouse","Hothouse",4,3,-0.945034297741401,0,0.0259149636089548,0.0606019697120061
"percentile_latbin_OLS","q90","Southern","collection10_k1_tropical_temperate_polar","Transitional","Hothouse",5,3,-0.717090723435862,0,0.0184442128535249,0.0606019697120061
"percentile_latbin_OLS","q90","Southern","collection10_k1_tropical_temperate_polar","Transitional","Warmhouse",5,4,-0.283403370924462,3,0.0556734432665702,0.0835101648998553
"percentile_latbin_OLS","q90","Southern","collection10_k1_tropical_temperate_polar","Warmhouse","Hothouse",4,3,-0.433687352511399,2,0.10796246947007,0.129554963364084
"percentile_latbin_OLS","q90","Southern","collection10_k1_tropical_temperate_polar","Coolhouse","Transitional",4,5,-0.22794357430554,6,0.19563363964132,0.19563363964132
"percentile_latbin_OLS","q90","Southern","collection10_k1_tropical_temperate_polar","Coldhouse","Coolhouse",1,4,0.350761353103986,NA,NA,NA
"percentile_latbin_OLS","q90","Southern","collection10_k1_tropical_temperate_polar","Coldhouse","Transitional",1,5,0.122817778798446,NA,NA,NA
"percentile_latbin_OLS","q90","Southern","collection10_k1_tropical_temperate_polar","Coldhouse","Warmhouse",1,4,-0.160585592126016,NA,NA,NA
"percentile_latbin_OLS","q90","Southern","collection10_k1_tropical_temperate_polar","Coldhouse","Hothouse",1,3,-0.594272944637416,NA,NA,NA
"percentile_latbin_OLS","q90","Southern","collection10_k2_tropical_temperate","Coolhouse","Warmhouse",3,4,-0.503296945251664,0,0.0259149636089548,0.0518299272179097
"percentile_latbin_OLS","q90","Southern","collection10_k2_tropical_temperate","Transitional","Warmhouse",5,4,-0.422973210774071,1,0.0186682079603315,0.0518299272179097
"percentile_latbin_OLS","q90","Southern","collection10_k2_tropical_temperate","Transitional","Hothouse",5,3,-0.717090723435862,0,0.0184442128535249,0.0518299272179097
"percentile_latbin_OLS","q90","Southern","collection10_k2_tropical_temperate","Coolhouse","Hothouse",3,3,-0.797414457913455,0,0.0404277991850261,0.0606416987775392
"percentile_latbin_OLS","q90","Southern","collection10_k2_tropical_temperate","Warmhouse","Hothouse",4,3,-0.29411751266179,2,0.10796246947007,0.129554963364084
"percentile_latbin_OLS","q90","Southern","collection10_k2_tropical_temperate","Coolhouse","Transitional",3,5,-0.0803237344775928,6,0.382797241997882,0.382797241997882
"percentile_latbin_OLS","q90","Southern","collection10_k2_tropical_temperate","Coldhouse","Coolhouse",1,3,-0.751622120717898,NA,NA,NA
"percentile_latbin_OLS","q90","Southern","collection10_k2_tropical_temperate","Coldhouse","Transitional",1,5,-0.831945855195491,NA,NA,NA
"percentile_latbin_OLS","q90","Southern","collection10_k2_tropical_temperate","Coldhouse","Warmhouse",1,4,-1.25491906596956,NA,NA,NA
"percentile_latbin_OLS","q90","Southern","collection10_k2_tropical_temperate","Coldhouse","Hothouse",1,3,-1.54903657863135,NA,NA,NA
"percentile_latbin_OLS","q90","Southern","collection10_k2_tropical_temperate_polar","Coolhouse","Warmhouse",2,2,-0.538254586849226,0,0.122639058403386,0.18395858760508
"percentile_latbin_OLS","q90","Southern","collection10_k2_tropical_temperate_polar","Coolhouse","Hothouse",2,3,-0.832372099511016,0,0.0744573365893828,0.18395858760508
"percentile_latbin_OLS","q90","Southern","collection10_k2_tropical_temperate_polar","Warmhouse","Hothouse",2,3,-0.29411751266179,1,0.193238115385616,0.193238115385616
"percentile_latbin_OLS","q90","Southern","collection10_k2_tropical_temperate_polar","Coldhouse","Coolhouse",0,2,NA,NA,NA,NA
"percentile_latbin_OLS","q90","Southern","collection10_k2_tropical_temperate_polar","Coldhouse","Transitional",0,1,NA,NA,NA,NA
"percentile_latbin_OLS","q90","Southern","collection10_k2_tropical_temperate_polar","Coldhouse","Warmhouse",0,2,NA,NA,NA,NA
"percentile_latbin_OLS","q90","Southern","collection10_k2_tropical_temperate_polar","Coldhouse","Hothouse",0,3,NA,NA,NA,NA
"percentile_latbin_OLS","q90","Southern","collection10_k2_tropical_temperate_polar","Coolhouse","Transitional",2,1,-0.145001791279022,NA,NA,NA
"percentile_latbin_OLS","q90","Southern","collection10_k2_tropical_temperate_polar","Transitional","Warmhouse",1,2,-0.393252795570204,NA,NA,NA
"percentile_latbin_OLS","q90","Southern","collection10_k2_tropical_temperate_polar","Transitional","Hothouse",1,3,-0.687370308231994,NA,NA,NA
"percentile_latbin_OLS","q90","Southern","collection10_k3_tropical_temperate","Warmhouse","Hothouse",4,2,-0.0673241304768879,2,0.243726645182017,0.243726645182017
"percentile_latbin_OLS","q90","Southern","collection10_k3_tropical_temperate","Coldhouse","Coolhouse",0,0,NA,NA,NA,NA
"percentile_latbin_OLS","q90","Southern","collection10_k3_tropical_temperate","Coldhouse","Transitional",0,1,NA,NA,NA,NA
"percentile_latbin_OLS","q90","Southern","collection10_k3_tropical_temperate","Coldhouse","Warmhouse",0,4,NA,NA,NA,NA
"percentile_latbin_OLS","q90","Southern","collection10_k3_tropical_temperate","Coldhouse","Hothouse",0,2,NA,NA,NA,NA
"percentile_latbin_OLS","q90","Southern","collection10_k3_tropical_temperate","Coolhouse","Transitional",0,1,NA,NA,NA,NA
"percentile_latbin_OLS","q90","Southern","collection10_k3_tropical_temperate","Coolhouse","Warmhouse",0,4,NA,NA,NA,NA
"percentile_latbin_OLS","q90","Southern","collection10_k3_tropical_temperate","Coolhouse","Hothouse",0,2,NA,NA,NA,NA
"percentile_latbin_OLS","q90","Southern","collection10_k3_tropical_temperate","Transitional","Warmhouse",1,4,-0.422973210774071,NA,NA,NA
"percentile_latbin_OLS","q90","Southern","collection10_k3_tropical_temperate","Transitional","Hothouse",1,2,-0.490297341250959,NA,NA,NA
"percentile_latbin_OLS","q90","Southern","collection10_k3_tropical_temperate_polar","Coldhouse","Coolhouse",0,0,NA,NA,NA,NA
"percentile_latbin_OLS","q90","Southern","collection10_k3_tropical_temperate_polar","Coldhouse","Transitional",0,0,NA,NA,NA,NA
"percentile_latbin_OLS","q90","Southern","collection10_k3_tropical_temperate_polar","Coldhouse","Warmhouse",0,1,NA,NA,NA,NA
"percentile_latbin_OLS","q90","Southern","collection10_k3_tropical_temperate_polar","Coldhouse","Hothouse",0,1,NA,NA,NA,NA
"percentile_latbin_OLS","q90","Southern","collection10_k3_tropical_temperate_polar","Coolhouse","Transitional",0,0,NA,NA,NA,NA
"percentile_latbin_OLS","q90","Southern","collection10_k3_tropical_temperate_polar","Coolhouse","Warmhouse",0,1,NA,NA,NA,NA
"percentile_latbin_OLS","q90","Southern","collection10_k3_tropical_temperate_polar","Coolhouse","Hothouse",0,1,NA,NA,NA,NA
"percentile_latbin_OLS","q90","Southern","collection10_k3_tropical_temperate_polar","Transitional","Warmhouse",0,1,NA,NA,NA,NA
"percentile_latbin_OLS","q90","Southern","collection10_k3_tropical_temperate_polar","Transitional","Hothouse",0,1,NA,NA,NA,NA
"percentile_latbin_OLS","q90","Southern","collection10_k3_tropical_temperate_polar","Warmhouse","Hothouse",1,1,-0.466158076458045,NA,NA,NA
"percentile_latbin_OLS","q95","Combined","occurrence5_k1_tropical_temperate","Coldhouse","Warmhouse",21,19,-0.690374654024665,45,1.51679098048539e-05,0.000151679098048539
"percentile_latbin_OLS","q95","Combined","occurrence5_k1_tropical_temperate","Coldhouse","Hothouse",21,22,-0.682855787178225,73,6.49376215843628e-05,0.000324688107921814
"percentile_latbin_OLS","q95","Combined","occurrence5_k1_tropical_temperate","Coldhouse","Transitional",21,25,-0.478867516033553,95,0.000115341616669482,0.00038447205556494
"percentile_latbin_OLS","q95","Combined","occurrence5_k1_tropical_temperate","Coolhouse","Warmhouse",31,19,-0.443170968732186,163,0.00441847120309253,0.0110461780077313
"percentile_latbin_OLS","q95","Combined","occurrence5_k1_tropical_temperate","Coldhouse","Coolhouse",21,31,-0.24720368529248,202,0.0108992105821109,0.0181653509701848
"percentile_latbin_OLS","q95","Combined","occurrence5_k1_tropical_temperate","Coolhouse","Hothouse",31,22,-0.435652101885746,211,0.00970384668343317,0.0181653509701848
"percentile_latbin_OLS","q95","Combined","occurrence5_k1_tropical_temperate","Coolhouse","Transitional",31,25,-0.231663830741073,278,0.0362069838410418,0.0517242626300597
"percentile_latbin_OLS","q95","Combined","occurrence5_k1_tropical_temperate","Transitional","Warmhouse",25,19,-0.211507137991113,183,0.100365169459908,0.125456461824885
"percentile_latbin_OLS","q95","Combined","occurrence5_k1_tropical_temperate","Transitional","Hothouse",25,22,-0.203988271144672,228,0.160749218246237,0.178610242495819
"percentile_latbin_OLS","q95","Combined","occurrence5_k1_tropical_temperate","Warmhouse","Hothouse",19,22,0.00751886684644011,229,0.704006612004768,0.704006612004768
"percentile_latbin_OLS","q95","Combined","occurrence5_k1_tropical_temperate_polar","Coldhouse","Hothouse",8,10,-0.744664015267254,3,0.000591162551689301,0.00295581275844651
"percentile_latbin_OLS","q95","Combined","occurrence5_k1_tropical_temperate_polar","Coolhouse","Hothouse",20,10,-0.475615015966922,24,0.000447583231294208,0.00295581275844651
"percentile_latbin_OLS","q95","Combined","occurrence5_k1_tropical_temperate_polar","Coldhouse","Transitional",8,14,-0.527287606510505,12,0.00149396089718483,0.00497986965728277
"percentile_latbin_OLS","q95","Combined","occurrence5_k1_tropical_temperate_polar","Coldhouse","Warmhouse",8,12,-0.667404709673085,17,0.00930816017782372,0.0232704004445593
"percentile_latbin_OLS","q95","Combined","occurrence5_k1_tropical_temperate_polar","Coolhouse","Transitional",20,14,-0.258238607210173,76,0.0131403984260316,0.0262807968520633
"percentile_latbin_OLS","q95","Combined","occurrence5_k1_tropical_temperate_polar","Coldhouse","Coolhouse",8,20,-0.269048999300331,42,0.0282568232127817,0.0402920000991698
"percentile_latbin_OLS","q95","Combined","occurrence5_k1_tropical_temperate_polar","Coolhouse","Warmhouse",20,12,-0.398355710372754,72,0.0322336000793358,0.0402920000991698
"percentile_latbin_OLS","q95","Combined","occurrence5_k1_tropical_temperate_polar","Transitional","Hothouse",14,10,-0.217376408756749,36,0.0249069162671284,0.0402920000991698
"percentile_latbin_OLS","q95","Combined","occurrence5_k1_tropical_temperate_polar","Warmhouse","Hothouse",12,10,-0.0772593055941686,43,0.138302458225548,0.153669398028386
"percentile_latbin_OLS","q95","Combined","occurrence5_k1_tropical_temperate_polar","Transitional","Warmhouse",14,12,-0.140117103162581,73,0.294577232725029,0.294577232725029
"percentile_latbin_OLS","q95","Combined","occurrence5_k2_tropical_temperate","Coldhouse","Hothouse",12,11,-0.835462904740663,0,2.77409284793246e-05,0.000277409284793246
"percentile_latbin_OLS","q95","Combined","occurrence5_k2_tropical_temperate","Coldhouse","Warmhouse",12,13,-0.763634033546786,10,0.00012055799988751,0.000602789999437549
"percentile_latbin_OLS","q95","Combined","occurrence5_k2_tropical_temperate","Coolhouse","Hothouse",20,11,-0.55496275400724,31,0.000595635138914113,0.00198545046304704
"percentile_latbin_OLS","q95","Combined","occurrence5_k2_tropical_temperate","Coldhouse","Transitional",12,15,-0.620623196552841,26,0.000972571527752578,0.00243142881938144
"percentile_latbin_OLS","q95","Combined","occurrence5_k2_tropical_temperate","Coolhouse","Warmhouse",20,13,-0.483133882813362,61,0.00580468573109236,0.0116093714621847
"percentile_latbin_OLS","q95","Combined","occurrence5_k2_tropical_temperate","Coldhouse","Coolhouse",12,20,-0.280500150733424,64,0.0153733893076646,0.0256223155127743
"percentile_latbin_OLS","q95","Combined","occurrence5_k2_tropical_temperate","Coolhouse","Transitional",20,15,-0.340123045819417,100,0.0494714680336481,0.0706735257623544
"percentile_latbin_OLS","q95","Combined","occurrence5_k2_tropical_temperate","Transitional","Hothouse",15,11,-0.214839708187822,61,0.137878923913755,0.172348654892193
"percentile_latbin_OLS","q95","Combined","occurrence5_k2_tropical_temperate","Transitional","Warmhouse",15,13,-0.143010836993945,90,0.373553099774248,0.373553099774248
"percentile_latbin_OLS","q95","Combined","occurrence5_k2_tropical_temperate","Warmhouse","Hothouse",13,11,-0.071828871193877,65,0.364063064086017,0.373553099774248
"percentile_latbin_OLS","q95","Combined","occurrence5_k2_tropical_temperate_polar","Coolhouse","Hothouse",13,5,-0.381389696463593,5,0.0038900608947039,0.038900608947039
"percentile_latbin_OLS","q95","Combined","occurrence5_k2_tropical_temperate_polar","Coldhouse","Coolhouse",3,13,-0.225655562173861,4,0.0217946734675793,0.0435893469351587
"percentile_latbin_OLS","q95","Combined","occurrence5_k2_tropical_temperate_polar","Coldhouse","Transitional",3,5,-0.342674825043995,0,0.0184442128535249,0.0435893469351587
"percentile_latbin_OLS","q95","Combined","occurrence5_k2_tropical_temperate_polar","Coldhouse","Warmhouse",3,6,-0.64129519852311,0,0.0140929010739537,0.0435893469351587
"percentile_latbin_OLS","q95","Combined","occurrence5_k2_tropical_temperate_polar","Coldhouse","Hothouse",3,5,-0.607045258637454,0,0.0184442128535249,0.0435893469351587
"percentile_latbin_OLS","q95","Combined","occurrence5_k2_tropical_temperate_polar","Coolhouse","Warmhouse",13,6,-0.415639636349249,17,0.0296693993228047,0.0494489988713412
"percentile_latbin_OLS","q95","Combined","occurrence5_k2_tropical_temperate_polar","Transitional","Hothouse",5,5,-0.264370433593459,4,0.047346471299738,0.0676378161424828
"percentile_latbin_OLS","q95","Combined","occurrence5_k2_tropical_temperate_polar","Coolhouse","Transitional",13,5,-0.117019262870134,20,0.118429595310079,0.148036994137599
"percentile_latbin_OLS","q95","Combined","occurrence5_k2_tropical_temperate_polar","Transitional","Warmhouse",5,6,-0.298620373479115,10,0.20565689588813,0.228507662097922
"percentile_latbin_OLS","q95","Combined","occurrence5_k2_tropical_temperate_polar","Warmhouse","Hothouse",6,5,0.0342499398856559,12,0.324038434069573,0.324038434069573
"percentile_latbin_OLS","q95","Combined","occurrence5_k3_tropical_temperate","Coldhouse","Warmhouse",5,10,-0.784259301313041,2,0.00292854954264207,0.0146427477132103
"percentile_latbin_OLS","q95","Combined","occurrence5_k3_tropical_temperate","Coldhouse","Hothouse",5,7,-0.706768262670974,0,0.00288306045711863,0.0146427477132103
"percentile_latbin_OLS","q95","Combined","occurrence5_k3_tropical_temperate","Coolhouse","Hothouse",8,7,-0.477264721381521,12,0.036424429160496,0.12141476386832
"percentile_latbin_OLS","q95","Combined","occurrence5_k3_tropical_temperate","Coolhouse","Warmhouse",8,10,-0.554755760023588,21,0.050112052808869,0.125280132022172
"percentile_latbin_OLS","q95","Combined","occurrence5_k3_tropical_temperate","Coldhouse","Transitional",5,9,-0.635350288694253,11,0.0712333774139861,0.142466754827972
"percentile_latbin_OLS","q95","Combined","occurrence5_k3_tropical_temperate","Coldhouse","Coolhouse",5,8,-0.229503541289453,13,0.170674656977379,0.284457761628966
"percentile_latbin_OLS","q95","Combined","occurrence5_k3_tropical_temperate","Coolhouse","Transitional",8,9,-0.4058467474048,27,0.206703467214103,0.295290667448718
"percentile_latbin_OLS","q95","Combined","occurrence5_k3_tropical_temperate","Transitional","Hothouse",9,7,-0.0714179739767206,28,0.3754117594495,0.469264699311876
"percentile_latbin_OLS","q95","Combined","occurrence5_k3_tropical_temperate","Transitional","Warmhouse",9,10,-0.148909012618788,43,0.45126162508884,0.501401805654266
"percentile_latbin_OLS","q95","Combined","occurrence5_k3_tropical_temperate","Warmhouse","Hothouse",10,7,0.077491038642067,36,0.558191270309316,0.558191270309316
"percentile_latbin_OLS","q95","Combined","occurrence5_k3_tropical_temperate_polar","Coolhouse","Hothouse",3,4,-0.511323891074618,0,0.0259149636089548,0.155489781653729
"percentile_latbin_OLS","q95","Combined","occurrence5_k3_tropical_temperate_polar","Coolhouse","Warmhouse",3,4,-0.343571160252327,1,0.0558058841491461,0.167417652447438
"percentile_latbin_OLS","q95","Combined","occurrence5_k3_tropical_temperate_polar","Coolhouse","Transitional",3,2,-0.196297696214909,1,0.193238115385616,0.365589967773026
"percentile_latbin_OLS","q95","Combined","occurrence5_k3_tropical_temperate_polar","Transitional","Hothouse",2,4,-0.315026194859709,2,0.243726645182017,0.365589967773026
"percentile_latbin_OLS","q95","Combined","occurrence5_k3_tropical_temperate_polar","Warmhouse","Hothouse",4,4,-0.167752730822291,6,0.332502771051015,0.399003325261217
"percentile_latbin_OLS","q95","Combined","occurrence5_k3_tropical_temperate_polar","Transitional","Warmhouse",2,4,-0.147273464037418,3,0.408480660857696,0.408480660857696
"percentile_latbin_OLS","q95","Combined","occurrence5_k3_tropical_temperate_polar","Coldhouse","Coolhouse",1,3,-0.265884480086429,NA,NA,NA
"percentile_latbin_OLS","q95","Combined","occurrence5_k3_tropical_temperate_polar","Coldhouse","Transitional",1,2,-0.462182176301337,NA,NA,NA
"percentile_latbin_OLS","q95","Combined","occurrence5_k3_tropical_temperate_polar","Coldhouse","Warmhouse",1,4,-0.609455640338756,NA,NA,NA
"percentile_latbin_OLS","q95","Combined","occurrence5_k3_tropical_temperate_polar","Coldhouse","Hothouse",1,4,-0.777208371161047,NA,NA,NA
"percentile_latbin_OLS","q95","Combined","occurrence10_k1_tropical_temperate","Coldhouse","Hothouse",21,19,-0.89284487092473,36,5.05782789879785e-06,5.05782789879785e-05
"percentile_latbin_OLS","q95","Combined","occurrence10_k1_tropical_temperate","Coldhouse","Warmhouse",21,17,-0.681396085237065,41,2.88499513489911e-05,0.000144249756744955
"percentile_latbin_OLS","q95","Combined","occurrence10_k1_tropical_temperate","Coldhouse","Transitional",21,23,-0.40809460147919,105,0.00069775018600014,0.00212659398297866
"percentile_latbin_OLS","q95","Combined","occurrence10_k1_tropical_temperate","Coolhouse","Hothouse",31,19,-0.693108962510706,137,0.000850637593191465,0.00212659398297866
"percentile_latbin_OLS","q95","Combined","occurrence10_k1_tropical_temperate","Coolhouse","Warmhouse",31,17,-0.481660176823041,147,0.00619905164856305,0.0123981032971261
"percentile_latbin_OLS","q95","Combined","occurrence10_k1_tropical_temperate","Coldhouse","Coolhouse",21,31,-0.199735908414023,202,0.0108992105821109,0.0181653509701848
"percentile_latbin_OLS","q95","Combined","occurrence10_k1_tropical_temperate","Transitional","Hothouse",23,19,-0.48475026944554,134,0.0168881997677052,0.0241259996681503
"percentile_latbin_OLS","q95","Combined","occurrence10_k1_tropical_temperate","Coolhouse","Transitional",31,23,-0.208358693065167,274,0.0757252639165311,0.0946565798956638
"percentile_latbin_OLS","q95","Combined","occurrence10_k1_tropical_temperate","Transitional","Warmhouse",23,17,-0.273301483757875,147,0.0945472498866165,0.105052499874018
"percentile_latbin_OLS","q95","Combined","occurrence10_k1_tropical_temperate","Warmhouse","Hothouse",17,19,-0.211448785687665,129,0.155291084727784,0.155291084727784
"percentile_latbin_OLS","q95","Combined","occurrence10_k1_tropical_temperate_polar","Coldhouse","Hothouse",8,8,-0.791778529805107,1,0.000679687763579616,0.00339843881789808
"percentile_latbin_OLS","q95","Combined","occurrence10_k1_tropical_temperate_polar","Coolhouse","Hothouse",18,8,-0.54165887046762,12,0.000473941553278657,0.00339843881789808
"percentile_latbin_OLS","q95","Combined","occurrence10_k1_tropical_temperate_polar","Transitional","Hothouse",12,8,-0.3399116503918,12,0.00308240169935398,0.0102746723311799
"percentile_latbin_OLS","q95","Combined","occurrence10_k1_tropical_temperate_polar","Coldhouse","Transitional",8,12,-0.451866879413306,16,0.00754362774720324,0.0188590693680081
"percentile_latbin_OLS","q95","Combined","occurrence10_k1_tropical_temperate_polar","Coldhouse","Warmhouse",8,10,-0.573283638637557,16,0.018397573585726,0.036795147171452
"percentile_latbin_OLS","q95","Combined","occurrence10_k1_tropical_temperate_polar","Coldhouse","Coolhouse",8,18,-0.250119659337487,37,0.0276401462930104,0.0400652599973522
"percentile_latbin_OLS","q95","Combined","occurrence10_k1_tropical_temperate_polar","Warmhouse","Hothouse",10,8,-0.21849489116755,18,0.0280456819981465,0.0400652599973522
"percentile_latbin_OLS","q95","Combined","occurrence10_k1_tropical_temperate_polar","Coolhouse","Transitional",18,12,-0.20174722007582,67,0.043218311231549,0.0540228890394362
"percentile_latbin_OLS","q95","Combined","occurrence10_k1_tropical_temperate_polar","Coolhouse","Warmhouse",18,10,-0.32316397930007,60,0.0786197890100344,0.0873553211222605
"percentile_latbin_OLS","q95","Combined","occurrence10_k1_tropical_temperate_polar","Transitional","Warmhouse",12,10,-0.12141675922425,52,0.310464071911557,0.310464071911557
"percentile_latbin_OLS","q95","Combined","occurrence10_k2_tropical_temperate","Coldhouse","Warmhouse",10,13,-0.816346836848299,6,0.000142803789929351,0.000714018949646754
"percentile_latbin_OLS","q95","Combined","occurrence10_k2_tropical_temperate","Coldhouse","Hothouse",10,11,-1.04169797624356,1,8.24926504379679e-05,0.000714018949646754
"percentile_latbin_OLS","q95","Combined","occurrence10_k2_tropical_temperate","Coldhouse","Transitional",10,15,-0.690370782466118,20,0.00125093132247353,0.00349919303053217
"percentile_latbin_OLS","q95","Combined","occurrence10_k2_tropical_temperate","Coolhouse","Hothouse",18,11,-0.68527259965906,32,0.00139967721221287,0.00349919303053217
"percentile_latbin_OLS","q95","Combined","occurrence10_k2_tropical_temperate","Coolhouse","Warmhouse",18,13,-0.459921460263803,55,0.00690880417016743,0.0138176083403349
"percentile_latbin_OLS","q95","Combined","occurrence10_k2_tropical_temperate","Coldhouse","Coolhouse",10,18,-0.356425376584496,40,0.00881393455594786,0.0146898909265798
"percentile_latbin_OLS","q95","Combined","occurrence10_k2_tropical_temperate","Coolhouse","Transitional",18,15,-0.333945405881623,87,0.0429561485688211,0.0613659265268874
"percentile_latbin_OLS","q95","Combined","occurrence10_k2_tropical_temperate","Transitional","Hothouse",15,11,-0.351327193777437,58,0.106455951405752,0.13306993925719
"percentile_latbin_OLS","q95","Combined","occurrence10_k2_tropical_temperate","Warmhouse","Hothouse",13,11,-0.225351139395256,56,0.192410386761532,0.213789318623925
"percentile_latbin_OLS","q95","Combined","occurrence10_k2_tropical_temperate","Transitional","Warmhouse",15,13,-0.125976054382181,84,0.27463663438804,0.27463663438804
"percentile_latbin_OLS","q95","Combined","occurrence10_k2_tropical_temperate_polar","Coolhouse","Transitional",8,4,-0.235410922289616,3,0.0168761114779779,0.0421902786949447
"percentile_latbin_OLS","q95","Combined","occurrence10_k2_tropical_temperate_polar","Coolhouse","Warmhouse",8,4,-0.435257878405497,0,0.00423740094607692,0.0421902786949447
"percentile_latbin_OLS","q95","Combined","occurrence10_k2_tropical_temperate_polar","Coolhouse","Hothouse",8,4,-0.58551877993133,2,0.0109280045491568,0.0421902786949447
"percentile_latbin_OLS","q95","Combined","occurrence10_k2_tropical_temperate_polar","Transitional","Warmhouse",4,4,-0.199846956115881,0,0.0151914109882887,0.0421902786949447
"percentile_latbin_OLS","q95","Combined","occurrence10_k2_tropical_temperate_polar","Coldhouse","Transitional",2,4,-0.44348160240992,0,0.0525962525600207,0.0751375036571724
"percentile_latbin_OLS","q95","Combined","occurrence10_k2_tropical_temperate_polar","Coldhouse","Warmhouse",2,4,-0.643328558525801,0,0.0525962525600207,0.0751375036571724
"percentile_latbin_OLS","q95","Combined","occurrence10_k2_tropical_temperate_polar","Coldhouse","Hothouse",2,4,-0.793589460051634,0,0.0525962525600207,0.0751375036571724
"percentile_latbin_OLS","q95","Combined","occurrence10_k2_tropical_temperate_polar","Coldhouse","Coolhouse",2,8,-0.208070680120304,2,0.075481159880126,0.0943514498501575
"percentile_latbin_OLS","q95","Combined","occurrence10_k2_tropical_temperate_polar","Transitional","Hothouse",4,4,-0.350107857641714,3,0.0969654261412053,0.107739362379117
"percentile_latbin_OLS","q95","Combined","occurrence10_k2_tropical_temperate_polar","Warmhouse","Hothouse",4,4,-0.150260901525832,8,0.557383042763399,0.557383042763399
"percentile_latbin_OLS","q95","Combined","occurrence10_k3_tropical_temperate","Coldhouse","Warmhouse",3,8,-0.823896960440419,0,0.00945177150556067,0.0704645053697685
"percentile_latbin_OLS","q95","Combined","occurrence10_k3_tropical_temperate","Coldhouse","Hothouse",3,6,-0.761528775397617,0,0.0140929010739537,0.0704645053697685
"percentile_latbin_OLS","q95","Combined","occurrence10_k3_tropical_temperate","Coldhouse","Coolhouse",3,8,-0.274662213956735,2,0.0262397497796233,0.0826023948958795
"percentile_latbin_OLS","q95","Combined","occurrence10_k3_tropical_temperate","Coolhouse","Warmhouse",8,8,-0.549234746483684,14,0.0330409579583518,0.0826023948958795
"percentile_latbin_OLS","q95","Combined","occurrence10_k3_tropical_temperate","Coolhouse","Hothouse",8,6,-0.486866561440881,11,0.0532915847874438,0.106583169574888
"percentile_latbin_OLS","q95","Combined","occurrence10_k3_tropical_temperate","Coldhouse","Transitional",3,7,-0.537763908263848,5,0.127225291323168,0.21204215220528
"percentile_latbin_OLS","q95","Combined","occurrence10_k3_tropical_temperate","Coolhouse","Transitional",8,7,-0.263101694307113,24,0.342721741338761,0.400547145500928
"percentile_latbin_OLS","q95","Combined","occurrence10_k3_tropical_temperate","Transitional","Warmhouse",7,8,-0.286133052176571,23,0.301262176180648,0.400547145500928
"percentile_latbin_OLS","q95","Combined","occurrence10_k3_tropical_temperate","Transitional","Hothouse",7,6,-0.223764867133768,18,0.360492430950835,0.400547145500928
"percentile_latbin_OLS","q95","Combined","occurrence10_k3_tropical_temperate","Warmhouse","Hothouse",8,6,0.0623681850428026,28,0.719362081932711,0.719362081932711
"percentile_latbin_OLS","q95","Combined","occurrence10_k3_tropical_temperate_polar","Coolhouse","Warmhouse",3,3,-0.341368461987399,0,0.0404277991850261,0.0837088262237192
"percentile_latbin_OLS","q95","Combined","occurrence10_k3_tropical_temperate_polar","Coolhouse","Hothouse",3,4,-0.490931509356543,1,0.0558058841491461,0.0837088262237192
"percentile_latbin_OLS","q95","Combined","occurrence10_k3_tropical_temperate_polar","Warmhouse","Hothouse",3,4,-0.149563047369144,6,0.570158102400667,0.570158102400667
"percentile_latbin_OLS","q95","Combined","occurrence10_k3_tropical_temperate_polar","Coldhouse","Coolhouse",1,3,-0.282944400731551,NA,NA,NA
"percentile_latbin_OLS","q95","Combined","occurrence10_k3_tropical_temperate_polar","Coldhouse","Transitional",1,1,-0.272526981438211,NA,NA,NA
"percentile_latbin_OLS","q95","Combined","occurrence10_k3_tropical_temperate_polar","Coldhouse","Warmhouse",1,3,-0.62431286271895,NA,NA,NA
"percentile_latbin_OLS","q95","Combined","occurrence10_k3_tropical_temperate_polar","Coldhouse","Hothouse",1,4,-0.773875910088094,NA,NA,NA
"percentile_latbin_OLS","q95","Combined","occurrence10_k3_tropical_temperate_polar","Coolhouse","Transitional",3,1,0.0104174192933403,NA,NA,NA
"percentile_latbin_OLS","q95","Combined","occurrence10_k3_tropical_temperate_polar","Transitional","Warmhouse",1,3,-0.35178588128074,NA,NA,NA
"percentile_latbin_OLS","q95","Combined","occurrence10_k3_tropical_temperate_polar","Transitional","Hothouse",1,4,-0.501348928649884,NA,NA,NA
"percentile_latbin_OLS","q95","Combined","collection5_k1_tropical_temperate","Coldhouse","Transitional",19,23,-0.791664433939169,58,2.63523781048821e-05,0.000263523781048821
"percentile_latbin_OLS","q95","Combined","collection5_k1_tropical_temperate","Coldhouse","Warmhouse",19,16,-0.795610729388523,39,9.75619356216997e-05,0.000487809678108499
"percentile_latbin_OLS","q95","Combined","collection5_k1_tropical_temperate","Coldhouse","Hothouse",19,18,-0.752115733762328,63,0.000544261680739907,0.00181420560246636
"percentile_latbin_OLS","q95","Combined","collection5_k1_tropical_temperate","Coolhouse","Transitional",30,23,-0.466557244195529,198,0.0042805806398675,0.0107014515996688
"percentile_latbin_OLS","q95","Combined","collection5_k1_tropical_temperate","Coldhouse","Coolhouse",19,30,-0.325107189743641,170,0.00939956377386508,0.0187991275477302
"percentile_latbin_OLS","q95","Combined","collection5_k1_tropical_temperate","Coolhouse","Warmhouse",30,16,-0.470503539644882,143,0.0130202738972681,0.0196540101684716
"percentile_latbin_OLS","q95","Combined","collection5_k1_tropical_temperate","Coolhouse","Hothouse",30,18,-0.427008544018687,166,0.0137578071179301,0.0196540101684716
"percentile_latbin_OLS","q95","Combined","collection5_k1_tropical_temperate","Transitional","Warmhouse",23,16,-0.00394629544935353,191,0.584781093341284,0.649756770379205
"percentile_latbin_OLS","q95","Combined","collection5_k1_tropical_temperate","Warmhouse","Hothouse",16,18,0.0434949956261949,145,0.520638010781595,0.649756770379205
"percentile_latbin_OLS","q95","Combined","collection5_k1_tropical_temperate","Transitional","Hothouse",23,18,0.0395487001768414,223,0.667659952986627,0.667659952986627
"percentile_latbin_OLS","q95","Combined","collection5_k1_tropical_temperate_polar","Coldhouse","Hothouse",8,8,-0.684150021569641,4,0.00193802072449738,0.00969010362248689
"percentile_latbin_OLS","q95","Combined","collection5_k1_tropical_temperate_polar","Coolhouse","Hothouse",19,8,-0.46563560287966,18,0.00113201114298049,0.00969010362248689
"percentile_latbin_OLS","q95","Combined","collection5_k1_tropical_temperate_polar","Coldhouse","Transitional",8,11,-0.477905758154247,11,0.00364171844483574,0.010954411537781
"percentile_latbin_OLS","q95","Combined","collection5_k1_tropical_temperate_polar","Coldhouse","Warmhouse",8,10,-0.636716017993964,10,0.00438176461511242,0.010954411537781
"percentile_latbin_OLS","q95","Combined","collection5_k1_tropical_temperate_polar","Coolhouse","Warmhouse",19,10,-0.418201599303983,44,0.0102491721344964,0.0204983442689929
"percentile_latbin_OLS","q95","Combined","collection5_k1_tropical_temperate_polar","Coolhouse","Transitional",19,11,-0.259391339464266,56,0.0194260212417175,0.0323767020695291
"percentile_latbin_OLS","q95","Combined","collection5_k1_tropical_temperate_polar","Coldhouse","Coolhouse",8,19,-0.21851441868998,43,0.042197882753727,0.0602826896481815
"percentile_latbin_OLS","q95","Combined","collection5_k1_tropical_temperate_polar","Transitional","Hothouse",11,8,-0.206244263415394,25,0.0633075278964848,0.079134409870606
"percentile_latbin_OLS","q95","Combined","collection5_k1_tropical_temperate_polar","Transitional","Warmhouse",11,10,-0.158810259839717,42,0.189369125943265,0.210410139936961
"percentile_latbin_OLS","q95","Combined","collection5_k1_tropical_temperate_polar","Warmhouse","Hothouse",10,8,-0.0474340035756771,32,0.252580131545728,0.252580131545728
"percentile_latbin_OLS","q95","Combined","collection5_k2_tropical_temperate","Coldhouse","Hothouse",9,10,-0.963052253408116,6,0.000834668321371276,0.00834668321371276
"percentile_latbin_OLS","q95","Combined","collection5_k2_tropical_temperate","Coldhouse","Transitional",9,15,-0.791664433939169,20,0.00253510796907688,0.010388391616223
"percentile_latbin_OLS","q95","Combined","collection5_k2_tropical_temperate","Coldhouse","Warmhouse",9,10,-0.962312108485279,11,0.00311651748486689,0.010388391616223
"percentile_latbin_OLS","q95","Combined","collection5_k2_tropical_temperate","Coolhouse","Hothouse",15,10,-0.599318004803502,28,0.00494923715946742,0.0123730928986686
"percentile_latbin_OLS","q95","Combined","collection5_k2_tropical_temperate","Coolhouse","Transitional",15,15,-0.427930185334556,62,0.0190441421031461,0.0380882842062921
"percentile_latbin_OLS","q95","Combined","collection5_k2_tropical_temperate","Coolhouse","Warmhouse",15,10,-0.598577859880665,39,0.0244658853928631,0.0407764756547719
"percentile_latbin_OLS","q95","Combined","collection5_k2_tropical_temperate","Coldhouse","Coolhouse",9,15,-0.363734248604614,40,0.0537023181651268,0.0767175973787526
"percentile_latbin_OLS","q95","Combined","collection5_k2_tropical_temperate","Transitional","Hothouse",15,10,-0.171387819468947,67,0.338695800963139,0.423369751203923
"percentile_latbin_OLS","q95","Combined","collection5_k2_tropical_temperate","Transitional","Warmhouse",15,10,-0.17064767454611,70,0.401442514556231,0.446047238395812
"percentile_latbin_OLS","q95","Combined","collection5_k2_tropical_temperate","Warmhouse","Hothouse",10,10,-0.000740144922836944,50,0.515075011503422,0.515075011503422
"percentile_latbin_OLS","q95","Combined","collection5_k2_tropical_temperate_polar","Coolhouse","Transitional",9,5,-0.18213722174232,5,0.0117052980805584,0.0390176602685278
"percentile_latbin_OLS","q95","Combined","collection5_k2_tropical_temperate_polar","Coolhouse","Warmhouse",9,3,-0.426659710535587,0,0.00811502428730668,0.0390176602685278
"percentile_latbin_OLS","q95","Combined","collection5_k2_tropical_temperate_polar","Coolhouse","Hothouse",9,4,-0.586518134467283,2,0.00838522806319097,0.0390176602685278
"percentile_latbin_OLS","q95","Combined","collection5_k2_tropical_temperate_polar","Coldhouse","Transitional",3,5,-0.409940045961559,0,0.0184442128535249,0.0461105321338124
"percentile_latbin_OLS","q95","Combined","collection5_k2_tropical_temperate_polar","Coldhouse","Hothouse",3,4,-0.814320958686522,0,0.0259149636089548,0.0518299272179097
"percentile_latbin_OLS","q95","Combined","collection5_k2_tropical_temperate_polar","Coldhouse","Warmhouse",3,3,-0.654462534754826,0,0.0404277991850261,0.0673796653083769
"percentile_latbin_OLS","q95","Combined","collection5_k2_tropical_temperate_polar","Coldhouse","Coolhouse",3,9,-0.227802824219239,5,0.0695433648800068,0.0993476641142955
"percentile_latbin_OLS","q95","Combined","collection5_k2_tropical_temperate_polar","Transitional","Warmhouse",5,3,-0.244522488793267,3,0.116518991136953,0.145648738921191
"percentile_latbin_OLS","q95","Combined","collection5_k2_tropical_temperate_polar","Transitional","Hothouse",5,4,-0.404380912724963,5,0.13517207032739,0.150191189252656
"percentile_latbin_OLS","q95","Combined","collection5_k2_tropical_temperate_polar","Warmhouse","Hothouse",3,4,-0.159858423931696,5,0.429841897599333,0.429841897599333
"percentile_latbin_OLS","q95","Combined","collection5_k3_tropical_temperate","Coolhouse","Warmhouse",6,8,-0.642826249104125,2,0.00275467509673836,0.0275467509673836
"percentile_latbin_OLS","q95","Combined","collection5_k3_tropical_temperate","Coldhouse","Warmhouse",3,8,-0.826380684099905,0,0.00945177150556067,0.029835552705718
"percentile_latbin_OLS","q95","Combined","collection5_k3_tropical_temperate","Coolhouse","Transitional",6,8,-0.762329374496243,6,0.0119342210822872,0.029835552705718
"percentile_latbin_OLS","q95","Combined","collection5_k3_tropical_temperate","Coolhouse","Hothouse",6,5,-0.433308995080524,1,0.00685541503906661,0.029835552705718
"percentile_latbin_OLS","q95","Combined","collection5_k3_tropical_temperate","Coldhouse","Hothouse",3,5,-0.616863430076303,0,0.0184442128535249,0.0368884257070499
"percentile_latbin_OLS","q95","Combined","collection5_k3_tropical_temperate","Coldhouse","Coolhouse",3,6,-0.183554434995779,2,0.0466449780918023,0.066635682988289
"percentile_latbin_OLS","q95","Combined","collection5_k3_tropical_temperate","Coldhouse","Transitional",3,8,-0.945883809492022,3,0.0413655111575512,0.066635682988289
"percentile_latbin_OLS","q95","Combined","collection5_k3_tropical_temperate","Transitional","Warmhouse",8,8,0.119503125392117,35,0.643404369491964,0.804255461864955
"percentile_latbin_OLS","q95","Combined","collection5_k3_tropical_temperate","Transitional","Hothouse",8,5,0.329020379415719,27,0.8638732094685,0.8638732094685
"percentile_latbin_OLS","q95","Combined","collection5_k3_tropical_temperate","Warmhouse","Hothouse",8,5,0.209517254023602,26,0.82932534302262,0.8638732094685
"percentile_latbin_OLS","q95","Combined","collection5_k3_tropical_temperate_polar","Coolhouse","Warmhouse",3,3,-0.317954394756304,0,0.0404277991850261,0.121283397555078
"percentile_latbin_OLS","q95","Combined","collection5_k3_tropical_temperate_polar","Coolhouse","Hothouse",3,2,-0.342920660269393,1,0.193238115385616,0.289857173078424
"percentile_latbin_OLS","q95","Combined","collection5_k3_tropical_temperate_polar","Warmhouse","Hothouse",3,2,-0.0249662655130889,3,0.613585003657776,0.613585003657776
"percentile_latbin_OLS","q95","Combined","collection5_k3_tropical_temperate_polar","Coldhouse","Coolhouse",1,3,-0.32286336938579,NA,NA,NA
"percentile_latbin_OLS","q95","Combined","collection5_k3_tropical_temperate_polar","Coldhouse","Transitional",1,1,-0.395444693436025,NA,NA,NA
"percentile_latbin_OLS","q95","Combined","collection5_k3_tropical_temperate_polar","Coldhouse","Warmhouse",1,3,-0.640817764142094,NA,NA,NA
"percentile_latbin_OLS","q95","Combined","collection5_k3_tropical_temperate_polar","Coldhouse","Hothouse",1,2,-0.665784029655183,NA,NA,NA
"percentile_latbin_OLS","q95","Combined","collection5_k3_tropical_temperate_polar","Coolhouse","Transitional",3,1,-0.0725813240502344,NA,NA,NA
"percentile_latbin_OLS","q95","Combined","collection5_k3_tropical_temperate_polar","Transitional","Warmhouse",1,3,-0.245373070706069,NA,NA,NA
"percentile_latbin_OLS","q95","Combined","collection5_k3_tropical_temperate_polar","Transitional","Hothouse",1,2,-0.270339336219158,NA,NA,NA
"percentile_latbin_OLS","q95","Combined","collection10_k1_tropical_temperate","Coldhouse","Warmhouse",13,14,-0.992014327737168,18,0.000217286190490038,0.00108643095245019
"percentile_latbin_OLS","q95","Combined","collection10_k1_tropical_temperate","Coldhouse","Hothouse",13,13,-1.2052412490781,12,0.000111114185022875,0.00108643095245019
"percentile_latbin_OLS","q95","Combined","collection10_k1_tropical_temperate","Coldhouse","Transitional",13,20,-0.84405758905403,48,0.0013376717523926,0.00445890584130866
"percentile_latbin_OLS","q95","Combined","collection10_k1_tropical_temperate","Coolhouse","Hothouse",24,13,-0.744454594415391,64,0.00180135399903419,0.00450338499758546
"percentile_latbin_OLS","q95","Combined","collection10_k1_tropical_temperate","Coldhouse","Coolhouse",13,24,-0.460786654662708,79,0.00747084661671384,0.0149416932334277
"percentile_latbin_OLS","q95","Combined","collection10_k1_tropical_temperate","Coolhouse","Warmhouse",24,14,-0.53122767307446,92,0.0111642167412828,0.018607027902138
"percentile_latbin_OLS","q95","Combined","collection10_k1_tropical_temperate","Coolhouse","Transitional",24,20,-0.383270934391322,170,0.050697215005125,0.0724245928644644
"percentile_latbin_OLS","q95","Combined","collection10_k1_tropical_temperate","Transitional","Hothouse",20,13,-0.361183660024068,100,0.138542207902505,0.164890902942817
"percentile_latbin_OLS","q95","Combined","collection10_k1_tropical_temperate","Warmhouse","Hothouse",14,13,-0.213226921340931,69,0.148401812648535,0.164890902942817
"percentile_latbin_OLS","q95","Combined","collection10_k1_tropical_temperate","Transitional","Warmhouse",20,14,-0.147956738683138,118,0.225922323970881,0.225922323970881
"percentile_latbin_OLS","q95","Combined","collection10_k1_tropical_temperate_polar","Coolhouse","Hothouse",12,5,-0.537306487649592,2,0.00187324045264605,0.0187324045264605
"percentile_latbin_OLS","q95","Combined","collection10_k1_tropical_temperate_polar","Coldhouse","Hothouse",6,5,-0.727859229266285,2,0.0112394366830626,0.0380792352618535
"percentile_latbin_OLS","q95","Combined","collection10_k1_tropical_temperate_polar","Coolhouse","Warmhouse",12,8,-0.462141819586006,18,0.0114237705785561,0.0380792352618535
"percentile_latbin_OLS","q95","Combined","collection10_k1_tropical_temperate_polar","Coldhouse","Warmhouse",6,8,-0.652694561202699,7,0.0165799937294239,0.0414499843235597
"percentile_latbin_OLS","q95","Combined","collection10_k1_tropical_temperate_polar","Transitional","Hothouse",7,5,-0.246507743811385,6,0.0370176239274483,0.0740352478548967
"percentile_latbin_OLS","q95","Combined","collection10_k1_tropical_temperate_polar","Coolhouse","Transitional",12,7,-0.290798743838206,22,0.0496711239267326,0.0827852065445544
"percentile_latbin_OLS","q95","Combined","collection10_k1_tropical_temperate_polar","Coldhouse","Transitional",6,7,-0.4813514854549,11,0.0873679116076236,0.124811302296605
"percentile_latbin_OLS","q95","Combined","collection10_k1_tropical_temperate_polar","Transitional","Warmhouse",7,8,-0.1713430757478,18,0.135794337121687,0.169742921402109
"percentile_latbin_OLS","q95","Combined","collection10_k1_tropical_temperate_polar","Warmhouse","Hothouse",8,5,-0.0751646680635857,13,0.170674656977379,0.189638507752644
"percentile_latbin_OLS","q95","Combined","collection10_k1_tropical_temperate_polar","Coldhouse","Coolhouse",6,12,-0.190552741616693,27,0.212987555756803,0.212987555756803
"percentile_latbin_OLS","q95","Combined","collection10_k2_tropical_temperate","Coldhouse","Warmhouse",6,9,-1.15219212830212,2,0.00194249239023341,0.00485623097558352
"percentile_latbin_OLS","q95","Combined","collection10_k2_tropical_temperate","Coldhouse","Hothouse",6,7,-1.28565761529146,0,0.00170261791064738,0.00485623097558352
"percentile_latbin_OLS","q95","Combined","collection10_k2_tropical_temperate","Coolhouse","Warmhouse",9,9,-0.924037881160491,5,0.000998845048636152,0.00485623097558352
"percentile_latbin_OLS","q95","Combined","collection10_k2_tropical_temperate","Coolhouse","Hothouse",9,7,-1.05750336814983,2,0.0010714213704518,0.00485623097558352
"percentile_latbin_OLS","q95","Combined","collection10_k2_tropical_temperate","Coolhouse","Transitional",9,13,-0.512255977332556,27,0.0192205660891611,0.0384411321783223
"percentile_latbin_OLS","q95","Combined","collection10_k2_tropical_temperate","Coldhouse","Transitional",6,13,-0.740410224474189,16,0.0242261113188919,0.0403768521981531
"percentile_latbin_OLS","q95","Combined","collection10_k2_tropical_temperate","Coldhouse","Coolhouse",6,9,-0.228154247141633,19,0.188379558905791,0.209310621006434
"percentile_latbin_OLS","q95","Combined","collection10_k2_tropical_temperate","Transitional","Warmhouse",13,9,-0.411781903827934,43,0.158251296127899,0.209310621006434
"percentile_latbin_OLS","q95","Combined","collection10_k2_tropical_temperate","Transitional","Hothouse",13,7,-0.54524739081727,33,0.170823859235018,0.209310621006434
"percentile_latbin_OLS","q95","Combined","collection10_k2_tropical_temperate","Warmhouse","Hothouse",9,7,-0.133465486989336,29,0.416169588452392,0.416169588452392
"percentile_latbin_OLS","q95","Combined","collection10_k2_tropical_temperate_polar","Coolhouse","Warmhouse",4,3,-0.491337036737072,0,0.0259149636089548,0.0909029545680092
"percentile_latbin_OLS","q95","Combined","collection10_k2_tropical_temperate_polar","Coolhouse","Hothouse",4,4,-0.753286985310819,1,0.030300984856003,0.0909029545680092
"percentile_latbin_OLS","q95","Combined","collection10_k2_tropical_temperate_polar","Transitional","Hothouse",3,4,-0.385418847359091,2,0.10796246947007,0.21592493894014
"percentile_latbin_OLS","q95","Combined","collection10_k2_tropical_temperate_polar","Coolhouse","Transitional",4,3,-0.367868137951728,3,0.188379558905791,0.229639853331136
"percentile_latbin_OLS","q95","Combined","collection10_k2_tropical_temperate_polar","Transitional","Warmhouse",3,3,-0.123468898785344,2,0.191366544442613,0.229639853331136
"percentile_latbin_OLS","q95","Combined","collection10_k2_tropical_temperate_polar","Warmhouse","Hothouse",3,4,-0.261949948573746,5,0.429841897599333,0.429841897599333
"percentile_latbin_OLS","q95","Combined","collection10_k2_tropical_temperate_polar","Coldhouse","Coolhouse",1,4,-0.072353292637302,NA,NA,NA
"percentile_latbin_OLS","q95","Combined","collection10_k2_tropical_temperate_polar","Coldhouse","Transitional",1,3,-0.44022143058903,NA,NA,NA
"percentile_latbin_OLS","q95","Combined","collection10_k2_tropical_temperate_polar","Coldhouse","Warmhouse",1,3,-0.563690329374374,NA,NA,NA
"percentile_latbin_OLS","q95","Combined","collection10_k2_tropical_temperate_polar","Coldhouse","Hothouse",1,4,-0.825640277948121,NA,NA,NA
"percentile_latbin_OLS","q95","Combined","collection10_k3_tropical_temperate","Coolhouse","Transitional",2,3,-1.67757659661906,0,0.0744573365893828,0.148914673178766
"percentile_latbin_OLS","q95","Combined","collection10_k3_tropical_temperate","Coolhouse","Warmhouse",2,6,-0.833419348707365,0,0.0333765075848173,0.148914673178766
"percentile_latbin_OLS","q95","Combined","collection10_k3_tropical_temperate","Coolhouse","Hothouse",2,4,-0.89481744994264,0,0.0525962525600207,0.148914673178766
"percentile_latbin_OLS","q95","Combined","collection10_k3_tropical_temperate","Transitional","Warmhouse",3,6,0.844157247911694,10,0.650732320848331,0.780878785017997
"percentile_latbin_OLS","q95","Combined","collection10_k3_tropical_temperate","Warmhouse","Hothouse",6,4,-0.0613981012352748,12,0.542446982789747,0.780878785017997
"percentile_latbin_OLS","q95","Combined","collection10_k3_tropical_temperate","Transitional","Hothouse",3,4,0.782759146676419,9,0.89203753052993,0.89203753052993
"percentile_latbin_OLS","q95","Combined","collection10_k3_tropical_temperate","Coldhouse","Coolhouse",1,2,-0.040831004078545,NA,NA,NA
"percentile_latbin_OLS","q95","Combined","collection10_k3_tropical_temperate","Coldhouse","Transitional",1,3,-1.7184076006976,NA,NA,NA
"percentile_latbin_OLS","q95","Combined","collection10_k3_tropical_temperate","Coldhouse","Warmhouse",1,6,-0.87425035278591,NA,NA,NA
"percentile_latbin_OLS","q95","Combined","collection10_k3_tropical_temperate","Coldhouse","Hothouse",1,4,-0.935648454021185,NA,NA,NA
"percentile_latbin_OLS","q95","Combined","collection10_k3_tropical_temperate_polar","Coldhouse","Coolhouse",0,0,NA,NA,NA,NA
"percentile_latbin_OLS","q95","Combined","collection10_k3_tropical_temperate_polar","Coldhouse","Transitional",0,0,NA,NA,NA,NA
"percentile_latbin_OLS","q95","Combined","collection10_k3_tropical_temperate_polar","Coldhouse","Warmhouse",0,2,NA,NA,NA,NA
"percentile_latbin_OLS","q95","Combined","collection10_k3_tropical_temperate_polar","Coldhouse","Hothouse",0,1,NA,NA,NA,NA
"percentile_latbin_OLS","q95","Combined","collection10_k3_tropical_temperate_polar","Coolhouse","Transitional",0,0,NA,NA,NA,NA
"percentile_latbin_OLS","q95","Combined","collection10_k3_tropical_temperate_polar","Coolhouse","Warmhouse",0,2,NA,NA,NA,NA
"percentile_latbin_OLS","q95","Combined","collection10_k3_tropical_temperate_polar","Coolhouse","Hothouse",0,1,NA,NA,NA,NA
"percentile_latbin_OLS","q95","Combined","collection10_k3_tropical_temperate_polar","Transitional","Warmhouse",0,2,NA,NA,NA,NA
"percentile_latbin_OLS","q95","Combined","collection10_k3_tropical_temperate_polar","Transitional","Hothouse",0,1,NA,NA,NA,NA
"percentile_latbin_OLS","q95","Combined","collection10_k3_tropical_temperate_polar","Warmhouse","Hothouse",2,1,-0.620403134248651,NA,NA,NA
"percentile_latbin_OLS","q95","Northern","occurrence5_k1_tropical_temperate","Coldhouse","Transitional",12,15,-0.699573193417046,27,0.00114539707989403,0.00315610212036868
"percentile_latbin_OLS","q95","Northern","occurrence5_k1_tropical_temperate","Coldhouse","Warmhouse",12,9,-0.828490260750712,11,0.00126244084814747,0.00315610212036868
"percentile_latbin_OLS","q95","Northern","occurrence5_k1_tropical_temperate","Coolhouse","Transitional",15,15,-0.593697728610199,36,0.000809856787615176,0.00315610212036868
"percentile_latbin_OLS","q95","Northern","occurrence5_k1_tropical_temperate","Coolhouse","Warmhouse",15,9,-0.722614795943865,15,0.000965381088355144,0.00315610212036868
"percentile_latbin_OLS","q95","Northern","occurrence5_k1_tropical_temperate","Coldhouse","Hothouse",12,11,-0.609851240990581,30,0.0144490444621819,0.0277880124394196
"percentile_latbin_OLS","q95","Northern","occurrence5_k1_tropical_temperate","Coolhouse","Hothouse",15,11,-0.503975776183734,41,0.0166728074636518,0.0277880124394196
"percentile_latbin_OLS","q95","Northern","occurrence5_k1_tropical_temperate","Coldhouse","Coolhouse",12,15,-0.105875464806847,83,0.375558245515519,0.469447806894399
"percentile_latbin_OLS","q95","Northern","occurrence5_k1_tropical_temperate","Transitional","Warmhouse",15,9,-0.128917067333666,60,0.338193163000455,0.469447806894399
"percentile_latbin_OLS","q95","Northern","occurrence5_k1_tropical_temperate","Transitional","Hothouse",15,11,0.089721952426465,101,0.837957650062048,0.931064055624498
"percentile_latbin_OLS","q95","Northern","occurrence5_k1_tropical_temperate","Warmhouse","Hothouse",9,11,0.218639019760131,69,0.935678430523463,0.935678430523463
"percentile_latbin_OLS","q95","Northern","occurrence5_k1_tropical_temperate_polar","Coldhouse","Transitional",6,7,-0.652781793262131,0,0.00170261791064738,0.0170261791064738
"percentile_latbin_OLS","q95","Northern","occurrence5_k1_tropical_temperate_polar","Coldhouse","Warmhouse",6,6,-0.779510758812635,3,0.0101202852885387,0.0337342842951291
"percentile_latbin_OLS","q95","Northern","occurrence5_k1_tropical_temperate_polar","Coldhouse","Hothouse",6,4,-0.662313211222643,0,0.00710701943454103,0.0337342842951291
"percentile_latbin_OLS","q95","Northern","occurrence5_k1_tropical_temperate_polar","Coldhouse","Coolhouse",6,10,-0.299107666031297,10,0.0172119071626944,0.0411981741545851
"percentile_latbin_OLS","q95","Northern","occurrence5_k1_tropical_temperate_polar","Coolhouse","Transitional",10,7,-0.353674127230835,14,0.0227180183671232,0.0411981741545851
"percentile_latbin_OLS","q95","Northern","occurrence5_k1_tropical_temperate_polar","Coolhouse","Warmhouse",10,6,-0.480403092781339,12,0.0288387219082096,0.0411981741545851
"percentile_latbin_OLS","q95","Northern","occurrence5_k1_tropical_temperate_polar","Coolhouse","Hothouse",10,4,-0.363205545191346,6,0.028118901938638,0.0411981741545851
"percentile_latbin_OLS","q95","Northern","occurrence5_k1_tropical_temperate_polar","Transitional","Warmhouse",7,6,-0.126728965550504,16,0.260158400253683,0.325198000317104
"percentile_latbin_OLS","q95","Northern","occurrence5_k1_tropical_temperate_polar","Transitional","Hothouse",7,4,-0.00953141796051152,13,0.462359518743385,0.513732798603761
"percentile_latbin_OLS","q95","Northern","occurrence5_k1_tropical_temperate_polar","Warmhouse","Hothouse",6,4,0.117197547589992,15,0.772227453105335,0.772227453105335
"percentile_latbin_OLS","q95","Northern","occurrence5_k2_tropical_temperate","Coldhouse","Transitional",7,10,-1.08491116507728,2,0.000757811979620399,0.0033218280930955
"percentile_latbin_OLS","q95","Northern","occurrence5_k2_tropical_temperate","Coolhouse","Transitional",10,10,-0.874804327436479,7,0.000657472334856608,0.0033218280930955
"percentile_latbin_OLS","q95","Northern","occurrence5_k2_tropical_temperate","Coolhouse","Hothouse",10,6,-0.582744593213506,1,0.00099654842792865,0.0033218280930955
"percentile_latbin_OLS","q95","Northern","occurrence5_k2_tropical_temperate","Coldhouse","Hothouse",7,6,-0.792851430854312,0,0.00170261791064738,0.00425654477661845
"percentile_latbin_OLS","q95","Northern","occurrence5_k2_tropical_temperate","Coldhouse","Warmhouse",7,8,-0.849563351249075,4,0.00326808058712134,0.00653616117424268
"percentile_latbin_OLS","q95","Northern","occurrence5_k2_tropical_temperate","Coolhouse","Warmhouse",10,8,-0.639456513608269,10,0.00438176461511242,0.00730294102518736
"percentile_latbin_OLS","q95","Northern","occurrence5_k2_tropical_temperate","Coldhouse","Coolhouse",7,10,-0.210106837640806,22,0.111256114862955,0.158937306947079
"percentile_latbin_OLS","q95","Northern","occurrence5_k2_tropical_temperate","Transitional","Warmhouse",10,8,0.23534781382821,48,0.774948949443678,0.82172383111637
"percentile_latbin_OLS","q95","Northern","occurrence5_k2_tropical_temperate","Transitional","Hothouse",10,6,0.292059734222973,38,0.82172383111637,0.82172383111637
"percentile_latbin_OLS","q95","Northern","occurrence5_k2_tropical_temperate","Warmhouse","Hothouse",8,6,0.0567119203947629,29,0.761162488007048,0.82172383111637
"percentile_latbin_OLS","q95","Northern","occurrence5_k2_tropical_temperate_polar","Coldhouse","Coolhouse",3,7,-0.144375554263942,4,0.0857301030321637,0.156402310444497
"percentile_latbin_OLS","q95","Northern","occurrence5_k2_tropical_temperate_polar","Coldhouse","Transitional",3,3,-0.342674825043995,0,0.0404277991850261,0.156402310444497
"percentile_latbin_OLS","q95","Northern","occurrence5_k2_tropical_temperate_polar","Coldhouse","Warmhouse",3,2,-0.490500830399918,0,0.0744573365893828,0.156402310444497
"percentile_latbin_OLS","q95","Northern","occurrence5_k2_tropical_temperate_polar","Coldhouse","Hothouse",3,2,-0.46549663112788,0,0.0744573365893828,0.156402310444497
"percentile_latbin_OLS","q95","Northern","occurrence5_k2_tropical_temperate_polar","Coolhouse","Warmhouse",7,2,-0.346125276135976,2,0.0938413862666982,0.156402310444497
"percentile_latbin_OLS","q95","Northern","occurrence5_k2_tropical_temperate_polar","Coolhouse","Hothouse",7,2,-0.321121076863938,1,0.0536732684969056,0.156402310444497
"percentile_latbin_OLS","q95","Northern","occurrence5_k2_tropical_temperate_polar","Coolhouse","Transitional",7,3,-0.198299270780053,5,0.127225291323168,0.181750416175955
"percentile_latbin_OLS","q95","Northern","occurrence5_k2_tropical_temperate_polar","Transitional","Warmhouse",3,2,-0.147826005355923,2,0.386414996342224,0.429349995935804
"percentile_latbin_OLS","q95","Northern","occurrence5_k2_tropical_temperate_polar","Transitional","Hothouse",3,2,-0.122821806083885,2,0.386414996342224,0.429349995935804
"percentile_latbin_OLS","q95","Northern","occurrence5_k2_tropical_temperate_polar","Warmhouse","Hothouse",2,2,0.0250041992720382,2,0.650732320848331,0.650732320848331
"percentile_latbin_OLS","q95","Northern","occurrence5_k3_tropical_temperate","Coldhouse","Transitional",3,6,-1.20092888475236,0,0.0140929010739537,0.0704645053697685
"percentile_latbin_OLS","q95","Northern","occurrence5_k3_tropical_temperate","Coldhouse","Warmhouse",3,6,-0.88806042851344,0,0.0140929010739537,0.0704645053697685
"percentile_latbin_OLS","q95","Northern","occurrence5_k3_tropical_temperate","Coldhouse","Hothouse",3,3,-0.712861709986627,0,0.0404277991850261,0.0808555983700523
"percentile_latbin_OLS","q95","Northern","occurrence5_k3_tropical_temperate","Coolhouse","Transitional",2,6,-1.22074448799813,0,0.0333765075848173,0.0808555983700523
"percentile_latbin_OLS","q95","Northern","occurrence5_k3_tropical_temperate","Coolhouse","Warmhouse",2,6,-0.907876031759215,0,0.0333765075848173,0.0808555983700523
"percentile_latbin_OLS","q95","Northern","occurrence5_k3_tropical_temperate","Coolhouse","Hothouse",2,3,-0.732677313232403,0,0.0744573365893828,0.124095560982305
"percentile_latbin_OLS","q95","Northern","occurrence5_k3_tropical_temperate","Coldhouse","Coolhouse",3,2,0.0198156032457755,2,0.386414996342224,0.552021423346034
"percentile_latbin_OLS","q95","Northern","occurrence5_k3_tropical_temperate","Transitional","Warmhouse",6,6,0.312868456238917,23,0.81076120337766,0.877360941596614
"percentile_latbin_OLS","q95","Northern","occurrence5_k3_tropical_temperate","Transitional","Hothouse",6,3,0.48806717476573,13,0.877360941596614,0.877360941596614
"percentile_latbin_OLS","q95","Northern","occurrence5_k3_tropical_temperate","Warmhouse","Hothouse",6,3,0.175198718526813,13,0.877360941596614,0.877360941596614
"percentile_latbin_OLS","q95","Northern","occurrence5_k3_tropical_temperate_polar","Coldhouse","Coolhouse",1,0,NA,NA,NA,NA
"percentile_latbin_OLS","q95","Northern","occurrence5_k3_tropical_temperate_polar","Coldhouse","Transitional",1,1,-0.635350288694253,NA,NA,NA
"percentile_latbin_OLS","q95","Northern","occurrence5_k3_tropical_temperate_polar","Coldhouse","Warmhouse",1,2,-0.457967870718534,NA,NA,NA
"percentile_latbin_OLS","q95","Northern","occurrence5_k3_tropical_temperate_polar","Coldhouse","Hothouse",1,1,-0.373319592539007,NA,NA,NA
"percentile_latbin_OLS","q95","Northern","occurrence5_k3_tropical_temperate_polar","Coolhouse","Transitional",0,1,NA,NA,NA,NA
"percentile_latbin_OLS","q95","Northern","occurrence5_k3_tropical_temperate_polar","Coolhouse","Warmhouse",0,2,NA,NA,NA,NA
"percentile_latbin_OLS","q95","Northern","occurrence5_k3_tropical_temperate_polar","Coolhouse","Hothouse",0,1,NA,NA,NA,NA
"percentile_latbin_OLS","q95","Northern","occurrence5_k3_tropical_temperate_polar","Transitional","Warmhouse",1,2,0.177382417975719,NA,NA,NA
"percentile_latbin_OLS","q95","Northern","occurrence5_k3_tropical_temperate_polar","Transitional","Hothouse",1,1,0.262030696155246,NA,NA,NA
"percentile_latbin_OLS","q95","Northern","occurrence5_k3_tropical_temperate_polar","Warmhouse","Hothouse",2,1,0.0846482781795264,NA,NA,NA
"percentile_latbin_OLS","q95","Northern","occurrence10_k1_tropical_temperate","Coldhouse","Transitional",12,14,-0.670535011925038,30,0.00296395041705036,0.00971744569033413
"percentile_latbin_OLS","q95","Northern","occurrence10_k1_tropical_temperate","Coldhouse","Warmhouse",12,8,-0.68701644789531,13,0.00388697827613365,0.00971744569033413
"percentile_latbin_OLS","q95","Northern","occurrence10_k1_tropical_temperate","Coolhouse","Transitional",15,14,-0.632361609788348,36,0.00139678310654187,0.00971744569033413
"percentile_latbin_OLS","q95","Northern","occurrence10_k1_tropical_temperate","Coolhouse","Warmhouse",15,8,-0.64884304575862,16,0.00249318536414057,0.00971744569033413
"percentile_latbin_OLS","q95","Northern","occurrence10_k1_tropical_temperate","Coolhouse","Hothouse",15,9,-0.760562388788313,24,0.0051733103390489,0.0103466206780978
"percentile_latbin_OLS","q95","Northern","occurrence10_k1_tropical_temperate","Coldhouse","Hothouse",12,9,-0.798735790925003,20,0.00863891974688525,0.0143981995781421
"percentile_latbin_OLS","q95","Northern","occurrence10_k1_tropical_temperate","Coldhouse","Coolhouse",12,15,-0.0381734021366898,86,0.43219738992283,0.611592997922259
"percentile_latbin_OLS","q95","Northern","occurrence10_k1_tropical_temperate","Transitional","Warmhouse",14,8,-0.0164814359702716,56,0.513611734644148,0.611592997922259
"percentile_latbin_OLS","q95","Northern","occurrence10_k1_tropical_temperate","Transitional","Hothouse",14,9,-0.128200778999965,67,0.611592997922259,0.611592997922259
"percentile_latbin_OLS","q95","Northern","occurrence10_k1_tropical_temperate","Warmhouse","Hothouse",8,9,-0.111719343029693,37,0.557383042763399,0.611592997922259
"percentile_latbin_OLS","q95","Northern","occurrence10_k1_tropical_temperate_polar","Coldhouse","Transitional",6,6,-0.616010213621583,0,0.00253743404897013,0.0253743404897013
"percentile_latbin_OLS","q95","Northern","occurrence10_k1_tropical_temperate_polar","Coldhouse","Warmhouse",6,5,-0.546679100039427,2,0.0112394366830626,0.0365490478201237
"percentile_latbin_OLS","q95","Northern","occurrence10_k1_tropical_temperate_polar","Coldhouse","Hothouse",6,3,-0.694329457989827,0,0.0140929010739537,0.0365490478201237
"percentile_latbin_OLS","q95","Northern","occurrence10_k1_tropical_temperate_polar","Coolhouse","Transitional",9,6,-0.340355585357871,8,0.0146196191280495,0.0365490478201237
"percentile_latbin_OLS","q95","Northern","occurrence10_k1_tropical_temperate_polar","Coolhouse","Hothouse",9,3,-0.418674829726115,2,0.0209808032080655,0.041961606416131
"percentile_latbin_OLS","q95","Northern","occurrence10_k1_tropical_temperate_polar","Coldhouse","Coolhouse",6,9,-0.275654628263712,10,0.0259149636089548,0.0431916060149247
"percentile_latbin_OLS","q95","Northern","occurrence10_k1_tropical_temperate_polar","Coolhouse","Warmhouse",9,5,-0.271024471775715,12,0.0912112197258678,0.130301742465526
"percentile_latbin_OLS","q95","Northern","occurrence10_k1_tropical_temperate_polar","Warmhouse","Hothouse",5,3,-0.147650357950399,5,0.275492493792547,0.344365617240683
"percentile_latbin_OLS","q95","Northern","occurrence10_k1_tropical_temperate_polar","Transitional","Hothouse",6,3,-0.078319244368244,7,0.349267679151669,0.38807519905741
"percentile_latbin_OLS","q95","Northern","occurrence10_k1_tropical_temperate_polar","Transitional","Warmhouse",6,5,0.0693311135821551,17,0.675961565930427,0.675961565930427
"percentile_latbin_OLS","q95","Northern","occurrence10_k2_tropical_temperate","Coldhouse","Transitional",6,10,-1.08433716343952,0,0.000687795633623293,0.00343897816811646
"percentile_latbin_OLS","q95","Northern","occurrence10_k2_tropical_temperate","Coolhouse","Transitional",8,10,-0.916330367896587,3,0.000591162551689301,0.00343897816811646
"percentile_latbin_OLS","q95","Northern","occurrence10_k2_tropical_temperate","Coldhouse","Warmhouse",6,8,-0.771657609904892,2,0.00275467509673836,0.00550935019347672
"percentile_latbin_OLS","q95","Northern","occurrence10_k2_tropical_temperate","Coldhouse","Hothouse",6,6,-0.914135649599887,0,0.00253743404897013,0.00550935019347672
"percentile_latbin_OLS","q95","Northern","occurrence10_k2_tropical_temperate","Coolhouse","Hothouse",8,6,-0.746128854056954,1,0.00183780605887062,0.00550935019347672
"percentile_latbin_OLS","q95","Northern","occurrence10_k2_tropical_temperate","Coolhouse","Warmhouse",8,8,-0.60365081436196,8,0.0067936365319967,0.0113227275533278
"percentile_latbin_OLS","q95","Northern","occurrence10_k2_tropical_temperate","Coldhouse","Coolhouse",6,8,-0.168006795542932,14,0.110015681790706,0.157165259701009
"percentile_latbin_OLS","q95","Northern","occurrence10_k2_tropical_temperate","Warmhouse","Hothouse",8,6,-0.142478039694994,21,0.373442816695182,0.466803520868977
"percentile_latbin_OLS","q95","Northern","occurrence10_k2_tropical_temperate","Transitional","Hothouse",10,6,0.170201513839632,36,0.759602345911175,0.844002606567972
"percentile_latbin_OLS","q95","Northern","occurrence10_k2_tropical_temperate","Transitional","Warmhouse",10,8,0.312679553534627,51,0.846562644712625,0.846562644712625
"percentile_latbin_OLS","q95","Northern","occurrence10_k2_tropical_temperate_polar","Coldhouse","Transitional",2,2,-0.470399216962095,0,0.122639058403386,0.18395858760508
"percentile_latbin_OLS","q95","Northern","occurrence10_k2_tropical_temperate_polar","Coolhouse","Transitional",3,2,-0.367065012864192,0,0.0744573365893828,0.18395858760508
"percentile_latbin_OLS","q95","Northern","occurrence10_k2_tropical_temperate_polar","Coldhouse","Coolhouse",2,3,-0.103334204097903,2,0.386414996342224,0.386414996342224
"percentile_latbin_OLS","q95","Northern","occurrence10_k2_tropical_temperate_polar","Coldhouse","Warmhouse",2,1,-0.596850077089041,NA,NA,NA
"percentile_latbin_OLS","q95","Northern","occurrence10_k2_tropical_temperate_polar","Coldhouse","Hothouse",2,1,-0.322468844429095,NA,NA,NA
"percentile_latbin_OLS","q95","Northern","occurrence10_k2_tropical_temperate_polar","Coolhouse","Warmhouse",3,1,-0.493515872991139,NA,NA,NA
"percentile_latbin_OLS","q95","Northern","occurrence10_k2_tropical_temperate_polar","Coolhouse","Hothouse",3,1,-0.219134640331192,NA,NA,NA
"percentile_latbin_OLS","q95","Northern","occurrence10_k2_tropical_temperate_polar","Transitional","Warmhouse",2,1,-0.126450860126947,NA,NA,NA
"percentile_latbin_OLS","q95","Northern","occurrence10_k2_tropical_temperate_polar","Transitional","Hothouse",2,1,0.147930372533,NA,NA,NA
"percentile_latbin_OLS","q95","Northern","occurrence10_k2_tropical_temperate_polar","Warmhouse","Hothouse",1,1,0.274381232659947,NA,NA,NA
"percentile_latbin_OLS","q95","Northern","occurrence10_k3_tropical_temperate","Coldhouse","Transitional",3,4,-1.42349560362434,0,0.0259149636089548,0.105192505120041
"percentile_latbin_OLS","q95","Northern","occurrence10_k3_tropical_temperate","Coldhouse","Warmhouse",3,4,-0.826982430265956,0,0.0259149636089548,0.105192505120041
"percentile_latbin_OLS","q95","Northern","occurrence10_k3_tropical_temperate","Coldhouse","Hothouse",3,3,-0.730770078732316,0,0.0404277991850261,0.105192505120041
"percentile_latbin_OLS","q95","Northern","occurrence10_k3_tropical_temperate","Coolhouse","Transitional",2,4,-1.4121070126858,0,0.0525962525600207,0.105192505120041
"percentile_latbin_OLS","q95","Northern","occurrence10_k3_tropical_temperate","Coolhouse","Warmhouse",2,4,-0.815593839327414,0,0.0525962525600207,0.105192505120041
"percentile_latbin_OLS","q95","Northern","occurrence10_k3_tropical_temperate","Coolhouse","Hothouse",2,3,-0.719381487793774,0,0.0744573365893828,0.124095560982305
"percentile_latbin_OLS","q95","Northern","occurrence10_k3_tropical_temperate","Coldhouse","Coolhouse",3,2,-0.0113885909385417,2,0.386414996342224,0.552021423346034
"percentile_latbin_OLS","q95","Northern","occurrence10_k3_tropical_temperate","Transitional","Warmhouse",4,4,0.596513173358387,11,0.843839289161892,0.93759921017988
"percentile_latbin_OLS","q95","Northern","occurrence10_k3_tropical_temperate","Warmhouse","Hothouse",4,3,0.0962123515336401,8,0.811620441094209,0.93759921017988
"percentile_latbin_OLS","q95","Northern","occurrence10_k3_tropical_temperate","Transitional","Hothouse",4,3,0.692725524892027,10,0.944194115850854,0.944194115850854
"percentile_latbin_OLS","q95","Northern","occurrence10_k3_tropical_temperate_polar","Coldhouse","Coolhouse",1,0,NA,NA,NA,NA
"percentile_latbin_OLS","q95","Northern","occurrence10_k3_tropical_temperate_polar","Coldhouse","Transitional",1,0,NA,NA,NA,NA
"percentile_latbin_OLS","q95","Northern","occurrence10_k3_tropical_temperate_polar","Coldhouse","Warmhouse",1,1,-0.577136527125502,NA,NA,NA
"percentile_latbin_OLS","q95","Northern","occurrence10_k3_tropical_temperate_polar","Coldhouse","Hothouse",1,1,-0.302755294465556,NA,NA,NA
"percentile_latbin_OLS","q95","Northern","occurrence10_k3_tropical_temperate_polar","Coolhouse","Transitional",0,0,NA,NA,NA,NA
"percentile_latbin_OLS","q95","Northern","occurrence10_k3_tropical_temperate_polar","Coolhouse","Warmhouse",0,1,NA,NA,NA,NA
"percentile_latbin_OLS","q95","Northern","occurrence10_k3_tropical_temperate_polar","Coolhouse","Hothouse",0,1,NA,NA,NA,NA
"percentile_latbin_OLS","q95","Northern","occurrence10_k3_tropical_temperate_polar","Transitional","Warmhouse",0,1,NA,NA,NA,NA
"percentile_latbin_OLS","q95","Northern","occurrence10_k3_tropical_temperate_polar","Transitional","Hothouse",0,1,NA,NA,NA,NA
"percentile_latbin_OLS","q95","Northern","occurrence10_k3_tropical_temperate_polar","Warmhouse","Hothouse",1,1,0.274381232659947,NA,NA,NA
"percentile_latbin_OLS","q95","Northern","collection5_k1_tropical_temperate","Coolhouse","Transitional",14,13,-1.15326511122438,15,0.000124286843083892,0.00124286843083892
"percentile_latbin_OLS","q95","Northern","collection5_k1_tropical_temperate","Coldhouse","Transitional",10,13,-1.38578593537962,9,0.000288753673058401,0.001443768365292
"percentile_latbin_OLS","q95","Northern","collection5_k1_tropical_temperate","Coldhouse","Warmhouse",10,9,-0.899011083021195,13,0.00505616696066673,0.016045955017306
"percentile_latbin_OLS","q95","Northern","collection5_k1_tropical_temperate","Coolhouse","Warmhouse",14,9,-0.666490258865955,23,0.0064183820069224,0.016045955017306
"percentile_latbin_OLS","q95","Northern","collection5_k1_tropical_temperate","Coolhouse","Hothouse",14,9,-0.458953085581688,28,0.0148790337175996,0.0297580674351992
"percentile_latbin_OLS","q95","Northern","collection5_k1_tropical_temperate","Coldhouse","Hothouse",10,9,-0.691473909736928,21,0.0275069161769895,0.0458448602949825
"percentile_latbin_OLS","q95","Northern","collection5_k1_tropical_temperate","Coldhouse","Coolhouse",10,14,-0.23252082415524,52,0.152753543430627,0.218219347758038
"percentile_latbin_OLS","q95","Northern","collection5_k1_tropical_temperate","Transitional","Warmhouse",13,9,0.486774852358426,76,0.885319207252292,0.980779433910839
"percentile_latbin_OLS","q95","Northern","collection5_k1_tropical_temperate","Transitional","Hothouse",13,9,0.694312025642692,89,0.980779433910839,0.980779433910839
"percentile_latbin_OLS","q95","Northern","collection5_k1_tropical_temperate","Warmhouse","Hothouse",9,9,0.207537173284267,49,0.786611631733508,0.980779433910839
"percentile_latbin_OLS","q95","Northern","collection5_k1_tropical_temperate_polar","Coldhouse","Transitional",6,4,-0.707622637309228,0,0.00710701943454103,0.0355350971727052
"percentile_latbin_OLS","q95","Northern","collection5_k1_tropical_temperate_polar","Coldhouse","Hothouse",6,4,-0.594152174462694,0,0.00710701943454103,0.0355350971727052
"percentile_latbin_OLS","q95","Northern","collection5_k1_tropical_temperate_polar","Coldhouse","Warmhouse",6,6,-0.626774151193396,4,0.0153194939688516,0.0403049743625408
"percentile_latbin_OLS","q95","Northern","collection5_k1_tropical_temperate_polar","Coolhouse","Transitional",10,4,-0.459056888583266,5,0.0201524871812704,0.0403049743625408
"percentile_latbin_OLS","q95","Northern","collection5_k1_tropical_temperate_polar","Coolhouse","Hothouse",10,4,-0.345586425736732,5,0.0201524871812704,0.0403049743625408
"percentile_latbin_OLS","q95","Northern","collection5_k1_tropical_temperate_polar","Coldhouse","Coolhouse",6,10,-0.248565748725962,12,0.0288387219082096,0.0480645365136826
"percentile_latbin_OLS","q95","Northern","collection5_k1_tropical_temperate_polar","Coolhouse","Warmhouse",10,6,-0.378208402467433,13,0.036752984128544,0.0525042630407772
"percentile_latbin_OLS","q95","Northern","collection5_k1_tropical_temperate_polar","Transitional","Warmhouse",4,6,0.0808484861158331,12,0.542446982789747,0.602718869766386
"percentile_latbin_OLS","q95","Northern","collection5_k1_tropical_temperate_polar","Warmhouse","Hothouse",6,4,0.0326219767307011,12,0.542446982789747,0.602718869766386
"percentile_latbin_OLS","q95","Northern","collection5_k1_tropical_temperate_polar","Transitional","Hothouse",4,4,0.113470462846534,10,0.764756788970605,0.764756788970605
"percentile_latbin_OLS","q95","Northern","collection5_k2_tropical_temperate","Coolhouse","Transitional",7,10,-1.15968897306324,1,0.000539135852838485,0.00539135852838485
"percentile_latbin_OLS","q95","Northern","collection5_k2_tropical_temperate","Coldhouse","Transitional",6,10,-1.09954664215111,4,0.00283861606907965,0.00961020152372877
"percentile_latbin_OLS","q95","Northern","collection5_k2_tropical_temperate","Coolhouse","Hothouse",7,5,-0.743613231782426,0,0.00288306045711863,0.00961020152372877
"percentile_latbin_OLS","q95","Northern","collection5_k2_tropical_temperate","Coolhouse","Warmhouse",7,6,-1.02160277294793,5,0.0134045653577979,0.0335114133944948
"percentile_latbin_OLS","q95","Northern","collection5_k2_tropical_temperate","Coldhouse","Hothouse",6,5,-0.683470900870291,4,0.0276171268590319,0.0552342537180638
"percentile_latbin_OLS","q95","Northern","collection5_k2_tropical_temperate","Coldhouse","Warmhouse",6,6,-0.961460442035794,7,0.0463479012789063,0.0772465021315105
"percentile_latbin_OLS","q95","Northern","collection5_k2_tropical_temperate","Coldhouse","Coolhouse",6,7,0.0601423309121347,23,0.639507569049165,0.882603449013189
"percentile_latbin_OLS","q95","Northern","collection5_k2_tropical_temperate","Transitional","Warmhouse",10,6,0.138086200115313,35,0.724598993708558,0.882603449013189
"percentile_latbin_OLS","q95","Northern","collection5_k2_tropical_temperate","Warmhouse","Hothouse",6,5,0.277989541165503,19,0.79434310411187,0.882603449013189
"percentile_latbin_OLS","q95","Northern","collection5_k2_tropical_temperate","Transitional","Hothouse",10,5,0.416075741280816,36,0.920502045561349,0.920502045561349
"percentile_latbin_OLS","q95","Northern","collection5_k2_tropical_temperate_polar","Coldhouse","Transitional",3,3,-0.409940045961559,0,0.0404277991850261,0.0606416987775392
"percentile_latbin_OLS","q95","Northern","collection5_k2_tropical_temperate_polar","Coolhouse","Transitional",5,3,-0.339401303281263,1,0.0368191350601513,0.0606416987775392
"percentile_latbin_OLS","q95","Northern","collection5_k2_tropical_temperate_polar","Coldhouse","Coolhouse",3,5,-0.0705387426802961,5,0.275492493792547,0.275492493792547
"percentile_latbin_OLS","q95","Northern","collection5_k2_tropical_temperate_polar","Coldhouse","Warmhouse",3,1,-0.483038076847726,NA,NA,NA
"percentile_latbin_OLS","q95","Northern","collection5_k2_tropical_temperate_polar","Coldhouse","Hothouse",3,1,-0.347079113239089,NA,NA,NA
"percentile_latbin_OLS","q95","Northern","collection5_k2_tropical_temperate_polar","Coolhouse","Warmhouse",5,1,-0.41249933416743,NA,NA,NA
"percentile_latbin_OLS","q95","Northern","collection5_k2_tropical_temperate_polar","Coolhouse","Hothouse",5,1,-0.276540370558793,NA,NA,NA
"percentile_latbin_OLS","q95","Northern","collection5_k2_tropical_temperate_polar","Transitional","Warmhouse",3,1,-0.0730980308861668,NA,NA,NA
"percentile_latbin_OLS","q95","Northern","collection5_k2_tropical_temperate_polar","Transitional","Hothouse",3,1,0.06286093272247,NA,NA,NA
"percentile_latbin_OLS","q95","Northern","collection5_k2_tropical_temperate_polar","Warmhouse","Hothouse",1,1,0.135958963608637,NA,NA,NA
"percentile_latbin_OLS","q95","Northern","collection5_k3_tropical_temperate","Coldhouse","Transitional",3,5,-1.36877440887914,0,0.0184442128535249,0.101701411542594
"percentile_latbin_OLS","q95","Northern","collection5_k3_tropical_temperate","Coldhouse","Warmhouse",3,4,-0.893494729843107,0,0.0259149636089548,0.101701411542594
"percentile_latbin_OLS","q95","Northern","collection5_k3_tropical_temperate","Coldhouse","Hothouse",3,3,-0.615505188677604,0,0.0404277991850261,0.101701411542594
"percentile_latbin_OLS","q95","Northern","collection5_k3_tropical_temperate","Coolhouse","Transitional",2,5,-1.38151413452068,0,0.0406805646170377,0.101701411542594
"percentile_latbin_OLS","q95","Northern","collection5_k3_tropical_temperate","Coolhouse","Warmhouse",2,4,-0.906234455484647,0,0.0525962525600207,0.105192505120041
"percentile_latbin_OLS","q95","Northern","collection5_k3_tropical_temperate","Coolhouse","Hothouse",2,3,-0.628244914319144,0,0.0744573365893828,0.124095560982305
"percentile_latbin_OLS","q95","Northern","collection5_k3_tropical_temperate","Coldhouse","Coolhouse",3,2,0.0127397256415405,2,0.386414996342224,0.552021423346034
"percentile_latbin_OLS","q95","Northern","collection5_k3_tropical_temperate","Transitional","Warmhouse",5,4,0.475279679036033,14,0.86482792967261,0.981555787146475
"percentile_latbin_OLS","q95","Northern","collection5_k3_tropical_temperate","Transitional","Hothouse",5,3,0.753269220201537,14,0.981555787146475,0.981555787146475
"percentile_latbin_OLS","q95","Northern","collection5_k3_tropical_temperate","Warmhouse","Hothouse",4,3,0.277989541165503,9,0.89203753052993,0.981555787146475
"percentile_latbin_OLS","q95","Northern","collection5_k3_tropical_temperate_polar","Coldhouse","Coolhouse",1,0,NA,NA,NA,NA
"percentile_latbin_OLS","q95","Northern","collection5_k3_tropical_temperate_polar","Coldhouse","Transitional",1,0,NA,NA,NA,NA
"percentile_latbin_OLS","q95","Northern","collection5_k3_tropical_temperate_polar","Coldhouse","Warmhouse",1,1,-0.469393306234994,NA,NA,NA
"percentile_latbin_OLS","q95","Northern","collection5_k3_tropical_temperate_polar","Coldhouse","Hothouse",1,1,-0.333434342626357,NA,NA,NA
"percentile_latbin_OLS","q95","Northern","collection5_k3_tropical_temperate_polar","Coolhouse","Transitional",0,0,NA,NA,NA,NA
"percentile_latbin_OLS","q95","Northern","collection5_k3_tropical_temperate_polar","Coolhouse","Warmhouse",0,1,NA,NA,NA,NA
"percentile_latbin_OLS","q95","Northern","collection5_k3_tropical_temperate_polar","Coolhouse","Hothouse",0,1,NA,NA,NA,NA
"percentile_latbin_OLS","q95","Northern","collection5_k3_tropical_temperate_polar","Transitional","Warmhouse",0,1,NA,NA,NA,NA
"percentile_latbin_OLS","q95","Northern","collection5_k3_tropical_temperate_polar","Transitional","Hothouse",0,1,NA,NA,NA,NA
"percentile_latbin_OLS","q95","Northern","collection5_k3_tropical_temperate_polar","Warmhouse","Hothouse",1,1,0.135958963608637,NA,NA,NA
"percentile_latbin_OLS","q95","Northern","collection10_k1_tropical_temperate","Coldhouse","Warmhouse",8,8,-0.866563063602106,8,0.0067936365319967,0.0226454551066557
"percentile_latbin_OLS","q95","Northern","collection10_k1_tropical_temperate","Coldhouse","Hothouse",8,6,-1.11109920224716,4,0.00591056891831115,0.0226454551066557
"percentile_latbin_OLS","q95","Northern","collection10_k1_tropical_temperate","Coolhouse","Hothouse",12,6,-0.849270203672384,7,0.00380082073761008,0.0226454551066557
"percentile_latbin_OLS","q95","Northern","collection10_k1_tropical_temperate","Coldhouse","Transitional",8,12,-1.48747490596769,19,0.0139452645601233,0.0348631614003082
"percentile_latbin_OLS","q95","Northern","collection10_k1_tropical_temperate","Coolhouse","Warmhouse",12,8,-0.604734065027325,22,0.0245704169559256,0.0491408339118512
"percentile_latbin_OLS","q95","Northern","collection10_k1_tropical_temperate","Coolhouse","Transitional",12,12,-1.22564590739291,41,0.0391261142631185,0.0652101904385309
"percentile_latbin_OLS","q95","Northern","collection10_k1_tropical_temperate","Coldhouse","Coolhouse",8,12,-0.261828998574781,32,0.115877362206669,0.16553908886667
"percentile_latbin_OLS","q95","Northern","collection10_k1_tropical_temperate","Warmhouse","Hothouse",8,6,-0.244536138645059,21,0.373442816695182,0.466803520868977
"percentile_latbin_OLS","q95","Northern","collection10_k1_tropical_temperate","Transitional","Warmhouse",12,8,0.620911842365585,48,0.515385716580331,0.572650796200368
"percentile_latbin_OLS","q95","Northern","collection10_k1_tropical_temperate","Transitional","Hothouse",12,6,0.376375703720526,38,0.592564358050644,0.592564358050644
"percentile_latbin_OLS","q95","Northern","collection10_k1_tropical_temperate_polar","Coldhouse","Warmhouse",5,4,-0.358324003244115,3,0.0556734432665702,0.185578144221901
"percentile_latbin_OLS","q95","Northern","collection10_k1_tropical_temperate_polar","Coldhouse","Hothouse",5,2,-0.544556317655075,0,0.0406805646170377,0.185578144221901
"percentile_latbin_OLS","q95","Northern","collection10_k1_tropical_temperate_polar","Coolhouse","Hothouse",8,2,-0.318104609413034,1,0.0448240277200791,0.185578144221901
"percentile_latbin_OLS","q95","Northern","collection10_k1_tropical_temperate_polar","Coldhouse","Transitional",5,2,-0.445098877776903,1,0.087622122700003,0.219055306750008
"percentile_latbin_OLS","q95","Northern","collection10_k1_tropical_temperate_polar","Coldhouse","Coolhouse",5,8,-0.226451708242041,13,0.170674656977379,0.291864654015828
"percentile_latbin_OLS","q95","Northern","collection10_k1_tropical_temperate_polar","Coolhouse","Warmhouse",8,4,-0.131872295002074,10,0.175118792409497,0.291864654015828
"percentile_latbin_OLS","q95","Northern","collection10_k1_tropical_temperate_polar","Coolhouse","Transitional",8,2,-0.218647169534862,5,0.256945445628857,0.367064922326938
"percentile_latbin_OLS","q95","Northern","collection10_k1_tropical_temperate_polar","Warmhouse","Hothouse",4,2,-0.18623231441096,3,0.408480660857696,0.51060082607212
"percentile_latbin_OLS","q95","Northern","collection10_k1_tropical_temperate_polar","Transitional","Hothouse",2,2,-0.0994574398781722,2,0.650732320848331,0.723035912053701
"percentile_latbin_OLS","q95","Northern","collection10_k1_tropical_temperate_polar","Transitional","Warmhouse",2,4,0.0867748745327874,5,0.756273354817983,0.756273354817983
"percentile_latbin_OLS","q95","Northern","collection10_k2_tropical_temperate","Coldhouse","Hothouse",5,4,-1.09259143271241,0,0.00998222665260803,0.0374647889435421
"percentile_latbin_OLS","q95","Northern","collection10_k2_tropical_temperate","Coolhouse","Warmhouse",6,5,-1.62535556206396,2,0.0112394366830626,0.0374647889435421
"percentile_latbin_OLS","q95","Northern","collection10_k2_tropical_temperate","Coolhouse","Hothouse",6,4,-1.18481537369013,0,0.00710701943454103,0.0374647889435421
"percentile_latbin_OLS","q95","Northern","collection10_k2_tropical_temperate","Coldhouse","Transitional",5,8,-1.47911691947483,6,0.024066198109791,0.040110330182985
"percentile_latbin_OLS","q95","Northern","collection10_k2_tropical_temperate","Coldhouse","Warmhouse",5,5,-1.53313162108625,2,0.018356928181352,0.040110330182985
"percentile_latbin_OLS","q95","Northern","collection10_k2_tropical_temperate","Coolhouse","Transitional",6,8,-1.57134086045255,8,0.0226939645193972,0.040110330182985
"percentile_latbin_OLS","q95","Northern","collection10_k2_tropical_temperate","Transitional","Warmhouse",8,5,-0.0540147016114129,17,0.357196518817163,0.510280741167376
"percentile_latbin_OLS","q95","Northern","collection10_k2_tropical_temperate","Coldhouse","Coolhouse",5,6,0.092223940977718,18,0.738591673040456,0.738591673040456
"percentile_latbin_OLS","q95","Northern","collection10_k2_tropical_temperate","Transitional","Hothouse",8,4,0.386525486762419,17,0.600546665178365,0.738591673040456
"percentile_latbin_OLS","q95","Northern","collection10_k2_tropical_temperate","Warmhouse","Hothouse",5,4,0.440540188373832,12,0.72985431269629,0.738591673040456
"percentile_latbin_OLS","q95","Northern","collection10_k2_tropical_temperate_polar","Coolhouse","Transitional",2,2,-0.434176892578206,1,0.349267679151669,0.349267679151669
"percentile_latbin_OLS","q95","Northern","collection10_k2_tropical_temperate_polar","Coldhouse","Coolhouse",1,2,0.205153588205541,NA,NA,NA
"percentile_latbin_OLS","q95","Northern","collection10_k2_tropical_temperate_polar","Coldhouse","Transitional",1,2,-0.229023304372665,NA,NA,NA
"percentile_latbin_OLS","q95","Northern","collection10_k2_tropical_temperate_polar","Coldhouse","Warmhouse",1,1,-0.39202242420963,NA,NA,NA
"percentile_latbin_OLS","q95","Northern","collection10_k2_tropical_temperate_polar","Coldhouse","Hothouse",1,1,-0.255075017511574,NA,NA,NA
"percentile_latbin_OLS","q95","Northern","collection10_k2_tropical_temperate_polar","Coolhouse","Warmhouse",2,1,-0.597176012415172,NA,NA,NA
"percentile_latbin_OLS","q95","Northern","collection10_k2_tropical_temperate_polar","Coolhouse","Hothouse",2,1,-0.460228605717116,NA,NA,NA
"percentile_latbin_OLS","q95","Northern","collection10_k2_tropical_temperate_polar","Transitional","Warmhouse",2,1,-0.162999119836965,NA,NA,NA
"percentile_latbin_OLS","q95","Northern","collection10_k2_tropical_temperate_polar","Transitional","Hothouse",2,1,-0.0260517131389094,NA,NA,NA
"percentile_latbin_OLS","q95","Northern","collection10_k2_tropical_temperate_polar","Warmhouse","Hothouse",1,1,0.136947406698056,NA,NA,NA
"percentile_latbin_OLS","q95","Northern","collection10_k3_tropical_temperate","Coolhouse","Transitional",2,2,-1.69161177552716,0,0.122639058403386,0.245278116806773
"percentile_latbin_OLS","q95","Northern","collection10_k3_tropical_temperate","Coolhouse","Warmhouse",2,2,-1.72433592889007,0,0.122639058403386,0.245278116806773
"percentile_latbin_OLS","q95","Northern","collection10_k3_tropical_temperate","Coolhouse","Hothouse",2,2,-0.745844436270633,0,0.122639058403386,0.245278116806773
"percentile_latbin_OLS","q95","Northern","collection10_k3_tropical_temperate","Transitional","Warmhouse",2,2,-0.032724153362903,2,0.650732320848331,0.973596244291943
"percentile_latbin_OLS","q95","Northern","collection10_k3_tropical_temperate","Transitional","Hothouse",2,2,0.945767339256532,4,0.973596244291943,0.973596244291943
"percentile_latbin_OLS","q95","Northern","collection10_k3_tropical_temperate","Warmhouse","Hothouse",2,2,0.978491492619435,3,0.877360941596614,0.973596244291943
"percentile_latbin_OLS","q95","Northern","collection10_k3_tropical_temperate","Coldhouse","Coolhouse",1,2,-0.040831004078545,NA,NA,NA
"percentile_latbin_OLS","q95","Northern","collection10_k3_tropical_temperate","Coldhouse","Transitional",1,2,-1.73244277960571,NA,NA,NA
"percentile_latbin_OLS","q95","Northern","collection10_k3_tropical_temperate","Coldhouse","Warmhouse",1,2,-1.76516693296861,NA,NA,NA
"percentile_latbin_OLS","q95","Northern","collection10_k3_tropical_temperate","Coldhouse","Hothouse",1,2,-0.786675440349178,NA,NA,NA
"percentile_latbin_OLS","q95","Northern","collection10_k3_tropical_temperate_polar","Coldhouse","Coolhouse",0,0,NA,NA,NA,NA
"percentile_latbin_OLS","q95","Northern","collection10_k3_tropical_temperate_polar","Coldhouse","Transitional",0,0,NA,NA,NA,NA
"percentile_latbin_OLS","q95","Northern","collection10_k3_tropical_temperate_polar","Coldhouse","Warmhouse",0,1,NA,NA,NA,NA
"percentile_latbin_OLS","q95","Northern","collection10_k3_tropical_temperate_polar","Coldhouse","Hothouse",0,0,NA,NA,NA,NA
"percentile_latbin_OLS","q95","Northern","collection10_k3_tropical_temperate_polar","Coolhouse","Transitional",0,0,NA,NA,NA,NA
"percentile_latbin_OLS","q95","Northern","collection10_k3_tropical_temperate_polar","Coolhouse","Warmhouse",0,1,NA,NA,NA,NA
"percentile_latbin_OLS","q95","Northern","collection10_k3_tropical_temperate_polar","Coolhouse","Hothouse",0,0,NA,NA,NA,NA
"percentile_latbin_OLS","q95","Northern","collection10_k3_tropical_temperate_polar","Transitional","Warmhouse",0,1,NA,NA,NA,NA
"percentile_latbin_OLS","q95","Northern","collection10_k3_tropical_temperate_polar","Transitional","Hothouse",0,0,NA,NA,NA,NA
"percentile_latbin_OLS","q95","Northern","collection10_k3_tropical_temperate_polar","Warmhouse","Hothouse",1,0,NA,NA,NA,NA
"percentile_latbin_OLS","q95","Southern","occurrence5_k1_tropical_temperate","Coldhouse","Warmhouse",9,10,-0.689681252527636,9,0.0018743857575299,0.00937192878764951
"percentile_latbin_OLS","q95","Southern","occurrence5_k1_tropical_temperate","Coldhouse","Hothouse",9,11,-0.966306304101672,9,0.00118702636258236,0.00937192878764951
"percentile_latbin_OLS","q95","Southern","occurrence5_k1_tropical_temperate","Transitional","Hothouse",10,11,-0.651200815411146,16,0.00335313780390279,0.0111771260130093
"percentile_latbin_OLS","q95","Southern","occurrence5_k1_tropical_temperate","Coldhouse","Coolhouse",9,16,-0.381449656493019,28,0.00689471306565114,0.0172367826641278
"percentile_latbin_OLS","q95","Southern","occurrence5_k1_tropical_temperate","Coldhouse","Transitional",9,10,-0.315105488690526,21,0.0275069161769895,0.0533517510691891
"percentile_latbin_OLS","q95","Southern","occurrence5_k1_tropical_temperate","Transitional","Warmhouse",10,10,-0.37457576383711,25,0.0320110506415135,0.0533517510691891
"percentile_latbin_OLS","q95","Southern","occurrence5_k1_tropical_temperate","Coolhouse","Hothouse",16,11,-0.584856647608653,63,0.113334065999874,0.161905808571248
"percentile_latbin_OLS","q95","Southern","occurrence5_k1_tropical_temperate","Warmhouse","Hothouse",10,11,-0.276625051574036,43,0.2090259542678,0.26128244283475
"percentile_latbin_OLS","q95","Southern","occurrence5_k1_tropical_temperate","Coolhouse","Warmhouse",16,10,-0.308231596034616,72,0.34631639202098,0.384795991134422
"percentile_latbin_OLS","q95","Southern","occurrence5_k1_tropical_temperate","Coolhouse","Transitional",16,10,0.0663441678024936,96,0.807747685309865,0.807747685309865
"percentile_latbin_OLS","q95","Southern","occurrence5_k1_tropical_temperate_polar","Coolhouse","Hothouse",10,6,-0.568050333419234,6,0.00540265471928412,0.0540265471928412
"percentile_latbin_OLS","q95","Southern","occurrence5_k1_tropical_temperate_polar","Transitional","Hothouse",7,6,-0.400897896446857,5,0.0134045653577979,0.0670228267889896
"percentile_latbin_OLS","q95","Southern","occurrence5_k1_tropical_temperate_polar","Warmhouse","Hothouse",6,6,-0.400916013491181,7,0.0463479012789063,0.154493004263021
"percentile_latbin_OLS","q95","Southern","occurrence5_k1_tropical_temperate_polar","Coldhouse","Hothouse",2,6,-0.465212515254186,1,0.0668072012688581,0.167018003172145
"percentile_latbin_OLS","q95","Southern","occurrence5_k1_tropical_temperate_polar","Coolhouse","Transitional",10,7,-0.167152436972378,25,0.176935992199322,0.353871984398644
"percentile_latbin_OLS","q95","Southern","occurrence5_k1_tropical_temperate_polar","Coolhouse","Warmhouse",10,6,-0.167134319928053,25,0.312741796808226,0.52123632801371
"percentile_latbin_OLS","q95","Southern","occurrence5_k1_tropical_temperate_polar","Coldhouse","Transitional",2,7,-0.0643146188073293,6,0.441808729690684,0.552260912113355
"percentile_latbin_OLS","q95","Southern","occurrence5_k1_tropical_temperate_polar","Transitional","Warmhouse",7,6,1.8117044324889e-05,19,0.415162128827898,0.552260912113355
"percentile_latbin_OLS","q95","Southern","occurrence5_k1_tropical_temperate_polar","Coldhouse","Warmhouse",2,6,-0.0642965017630044,6,0.566183832610904,0.629093147345449
"percentile_latbin_OLS","q95","Southern","occurrence5_k1_tropical_temperate_polar","Coldhouse","Coolhouse",2,10,0.102837818165049,14,0.833166757458515,0.833166757458515
"percentile_latbin_OLS","q95","Southern","occurrence5_k2_tropical_temperate","Coldhouse","Hothouse",5,5,-1.03533970591359,0,0.0060928901776724,0.030464450888362
"percentile_latbin_OLS","q95","Southern","occurrence5_k2_tropical_temperate","Transitional","Hothouse",5,5,-1.15521701382624,0,0.0060928901776724,0.030464450888362
"percentile_latbin_OLS","q95","Southern","occurrence5_k2_tropical_temperate","Coldhouse","Warmhouse",5,5,-0.690374654024665,1,0.0107858739738605,0.0359529132462016
"percentile_latbin_OLS","q95","Southern","occurrence5_k2_tropical_temperate","Transitional","Warmhouse",5,5,-0.810251961937311,2,0.018356928181352,0.0458923204533801
"percentile_latbin_OLS","q95","Southern","occurrence5_k2_tropical_temperate","Coldhouse","Coolhouse",5,10,-0.35064325674079,12,0.06289321231947,0.10482202053245
"percentile_latbin_OLS","q95","Southern","occurrence5_k2_tropical_temperate","Coolhouse","Hothouse",10,5,-0.684696449172802,12,0.06289321231947,0.10482202053245
"percentile_latbin_OLS","q95","Southern","occurrence5_k2_tropical_temperate","Warmhouse","Hothouse",5,5,-0.344965051888926,6,0.105037520393329,0.150053600561899
"percentile_latbin_OLS","q95","Southern","occurrence5_k2_tropical_temperate","Coolhouse","Warmhouse",10,5,-0.339731397283876,19,0.25027974890907,0.312849686136337
"percentile_latbin_OLS","q95","Southern","occurrence5_k2_tropical_temperate","Coldhouse","Transitional",5,5,0.119877307912646,10,0.338051657011573,0.375612952235082
"percentile_latbin_OLS","q95","Southern","occurrence5_k2_tropical_temperate","Coolhouse","Transitional",10,5,0.470520564653435,35,0.900775348203994,0.900775348203994
"percentile_latbin_OLS","q95","Southern","occurrence5_k2_tropical_temperate_polar","Coolhouse","Hothouse",6,3,-0.684696449172802,2,0.0466449780918023,0.223372009768148
"percentile_latbin_OLS","q95","Southern","occurrence5_k2_tropical_temperate_polar","Transitional","Hothouse",2,3,-0.589433134170237,0,0.0744573365893828,0.223372009768148
"percentile_latbin_OLS","q95","Southern","occurrence5_k2_tropical_temperate_polar","Coolhouse","Warmhouse",6,4,-0.339037995786846,8,0.227772546894665,0.292471974218421
"percentile_latbin_OLS","q95","Southern","occurrence5_k2_tropical_temperate_polar","Transitional","Warmhouse",2,4,-0.243774680784281,2,0.243726645182017,0.292471974218421
"percentile_latbin_OLS","q95","Southern","occurrence5_k2_tropical_temperate_polar","Warmhouse","Hothouse",4,3,-0.345658453385956,3,0.188379558905791,0.292471974218421
"percentile_latbin_OLS","q95","Southern","occurrence5_k2_tropical_temperate_polar","Coolhouse","Transitional",6,2,-0.0952633150025656,4,0.308537538725987,0.308537538725987
"percentile_latbin_OLS","q95","Southern","occurrence5_k2_tropical_temperate_polar","Coldhouse","Coolhouse",0,6,NA,NA,NA,NA
"percentile_latbin_OLS","q95","Southern","occurrence5_k2_tropical_temperate_polar","Coldhouse","Transitional",0,2,NA,NA,NA,NA
"percentile_latbin_OLS","q95","Southern","occurrence5_k2_tropical_temperate_polar","Coldhouse","Warmhouse",0,4,NA,NA,NA,NA
"percentile_latbin_OLS","q95","Southern","occurrence5_k2_tropical_temperate_polar","Coldhouse","Hothouse",0,3,NA,NA,NA,NA
"percentile_latbin_OLS","q95","Southern","occurrence5_k3_tropical_temperate","Coldhouse","Hothouse",2,4,-0.743274300260777,0,0.0525962525600207,0.186019613830487
"percentile_latbin_OLS","q95","Southern","occurrence5_k3_tropical_temperate","Transitional","Warmhouse",3,4,-0.934723356109734,1,0.0558058841491461,0.186019613830487
"percentile_latbin_OLS","q95","Southern","occurrence5_k3_tropical_temperate","Transitional","Hothouse",3,4,-1.13400548657527,0,0.0259149636089548,0.186019613830487
"percentile_latbin_OLS","q95","Southern","occurrence5_k3_tropical_temperate","Coldhouse","Warmhouse",2,4,-0.543992169795245,1,0.123579986605954,0.247159973211907
"percentile_latbin_OLS","q95","Southern","occurrence5_k3_tropical_temperate","Coolhouse","Hothouse",6,4,-0.645398951291228,6,0.120477334350785,0.247159973211907
"percentile_latbin_OLS","q95","Southern","occurrence5_k3_tropical_temperate","Warmhouse","Hothouse",4,4,-0.199282130465531,5,0.235243211029395,0.392072018382325
"percentile_latbin_OLS","q95","Southern","occurrence5_k3_tropical_temperate","Coldhouse","Coolhouse",2,6,-0.0978753489695484,5,0.433816167389096,0.571941271512816
"percentile_latbin_OLS","q95","Southern","occurrence5_k3_tropical_temperate","Coolhouse","Warmhouse",6,4,-0.446116820825697,11,0.457553017210253,0.571941271512816
"percentile_latbin_OLS","q95","Southern","occurrence5_k3_tropical_temperate","Coldhouse","Transitional",2,3,0.390731186314489,5,0.925542663410617,0.953355021908198
"percentile_latbin_OLS","q95","Southern","occurrence5_k3_tropical_temperate","Coolhouse","Transitional",6,3,0.488606535284037,15,0.953355021908198,0.953355021908198
"percentile_latbin_OLS","q95","Southern","occurrence5_k3_tropical_temperate_polar","Coolhouse","Warmhouse",3,2,-0.480221131908103,0,0.0744573365893828,0.111686004884074
"percentile_latbin_OLS","q95","Southern","occurrence5_k3_tropical_temperate_polar","Coolhouse","Hothouse",3,3,-0.714019963279594,0,0.0404277991850261,0.111686004884074
"percentile_latbin_OLS","q95","Southern","occurrence5_k3_tropical_temperate_polar","Warmhouse","Hothouse",2,3,-0.233798831371492,2,0.386414996342224,0.386414996342224
"percentile_latbin_OLS","q95","Southern","occurrence5_k3_tropical_temperate_polar","Coldhouse","Coolhouse",0,3,NA,NA,NA,NA
"percentile_latbin_OLS","q95","Southern","occurrence5_k3_tropical_temperate_polar","Coldhouse","Transitional",0,1,NA,NA,NA,NA
"percentile_latbin_OLS","q95","Southern","occurrence5_k3_tropical_temperate_polar","Coldhouse","Warmhouse",0,2,NA,NA,NA,NA
"percentile_latbin_OLS","q95","Southern","occurrence5_k3_tropical_temperate_polar","Coldhouse","Hothouse",0,3,NA,NA,NA,NA
"percentile_latbin_OLS","q95","Southern","occurrence5_k3_tropical_temperate_polar","Coolhouse","Transitional",3,1,-0.0231295838219929,NA,NA,NA
"percentile_latbin_OLS","q95","Southern","occurrence5_k3_tropical_temperate_polar","Transitional","Warmhouse",1,2,-0.45709154808611,NA,NA,NA
"percentile_latbin_OLS","q95","Southern","occurrence5_k3_tropical_temperate_polar","Transitional","Hothouse",1,3,-0.690890379457602,NA,NA,NA
"percentile_latbin_OLS","q95","Southern","occurrence10_k1_tropical_temperate","Coldhouse","Hothouse",9,10,-0.966057687534592,0,0.000139850135093343,0.000699250675466717
"percentile_latbin_OLS","q95","Southern","occurrence10_k1_tropical_temperate","Transitional","Hothouse",9,10,-0.684060619623435,0,0.000139850135093343,0.000699250675466717
"percentile_latbin_OLS","q95","Southern","occurrence10_k1_tropical_temperate","Coldhouse","Warmhouse",9,9,-0.682791793550442,7,0.00178431421846669,0.00594771406155564
"percentile_latbin_OLS","q95","Southern","occurrence10_k1_tropical_temperate","Coldhouse","Coolhouse",9,16,-0.385965307354619,26,0.00499854049128769,0.0124963512282192
"percentile_latbin_OLS","q95","Southern","occurrence10_k1_tropical_temperate","Transitional","Warmhouse",9,9,-0.400794725639285,15,0.0136376918807927,0.0272753837615853
"percentile_latbin_OLS","q95","Southern","occurrence10_k1_tropical_temperate","Coolhouse","Hothouse",16,10,-0.580092380179973,46,0.0387310680397185,0.0645517800661975
"percentile_latbin_OLS","q95","Southern","occurrence10_k1_tropical_temperate","Warmhouse","Hothouse",9,10,-0.28326589398415,24,0.0470831877189399,0.0672616967413427
"percentile_latbin_OLS","q95","Southern","occurrence10_k1_tropical_temperate","Coldhouse","Transitional",9,9,-0.281997067911157,22,0.0559806771318742,0.0699758464148427
"percentile_latbin_OLS","q95","Southern","occurrence10_k1_tropical_temperate","Coolhouse","Warmhouse",16,9,-0.296826486195823,61,0.276107111017075,0.306785678907861
"percentile_latbin_OLS","q95","Southern","occurrence10_k1_tropical_temperate","Coolhouse","Transitional",16,9,0.103968239443462,94,0.898634914676739,0.898634914676739
"percentile_latbin_OLS","q95","Southern","occurrence10_k1_tropical_temperate_polar","Transitional","Hothouse",6,5,-0.630132360962962,0,0.00405655863278289,0.0405655863278289
"percentile_latbin_OLS","q95","Southern","occurrence10_k1_tropical_temperate_polar","Coolhouse","Hothouse",9,5,-0.653117682920208,4,0.00819753592459613,0.0409876796229807
"percentile_latbin_OLS","q95","Southern","occurrence10_k1_tropical_temperate_polar","Coldhouse","Hothouse",2,5,-0.614435283728552,0,0.0406805646170377,0.118366178249345
"percentile_latbin_OLS","q95","Southern","occurrence10_k1_tropical_temperate_polar","Warmhouse","Hothouse",5,5,-0.313144929246186,4,0.047346471299738,0.118366178249345
"percentile_latbin_OLS","q95","Southern","occurrence10_k1_tropical_temperate_polar","Coolhouse","Warmhouse",9,5,-0.339972753674022,18,0.296901428603851,0.494835714339752
"percentile_latbin_OLS","q95","Southern","occurrence10_k1_tropical_temperate_polar","Transitional","Warmhouse",6,5,-0.316987431716776,11,0.261408326959544,0.494835714339752
"percentile_latbin_OLS","q95","Southern","occurrence10_k1_tropical_temperate_polar","Coldhouse","Warmhouse",2,5,-0.301290354482366,4,0.423225298438295,0.537302371999166
"percentile_latbin_OLS","q95","Southern","occurrence10_k1_tropical_temperate_polar","Coolhouse","Transitional",9,6,-0.0229853219572457,25,0.429841897599333,0.537302371999166
"percentile_latbin_OLS","q95","Southern","occurrence10_k1_tropical_temperate_polar","Coldhouse","Transitional",2,6,0.0156970772344103,7,0.691462461274013,0.768291623637792
"percentile_latbin_OLS","q95","Southern","occurrence10_k1_tropical_temperate_polar","Coldhouse","Coolhouse",2,9,0.038682399191656,12,0.79530225689504,0.79530225689504
"percentile_latbin_OLS","q95","Southern","occurrence10_k2_tropical_temperate","Coldhouse","Warmhouse",4,5,-1.20127624522944,0,0.00998222665260803,0.0249555666315201
"percentile_latbin_OLS","q95","Southern","occurrence10_k2_tropical_temperate","Coldhouse","Hothouse",4,5,-1.44671690188627,0,0.00998222665260803,0.0249555666315201
"percentile_latbin_OLS","q95","Southern","occurrence10_k2_tropical_temperate","Transitional","Warmhouse",5,5,-0.913112755646514,0,0.0060928901776724,0.0249555666315201
"percentile_latbin_OLS","q95","Southern","occurrence10_k2_tropical_temperate","Transitional","Hothouse",5,5,-1.15855341230334,0,0.0060928901776724,0.0249555666315201
"percentile_latbin_OLS","q95","Southern","occurrence10_k2_tropical_temperate","Coolhouse","Hothouse",10,5,-0.672760615187189,12,0.06289321231947,0.12578642463894
"percentile_latbin_OLS","q95","Southern","occurrence10_k2_tropical_temperate","Coldhouse","Coolhouse",4,10,-0.773956286699077,10,0.089554596363361,0.149257660605602
"percentile_latbin_OLS","q95","Southern","occurrence10_k2_tropical_temperate","Coolhouse","Warmhouse",10,5,-0.427319958530362,15,0.122311802563492,0.174731146519274
"percentile_latbin_OLS","q95","Southern","occurrence10_k2_tropical_temperate","Warmhouse","Hothouse",5,5,-0.245440656656827,7,0.148134935742143,0.185168669677679
"percentile_latbin_OLS","q95","Southern","occurrence10_k2_tropical_temperate","Coldhouse","Transitional",4,5,-0.288163489582925,7,0.27014568730371,0.3001618747819
"percentile_latbin_OLS","q95","Southern","occurrence10_k2_tropical_temperate","Coolhouse","Transitional",10,5,0.485792797116153,36,0.920502045561349,0.920502045561349
"percentile_latbin_OLS","q95","Southern","occurrence10_k2_tropical_temperate_polar","Coolhouse","Warmhouse",5,3,-0.341368461987399,0,0.0184442128535249,0.0553326385605748
"percentile_latbin_OLS","q95","Southern","occurrence10_k2_tropical_temperate_polar","Coolhouse","Hothouse",5,3,-0.690150043322506,0,0.0184442128535249,0.0553326385605748
"percentile_latbin_OLS","q95","Southern","occurrence10_k2_tropical_temperate_polar","Transitional","Warmhouse",2,3,-0.239089154877314,0,0.0744573365893828,0.111686004884074
"percentile_latbin_OLS","q95","Southern","occurrence10_k2_tropical_temperate_polar","Transitional","Hothouse",2,3,-0.587870736212421,0,0.0744573365893828,0.111686004884074
"percentile_latbin_OLS","q95","Southern","occurrence10_k2_tropical_temperate_polar","Coolhouse","Transitional",5,2,-0.102279307110086,3,0.280637918067289,0.331260291770029
"percentile_latbin_OLS","q95","Southern","occurrence10_k2_tropical_temperate_polar","Warmhouse","Hothouse",3,3,-0.348781581335107,3,0.331260291770029,0.331260291770029
"percentile_latbin_OLS","q95","Southern","occurrence10_k2_tropical_temperate_polar","Coldhouse","Coolhouse",0,5,NA,NA,NA,NA
"percentile_latbin_OLS","q95","Southern","occurrence10_k2_tropical_temperate_polar","Coldhouse","Transitional",0,2,NA,NA,NA,NA
"percentile_latbin_OLS","q95","Southern","occurrence10_k2_tropical_temperate_polar","Coldhouse","Warmhouse",0,3,NA,NA,NA,NA
"percentile_latbin_OLS","q95","Southern","occurrence10_k2_tropical_temperate_polar","Coldhouse","Hothouse",0,3,NA,NA,NA,NA
"percentile_latbin_OLS","q95","Southern","occurrence10_k3_tropical_temperate","Transitional","Warmhouse",3,4,-0.969928828762624,0,0.0259149636089548,0.121283397555078
"percentile_latbin_OLS","q95","Southern","occurrence10_k3_tropical_temperate","Transitional","Hothouse",3,3,-1.15855341230334,0,0.0404277991850261,0.121283397555078
"percentile_latbin_OLS","q95","Southern","occurrence10_k3_tropical_temperate","Coolhouse","Hothouse",6,3,-0.662997495666247,4,0.122639058403386,0.245278116806773
"percentile_latbin_OLS","q95","Southern","occurrence10_k3_tropical_temperate","Coolhouse","Warmhouse",6,4,-0.474372912125531,8,0.227772546894665,0.341658820341998
"percentile_latbin_OLS","q95","Southern","occurrence10_k3_tropical_temperate","Warmhouse","Hothouse",4,3,-0.188624583540717,5,0.429841897599333,0.5158102771192
"percentile_latbin_OLS","q95","Southern","occurrence10_k3_tropical_temperate","Coolhouse","Transitional",6,3,0.495555916637094,16,0.973596244291943,0.973596244291943
"percentile_latbin_OLS","q95","Southern","occurrence10_k3_tropical_temperate","Coldhouse","Coolhouse",0,6,NA,NA,NA,NA
"percentile_latbin_OLS","q95","Southern","occurrence10_k3_tropical_temperate","Coldhouse","Transitional",0,3,NA,NA,NA,NA
"percentile_latbin_OLS","q95","Southern","occurrence10_k3_tropical_temperate","Coldhouse","Warmhouse",0,4,NA,NA,NA,NA
"percentile_latbin_OLS","q95","Southern","occurrence10_k3_tropical_temperate","Coldhouse","Hothouse",0,3,NA,NA,NA,NA
"percentile_latbin_OLS","q95","Southern","occurrence10_k3_tropical_temperate_polar","Coolhouse","Warmhouse",3,2,-0.449854997442649,0,0.0744573365893828,0.111686004884074
"percentile_latbin_OLS","q95","Southern","occurrence10_k3_tropical_temperate_polar","Coolhouse","Hothouse",3,3,-0.690150043322506,0,0.0404277991850261,0.111686004884074
"percentile_latbin_OLS","q95","Southern","occurrence10_k3_tropical_temperate_polar","Warmhouse","Hothouse",2,3,-0.240295045879857,2,0.386414996342224,0.386414996342224
"percentile_latbin_OLS","q95","Southern","occurrence10_k3_tropical_temperate_polar","Coldhouse","Coolhouse",0,3,NA,NA,NA,NA
"percentile_latbin_OLS","q95","Southern","occurrence10_k3_tropical_temperate_polar","Coldhouse","Transitional",0,1,NA,NA,NA,NA
"percentile_latbin_OLS","q95","Southern","occurrence10_k3_tropical_temperate_polar","Coldhouse","Warmhouse",0,2,NA,NA,NA,NA
"percentile_latbin_OLS","q95","Southern","occurrence10_k3_tropical_temperate_polar","Coldhouse","Hothouse",0,3,NA,NA,NA,NA
"percentile_latbin_OLS","q95","Southern","occurrence10_k3_tropical_temperate_polar","Coolhouse","Transitional",3,1,0.0104174192933403,NA,NA,NA
"percentile_latbin_OLS","q95","Southern","occurrence10_k3_tropical_temperate_polar","Transitional","Warmhouse",1,2,-0.46027241673599,NA,NA,NA
"percentile_latbin_OLS","q95","Southern","occurrence10_k3_tropical_temperate_polar","Transitional","Hothouse",1,3,-0.700567462615846,NA,NA,NA
"percentile_latbin_OLS","q95","Southern","collection5_k1_tropical_temperate","Coldhouse","Hothouse",9,9,-0.856774009336698,8,0.00235909936405751,0.0235909936405751
"percentile_latbin_OLS","q95","Southern","collection5_k1_tropical_temperate","Coldhouse","Warmhouse",9,7,-0.622697237865848,7,0.00553582227659594,0.0276791113829797
"percentile_latbin_OLS","q95","Southern","collection5_k1_tropical_temperate","Coldhouse","Transitional",9,10,-0.387416848580941,18,0.0152430784676317,0.0508102615587723
"percentile_latbin_OLS","q95","Southern","collection5_k1_tropical_temperate","Coldhouse","Coolhouse",9,16,-0.328223827410242,37,0.02539926036942,0.055013832353979
"percentile_latbin_OLS","q95","Southern","collection5_k1_tropical_temperate","Transitional","Hothouse",10,9,-0.469357160755756,21,0.0275069161769895,0.055013832353979
"percentile_latbin_OLS","q95","Southern","collection5_k1_tropical_temperate","Coolhouse","Hothouse",16,9,-0.528550181926456,52,0.134803052284104,0.192575788977292
"percentile_latbin_OLS","q95","Southern","collection5_k1_tropical_temperate","Transitional","Warmhouse",10,7,-0.235280389284907,23,0.130870623095178,0.192575788977292
"percentile_latbin_OLS","q95","Southern","collection5_k1_tropical_temperate","Warmhouse","Hothouse",7,9,-0.23407677147085,23,0.198550572913125,0.248188216141407
"percentile_latbin_OLS","q95","Southern","collection5_k1_tropical_temperate","Coolhouse","Warmhouse",16,7,-0.294473410455606,47,0.285041202957718,0.316712447730797
"percentile_latbin_OLS","q95","Southern","collection5_k1_tropical_temperate","Coolhouse","Transitional",16,10,-0.0591930211706995,83,0.573176128454483,0.573176128454483
"percentile_latbin_OLS","q95","Southern","collection5_k1_tropical_temperate_polar","Coolhouse","Hothouse",9,4,-0.613650756762686,2,0.00838522806319097,0.0454075458696911
"percentile_latbin_OLS","q95","Southern","collection5_k1_tropical_temperate_polar","Transitional","Hothouse",7,4,-0.541069432712452,1,0.00908150917393821,0.0454075458696911
"percentile_latbin_OLS","q95","Southern","collection5_k1_tropical_temperate_polar","Coldhouse","Hothouse",2,4,-0.578674465082037,0,0.0525962525600207,0.175320841866736
"percentile_latbin_OLS","q95","Southern","collection5_k1_tropical_temperate_polar","Coolhouse","Warmhouse",9,4,-0.323171165004626,9,0.0948311998820729,0.219302649679319
"percentile_latbin_OLS","q95","Southern","collection5_k1_tropical_temperate_polar","Transitional","Warmhouse",7,4,-0.250589840954391,7,0.109651324839659,0.219302649679319
"percentile_latbin_OLS","q95","Southern","collection5_k1_tropical_temperate_polar","Warmhouse","Hothouse",4,4,-0.29047959175806,4,0.156160710838108,0.260267851396847
"percentile_latbin_OLS","q95","Southern","collection5_k1_tropical_temperate_polar","Coldhouse","Warmhouse",2,4,-0.288194873323976,2,0.243726645182017,0.304658306477522
"percentile_latbin_OLS","q95","Southern","collection5_k1_tropical_temperate_polar","Coolhouse","Transitional",9,7,-0.0725813240502344,24,0.229359279362511,0.304658306477522
"percentile_latbin_OLS","q95","Southern","collection5_k1_tropical_temperate_polar","Coldhouse","Transitional",2,7,-0.0376050323695851,5,0.330274602600837,0.366971780667596
"percentile_latbin_OLS","q95","Southern","collection5_k1_tropical_temperate_polar","Coldhouse","Coolhouse",2,9,0.0349762916806493,13,0.855577816826758,0.855577816826758
"percentile_latbin_OLS","q95","Southern","collection5_k2_tropical_temperate","Coldhouse","Hothouse",3,5,-1.69775355459727,0,0.0184442128535249,0.0922210642676247
"percentile_latbin_OLS","q95","Southern","collection5_k2_tropical_temperate","Transitional","Hothouse",5,5,-0.602689023247984,1,0.0107858739738605,0.0922210642676247
"percentile_latbin_OLS","q95","Southern","collection5_k2_tropical_temperate","Coldhouse","Transitional",3,5,-1.09506453134928,2,0.0680185640570718,0.136037128114144
"percentile_latbin_OLS","q95","Southern","collection5_k2_tropical_temperate","Coldhouse","Warmhouse",3,4,-1.46495714024193,1,0.0558058841491461,0.136037128114144
"percentile_latbin_OLS","q95","Southern","collection5_k2_tropical_temperate","Transitional","Warmhouse",5,4,-0.369892608892649,3,0.0556734432665702,0.136037128114144
"percentile_latbin_OLS","q95","Southern","collection5_k2_tropical_temperate","Coldhouse","Coolhouse",3,8,-1.04596419159974,5,0.0922862764199414,0.152428038840259
"percentile_latbin_OLS","q95","Southern","collection5_k2_tropical_temperate","Coolhouse","Hothouse",8,5,-0.651789362997521,11,0.106699627188181,0.152428038840259
"percentile_latbin_OLS","q95","Southern","collection5_k2_tropical_temperate","Warmhouse","Hothouse",4,5,-0.232796414355335,6,0.19563363964132,0.24454204955165
"percentile_latbin_OLS","q95","Southern","collection5_k2_tropical_temperate","Coolhouse","Warmhouse",8,4,-0.418992948642186,14,0.399453334821635,0.443837038690706
"percentile_latbin_OLS","q95","Southern","collection5_k2_tropical_temperate","Coolhouse","Transitional",8,5,-0.0491003397495369,25,0.789624078316534,0.789624078316534
"percentile_latbin_OLS","q95","Southern","collection5_k2_tropical_temperate_polar","Coolhouse","Transitional",4,2,-0.130955927824452,0,0.0525962525600207,0.105192505120041
"percentile_latbin_OLS","q95","Southern","collection5_k2_tropical_temperate_polar","Coolhouse","Warmhouse",4,2,-0.436292173017087,0,0.0525962525600207,0.105192505120041
"percentile_latbin_OLS","q95","Southern","collection5_k2_tropical_temperate_polar","Coolhouse","Hothouse",4,3,-0.669088587372422,0,0.0259149636089548,0.105192505120041
"percentile_latbin_OLS","q95","Southern","collection5_k2_tropical_temperate_polar","Transitional","Hothouse",2,3,-0.53813265954797,0,0.0744573365893828,0.111686004884074
"percentile_latbin_OLS","q95","Southern","collection5_k2_tropical_temperate_polar","Transitional","Warmhouse",2,2,-0.305336245192635,0,0.122639058403386,0.147166870084064
"percentile_latbin_OLS","q95","Southern","collection5_k2_tropical_temperate_polar","Warmhouse","Hothouse",2,3,-0.232796414355335,2,0.386414996342224,0.386414996342224
"percentile_latbin_OLS","q95","Southern","collection5_k2_tropical_temperate_polar","Coldhouse","Coolhouse",0,4,NA,NA,NA,NA
"percentile_latbin_OLS","q95","Southern","collection5_k2_tropical_temperate_polar","Coldhouse","Transitional",0,2,NA,NA,NA,NA
"percentile_latbin_OLS","q95","Southern","collection5_k2_tropical_temperate_polar","Coldhouse","Warmhouse",0,2,NA,NA,NA,NA
"percentile_latbin_OLS","q95","Southern","collection5_k2_tropical_temperate_polar","Coldhouse","Hothouse",0,3,NA,NA,NA,NA
"percentile_latbin_OLS","q95","Southern","collection5_k3_tropical_temperate","Coolhouse","Warmhouse",4,4,-0.496826590832525,2,0.056175598845232,0.168526796535696
"percentile_latbin_OLS","q95","Southern","collection5_k3_tropical_temperate","Coolhouse","Hothouse",4,2,-0.532165476577641,0,0.0525962525600207,0.168526796535696
"percentile_latbin_OLS","q95","Southern","collection5_k3_tropical_temperate","Transitional","Warmhouse",3,4,-0.369892608892649,2,0.10796246947007,0.21592493894014
"percentile_latbin_OLS","q95","Southern","collection5_k3_tropical_temperate","Transitional","Hothouse",3,2,-0.405231494637765,1,0.193238115385616,0.289857173078424
"percentile_latbin_OLS","q95","Southern","collection5_k3_tropical_temperate","Coolhouse","Transitional",4,3,-0.126933981939876,4,0.297941545282589,0.357529854339107
"percentile_latbin_OLS","q95","Southern","collection5_k3_tropical_temperate","Warmhouse","Hothouse",4,2,-0.0353388857451161,4,0.591519339142304,0.591519339142304
"percentile_latbin_OLS","q95","Southern","collection5_k3_tropical_temperate","Coldhouse","Coolhouse",0,4,NA,NA,NA,NA
"percentile_latbin_OLS","q95","Southern","collection5_k3_tropical_temperate","Coldhouse","Transitional",0,3,NA,NA,NA,NA
"percentile_latbin_OLS","q95","Southern","collection5_k3_tropical_temperate","Coldhouse","Warmhouse",0,4,NA,NA,NA,NA
"percentile_latbin_OLS","q95","Southern","collection5_k3_tropical_temperate","Coldhouse","Hothouse",0,2,NA,NA,NA,NA
"percentile_latbin_OLS","q95","Southern","collection5_k3_tropical_temperate_polar","Coolhouse","Warmhouse",3,2,-0.442473932942884,0,0.0744573365893828,0.0744573365893828
"percentile_latbin_OLS","q95","Southern","collection5_k3_tropical_temperate_polar","Coldhouse","Coolhouse",0,3,NA,NA,NA,NA
"percentile_latbin_OLS","q95","Southern","collection5_k3_tropical_temperate_polar","Coldhouse","Transitional",0,1,NA,NA,NA,NA
"percentile_latbin_OLS","q95","Southern","collection5_k3_tropical_temperate_polar","Coldhouse","Warmhouse",0,2,NA,NA,NA,NA
"percentile_latbin_OLS","q95","Southern","collection5_k3_tropical_temperate_polar","Coldhouse","Hothouse",0,1,NA,NA,NA,NA
"percentile_latbin_OLS","q95","Southern","collection5_k3_tropical_temperate_polar","Coolhouse","Transitional",3,1,-0.0725813240502344,NA,NA,NA
"percentile_latbin_OLS","q95","Southern","collection5_k3_tropical_temperate_polar","Coolhouse","Hothouse",3,1,-0.675270347298219,NA,NA,NA
"percentile_latbin_OLS","q95","Southern","collection5_k3_tropical_temperate_polar","Transitional","Warmhouse",1,2,-0.369892608892649,NA,NA,NA
"percentile_latbin_OLS","q95","Southern","collection5_k3_tropical_temperate_polar","Transitional","Hothouse",1,1,-0.602689023247984,NA,NA,NA
"percentile_latbin_OLS","q95","Southern","collection5_k3_tropical_temperate_polar","Warmhouse","Hothouse",2,1,-0.232796414355335,NA,NA,NA
"percentile_latbin_OLS","q95","Southern","collection10_k1_tropical_temperate","Coldhouse","Warmhouse",5,6,-1.51677392013362,1,0.00685541503906661,0.0228513834635554
"percentile_latbin_OLS","q95","Southern","collection10_k1_tropical_temperate","Coldhouse","Hothouse",5,7,-1.74029977767783,1,0.00468305581653336,0.0228513834635554
"percentile_latbin_OLS","q95","Southern","collection10_k1_tropical_temperate","Transitional","Hothouse",8,7,-0.508333276604225,6,0.00642063116860977,0.0228513834635554
"percentile_latbin_OLS","q95","Southern","collection10_k1_tropical_temperate","Coldhouse","Coolhouse",5,12,-1.17676069561021,12,0.0325433632463834,0.0542389387439723
"percentile_latbin_OLS","q95","Southern","collection10_k1_tropical_temperate","Coldhouse","Transitional",5,8,-1.23196650107361,6,0.024066198109791,0.0542389387439723
"percentile_latbin_OLS","q95","Southern","collection10_k1_tropical_temperate","Transitional","Warmhouse",8,6,-0.284807419060006,9,0.030607317477301,0.0542389387439723
"percentile_latbin_OLS","q95","Southern","collection10_k1_tropical_temperate","Coolhouse","Hothouse",12,7,-0.563539082067626,26,0.0950997623827324,0.135856803403903
"percentile_latbin_OLS","q95","Southern","collection10_k1_tropical_temperate","Warmhouse","Hothouse",6,7,-0.223525857544219,13,0.141988385875456,0.17748548234432
"percentile_latbin_OLS","q95","Southern","collection10_k1_tropical_temperate","Coolhouse","Warmhouse",12,6,-0.340013224523406,27,0.212987555756803,0.236652839729781
"percentile_latbin_OLS","q95","Southern","collection10_k1_tropical_temperate","Coolhouse","Transitional",12,8,-0.0552058054634009,51,0.606431744774442,0.606431744774442
"percentile_latbin_OLS","q95","Southern","collection10_k1_tropical_temperate_polar","Coolhouse","Warmhouse",4,4,-0.53299024353647,1,0.030300984856003,0.0606019697120061
"percentile_latbin_OLS","q95","Southern","collection10_k1_tropical_temperate_polar","Coolhouse","Hothouse",4,3,-1.02056779603516,0,0.0259149636089548,0.0606019697120061
"percentile_latbin_OLS","q95","Southern","collection10_k1_tropical_temperate_polar","Transitional","Hothouse",5,3,-0.79174620999645,0,0.0184442128535249,0.0606019697120061
"percentile_latbin_OLS","q95","Southern","collection10_k1_tropical_temperate_polar","Transitional","Warmhouse",5,4,-0.304168657497761,3,0.0556734432665702,0.0835101648998553
"percentile_latbin_OLS","q95","Southern","collection10_k1_tropical_temperate_polar","Coolhouse","Transitional",4,5,-0.228821586038708,6,0.19563363964132,0.19563363964132
"percentile_latbin_OLS","q95","Southern","collection10_k1_tropical_temperate_polar","Warmhouse","Hothouse",4,3,-0.487577552498689,3,0.188379558905791,0.19563363964132
"percentile_latbin_OLS","q95","Southern","collection10_k1_tropical_temperate_polar","Coldhouse","Coolhouse",1,4,0.378656052119484,NA,NA,NA
"percentile_latbin_OLS","q95","Southern","collection10_k1_tropical_temperate_polar","Coldhouse","Transitional",1,5,0.149834466080776,NA,NA,NA
"percentile_latbin_OLS","q95","Southern","collection10_k1_tropical_temperate_polar","Coldhouse","Warmhouse",1,4,-0.154334191416985,NA,NA,NA
"percentile_latbin_OLS","q95","Southern","collection10_k1_tropical_temperate_polar","Coldhouse","Hothouse",1,3,-0.641911743915674,NA,NA,NA
"percentile_latbin_OLS","q95","Southern","collection10_k2_tropical_temperate","Coolhouse","Warmhouse",3,4,-0.481563804575907,0,0.0259149636089548,0.0518299272179097
"percentile_latbin_OLS","q95","Southern","collection10_k2_tropical_temperate","Transitional","Warmhouse",5,4,-0.434136256324552,1,0.0186682079603315,0.0518299272179097
"percentile_latbin_OLS","q95","Southern","collection10_k2_tropical_temperate","Transitional","Hothouse",5,3,-0.79174620999645,0,0.0184442128535249,0.0518299272179097
"percentile_latbin_OLS","q95","Southern","collection10_k2_tropical_temperate","Coolhouse","Hothouse",3,3,-0.839173758247806,0,0.0404277991850261,0.0606416987775392
"percentile_latbin_OLS","q95","Southern","collection10_k2_tropical_temperate","Warmhouse","Hothouse",4,3,-0.357609953671899,3,0.188379558905791,0.226055470686949
"percentile_latbin_OLS","q95","Southern","collection10_k2_tropical_temperate","Coolhouse","Transitional",3,5,-0.0474275482513558,6,0.382797241997882,0.382797241997882
"percentile_latbin_OLS","q95","Southern","collection10_k2_tropical_temperate","Coldhouse","Coolhouse",1,3,-0.773052895690868,NA,NA,NA
"percentile_latbin_OLS","q95","Southern","collection10_k2_tropical_temperate","Coldhouse","Transitional",1,5,-0.820480443942223,NA,NA,NA
"percentile_latbin_OLS","q95","Southern","collection10_k2_tropical_temperate","Coldhouse","Warmhouse",1,4,-1.25461670026677,NA,NA,NA
"percentile_latbin_OLS","q95","Southern","collection10_k2_tropical_temperate","Coldhouse","Hothouse",1,3,-1.61222665393867,NA,NA,NA
"percentile_latbin_OLS","q95","Southern","collection10_k2_tropical_temperate_polar","Coolhouse","Warmhouse",2,2,-0.535538840436351,0,0.122639058403386,0.18395858760508
"percentile_latbin_OLS","q95","Southern","collection10_k2_tropical_temperate_polar","Coolhouse","Hothouse",2,3,-0.89314879410825,0,0.0744573365893828,0.18395858760508
"percentile_latbin_OLS","q95","Southern","collection10_k2_tropical_temperate_polar","Warmhouse","Hothouse",2,3,-0.357609953671899,2,0.386414996342224,0.386414996342224
"percentile_latbin_OLS","q95","Southern","collection10_k2_tropical_temperate_polar","Coldhouse","Coolhouse",0,2,NA,NA,NA,NA
"percentile_latbin_OLS","q95","Southern","collection10_k2_tropical_temperate_polar","Coldhouse","Transitional",0,1,NA,NA,NA,NA
"percentile_latbin_OLS","q95","Southern","collection10_k2_tropical_temperate_polar","Coldhouse","Warmhouse",0,2,NA,NA,NA,NA
"percentile_latbin_OLS","q95","Southern","collection10_k2_tropical_temperate_polar","Coldhouse","Hothouse",0,3,NA,NA,NA,NA
"percentile_latbin_OLS","q95","Southern","collection10_k2_tropical_temperate_polar","Coolhouse","Transitional",2,1,-0.235110713656626,NA,NA,NA
"percentile_latbin_OLS","q95","Southern","collection10_k2_tropical_temperate_polar","Transitional","Warmhouse",1,2,-0.300428126779725,NA,NA,NA
"percentile_latbin_OLS","q95","Southern","collection10_k2_tropical_temperate_polar","Transitional","Hothouse",1,3,-0.658038080451623,NA,NA,NA
"percentile_latbin_OLS","q95","Southern","collection10_k3_tropical_temperate","Warmhouse","Hothouse",4,2,-0.0849907205793662,3,0.408480660857696,0.408480660857696
"percentile_latbin_OLS","q95","Southern","collection10_k3_tropical_temperate","Coldhouse","Coolhouse",0,0,NA,NA,NA,NA
"percentile_latbin_OLS","q95","Southern","collection10_k3_tropical_temperate","Coldhouse","Transitional",0,1,NA,NA,NA,NA
"percentile_latbin_OLS","q95","Southern","collection10_k3_tropical_temperate","Coldhouse","Warmhouse",0,4,NA,NA,NA,NA
"percentile_latbin_OLS","q95","Southern","collection10_k3_tropical_temperate","Coldhouse","Hothouse",0,2,NA,NA,NA,NA
"percentile_latbin_OLS","q95","Southern","collection10_k3_tropical_temperate","Coolhouse","Transitional",0,1,NA,NA,NA,NA
"percentile_latbin_OLS","q95","Southern","collection10_k3_tropical_temperate","Coolhouse","Warmhouse",0,4,NA,NA,NA,NA
"percentile_latbin_OLS","q95","Southern","collection10_k3_tropical_temperate","Coolhouse","Hothouse",0,2,NA,NA,NA,NA
"percentile_latbin_OLS","q95","Southern","collection10_k3_tropical_temperate","Transitional","Warmhouse",1,4,-0.434136256324552,NA,NA,NA
"percentile_latbin_OLS","q95","Southern","collection10_k3_tropical_temperate","Transitional","Hothouse",1,2,-0.519126976903918,NA,NA,NA
"percentile_latbin_OLS","q95","Southern","collection10_k3_tropical_temperate_polar","Coldhouse","Coolhouse",0,0,NA,NA,NA,NA
"percentile_latbin_OLS","q95","Southern","collection10_k3_tropical_temperate_polar","Coldhouse","Transitional",0,0,NA,NA,NA,NA
"percentile_latbin_OLS","q95","Southern","collection10_k3_tropical_temperate_polar","Coldhouse","Warmhouse",0,1,NA,NA,NA,NA
"percentile_latbin_OLS","q95","Southern","collection10_k3_tropical_temperate_polar","Coldhouse","Hothouse",0,1,NA,NA,NA,NA
"percentile_latbin_OLS","q95","Southern","collection10_k3_tropical_temperate_polar","Coolhouse","Transitional",0,0,NA,NA,NA,NA
"percentile_latbin_OLS","q95","Southern","collection10_k3_tropical_temperate_polar","Coolhouse","Warmhouse",0,1,NA,NA,NA,NA
"percentile_latbin_OLS","q95","Southern","collection10_k3_tropical_temperate_polar","Coolhouse","Hothouse",0,1,NA,NA,NA,NA
"percentile_latbin_OLS","q95","Southern","collection10_k3_tropical_temperate_polar","Transitional","Warmhouse",0,1,NA,NA,NA,NA
"percentile_latbin_OLS","q95","Southern","collection10_k3_tropical_temperate_polar","Transitional","Hothouse",0,1,NA,NA,NA,NA
"percentile_latbin_OLS","q95","Southern","collection10_k3_tropical_temperate_polar","Warmhouse","Hothouse",1,1,-0.534569181666279,NA,NA,NA
