"method_group","slope_metric","Analysis scope","QC Scenario","Group 1","Group 2","n1","n2","Median difference","W statistics","p value","p-adjusted value"
"per_cell_all_cells_OLS","all_cells_slope","Combined","occurrence5_k1_tropical_temperate","Coldhouse","Transitional",21,25,-0.511913585110078,108,0.000341744518237476,0.00295094540460809
"per_cell_all_cells_OLS","all_cells_slope","Combined","occurrence5_k1_tropical_temperate","Coldhouse","Warmhouse",21,22,-0.548704091215094,97,0.000590189080921617,0.00295094540460809
"per_cell_all_cells_OLS","all_cells_slope","Combined","occurrence5_k1_tropical_temperate","Coldhouse","Hothouse",21,23,-0.563914262566845,137,0.00726917966247316,0.0181729491561829
"per_cell_all_cells_OLS","all_cells_slope","Combined","occurrence5_k1_tropical_temperate","Coolhouse","Warmhouse",31,22,-0.254575879283114,202,0.00620852315280158,0.0181729491561829
"per_cell_all_cells_OLS","all_cells_slope","Combined","occurrence5_k1_tropical_temperate","Coolhouse","Transitional",31,25,-0.217785373178099,257,0.0160717045357997,0.0321434090715993
"per_cell_all_cells_OLS","all_cells_slope","Combined","occurrence5_k1_tropical_temperate","Coolhouse","Hothouse",31,23,-0.269786050634865,241,0.0221259959435048,0.0368766599058413
"per_cell_all_cells_OLS","all_cells_slope","Combined","occurrence5_k1_tropical_temperate","Coldhouse","Coolhouse",21,31,-0.29412821193198,229,0.0367003261912795,0.0524290374161136
"per_cell_all_cells_OLS","all_cells_slope","Combined","occurrence5_k1_tropical_temperate","Transitional","Warmhouse",25,22,-0.0367905061050153,266,0.42809720942593,0.42809720942593
"per_cell_all_cells_OLS","all_cells_slope","Combined","occurrence5_k1_tropical_temperate","Transitional","Hothouse",25,23,-0.052000677456766,271,0.370623971207191,0.42809720942593
"per_cell_all_cells_OLS","all_cells_slope","Combined","occurrence5_k1_tropical_temperate","Warmhouse","Hothouse",22,23,-0.0152101713517507,244,0.423479820687165,0.42809720942593
"per_cell_all_cells_OLS","all_cells_slope","Combined","occurrence5_k1_tropical_temperate_polar","Coldhouse","Transitional",11,19,-0.564439777180822,32,0.000972102123522077,0.00303198634514571
"per_cell_all_cells_OLS","all_cells_slope","Combined","occurrence5_k1_tropical_temperate_polar","Coldhouse","Hothouse",11,14,-0.615043089775337,21,0.001189421419002,0.00303198634514571
"per_cell_all_cells_OLS","all_cells_slope","Combined","occurrence5_k1_tropical_temperate_polar","Coolhouse","Transitional",23,19,-0.270311565248842,98,0.00121279453805829,0.00303198634514571
"per_cell_all_cells_OLS","all_cells_slope","Combined","occurrence5_k1_tropical_temperate_polar","Coolhouse","Hothouse",23,14,-0.320914877843358,59,0.000739921147429294,0.00303198634514571
"per_cell_all_cells_OLS","all_cells_slope","Combined","occurrence5_k1_tropical_temperate_polar","Coldhouse","Warmhouse",11,17,-0.471097118280865,41,0.00722055188641637,0.0144411037728327
"per_cell_all_cells_OLS","all_cells_slope","Combined","occurrence5_k1_tropical_temperate_polar","Coolhouse","Warmhouse",23,17,-0.176968906348885,120,0.0200861576187171,0.0334769293645285
"per_cell_all_cells_OLS","all_cells_slope","Combined","occurrence5_k1_tropical_temperate_polar","Coldhouse","Coolhouse",11,23,-0.29412821193198,85,0.0656090145681975,0.0937271636688536
"per_cell_all_cells_OLS","all_cells_slope","Combined","occurrence5_k1_tropical_temperate_polar","Warmhouse","Hothouse",17,14,-0.143945971494472,86,0.0985146004573949,0.123143250571744
"per_cell_all_cells_OLS","all_cells_slope","Combined","occurrence5_k1_tropical_temperate_polar","Transitional","Hothouse",19,14,-0.0506033125945152,125,0.392351936535623,0.435946596150693
"per_cell_all_cells_OLS","all_cells_slope","Combined","occurrence5_k1_tropical_temperate_polar","Transitional","Warmhouse",19,17,0.0933426588999572,195,0.859343905664712,0.859343905664712
"per_cell_all_cells_OLS","all_cells_slope","Combined","occurrence5_k2_tropical_temperate","Coldhouse","Hothouse",13,16,-0.678725785109253,15,5.20178273524903e-05,0.000520178273524903
"per_cell_all_cells_OLS","all_cells_slope","Combined","occurrence5_k2_tropical_temperate","Coldhouse","Transitional",13,17,-0.511913585110078,29,0.000349473467653441,0.0017473673382672
"per_cell_all_cells_OLS","all_cells_slope","Combined","occurrence5_k2_tropical_temperate","Coldhouse","Warmhouse",13,14,-0.562320351603305,23,0.000527346248601457,0.00175782082867152
"per_cell_all_cells_OLS","all_cells_slope","Combined","occurrence5_k2_tropical_temperate","Coolhouse","Hothouse",17,16,-0.384597573177273,54,0.00166352146707044,0.0041588036676761
"per_cell_all_cells_OLS","all_cells_slope","Combined","occurrence5_k2_tropical_temperate","Coolhouse","Warmhouse",17,14,-0.268192139671325,68,0.0225051832693042,0.0450103665386084
"per_cell_all_cells_OLS","all_cells_slope","Combined","occurrence5_k2_tropical_temperate","Coldhouse","Coolhouse",13,17,-0.29412821193198,64,0.0271033857075709,0.0451723095126181
"per_cell_all_cells_OLS","all_cells_slope","Combined","occurrence5_k2_tropical_temperate","Coolhouse","Transitional",17,17,-0.217785373178099,92,0.0366415396833133,0.0523450566904476
"per_cell_all_cells_OLS","all_cells_slope","Combined","occurrence5_k2_tropical_temperate","Transitional","Hothouse",17,16,-0.166812199999174,97,0.0827447512217425,0.103430939027178
"per_cell_all_cells_OLS","all_cells_slope","Combined","occurrence5_k2_tropical_temperate","Warmhouse","Hothouse",14,16,-0.116405433505948,81,0.102416516929668,0.113796129921853
"per_cell_all_cells_OLS","all_cells_slope","Combined","occurrence5_k2_tropical_temperate","Transitional","Warmhouse",17,14,-0.0504067664932266,115,0.4447528378081,0.4447528378081
"per_cell_all_cells_OLS","all_cells_slope","Combined","occurrence5_k2_tropical_temperate_polar","Coolhouse","Hothouse",11,11,-0.391385610839437,12,0.000811002094637014,0.00811002094637014
"per_cell_all_cells_OLS","all_cells_slope","Combined","occurrence5_k2_tropical_temperate_polar","Coldhouse","Transitional",5,10,-0.530946773205323,4,0.00602414182102069,0.0150603545525517
"per_cell_all_cells_OLS","all_cells_slope","Combined","occurrence5_k2_tropical_temperate_polar","Coldhouse","Warmhouse",5,10,-0.516989767257737,4,0.00602414182102069,0.0150603545525517
"per_cell_all_cells_OLS","all_cells_slope","Combined","occurrence5_k2_tropical_temperate_polar","Coldhouse","Hothouse",5,11,-0.685513822771417,3,0.00327479526897646,0.0150603545525517
"per_cell_all_cells_OLS","all_cells_slope","Combined","occurrence5_k2_tropical_temperate_polar","Coolhouse","Warmhouse",11,10,-0.222861555325758,21,0.00916215387575849,0.018324307751517
"per_cell_all_cells_OLS","all_cells_slope","Combined","occurrence5_k2_tropical_temperate_polar","Coolhouse","Transitional",11,10,-0.236818561273343,22,0.0110518524577812,0.018419754096302
"per_cell_all_cells_OLS","all_cells_slope","Combined","occurrence5_k2_tropical_temperate_polar","Warmhouse","Hothouse",10,11,-0.168524055513679,33,0.0650148981919179,0.0928784259884541
"per_cell_all_cells_OLS","all_cells_slope","Combined","occurrence5_k2_tropical_temperate_polar","Coldhouse","Coolhouse",5,11,-0.29412821193198,15,0.0870006181197914,0.107037053332707
"per_cell_all_cells_OLS","all_cells_slope","Combined","occurrence5_k2_tropical_temperate_polar","Transitional","Hothouse",10,11,-0.154567049566094,36,0.096333347999436,0.107037053332707
"per_cell_all_cells_OLS","all_cells_slope","Combined","occurrence5_k2_tropical_temperate_polar","Transitional","Warmhouse",10,10,0.0139570059475854,53,0.60433160994967,0.60433160994967
"per_cell_all_cells_OLS","all_cells_slope","Combined","occurrence5_k3_tropical_temperate","Coldhouse","Transitional",6,12,-0.398721923197801,12,0.0138688381967788,0.0462294606559292
"per_cell_all_cells_OLS","all_cells_slope","Combined","occurrence5_k3_tropical_temperate","Coolhouse","Transitional",11,12,-0.335973182565592,27,0.00890580777538456,0.0462294606559292
"per_cell_all_cells_OLS","all_cells_slope","Combined","occurrence5_k3_tropical_temperate","Coolhouse","Hothouse",11,9,-0.28090280762155,18,0.00925673688767697,0.0462294606559292
"per_cell_all_cells_OLS","all_cells_slope","Combined","occurrence5_k3_tropical_temperate","Coldhouse","Hothouse",6,9,-0.343651548253759,9,0.019585083014992,0.0488440641742743
"per_cell_all_cells_OLS","all_cells_slope","Combined","occurrence5_k3_tropical_temperate","Coolhouse","Warmhouse",11,11,-0.279870961289315,30,0.0244220320871372,0.0488440641742743
"per_cell_all_cells_OLS","all_cells_slope","Combined","occurrence5_k3_tropical_temperate","Coldhouse","Warmhouse",6,11,-0.342619701921525,16,0.0486272142195016,0.0810453570325027
"per_cell_all_cells_OLS","all_cells_slope","Combined","occurrence5_k3_tropical_temperate","Warmhouse","Hothouse",11,9,-0.00103184633223459,38,0.201658782554742,0.288083975078202
"per_cell_all_cells_OLS","all_cells_slope","Combined","occurrence5_k3_tropical_temperate","Coldhouse","Coolhouse",6,11,-0.0627487406322092,32,0.479960830453189,0.57130312678192
"per_cell_all_cells_OLS","all_cells_slope","Combined","occurrence5_k3_tropical_temperate","Transitional","Hothouse",12,9,0.0550703749440422,54,0.514172814103728,0.57130312678192
"per_cell_all_cells_OLS","all_cells_slope","Combined","occurrence5_k3_tropical_temperate","Transitional","Warmhouse",12,11,0.0561022212762768,81,0.82994781571921,0.82994781571921
"per_cell_all_cells_OLS","all_cells_slope","Combined","occurrence5_k3_tropical_temperate_polar","Coolhouse","Hothouse",7,6,-0.407780580450643,0,0.00170261791064738,0.0170261791064738
"per_cell_all_cells_OLS","all_cells_slope","Combined","occurrence5_k3_tropical_temperate_polar","Coolhouse","Warmhouse",7,7,-0.279870961289315,3,0.00364517904576782,0.0182258952288391
"per_cell_all_cells_OLS","all_cells_slope","Combined","occurrence5_k3_tropical_temperate_polar","Coldhouse","Hothouse",3,6,-0.690792035395937,0,0.0140929010739537,0.046976336913179
"per_cell_all_cells_OLS","all_cells_slope","Combined","occurrence5_k3_tropical_temperate_polar","Coolhouse","Transitional",7,5,-0.329482943161942,5,0.0256599517940356,0.064149879485089
"per_cell_all_cells_OLS","all_cells_slope","Combined","occurrence5_k3_tropical_temperate_polar","Coldhouse","Warmhouse",3,7,-0.56288241623461,2,0.0341237441890007,0.0682474883780013
"per_cell_all_cells_OLS","all_cells_slope","Combined","occurrence5_k3_tropical_temperate_polar","Warmhouse","Hothouse",7,6,-0.127909619161327,9,0.0502062469930514,0.0836770783217524
"per_cell_all_cells_OLS","all_cells_slope","Combined","occurrence5_k3_tropical_temperate_polar","Coldhouse","Transitional",3,5,-0.612494398107237,2,0.0680185640570718,0.0971693772243883
"per_cell_all_cells_OLS","all_cells_slope","Combined","occurrence5_k3_tropical_temperate_polar","Transitional","Hothouse",5,6,-0.0782976372887003,7,0.0854517601153987,0.106814700144248
"per_cell_all_cells_OLS","all_cells_slope","Combined","occurrence5_k3_tropical_temperate_polar","Coldhouse","Coolhouse",3,7,-0.283011454945294,10,0.5,0.555555555555556
"per_cell_all_cells_OLS","all_cells_slope","Combined","occurrence5_k3_tropical_temperate_polar","Transitional","Warmhouse",5,7,0.049611981872627,20,0.686941260041631,0.686941260041631
"per_cell_all_cells_OLS","all_cells_slope","Combined","occurrence10_k1_tropical_temperate","Coldhouse","Transitional",20,23,-0.45779445020894,95,0.000528361359279719,0.0017612045309324
"per_cell_all_cells_OLS","all_cells_slope","Combined","occurrence10_k1_tropical_temperate","Coldhouse","Warmhouse",20,20,-0.582777107054046,71,0.000254536459039229,0.0017612045309324
"per_cell_all_cells_OLS","all_cells_slope","Combined","occurrence10_k1_tropical_temperate","Coldhouse","Hothouse",20,21,-0.711641559299026,82,0.000441366383717072,0.0017612045309324
"per_cell_all_cells_OLS","all_cells_slope","Combined","occurrence10_k1_tropical_temperate","Coolhouse","Hothouse",31,21,-0.393480569352839,177,0.00288923457523309,0.00722308643808271
"per_cell_all_cells_OLS","all_cells_slope","Combined","occurrence10_k1_tropical_temperate","Coolhouse","Warmhouse",31,20,-0.264616117107859,183,0.00733292305511408,0.0146658461102282
"per_cell_all_cells_OLS","all_cells_slope","Combined","occurrence10_k1_tropical_temperate","Coolhouse","Transitional",31,23,-0.139633460262753,254,0.0371885295171238,0.0591695893991474
"per_cell_all_cells_OLS","all_cells_slope","Combined","occurrence10_k1_tropical_temperate","Warmhouse","Hothouse",20,21,-0.12886445224498,143,0.0414187125794032,0.0591695893991474
"per_cell_all_cells_OLS","all_cells_slope","Combined","occurrence10_k1_tropical_temperate","Transitional","Hothouse",23,21,-0.253847109090086,173,0.0550448544216605,0.0688060680270756
"per_cell_all_cells_OLS","all_cells_slope","Combined","occurrence10_k1_tropical_temperate","Coldhouse","Coolhouse",20,31,-0.318160989946186,230,0.0625431245532194,0.0694923606146883
"per_cell_all_cells_OLS","all_cells_slope","Combined","occurrence10_k1_tropical_temperate","Transitional","Warmhouse",23,20,-0.124982656845106,214,0.352933285337571,0.352933285337571
"per_cell_all_cells_OLS","all_cells_slope","Combined","occurrence10_k1_tropical_temperate_polar","Coldhouse","Transitional",10,18,-0.632149993647879,28,0.00159557150673171,0.00786740978133193
"per_cell_all_cells_OLS","all_cells_slope","Combined","occurrence10_k1_tropical_temperate_polar","Coldhouse","Hothouse",10,12,-0.707451542454835,16,0.0020633871026929,0.00786740978133193
"per_cell_all_cells_OLS","all_cells_slope","Combined","occurrence10_k1_tropical_temperate_polar","Coolhouse","Hothouse",21,12,-0.393885821336993,50,0.00236022293439958,0.00786740978133193
"per_cell_all_cells_OLS","all_cells_slope","Combined","occurrence10_k1_tropical_temperate_polar","Coolhouse","Transitional",21,18,-0.318584272530037,97,0.0049727206327651,0.0124318015819128
"per_cell_all_cells_OLS","all_cells_slope","Combined","occurrence10_k1_tropical_temperate_polar","Coldhouse","Warmhouse",10,15,-0.567755601959121,32,0.00919982643059634,0.0183996528611927
"per_cell_all_cells_OLS","all_cells_slope","Combined","occurrence10_k1_tropical_temperate_polar","Coolhouse","Warmhouse",21,15,-0.254189880841279,94,0.0216137062105785,0.0360228436842976
"per_cell_all_cells_OLS","all_cells_slope","Combined","occurrence10_k1_tropical_temperate_polar","Warmhouse","Hothouse",15,12,-0.139695940495714,50,0.0269647351863852,0.0385210502662646
"per_cell_all_cells_OLS","all_cells_slope","Combined","occurrence10_k1_tropical_temperate_polar","Coldhouse","Coolhouse",10,21,-0.313565721117842,82,0.170853327814797,0.18983703090533
"per_cell_all_cells_OLS","all_cells_slope","Combined","occurrence10_k1_tropical_temperate_polar","Transitional","Hothouse",18,12,-0.0753015488069562,84,0.15990842366629,0.18983703090533
"per_cell_all_cells_OLS","all_cells_slope","Combined","occurrence10_k1_tropical_temperate_polar","Transitional","Warmhouse",18,15,0.0643943916887577,155,0.770707562190359,0.770707562190359
"per_cell_all_cells_OLS","all_cells_slope","Combined","occurrence10_k2_tropical_temperate","Coldhouse","Hothouse",13,12,-0.706704292609906,0,1.2464347323737e-05,0.00012464347323737
"per_cell_all_cells_OLS","all_cells_slope","Combined","occurrence10_k2_tropical_temperate","Coldhouse","Warmhouse",13,14,-0.604602183360458,11,5.71991754452975e-05,0.000285995877226488
"per_cell_all_cells_OLS","all_cells_slope","Combined","occurrence10_k2_tropical_temperate","Coldhouse","Transitional",13,16,-0.451677645202161,23,0.000207655369499876,0.000692184564999586
"per_cell_all_cells_OLS","all_cells_slope","Combined","occurrence10_k2_tropical_temperate","Coolhouse","Hothouse",15,12,-0.383551996662706,40,0.0078599901050123,0.0196499752625308
"per_cell_all_cells_OLS","all_cells_slope","Combined","occurrence10_k2_tropical_temperate","Coldhouse","Coolhouse",13,15,-0.323152295947201,49,0.0135131926570419,0.0270263853140837
"per_cell_all_cells_OLS","all_cells_slope","Combined","occurrence10_k2_tropical_temperate","Transitional","Hothouse",16,12,-0.255026647407745,54,0.0270154269670774,0.0385934670958248
"per_cell_all_cells_OLS","all_cells_slope","Combined","occurrence10_k2_tropical_temperate","Warmhouse","Hothouse",14,12,-0.102102109249448,45,0.0238390515680109,0.0385934670958248
"per_cell_all_cells_OLS","all_cells_slope","Combined","occurrence10_k2_tropical_temperate","Coolhouse","Warmhouse",15,14,-0.281449887413257,68,0.0555811500476132,0.0694764375595165
"per_cell_all_cells_OLS","all_cells_slope","Combined","occurrence10_k2_tropical_temperate","Transitional","Warmhouse",16,14,-0.152924538158297,93,0.220930280264939,0.245478089183266
"per_cell_all_cells_OLS","all_cells_slope","Combined","occurrence10_k2_tropical_temperate","Coolhouse","Transitional",15,16,-0.12852534925496,103,0.257129704833216,0.257129704833216
"per_cell_all_cells_OLS","all_cells_slope","Combined","occurrence10_k2_tropical_temperate_polar","Coolhouse","Hothouse",8,7,-0.400026494200855,2,0.00158347019082835,0.0158347019082835
"per_cell_all_cells_OLS","all_cells_slope","Combined","occurrence10_k2_tropical_temperate_polar","Coldhouse","Hothouse",4,7,-0.751153826681008,0,0.0053667080514986,0.0178890268383287
"per_cell_all_cells_OLS","all_cells_slope","Combined","occurrence10_k2_tropical_temperate_polar","Warmhouse","Hothouse",7,7,-0.176134380793161,4,0.00530167269106133,0.0178890268383287
"per_cell_all_cells_OLS","all_cells_slope","Combined","occurrence10_k2_tropical_temperate_polar","Coldhouse","Warmhouse",4,7,-0.575019445887846,2,0.0148790337175996,0.037197584293999
"per_cell_all_cells_OLS","all_cells_slope","Combined","occurrence10_k2_tropical_temperate_polar","Coldhouse","Transitional",4,7,-0.526564026108991,3,0.0236104520017886,0.0472209040035772
"per_cell_all_cells_OLS","all_cells_slope","Combined","occurrence10_k2_tropical_temperate_polar","Coolhouse","Warmhouse",8,7,-0.223892113407693,12,0.036424429160496,0.06070738193416
"per_cell_all_cells_OLS","all_cells_slope","Combined","occurrence10_k2_tropical_temperate_polar","Transitional","Hothouse",7,7,-0.224589800572017,11,0.0483487838088181,0.0690696911554544
"per_cell_all_cells_OLS","all_cells_slope","Combined","occurrence10_k2_tropical_temperate_polar","Coolhouse","Transitional",8,7,-0.175436693628838,14,0.0591061443898281,0.0738826804872851
"per_cell_all_cells_OLS","all_cells_slope","Combined","occurrence10_k2_tropical_temperate_polar","Coldhouse","Coolhouse",4,8,-0.351127332480153,9,0.134803052284104,0.14978116920456
"per_cell_all_cells_OLS","all_cells_slope","Combined","occurrence10_k2_tropical_temperate_polar","Transitional","Warmhouse",7,7,-0.0484554197788553,27,0.649260945566693,0.649260945566693
"per_cell_all_cells_OLS","all_cells_slope","Combined","occurrence10_k3_tropical_temperate","Coldhouse","Transitional",4,12,-0.629671703996623,1,0.00318090584862968,0.0141246698202564
"per_cell_all_cells_OLS","all_cells_slope","Combined","occurrence10_k3_tropical_temperate","Coldhouse","Warmhouse",4,11,-0.625889837382446,1,0.00372040040411708,0.0141246698202564
"per_cell_all_cells_OLS","all_cells_slope","Combined","occurrence10_k3_tropical_temperate","Coldhouse","Hothouse",4,8,-0.747740940020927,0,0.00423740094607692,0.0141246698202564
"per_cell_all_cells_OLS","all_cells_slope","Combined","occurrence10_k3_tropical_temperate","Coolhouse","Hothouse",8,8,-0.292759106535871,11,0.015662065438945,0.0352397037737677
"per_cell_all_cells_OLS","all_cells_slope","Combined","occurrence10_k3_tropical_temperate","Warmhouse","Hothouse",11,8,-0.121851102638481,18,0.0176198518868838,0.0352397037737677
"per_cell_all_cells_OLS","all_cells_slope","Combined","occurrence10_k3_tropical_temperate","Coolhouse","Warmhouse",8,11,-0.17090800389739,25,0.0633075278964848,0.105512546494141
"per_cell_all_cells_OLS","all_cells_slope","Combined","occurrence10_k3_tropical_temperate","Coolhouse","Transitional",8,12,-0.174689870511567,31,0.101508553024607,0.145012218606581
"per_cell_all_cells_OLS","all_cells_slope","Combined","occurrence10_k3_tropical_temperate","Transitional","Hothouse",12,8,-0.118069236024304,33,0.13163422469352,0.1645427808669
"per_cell_all_cells_OLS","all_cells_slope","Combined","occurrence10_k3_tropical_temperate","Coldhouse","Coolhouse",4,8,-0.454981833485055,12,0.276107111017075,0.306785678907861
"per_cell_all_cells_OLS","all_cells_slope","Combined","occurrence10_k3_tropical_temperate","Transitional","Warmhouse",12,11,0.00378186661417684,71,0.63250738929393,0.63250738929393
"per_cell_all_cells_OLS","all_cells_slope","Combined","occurrence10_k3_tropical_temperate_polar","Coldhouse","Transitional",2,5,-0.526564026108991,0,0.0406805646170377,0.136037128114144
"per_cell_all_cells_OLS","all_cells_slope","Combined","occurrence10_k3_tropical_temperate_polar","Coldhouse","Warmhouse",2,5,-0.605037364849286,0,0.0406805646170377,0.136037128114144
"per_cell_all_cells_OLS","all_cells_slope","Combined","occurrence10_k3_tropical_temperate_polar","Coldhouse","Hothouse",2,4,-0.734858143430737,0,0.0525962525600207,0.136037128114144
"per_cell_all_cells_OLS","all_cells_slope","Combined","occurrence10_k3_tropical_temperate_polar","Coolhouse","Warmhouse",3,5,-0.253630183896986,2,0.0680185640570718,0.136037128114144
"per_cell_all_cells_OLS","all_cells_slope","Combined","occurrence10_k3_tropical_temperate_polar","Coolhouse","Hothouse",3,4,-0.383450962478437,1,0.0558058841491461,0.136037128114144
"per_cell_all_cells_OLS","all_cells_slope","Combined","occurrence10_k3_tropical_temperate_polar","Warmhouse","Hothouse",5,4,-0.129820778581451,4,0.0889547974934913,0.148257995822485
"per_cell_all_cells_OLS","all_cells_slope","Combined","occurrence10_k3_tropical_temperate_polar","Transitional","Hothouse",5,4,-0.208294117321746,5,0.13517207032739,0.193102957610557
"per_cell_all_cells_OLS","all_cells_slope","Combined","occurrence10_k3_tropical_temperate_polar","Coolhouse","Transitional",3,5,-0.175156845156692,4,0.185546684761349,0.231933355951686
"per_cell_all_cells_OLS","all_cells_slope","Combined","occurrence10_k3_tropical_temperate_polar","Coldhouse","Coolhouse",2,3,-0.351407180952299,2,0.386414996342224,0.429349995935804
"per_cell_all_cells_OLS","all_cells_slope","Combined","occurrence10_k3_tropical_temperate_polar","Transitional","Warmhouse",5,5,-0.0784733387402946,12,0.5,0.5
"per_cell_all_cells_OLS","all_cells_slope","Combined","collection5_k1_tropical_temperate","Coldhouse","Transitional",20,22,-0.587731866052013,74,0.000123999687352971,0.00123999687352971
"per_cell_all_cells_OLS","all_cells_slope","Combined","collection5_k1_tropical_temperate","Coldhouse","Warmhouse",20,19,-0.529687763242154,66,0.000260180325149158,0.00130090162574579
"per_cell_all_cells_OLS","all_cells_slope","Combined","collection5_k1_tropical_temperate","Coldhouse","Hothouse",20,19,-0.651832321149528,74,0.000586696886537226,0.00195565628845742
"per_cell_all_cells_OLS","all_cells_slope","Combined","collection5_k1_tropical_temperate","Coolhouse","Transitional",30,22,-0.299075604133701,200,0.00822985198249378,0.0205746299562345
"per_cell_all_cells_OLS","all_cells_slope","Combined","collection5_k1_tropical_temperate","Coolhouse","Warmhouse",30,19,-0.241031501323842,176,0.0129946029219619,0.0259892058439237
"per_cell_all_cells_OLS","all_cells_slope","Combined","collection5_k1_tropical_temperate","Coolhouse","Hothouse",30,19,-0.363176059231216,180,0.0160046383719318,0.0266743972865531
"per_cell_all_cells_OLS","all_cells_slope","Combined","collection5_k1_tropical_temperate","Coldhouse","Coolhouse",20,30,-0.288656261918312,231,0.087469728444134,0.124956754920191
"per_cell_all_cells_OLS","all_cells_slope","Combined","collection5_k1_tropical_temperate","Warmhouse","Hothouse",19,19,-0.122144557907374,155,0.232735229447232,0.29091903680904
"per_cell_all_cells_OLS","all_cells_slope","Combined","collection5_k1_tropical_temperate","Transitional","Hothouse",22,19,-0.0641004550975152,203,0.442831601646302,0.492035112940335
"per_cell_all_cells_OLS","all_cells_slope","Combined","collection5_k1_tropical_temperate","Transitional","Warmhouse",22,19,0.0580441028098592,226,0.676353531044783,0.676353531044783
"per_cell_all_cells_OLS","all_cells_slope","Combined","collection5_k1_tropical_temperate_polar","Coolhouse","Hothouse",20,11,-0.453076685633414,22,0.00015160770512271,0.0015160770512271
"per_cell_all_cells_OLS","all_cells_slope","Combined","collection5_k1_tropical_temperate_polar","Coolhouse","Transitional",20,15,-0.380465813231267,53,0.000648445908046679,0.0032422295402334
"per_cell_all_cells_OLS","all_cells_slope","Combined","collection5_k1_tropical_temperate_polar","Coldhouse","Hothouse",11,11,-0.691318046397153,14,0.00126141153092515,0.00377215862603103
"per_cell_all_cells_OLS","all_cells_slope","Combined","collection5_k1_tropical_temperate_polar","Coolhouse","Warmhouse",20,13,-0.313797854354654,49,0.00150886345041241,0.00377215862603103
"per_cell_all_cells_OLS","all_cells_slope","Combined","collection5_k1_tropical_temperate_polar","Coldhouse","Transitional",11,15,-0.618707173995006,29,0.00297343772431457,0.00594687544862914
"per_cell_all_cells_OLS","all_cells_slope","Combined","collection5_k1_tropical_temperate_polar","Coldhouse","Warmhouse",11,13,-0.552039215118393,26,0.00456504018135382,0.00760840030225637
"per_cell_all_cells_OLS","all_cells_slope","Combined","collection5_k1_tropical_temperate_polar","Warmhouse","Hothouse",13,11,-0.13927883127876,46,0.0737506999513164,0.105358142787595
"per_cell_all_cells_OLS","all_cells_slope","Combined","collection5_k1_tropical_temperate_polar","Coldhouse","Coolhouse",11,20,-0.238241360763739,92,0.234991266913155,0.293739083641443
"per_cell_all_cells_OLS","all_cells_slope","Combined","collection5_k1_tropical_temperate_polar","Transitional","Hothouse",15,11,-0.0726108724021469,70,0.266708256736347,0.29634250748483
"per_cell_all_cells_OLS","all_cells_slope","Combined","collection5_k1_tropical_temperate_polar","Transitional","Warmhouse",15,13,0.0666679588766131,111,0.740508804960924,0.740508804960924
"per_cell_all_cells_OLS","all_cells_slope","Combined","collection5_k2_tropical_temperate","Coldhouse","Hothouse",11,14,-0.720712870108479,11,0.000168029461797292,0.00168029461797292
"per_cell_all_cells_OLS","all_cells_slope","Combined","collection5_k2_tropical_temperate","Coolhouse","Hothouse",11,14,-0.40758727830711,16,0.000463048716030126,0.00231524358015063
"per_cell_all_cells_OLS","all_cells_slope","Combined","collection5_k2_tropical_temperate","Coldhouse","Transitional",11,16,-0.657077354477525,27,0.00141578020551359,0.00356102717160384
"per_cell_all_cells_OLS","all_cells_slope","Combined","collection5_k2_tropical_temperate","Coldhouse","Warmhouse",11,14,-0.552628490519321,22,0.00142441086864154,0.00356102717160384
"per_cell_all_cells_OLS","all_cells_slope","Combined","collection5_k2_tropical_temperate","Coolhouse","Warmhouse",11,14,-0.239502898717951,32,0.0074223127040166,0.0148446254080332
"per_cell_all_cells_OLS","all_cells_slope","Combined","collection5_k2_tropical_temperate","Coolhouse","Transitional",11,16,-0.343951762676156,41,0.0108778416787336,0.0181297361312227
"per_cell_all_cells_OLS","all_cells_slope","Combined","collection5_k2_tropical_temperate","Warmhouse","Hothouse",14,14,-0.168084379589158,65,0.0676793898516216,0.0966848426451738
"per_cell_all_cells_OLS","all_cells_slope","Combined","collection5_k2_tropical_temperate","Transitional","Hothouse",16,14,-0.0636355156309539,92,0.208790321442092,0.260987901802615
"per_cell_all_cells_OLS","all_cells_slope","Combined","collection5_k2_tropical_temperate","Coldhouse","Coolhouse",11,11,-0.313125591801369,53,0.322881910152486,0.358757677947207
"per_cell_all_cells_OLS","all_cells_slope","Combined","collection5_k2_tropical_temperate","Transitional","Warmhouse",16,14,0.104448863958205,124,0.698339909890966,0.698339909890966
"per_cell_all_cells_OLS","all_cells_slope","Combined","collection5_k2_tropical_temperate_polar","Coolhouse","Hothouse",7,7,-0.51407686844147,1,0.00164725693829129,0.0164725693829129
"per_cell_all_cells_OLS","all_cells_slope","Combined","collection5_k2_tropical_temperate_polar","Coolhouse","Warmhouse",7,7,-0.316008389740058,4,0.00530167269106133,0.0265083634553066
"per_cell_all_cells_OLS","all_cells_slope","Combined","collection5_k2_tropical_temperate_polar","Coldhouse","Hothouse",4,7,-0.738568469815166,1,0.00908150917393821,0.0302716972464607
"per_cell_all_cells_OLS","all_cells_slope","Combined","collection5_k2_tropical_temperate_polar","Coldhouse","Transitional",4,7,-0.365156964150849,4,0.0363004697249787,0.0525987643716447
"per_cell_all_cells_OLS","all_cells_slope","Combined","collection5_k2_tropical_temperate_polar","Coldhouse","Warmhouse",4,7,-0.540499991113753,3,0.0236104520017886,0.0525987643716447
"per_cell_all_cells_OLS","all_cells_slope","Combined","collection5_k2_tropical_temperate_polar","Coolhouse","Transitional",7,7,-0.140665362777154,10,0.0368191350601513,0.0525987643716447
"per_cell_all_cells_OLS","all_cells_slope","Combined","collection5_k2_tropical_temperate_polar","Transitional","Hothouse",7,7,-0.373411505664317,9,0.027642496358512,0.0525987643716447
"per_cell_all_cells_OLS","all_cells_slope","Combined","collection5_k2_tropical_temperate_polar","Warmhouse","Hothouse",7,7,-0.198068478701412,11,0.0483487838088181,0.0604359797610226
"per_cell_all_cells_OLS","all_cells_slope","Combined","collection5_k2_tropical_temperate_polar","Transitional","Warmhouse",7,7,-0.175343026962904,18,0.22164426105822,0.2462714011758
"per_cell_all_cells_OLS","all_cells_slope","Combined","collection5_k2_tropical_temperate_polar","Coldhouse","Coolhouse",4,7,-0.224491601373696,13,0.462359518743385,0.462359518743385
"per_cell_all_cells_OLS","all_cells_slope","Combined","collection5_k3_tropical_temperate","Coldhouse","Transitional",5,11,-0.751667631800182,6,0.0086785907105439,0.0828374251588063
"per_cell_all_cells_OLS","all_cells_slope","Combined","collection5_k3_tropical_temperate","Coldhouse","Warmhouse",5,10,-0.515577758697086,10,0.0378763438081911,0.0828374251588063
"per_cell_all_cells_OLS","all_cells_slope","Combined","collection5_k3_tropical_temperate","Coldhouse","Hothouse",5,6,-0.618575122489905,5,0.0414187125794032,0.0828374251588063
"per_cell_all_cells_OLS","all_cells_slope","Combined","collection5_k3_tropical_temperate","Coolhouse","Transitional",8,11,-0.433546196587702,19,0.0215354954372138,0.0828374251588063
"per_cell_all_cells_OLS","all_cells_slope","Combined","collection5_k3_tropical_temperate","Coolhouse","Hothouse",8,6,-0.300453687277426,9,0.030607317477301,0.0828374251588063
"per_cell_all_cells_OLS","all_cells_slope","Combined","collection5_k3_tropical_temperate","Coolhouse","Warmhouse",8,10,-0.197456323484607,22,0.059983061452921,0.0999717690882017
"per_cell_all_cells_OLS","all_cells_slope","Combined","collection5_k3_tropical_temperate","Warmhouse","Hothouse",10,6,-0.102997363792819,24,0.275401006291442,0.393430008987774
"per_cell_all_cells_OLS","all_cells_slope","Combined","collection5_k3_tropical_temperate","Coldhouse","Coolhouse",5,8,-0.31812143521248,17,0.357196518817163,0.446495648521454
"per_cell_all_cells_OLS","all_cells_slope","Combined","collection5_k3_tropical_temperate","Transitional","Hothouse",11,6,0.133092509310277,42,0.830157016572236,0.922396685080262
"per_cell_all_cells_OLS","all_cells_slope","Combined","collection5_k3_tropical_temperate","Transitional","Warmhouse",11,10,0.236089873103096,76,0.934985101808082,0.934985101808082
"per_cell_all_cells_OLS","all_cells_slope","Combined","collection5_k3_tropical_temperate_polar","Coldhouse","Coolhouse",2,3,-0.426017742188795,0,0.0744573365893828,0.124095560982305
"per_cell_all_cells_OLS","all_cells_slope","Combined","collection5_k3_tropical_temperate_polar","Coldhouse","Transitional",2,3,-0.654411569538883,0,0.0744573365893828,0.124095560982305
"per_cell_all_cells_OLS","all_cells_slope","Combined","collection5_k3_tropical_temperate_polar","Coldhouse","Warmhouse",2,4,-0.620128875342825,0,0.0525962525600207,0.124095560982305
"per_cell_all_cells_OLS","all_cells_slope","Combined","collection5_k3_tropical_temperate_polar","Coldhouse","Hothouse",2,5,-0.794218509962358,0,0.0406805646170377,0.124095560982305
"per_cell_all_cells_OLS","all_cells_slope","Combined","collection5_k3_tropical_temperate_polar","Coolhouse","Warmhouse",3,4,-0.19411113315403,1,0.0558058841491461,0.124095560982305
"per_cell_all_cells_OLS","all_cells_slope","Combined","collection5_k3_tropical_temperate_polar","Coolhouse","Hothouse",3,5,-0.368200767773563,1,0.0368191350601513,0.124095560982305
"per_cell_all_cells_OLS","all_cells_slope","Combined","collection5_k3_tropical_temperate_polar","Coolhouse","Transitional",3,3,-0.228393827350088,2,0.191366544442613,0.239208180553266
"per_cell_all_cells_OLS","all_cells_slope","Combined","collection5_k3_tropical_temperate_polar","Transitional","Hothouse",3,5,-0.139806940423475,4,0.185546684761349,0.239208180553266
"per_cell_all_cells_OLS","all_cells_slope","Combined","collection5_k3_tropical_temperate_polar","Warmhouse","Hothouse",4,5,-0.174089634619533,7,0.27014568730371,0.3001618747819
"per_cell_all_cells_OLS","all_cells_slope","Combined","collection5_k3_tropical_temperate_polar","Transitional","Warmhouse",3,4,0.0342826941960584,5,0.429841897599333,0.429841897599333
"per_cell_all_cells_OLS","all_cells_slope","Combined","collection10_k1_tropical_temperate","Coldhouse","Hothouse",14,15,-0.911412478217232,20,0.000113064079356488,0.000949188405905204
"per_cell_all_cells_OLS","all_cells_slope","Combined","collection10_k1_tropical_temperate","Coolhouse","Hothouse",23,15,-0.687786375444569,53,0.000189837681181041,0.000949188405905204
"per_cell_all_cells_OLS","all_cells_slope","Combined","collection10_k1_tropical_temperate","Coldhouse","Transitional",14,18,-0.768359493368435,61,0.00713978820812251,0.0143312129188359
"per_cell_all_cells_OLS","all_cells_slope","Combined","collection10_k1_tropical_temperate","Coldhouse","Warmhouse",14,15,-0.616158037343185,45,0.00470493209962247,0.0143312129188359
"per_cell_all_cells_OLS","all_cells_slope","Combined","collection10_k1_tropical_temperate","Coolhouse","Warmhouse",23,15,-0.392531934570522,90,0.00716560645941797,0.0143312129188359
"per_cell_all_cells_OLS","all_cells_slope","Combined","collection10_k1_tropical_temperate","Coolhouse","Transitional",23,18,-0.544733390595772,130,0.0222324526978824,0.0317606467112606
"per_cell_all_cells_OLS","all_cells_slope","Combined","collection10_k1_tropical_temperate","Warmhouse","Hothouse",15,15,-0.295254440874047,63,0.0210553083959035,0.0317606467112606
"per_cell_all_cells_OLS","all_cells_slope","Combined","collection10_k1_tropical_temperate","Transitional","Hothouse",18,15,-0.143052984848797,106,0.151406520663908,0.189258150829885
"per_cell_all_cells_OLS","all_cells_slope","Combined","collection10_k1_tropical_temperate","Coldhouse","Coolhouse",14,23,-0.223626102772663,139,0.250377864331529,0.278197627035032
"per_cell_all_cells_OLS","all_cells_slope","Combined","collection10_k1_tropical_temperate","Transitional","Warmhouse",18,15,0.15220145602525,141,0.592898736440314,0.592898736440314
"per_cell_all_cells_OLS","all_cells_slope","Combined","collection10_k1_tropical_temperate_polar","Coolhouse","Hothouse",15,7,-0.786500561830496,2,0.000212111875027149,0.00212111875027149
"per_cell_all_cells_OLS","all_cells_slope","Combined","collection10_k1_tropical_temperate_polar","Coldhouse","Hothouse",9,7,-0.752630497342908,6,0.00406911366678796,0.0160515779215244
"per_cell_all_cells_OLS","all_cells_slope","Combined","collection10_k1_tropical_temperate_polar","Coolhouse","Warmhouse",15,8,-0.500884763485303,20,0.00539056551839239,0.0160515779215244
"per_cell_all_cells_OLS","all_cells_slope","Combined","collection10_k1_tropical_temperate_polar","Warmhouse","Hothouse",8,7,-0.285615798345193,6,0.00642063116860977,0.0160515779215244
"per_cell_all_cells_OLS","all_cells_slope","Combined","collection10_k1_tropical_temperate_polar","Transitional","Hothouse",7,7,-0.550800004211272,9,0.027642496358512,0.0552849927170241
"per_cell_all_cells_OLS","all_cells_slope","Combined","collection10_k1_tropical_temperate_polar","Coolhouse","Transitional",15,7,-0.235700557619224,27,0.0390119765676398,0.0650199609460664
"per_cell_all_cells_OLS","all_cells_slope","Combined","collection10_k1_tropical_temperate_polar","Coldhouse","Warmhouse",9,8,-0.467014698997715,23,0.114524334715109,0.163606192450156
"per_cell_all_cells_OLS","all_cells_slope","Combined","collection10_k1_tropical_temperate_polar","Coldhouse","Transitional",9,7,-0.201830493131635,22,0.170380923857046,0.212976154821308
"per_cell_all_cells_OLS","all_cells_slope","Combined","collection10_k1_tropical_temperate_polar","Transitional","Warmhouse",7,8,-0.265184205866079,23,0.301262176180648,0.334735751311832
"per_cell_all_cells_OLS","all_cells_slope","Combined","collection10_k1_tropical_temperate_polar","Coldhouse","Coolhouse",9,15,0.0338700644875883,84,0.844633255185519,0.844633255185519
"per_cell_all_cells_OLS","all_cells_slope","Combined","collection10_k2_tropical_temperate","Coldhouse","Warmhouse",7,13,-0.69475352437936,10,0.00277283365762203,0.0092427788587401
"per_cell_all_cells_OLS","all_cells_slope","Combined","collection10_k2_tropical_temperate","Coldhouse","Hothouse",7,10,-0.916559681713096,6,0.00270695714397472,0.0092427788587401
"per_cell_all_cells_OLS","all_cells_slope","Combined","collection10_k2_tropical_temperate","Coolhouse","Hothouse",8,10,-0.449598103341911,7,0.00194034422297827,0.0092427788587401
"per_cell_all_cells_OLS","all_cells_slope","Combined","collection10_k2_tropical_temperate","Coldhouse","Transitional",7,13,-0.927692476531492,19,0.0196842177326084,0.0492105443315209
"per_cell_all_cells_OLS","all_cells_slope","Combined","collection10_k2_tropical_temperate","Coolhouse","Transitional",8,13,-0.460730898160307,28,0.0443883668565458,0.0737246737839206
"per_cell_all_cells_OLS","all_cells_slope","Combined","collection10_k2_tropical_temperate","Coolhouse","Warmhouse",8,13,-0.227791946008175,29,0.0516072716487444,0.0737246737839206
"per_cell_all_cells_OLS","all_cells_slope","Combined","collection10_k2_tropical_temperate","Warmhouse","Hothouse",13,10,-0.221806157333736,38,0.0501438733099834,0.0737246737839206
"per_cell_all_cells_OLS","all_cells_slope","Combined","collection10_k2_tropical_temperate","Coldhouse","Coolhouse",7,8,-0.466961578371185,24,0.342721741338761,0.428402176673451
"per_cell_all_cells_OLS","all_cells_slope","Combined","collection10_k2_tropical_temperate","Transitional","Hothouse",13,10,0.011132794818396,63,0.462941432648897,0.514379369609886
"per_cell_all_cells_OLS","all_cells_slope","Combined","collection10_k2_tropical_temperate","Transitional","Warmhouse",13,13,0.232938952152132,95,0.71365783343001,0.71365783343001
"per_cell_all_cells_OLS","all_cells_slope","Combined","collection10_k2_tropical_temperate_polar","Coldhouse","Warmhouse",2,7,-0.628029343873968,0,0.0285199371245278,0.0930098069152435
"per_cell_all_cells_OLS","all_cells_slope","Combined","collection10_k2_tropical_temperate_polar","Coldhouse","Hothouse",2,4,-0.907244877790419,0,0.0525962525600207,0.0930098069152435
"per_cell_all_cells_OLS","all_cells_slope","Combined","collection10_k2_tropical_temperate_polar","Coolhouse","Hothouse",4,4,-0.488403885419687,1,0.030300984856003,0.0930098069152435
"per_cell_all_cells_OLS","all_cells_slope","Combined","collection10_k2_tropical_temperate_polar","Transitional","Warmhouse",3,7,-0.356298493805014,3,0.0553060368742615,0.0930098069152435
"per_cell_all_cells_OLS","all_cells_slope","Combined","collection10_k2_tropical_temperate_polar","Transitional","Hothouse",3,4,-0.635514027721466,1,0.0558058841491461,0.0930098069152435
"per_cell_all_cells_OLS","all_cells_slope","Combined","collection10_k2_tropical_temperate_polar","Warmhouse","Hothouse",7,4,-0.279215533916451,4,0.0363004697249787,0.0930098069152435
"per_cell_all_cells_OLS","all_cells_slope","Combined","collection10_k2_tropical_temperate_polar","Coldhouse","Transitional",2,3,-0.271730850068954,0,0.0744573365893828,0.106367623699118
"per_cell_all_cells_OLS","all_cells_slope","Combined","collection10_k2_tropical_temperate_polar","Coldhouse","Coolhouse",2,4,-0.418840992370732,2,0.243726645182017,0.282406429751192
"per_cell_all_cells_OLS","all_cells_slope","Combined","collection10_k2_tropical_temperate_polar","Coolhouse","Warmhouse",4,7,-0.209188351503236,10,0.254165786776073,0.282406429751192
"per_cell_all_cells_OLS","all_cells_slope","Combined","collection10_k2_tropical_temperate_polar","Coolhouse","Transitional",4,3,0.147110142301778,7,0.702058454717411,0.702058454717411
"per_cell_all_cells_OLS","all_cells_slope","Combined","collection10_k3_tropical_temperate","Coldhouse","Warmhouse",3,6,-0.720792633625673,0,0.0140929010739537,0.0922210642676247
"per_cell_all_cells_OLS","all_cells_slope","Combined","collection10_k3_tropical_temperate","Coldhouse","Hothouse",3,5,-0.913936285390409,0,0.0184442128535249,0.0922210642676247
"per_cell_all_cells_OLS","all_cells_slope","Combined","collection10_k3_tropical_temperate","Coldhouse","Transitional",3,7,-0.898882997758722,3,0.0553060368742615,0.17004641014268
"per_cell_all_cells_OLS","all_cells_slope","Combined","collection10_k3_tropical_temperate","Coolhouse","Hothouse",3,5,-0.453363336988279,2,0.0680185640570718,0.17004641014268
"per_cell_all_cells_OLS","all_cells_slope","Combined","collection10_k3_tropical_temperate","Coolhouse","Warmhouse",3,6,-0.260219685223544,4,0.122639058403386,0.245278116806773
"per_cell_all_cells_OLS","all_cells_slope","Combined","collection10_k3_tropical_temperate","Coolhouse","Transitional",3,7,-0.438310049356592,6,0.180967383460596,0.30161230576766
"per_cell_all_cells_OLS","all_cells_slope","Combined","collection10_k3_tropical_temperate","Coldhouse","Coolhouse",3,3,-0.46057294840213,3,0.331260291770029,0.473228988242898
"per_cell_all_cells_OLS","all_cells_slope","Combined","collection10_k3_tropical_temperate","Warmhouse","Hothouse",6,5,-0.193143651764736,13,0.39209561470081,0.490119518376012
"per_cell_all_cells_OLS","all_cells_slope","Combined","collection10_k3_tropical_temperate","Transitional","Warmhouse",7,6,0.178090364133049,21,0.528471664516479,0.564504402601268
"per_cell_all_cells_OLS","all_cells_slope","Combined","collection10_k3_tropical_temperate","Transitional","Hothouse",7,5,-0.015053287631687,18,0.564504402601268,0.564504402601268
"per_cell_all_cells_OLS","all_cells_slope","Combined","collection10_k3_tropical_temperate_polar","Coolhouse","Hothouse",2,2,-0.357593054516454,0,0.122639058403386,0.245278116806773
"per_cell_all_cells_OLS","all_cells_slope","Combined","collection10_k3_tropical_temperate_polar","Transitional","Hothouse",2,2,-0.522419732536944,0,0.122639058403386,0.245278116806773
"per_cell_all_cells_OLS","all_cells_slope","Combined","collection10_k3_tropical_temperate_polar","Warmhouse","Hothouse",3,2,-0.374874419574861,0,0.0744573365893828,0.245278116806773
"per_cell_all_cells_OLS","all_cells_slope","Combined","collection10_k3_tropical_temperate_polar","Transitional","Warmhouse",2,3,-0.147545312962083,2,0.386414996342224,0.579622494513336
"per_cell_all_cells_OLS","all_cells_slope","Combined","collection10_k3_tropical_temperate_polar","Coolhouse","Warmhouse",2,3,0.0172813650584062,3,0.613585003657776,0.736302004389331
"per_cell_all_cells_OLS","all_cells_slope","Combined","collection10_k3_tropical_temperate_polar","Coolhouse","Transitional",2,2,0.164826678020489,3,0.877360941596614,0.877360941596614
"per_cell_all_cells_OLS","all_cells_slope","Combined","collection10_k3_tropical_temperate_polar","Coldhouse","Coolhouse",1,2,-0.662837025321014,NA,NA,NA
"per_cell_all_cells_OLS","all_cells_slope","Combined","collection10_k3_tropical_temperate_polar","Coldhouse","Transitional",1,2,-0.498010347300525,NA,NA,NA
"per_cell_all_cells_OLS","all_cells_slope","Combined","collection10_k3_tropical_temperate_polar","Coldhouse","Warmhouse",1,3,-0.645555660262608,NA,NA,NA
"per_cell_all_cells_OLS","all_cells_slope","Combined","collection10_k3_tropical_temperate_polar","Coldhouse","Hothouse",1,2,-1.02043007983747,NA,NA,NA
"per_cell_all_cells_OLS","all_cells_slope","Northern","occurrence5_k1_tropical_temperate","Coldhouse","Transitional",10,15,-0.606705667000898,20,0.00125093132247353,0.00579016430871715
"per_cell_all_cells_OLS","all_cells_slope","Northern","occurrence5_k1_tropical_temperate","Coldhouse","Warmhouse",10,11,-0.61186683997561,13,0.00173704929261515,0.00579016430871715
"per_cell_all_cells_OLS","all_cells_slope","Northern","occurrence5_k1_tropical_temperate","Coolhouse","Warmhouse",15,11,-0.251600897756161,20,0.000645899117119065,0.00579016430871715
"per_cell_all_cells_OLS","all_cells_slope","Northern","occurrence5_k1_tropical_temperate","Coolhouse","Transitional",15,15,-0.24643972478145,45,0.00272606992847027,0.00681517482117569
"per_cell_all_cells_OLS","all_cells_slope","Northern","occurrence5_k1_tropical_temperate","Coolhouse","Hothouse",15,10,-0.185482344460934,43,0.0402921695429152,0.0805843390858304
"per_cell_all_cells_OLS","all_cells_slope","Northern","occurrence5_k1_tropical_temperate","Coldhouse","Coolhouse",10,15,-0.360265942219448,48,0.0707869005844139,0.10112414369202
"per_cell_all_cells_OLS","all_cells_slope","Northern","occurrence5_k1_tropical_temperate","Coldhouse","Hothouse",10,10,-0.545748286680382,30,0.0702325240791775,0.10112414369202
"per_cell_all_cells_OLS","all_cells_slope","Northern","occurrence5_k1_tropical_temperate","Transitional","Warmhouse",15,11,-0.0051611729747111,78,0.417770762112595,0.522213452640743
"per_cell_all_cells_OLS","all_cells_slope","Northern","occurrence5_k1_tropical_temperate","Transitional","Hothouse",15,10,0.0609573803205162,90,0.805046299191309,0.86246850396112
"per_cell_all_cells_OLS","all_cells_slope","Northern","occurrence5_k1_tropical_temperate","Warmhouse","Hothouse",11,10,0.0661185532952273,70,0.86246850396112,0.86246850396112
"per_cell_all_cells_OLS","all_cells_slope","Northern","occurrence5_k1_tropical_temperate_polar","Coldhouse","Transitional",7,12,-0.707360577506256,0,0.000226262566738465,0.00190076460718153
"per_cell_all_cells_OLS","all_cells_slope","Northern","occurrence5_k1_tropical_temperate_polar","Coldhouse","Warmhouse",7,10,-0.627389163266603,0,0.000380152921436306,0.00190076460718153
"per_cell_all_cells_OLS","all_cells_slope","Northern","occurrence5_k1_tropical_temperate_polar","Coolhouse","Transitional",10,12,-0.279692935470324,14,0.00134909540290398,0.00449698467634661
"per_cell_all_cells_OLS","all_cells_slope","Northern","occurrence5_k1_tropical_temperate_polar","Coldhouse","Hothouse",7,5,-0.572278511258516,0,0.00288306045711863,0.00720765114279658
"per_cell_all_cells_OLS","all_cells_slope","Northern","occurrence5_k1_tropical_temperate_polar","Coldhouse","Coolhouse",7,10,-0.427667642035932,7,0.003640346121149,0.00728069224229799
"per_cell_all_cells_OLS","all_cells_slope","Northern","occurrence5_k1_tropical_temperate_polar","Coolhouse","Warmhouse",10,10,-0.199721521230672,16,0.00566484834223733,0.00944141390372889
"per_cell_all_cells_OLS","all_cells_slope","Northern","occurrence5_k1_tropical_temperate_polar","Coolhouse","Hothouse",10,5,-0.144610869222584,8,0.0216487328896517,0.030926761270931
"per_cell_all_cells_OLS","all_cells_slope","Northern","occurrence5_k1_tropical_temperate_polar","Transitional","Warmhouse",12,10,0.0799714142396522,73,0.813310987159772,0.906183835002558
"per_cell_all_cells_OLS","all_cells_slope","Northern","occurrence5_k1_tropical_temperate_polar","Transitional","Hothouse",12,5,0.13508206624774,42,0.906183835002558,0.906183835002558
"per_cell_all_cells_OLS","all_cells_slope","Northern","occurrence5_k1_tropical_temperate_polar","Warmhouse","Hothouse",10,5,0.0551106520080873,32,0.82083676662556,0.906183835002558
"per_cell_all_cells_OLS","all_cells_slope","Northern","occurrence5_k2_tropical_temperate","Coldhouse","Transitional",7,13,-0.617039224198635,8,0.00168400557247058,0.0168400557247058
"per_cell_all_cells_OLS","all_cells_slope","Northern","occurrence5_k2_tropical_temperate","Coldhouse","Warmhouse",7,8,-0.621553341714989,6,0.00642063116860977,0.0183977814235739
"per_cell_all_cells_OLS","all_cells_slope","Northern","occurrence5_k2_tropical_temperate","Coldhouse","Hothouse",7,8,-0.549733777161405,7,0.00883613819336122,0.0183977814235739
"per_cell_all_cells_OLS","all_cells_slope","Northern","occurrence5_k2_tropical_temperate","Coolhouse","Transitional",9,13,-0.292417364585375,18,0.00377990538933116,0.0183977814235739
"per_cell_all_cells_OLS","all_cells_slope","Northern","occurrence5_k2_tropical_temperate","Coolhouse","Hothouse",9,8,-0.225111917548145,11,0.00919889071178696,0.0183977814235739
"per_cell_all_cells_OLS","all_cells_slope","Northern","occurrence5_k2_tropical_temperate","Coolhouse","Warmhouse",9,8,-0.296931482101729,12,0.0118706972653629,0.0197844954422716
"per_cell_all_cells_OLS","all_cells_slope","Northern","occurrence5_k2_tropical_temperate","Coldhouse","Coolhouse",7,9,-0.32462185961326,18,0.0844006123522711,0.120572303360387
"per_cell_all_cells_OLS","all_cells_slope","Northern","occurrence5_k2_tropical_temperate","Transitional","Warmhouse",13,8,-0.00451411751635413,56,0.627747370834004,0.71489374387996
"per_cell_all_cells_OLS","all_cells_slope","Northern","occurrence5_k2_tropical_temperate","Warmhouse","Hothouse",8,8,0.0718195645535844,35,0.643404369491964,0.71489374387996
"per_cell_all_cells_OLS","all_cells_slope","Northern","occurrence5_k2_tropical_temperate","Transitional","Hothouse",13,8,0.0673054470372302,60,0.730912736600959,0.730912736600959
"per_cell_all_cells_OLS","all_cells_slope","Northern","occurrence5_k2_tropical_temperate_polar","Coldhouse","Transitional",4,8,-0.583509592749601,0,0.00423740094607692,0.0229903940924649
"per_cell_all_cells_OLS","all_cells_slope","Northern","occurrence5_k2_tropical_temperate_polar","Coldhouse","Warmhouse",4,6,-0.503538178509949,0,0.00710701943454103,0.0229903940924649
"per_cell_all_cells_OLS","all_cells_slope","Northern","occurrence5_k2_tropical_temperate_polar","Coldhouse","Hothouse",4,5,-0.448427526501862,0,0.00998222665260803,0.0229903940924649
"per_cell_all_cells_OLS","all_cells_slope","Northern","occurrence5_k2_tropical_temperate_polar","Coolhouse","Transitional",7,8,-0.311450552680619,5,0.00460889867352746,0.0229903940924649
"per_cell_all_cells_OLS","all_cells_slope","Northern","occurrence5_k2_tropical_temperate_polar","Coolhouse","Hothouse",7,5,-0.17636848643288,3,0.0114951970462325,0.0229903940924649
"per_cell_all_cells_OLS","all_cells_slope","Northern","occurrence5_k2_tropical_temperate_polar","Coolhouse","Warmhouse",7,6,-0.231479138440967,6,0.0191593815747068,0.0319323026245113
"per_cell_all_cells_OLS","all_cells_slope","Northern","occurrence5_k2_tropical_temperate_polar","Coldhouse","Coolhouse",4,7,-0.272059040068982,5,0.0540986237618508,0.0772837482312154
"per_cell_all_cells_OLS","all_cells_slope","Northern","occurrence5_k2_tropical_temperate_polar","Warmhouse","Hothouse",6,5,0.0551106520080873,16,0.60790438529919,0.759880481623988
"per_cell_all_cells_OLS","all_cells_slope","Northern","occurrence5_k2_tropical_temperate_polar","Transitional","Warmhouse",8,6,0.0799714142396522,31,0.833539195967217,0.833539195967217
"per_cell_all_cells_OLS","all_cells_slope","Northern","occurrence5_k2_tropical_temperate_polar","Transitional","Hothouse",8,5,0.13508206624774,26,0.82932534302262,0.833539195967217
"per_cell_all_cells_OLS","all_cells_slope","Northern","occurrence5_k3_tropical_temperate","Coolhouse","Transitional",6,8,-0.659751638681814,3,0.00406601094944092,0.0406601094944092
"per_cell_all_cells_OLS","all_cells_slope","Northern","occurrence5_k3_tropical_temperate","Coldhouse","Transitional",4,8,-0.722491511735964,3,0.0168761114779779,0.0562537049265929
"per_cell_all_cells_OLS","all_cells_slope","Northern","occurrence5_k3_tropical_temperate","Coolhouse","Warmhouse",6,6,-0.518115752028256,4,0.0153194939688516,0.0562537049265929
"per_cell_all_cells_OLS","all_cells_slope","Northern","occurrence5_k3_tropical_temperate","Coolhouse","Hothouse",6,5,-0.464946799622132,5,0.0414187125794032,0.103546781448508
"per_cell_all_cells_OLS","all_cells_slope","Northern","occurrence5_k3_tropical_temperate","Coldhouse","Warmhouse",4,6,-0.580855625082407,4,0.0549097044076186,0.109819408815237
"per_cell_all_cells_OLS","all_cells_slope","Northern","occurrence5_k3_tropical_temperate","Coldhouse","Hothouse",4,5,-0.527686672676283,5,0.13517207032739,0.225286783878983
"per_cell_all_cells_OLS","all_cells_slope","Northern","occurrence5_k3_tropical_temperate","Coldhouse","Coolhouse",4,6,-0.0627398730541503,11,0.457553017210253,0.653647167443218
"per_cell_all_cells_OLS","all_cells_slope","Northern","occurrence5_k3_tropical_temperate","Transitional","Warmhouse",8,6,0.141635886653557,34,0.912377877299997,0.975933801890209
"per_cell_all_cells_OLS","all_cells_slope","Northern","occurrence5_k3_tropical_temperate","Transitional","Hothouse",8,5,0.194804839059681,33,0.975933801890209,0.975933801890209
"per_cell_all_cells_OLS","all_cells_slope","Northern","occurrence5_k3_tropical_temperate","Warmhouse","Hothouse",6,5,0.0531689524061239,19,0.79434310411187,0.975933801890209
"per_cell_all_cells_OLS","all_cells_slope","Northern","occurrence5_k3_tropical_temperate_polar","Coolhouse","Transitional",4,3,-0.64198629363366,0,0.0259149636089548,0.129574818044774
"per_cell_all_cells_OLS","all_cells_slope","Northern","occurrence5_k3_tropical_temperate_polar","Coolhouse","Warmhouse",4,4,-0.440798305455799,0,0.0151914109882887,0.129574818044774
"per_cell_all_cells_OLS","all_cells_slope","Northern","occurrence5_k3_tropical_temperate_polar","Coldhouse","Warmhouse",2,4,-0.503538178509949,0,0.0525962525600207,0.131490631400052
"per_cell_all_cells_OLS","all_cells_slope","Northern","occurrence5_k3_tropical_temperate_polar","Coolhouse","Hothouse",4,2,-0.541886245480583,0,0.0525962525600207,0.131490631400052
"per_cell_all_cells_OLS","all_cells_slope","Northern","occurrence5_k3_tropical_temperate_polar","Coldhouse","Transitional",2,3,-0.70472616668781,0,0.0744573365893828,0.148914673178766
"per_cell_all_cells_OLS","all_cells_slope","Northern","occurrence5_k3_tropical_temperate_polar","Coldhouse","Hothouse",2,2,-0.604626118534733,0,0.122639058403386,0.204398430672311
"per_cell_all_cells_OLS","all_cells_slope","Northern","occurrence5_k3_tropical_temperate_polar","Warmhouse","Hothouse",4,2,-0.101087940024784,2,0.243726645182017,0.348180921688596
"per_cell_all_cells_OLS","all_cells_slope","Northern","occurrence5_k3_tropical_temperate_polar","Coldhouse","Coolhouse",2,4,-0.0627398730541503,3,0.408480660857696,0.51060082607212
"per_cell_all_cells_OLS","all_cells_slope","Northern","occurrence5_k3_tropical_temperate_polar","Transitional","Hothouse",3,2,0.100100048153077,4,0.806761884614384,0.896402094015982
"per_cell_all_cells_OLS","all_cells_slope","Northern","occurrence5_k3_tropical_temperate_polar","Transitional","Warmhouse",3,4,0.201187988177861,10,0.944194115850854,0.944194115850854
"per_cell_all_cells_OLS","all_cells_slope","Northern","occurrence10_k1_tropical_temperate","Coldhouse","Warmhouse",10,10,-0.68196436030019,5,0.000384269456581384,0.00197742042686887
"per_cell_all_cells_OLS","all_cells_slope","Northern","occurrence10_k1_tropical_temperate","Coolhouse","Warmhouse",15,10,-0.502186372957281,14,0.000395484085373773,0.00197742042686887
"per_cell_all_cells_OLS","all_cells_slope","Northern","occurrence10_k1_tropical_temperate","Coldhouse","Transitional",10,14,-0.650008234362718,15,0.000708432407863681,0.0023614413595456
"per_cell_all_cells_OLS","all_cells_slope","Northern","occurrence10_k1_tropical_temperate","Coolhouse","Transitional",15,14,-0.470230247019809,35,0.00120976089366108,0.0030244022341527
"per_cell_all_cells_OLS","all_cells_slope","Northern","occurrence10_k1_tropical_temperate","Coldhouse","Hothouse",10,9,-0.752798209893521,17,0.0123723360231995,0.0206205600386658
"per_cell_all_cells_OLS","all_cells_slope","Northern","occurrence10_k1_tropical_temperate","Coolhouse","Hothouse",15,9,-0.573020222550612,29,0.0117292978399615,0.0206205600386658
"per_cell_all_cells_OLS","all_cells_slope","Northern","occurrence10_k1_tropical_temperate","Coldhouse","Coolhouse",10,15,-0.179777987342909,58,0.180028803541124,0.257184005058749
"per_cell_all_cells_OLS","all_cells_slope","Northern","occurrence10_k1_tropical_temperate","Transitional","Warmhouse",14,10,-0.031956125937472,64,0.373708535272075,0.467135669090094
"per_cell_all_cells_OLS","all_cells_slope","Northern","occurrence10_k1_tropical_temperate","Transitional","Hothouse",14,9,-0.102789975530803,62,0.487436576588869,0.487436576588869
"per_cell_all_cells_OLS","all_cells_slope","Northern","occurrence10_k1_tropical_temperate","Warmhouse","Hothouse",10,9,-0.0708338495933312,44,0.483717772569769,0.487436576588869
"per_cell_all_cells_OLS","all_cells_slope","Northern","occurrence10_k1_tropical_temperate_polar","Coldhouse","Transitional",6,12,-0.771157453169465,0,0.000442283578152501,0.00442283578152501
"per_cell_all_cells_OLS","all_cells_slope","Northern","occurrence10_k1_tropical_temperate_polar","Coldhouse","Warmhouse",6,9,-0.668563590437841,0,0.000894921639311727,0.00447460819655863
"per_cell_all_cells_OLS","all_cells_slope","Northern","occurrence10_k1_tropical_temperate_polar","Coolhouse","Transitional",9,12,-0.526387074336069,12,0.0015925939281887,0.00530864642729566
"per_cell_all_cells_OLS","all_cells_slope","Northern","occurrence10_k1_tropical_temperate_polar","Coolhouse","Warmhouse",9,9,-0.423793211604445,9,0.00309665908702214,0.00774164771755535
"per_cell_all_cells_OLS","all_cells_slope","Northern","occurrence10_k1_tropical_temperate_polar","Coldhouse","Coolhouse",6,9,-0.244770378833396,12,0.0437401669625986,0.0874803339251972
"per_cell_all_cells_OLS","all_cells_slope","Northern","occurrence10_k1_tropical_temperate_polar","Coldhouse","Hothouse",6,4,-0.663308670292662,4,0.0549097044076186,0.0915161740126977
"per_cell_all_cells_OLS","all_cells_slope","Northern","occurrence10_k1_tropical_temperate_polar","Coolhouse","Hothouse",9,4,-0.418538291459266,10,0.123579986605954,0.176542838008505
"per_cell_all_cells_OLS","all_cells_slope","Northern","occurrence10_k1_tropical_temperate_polar","Transitional","Warmhouse",12,9,0.102593862731625,57,0.598216791901927,0.722402430202942
"per_cell_all_cells_OLS","all_cells_slope","Northern","occurrence10_k1_tropical_temperate_polar","Warmhouse","Hothouse",9,4,0.00525492014517851,20,0.650162187182648,0.722402430202942
"per_cell_all_cells_OLS","all_cells_slope","Northern","occurrence10_k1_tropical_temperate_polar","Transitional","Hothouse",12,4,0.107848782876803,30,0.784722060482004,0.784722060482004
"per_cell_all_cells_OLS","all_cells_slope","Northern","occurrence10_k2_tropical_temperate","Coldhouse","Transitional",7,12,-0.647570846889866,3,0.000569274158060708,0.00540946782217576
"per_cell_all_cells_OLS","all_cells_slope","Northern","occurrence10_k2_tropical_temperate","Coldhouse","Warmhouse",7,8,-0.675231291057154,1,0.00108189356443515,0.00540946782217576
"per_cell_all_cells_OLS","all_cells_slope","Northern","occurrence10_k2_tropical_temperate","Coldhouse","Hothouse",7,6,-0.763166938911845,0,0.00170261791064738,0.00567539303549127
"per_cell_all_cells_OLS","all_cells_slope","Northern","occurrence10_k2_tropical_temperate","Coolhouse","Hothouse",8,6,-0.54395061045152,2,0.00275467509673836,0.0068866877418459
"per_cell_all_cells_OLS","all_cells_slope","Northern","occurrence10_k2_tropical_temperate","Coolhouse","Warmhouse",8,8,-0.45601496259683,8,0.0067936365319967,0.0135872730639934
"per_cell_all_cells_OLS","all_cells_slope","Northern","occurrence10_k2_tropical_temperate","Coolhouse","Transitional",8,12,-0.428354518429541,17,0.00930816017782372,0.0155136002963729
"per_cell_all_cells_OLS","all_cells_slope","Northern","occurrence10_k2_tropical_temperate","Coldhouse","Coolhouse",7,8,-0.219216328460325,18,0.135794337121687,0.193991910173839
"per_cell_all_cells_OLS","all_cells_slope","Northern","occurrence10_k2_tropical_temperate","Warmhouse","Hothouse",8,6,-0.0879356478546907,18,0.238837511992952,0.29854688999119
"per_cell_all_cells_OLS","all_cells_slope","Northern","occurrence10_k2_tropical_temperate","Transitional","Hothouse",12,6,-0.115596092021979,31,0.336708287316883,0.374120319240982
"per_cell_all_cells_OLS","all_cells_slope","Northern","occurrence10_k2_tropical_temperate","Transitional","Warmhouse",12,8,-0.0276604441672883,48,0.515385716580331,0.515385716580331
"per_cell_all_cells_OLS","all_cells_slope","Northern","occurrence10_k2_tropical_temperate_polar","Coldhouse","Transitional",3,5,-0.768720065696613,0,0.0184442128535249,0.100171343231444
"per_cell_all_cells_OLS","all_cells_slope","Northern","occurrence10_k2_tropical_temperate_polar","Coldhouse","Warmhouse",3,4,-0.468902268825343,0,0.0259149636089548,0.100171343231444
"per_cell_all_cells_OLS","all_cells_slope","Northern","occurrence10_k2_tropical_temperate_polar","Coolhouse","Transitional",5,5,-0.503332326875837,3,0.0300514029694332,0.100171343231444
"per_cell_all_cells_OLS","all_cells_slope","Northern","occurrence10_k2_tropical_temperate_polar","Coldhouse","Coolhouse",3,5,-0.265387738820776,3,0.116518991136953,0.168965087909238
"per_cell_all_cells_OLS","all_cells_slope","Northern","occurrence10_k2_tropical_temperate_polar","Coldhouse","Hothouse",3,2,-0.677090285971067,0,0.0744573365893828,0.168965087909238
"per_cell_all_cells_OLS","all_cells_slope","Northern","occurrence10_k2_tropical_temperate_polar","Coolhouse","Warmhouse",5,4,-0.203514530004567,5,0.13517207032739,0.168965087909238
"per_cell_all_cells_OLS","all_cells_slope","Northern","occurrence10_k2_tropical_temperate_polar","Coolhouse","Hothouse",5,2,-0.411702547150291,1,0.087622122700003,0.168965087909238
"per_cell_all_cells_OLS","all_cells_slope","Northern","occurrence10_k2_tropical_temperate_polar","Warmhouse","Hothouse",4,2,-0.208188017145723,1,0.123579986605954,0.168965087909238
"per_cell_all_cells_OLS","all_cells_slope","Northern","occurrence10_k2_tropical_temperate_polar","Transitional","Hothouse",5,2,0.0916297797255463,5,0.576774701561705,0.640860779513005
"per_cell_all_cells_OLS","all_cells_slope","Northern","occurrence10_k2_tropical_temperate_polar","Transitional","Warmhouse",5,4,0.29981779687127,14,0.86482792967261,0.86482792967261
"per_cell_all_cells_OLS","all_cells_slope","Northern","occurrence10_k3_tropical_temperate","Coldhouse","Transitional",4,8,-0.774121870280913,0,0.00423740094607692,0.0236900647818034
"per_cell_all_cells_OLS","all_cells_slope","Northern","occurrence10_k3_tropical_temperate","Coldhouse","Warmhouse",4,6,-0.639290607244795,0,0.00710701943454103,0.0236900647818034
"per_cell_all_cells_OLS","all_cells_slope","Northern","occurrence10_k3_tropical_temperate","Coolhouse","Transitional",5,8,-0.875628466798495,2,0.00520749732953164,0.0236900647818034
"per_cell_all_cells_OLS","all_cells_slope","Northern","occurrence10_k3_tropical_temperate","Coldhouse","Hothouse",4,4,-0.747740940020927,0,0.0151914109882887,0.0311136799338858
"per_cell_all_cells_OLS","all_cells_slope","Northern","occurrence10_k3_tropical_temperate","Coolhouse","Warmhouse",5,6,-0.740797203762378,3,0.0178818832954889,0.0311136799338858
"per_cell_all_cells_OLS","all_cells_slope","Northern","occurrence10_k3_tropical_temperate","Coolhouse","Hothouse",5,4,-0.849247536538509,1,0.0186682079603315,0.0311136799338858
"per_cell_all_cells_OLS","all_cells_slope","Northern","occurrence10_k3_tropical_temperate","Warmhouse","Hothouse",6,4,-0.108450332776131,10,0.374559566500298,0.535085095000425
"per_cell_all_cells_OLS","all_cells_slope","Northern","occurrence10_k3_tropical_temperate","Coldhouse","Coolhouse",4,5,0.101506596517582,12,0.72985431269629,0.810949236329211
"per_cell_all_cells_OLS","all_cells_slope","Northern","occurrence10_k3_tropical_temperate","Transitional","Hothouse",8,4,0.026380930259986,19,0.723892888982925,0.810949236329211
"per_cell_all_cells_OLS","all_cells_slope","Northern","occurrence10_k3_tropical_temperate","Transitional","Warmhouse",8,6,0.134831263036117,32,0.863754758265024,0.863754758265024
"per_cell_all_cells_OLS","all_cells_slope","Northern","occurrence10_k3_tropical_temperate_polar","Coldhouse","Transitional",2,3,-0.732779381884254,0,0.0744573365893828,0.223372009768148
"per_cell_all_cells_OLS","all_cells_slope","Northern","occurrence10_k3_tropical_temperate_polar","Coolhouse","Transitional",2,3,-0.662156398792425,0,0.0744573365893828,0.223372009768148
"per_cell_all_cells_OLS","all_cells_slope","Northern","occurrence10_k3_tropical_temperate_polar","Coldhouse","Warmhouse",2,2,-0.486588214785656,0,0.122639058403386,0.245278116806773
"per_cell_all_cells_OLS","all_cells_slope","Northern","occurrence10_k3_tropical_temperate_polar","Coolhouse","Warmhouse",2,2,-0.415965231693827,1,0.349267679151669,0.523901518727504
"per_cell_all_cells_OLS","all_cells_slope","Northern","occurrence10_k3_tropical_temperate_polar","Coldhouse","Coolhouse",2,2,-0.0706229830918287,2,0.650732320848331,0.780878785017997
"per_cell_all_cells_OLS","all_cells_slope","Northern","occurrence10_k3_tropical_temperate_polar","Transitional","Warmhouse",3,2,0.246191167098598,5,0.925542663410617,0.925542663410617
"per_cell_all_cells_OLS","all_cells_slope","Northern","occurrence10_k3_tropical_temperate_polar","Coldhouse","Hothouse",2,1,-0.531145377636408,NA,NA,NA
"per_cell_all_cells_OLS","all_cells_slope","Northern","occurrence10_k3_tropical_temperate_polar","Coolhouse","Hothouse",2,1,-0.460522394544579,NA,NA,NA
"per_cell_all_cells_OLS","all_cells_slope","Northern","occurrence10_k3_tropical_temperate_polar","Transitional","Hothouse",3,1,0.201634004247846,NA,NA,NA
"per_cell_all_cells_OLS","all_cells_slope","Northern","occurrence10_k3_tropical_temperate_polar","Warmhouse","Hothouse",2,1,-0.0445571628507519,NA,NA,NA
"per_cell_all_cells_OLS","all_cells_slope","Northern","collection5_k1_tropical_temperate","Coldhouse","Transitional",10,14,-0.918518093410444,10,0.000247023650482825,0.00123511825241412
"per_cell_all_cells_OLS","all_cells_slope","Northern","collection5_k1_tropical_temperate","Coolhouse","Transitional",14,14,-0.535129410681958,20,0.0001847610993211,0.00123511825241412
"per_cell_all_cells_OLS","all_cells_slope","Northern","collection5_k1_tropical_temperate","Coldhouse","Warmhouse",10,11,-0.753219717173114,10,0.000863393242266966,0.00287797747422322
"per_cell_all_cells_OLS","all_cells_slope","Northern","collection5_k1_tropical_temperate","Coolhouse","Warmhouse",14,11,-0.369831034444627,23,0.00170108392583579,0.00425270981458947
"per_cell_all_cells_OLS","all_cells_slope","Northern","collection5_k1_tropical_temperate","Coldhouse","Hothouse",10,9,-0.641306090077228,20,0.0227276474245292,0.0378794123742154
"per_cell_all_cells_OLS","all_cells_slope","Northern","collection5_k1_tropical_temperate","Coolhouse","Hothouse",14,9,-0.257917407348742,30,0.0203139479394486,0.0378794123742154
"per_cell_all_cells_OLS","all_cells_slope","Northern","collection5_k1_tropical_temperate","Coldhouse","Coolhouse",10,14,-0.383388682728487,48,0.104031223104725,0.14861603300675
"per_cell_all_cells_OLS","all_cells_slope","Northern","collection5_k1_tropical_temperate","Transitional","Warmhouse",14,11,0.16529837623733,86,0.69849485639892,0.87311857049865
"per_cell_all_cells_OLS","all_cells_slope","Northern","collection5_k1_tropical_temperate","Transitional","Hothouse",14,9,0.277212003333216,86,0.930611514289206,0.930611514289206
"per_cell_all_cells_OLS","all_cells_slope","Northern","collection5_k1_tropical_temperate","Warmhouse","Hothouse",11,9,0.111913627095886,62,0.838339995433042,0.930611514289206
"per_cell_all_cells_OLS","all_cells_slope","Northern","collection5_k1_tropical_temperate_polar","Coldhouse","Transitional",7,10,-0.929358510510523,0,0.000380152921436306,0.00219157444952203
"per_cell_all_cells_OLS","all_cells_slope","Northern","collection5_k1_tropical_temperate_polar","Coldhouse","Warmhouse",7,9,-0.759018693050658,0,0.000516487754803409,0.00219157444952203
"per_cell_all_cells_OLS","all_cells_slope","Northern","collection5_k1_tropical_temperate_polar","Coolhouse","Transitional",10,10,-0.535129410681958,7,0.000657472334856608,0.00219157444952203
"per_cell_all_cells_OLS","all_cells_slope","Northern","collection5_k1_tropical_temperate_polar","Coolhouse","Warmhouse",10,9,-0.364789593222093,11,0.00311651748486689,0.00779129371216723
"per_cell_all_cells_OLS","all_cells_slope","Northern","collection5_k1_tropical_temperate_polar","Coldhouse","Coolhouse",7,10,-0.394229099828566,9,0.00641334682274272,0.0106889113712379
"per_cell_all_cells_OLS","all_cells_slope","Northern","collection5_k1_tropical_temperate_polar","Coldhouse","Hothouse",7,4,-0.694594475728221,0,0.0053667080514986,0.0106889113712379
"per_cell_all_cells_OLS","all_cells_slope","Northern","collection5_k1_tropical_temperate_polar","Coolhouse","Hothouse",10,4,-0.300365375899655,6,0.028118901938638,0.04016985991234
"per_cell_all_cells_OLS","all_cells_slope","Northern","collection5_k1_tropical_temperate_polar","Transitional","Warmhouse",10,9,0.170339817459865,56,0.826127200544651,0.917919111716279
"per_cell_all_cells_OLS","all_cells_slope","Northern","collection5_k1_tropical_temperate_polar","Warmhouse","Hothouse",9,4,0.0644242173224373,22,0.756273354817983,0.917919111716279
"per_cell_all_cells_OLS","all_cells_slope","Northern","collection5_k1_tropical_temperate_polar","Transitional","Hothouse",10,4,0.234764034782302,30,0.931218053045048,0.931218053045048
"per_cell_all_cells_OLS","all_cells_slope","Northern","collection5_k2_tropical_temperate","Coldhouse","Transitional",6,12,-0.826458046945318,5,0.00214111500380048,0.00713705001266828
"per_cell_all_cells_OLS","all_cells_slope","Northern","collection5_k2_tropical_temperate","Coolhouse","Transitional",6,12,-0.79331551728609,2,0.000851794838476953,0.00713705001266828
"per_cell_all_cells_OLS","all_cells_slope","Northern","collection5_k2_tropical_temperate","Coolhouse","Hothouse",6,7,-0.579980181303036,0,0.00170261791064738,0.00713705001266828
"per_cell_all_cells_OLS","all_cells_slope","Northern","collection5_k2_tropical_temperate","Coolhouse","Warmhouse",6,8,-0.625496420437492,3,0.00406601094944092,0.0101650273736023
"per_cell_all_cells_OLS","all_cells_slope","Northern","collection5_k2_tropical_temperate","Coldhouse","Warmhouse",6,8,-0.658638950096721,5,0.00846234423422658,0.0169246884684532
"per_cell_all_cells_OLS","all_cells_slope","Northern","collection5_k2_tropical_temperate","Coldhouse","Hothouse",6,7,-0.613122710962265,5,0.0134045653577979,0.0223409422629965
"per_cell_all_cells_OLS","all_cells_slope","Northern","collection5_k2_tropical_temperate","Coldhouse","Coolhouse",6,6,-0.0331425296592285,17,0.46809314673653,0.596160720663502
"per_cell_all_cells_OLS","all_cells_slope","Northern","collection5_k2_tropical_temperate","Warmhouse","Hothouse",8,7,0.0455162391344561,27,0.476928576530802,0.596160720663502
"per_cell_all_cells_OLS","all_cells_slope","Northern","collection5_k2_tropical_temperate","Transitional","Hothouse",12,7,0.213335335983054,47,0.678975132061316,0.754416813401462
"per_cell_all_cells_OLS","all_cells_slope","Northern","collection5_k2_tropical_temperate","Transitional","Warmhouse",12,8,0.167819096848598,61,0.851189266054442,0.851189266054442
"per_cell_all_cells_OLS","all_cells_slope","Northern","collection5_k2_tropical_temperate_polar","Coldhouse","Transitional",3,5,-0.376696188155489,0,0.0184442128535249,0.0622273598677715
"per_cell_all_cells_OLS","all_cells_slope","Northern","collection5_k2_tropical_temperate_polar","Coolhouse","Transitional",4,5,-0.446454122061465,1,0.0186682079603315,0.0622273598677715
"per_cell_all_cells_OLS","all_cells_slope","Northern","collection5_k2_tropical_temperate_polar","Coolhouse","Warmhouse",4,4,-0.553429815587662,0,0.0151914109882887,0.0622273598677715
"per_cell_all_cells_OLS","all_cells_slope","Northern","collection5_k2_tropical_temperate_polar","Coldhouse","Warmhouse",3,4,-0.483671881681686,0,0.0259149636089548,0.0647874090223871
"per_cell_all_cells_OLS","all_cells_slope","Northern","collection5_k2_tropical_temperate_polar","Coolhouse","Hothouse",4,2,-0.558551482503788,0,0.0525962525600207,0.105192505120041
"per_cell_all_cells_OLS","all_cells_slope","Northern","collection5_k2_tropical_temperate_polar","Coldhouse","Hothouse",3,2,-0.488793548597811,0,0.0744573365893828,0.124095560982305
"per_cell_all_cells_OLS","all_cells_slope","Northern","collection5_k2_tropical_temperate_polar","Transitional","Warmhouse",5,4,-0.106975693526197,8,0.356651586939229,0.509502267056041
"per_cell_all_cells_OLS","all_cells_slope","Northern","collection5_k2_tropical_temperate_polar","Transitional","Hothouse",5,2,-0.112097360442322,4,0.423225298438295,0.529031623047869
"per_cell_all_cells_OLS","all_cells_slope","Northern","collection5_k2_tropical_temperate_polar","Coldhouse","Coolhouse",3,4,0.0697579339059765,6,0.570158102400667,0.591519339142304
"per_cell_all_cells_OLS","all_cells_slope","Northern","collection5_k2_tropical_temperate_polar","Warmhouse","Hothouse",4,2,-0.0051216669161254,4,0.591519339142304,0.591519339142304
"per_cell_all_cells_OLS","all_cells_slope","Northern","collection5_k3_tropical_temperate","Coldhouse","Transitional",4,8,-0.922251137274604,1,0.00689471306565113,0.0344735653282557
"per_cell_all_cells_OLS","all_cells_slope","Northern","collection5_k3_tropical_temperate","Coolhouse","Transitional",4,8,-0.772674309484789,0,0.00423740094607692,0.0344735653282557
"per_cell_all_cells_OLS","all_cells_slope","Northern","collection5_k3_tropical_temperate","Coolhouse","Warmhouse",4,6,-0.509062122306906,2,0.0214128046154457,0.0647874090223871
"per_cell_all_cells_OLS","all_cells_slope","Northern","collection5_k3_tropical_temperate","Coolhouse","Hothouse",4,3,-0.399669215822288,0,0.0259149636089548,0.0647874090223871
"per_cell_all_cells_OLS","all_cells_slope","Northern","collection5_k3_tropical_temperate","Coldhouse","Warmhouse",4,6,-0.658638950096721,4,0.0549097044076186,0.109819408815237
"per_cell_all_cells_OLS","all_cells_slope","Northern","collection5_k3_tropical_temperate","Coldhouse","Hothouse",4,3,-0.549246043612102,3,0.188379558905791,0.313965931509652
"per_cell_all_cells_OLS","all_cells_slope","Northern","collection5_k3_tropical_temperate","Coldhouse","Coolhouse",4,4,-0.149576827789814,7,0.442616957236601,0.63230993890943
"per_cell_all_cells_OLS","all_cells_slope","Northern","collection5_k3_tropical_temperate","Transitional","Warmhouse",8,6,0.263612187177883,39,0.977306035480603,0.99463778119847
"per_cell_all_cells_OLS","all_cells_slope","Northern","collection5_k3_tropical_temperate","Transitional","Hothouse",8,3,0.373005093662501,24,0.99463778119847,0.99463778119847
"per_cell_all_cells_OLS","all_cells_slope","Northern","collection5_k3_tropical_temperate","Warmhouse","Hothouse",6,3,0.109392906484618,12,0.81692171990297,0.99463778119847
"per_cell_all_cells_OLS","all_cells_slope","Northern","collection5_k3_tropical_temperate_polar","Coldhouse","Warmhouse",2,2,-0.589093065858158,0,0.122639058403386,0.18395858760508
"per_cell_all_cells_OLS","all_cells_slope","Northern","collection5_k3_tropical_temperate_polar","Coldhouse","Hothouse",2,2,-0.591694012163016,0,0.122639058403386,0.18395858760508
"per_cell_all_cells_OLS","all_cells_slope","Northern","collection5_k3_tropical_temperate_polar","Warmhouse","Hothouse",2,2,-0.00260094630485806,2,0.650732320848331,0.650732320848331
"per_cell_all_cells_OLS","all_cells_slope","Northern","collection5_k3_tropical_temperate_polar","Coldhouse","Coolhouse",2,1,-0.33893128894354,NA,NA,NA
"per_cell_all_cells_OLS","all_cells_slope","Northern","collection5_k3_tropical_temperate_polar","Coldhouse","Transitional",2,1,-0.654411569538883,NA,NA,NA
"per_cell_all_cells_OLS","all_cells_slope","Northern","collection5_k3_tropical_temperate_polar","Coolhouse","Transitional",1,1,-0.315480280595343,NA,NA,NA
"per_cell_all_cells_OLS","all_cells_slope","Northern","collection5_k3_tropical_temperate_polar","Coolhouse","Warmhouse",1,2,-0.250161776914618,NA,NA,NA
"per_cell_all_cells_OLS","all_cells_slope","Northern","collection5_k3_tropical_temperate_polar","Coolhouse","Hothouse",1,2,-0.252762723219476,NA,NA,NA
"per_cell_all_cells_OLS","all_cells_slope","Northern","collection5_k3_tropical_temperate_polar","Transitional","Warmhouse",1,2,0.065318503680725,NA,NA,NA
"per_cell_all_cells_OLS","all_cells_slope","Northern","collection5_k3_tropical_temperate_polar","Transitional","Hothouse",1,2,0.062717557375867,NA,NA,NA
"per_cell_all_cells_OLS","all_cells_slope","Northern","collection10_k1_tropical_temperate","Coldhouse","Warmhouse",8,9,-0.70058040740127,5,0.00166847025369904,0.00556156751233015
"per_cell_all_cells_OLS","all_cells_slope","Northern","collection10_k1_tropical_temperate","Coolhouse","Warmhouse",10,9,-0.623463038382438,8,0.00144024233451355,0.00556156751233015
"per_cell_all_cells_OLS","all_cells_slope","Northern","collection10_k1_tropical_temperate","Coolhouse","Hothouse",10,7,-0.827877915469263,4,0.0014578181250452,0.00556156751233015
"per_cell_all_cells_OLS","all_cells_slope","Northern","collection10_k1_tropical_temperate","Coldhouse","Hothouse",8,7,-0.904995284488095,5,0.00460889867352746,0.0115222466838187
"per_cell_all_cells_OLS","all_cells_slope","Northern","collection10_k1_tropical_temperate","Coldhouse","Transitional",8,11,-0.962532207522646,13,0.00589355369490325,0.0117871073898065
"per_cell_all_cells_OLS","all_cells_slope","Northern","collection10_k1_tropical_temperate","Coolhouse","Transitional",10,11,-0.885414838503814,20,0.00756156720153343,0.0126026120025557
"per_cell_all_cells_OLS","all_cells_slope","Northern","collection10_k1_tropical_temperate","Coldhouse","Coolhouse",8,10,-0.0771173690188321,38,0.446986566195109,0.555555555555556
"per_cell_all_cells_OLS","all_cells_slope","Northern","collection10_k1_tropical_temperate","Transitional","Warmhouse",11,9,0.261951800121376,48,0.469720004017499,0.555555555555556
"per_cell_all_cells_OLS","all_cells_slope","Northern","collection10_k1_tropical_temperate","Warmhouse","Hothouse",9,7,-0.204414877086824,31,0.5,0.555555555555556
"per_cell_all_cells_OLS","all_cells_slope","Northern","collection10_k1_tropical_temperate","Transitional","Hothouse",11,7,0.0575369230345512,45,0.736948748254674,0.736948748254674
"per_cell_all_cells_OLS","all_cells_slope","Northern","collection10_k1_tropical_temperate_polar","Coldhouse","Warmhouse",5,4,-0.497593321156651,0,0.00998222665260803,0.0998222665260803
"per_cell_all_cells_OLS","all_cells_slope","Northern","collection10_k1_tropical_temperate_polar","Coldhouse","Transitional",5,4,-0.489684789776126,2,0.0330962898610967,0.108197247523702
"per_cell_all_cells_OLS","all_cells_slope","Northern","collection10_k1_tropical_temperate_polar","Coldhouse","Hothouse",5,2,-0.687919921766874,0,0.0406805646170377,0.108197247523702
"per_cell_all_cells_OLS","all_cells_slope","Northern","collection10_k1_tropical_temperate_polar","Coolhouse","Warmhouse",7,4,-0.416664762703723,5,0.0540986237618508,0.108197247523702
"per_cell_all_cells_OLS","all_cells_slope","Northern","collection10_k1_tropical_temperate_polar","Coolhouse","Hothouse",7,2,-0.606991363313946,1,0.0536732684969056,0.108197247523702
"per_cell_all_cells_OLS","all_cells_slope","Northern","collection10_k1_tropical_temperate_polar","Coolhouse","Transitional",7,4,-0.408756231323198,7,0.109651324839659,0.176542838008505
"per_cell_all_cells_OLS","all_cells_slope","Northern","collection10_k1_tropical_temperate_polar","Warmhouse","Hothouse",4,2,-0.190326600610223,1,0.123579986605954,0.176542838008505
"per_cell_all_cells_OLS","all_cells_slope","Northern","collection10_k1_tropical_temperate_polar","Coldhouse","Coolhouse",5,7,-0.0809285584529278,16,0.435495597398732,0.442616957236601
"per_cell_all_cells_OLS","all_cells_slope","Northern","collection10_k1_tropical_temperate_polar","Transitional","Warmhouse",4,4,-0.0079085313805245,7,0.442616957236601,0.442616957236601
"per_cell_all_cells_OLS","all_cells_slope","Northern","collection10_k1_tropical_temperate_polar","Transitional","Hothouse",4,2,-0.198235131990747,3,0.408480660857696,0.442616957236601
"per_cell_all_cells_OLS","all_cells_slope","Northern","collection10_k2_tropical_temperate","Coldhouse","Transitional",6,9,-0.881483839034729,9,0.019585083014992,0.0453275620779722
"per_cell_all_cells_OLS","all_cells_slope","Northern","collection10_k2_tropical_temperate","Coldhouse","Warmhouse",6,8,-0.617845038128269,5,0.00846234423422658,0.0453275620779722
"per_cell_all_cells_OLS","all_cells_slope","Northern","collection10_k2_tropical_temperate","Coldhouse","Hothouse",6,6,-0.745976454470129,5,0.0226637810389861,0.0453275620779722
"per_cell_all_cells_OLS","all_cells_slope","Northern","collection10_k2_tropical_temperate","Coolhouse","Warmhouse",5,8,-0.805523957923604,5,0.0168944196918348,0.0453275620779722
"per_cell_all_cells_OLS","all_cells_slope","Northern","collection10_k2_tropical_temperate","Coolhouse","Hothouse",5,6,-0.933655374265464,2,0.0112394366830626,0.0453275620779722
"per_cell_all_cells_OLS","all_cells_slope","Northern","collection10_k2_tropical_temperate","Coolhouse","Transitional",5,9,-1.06916275883006,8,0.0309740757067406,0.0516234595112343
"per_cell_all_cells_OLS","all_cells_slope","Northern","collection10_k2_tropical_temperate","Warmhouse","Hothouse",8,6,-0.12813141634186,22,0.423225298438295,0.604607569197565
"per_cell_all_cells_OLS","all_cells_slope","Northern","collection10_k2_tropical_temperate","Transitional","Warmhouse",9,8,0.26363880090646,40,0.667497228948985,0.834371536186232
"per_cell_all_cells_OLS","all_cells_slope","Northern","collection10_k2_tropical_temperate","Coldhouse","Coolhouse",6,5,0.187678919795335,20,0.842348773959127,0.842348773959127
"per_cell_all_cells_OLS","all_cells_slope","Northern","collection10_k2_tropical_temperate","Transitional","Hothouse",9,6,0.1355073845646,35,0.841764106076011,0.842348773959127
"per_cell_all_cells_OLS","all_cells_slope","Northern","collection10_k2_tropical_temperate_polar","Coldhouse","Warmhouse",2,4,-0.449472735156198,0,0.0525962525600207,0.315577515360124
"per_cell_all_cells_OLS","all_cells_slope","Northern","collection10_k2_tropical_temperate_polar","Coldhouse","Transitional",2,2,-0.441564203775674,0,0.122639058403386,0.367917175210159
"per_cell_all_cells_OLS","all_cells_slope","Northern","collection10_k2_tropical_temperate_polar","Coolhouse","Warmhouse",2,4,-0.343732778631382,2,0.243726645182017,0.487453290364035
"per_cell_all_cells_OLS","all_cells_slope","Northern","collection10_k2_tropical_temperate_polar","Coolhouse","Transitional",2,2,-0.335824247250857,1,0.349267679151669,0.490176793029235
"per_cell_all_cells_OLS","all_cells_slope","Northern","collection10_k2_tropical_temperate_polar","Transitional","Warmhouse",2,4,-0.0079085313805245,3,0.408480660857696,0.490176793029235
"per_cell_all_cells_OLS","all_cells_slope","Northern","collection10_k2_tropical_temperate_polar","Coldhouse","Coolhouse",2,2,-0.105739956524816,2,0.650732320848331,0.650732320848331
"per_cell_all_cells_OLS","all_cells_slope","Northern","collection10_k2_tropical_temperate_polar","Coldhouse","Hothouse",2,1,-0.58111777755704,NA,NA,NA
"per_cell_all_cells_OLS","all_cells_slope","Northern","collection10_k2_tropical_temperate_polar","Coolhouse","Hothouse",2,1,-0.475377821032223,NA,NA,NA
"per_cell_all_cells_OLS","all_cells_slope","Northern","collection10_k2_tropical_temperate_polar","Transitional","Hothouse",2,1,-0.139553573781366,NA,NA,NA
"per_cell_all_cells_OLS","all_cells_slope","Northern","collection10_k2_tropical_temperate_polar","Warmhouse","Hothouse",4,1,-0.131645042400841,NA,NA,NA
"per_cell_all_cells_OLS","all_cells_slope","Northern","collection10_k3_tropical_temperate","Coldhouse","Transitional",3,4,-1.26022354242807,0,0.0259149636089548,0.129574818044774
"per_cell_all_cells_OLS","all_cells_slope","Northern","collection10_k3_tropical_temperate","Coldhouse","Warmhouse",3,4,-1.08136389470576,0,0.0259149636089548,0.129574818044774
"per_cell_all_cells_OLS","all_cells_slope","Northern","collection10_k3_tropical_temperate","Coldhouse","Hothouse",3,3,-0.629238363557492,0,0.0404277991850261,0.131490631400052
"per_cell_all_cells_OLS","all_cells_slope","Northern","collection10_k3_tropical_temperate","Coolhouse","Transitional",2,4,-1.1063629999028,0,0.0525962525600207,0.131490631400052
"per_cell_all_cells_OLS","all_cells_slope","Northern","collection10_k3_tropical_temperate","Coolhouse","Hothouse",2,3,-0.475377821032223,0,0.0744573365893828,0.148914673178766
"per_cell_all_cells_OLS","all_cells_slope","Northern","collection10_k3_tropical_temperate","Coolhouse","Warmhouse",2,4,-0.927503352180489,1,0.123579986605954,0.205966644343256
"per_cell_all_cells_OLS","all_cells_slope","Northern","collection10_k3_tropical_temperate","Coldhouse","Coolhouse",3,2,-0.153860542525269,3,0.613585003657776,0.849729765522895
"per_cell_all_cells_OLS","all_cells_slope","Northern","collection10_k3_tropical_temperate","Transitional","Warmhouse",4,4,0.178859647722314,10,0.764756788970605,0.849729765522895
"per_cell_all_cells_OLS","all_cells_slope","Northern","collection10_k3_tropical_temperate","Warmhouse","Hothouse",4,3,0.452125531148266,7,0.702058454717411,0.849729765522895
"per_cell_all_cells_OLS","all_cells_slope","Northern","collection10_k3_tropical_temperate","Transitional","Hothouse",4,3,0.630985178870581,11,0.974085036391045,0.974085036391045
"per_cell_all_cells_OLS","all_cells_slope","Northern","collection10_k3_tropical_temperate_polar","Coldhouse","Coolhouse",1,1,-0.525637564448726,NA,NA,NA
"per_cell_all_cells_OLS","all_cells_slope","Northern","collection10_k3_tropical_temperate_polar","Coldhouse","Transitional",1,1,-0.724582759529443,NA,NA,NA
"per_cell_all_cells_OLS","all_cells_slope","Northern","collection10_k3_tropical_temperate_polar","Coldhouse","Warmhouse",1,2,-0.528322659778008,NA,NA,NA
"per_cell_all_cells_OLS","all_cells_slope","Northern","collection10_k3_tropical_temperate_polar","Coldhouse","Hothouse",1,0,NA,NA,NA,NA
"per_cell_all_cells_OLS","all_cells_slope","Northern","collection10_k3_tropical_temperate_polar","Coolhouse","Transitional",1,1,-0.198945195080717,NA,NA,NA
"per_cell_all_cells_OLS","all_cells_slope","Northern","collection10_k3_tropical_temperate_polar","Coolhouse","Warmhouse",1,2,-0.00268509532928218,NA,NA,NA
"per_cell_all_cells_OLS","all_cells_slope","Northern","collection10_k3_tropical_temperate_polar","Coolhouse","Hothouse",1,0,NA,NA,NA,NA
"per_cell_all_cells_OLS","all_cells_slope","Northern","collection10_k3_tropical_temperate_polar","Transitional","Warmhouse",1,2,0.196260099751434,NA,NA,NA
"per_cell_all_cells_OLS","all_cells_slope","Northern","collection10_k3_tropical_temperate_polar","Transitional","Hothouse",1,0,NA,NA,NA,NA
"per_cell_all_cells_OLS","all_cells_slope","Northern","collection10_k3_tropical_temperate_polar","Warmhouse","Hothouse",2,0,NA,NA,NA,NA
"per_cell_all_cells_OLS","all_cells_slope","Southern","occurrence5_k1_tropical_temperate","Coldhouse","Transitional",11,10,-0.4887634400759,30,0.042242291810753,0.211211459053765
"per_cell_all_cells_OLS","all_cells_slope","Southern","occurrence5_k1_tropical_temperate","Coldhouse","Hothouse",11,13,-0.585810175203287,41,0.0410969164637686,0.211211459053765
"per_cell_all_cells_OLS","all_cells_slope","Southern","occurrence5_k1_tropical_temperate","Coldhouse","Warmhouse",11,11,-0.463178768666481,37,0.065484051899106,0.21828017299702
"per_cell_all_cells_OLS","all_cells_slope","Southern","occurrence5_k1_tropical_temperate","Coldhouse","Coolhouse",11,16,-0.323346141789664,60,0.0873865746355917,0.218466436588979
"per_cell_all_cells_OLS","all_cells_slope","Southern","occurrence5_k1_tropical_temperate","Transitional","Hothouse",10,13,-0.097046735127387,46,0.125624428042394,0.251248856084788
"per_cell_all_cells_OLS","all_cells_slope","Southern","occurrence5_k1_tropical_temperate","Coolhouse","Hothouse",16,13,-0.262464033413623,81,0.161897250311794,0.269828750519657
"per_cell_all_cells_OLS","all_cells_slope","Southern","occurrence5_k1_tropical_temperate","Warmhouse","Hothouse",11,13,-0.122631406536807,56,0.192410386761532,0.274871981087904
"per_cell_all_cells_OLS","all_cells_slope","Southern","occurrence5_k1_tropical_temperate","Coolhouse","Warmhouse",16,11,-0.139832626876816,74,0.252649276541401,0.315811595676751
"per_cell_all_cells_OLS","all_cells_slope","Southern","occurrence5_k1_tropical_temperate","Coolhouse","Transitional",16,10,-0.165417298286236,73,0.365957195083229,0.406619105648032
"per_cell_all_cells_OLS","all_cells_slope","Southern","occurrence5_k1_tropical_temperate","Transitional","Warmhouse",10,11,0.0255846714094196,58,0.597337914690876,0.597337914690876
"per_cell_all_cells_OLS","all_cells_slope","Southern","occurrence5_k1_tropical_temperate_polar","Coolhouse","Hothouse",13,9,-0.293656887357709,23,0.00971356280322835,0.0856444221646753
"per_cell_all_cells_OLS","all_cells_slope","Southern","occurrence5_k1_tropical_temperate_polar","Warmhouse","Hothouse",7,9,-0.133187831785848,11,0.0171288844329351,0.0856444221646753
"per_cell_all_cells_OLS","all_cells_slope","Southern","occurrence5_k1_tropical_temperate_polar","Coldhouse","Hothouse",4,9,-0.242592321706423,10,0.123579986605954,0.289821969828613
"per_cell_all_cells_OLS","all_cells_slope","Southern","occurrence5_k1_tropical_temperate_polar","Coolhouse","Transitional",13,7,-0.210081037444489,28,0.0889693371034155,0.289821969828613
"per_cell_all_cells_OLS","all_cells_slope","Southern","occurrence5_k1_tropical_temperate_polar","Transitional","Hothouse",7,9,-0.0835758499132209,21,0.144910984914307,0.289821969828613
"per_cell_all_cells_OLS","all_cells_slope","Southern","occurrence5_k1_tropical_temperate_polar","Coolhouse","Warmhouse",13,7,-0.160469055571862,37,0.26305898433086,0.438431640551433
"per_cell_all_cells_OLS","all_cells_slope","Southern","occurrence5_k1_tropical_temperate_polar","Coldhouse","Transitional",4,7,-0.159016471793202,12,0.388407002077741,0.554867145825344
"per_cell_all_cells_OLS","all_cells_slope","Southern","occurrence5_k1_tropical_temperate_polar","Coldhouse","Warmhouse",4,7,-0.109404489920575,15,0.611592997922259,0.764491247402824
"per_cell_all_cells_OLS","all_cells_slope","Southern","occurrence5_k1_tropical_temperate_polar","Coldhouse","Coolhouse",4,13,0.0510645656512869,33,0.802117156327222,0.84665746704791
"per_cell_all_cells_OLS","all_cells_slope","Southern","occurrence5_k1_tropical_temperate_polar","Transitional","Warmhouse",7,7,0.049611981872627,32,0.84665746704791,0.84665746704791
"per_cell_all_cells_OLS","all_cells_slope","Southern","occurrence5_k2_tropical_temperate","Coldhouse","Hothouse",6,8,-0.538795644472857,0,0.00120732445687942,0.0120732445687942
"per_cell_all_cells_OLS","all_cells_slope","Southern","occurrence5_k2_tropical_temperate","Transitional","Hothouse",4,8,-0.320438158342975,0,0.00423740094607692,0.0211870047303846
"per_cell_all_cells_OLS","all_cells_slope","Southern","occurrence5_k2_tropical_temperate","Coldhouse","Warmhouse",6,6,-0.363268675919695,6,0.0327760805827513,0.109253601942504
"per_cell_all_cells_OLS","all_cells_slope","Southern","occurrence5_k2_tropical_temperate","Coldhouse","Coolhouse",6,8,-0.221134391834592,12,0.0688191275540914,0.114698545923486
"per_cell_all_cells_OLS","all_cells_slope","Southern","occurrence5_k2_tropical_temperate","Coolhouse","Hothouse",8,8,-0.317661252638265,16,0.051780935588267,0.114698545923486
"per_cell_all_cells_OLS","all_cells_slope","Southern","occurrence5_k2_tropical_temperate","Warmhouse","Hothouse",6,8,-0.175526968553162,12,0.0688191275540914,0.114698545923486
"per_cell_all_cells_OLS","all_cells_slope","Southern","occurrence5_k2_tropical_temperate","Coldhouse","Transitional",6,4,-0.218357486129882,6,0.120477334350785,0.172110477643979
"per_cell_all_cells_OLS","all_cells_slope","Southern","occurrence5_k2_tropical_temperate","Coolhouse","Warmhouse",8,6,-0.142134284085104,19,0.280637918067289,0.350797397584111
"per_cell_all_cells_OLS","all_cells_slope","Southern","occurrence5_k2_tropical_temperate","Transitional","Warmhouse",4,6,-0.144911189789813,10,0.374559566500298,0.416177296111442
"per_cell_all_cells_OLS","all_cells_slope","Southern","occurrence5_k2_tropical_temperate","Coolhouse","Transitional",8,4,0.00277690570470923,20,0.777651884075146,0.777651884075146
"per_cell_all_cells_OLS","all_cells_slope","Southern","occurrence5_k2_tropical_temperate_polar","Coolhouse","Hothouse",4,6,-0.317661252638265,0,0.00710701943454103,0.0426421166072462
"per_cell_all_cells_OLS","all_cells_slope","Southern","occurrence5_k2_tropical_temperate_polar","Transitional","Hothouse",2,6,-0.347785964231745,0,0.0333765075848173,0.0699543585800103
"per_cell_all_cells_OLS","all_cells_slope","Southern","occurrence5_k2_tropical_temperate_polar","Warmhouse","Hothouse",4,6,-0.175526968553162,3,0.0349771792900052,0.0699543585800103
"per_cell_all_cells_OLS","all_cells_slope","Southern","occurrence5_k2_tropical_temperate_polar","Coolhouse","Warmhouse",4,4,-0.142134284085104,3,0.0969654261412053,0.145448139211808
"per_cell_all_cells_OLS","all_cells_slope","Southern","occurrence5_k2_tropical_temperate_polar","Transitional","Warmhouse",2,4,-0.172258995678583,3,0.408480660857696,0.490176793029235
"per_cell_all_cells_OLS","all_cells_slope","Southern","occurrence5_k2_tropical_temperate_polar","Coolhouse","Transitional",4,2,0.0301247115934795,4,0.591519339142304,0.591519339142304
"per_cell_all_cells_OLS","all_cells_slope","Southern","occurrence5_k2_tropical_temperate_polar","Coldhouse","Coolhouse",1,4,0.0412670752432962,NA,NA,NA
"per_cell_all_cells_OLS","all_cells_slope","Southern","occurrence5_k2_tropical_temperate_polar","Coldhouse","Transitional",1,2,0.0713917868367757,NA,NA,NA
"per_cell_all_cells_OLS","all_cells_slope","Southern","occurrence5_k2_tropical_temperate_polar","Coldhouse","Warmhouse",1,4,-0.100867208841808,NA,NA,NA
"per_cell_all_cells_OLS","all_cells_slope","Southern","occurrence5_k2_tropical_temperate_polar","Coldhouse","Hothouse",1,6,-0.276394177394969,NA,NA,NA
"per_cell_all_cells_OLS","all_cells_slope","Southern","occurrence5_k3_tropical_temperate","Transitional","Hothouse",4,4,-0.342280339705177,0,0.0151914109882887,0.151914109882887
"per_cell_all_cells_OLS","all_cells_slope","Southern","occurrence5_k3_tropical_temperate","Warmhouse","Hothouse",5,4,-0.201784366524461,2,0.0330962898610967,0.165481449305484
"per_cell_all_cells_OLS","all_cells_slope","Southern","occurrence5_k3_tropical_temperate","Coldhouse","Hothouse",2,4,-0.311188856445036,0,0.0525962525600207,0.175320841866736
"per_cell_all_cells_OLS","all_cells_slope","Southern","occurrence5_k3_tropical_temperate","Coolhouse","Hothouse",5,4,-0.362253422096323,4,0.0889547974934913,0.222386993733728
"per_cell_all_cells_OLS","all_cells_slope","Southern","occurrence5_k3_tropical_temperate","Coldhouse","Warmhouse",2,5,-0.109404489920575,4,0.423225298438295,0.705375497397159
"per_cell_all_cells_OLS","all_cells_slope","Southern","occurrence5_k3_tropical_temperate","Coolhouse","Warmhouse",5,5,-0.160469055571862,11,0.417265811355464,0.705375497397159
"per_cell_all_cells_OLS","all_cells_slope","Southern","occurrence5_k3_tropical_temperate","Coldhouse","Transitional",2,4,0.0310914832601407,4,0.591519339142304,0.73939917392788
"per_cell_all_cells_OLS","all_cells_slope","Southern","occurrence5_k3_tropical_temperate","Transitional","Warmhouse",4,5,-0.140495973180715,10,0.54873837491116,0.73939917392788
"per_cell_all_cells_OLS","all_cells_slope","Southern","occurrence5_k3_tropical_temperate","Coolhouse","Transitional",5,4,-0.0199730823911463,12,0.72985431269629,0.810949236329211
"per_cell_all_cells_OLS","all_cells_slope","Southern","occurrence5_k3_tropical_temperate","Coldhouse","Coolhouse",2,5,0.0510645656512869,7,0.833539195967217,0.833539195967217
"per_cell_all_cells_OLS","all_cells_slope","Southern","occurrence5_k3_tropical_temperate_polar","Coolhouse","Warmhouse",3,3,-0.169299488790057,0,0.0404277991850261,0.105192505120041
"per_cell_all_cells_OLS","all_cells_slope","Southern","occurrence5_k3_tropical_temperate_polar","Coolhouse","Hothouse",3,4,-0.362253422096323,0,0.0259149636089548,0.105192505120041
"per_cell_all_cells_OLS","all_cells_slope","Southern","occurrence5_k3_tropical_temperate_polar","Transitional","Hothouse",2,4,-0.369628145593947,0,0.0525962525600207,0.105192505120041
"per_cell_all_cells_OLS","all_cells_slope","Southern","occurrence5_k3_tropical_temperate_polar","Warmhouse","Hothouse",3,4,-0.192953933306266,2,0.10796246947007,0.161943704205105
"per_cell_all_cells_OLS","all_cells_slope","Southern","occurrence5_k3_tropical_temperate_polar","Transitional","Warmhouse",2,3,-0.176674212287681,2,0.386414996342224,0.463697995610668
"per_cell_all_cells_OLS","all_cells_slope","Southern","occurrence5_k3_tropical_temperate_polar","Coolhouse","Transitional",3,2,0.00737472349762397,3,0.613585003657776,0.613585003657776
"per_cell_all_cells_OLS","all_cells_slope","Southern","occurrence5_k3_tropical_temperate_polar","Coldhouse","Coolhouse",1,3,0.0640170633391517,NA,NA,NA
"per_cell_all_cells_OLS","all_cells_slope","Southern","occurrence5_k3_tropical_temperate_polar","Coldhouse","Transitional",1,2,0.0713917868367757,NA,NA,NA
"per_cell_all_cells_OLS","all_cells_slope","Southern","occurrence5_k3_tropical_temperate_polar","Coldhouse","Warmhouse",1,3,-0.105282425450905,NA,NA,NA
"per_cell_all_cells_OLS","all_cells_slope","Southern","occurrence5_k3_tropical_temperate_polar","Coldhouse","Hothouse",1,4,-0.298236358757171,NA,NA,NA
"per_cell_all_cells_OLS","all_cells_slope","Southern","occurrence10_k1_tropical_temperate","Coldhouse","Hothouse",10,12,-0.559637201455083,24,0.00962121846985397,0.0481060923492699
"per_cell_all_cells_OLS","all_cells_slope","Southern","occurrence10_k1_tropical_temperate","Warmhouse","Hothouse",10,12,-0.19640677567319,24,0.00962121846985397,0.0481060923492699
"per_cell_all_cells_OLS","all_cells_slope","Southern","occurrence10_k1_tropical_temperate","Transitional","Hothouse",9,12,-0.411493425855546,25,0.0214128046154457,0.071376015384819
"per_cell_all_cells_OLS","all_cells_slope","Southern","occurrence10_k1_tropical_temperate","Coldhouse","Coolhouse",10,16,-0.289662036134408,52,0.0736161276818328,0.161972410480126
"per_cell_all_cells_OLS","all_cells_slope","Southern","occurrence10_k1_tropical_temperate","Coldhouse","Warmhouse",10,10,-0.363230425781893,31,0.080986205240063,0.161972410480126
"per_cell_all_cells_OLS","all_cells_slope","Southern","occurrence10_k1_tropical_temperate","Coolhouse","Hothouse",16,12,-0.269975165320675,68,0.100861958082061,0.168103263470102
"per_cell_all_cells_OLS","all_cells_slope","Southern","occurrence10_k1_tropical_temperate","Coldhouse","Transitional",10,9,-0.148143775599537,31,0.13517207032739,0.193102957610557
"per_cell_all_cells_OLS","all_cells_slope","Southern","occurrence10_k1_tropical_temperate","Coolhouse","Warmhouse",16,10,-0.0735683896474851,73,0.365957195083229,0.430584096483379
"per_cell_all_cells_OLS","all_cells_slope","Southern","occurrence10_k1_tropical_temperate","Transitional","Warmhouse",9,10,-0.215086650182356,41,0.387525686835041,0.430584096483379
"per_cell_all_cells_OLS","all_cells_slope","Southern","occurrence10_k1_tropical_temperate","Coolhouse","Transitional",16,9,0.141518260534871,82,0.723892888982925,0.723892888982925
"per_cell_all_cells_OLS","all_cells_slope","Southern","occurrence10_k1_tropical_temperate_polar","Warmhouse","Hothouse",6,8,-0.199264672780567,2,0.00275467509673836,0.0275467509673836
"per_cell_all_cells_OLS","all_cells_slope","Southern","occurrence10_k1_tropical_temperate_polar","Coolhouse","Hothouse",12,8,-0.402891001380706,20,0.0169326851664126,0.0846634258320629
"per_cell_all_cells_OLS","all_cells_slope","Southern","occurrence10_k1_tropical_temperate_polar","Coldhouse","Hothouse",4,8,-0.324879393352261,5,0.0372657855273097,0.124219285091032
"per_cell_all_cells_OLS","all_cells_slope","Southern","occurrence10_k1_tropical_temperate_polar","Transitional","Hothouse",6,8,-0.218673317728538,12,0.0688191275540914,0.172047818885229
"per_cell_all_cells_OLS","all_cells_slope","Southern","occurrence10_k1_tropical_temperate_polar","Coolhouse","Transitional",12,6,-0.184217683652168,29,0.271334878268536,0.542669756537071
"per_cell_all_cells_OLS","all_cells_slope","Southern","occurrence10_k1_tropical_temperate_polar","Coolhouse","Warmhouse",12,6,-0.203626328600139,31,0.336708287316883,0.561180478861472
"per_cell_all_cells_OLS","all_cells_slope","Southern","occurrence10_k1_tropical_temperate_polar","Coldhouse","Transitional",4,6,-0.106206075623723,11,0.457553017210253,0.653647167443218
"per_cell_all_cells_OLS","all_cells_slope","Southern","occurrence10_k1_tropical_temperate_polar","Coldhouse","Warmhouse",4,6,-0.125614720571694,12,0.542446982789747,0.678058728487184
"per_cell_all_cells_OLS","all_cells_slope","Southern","occurrence10_k1_tropical_temperate_polar","Coldhouse","Coolhouse",4,12,0.0780116080284449,30,0.784722060482004,0.784722060482004
"per_cell_all_cells_OLS","all_cells_slope","Southern","occurrence10_k1_tropical_temperate_polar","Transitional","Warmhouse",6,6,-0.0194086449479706,22,0.764415000754972,0.784722060482004
"per_cell_all_cells_OLS","all_cells_slope","Southern","occurrence10_k2_tropical_temperate","Coldhouse","Hothouse",6,6,-0.553361275737725,0,0.00253743404897013,0.0253743404897013
"per_cell_all_cells_OLS","all_cells_slope","Southern","occurrence10_k2_tropical_temperate","Coldhouse","Warmhouse",6,6,-0.400832781662406,3,0.0101202852885387,0.0337342842951291
"per_cell_all_cells_OLS","all_cells_slope","Southern","occurrence10_k2_tropical_temperate","Transitional","Hothouse",4,6,-0.426519655215514,0,0.00710701943454103,0.0337342842951291
"per_cell_all_cells_OLS","all_cells_slope","Southern","occurrence10_k2_tropical_temperate","Coldhouse","Coolhouse",6,7,-0.413109428185748,6,0.0191593815747068,0.047898453936767
"per_cell_all_cells_OLS","all_cells_slope","Southern","occurrence10_k2_tropical_temperate","Warmhouse","Hothouse",6,6,-0.152528494075319,6,0.0327760805827513,0.0655521611655026
"per_cell_all_cells_OLS","all_cells_slope","Southern","occurrence10_k2_tropical_temperate","Transitional","Warmhouse",4,6,-0.273991161140196,4,0.0549097044076186,0.0915161740126977
"per_cell_all_cells_OLS","all_cells_slope","Southern","occurrence10_k2_tropical_temperate","Coldhouse","Transitional",6,4,-0.126841620522211,9,0.297016170299521,0.385671923407484
"per_cell_all_cells_OLS","all_cells_slope","Southern","occurrence10_k2_tropical_temperate","Coolhouse","Hothouse",7,6,-0.140251847551977,17,0.308537538725987,0.385671923407484
"per_cell_all_cells_OLS","all_cells_slope","Southern","occurrence10_k2_tropical_temperate","Coolhouse","Warmhouse",7,6,0.0122766465233414,21,0.528471664516479,0.587190738351643
"per_cell_all_cells_OLS","all_cells_slope","Southern","occurrence10_k2_tropical_temperate","Coolhouse","Transitional",7,4,0.286267807663537,24,0.976389547998211,0.976389547998211
"per_cell_all_cells_OLS","all_cells_slope","Southern","occurrence10_k2_tropical_temperate_polar","Coolhouse","Hothouse",3,5,-0.469736205404371,0,0.0184442128535249,0.0553326385605748
"per_cell_all_cells_OLS","all_cells_slope","Southern","occurrence10_k2_tropical_temperate_polar","Warmhouse","Hothouse",3,5,-0.222539560386623,0,0.0184442128535249,0.0553326385605748
"per_cell_all_cells_OLS","all_cells_slope","Southern","occurrence10_k2_tropical_temperate_polar","Coolhouse","Warmhouse",3,3,-0.247196645017748,0,0.0404277991850261,0.0610208469255566
"per_cell_all_cells_OLS","all_cells_slope","Southern","occurrence10_k2_tropical_temperate_polar","Transitional","Hothouse",2,5,-0.396697241111946,0,0.0406805646170377,0.0610208469255566
"per_cell_all_cells_OLS","all_cells_slope","Southern","occurrence10_k2_tropical_temperate_polar","Transitional","Warmhouse",2,3,-0.174157680725323,0,0.0744573365893828,0.0893488039072594
"per_cell_all_cells_OLS","all_cells_slope","Southern","occurrence10_k2_tropical_temperate_polar","Coolhouse","Transitional",3,2,-0.073038964292425,4,0.806761884614384,0.806761884614384
"per_cell_all_cells_OLS","all_cells_slope","Southern","occurrence10_k2_tropical_temperate_polar","Coldhouse","Coolhouse",1,3,0.116650048043543,NA,NA,NA
"per_cell_all_cells_OLS","all_cells_slope","Southern","occurrence10_k2_tropical_temperate_polar","Coldhouse","Transitional",1,2,0.043611083751118,NA,NA,NA
"per_cell_all_cells_OLS","all_cells_slope","Southern","occurrence10_k2_tropical_temperate_polar","Coldhouse","Warmhouse",1,3,-0.130546596974205,NA,NA,NA
"per_cell_all_cells_OLS","all_cells_slope","Southern","occurrence10_k2_tropical_temperate_polar","Coldhouse","Hothouse",1,5,-0.353086157360828,NA,NA,NA
"per_cell_all_cells_OLS","all_cells_slope","Southern","occurrence10_k3_tropical_temperate","Transitional","Hothouse",4,4,-0.519395844092559,0,0.0151914109882887,0.0455742329648662
"per_cell_all_cells_OLS","all_cells_slope","Southern","occurrence10_k3_tropical_temperate","Warmhouse","Hothouse",5,4,-0.270855976459534,0,0.00998222665260803,0.0455742329648662
"per_cell_all_cells_OLS","all_cells_slope","Southern","occurrence10_k3_tropical_temperate","Transitional","Warmhouse",4,5,-0.248539867633025,4,0.0889547974934913,0.177909594986983
"per_cell_all_cells_OLS","all_cells_slope","Southern","occurrence10_k3_tropical_temperate","Coolhouse","Hothouse",3,4,-0.233128036429022,4,0.297941545282589,0.446912317923883
"per_cell_all_cells_OLS","all_cells_slope","Southern","occurrence10_k3_tropical_temperate","Coolhouse","Warmhouse",3,5,0.0377279400305124,9,0.724507506207453,0.869409007448944
"per_cell_all_cells_OLS","all_cells_slope","Southern","occurrence10_k3_tropical_temperate","Coolhouse","Transitional",3,4,0.286267807663537,12,0.989221866619992,0.989221866619992
"per_cell_all_cells_OLS","all_cells_slope","Southern","occurrence10_k3_tropical_temperate","Coldhouse","Coolhouse",0,3,NA,NA,NA,NA
"per_cell_all_cells_OLS","all_cells_slope","Southern","occurrence10_k3_tropical_temperate","Coldhouse","Transitional",0,4,NA,NA,NA,NA
"per_cell_all_cells_OLS","all_cells_slope","Southern","occurrence10_k3_tropical_temperate","Coldhouse","Warmhouse",0,5,NA,NA,NA,NA
"per_cell_all_cells_OLS","all_cells_slope","Southern","occurrence10_k3_tropical_temperate","Coldhouse","Hothouse",0,4,NA,NA,NA,NA
"per_cell_all_cells_OLS","all_cells_slope","Southern","occurrence10_k3_tropical_temperate_polar","Transitional","Warmhouse",2,3,-0.174157680725323,0,0.0744573365893828,0.0744573365893828
"per_cell_all_cells_OLS","all_cells_slope","Southern","occurrence10_k3_tropical_temperate_polar","Transitional","Hothouse",2,3,-0.307577695503679,0,0.0744573365893828,0.0744573365893828
"per_cell_all_cells_OLS","all_cells_slope","Southern","occurrence10_k3_tropical_temperate_polar","Warmhouse","Hothouse",3,3,-0.133420014778356,0,0.0404277991850261,0.0744573365893828
"per_cell_all_cells_OLS","all_cells_slope","Southern","occurrence10_k3_tropical_temperate_polar","Coldhouse","Coolhouse",0,1,NA,NA,NA,NA
"per_cell_all_cells_OLS","all_cells_slope","Southern","occurrence10_k3_tropical_temperate_polar","Coldhouse","Transitional",0,2,NA,NA,NA,NA
"per_cell_all_cells_OLS","all_cells_slope","Southern","occurrence10_k3_tropical_temperate_polar","Coldhouse","Warmhouse",0,3,NA,NA,NA,NA
"per_cell_all_cells_OLS","all_cells_slope","Southern","occurrence10_k3_tropical_temperate_polar","Coldhouse","Hothouse",0,3,NA,NA,NA,NA
"per_cell_all_cells_OLS","all_cells_slope","Southern","occurrence10_k3_tropical_temperate_polar","Coolhouse","Transitional",1,2,0.127676801893849,NA,NA,NA
"per_cell_all_cells_OLS","all_cells_slope","Southern","occurrence10_k3_tropical_temperate_polar","Coolhouse","Warmhouse",1,3,-0.0464808788314739,NA,NA,NA
"per_cell_all_cells_OLS","all_cells_slope","Southern","occurrence10_k3_tropical_temperate_polar","Coolhouse","Hothouse",1,3,-0.17990089360983,NA,NA,NA
"per_cell_all_cells_OLS","all_cells_slope","Southern","collection5_k1_tropical_temperate","Coldhouse","Hothouse",10,10,-0.468443541094313,16,0.00566484834223733,0.0566484834223733
"per_cell_all_cells_OLS","all_cells_slope","Southern","collection5_k1_tropical_temperate","Transitional","Hothouse",8,10,-0.321561967153233,20,0.0415815744681554,0.138605248227185
"per_cell_all_cells_OLS","all_cells_slope","Southern","collection5_k1_tropical_temperate","Warmhouse","Hothouse",8,10,-0.35354536244511,20,0.0415815744681554,0.138605248227185
"per_cell_all_cells_OLS","all_cells_slope","Southern","collection5_k1_tropical_temperate","Coldhouse","Warmhouse",10,8,-0.114898178649203,22,0.059983061452921,0.149957653632303
"per_cell_all_cells_OLS","all_cells_slope","Southern","collection5_k1_tropical_temperate","Coldhouse","Transitional",10,8,-0.14688157394108,26,0.115165533796184,0.214292899390705
"per_cell_all_cells_OLS","all_cells_slope","Southern","collection5_k1_tropical_temperate","Coolhouse","Hothouse",16,10,-0.397954363857865,58,0.128575739634423,0.214292899390705
"per_cell_all_cells_OLS","all_cells_slope","Southern","collection5_k1_tropical_temperate","Coldhouse","Coolhouse",10,16,-0.0704891772364484,61,0.164771297719288,0.235387568170411
"per_cell_all_cells_OLS","all_cells_slope","Southern","collection5_k1_tropical_temperate","Coolhouse","Warmhouse",16,8,-0.0444090014127542,59,0.391440100444893,0.489300125556116
"per_cell_all_cells_OLS","all_cells_slope","Southern","collection5_k1_tropical_temperate","Coolhouse","Transitional",16,8,-0.0763923967046311,66,0.560837574949483,0.562587011525378
"per_cell_all_cells_OLS","all_cells_slope","Southern","collection5_k1_tropical_temperate","Transitional","Warmhouse",8,8,0.0319833952918769,33,0.562587011525378,0.562587011525378
"per_cell_all_cells_OLS","all_cells_slope","Southern","collection5_k1_tropical_temperate_polar","Coolhouse","Hothouse",10,7,-0.518674174452936,5,0.00199529125805764,0.0199529125805764
"per_cell_all_cells_OLS","all_cells_slope","Southern","collection5_k1_tropical_temperate_polar","Transitional","Hothouse",5,7,-0.40668021230991,3,0.0114951970462325,0.0574759852311623
"per_cell_all_cells_OLS","all_cells_slope","Southern","collection5_k1_tropical_temperate_polar","Warmhouse","Hothouse",4,7,-0.309204493153121,3,0.0236104520017886,0.0787015066726286
"per_cell_all_cells_OLS","all_cells_slope","Southern","collection5_k1_tropical_temperate_polar","Coldhouse","Hothouse",4,7,-0.34681610183052,5,0.0540986237618508,0.135246559404627
"per_cell_all_cells_OLS","all_cells_slope","Southern","collection5_k1_tropical_temperate_polar","Coolhouse","Warmhouse",10,4,-0.209469681299815,10,0.089554596363361,0.179109192726722
"per_cell_all_cells_OLS","all_cells_slope","Southern","collection5_k1_tropical_temperate_polar","Coolhouse","Transitional",10,5,-0.111993962143026,18,0.212991558272459,0.354985930454099
"per_cell_all_cells_OLS","all_cells_slope","Southern","collection5_k1_tropical_temperate_polar","Coldhouse","Warmhouse",4,4,-0.0376116086773989,8,0.557383042763399,0.696728803454249
"per_cell_all_cells_OLS","all_cells_slope","Southern","collection5_k1_tropical_temperate_polar","Transitional","Warmhouse",5,4,-0.097475719156789,10,0.54873837491116,0.696728803454249
"per_cell_all_cells_OLS","all_cells_slope","Southern","collection5_k1_tropical_temperate_polar","Coldhouse","Transitional",4,5,0.0598641104793902,13,0.80436636035868,0.893740400398534
"per_cell_all_cells_OLS","all_cells_slope","Southern","collection5_k1_tropical_temperate_polar","Coldhouse","Coolhouse",4,10,0.171858072622416,34,0.97984751281873,0.97984751281873
"per_cell_all_cells_OLS","all_cells_slope","Southern","collection5_k2_tropical_temperate","Coldhouse","Hothouse",5,7,-0.470728253520621,0,0.00288306045711863,0.0288306045711863
"per_cell_all_cells_OLS","all_cells_slope","Southern","collection5_k2_tropical_temperate","Coldhouse","Warmhouse",5,6,-0.126264293576342,5,0.0414187125794032,0.125515617482629
"per_cell_all_cells_OLS","all_cells_slope","Southern","collection5_k2_tropical_temperate","Coolhouse","Hothouse",5,7,-0.41606732321303,6,0.0370176239274483,0.125515617482629
"per_cell_all_cells_OLS","all_cells_slope","Southern","collection5_k2_tropical_temperate","Warmhouse","Hothouse",6,7,-0.344463959944279,9,0.0502062469930514,0.125515617482629
"per_cell_all_cells_OLS","all_cells_slope","Southern","collection5_k2_tropical_temperate","Transitional","Hothouse",4,7,-0.42635985178932,7,0.109651324839659,0.219302649679319
"per_cell_all_cells_OLS","all_cells_slope","Southern","collection5_k2_tropical_temperate","Coolhouse","Warmhouse",5,6,-0.0716033632687507,9,0.157651226040873,0.262752043401455
"per_cell_all_cells_OLS","all_cells_slope","Southern","collection5_k2_tropical_temperate","Coldhouse","Transitional",5,4,-0.0443684017313006,6,0.19563363964132,0.279476628059028
"per_cell_all_cells_OLS","all_cells_slope","Southern","collection5_k2_tropical_temperate","Coldhouse","Coolhouse",5,5,-0.054660930307591,10,0.338051657011573,0.416177296111442
"per_cell_all_cells_OLS","all_cells_slope","Southern","collection5_k2_tropical_temperate","Transitional","Warmhouse",4,6,-0.0818958918450411,10,0.374559566500298,0.416177296111442
"per_cell_all_cells_OLS","all_cells_slope","Southern","collection5_k2_tropical_temperate","Coolhouse","Transitional",5,4,0.0102925285762904,11,0.643348413060771,0.643348413060771
"per_cell_all_cells_OLS","all_cells_slope","Southern","collection5_k2_tropical_temperate_polar","Coolhouse","Warmhouse",3,3,-0.181543713124732,0,0.0404277991850261,0.0813611292340755
"per_cell_all_cells_OLS","all_cells_slope","Southern","collection5_k2_tropical_temperate_polar","Coolhouse","Hothouse",3,5,-0.467407681864394,0,0.0184442128535249,0.0813611292340755
"per_cell_all_cells_OLS","all_cells_slope","Southern","collection5_k2_tropical_temperate_polar","Transitional","Hothouse",2,5,-0.404810592406938,0,0.0406805646170377,0.0813611292340755
"per_cell_all_cells_OLS","all_cells_slope","Southern","collection5_k2_tropical_temperate_polar","Warmhouse","Hothouse",3,5,-0.285863968739662,2,0.0680185640570718,0.102027846085608
"per_cell_all_cells_OLS","all_cells_slope","Southern","collection5_k2_tropical_temperate_polar","Transitional","Warmhouse",2,3,-0.118946623667276,2,0.386414996342224,0.463697995610668
"per_cell_all_cells_OLS","all_cells_slope","Southern","collection5_k2_tropical_temperate_polar","Coolhouse","Transitional",3,2,-0.0625970894574566,3,0.613585003657776,0.613585003657776
"per_cell_all_cells_OLS","all_cells_slope","Southern","collection5_k2_tropical_temperate_polar","Coldhouse","Coolhouse",1,3,0.123286356771356,NA,NA,NA
"per_cell_all_cells_OLS","all_cells_slope","Southern","collection5_k2_tropical_temperate_polar","Coldhouse","Transitional",1,2,0.060689267313899,NA,NA,NA
"per_cell_all_cells_OLS","all_cells_slope","Southern","collection5_k2_tropical_temperate_polar","Coldhouse","Warmhouse",1,3,-0.0582573563533767,NA,NA,NA
"per_cell_all_cells_OLS","all_cells_slope","Southern","collection5_k2_tropical_temperate_polar","Coldhouse","Hothouse",1,5,-0.344121325093039,NA,NA,NA
"per_cell_all_cells_OLS","all_cells_slope","Southern","collection5_k3_tropical_temperate","Transitional","Hothouse",3,3,-0.502629684912577,0,0.0404277991850261,0.242566795110157
"per_cell_all_cells_OLS","all_cells_slope","Southern","collection5_k3_tropical_temperate","Warmhouse","Hothouse",4,3,-0.273040009876615,2,0.10796246947007,0.32388740841021
"per_cell_all_cells_OLS","all_cells_slope","Southern","collection5_k3_tropical_temperate","Coolhouse","Hothouse",4,3,-0.299033566150372,3,0.188379558905791,0.376759117811582
"per_cell_all_cells_OLS","all_cells_slope","Southern","collection5_k3_tropical_temperate","Transitional","Warmhouse",3,4,-0.229589675035962,4,0.297941545282589,0.446912317923883
"per_cell_all_cells_OLS","all_cells_slope","Southern","collection5_k3_tropical_temperate","Coolhouse","Warmhouse",4,4,-0.0259935562737567,7,0.442616957236601,0.531140348683921
"per_cell_all_cells_OLS","all_cells_slope","Southern","collection5_k3_tropical_temperate","Coolhouse","Transitional",4,3,0.203596118762205,9,0.89203753052993,0.89203753052993
"per_cell_all_cells_OLS","all_cells_slope","Southern","collection5_k3_tropical_temperate","Coldhouse","Coolhouse",1,4,0.00815762774160188,NA,NA,NA
"per_cell_all_cells_OLS","all_cells_slope","Southern","collection5_k3_tropical_temperate","Coldhouse","Transitional",1,3,0.211753746503807,NA,NA,NA
"per_cell_all_cells_OLS","all_cells_slope","Southern","collection5_k3_tropical_temperate","Coldhouse","Warmhouse",1,4,-0.0178359285321548,NA,NA,NA
"per_cell_all_cells_OLS","all_cells_slope","Southern","collection5_k3_tropical_temperate","Coldhouse","Hothouse",1,3,-0.29087593840877,NA,NA,NA
"per_cell_all_cells_OLS","all_cells_slope","Southern","collection5_k3_tropical_temperate_polar","Coolhouse","Hothouse",2,3,-0.359167486852281,0,0.0744573365893828,0.223372009768148
"per_cell_all_cells_OLS","all_cells_slope","Southern","collection5_k3_tropical_temperate_polar","Transitional","Hothouse",2,3,-0.317015102368688,0,0.0744573365893828,0.223372009768148
"per_cell_all_cells_OLS","all_cells_slope","Southern","collection5_k3_tropical_temperate_polar","Coolhouse","Warmhouse",2,2,-0.247174896720155,0,0.122639058403386,0.245278116806773
"per_cell_all_cells_OLS","all_cells_slope","Southern","collection5_k3_tropical_temperate_polar","Transitional","Warmhouse",2,2,-0.205022512236562,1,0.349267679151669,0.463697995610668
"per_cell_all_cells_OLS","all_cells_slope","Southern","collection5_k3_tropical_temperate_polar","Warmhouse","Hothouse",2,3,-0.111992590132126,2,0.386414996342224,0.463697995610668
"per_cell_all_cells_OLS","all_cells_slope","Southern","collection5_k3_tropical_temperate_polar","Coolhouse","Transitional",2,2,-0.0421523844835929,2,0.650732320848331,0.650732320848331
"per_cell_all_cells_OLS","all_cells_slope","Southern","collection5_k3_tropical_temperate_polar","Coldhouse","Coolhouse",0,2,NA,NA,NA,NA
"per_cell_all_cells_OLS","all_cells_slope","Southern","collection5_k3_tropical_temperate_polar","Coldhouse","Transitional",0,2,NA,NA,NA,NA
"per_cell_all_cells_OLS","all_cells_slope","Southern","collection5_k3_tropical_temperate_polar","Coldhouse","Warmhouse",0,2,NA,NA,NA,NA
"per_cell_all_cells_OLS","all_cells_slope","Southern","collection5_k3_tropical_temperate_polar","Coldhouse","Hothouse",0,3,NA,NA,NA,NA
"per_cell_all_cells_OLS","all_cells_slope","Southern","collection10_k1_tropical_temperate","Warmhouse","Hothouse",6,8,-0.507298602302812,1,0.00183780605887062,0.0183780605887062
"per_cell_all_cells_OLS","all_cells_slope","Southern","collection10_k1_tropical_temperate","Coldhouse","Hothouse",6,8,-0.527212235603728,4,0.00591056891831115,0.0295528445915558
"per_cell_all_cells_OLS","all_cells_slope","Southern","collection10_k1_tropical_temperate","Coolhouse","Hothouse",13,8,-0.64906644787329,22,0.0163229994666193,0.0544099982220644
"per_cell_all_cells_OLS","all_cells_slope","Southern","collection10_k1_tropical_temperate","Transitional","Hothouse",7,8,-0.366448378435293,11,0.0280985559593969,0.0702463898984924
"per_cell_all_cells_OLS","all_cells_slope","Southern","collection10_k1_tropical_temperate","Coldhouse","Coolhouse",6,13,0.121854212269562,35,0.379432986769008,0.47429123346126
"per_cell_all_cells_OLS","all_cells_slope","Southern","collection10_k1_tropical_temperate","Coldhouse","Transitional",6,7,-0.160763857168435,17,0.308537538725987,0.47429123346126
"per_cell_all_cells_OLS","all_cells_slope","Southern","collection10_k1_tropical_temperate","Coolhouse","Transitional",13,7,-0.282618069437997,41,0.375632598430888,0.47429123346126
"per_cell_all_cells_OLS","all_cells_slope","Southern","collection10_k1_tropical_temperate","Coolhouse","Warmhouse",13,6,-0.141767845570478,35,0.379432986769008,0.47429123346126
"per_cell_all_cells_OLS","all_cells_slope","Southern","collection10_k1_tropical_temperate","Coldhouse","Warmhouse",6,6,-0.019913633300916,17,0.46809314673653,0.520103496373922
"per_cell_all_cells_OLS","all_cells_slope","Southern","collection10_k1_tropical_temperate","Transitional","Warmhouse",7,6,0.140850223867519,23,0.639507569049165,0.639507569049165
"per_cell_all_cells_OLS","all_cells_slope","Southern","collection10_k1_tropical_temperate_polar","Coolhouse","Hothouse",8,5,-0.78196598550696,0,0.00215517924976753,0.0215517924976753
"per_cell_all_cells_OLS","all_cells_slope","Southern","collection10_k1_tropical_temperate_polar","Coolhouse","Warmhouse",8,4,-0.472939475251826,5,0.0372657855273097,0.0931644638182743
"per_cell_all_cells_OLS","all_cells_slope","Southern","collection10_k1_tropical_temperate_polar","Transitional","Hothouse",3,5,-0.633658361012198,1,0.0368191350601513,0.0931644638182743
"per_cell_all_cells_OLS","all_cells_slope","Southern","collection10_k1_tropical_temperate_polar","Warmhouse","Hothouse",4,5,-0.309026510255134,1,0.0186682079603315,0.0931644638182743
"per_cell_all_cells_OLS","all_cells_slope","Southern","collection10_k1_tropical_temperate_polar","Coldhouse","Hothouse",4,5,-0.332642591444786,3,0.0556734432665702,0.11134688653314
"per_cell_all_cells_OLS","all_cells_slope","Southern","collection10_k1_tropical_temperate_polar","Coolhouse","Transitional",8,3,-0.148307624494762,7,0.17916323337444,0.2986053889574
"per_cell_all_cells_OLS","all_cells_slope","Southern","collection10_k1_tropical_temperate_polar","Transitional","Warmhouse",3,4,-0.324631850757064,5,0.429841897599333,0.614059853713333
"per_cell_all_cells_OLS","all_cells_slope","Southern","collection10_k1_tropical_temperate_polar","Coldhouse","Warmhouse",4,4,-0.023616081189652,9,0.667497228948985,0.834371536186232
"per_cell_all_cells_OLS","all_cells_slope","Southern","collection10_k1_tropical_temperate_polar","Coldhouse","Coolhouse",4,8,0.449323394062174,29,0.989071995450843,0.989071995450843
"per_cell_all_cells_OLS","all_cells_slope","Southern","collection10_k1_tropical_temperate_polar","Coldhouse","Transitional",4,3,0.301015769567412,9,0.89203753052993,0.989071995450843
"per_cell_all_cells_OLS","all_cells_slope","Southern","collection10_k2_tropical_temperate","Warmhouse","Hothouse",5,4,-0.446266726339109,0,0.00998222665260803,0.0598933599156482
"per_cell_all_cells_OLS","all_cells_slope","Southern","collection10_k2_tropical_temperate","Coolhouse","Hothouse",3,4,-0.387444786066824,0,0.0259149636089548,0.0777448908268645
"per_cell_all_cells_OLS","all_cells_slope","Southern","collection10_k2_tropical_temperate","Transitional","Hothouse",4,4,-0.569788497821664,4,0.156160710838108,0.312321421676216
"per_cell_all_cells_OLS","all_cells_slope","Southern","collection10_k2_tropical_temperate","Coolhouse","Transitional",3,4,0.182343711754839,6,0.570158102400667,0.6841897228808
"per_cell_all_cells_OLS","all_cells_slope","Southern","collection10_k2_tropical_temperate","Transitional","Warmhouse",4,5,-0.123521771482555,10,0.54873837491116,0.6841897228808
"per_cell_all_cells_OLS","all_cells_slope","Southern","collection10_k2_tropical_temperate","Coolhouse","Warmhouse",3,5,0.0588219402722846,9,0.724507506207453,0.724507506207453
"per_cell_all_cells_OLS","all_cells_slope","Southern","collection10_k2_tropical_temperate","Coldhouse","Coolhouse",1,3,-0.961030726335382,NA,NA,NA
"per_cell_all_cells_OLS","all_cells_slope","Southern","collection10_k2_tropical_temperate","Coldhouse","Transitional",1,4,-0.778687014580543,NA,NA,NA
"per_cell_all_cells_OLS","all_cells_slope","Southern","collection10_k2_tropical_temperate","Coldhouse","Warmhouse",1,5,-0.902208786063097,NA,NA,NA
"per_cell_all_cells_OLS","all_cells_slope","Southern","collection10_k2_tropical_temperate","Coldhouse","Hothouse",1,4,-1.34847551240221,NA,NA,NA
"per_cell_all_cells_OLS","all_cells_slope","Southern","collection10_k2_tropical_temperate_polar","Coolhouse","Hothouse",2,3,-0.392633602947862,0,0.0744573365893828,0.111686004884074
"per_cell_all_cells_OLS","all_cells_slope","Southern","collection10_k2_tropical_temperate_polar","Warmhouse","Hothouse",3,3,-0.297408308193354,0,0.0404277991850261,0.111686004884074
"per_cell_all_cells_OLS","all_cells_slope","Southern","collection10_k2_tropical_temperate_polar","Coolhouse","Warmhouse",2,3,-0.0952252947545082,2,0.386414996342224,0.386414996342224
"per_cell_all_cells_OLS","all_cells_slope","Southern","collection10_k2_tropical_temperate_polar","Coldhouse","Coolhouse",0,2,NA,NA,NA,NA
"per_cell_all_cells_OLS","all_cells_slope","Southern","collection10_k2_tropical_temperate_polar","Coldhouse","Transitional",0,1,NA,NA,NA,NA
"per_cell_all_cells_OLS","all_cells_slope","Southern","collection10_k2_tropical_temperate_polar","Coldhouse","Warmhouse",0,3,NA,NA,NA,NA
"per_cell_all_cells_OLS","all_cells_slope","Southern","collection10_k2_tropical_temperate_polar","Coldhouse","Hothouse",0,3,NA,NA,NA,NA
"per_cell_all_cells_OLS","all_cells_slope","Southern","collection10_k2_tropical_temperate_polar","Coolhouse","Transitional",2,1,0.397787720218462,NA,NA,NA
"per_cell_all_cells_OLS","all_cells_slope","Southern","collection10_k2_tropical_temperate_polar","Transitional","Warmhouse",1,3,-0.493013014972971,NA,NA,NA
"per_cell_all_cells_OLS","all_cells_slope","Southern","collection10_k2_tropical_temperate_polar","Transitional","Hothouse",1,3,-0.790421323166325,NA,NA,NA
"per_cell_all_cells_OLS","all_cells_slope","Southern","collection10_k3_tropical_temperate","Transitional","Hothouse",3,2,-0.748992144765862,0,0.0744573365893828,0.18395858760508
"per_cell_all_cells_OLS","all_cells_slope","Southern","collection10_k3_tropical_temperate","Warmhouse","Hothouse",2,2,-0.289932989214474,0,0.122639058403386,0.18395858760508
"per_cell_all_cells_OLS","all_cells_slope","Southern","collection10_k3_tropical_temperate","Transitional","Warmhouse",3,2,-0.459059155551388,2,0.386414996342224,0.386414996342224
"per_cell_all_cells_OLS","all_cells_slope","Southern","collection10_k3_tropical_temperate","Coldhouse","Coolhouse",0,1,NA,NA,NA,NA
"per_cell_all_cells_OLS","all_cells_slope","Southern","collection10_k3_tropical_temperate","Coldhouse","Transitional",0,3,NA,NA,NA,NA
"per_cell_all_cells_OLS","all_cells_slope","Southern","collection10_k3_tropical_temperate","Coldhouse","Warmhouse",0,2,NA,NA,NA,NA
"per_cell_all_cells_OLS","all_cells_slope","Southern","collection10_k3_tropical_temperate","Coldhouse","Hothouse",0,2,NA,NA,NA,NA
"per_cell_all_cells_OLS","all_cells_slope","Southern","collection10_k3_tropical_temperate","Coolhouse","Transitional",1,3,0.528598551121695,NA,NA,NA
"per_cell_all_cells_OLS","all_cells_slope","Southern","collection10_k3_tropical_temperate","Coolhouse","Warmhouse",1,2,0.069539395570307,NA,NA,NA
"per_cell_all_cells_OLS","all_cells_slope","Southern","collection10_k3_tropical_temperate","Coolhouse","Hothouse",1,2,-0.220393593644167,NA,NA,NA
"per_cell_all_cells_OLS","all_cells_slope","Southern","collection10_k3_tropical_temperate_polar","Coldhouse","Coolhouse",0,1,NA,NA,NA,NA
"per_cell_all_cells_OLS","all_cells_slope","Southern","collection10_k3_tropical_temperate_polar","Coldhouse","Transitional",0,1,NA,NA,NA,NA
"per_cell_all_cells_OLS","all_cells_slope","Southern","collection10_k3_tropical_temperate_polar","Coldhouse","Warmhouse",0,1,NA,NA,NA,NA
"per_cell_all_cells_OLS","all_cells_slope","Southern","collection10_k3_tropical_temperate_polar","Coldhouse","Hothouse",0,2,NA,NA,NA,NA
"per_cell_all_cells_OLS","all_cells_slope","Southern","collection10_k3_tropical_temperate_polar","Coolhouse","Transitional",1,1,0.528598551121695,NA,NA,NA
"per_cell_all_cells_OLS","all_cells_slope","Southern","collection10_k3_tropical_temperate_polar","Coolhouse","Warmhouse",1,1,-0.12612235288863,NA,NA,NA
"per_cell_all_cells_OLS","all_cells_slope","Southern","collection10_k3_tropical_temperate_polar","Coolhouse","Hothouse",1,2,-0.220393593644167,NA,NA,NA
"per_cell_all_cells_OLS","all_cells_slope","Southern","collection10_k3_tropical_temperate_polar","Transitional","Warmhouse",1,1,-0.654720904010325,NA,NA,NA
"per_cell_all_cells_OLS","all_cells_slope","Southern","collection10_k3_tropical_temperate_polar","Transitional","Hothouse",1,2,-0.748992144765862,NA,NA,NA
"per_cell_all_cells_OLS","all_cells_slope","Southern","collection10_k3_tropical_temperate_polar","Warmhouse","Hothouse",1,2,-0.0942712407555366,NA,NA,NA
"per_cell_balanced_resampling_OLS","median_resampled_slope","Combined","occurrence5_k1_tropical_temperate","Coldhouse","Transitional",21,25,-0.434292748541908,97,0.000137010067774209,0.000685050338871045
"per_cell_balanced_resampling_OLS","median_resampled_slope","Combined","occurrence5_k1_tropical_temperate","Coldhouse","Warmhouse",21,22,-0.481753386871027,78,0.000105606719434152,0.000685050338871045
"per_cell_balanced_resampling_OLS","median_resampled_slope","Combined","occurrence5_k1_tropical_temperate","Coolhouse","Warmhouse",31,22,-0.273959111502224,187,0.00279567753782379,0.00931892512607931
"per_cell_balanced_resampling_OLS","median_resampled_slope","Combined","occurrence5_k1_tropical_temperate","Coolhouse","Transitional",31,25,-0.226498473173105,235,0.00611875628318882,0.015296890707972
"per_cell_balanced_resampling_OLS","median_resampled_slope","Combined","occurrence5_k1_tropical_temperate","Coldhouse","Hothouse",21,23,-0.534910493063812,139,0.0082720679237223,0.0165441358474446
"per_cell_balanced_resampling_OLS","median_resampled_slope","Combined","occurrence5_k1_tropical_temperate","Coolhouse","Hothouse",31,23,-0.327116217695009,274,0.0757252639165311,0.126208773194218
"per_cell_balanced_resampling_OLS","median_resampled_slope","Combined","occurrence5_k1_tropical_temperate","Coldhouse","Coolhouse",21,31,-0.207794275368803,264,0.127642435255451,0.182346336079215
"per_cell_balanced_resampling_OLS","median_resampled_slope","Combined","occurrence5_k1_tropical_temperate","Transitional","Warmhouse",25,22,-0.0474606383291186,245,0.264693477041189,0.330866846301486
"per_cell_balanced_resampling_OLS","median_resampled_slope","Combined","occurrence5_k1_tropical_temperate","Transitional","Hothouse",25,23,-0.100617744521904,281,0.4507267407903,0.500807489767
"per_cell_balanced_resampling_OLS","median_resampled_slope","Combined","occurrence5_k1_tropical_temperate","Warmhouse","Hothouse",22,23,-0.0531571061927855,258,0.549691435149391,0.549691435149391
"per_cell_balanced_resampling_OLS","median_resampled_slope","Combined","occurrence5_k1_tropical_temperate_polar","Coldhouse","Transitional",11,19,-0.501469081051397,28,0.00053627237599014,0.0053627237599014
"per_cell_balanced_resampling_OLS","median_resampled_slope","Combined","occurrence5_k1_tropical_temperate_polar","Coldhouse","Hothouse",11,14,-0.577059543179993,22,0.00142441086864154,0.00712205434320768
"per_cell_balanced_resampling_OLS","median_resampled_slope","Combined","occurrence5_k1_tropical_temperate_polar","Coolhouse","Transitional",23,19,-0.284684151806202,114,0.00429261900727105,0.0107315475181776
"per_cell_balanced_resampling_OLS","median_resampled_slope","Combined","occurrence5_k1_tropical_temperate_polar","Coolhouse","Hothouse",23,14,-0.360274613934798,76,0.00406972200523348,0.0107315475181776
"per_cell_balanced_resampling_OLS","median_resampled_slope","Combined","occurrence5_k1_tropical_temperate_polar","Coldhouse","Warmhouse",11,17,-0.463802349838493,40,0.00633094308806388,0.0126618861761278
"per_cell_balanced_resampling_OLS","median_resampled_slope","Combined","occurrence5_k1_tropical_temperate_polar","Coolhouse","Warmhouse",23,17,-0.247017420593298,124,0.0260362343612679,0.0433937239354466
"per_cell_balanced_resampling_OLS","median_resampled_slope","Combined","occurrence5_k1_tropical_temperate_polar","Coldhouse","Coolhouse",11,23,-0.216784929245195,87,0.0755451580731894,0.107921654390271
"per_cell_balanced_resampling_OLS","median_resampled_slope","Combined","occurrence5_k1_tropical_temperate_polar","Warmhouse","Hothouse",17,14,-0.1132571933415,86,0.0985146004573949,0.123143250571744
"per_cell_balanced_resampling_OLS","median_resampled_slope","Combined","occurrence5_k1_tropical_temperate_polar","Transitional","Hothouse",19,14,-0.0755904621285958,118,0.298688725562457,0.331876361736063
"per_cell_balanced_resampling_OLS","median_resampled_slope","Combined","occurrence5_k1_tropical_temperate_polar","Transitional","Warmhouse",19,17,0.0376667312129043,188,0.803880375223022,0.803880375223022
"per_cell_balanced_resampling_OLS","median_resampled_slope","Combined","occurrence5_k2_tropical_temperate","Coldhouse","Transitional",13,17,-0.444706216679845,25,0.000187272597902097,0.00081623523106898
"per_cell_balanced_resampling_OLS","median_resampled_slope","Combined","occurrence5_k2_tropical_temperate","Coldhouse","Warmhouse",13,14,-0.469031177683358,14,0.000102712004880302,0.00081623523106898
"per_cell_balanced_resampling_OLS","median_resampled_slope","Combined","occurrence5_k2_tropical_temperate","Coldhouse","Hothouse",13,16,-0.637990075146219,24,0.000244870569320694,0.00081623523106898
"per_cell_balanced_resampling_OLS","median_resampled_slope","Combined","occurrence5_k2_tropical_temperate","Coolhouse","Warmhouse",17,14,-0.252246248438163,55,0.00585804199000935,0.0146451049750234
"per_cell_balanced_resampling_OLS","median_resampled_slope","Combined","occurrence5_k2_tropical_temperate","Coolhouse","Hothouse",17,16,-0.421205145901024,74,0.0133681163922892,0.0267362327845784
"per_cell_balanced_resampling_OLS","median_resampled_slope","Combined","occurrence5_k2_tropical_temperate","Coolhouse","Transitional",17,17,-0.22792128743465,85,0.0210683060294544,0.035113843382424
"per_cell_balanced_resampling_OLS","median_resampled_slope","Combined","occurrence5_k2_tropical_temperate","Coldhouse","Coolhouse",13,17,-0.216784929245195,69,0.0430881765447633,0.0615545379210905
"per_cell_balanced_resampling_OLS","median_resampled_slope","Combined","occurrence5_k2_tropical_temperate","Transitional","Hothouse",17,16,-0.193283858466374,102,0.113767316282697,0.142209145353372
"per_cell_balanced_resampling_OLS","median_resampled_slope","Combined","occurrence5_k2_tropical_temperate","Warmhouse","Hothouse",14,16,-0.168958897462861,89,0.174807231841997,0.194230257602218
"per_cell_balanced_resampling_OLS","median_resampled_slope","Combined","occurrence5_k2_tropical_temperate","Transitional","Warmhouse",17,14,-0.024324961003513,108,0.338416302199953,0.338416302199953
"per_cell_balanced_resampling_OLS","median_resampled_slope","Combined","occurrence5_k2_tropical_temperate_polar","Coldhouse","Transitional",5,10,-0.453988652848318,3,0.00422920780231657,0.0157326468754004
"per_cell_balanced_resampling_OLS","median_resampled_slope","Combined","occurrence5_k2_tropical_temperate_polar","Coldhouse","Warmhouse",5,10,-0.469031177683358,4,0.00602414182102069,0.0157326468754004
"per_cell_balanced_resampling_OLS","median_resampled_slope","Combined","occurrence5_k2_tropical_temperate_polar","Coldhouse","Hothouse",5,11,-0.620561914713179,3,0.00327479526897646,0.0157326468754004
"per_cell_balanced_resampling_OLS","median_resampled_slope","Combined","occurrence5_k2_tropical_temperate_polar","Coolhouse","Hothouse",11,11,-0.403776985467984,22,0.00629305875016017,0.0157326468754004
"per_cell_balanced_resampling_OLS","median_resampled_slope","Combined","occurrence5_k2_tropical_temperate_polar","Coolhouse","Warmhouse",11,10,-0.252246248438163,23,0.013271853813862,0.0265437076277239
"per_cell_balanced_resampling_OLS","median_resampled_slope","Combined","occurrence5_k2_tropical_temperate_polar","Coolhouse","Transitional",11,10,-0.237203723603123,27,0.0264037557080568,0.044006259513428
"per_cell_balanced_resampling_OLS","median_resampled_slope","Combined","occurrence5_k2_tropical_temperate_polar","Coldhouse","Coolhouse",5,11,-0.216784929245195,15,0.0870006181197914,0.120416684999295
"per_cell_balanced_resampling_OLS","median_resampled_slope","Combined","occurrence5_k2_tropical_temperate_polar","Transitional","Hothouse",10,11,-0.166573261864861,36,0.096333347999436,0.120416684999295
"per_cell_balanced_resampling_OLS","median_resampled_slope","Combined","occurrence5_k2_tropical_temperate_polar","Warmhouse","Hothouse",10,11,-0.151530737029821,37,0.108916114618636,0.121017905131818
"per_cell_balanced_resampling_OLS","median_resampled_slope","Combined","occurrence5_k2_tropical_temperate_polar","Transitional","Warmhouse",10,10,-0.0150425248350398,45,0.366864997848124,0.366864997848124
"per_cell_balanced_resampling_OLS","median_resampled_slope","Combined","occurrence5_k3_tropical_temperate","Coldhouse","Transitional",6,12,-0.304356576589347,8,0.00500315776345898,0.0129772447371272
"per_cell_balanced_resampling_OLS","median_resampled_slope","Combined","occurrence5_k3_tropical_temperate","Coldhouse","Warmhouse",6,11,-0.314170273579522,7,0.00519089789485088,0.0129772447371272
"per_cell_balanced_resampling_OLS","median_resampled_slope","Combined","occurrence5_k3_tropical_temperate","Coolhouse","Transitional",11,12,-0.242148476889885,21,0.0030833279820138,0.0129772447371272
"per_cell_balanced_resampling_OLS","median_resampled_slope","Combined","occurrence5_k3_tropical_temperate","Coolhouse","Warmhouse",11,11,-0.25196217388006,18,0.00290842860794023,0.0129772447371272
"per_cell_balanced_resampling_OLS","median_resampled_slope","Combined","occurrence5_k3_tropical_temperate","Coldhouse","Hothouse",6,9,-0.470929838454208,9,0.019585083014992,0.0335322309331328
"per_cell_balanced_resampling_OLS","median_resampled_slope","Combined","occurrence5_k3_tropical_temperate","Coolhouse","Hothouse",11,9,-0.408721738754745,22,0.0201193385598797,0.0335322309331328
"per_cell_balanced_resampling_OLS","median_resampled_slope","Combined","occurrence5_k3_tropical_temperate","Warmhouse","Hothouse",11,9,-0.156759564874686,39,0.223705851004659,0.319579787149513
"per_cell_balanced_resampling_OLS","median_resampled_slope","Combined","occurrence5_k3_tropical_temperate","Transitional","Hothouse",12,9,-0.166573261864861,48,0.347947411585388,0.434934264481736
"per_cell_balanced_resampling_OLS","median_resampled_slope","Combined","occurrence5_k3_tropical_temperate","Coldhouse","Coolhouse",6,11,-0.0622080996994626,34,0.559915772546637,0.559915772546637
"per_cell_balanced_resampling_OLS","median_resampled_slope","Combined","occurrence5_k3_tropical_temperate","Transitional","Warmhouse",12,11,-0.00981369699017481,67,0.536777551837289,0.559915772546637
"per_cell_balanced_resampling_OLS","median_resampled_slope","Combined","occurrence5_k3_tropical_temperate_polar","Coolhouse","Hothouse",7,6,-0.493877011426458,0,0.00170261791064738,0.0170261791064738
"per_cell_balanced_resampling_OLS","median_resampled_slope","Combined","occurrence5_k3_tropical_temperate_polar","Coolhouse","Transitional",7,5,-0.232866040721412,2,0.00742546894368245,0.025322683295767
"per_cell_balanced_resampling_OLS","median_resampled_slope","Combined","occurrence5_k3_tropical_temperate_polar","Coolhouse","Warmhouse",7,7,-0.26241982956979,5,0.00759680498873011,0.025322683295767
"per_cell_balanced_resampling_OLS","median_resampled_slope","Combined","occurrence5_k3_tropical_temperate_polar","Coldhouse","Hothouse",3,6,-0.705717187384891,0,0.0140929010739537,0.0352322526848842
"per_cell_balanced_resampling_OLS","median_resampled_slope","Combined","occurrence5_k3_tropical_temperate_polar","Warmhouse","Hothouse",7,6,-0.231457181856668,6,0.0191593815747068,0.0383187631494136
"per_cell_balanced_resampling_OLS","median_resampled_slope","Combined","occurrence5_k3_tropical_temperate_polar","Coldhouse","Transitional",3,5,-0.444706216679845,1,0.0368191350601513,0.0460239188251892
"per_cell_balanced_resampling_OLS","median_resampled_slope","Combined","occurrence5_k3_tropical_temperate_polar","Coldhouse","Warmhouse",3,7,-0.474260005528223,2,0.0341237441890007,0.0460239188251892
"per_cell_balanced_resampling_OLS","median_resampled_slope","Combined","occurrence5_k3_tropical_temperate_polar","Transitional","Hothouse",5,6,-0.261010970705046,4,0.0276171268590319,0.0460239188251892
"per_cell_balanced_resampling_OLS","median_resampled_slope","Combined","occurrence5_k3_tropical_temperate_polar","Transitional","Warmhouse",5,7,-0.029553788848378,15,0.372666533665401,0.41407392629489
"per_cell_balanced_resampling_OLS","median_resampled_slope","Combined","occurrence5_k3_tropical_temperate_polar","Coldhouse","Coolhouse",3,7,-0.211840175958433,10,0.5,0.5
"per_cell_balanced_resampling_OLS","median_resampled_slope","Combined","occurrence10_k1_tropical_temperate","Coldhouse","Transitional",20,23,-0.347671561755784,91,0.00037262208010266,0.00230228348572002
"per_cell_balanced_resampling_OLS","median_resampled_slope","Combined","occurrence10_k1_tropical_temperate","Coldhouse","Warmhouse",20,20,-0.506002185753673,77,0.000460456697144005,0.00230228348572002
"per_cell_balanced_resampling_OLS","median_resampled_slope","Combined","occurrence10_k1_tropical_temperate","Coldhouse","Hothouse",20,21,-0.630367618030506,87,0.000699037320605775,0.00233012440201925
"per_cell_balanced_resampling_OLS","median_resampled_slope","Combined","occurrence10_k1_tropical_temperate","Coolhouse","Warmhouse",31,20,-0.3311273333317,192,0.0116983891849522,0.0292459729623805
"per_cell_balanced_resampling_OLS","median_resampled_slope","Combined","occurrence10_k1_tropical_temperate","Coolhouse","Hothouse",31,21,-0.455492765608534,214,0.019222863365156,0.038445726730312
"per_cell_balanced_resampling_OLS","median_resampled_slope","Combined","occurrence10_k1_tropical_temperate","Coolhouse","Transitional",31,23,-0.172796709333812,251,0.0331222296102839,0.0552037160171399
"per_cell_balanced_resampling_OLS","median_resampled_slope","Combined","occurrence10_k1_tropical_temperate","Transitional","Hothouse",23,21,-0.282696056274722,176,0.0633432996870052,0.0904904281242931
"per_cell_balanced_resampling_OLS","median_resampled_slope","Combined","occurrence10_k1_tropical_temperate","Transitional","Warmhouse",23,20,-0.158330623997888,179,0.109416627203998,0.136770784004998
"per_cell_balanced_resampling_OLS","median_resampled_slope","Combined","occurrence10_k1_tropical_temperate","Coldhouse","Coolhouse",20,31,-0.174874852421972,255,0.146525434527171,0.162806038363524
"per_cell_balanced_resampling_OLS","median_resampled_slope","Combined","occurrence10_k1_tropical_temperate","Warmhouse","Hothouse",20,21,-0.124365432276833,181,0.228638609003501,0.228638609003501
"per_cell_balanced_resampling_OLS","median_resampled_slope","Combined","occurrence10_k1_tropical_temperate_polar","Coldhouse","Hothouse",10,12,-0.641904780722132,12,0.000867930119319399,0.00867930119319399
"per_cell_balanced_resampling_OLS","median_resampled_slope","Combined","occurrence10_k1_tropical_temperate_polar","Coldhouse","Transitional",10,18,-0.315723117935546,29,0.00186133608879463,0.00930668044397317
"per_cell_balanced_resampling_OLS","median_resampled_slope","Combined","occurrence10_k1_tropical_temperate_polar","Coolhouse","Hothouse",21,12,-0.439202782768981,58,0.00576643815785685,0.0192214605261895
"per_cell_balanced_resampling_OLS","median_resampled_slope","Combined","occurrence10_k1_tropical_temperate_polar","Coldhouse","Warmhouse",10,15,-0.353382911562621,37,0.01875700080777,0.0358835518302565
"per_cell_balanced_resampling_OLS","median_resampled_slope","Combined","occurrence10_k1_tropical_temperate_polar","Coolhouse","Transitional",21,18,-0.113021119982395,119,0.0251184862811796,0.0358835518302565
"per_cell_balanced_resampling_OLS","median_resampled_slope","Combined","occurrence10_k1_tropical_temperate_polar","Transitional","Hothouse",18,12,-0.326181662786585,61,0.0245051549198494,0.0358835518302565
"per_cell_balanced_resampling_OLS","median_resampled_slope","Combined","occurrence10_k1_tropical_temperate_polar","Warmhouse","Hothouse",15,12,-0.288521869159511,47,0.0190495180899304,0.0358835518302565
"per_cell_balanced_resampling_OLS","median_resampled_slope","Combined","occurrence10_k1_tropical_temperate_polar","Coolhouse","Warmhouse",21,15,-0.15068091360947,112,0.0743789320628912,0.092973665078614
"per_cell_balanced_resampling_OLS","median_resampled_slope","Combined","occurrence10_k1_tropical_temperate_polar","Coldhouse","Coolhouse",10,21,-0.202701997953151,84,0.193167462824465,0.214630514249406
"per_cell_balanced_resampling_OLS","median_resampled_slope","Combined","occurrence10_k1_tropical_temperate_polar","Transitional","Warmhouse",18,15,-0.0376597936270746,141,0.592898736440314,0.592898736440314
"per_cell_balanced_resampling_OLS","median_resampled_slope","Combined","occurrence10_k2_tropical_temperate","Coldhouse","Transitional",13,16,-0.362870771282635,20,0.000125265149525464,0.000496492652468999
"per_cell_balanced_resampling_OLS","median_resampled_slope","Combined","occurrence10_k2_tropical_temperate","Coldhouse","Warmhouse",13,14,-0.524020964967792,13,8.46930945907443e-05,0.000496492652468999
"per_cell_balanced_resampling_OLS","median_resampled_slope","Combined","occurrence10_k2_tropical_temperate","Coldhouse","Hothouse",13,12,-0.570862767446535,11,0.0001489477957407,0.000496492652468999
"per_cell_balanced_resampling_OLS","median_resampled_slope","Combined","occurrence10_k2_tropical_temperate","Coolhouse","Warmhouse",15,14,-0.289780388667156,62,0.0318086772210819,0.0636173544421638
"per_cell_balanced_resampling_OLS","median_resampled_slope","Combined","occurrence10_k2_tropical_temperate","Coolhouse","Hothouse",15,12,-0.336622191145899,51,0.0301490435666851,0.0636173544421638
"per_cell_balanced_resampling_OLS","median_resampled_slope","Combined","occurrence10_k2_tropical_temperate","Coldhouse","Coolhouse",13,15,-0.234240576300636,60,0.0441515372316162,0.073585895386027
"per_cell_balanced_resampling_OLS","median_resampled_slope","Combined","occurrence10_k2_tropical_temperate","Transitional","Warmhouse",16,14,-0.161150193685157,74,0.0595105445079928,0.0850150635828468
"per_cell_balanced_resampling_OLS","median_resampled_slope","Combined","occurrence10_k2_tropical_temperate","Transitional","Hothouse",16,12,-0.2079919961639,65,0.0783984462012651,0.0979980577515813
"per_cell_balanced_resampling_OLS","median_resampled_slope","Combined","occurrence10_k2_tropical_temperate","Coolhouse","Transitional",15,16,-0.128630194981999,87,0.0994528866419019,0.110503207379891
"per_cell_balanced_resampling_OLS","median_resampled_slope","Combined","occurrence10_k2_tropical_temperate","Warmhouse","Hothouse",14,12,-0.0468418024787432,73,0.294577232725029,0.294577232725029
"per_cell_balanced_resampling_OLS","median_resampled_slope","Combined","occurrence10_k2_tropical_temperate_polar","Coolhouse","Hothouse",8,7,-0.552526839104557,1,0.00108189356443515,0.0108189356443515
"per_cell_balanced_resampling_OLS","median_resampled_slope","Combined","occurrence10_k2_tropical_temperate_polar","Coldhouse","Hothouse",4,7,-0.7733712884716,0,0.0053667080514986,0.0134167701287465
"per_cell_balanced_resampling_OLS","median_resampled_slope","Combined","occurrence10_k2_tropical_temperate_polar","Transitional","Hothouse",7,7,-0.435489702688355,4,0.00530167269106133,0.0134167701287465
"per_cell_balanced_resampling_OLS","median_resampled_slope","Combined","occurrence10_k2_tropical_temperate_polar","Warmhouse","Hothouse",7,7,-0.388707966266793,3,0.00364517904576782,0.0134167701287465
"per_cell_balanced_resampling_OLS","median_resampled_slope","Combined","occurrence10_k2_tropical_temperate_polar","Coldhouse","Transitional",4,7,-0.337881585783244,3,0.0236104520017886,0.0472209040035772
"per_cell_balanced_resampling_OLS","median_resampled_slope","Combined","occurrence10_k2_tropical_temperate_polar","Coldhouse","Warmhouse",4,7,-0.384663322204807,5,0.0540986237618508,0.0901643729364179
"per_cell_balanced_resampling_OLS","median_resampled_slope","Combined","occurrence10_k2_tropical_temperate_polar","Coolhouse","Transitional",8,7,-0.117037136416202,16,0.0916164884644109,0.114520610580514
"per_cell_balanced_resampling_OLS","median_resampled_slope","Combined","occurrence10_k2_tropical_temperate_polar","Coolhouse","Warmhouse",8,7,-0.163818872837764,16,0.0916164884644109,0.114520610580514
"per_cell_balanced_resampling_OLS","median_resampled_slope","Combined","occurrence10_k2_tropical_temperate_polar","Coldhouse","Coolhouse",4,8,-0.220844449367043,11,0.222348115924854,0.247053462138727
"per_cell_balanced_resampling_OLS","median_resampled_slope","Combined","occurrence10_k2_tropical_temperate_polar","Transitional","Warmhouse",7,7,-0.0467817364215624,23,0.449163393634619,0.449163393634619
"per_cell_balanced_resampling_OLS","median_resampled_slope","Combined","occurrence10_k3_tropical_temperate","Coldhouse","Transitional",4,12,-0.435485111174686,0,0.0021873804512949,0.0136251083516611
"per_cell_balanced_resampling_OLS","median_resampled_slope","Combined","occurrence10_k3_tropical_temperate","Coldhouse","Warmhouse",4,11,-0.575841761601947,2,0.00545004334066444,0.0136251083516611
"per_cell_balanced_resampling_OLS","median_resampled_slope","Combined","occurrence10_k3_tropical_temperate","Coldhouse","Hothouse",4,8,-0.719470681206339,0,0.00423740094607692,0.0136251083516611
"per_cell_balanced_resampling_OLS","median_resampled_slope","Combined","occurrence10_k3_tropical_temperate","Coolhouse","Hothouse",8,8,-0.589375663629102,6,0.00370276667025014,0.0136251083516611
"per_cell_balanced_resampling_OLS","median_resampled_slope","Combined","occurrence10_k3_tropical_temperate","Coolhouse","Transitional",8,12,-0.305390093597449,19,0.0139452645601233,0.0278905291202465
"per_cell_balanced_resampling_OLS","median_resampled_slope","Combined","occurrence10_k3_tropical_temperate","Coolhouse","Warmhouse",8,11,-0.44574674402471,19,0.0215354954372138,0.0358924923953563
"per_cell_balanced_resampling_OLS","median_resampled_slope","Combined","occurrence10_k3_tropical_temperate","Transitional","Hothouse",12,8,-0.283985570031653,25,0.0412896370761634,0.0589851958230905
"per_cell_balanced_resampling_OLS","median_resampled_slope","Combined","occurrence10_k3_tropical_temperate","Warmhouse","Hothouse",11,8,-0.143628919604392,24,0.0536815194892365,0.0671018993615456
"per_cell_balanced_resampling_OLS","median_resampled_slope","Combined","occurrence10_k3_tropical_temperate","Coldhouse","Coolhouse",4,8,-0.130095017577237,11,0.222348115924854,0.247053462138727
"per_cell_balanced_resampling_OLS","median_resampled_slope","Combined","occurrence10_k3_tropical_temperate","Transitional","Warmhouse",12,11,-0.140356650427261,55,0.259065100725077,0.259065100725077
"per_cell_balanced_resampling_OLS","median_resampled_slope","Combined","occurrence10_k3_tropical_temperate_polar","Coldhouse","Transitional",2,5,-0.337881585783244,0,0.0406805646170377,0.11134688653314
"per_cell_balanced_resampling_OLS","median_resampled_slope","Combined","occurrence10_k3_tropical_temperate_polar","Coldhouse","Hothouse",2,4,-0.745185180199318,0,0.0525962525600207,0.11134688653314
"per_cell_balanced_resampling_OLS","median_resampled_slope","Combined","occurrence10_k3_tropical_temperate_polar","Coolhouse","Hothouse",3,4,-0.538753359085341,0,0.0259149636089548,0.11134688653314
"per_cell_balanced_resampling_OLS","median_resampled_slope","Combined","occurrence10_k3_tropical_temperate_polar","Transitional","Hothouse",5,4,-0.407303594416073,2,0.0330962898610967,0.11134688653314
"per_cell_balanced_resampling_OLS","median_resampled_slope","Combined","occurrence10_k3_tropical_temperate_polar","Warmhouse","Hothouse",5,4,-0.257375484556484,3,0.0556734432665702,0.11134688653314
"per_cell_balanced_resampling_OLS","median_resampled_slope","Combined","occurrence10_k3_tropical_temperate_polar","Coolhouse","Warmhouse",3,5,-0.281377874528857,3,0.116518991136953,0.194198318561588
"per_cell_balanced_resampling_OLS","median_resampled_slope","Combined","occurrence10_k3_tropical_temperate_polar","Coldhouse","Warmhouse",2,5,-0.487809695642834,2,0.166460804032783,0.231933355951686
"per_cell_balanced_resampling_OLS","median_resampled_slope","Combined","occurrence10_k3_tropical_temperate_polar","Coolhouse","Transitional",3,5,-0.131449764669267,4,0.185546684761349,0.231933355951686
"per_cell_balanced_resampling_OLS","median_resampled_slope","Combined","occurrence10_k3_tropical_temperate_polar","Coldhouse","Coolhouse",2,3,-0.206431821113977,2,0.386414996342224,0.417265811355464
"per_cell_balanced_resampling_OLS","median_resampled_slope","Combined","occurrence10_k3_tropical_temperate_polar","Transitional","Warmhouse",5,5,-0.14992810985959,11,0.417265811355464,0.417265811355464
"per_cell_balanced_resampling_OLS","median_resampled_slope","Combined","collection5_k1_tropical_temperate","Coldhouse","Warmhouse",20,19,-0.518430116577388,45,2.45259048082749e-05,0.000245259048082749
"per_cell_balanced_resampling_OLS","median_resampled_slope","Combined","collection5_k1_tropical_temperate","Coldhouse","Transitional",20,22,-0.521316723454538,72,0.000101728195789894,0.000508640978949468
"per_cell_balanced_resampling_OLS","median_resampled_slope","Combined","collection5_k1_tropical_temperate","Coldhouse","Hothouse",20,19,-0.621919245826933,85,0.00166131877828233,0.00553772926094111
"per_cell_balanced_resampling_OLS","median_resampled_slope","Combined","collection5_k1_tropical_temperate","Coolhouse","Warmhouse",30,19,-0.321282865261941,164,0.006706562154578,0.016766405386445
"per_cell_balanced_resampling_OLS","median_resampled_slope","Combined","collection5_k1_tropical_temperate","Coolhouse","Transitional",30,22,-0.32416947213909,207,0.0116369728428491,0.0232739456856982
"per_cell_balanced_resampling_OLS","median_resampled_slope","Combined","collection5_k1_tropical_temperate","Coolhouse","Hothouse",30,19,-0.424771994511486,200,0.0414676109215001,0.0691126848691668
"per_cell_balanced_resampling_OLS","median_resampled_slope","Combined","collection5_k1_tropical_temperate","Coldhouse","Coolhouse",20,30,-0.197147251315447,252,0.173444645580804,0.247778065115435
"per_cell_balanced_resampling_OLS","median_resampled_slope","Combined","collection5_k1_tropical_temperate","Warmhouse","Hothouse",19,19,-0.103489129249545,163,0.309837608441826,0.387297010552282
"per_cell_balanced_resampling_OLS","median_resampled_slope","Combined","collection5_k1_tropical_temperate","Transitional","Hothouse",22,19,-0.100602522372395,196,0.371907928501421,0.413231031668246
"per_cell_balanced_resampling_OLS","median_resampled_slope","Combined","collection5_k1_tropical_temperate","Transitional","Warmhouse",22,19,0.00288660687714953,206,0.473943338048529,0.473943338048529
"per_cell_balanced_resampling_OLS","median_resampled_slope","Combined","collection5_k1_tropical_temperate_polar","Coldhouse","Hothouse",11,11,-0.745277937583711,13,0.00101347282348635,0.00506736411743177
"per_cell_balanced_resampling_OLS","median_resampled_slope","Combined","collection5_k1_tropical_temperate_polar","Coolhouse","Hothouse",20,11,-0.569379006128818,31,0.000595635138914113,0.00506736411743177
"per_cell_balanced_resampling_OLS","median_resampled_slope","Combined","collection5_k1_tropical_temperate_polar","Coldhouse","Transitional",11,15,-0.515406228000268,27,0.00215525785344579,0.00538814463361448
"per_cell_balanced_resampling_OLS","median_resampled_slope","Combined","collection5_k1_tropical_temperate_polar","Coolhouse","Transitional",20,15,-0.339507296545374,63,0.00196745405771599,0.00538814463361448
"per_cell_balanced_resampling_OLS","median_resampled_slope","Combined","collection5_k1_tropical_temperate_polar","Coldhouse","Warmhouse",11,13,-0.450796282283007,23,0.00270996910292958,0.00541993820585915
"per_cell_balanced_resampling_OLS","median_resampled_slope","Combined","collection5_k1_tropical_temperate_polar","Coolhouse","Warmhouse",20,13,-0.274897350828114,58,0.00421514869542587,0.00702524782570978
"per_cell_balanced_resampling_OLS","median_resampled_slope","Combined","collection5_k1_tropical_temperate_polar","Warmhouse","Hothouse",13,11,-0.294481655300703,33,0.0138471857972601,0.0197816939960859
"per_cell_balanced_resampling_OLS","median_resampled_slope","Combined","collection5_k1_tropical_temperate_polar","Transitional","Hothouse",15,11,-0.229871709583443,52,0.0597354933858504,0.074669366732313
"per_cell_balanced_resampling_OLS","median_resampled_slope","Combined","collection5_k1_tropical_temperate_polar","Coldhouse","Coolhouse",11,20,-0.175898931454893,99,0.332324155151008,0.369249061278898
"per_cell_balanced_resampling_OLS","median_resampled_slope","Combined","collection5_k1_tropical_temperate_polar","Transitional","Warmhouse",15,13,0.0646099457172601,110,0.72536336561196,0.72536336561196
"per_cell_balanced_resampling_OLS","median_resampled_slope","Combined","collection5_k2_tropical_temperate","Coldhouse","Warmhouse",11,14,-0.549220712785756,9,0.000109822261855946,0.000549111309279729
"per_cell_balanced_resampling_OLS","median_resampled_slope","Combined","collection5_k2_tropical_temperate","Coldhouse","Hothouse",11,14,-0.785955076465102,9,0.000109822261855946,0.000549111309279729
"per_cell_balanced_resampling_OLS","median_resampled_slope","Combined","collection5_k2_tropical_temperate","Coldhouse","Transitional",11,16,-0.54556228796151,21,0.000516220238384159,0.0017207341279472
"per_cell_balanced_resampling_OLS","median_resampled_slope","Combined","collection5_k2_tropical_temperate","Coolhouse","Warmhouse",11,14,-0.473008831572934,23,0.00170108392583579,0.00340216785167158
"per_cell_balanced_resampling_OLS","median_resampled_slope","Combined","collection5_k2_tropical_temperate","Coolhouse","Hothouse",11,14,-0.70974319525228,22,0.00142441086864154,0.00340216785167158
"per_cell_balanced_resampling_OLS","median_resampled_slope","Combined","collection5_k2_tropical_temperate","Coolhouse","Transitional",11,16,-0.469350406748687,33,0.00357927019937516,0.00596545033229194
"per_cell_balanced_resampling_OLS","median_resampled_slope","Combined","collection5_k2_tropical_temperate","Warmhouse","Hothouse",14,14,-0.236734363679346,72,0.120665621113224,0.172379458733177
"per_cell_balanced_resampling_OLS","median_resampled_slope","Combined","collection5_k2_tropical_temperate","Transitional","Hothouse",16,14,-0.240392788503593,88,0.164307370974701,0.205384213718377
"per_cell_balanced_resampling_OLS","median_resampled_slope","Combined","collection5_k2_tropical_temperate","Coldhouse","Coolhouse",11,11,-0.0762118812128224,58,0.447757121849375,0.497507913165973
"per_cell_balanced_resampling_OLS","median_resampled_slope","Combined","collection5_k2_tropical_temperate","Transitional","Warmhouse",16,14,-0.00365842482424628,112,0.508291527907038,0.508291527907038
"per_cell_balanced_resampling_OLS","median_resampled_slope","Combined","collection5_k2_tropical_temperate_polar","Coolhouse","Hothouse",7,7,-0.633846050034237,0,0.00108251466651919,0.0108251466651919
"per_cell_balanced_resampling_OLS","median_resampled_slope","Combined","collection5_k2_tropical_temperate_polar","Coldhouse","Hothouse",4,7,-0.770015109467349,0,0.0053667080514986,0.026833540257493
"per_cell_balanced_resampling_OLS","median_resampled_slope","Combined","collection5_k2_tropical_temperate_polar","Coldhouse","Warmhouse",4,7,-0.504696270241493,2,0.0148790337175996,0.0298420644179543
"per_cell_balanced_resampling_OLS","median_resampled_slope","Combined","collection5_k2_tropical_temperate_polar","Coolhouse","Warmhouse",7,7,-0.368527210808381,6,0.010725366843161,0.0298420644179543
"per_cell_balanced_resampling_OLS","median_resampled_slope","Combined","collection5_k2_tropical_temperate_polar","Transitional","Hothouse",7,7,-0.474853671619794,7,0.0149210322089771,0.0298420644179543
"per_cell_balanced_resampling_OLS","median_resampled_slope","Combined","collection5_k2_tropical_temperate_polar","Warmhouse","Hothouse",7,7,-0.265318839225856,8,0.0204567764922484,0.0340946274870806
"per_cell_balanced_resampling_OLS","median_resampled_slope","Combined","collection5_k2_tropical_temperate_polar","Coldhouse","Transitional",4,7,-0.295161437847555,4,0.0363004697249787,0.0518578138928267
"per_cell_balanced_resampling_OLS","median_resampled_slope","Combined","collection5_k2_tropical_temperate_polar","Coolhouse","Transitional",7,7,-0.158992378414444,11,0.0483487838088181,0.0604359797610226
"per_cell_balanced_resampling_OLS","median_resampled_slope","Combined","collection5_k2_tropical_temperate_polar","Transitional","Warmhouse",7,7,-0.209534832393937,16,0.15334253295209,0.170380592168989
"per_cell_balanced_resampling_OLS","median_resampled_slope","Combined","collection5_k2_tropical_temperate_polar","Coldhouse","Coolhouse",4,7,-0.136169059433112,15,0.611592997922259,0.611592997922259
"per_cell_balanced_resampling_OLS","median_resampled_slope","Combined","collection5_k3_tropical_temperate","Coldhouse","Transitional",5,11,-0.69287384111412,5,0.00634520301143948,0.0228513834635554
"per_cell_balanced_resampling_OLS","median_resampled_slope","Combined","collection5_k3_tropical_temperate","Coldhouse","Warmhouse",5,10,-0.57528459594476,2,0.00292854954264207,0.0228513834635554
"per_cell_balanced_resampling_OLS","median_resampled_slope","Combined","collection5_k3_tropical_temperate","Coldhouse","Hothouse",5,6,-0.777837103643392,1,0.00685541503906661,0.0228513834635554
"per_cell_balanced_resampling_OLS","median_resampled_slope","Combined","collection5_k3_tropical_temperate","Coolhouse","Transitional",8,11,-0.512082158001738,16,0.0115814286908744,0.0234676464760913
"per_cell_balanced_resampling_OLS","median_resampled_slope","Combined","collection5_k3_tropical_temperate","Coolhouse","Warmhouse",8,10,-0.394492912832377,14,0.0117338232380456,0.0234676464760913
"per_cell_balanced_resampling_OLS","median_resampled_slope","Combined","collection5_k3_tropical_temperate","Coolhouse","Hothouse",8,6,-0.597045420531009,7,0.0165799937294239,0.0276333228823732
"per_cell_balanced_resampling_OLS","median_resampled_slope","Combined","collection5_k3_tropical_temperate","Warmhouse","Hothouse",10,6,-0.202552507698632,19,0.127375581495219,0.181965116421741
"per_cell_balanced_resampling_OLS","median_resampled_slope","Combined","collection5_k3_tropical_temperate","Coldhouse","Coolhouse",5,8,-0.180791683112383,13,0.170674656977379,0.213343321221724
"per_cell_balanced_resampling_OLS","median_resampled_slope","Combined","collection5_k3_tropical_temperate","Transitional","Hothouse",11,6,-0.0849632625292717,29,0.362507916242937,0.402786573603263
"per_cell_balanced_resampling_OLS","median_resampled_slope","Combined","collection5_k3_tropical_temperate","Transitional","Warmhouse",11,10,0.117589245169361,68,0.829106769092486,0.829106769092486
"per_cell_balanced_resampling_OLS","median_resampled_slope","Combined","collection5_k3_tropical_temperate_polar","Coldhouse","Coolhouse",2,3,-0.299199999218774,0,0.0744573365893828,0.10579459101418
"per_cell_balanced_resampling_OLS","median_resampled_slope","Combined","collection5_k3_tropical_temperate_polar","Coldhouse","Transitional",2,3,-0.511546404825673,0,0.0744573365893828,0.10579459101418
"per_cell_balanced_resampling_OLS","median_resampled_slope","Combined","collection5_k3_tropical_temperate_polar","Coldhouse","Warmhouse",2,4,-0.53815999474263,0,0.0525962525600207,0.10579459101418
"per_cell_balanced_resampling_OLS","median_resampled_slope","Combined","collection5_k3_tropical_temperate_polar","Coldhouse","Hothouse",2,5,-0.826481426476069,0,0.0406805646170377,0.10579459101418
"per_cell_balanced_resampling_OLS","median_resampled_slope","Combined","collection5_k3_tropical_temperate_polar","Coolhouse","Transitional",3,3,-0.212346405606899,1,0.095215131912762,0.10579459101418
"per_cell_balanced_resampling_OLS","median_resampled_slope","Combined","collection5_k3_tropical_temperate_polar","Coolhouse","Warmhouse",3,4,-0.238959995523856,1,0.0558058841491461,0.10579459101418
"per_cell_balanced_resampling_OLS","median_resampled_slope","Combined","collection5_k3_tropical_temperate_polar","Coolhouse","Hothouse",3,5,-0.527281427257295,0,0.0184442128535249,0.10579459101418
"per_cell_balanced_resampling_OLS","median_resampled_slope","Combined","collection5_k3_tropical_temperate_polar","Transitional","Hothouse",3,5,-0.314935021650395,2,0.0680185640570718,0.10579459101418
"per_cell_balanced_resampling_OLS","median_resampled_slope","Combined","collection5_k3_tropical_temperate_polar","Warmhouse","Hothouse",4,5,-0.288321431733439,4,0.0889547974934913,0.10579459101418
"per_cell_balanced_resampling_OLS","median_resampled_slope","Combined","collection5_k3_tropical_temperate_polar","Transitional","Warmhouse",3,4,-0.0266135899169566,4,0.297941545282589,0.297941545282589
"per_cell_balanced_resampling_OLS","median_resampled_slope","Combined","collection10_k1_tropical_temperate","Coldhouse","Hothouse",14,15,-0.878223269754291,14,3.91174418914462e-05,0.000391174418914462
"per_cell_balanced_resampling_OLS","median_resampled_slope","Combined","collection10_k1_tropical_temperate","Coldhouse","Warmhouse",14,15,-0.558963600086911,23,0.000187591615889871,0.000937958079449357
"per_cell_balanced_resampling_OLS","median_resampled_slope","Combined","collection10_k1_tropical_temperate","Coolhouse","Hothouse",23,15,-0.609272777096691,62,0.000509828589668942,0.00169942863222981
"per_cell_balanced_resampling_OLS","median_resampled_slope","Combined","collection10_k1_tropical_temperate","Coldhouse","Transitional",14,18,-0.644911364181727,48,0.00162009653007901,0.00405024132519754
"per_cell_balanced_resampling_OLS","median_resampled_slope","Combined","collection10_k1_tropical_temperate","Coolhouse","Warmhouse",23,15,-0.290013107429311,82,0.00359660087064706,0.00719320174129412
"per_cell_balanced_resampling_OLS","median_resampled_slope","Combined","collection10_k1_tropical_temperate","Coolhouse","Transitional",23,18,-0.375960871524127,127,0.0183767121735755,0.0306278536226258
"per_cell_balanced_resampling_OLS","median_resampled_slope","Combined","collection10_k1_tropical_temperate","Warmhouse","Hothouse",15,15,-0.31925966966738,75,0.0624301799910734,0.0891859714158191
"per_cell_balanced_resampling_OLS","median_resampled_slope","Combined","collection10_k1_tropical_temperate","Transitional","Hothouse",18,15,-0.233311905572564,104,0.135072254865827,0.168840318582284
"per_cell_balanced_resampling_OLS","median_resampled_slope","Combined","collection10_k1_tropical_temperate","Coldhouse","Coolhouse",14,23,-0.2689504926576,129,0.161952623838786,0.179947359820874
"per_cell_balanced_resampling_OLS","median_resampled_slope","Combined","collection10_k1_tropical_temperate","Transitional","Warmhouse",18,15,0.0859477640948164,137,0.536010430997421,0.536010430997421
"per_cell_balanced_resampling_OLS","median_resampled_slope","Combined","collection10_k1_tropical_temperate_polar","Coolhouse","Hothouse",15,7,-0.754070002874755,4,0.000357768838452972,0.00357768838452972
"per_cell_balanced_resampling_OLS","median_resampled_slope","Combined","collection10_k1_tropical_temperate_polar","Coldhouse","Hothouse",9,7,-0.75605653200182,2,0.0010714213704518,0.00535710685225902
"per_cell_balanced_resampling_OLS","median_resampled_slope","Combined","collection10_k1_tropical_temperate_polar","Transitional","Hothouse",7,7,-0.546839036469773,6,0.010725366843161,0.0268134171079026
"per_cell_balanced_resampling_OLS","median_resampled_slope","Combined","collection10_k1_tropical_temperate_polar","Warmhouse","Hothouse",8,7,-0.409750044903889,7,0.00883613819336122,0.0268134171079026
"per_cell_balanced_resampling_OLS","median_resampled_slope","Combined","collection10_k1_tropical_temperate_polar","Coolhouse","Warmhouse",15,8,-0.344319957970866,30,0.0284409765396048,0.0568819530792097
"per_cell_balanced_resampling_OLS","median_resampled_slope","Combined","collection10_k1_tropical_temperate_polar","Coldhouse","Warmhouse",9,8,-0.34630648709793,18,0.0460967981828697,0.0768279969714495
"per_cell_balanced_resampling_OLS","median_resampled_slope","Combined","collection10_k1_tropical_temperate_polar","Coldhouse","Transitional",9,7,-0.209217495532047,19,0.102004081810336,0.127812833328526
"per_cell_balanced_resampling_OLS","median_resampled_slope","Combined","collection10_k1_tropical_temperate_polar","Coolhouse","Transitional",15,7,-0.207230966404982,34,0.102250266662821,0.127812833328526
"per_cell_balanced_resampling_OLS","median_resampled_slope","Combined","collection10_k1_tropical_temperate_polar","Transitional","Warmhouse",7,8,-0.137088991565883,25,0.38616872064639,0.429076356273767
"per_cell_balanced_resampling_OLS","median_resampled_slope","Combined","collection10_k1_tropical_temperate_polar","Coldhouse","Coolhouse",9,15,-0.00198652912706465,71,0.59425873894456,0.59425873894456
"per_cell_balanced_resampling_OLS","median_resampled_slope","Combined","collection10_k2_tropical_temperate","Coldhouse","Warmhouse",7,13,-0.626135325581859,4,0.000579142299261661,0.0052787275166765
"per_cell_balanced_resampling_OLS","median_resampled_slope","Combined","collection10_k2_tropical_temperate","Coldhouse","Hothouse",7,10,-0.797446046491883,3,0.0010557455033353,0.0052787275166765
"per_cell_balanced_resampling_OLS","median_resampled_slope","Combined","collection10_k2_tropical_temperate","Coolhouse","Warmhouse",8,13,-0.370076441376522,13,0.00265012106150306,0.00883373687167688
"per_cell_balanced_resampling_OLS","median_resampled_slope","Combined","collection10_k2_tropical_temperate","Coolhouse","Hothouse",8,10,-0.541387162286545,10,0.00438176461511242,0.010954411537781
"per_cell_balanced_resampling_OLS","median_resampled_slope","Combined","collection10_k2_tropical_temperate","Coldhouse","Transitional",7,13,-0.68158580305047,15,0.00872026670279409,0.0174405334055882
"per_cell_balanced_resampling_OLS","median_resampled_slope","Combined","collection10_k2_tropical_temperate","Coolhouse","Transitional",8,13,-0.425526918845132,21,0.0135932054389046,0.0226553423981743
"per_cell_balanced_resampling_OLS","median_resampled_slope","Combined","collection10_k2_tropical_temperate","Coldhouse","Coolhouse",7,8,-0.256058884205338,22,0.262224860903042,0.327781076128803
"per_cell_balanced_resampling_OLS","median_resampled_slope","Combined","collection10_k2_tropical_temperate","Warmhouse","Hothouse",13,10,-0.171310720910024,53,0.237861088563659,0.327781076128803
"per_cell_balanced_resampling_OLS","median_resampled_slope","Combined","collection10_k2_tropical_temperate","Transitional","Hothouse",13,10,-0.115860243441413,63,0.462941432648897,0.514379369609886
"per_cell_balanced_resampling_OLS","median_resampled_slope","Combined","collection10_k2_tropical_temperate","Transitional","Warmhouse",13,13,0.0554504774686103,90,0.620841763236855,0.620841763236855
"per_cell_balanced_resampling_OLS","median_resampled_slope","Combined","collection10_k2_tropical_temperate_polar","Coolhouse","Hothouse",4,4,-0.64153392926985,1,0.030300984856003,0.101003282853344
"per_cell_balanced_resampling_OLS","median_resampled_slope","Combined","collection10_k2_tropical_temperate_polar","Transitional","Hothouse",3,4,-0.627781951616988,0,0.0259149636089548,0.101003282853344
"per_cell_balanced_resampling_OLS","median_resampled_slope","Combined","collection10_k2_tropical_temperate_polar","Warmhouse","Hothouse",7,4,-0.467339035205648,2,0.0148790337175996,0.101003282853344
"per_cell_balanced_resampling_OLS","median_resampled_slope","Combined","collection10_k2_tropical_temperate_polar","Coldhouse","Warmhouse",2,7,-0.534449991263616,1,0.0536732684969056,0.107346536993811
"per_cell_balanced_resampling_OLS","median_resampled_slope","Combined","collection10_k2_tropical_temperate_polar","Coldhouse","Hothouse",2,4,-1.00178902646926,0,0.0525962525600207,0.107346536993811
"per_cell_balanced_resampling_OLS","median_resampled_slope","Combined","collection10_k2_tropical_temperate_polar","Coldhouse","Transitional",2,3,-0.374007074852277,0,0.0744573365893828,0.124095560982305
"per_cell_balanced_resampling_OLS","median_resampled_slope","Combined","collection10_k2_tropical_temperate_polar","Coldhouse","Coolhouse",2,4,-0.360255097199415,2,0.243726645182017,0.274513635782924
"per_cell_balanced_resampling_OLS","median_resampled_slope","Combined","collection10_k2_tropical_temperate_polar","Coolhouse","Warmhouse",4,7,-0.174194894064201,9,0.197545792452075,0.274513635782924
"per_cell_balanced_resampling_OLS","median_resampled_slope","Combined","collection10_k2_tropical_temperate_polar","Transitional","Warmhouse",3,7,-0.160442916411339,7,0.247062272204632,0.274513635782924
"per_cell_balanced_resampling_OLS","median_resampled_slope","Combined","collection10_k2_tropical_temperate_polar","Coolhouse","Transitional",4,3,-0.013751977652862,6,0.570158102400667,0.570158102400667
"per_cell_balanced_resampling_OLS","median_resampled_slope","Combined","collection10_k3_tropical_temperate","Coldhouse","Transitional",3,7,-0.708464077138893,2,0.0341237441890007,0.113745813963336
"per_cell_balanced_resampling_OLS","median_resampled_slope","Combined","collection10_k3_tropical_temperate","Coldhouse","Warmhouse",3,6,-0.902784679461743,1,0.0264037557080568,0.113745813963336
"per_cell_balanced_resampling_OLS","median_resampled_slope","Combined","collection10_k3_tropical_temperate","Coldhouse","Hothouse",3,5,-1.03064067838476,0,0.0184442128535249,0.113745813963336
"per_cell_balanced_resampling_OLS","median_resampled_slope","Combined","collection10_k3_tropical_temperate","Coolhouse","Warmhouse",3,6,-0.470635690167073,3,0.077790173896099,0.155580347792198
"per_cell_balanced_resampling_OLS","median_resampled_slope","Combined","collection10_k3_tropical_temperate","Coolhouse","Hothouse",3,5,-0.598491689090085,2,0.0680185640570718,0.155580347792198
"per_cell_balanced_resampling_OLS","median_resampled_slope","Combined","collection10_k3_tropical_temperate","Coolhouse","Transitional",3,7,-0.276315087844223,5,0.127225291323168,0.21204215220528
"per_cell_balanced_resampling_OLS","median_resampled_slope","Combined","collection10_k3_tropical_temperate","Coldhouse","Coolhouse",3,3,-0.43214898929467,3,0.331260291770029,0.368066990855588
"per_cell_balanced_resampling_OLS","median_resampled_slope","Combined","collection10_k3_tropical_temperate","Transitional","Warmhouse",7,6,-0.19432060232285,16,0.260158400253683,0.368066990855588
"per_cell_balanced_resampling_OLS","median_resampled_slope","Combined","collection10_k3_tropical_temperate","Warmhouse","Hothouse",6,5,-0.127855998923013,12,0.324038434069573,0.368066990855588
"per_cell_balanced_resampling_OLS","median_resampled_slope","Combined","collection10_k3_tropical_temperate","Transitional","Hothouse",7,5,-0.322176601245863,16,0.435495597398732,0.435495597398732
"per_cell_balanced_resampling_OLS","median_resampled_slope","Combined","collection10_k3_tropical_temperate_polar","Coolhouse","Hothouse",2,2,-0.622784597374797,0,0.122639058403386,0.245278116806773
"per_cell_balanced_resampling_OLS","median_resampled_slope","Combined","collection10_k3_tropical_temperate_polar","Transitional","Hothouse",2,2,-0.653029417265296,0,0.122639058403386,0.245278116806773
"per_cell_balanced_resampling_OLS","median_resampled_slope","Combined","collection10_k3_tropical_temperate_polar","Warmhouse","Hothouse",3,2,-0.535608171811677,0,0.0744573365893828,0.245278116806773
"per_cell_balanced_resampling_OLS","median_resampled_slope","Combined","collection10_k3_tropical_temperate_polar","Transitional","Warmhouse",2,3,-0.117421245453619,2,0.386414996342224,0.579622494513336
"per_cell_balanced_resampling_OLS","median_resampled_slope","Combined","collection10_k3_tropical_temperate_polar","Coolhouse","Transitional",2,2,0.0302448198904994,2,0.650732320848331,0.650732320848331
"per_cell_balanced_resampling_OLS","median_resampled_slope","Combined","collection10_k3_tropical_temperate_polar","Coolhouse","Warmhouse",2,3,-0.08717642556312,3,0.613585003657776,0.650732320848331
"per_cell_balanced_resampling_OLS","median_resampled_slope","Combined","collection10_k3_tropical_temperate_polar","Coldhouse","Coolhouse",1,2,-0.596078092825688,NA,NA,NA
"per_cell_balanced_resampling_OLS","median_resampled_slope","Combined","collection10_k3_tropical_temperate_polar","Coldhouse","Transitional",1,2,-0.565833272935188,NA,NA,NA
"per_cell_balanced_resampling_OLS","median_resampled_slope","Combined","collection10_k3_tropical_temperate_polar","Coldhouse","Warmhouse",1,3,-0.683254518388808,NA,NA,NA
"per_cell_balanced_resampling_OLS","median_resampled_slope","Combined","collection10_k3_tropical_temperate_polar","Coldhouse","Hothouse",1,2,-1.21886269020048,NA,NA,NA
"per_cell_balanced_resampling_OLS","median_resampled_slope","Northern","occurrence5_k1_tropical_temperate","Coldhouse","Transitional",10,15,-0.609270873082558,13,0.000323143659079608,0.00161571829539804
"per_cell_balanced_resampling_OLS","median_resampled_slope","Northern","occurrence5_k1_tropical_temperate","Coldhouse","Warmhouse",10,11,-0.60980213390426,6,0.000318597436231716,0.00161571829539804
"per_cell_balanced_resampling_OLS","median_resampled_slope","Northern","occurrence5_k1_tropical_temperate","Coolhouse","Transitional",15,15,-0.404265330622575,41,0.00161507179779333,0.00538357265931111
"per_cell_balanced_resampling_OLS","median_resampled_slope","Northern","occurrence5_k1_tropical_temperate","Coolhouse","Warmhouse",15,11,-0.404796591444276,27,0.00215525785344579,0.00538814463361448
"per_cell_balanced_resampling_OLS","median_resampled_slope","Northern","occurrence5_k1_tropical_temperate","Coldhouse","Hothouse",10,10,-0.317488779967888,31,0.080986205240063,0.161972410480126
"per_cell_balanced_resampling_OLS","median_resampled_slope","Northern","occurrence5_k1_tropical_temperate","Coldhouse","Coolhouse",10,15,-0.205005542459984,60,0.210607456314543,0.351012427190905
"per_cell_balanced_resampling_OLS","median_resampled_slope","Northern","occurrence5_k1_tropical_temperate","Coolhouse","Hothouse",15,10,-0.112483237507905,65,0.299108882245516,0.42729840320788
"per_cell_balanced_resampling_OLS","median_resampled_slope","Northern","occurrence5_k1_tropical_temperate","Transitional","Warmhouse",15,11,-0.000531260821701615,85,0.561865168186119,0.702331460232649
"per_cell_balanced_resampling_OLS","median_resampled_slope","Northern","occurrence5_k1_tropical_temperate","Transitional","Hothouse",15,10,0.29178209311467,107,0.964288271135074,0.968984479092318
"per_cell_balanced_resampling_OLS","median_resampled_slope","Northern","occurrence5_k1_tropical_temperate","Warmhouse","Hothouse",11,10,0.292313353936372,81,0.968984479092318,0.968984479092318
"per_cell_balanced_resampling_OLS","median_resampled_slope","Northern","occurrence5_k1_tropical_temperate_polar","Coldhouse","Transitional",7,12,-0.822585972350126,0,0.000226262566738465,0.00190076460718153
"per_cell_balanced_resampling_OLS","median_resampled_slope","Northern","occurrence5_k1_tropical_temperate_polar","Coldhouse","Warmhouse",7,10,-0.745654160194543,0,0.000380152921436306,0.00190076460718153
"per_cell_balanced_resampling_OLS","median_resampled_slope","Northern","occurrence5_k1_tropical_temperate_polar","Coldhouse","Coolhouse",7,10,-0.525788499080078,7,0.003640346121149,0.00910086530287249
"per_cell_balanced_resampling_OLS","median_resampled_slope","Northern","occurrence5_k1_tropical_temperate_polar","Coldhouse","Hothouse",7,5,-0.510216887056115,0,0.00288306045711863,0.00910086530287249
"per_cell_balanced_resampling_OLS","median_resampled_slope","Northern","occurrence5_k1_tropical_temperate_polar","Coolhouse","Transitional",10,12,-0.296797473270048,23,0.00804784018963777,0.0160956803792755
"per_cell_balanced_resampling_OLS","median_resampled_slope","Northern","occurrence5_k1_tropical_temperate_polar","Coolhouse","Warmhouse",10,10,-0.219865661114465,25,0.0320110506415135,0.0533517510691891
"per_cell_balanced_resampling_OLS","median_resampled_slope","Northern","occurrence5_k1_tropical_temperate_polar","Coolhouse","Hothouse",10,5,0.0155716120239627,20,0.290770501215748,0.415386430308211
"per_cell_balanced_resampling_OLS","median_resampled_slope","Northern","occurrence5_k1_tropical_temperate_polar","Transitional","Warmhouse",12,10,0.0769318121555825,73,0.813310987159772,0.93679761582744
"per_cell_balanced_resampling_OLS","median_resampled_slope","Northern","occurrence5_k1_tropical_temperate_polar","Transitional","Hothouse",12,5,0.312369085294011,44,0.93679761582744,0.93679761582744
"per_cell_balanced_resampling_OLS","median_resampled_slope","Northern","occurrence5_k1_tropical_temperate_polar","Warmhouse","Hothouse",10,5,0.235437273138428,33,0.851069916225097,0.93679761582744
"per_cell_balanced_resampling_OLS","median_resampled_slope","Northern","occurrence5_k2_tropical_temperate","Coldhouse","Transitional",7,13,-0.504821673929639,3,0.000437043605649237,0.00437043605649237
"per_cell_balanced_resampling_OLS","median_resampled_slope","Northern","occurrence5_k2_tropical_temperate","Coldhouse","Warmhouse",7,8,-0.460359777819492,2,0.00158347019082835,0.00791735095414173
"per_cell_balanced_resampling_OLS","median_resampled_slope","Northern","occurrence5_k2_tropical_temperate","Coolhouse","Transitional",9,13,-0.356874290306521,17,0.00309164081325562,0.0103054693775187
"per_cell_balanced_resampling_OLS","median_resampled_slope","Northern","occurrence5_k2_tropical_temperate","Coldhouse","Hothouse",7,8,-0.220506109913896,6,0.00642063116860977,0.0160515779215244
"per_cell_balanced_resampling_OLS","median_resampled_slope","Northern","occurrence5_k2_tropical_temperate","Coolhouse","Warmhouse",9,8,-0.312412394196374,12,0.0118706972653629,0.0237413945307259
"per_cell_balanced_resampling_OLS","median_resampled_slope","Northern","occurrence5_k2_tropical_temperate","Coldhouse","Coolhouse",7,9,-0.147947383623117,20,0.122138371911633,0.191765779259806
"per_cell_balanced_resampling_OLS","median_resampled_slope","Northern","occurrence5_k2_tropical_temperate","Coolhouse","Hothouse",9,8,-0.0725587262907788,24,0.134236045481864,0.191765779259806
"per_cell_balanced_resampling_OLS","median_resampled_slope","Northern","occurrence5_k2_tropical_temperate","Transitional","Warmhouse",13,8,0.0444618961101468,66,0.853163906576184,0.931178271561454
"per_cell_balanced_resampling_OLS","median_resampled_slope","Northern","occurrence5_k2_tropical_temperate","Transitional","Hothouse",13,8,0.284315564015743,72,0.931178271561454,0.931178271561454
"per_cell_balanced_resampling_OLS","median_resampled_slope","Northern","occurrence5_k2_tropical_temperate","Warmhouse","Hothouse",8,8,0.239853667905596,41,0.840787466646592,0.931178271561454
"per_cell_balanced_resampling_OLS","median_resampled_slope","Northern","occurrence5_k2_tropical_temperate_polar","Coldhouse","Transitional",4,8,-0.484046381473215,0,0.00423740094607692,0.0332740888420268
"per_cell_balanced_resampling_OLS","median_resampled_slope","Northern","occurrence5_k2_tropical_temperate_polar","Coldhouse","Warmhouse",4,6,-0.397505421661876,0,0.00710701943454103,0.0332740888420268
"per_cell_balanced_resampling_OLS","median_resampled_slope","Northern","occurrence5_k2_tropical_temperate_polar","Coldhouse","Hothouse",4,5,-0.223246208241943,0,0.00998222665260803,0.0332740888420268
"per_cell_balanced_resampling_OLS","median_resampled_slope","Northern","occurrence5_k2_tropical_temperate_polar","Coolhouse","Transitional",7,8,-0.337775294289218,11,0.0280985559593969,0.0702463898984924
"per_cell_balanced_resampling_OLS","median_resampled_slope","Northern","occurrence5_k2_tropical_temperate_polar","Coolhouse","Warmhouse",7,6,-0.251234334477879,9,0.0502062469930514,0.100412493986103
"per_cell_balanced_resampling_OLS","median_resampled_slope","Northern","occurrence5_k2_tropical_temperate_polar","Coldhouse","Coolhouse",4,7,-0.146271087183997,7,0.109651324839659,0.182587933961723
"per_cell_balanced_resampling_OLS","median_resampled_slope","Northern","occurrence5_k2_tropical_temperate_polar","Coolhouse","Hothouse",7,5,-0.0769751210579464,10,0.127811553773206,0.182587933961723
"per_cell_balanced_resampling_OLS","median_resampled_slope","Northern","occurrence5_k2_tropical_temperate_polar","Transitional","Warmhouse",8,6,0.0865409598113392,30,0.799306417144117,0.82932534302262
"per_cell_balanced_resampling_OLS","median_resampled_slope","Northern","occurrence5_k2_tropical_temperate_polar","Transitional","Hothouse",8,5,0.260800173231272,26,0.82932534302262,0.82932534302262
"per_cell_balanced_resampling_OLS","median_resampled_slope","Northern","occurrence5_k2_tropical_temperate_polar","Warmhouse","Hothouse",6,5,0.174259213419933,18,0.738591673040456,0.82932534302262
"per_cell_balanced_resampling_OLS","median_resampled_slope","Northern","occurrence5_k3_tropical_temperate","Coolhouse","Transitional",6,8,-0.541576834050763,0,0.00120732445687942,0.0120732445687942
"per_cell_balanced_resampling_OLS","median_resampled_slope","Northern","occurrence5_k3_tropical_temperate","Coldhouse","Transitional",4,8,-0.539827801574499,0,0.00423740094607692,0.0211870047303846
"per_cell_balanced_resampling_OLS","median_resampled_slope","Northern","occurrence5_k3_tropical_temperate","Coolhouse","Warmhouse",6,6,-0.460432513856635,2,0.00653261338221299,0.02177537794071
"per_cell_balanced_resampling_OLS","median_resampled_slope","Northern","occurrence5_k3_tropical_temperate","Coldhouse","Warmhouse",4,6,-0.458683481380371,1,0.0125907322022298,0.0314768305055746
"per_cell_balanced_resampling_OLS","median_resampled_slope","Northern","occurrence5_k3_tropical_temperate","Coldhouse","Hothouse",4,5,-0.214413418707608,3,0.0556734432665702,0.100575667106205
"per_cell_balanced_resampling_OLS","median_resampled_slope","Northern","occurrence5_k3_tropical_temperate","Coolhouse","Hothouse",6,5,-0.216162451183872,6,0.0603454002637228,0.100575667106205
"per_cell_balanced_resampling_OLS","median_resampled_slope","Northern","occurrence5_k3_tropical_temperate","Coldhouse","Coolhouse",4,6,0.00174903247626379,13,0.625440433499702,0.893486333571003
"per_cell_balanced_resampling_OLS","median_resampled_slope","Northern","occurrence5_k3_tropical_temperate","Transitional","Warmhouse",8,6,0.0811443201941279,35,0.931180872445909,0.966361019730825
"per_cell_balanced_resampling_OLS","median_resampled_slope","Northern","occurrence5_k3_tropical_temperate","Transitional","Hothouse",8,5,0.325414382866891,32,0.966361019730825,0.966361019730825
"per_cell_balanced_resampling_OLS","median_resampled_slope","Northern","occurrence5_k3_tropical_temperate","Warmhouse","Hothouse",6,5,0.244270062672763,19,0.79434310411187,0.966361019730825
"per_cell_balanced_resampling_OLS","median_resampled_slope","Northern","occurrence5_k3_tropical_temperate_polar","Coldhouse","Warmhouse",2,4,-0.397505421661876,0,0.0525962525600207,0.131490631400052
"per_cell_balanced_resampling_OLS","median_resampled_slope","Northern","occurrence5_k3_tropical_temperate_polar","Coolhouse","Transitional",4,3,-0.504894409966782,0,0.0259149636089548,0.131490631400052
"per_cell_balanced_resampling_OLS","median_resampled_slope","Northern","occurrence5_k3_tropical_temperate_polar","Coolhouse","Warmhouse",4,4,-0.39925445413814,1,0.030300984856003,0.131490631400052
"per_cell_balanced_resampling_OLS","median_resampled_slope","Northern","occurrence5_k3_tropical_temperate_polar","Coolhouse","Hothouse",4,2,-0.548557785689327,0,0.0525962525600207,0.131490631400052
"per_cell_balanced_resampling_OLS","median_resampled_slope","Northern","occurrence5_k3_tropical_temperate_polar","Coldhouse","Transitional",2,3,-0.503145377490518,0,0.0744573365893828,0.148914673178766
"per_cell_balanced_resampling_OLS","median_resampled_slope","Northern","occurrence5_k3_tropical_temperate_polar","Coldhouse","Hothouse",2,2,-0.546808753213063,0,0.122639058403386,0.176542838008505
"per_cell_balanced_resampling_OLS","median_resampled_slope","Northern","occurrence5_k3_tropical_temperate_polar","Warmhouse","Hothouse",4,2,-0.149303331551187,1,0.123579986605954,0.176542838008505
"per_cell_balanced_resampling_OLS","median_resampled_slope","Northern","occurrence5_k3_tropical_temperate_polar","Coldhouse","Coolhouse",2,4,0.00174903247626379,4,0.591519339142304,0.681761115175307
"per_cell_balanced_resampling_OLS","median_resampled_slope","Northern","occurrence5_k3_tropical_temperate_polar","Transitional","Hothouse",3,2,-0.0436633757225453,3,0.613585003657776,0.681761115175307
"per_cell_balanced_resampling_OLS","median_resampled_slope","Northern","occurrence5_k3_tropical_temperate_polar","Transitional","Warmhouse",3,4,0.105639955828642,10,0.944194115850854,0.944194115850854
"per_cell_balanced_resampling_OLS","median_resampled_slope","Northern","occurrence10_k1_tropical_temperate","Coldhouse","Transitional",10,14,-0.496568171065898,12,0.000380152921436305,0.00367036657082847
"per_cell_balanced_resampling_OLS","median_resampled_slope","Northern","occurrence10_k1_tropical_temperate","Coldhouse","Warmhouse",10,10,-0.543162089612915,9,0.00110110997124854,0.00367036657082847
"per_cell_balanced_resampling_OLS","median_resampled_slope","Northern","occurrence10_k1_tropical_temperate","Coolhouse","Transitional",15,14,-0.391212440451016,34,0.00104592464450422,0.00367036657082847
"per_cell_balanced_resampling_OLS","median_resampled_slope","Northern","occurrence10_k1_tropical_temperate","Coolhouse","Warmhouse",15,10,-0.437806358998034,22,0.00179460152128419,0.00448650380321048
"per_cell_balanced_resampling_OLS","median_resampled_slope","Northern","occurrence10_k1_tropical_temperate","Coldhouse","Hothouse",10,9,-0.469147916112048,20,0.0227276474245292,0.0454552948490585
"per_cell_balanced_resampling_OLS","median_resampled_slope","Northern","occurrence10_k1_tropical_temperate","Coolhouse","Hothouse",15,9,-0.363792185497166,38,0.0418843360828331,0.0698072268047219
"per_cell_balanced_resampling_OLS","median_resampled_slope","Northern","occurrence10_k1_tropical_temperate","Coldhouse","Coolhouse",10,15,-0.105355730614881,66,0.318643585161799,0.455205121659713
"per_cell_balanced_resampling_OLS","median_resampled_slope","Northern","occurrence10_k1_tropical_temperate","Transitional","Warmhouse",14,10,-0.0465939185470177,64,0.373708535272075,0.467135669090094
"per_cell_balanced_resampling_OLS","median_resampled_slope","Northern","occurrence10_k1_tropical_temperate","Transitional","Hothouse",14,9,0.0274202549538501,70,0.6816991837182,0.757443537464666
"per_cell_balanced_resampling_OLS","median_resampled_slope","Northern","occurrence10_k1_tropical_temperate","Warmhouse","Hothouse",10,9,0.0740141735008678,54,0.781028588550013,0.781028588550013
"per_cell_balanced_resampling_OLS","median_resampled_slope","Northern","occurrence10_k1_tropical_temperate_polar","Coldhouse","Transitional",6,12,-0.468325610850241,0,0.000442283578152501,0.00442283578152501
"per_cell_balanced_resampling_OLS","median_resampled_slope","Northern","occurrence10_k1_tropical_temperate_polar","Coldhouse","Warmhouse",6,9,-0.488111182902452,3,0.00280710677418267,0.0140355338709133
"per_cell_balanced_resampling_OLS","median_resampled_slope","Northern","occurrence10_k1_tropical_temperate_polar","Coolhouse","Transitional",9,12,-0.369044818191884,22,0.0125907322022298,0.0419691073407661
"per_cell_balanced_resampling_OLS","median_resampled_slope","Northern","occurrence10_k1_tropical_temperate_polar","Coolhouse","Warmhouse",9,9,-0.388830390244094,20,0.0386943055710033,0.0967357639275083
"per_cell_balanced_resampling_OLS","median_resampled_slope","Northern","occurrence10_k1_tropical_temperate_polar","Coldhouse","Coolhouse",6,9,-0.0992807926583572,15,0.087662908810433,0.146104848017388
"per_cell_balanced_resampling_OLS","median_resampled_slope","Northern","occurrence10_k1_tropical_temperate_polar","Coldhouse","Hothouse",6,4,-0.465016190106979,5,0.0829032800970067,0.146104848017388
"per_cell_balanced_resampling_OLS","median_resampled_slope","Northern","occurrence10_k1_tropical_temperate_polar","Coolhouse","Hothouse",9,4,-0.365735397448621,13,0.243726645182017,0.348180921688596
"per_cell_balanced_resampling_OLS","median_resampled_slope","Northern","occurrence10_k1_tropical_temperate_polar","Transitional","Warmhouse",12,9,-0.0197855720522102,59,0.652052588414612,0.724502876016235
"per_cell_balanced_resampling_OLS","median_resampled_slope","Northern","occurrence10_k1_tropical_temperate_polar","Warmhouse","Hothouse",9,4,0.0230949927954731,19,0.591519339142304,0.724502876016235
"per_cell_balanced_resampling_OLS","median_resampled_slope","Northern","occurrence10_k1_tropical_temperate_polar","Transitional","Hothouse",12,4,0.00330942074326289,29,0.74760530008344,0.74760530008344
"per_cell_balanced_resampling_OLS","median_resampled_slope","Northern","occurrence10_k2_tropical_temperate","Coldhouse","Transitional",7,12,-0.481152376327366,0,0.000226262566738465,0.00226262566738465
"per_cell_balanced_resampling_OLS","median_resampled_slope","Northern","occurrence10_k2_tropical_temperate","Coldhouse","Warmhouse",7,8,-0.527746294874383,3,0.00228896117884281,0.00607752468861667
"per_cell_balanced_resampling_OLS","median_resampled_slope","Northern","occurrence10_k2_tropical_temperate","Coldhouse","Hothouse",7,6,-0.504013967566524,0,0.00170261791064738,0.00607752468861667
"per_cell_balanced_resampling_OLS","median_resampled_slope","Northern","occurrence10_k2_tropical_temperate","Coolhouse","Transitional",8,12,-0.345802651902046,11,0.00243100987544667,0.00607752468861667
"per_cell_balanced_resampling_OLS","median_resampled_slope","Northern","occurrence10_k2_tropical_temperate","Coolhouse","Warmhouse",8,8,-0.392396570449063,10,0.0119743374398797,0.0199572290664662
"per_cell_balanced_resampling_OLS","median_resampled_slope","Northern","occurrence10_k2_tropical_temperate","Coolhouse","Hothouse",8,6,-0.368664243141204,6,0.0119342210822872,0.0199572290664662
"per_cell_balanced_resampling_OLS","median_resampled_slope","Northern","occurrence10_k2_tropical_temperate","Coldhouse","Coolhouse",7,8,-0.13534972442532,19,0.162635489987106,0.232336414267295
"per_cell_balanced_resampling_OLS","median_resampled_slope","Northern","occurrence10_k2_tropical_temperate","Transitional","Warmhouse",12,8,-0.0465939185470177,49,0.546065749525232,0.628470459582408
"per_cell_balanced_resampling_OLS","median_resampled_slope","Northern","occurrence10_k2_tropical_temperate","Transitional","Hothouse",12,6,-0.0228615912391587,39,0.628470459582408,0.628470459582408
"per_cell_balanced_resampling_OLS","median_resampled_slope","Northern","occurrence10_k2_tropical_temperate","Warmhouse","Hothouse",8,6,0.0237323273078591,25,0.576774701561705,0.628470459582408
"per_cell_balanced_resampling_OLS","median_resampled_slope","Northern","occurrence10_k2_tropical_temperate_polar","Coldhouse","Transitional",3,5,-0.371500079544279,0,0.0184442128535249,0.175244245400006
"per_cell_balanced_resampling_OLS","median_resampled_slope","Northern","occurrence10_k2_tropical_temperate_polar","Coldhouse","Hothouse",3,2,-0.560693375780449,0,0.0744573365893828,0.175244245400006
"per_cell_balanced_resampling_OLS","median_resampled_slope","Northern","occurrence10_k2_tropical_temperate_polar","Coolhouse","Transitional",5,5,-0.342048653822532,4,0.047346471299738,0.175244245400006
"per_cell_balanced_resampling_OLS","median_resampled_slope","Northern","occurrence10_k2_tropical_temperate_polar","Coolhouse","Hothouse",5,2,-0.531241950058702,1,0.087622122700003,0.175244245400006
"per_cell_balanced_resampling_OLS","median_resampled_slope","Northern","occurrence10_k2_tropical_temperate_polar","Warmhouse","Hothouse",4,2,-0.276178275852914,0,0.0525962525600207,0.175244245400006
"per_cell_balanced_resampling_OLS","median_resampled_slope","Northern","occurrence10_k2_tropical_temperate_polar","Coldhouse","Warmhouse",3,4,-0.284515099927535,2,0.10796246947007,0.179937449116784
"per_cell_balanced_resampling_OLS","median_resampled_slope","Northern","occurrence10_k2_tropical_temperate_polar","Coldhouse","Coolhouse",3,5,-0.0294514257217471,5,0.275492493792547,0.311819908963654
"per_cell_balanced_resampling_OLS","median_resampled_slope","Northern","occurrence10_k2_tropical_temperate_polar","Coolhouse","Warmhouse",5,4,-0.255063674205788,7,0.27014568730371,0.311819908963654
"per_cell_balanced_resampling_OLS","median_resampled_slope","Northern","occurrence10_k2_tropical_temperate_polar","Transitional","Hothouse",5,2,-0.18919329623617,3,0.280637918067289,0.311819908963654
"per_cell_balanced_resampling_OLS","median_resampled_slope","Northern","occurrence10_k2_tropical_temperate_polar","Transitional","Warmhouse",5,4,0.0869849796167442,14,0.86482792967261,0.86482792967261
"per_cell_balanced_resampling_OLS","median_resampled_slope","Northern","occurrence10_k3_tropical_temperate","Coldhouse","Transitional",4,8,-0.58581727384017,0,0.00423740094607692,0.0211870047303846
"per_cell_balanced_resampling_OLS","median_resampled_slope","Northern","occurrence10_k3_tropical_temperate","Coolhouse","Transitional",5,8,-0.59633602873601,0,0.00215517924976753,0.0211870047303846
"per_cell_balanced_resampling_OLS","median_resampled_slope","Northern","occurrence10_k3_tropical_temperate","Coolhouse","Warmhouse",5,6,-0.483851477572146,2,0.0112394366830626,0.0280985917076566
"per_cell_balanced_resampling_OLS","median_resampled_slope","Northern","occurrence10_k3_tropical_temperate","Coolhouse","Hothouse",5,4,-0.537241099887017,0,0.00998222665260803,0.0280985917076566
"per_cell_balanced_resampling_OLS","median_resampled_slope","Northern","occurrence10_k3_tropical_temperate","Coldhouse","Hothouse",4,4,-0.526722344991177,0,0.0151914109882887,0.0303828219765775
"per_cell_balanced_resampling_OLS","median_resampled_slope","Northern","occurrence10_k3_tropical_temperate","Coldhouse","Warmhouse",4,6,-0.473332722676305,2,0.0214128046154457,0.0356880076924095
"per_cell_balanced_resampling_OLS","median_resampled_slope","Northern","occurrence10_k3_tropical_temperate","Warmhouse","Hothouse",6,4,-0.0533896223148713,10,0.374559566500298,0.535085095000425
"per_cell_balanced_resampling_OLS","median_resampled_slope","Northern","occurrence10_k3_tropical_temperate","Coldhouse","Coolhouse",4,5,0.0105187548958402,10,0.54873837491116,0.68592296863895
"per_cell_balanced_resampling_OLS","median_resampled_slope","Northern","occurrence10_k3_tropical_temperate","Transitional","Warmhouse",8,6,0.112484551163864,32,0.863754758265024,0.863754758265024
"per_cell_balanced_resampling_OLS","median_resampled_slope","Northern","occurrence10_k3_tropical_temperate","Transitional","Hothouse",8,4,0.0590949288489927,20,0.777651884075146,0.863754758265024
"per_cell_balanced_resampling_OLS","median_resampled_slope","Northern","occurrence10_k3_tropical_temperate_polar","Coldhouse","Transitional",2,3,-0.337881585783244,0,0.0744573365893828,0.223372009768148
"per_cell_balanced_resampling_OLS","median_resampled_slope","Northern","occurrence10_k3_tropical_temperate_polar","Coolhouse","Transitional",2,3,-0.449948030817804,0,0.0744573365893828,0.223372009768148
"per_cell_balanced_resampling_OLS","median_resampled_slope","Northern","occurrence10_k3_tropical_temperate_polar","Coolhouse","Warmhouse",2,2,-0.20966548841404,1,0.349267679151669,0.698535358303339
"per_cell_balanced_resampling_OLS","median_resampled_slope","Northern","occurrence10_k3_tropical_temperate_polar","Coldhouse","Coolhouse",2,2,0.112066445034559,2,0.650732320848331,0.780878785017997
"per_cell_balanced_resampling_OLS","median_resampled_slope","Northern","occurrence10_k3_tropical_temperate_polar","Coldhouse","Warmhouse",2,2,-0.097599043379481,2,0.650732320848331,0.780878785017997
"per_cell_balanced_resampling_OLS","median_resampled_slope","Northern","occurrence10_k3_tropical_temperate_polar","Transitional","Warmhouse",3,2,0.240282542403763,5,0.925542663410617,0.925542663410617
"per_cell_balanced_resampling_OLS","median_resampled_slope","Northern","occurrence10_k3_tropical_temperate_polar","Coldhouse","Hothouse",2,1,-0.411850175602343,NA,NA,NA
"per_cell_balanced_resampling_OLS","median_resampled_slope","Northern","occurrence10_k3_tropical_temperate_polar","Coolhouse","Hothouse",2,1,-0.523916620636902,NA,NA,NA
"per_cell_balanced_resampling_OLS","median_resampled_slope","Northern","occurrence10_k3_tropical_temperate_polar","Transitional","Hothouse",3,1,-0.0739685898190981,NA,NA,NA
"per_cell_balanced_resampling_OLS","median_resampled_slope","Northern","occurrence10_k3_tropical_temperate_polar","Warmhouse","Hothouse",2,1,-0.314251132222861,NA,NA,NA
"per_cell_balanced_resampling_OLS","median_resampled_slope","Northern","collection5_k1_tropical_temperate","Coldhouse","Transitional",10,14,-0.701086150835576,3,4.93346088533091e-05,0.000493346088533091
"per_cell_balanced_resampling_OLS","median_resampled_slope","Northern","collection5_k1_tropical_temperate","Coldhouse","Warmhouse",10,11,-0.532167591285935,6,0.000318597436231716,0.00159298718115858
"per_cell_balanced_resampling_OLS","median_resampled_slope","Northern","collection5_k1_tropical_temperate","Coolhouse","Transitional",14,14,-0.694172260670962,26,0.000509443099772661,0.00169814366590887
"per_cell_balanced_resampling_OLS","median_resampled_slope","Northern","collection5_k1_tropical_temperate","Coolhouse","Warmhouse",14,11,-0.525253701121321,28,0.00396392573329724,0.0099098143332431
"per_cell_balanced_resampling_OLS","median_resampled_slope","Northern","collection5_k1_tropical_temperate","Coldhouse","Hothouse",10,9,-0.305223556235684,21,0.0275069161769895,0.055013832353979
"per_cell_balanced_resampling_OLS","median_resampled_slope","Northern","collection5_k1_tropical_temperate","Coolhouse","Hothouse",14,9,-0.29830966607107,44,0.121930488897631,0.203217481496051
"per_cell_balanced_resampling_OLS","median_resampled_slope","Northern","collection5_k1_tropical_temperate","Coldhouse","Coolhouse",10,14,-0.00691389016461386,58,0.250355630687693,0.357650900982418
"per_cell_balanced_resampling_OLS","median_resampled_slope","Northern","collection5_k1_tropical_temperate","Transitional","Warmhouse",14,11,0.168918559549641,95,0.844417483838648,0.9851209662824
"per_cell_balanced_resampling_OLS","median_resampled_slope","Northern","collection5_k1_tropical_temperate","Transitional","Hothouse",14,9,0.395862594599891,97,0.9851209662824,0.9851209662824
"per_cell_balanced_resampling_OLS","median_resampled_slope","Northern","collection5_k1_tropical_temperate","Warmhouse","Hothouse",11,9,0.22694403505025,68,0.925560253150265,0.9851209662824
"per_cell_balanced_resampling_OLS","median_resampled_slope","Northern","collection5_k1_tropical_temperate_polar","Coldhouse","Transitional",7,10,-0.701375515317134,0,0.000380152921436306,0.00258243877401704
"per_cell_balanced_resampling_OLS","median_resampled_slope","Northern","collection5_k1_tropical_temperate_polar","Coldhouse","Warmhouse",7,9,-0.471771352312482,0,0.000516487754803409,0.00258243877401704
"per_cell_balanced_resampling_OLS","median_resampled_slope","Northern","collection5_k1_tropical_temperate_polar","Coolhouse","Transitional",10,10,-0.621073039918768,15,0.00455424819901548,0.0151808273300516
"per_cell_balanced_resampling_OLS","median_resampled_slope","Northern","collection5_k1_tropical_temperate_polar","Coolhouse","Warmhouse",10,9,-0.391468876914116,19,0.0186682079603314,0.0466705199008286
"per_cell_balanced_resampling_OLS","median_resampled_slope","Northern","collection5_k1_tropical_temperate_polar","Coldhouse","Hothouse",7,4,-0.509990291678713,5,0.0540986237618508,0.108197247523702
"per_cell_balanced_resampling_OLS","median_resampled_slope","Northern","collection5_k1_tropical_temperate_polar","Coldhouse","Coolhouse",7,10,-0.0803024753983662,21,0.0938413862666982,0.156402310444497
"per_cell_balanced_resampling_OLS","median_resampled_slope","Northern","collection5_k1_tropical_temperate_polar","Coolhouse","Hothouse",10,4,-0.429687816280347,13,0.178985336322164,0.255693337603092
"per_cell_balanced_resampling_OLS","median_resampled_slope","Northern","collection5_k1_tropical_temperate_polar","Warmhouse","Hothouse",9,4,-0.038218939366231,18,0.530748557610764,0.663435697013455
"per_cell_balanced_resampling_OLS","median_resampled_slope","Northern","collection5_k1_tropical_temperate_polar","Transitional","Warmhouse",10,9,0.229604163004652,57,0.846282917036302,0.931218053045048
"per_cell_balanced_resampling_OLS","median_resampled_slope","Northern","collection5_k1_tropical_temperate_polar","Transitional","Hothouse",10,4,0.191385223638421,30,0.931218053045048,0.931218053045048
"per_cell_balanced_resampling_OLS","median_resampled_slope","Northern","collection5_k2_tropical_temperate","Coldhouse","Transitional",6,12,-0.656199371742843,0,0.000442283578152501,0.00308156432803671
"per_cell_balanced_resampling_OLS","median_resampled_slope","Northern","collection5_k2_tropical_temperate","Coolhouse","Transitional",6,12,-0.734713502342325,1,0.000616312865607343,0.00308156432803671
"per_cell_balanced_resampling_OLS","median_resampled_slope","Northern","collection5_k2_tropical_temperate","Coldhouse","Warmhouse",6,8,-0.498119054018316,0,0.00120732445687942,0.00367561211774123
"per_cell_balanced_resampling_OLS","median_resampled_slope","Northern","collection5_k2_tropical_temperate","Coldhouse","Hothouse",6,7,-0.474701745104891,0,0.00170261791064738,0.00367561211774123
"per_cell_balanced_resampling_OLS","median_resampled_slope","Northern","collection5_k2_tropical_temperate","Coolhouse","Warmhouse",6,8,-0.576633184617798,1,0.00183780605887062,0.00367561211774123
"per_cell_balanced_resampling_OLS","median_resampled_slope","Northern","collection5_k2_tropical_temperate","Coolhouse","Hothouse",6,7,-0.553215875704374,1,0.0026704962625336,0.00445082710422267
"per_cell_balanced_resampling_OLS","median_resampled_slope","Northern","collection5_k2_tropical_temperate","Warmhouse","Hothouse",8,7,0.0234173089134247,30,0.61383127935361,0.876901827648014
"per_cell_balanced_resampling_OLS","median_resampled_slope","Northern","collection5_k2_tropical_temperate","Coldhouse","Coolhouse",6,6,0.0785141305994822,23,0.81076120337766,0.898491446975393
"per_cell_balanced_resampling_OLS","median_resampled_slope","Northern","collection5_k2_tropical_temperate","Transitional","Warmhouse",12,8,0.158080317724527,64,0.898491446975393,0.898491446975393
"per_cell_balanced_resampling_OLS","median_resampled_slope","Northern","collection5_k2_tropical_temperate","Transitional","Hothouse",12,7,0.181497626637951,56,0.889801597534578,0.898491446975393
"per_cell_balanced_resampling_OLS","median_resampled_slope","Northern","collection5_k2_tropical_temperate_polar","Coldhouse","Transitional",3,5,-0.263104214091057,0,0.0184442128535249,0.0757524621400076
"per_cell_balanced_resampling_OLS","median_resampled_slope","Northern","collection5_k2_tropical_temperate_polar","Coldhouse","Warmhouse",3,4,-0.394813598545054,0,0.0259149636089548,0.0757524621400076
"per_cell_balanced_resampling_OLS","median_resampled_slope","Northern","collection5_k2_tropical_temperate_polar","Coolhouse","Transitional",4,5,-0.419283918153354,1,0.0186682079603315,0.0757524621400076
"per_cell_balanced_resampling_OLS","median_resampled_slope","Northern","collection5_k2_tropical_temperate_polar","Coolhouse","Warmhouse",4,4,-0.55099330260735,1,0.030300984856003,0.0757524621400076
"per_cell_balanced_resampling_OLS","median_resampled_slope","Northern","collection5_k2_tropical_temperate_polar","Coolhouse","Hothouse",4,2,-0.694900725037648,0,0.0525962525600207,0.105192505120041
"per_cell_balanced_resampling_OLS","median_resampled_slope","Northern","collection5_k2_tropical_temperate_polar","Coldhouse","Hothouse",3,2,-0.538721020975352,0,0.0744573365893828,0.124095560982305
"per_cell_balanced_resampling_OLS","median_resampled_slope","Northern","collection5_k2_tropical_temperate_polar","Transitional","Hothouse",5,2,-0.275616806884294,3,0.280637918067289,0.400911311524698
"per_cell_balanced_resampling_OLS","median_resampled_slope","Northern","collection5_k2_tropical_temperate_polar","Transitional","Warmhouse",5,4,-0.131709384453996,8,0.356651586939229,0.445814483674036
"per_cell_balanced_resampling_OLS","median_resampled_slope","Northern","collection5_k2_tropical_temperate_polar","Warmhouse","Hothouse",4,2,-0.143907422430298,3,0.408480660857696,0.453867400952995
"per_cell_balanced_resampling_OLS","median_resampled_slope","Northern","collection5_k2_tropical_temperate_polar","Coldhouse","Coolhouse",3,4,0.156179704062296,9,0.89203753052993,0.89203753052993
"per_cell_balanced_resampling_OLS","median_resampled_slope","Northern","collection5_k3_tropical_temperate","Coldhouse","Transitional",4,8,-0.710971307649539,0,0.00423740094607692,0.0177675485863526
"per_cell_balanced_resampling_OLS","median_resampled_slope","Northern","collection5_k3_tropical_temperate","Coldhouse","Warmhouse",4,6,-0.498119054018316,0,0.00710701943454103,0.0177675485863526
"per_cell_balanced_resampling_OLS","median_resampled_slope","Northern","collection5_k3_tropical_temperate","Coolhouse","Transitional",4,8,-0.75700540327785,0,0.00423740094607692,0.0177675485863526
"per_cell_balanced_resampling_OLS","median_resampled_slope","Northern","collection5_k3_tropical_temperate","Coolhouse","Warmhouse",4,6,-0.544153149646628,0,0.00710701943454103,0.0177675485863526
"per_cell_balanced_resampling_OLS","median_resampled_slope","Northern","collection5_k3_tropical_temperate","Coldhouse","Hothouse",4,3,-0.537288638209192,0,0.0259149636089548,0.0431916060149247
"per_cell_balanced_resampling_OLS","median_resampled_slope","Northern","collection5_k3_tropical_temperate","Coolhouse","Hothouse",4,3,-0.583322733837503,0,0.0259149636089548,0.0431916060149247
"per_cell_balanced_resampling_OLS","median_resampled_slope","Northern","collection5_k3_tropical_temperate","Coldhouse","Coolhouse",4,4,0.0460340956283115,7,0.442616957236601,0.63230993890943
"per_cell_balanced_resampling_OLS","median_resampled_slope","Northern","collection5_k3_tropical_temperate","Warmhouse","Hothouse",6,3,-0.0391695841908756,9,0.551360519369958,0.689200649212448
"per_cell_balanced_resampling_OLS","median_resampled_slope","Northern","collection5_k3_tropical_temperate","Transitional","Warmhouse",8,6,0.212852253631223,42,0.991537655765773,0.991537655765773
"per_cell_balanced_resampling_OLS","median_resampled_slope","Northern","collection5_k3_tropical_temperate","Transitional","Hothouse",8,3,0.173682669440347,22,0.983955633010884,0.991537655765773
"per_cell_balanced_resampling_OLS","median_resampled_slope","Northern","collection5_k3_tropical_temperate_polar","Coldhouse","Warmhouse",2,2,-0.431938199747184,0,0.122639058403386,0.18395858760508
"per_cell_balanced_resampling_OLS","median_resampled_slope","Northern","collection5_k3_tropical_temperate_polar","Coldhouse","Hothouse",2,2,-0.575845622177482,0,0.122639058403386,0.18395858760508
"per_cell_balanced_resampling_OLS","median_resampled_slope","Northern","collection5_k3_tropical_temperate_polar","Warmhouse","Hothouse",2,2,-0.143907422430298,1,0.349267679151669,0.349267679151669
"per_cell_balanced_resampling_OLS","median_resampled_slope","Northern","collection5_k3_tropical_temperate_polar","Coldhouse","Coolhouse",2,1,-0.192635376441831,NA,NA,NA
"per_cell_balanced_resampling_OLS","median_resampled_slope","Northern","collection5_k3_tropical_temperate_polar","Coldhouse","Transitional",2,1,-0.552530829202397,NA,NA,NA
"per_cell_balanced_resampling_OLS","median_resampled_slope","Northern","collection5_k3_tropical_temperate_polar","Coolhouse","Transitional",1,1,-0.359895452760566,NA,NA,NA
"per_cell_balanced_resampling_OLS","median_resampled_slope","Northern","collection5_k3_tropical_temperate_polar","Coolhouse","Warmhouse",1,2,-0.239302823305352,NA,NA,NA
"per_cell_balanced_resampling_OLS","median_resampled_slope","Northern","collection5_k3_tropical_temperate_polar","Coolhouse","Hothouse",1,2,-0.38321024573565,NA,NA,NA
"per_cell_balanced_resampling_OLS","median_resampled_slope","Northern","collection5_k3_tropical_temperate_polar","Transitional","Warmhouse",1,2,0.120592629455214,NA,NA,NA
"per_cell_balanced_resampling_OLS","median_resampled_slope","Northern","collection5_k3_tropical_temperate_polar","Transitional","Hothouse",1,2,-0.0233147929750843,NA,NA,NA
"per_cell_balanced_resampling_OLS","median_resampled_slope","Northern","collection10_k1_tropical_temperate","Coldhouse","Transitional",8,11,-0.850461302751076,11,0.00364171844483574,0.0099543615081875
"per_cell_balanced_resampling_OLS","median_resampled_slope","Northern","collection10_k1_tropical_temperate","Coldhouse","Warmhouse",8,9,-0.68801755529283,4,0.00121836740449451,0.0099543615081875
"per_cell_balanced_resampling_OLS","median_resampled_slope","Northern","collection10_k1_tropical_temperate","Coldhouse","Hothouse",8,7,-0.655463486821125,3,0.00228896117884281,0.0099543615081875
"per_cell_balanced_resampling_OLS","median_resampled_slope","Northern","collection10_k1_tropical_temperate","Coolhouse","Warmhouse",10,9,-0.471175330946871,12,0.003981744603275,0.0099543615081875
"per_cell_balanced_resampling_OLS","median_resampled_slope","Northern","collection10_k1_tropical_temperate","Coolhouse","Transitional",10,11,-0.633619078405118,20,0.00756156720153343,0.0151231344030669
"per_cell_balanced_resampling_OLS","median_resampled_slope","Northern","collection10_k1_tropical_temperate","Coolhouse","Hothouse",10,7,-0.438621262475167,11,0.010913495019209,0.0181891583653484
"per_cell_balanced_resampling_OLS","median_resampled_slope","Northern","collection10_k1_tropical_temperate","Coldhouse","Coolhouse",8,10,-0.216842224345959,32,0.252580131545728,0.36082875935104
"per_cell_balanced_resampling_OLS","median_resampled_slope","Northern","collection10_k1_tropical_temperate","Transitional","Warmhouse",11,9,0.162443747458246,49,0.5,0.625
"per_cell_balanced_resampling_OLS","median_resampled_slope","Northern","collection10_k1_tropical_temperate","Warmhouse","Hothouse",9,7,0.0325540684717049,36,0.7016861059983,0.779651228887
"per_cell_balanced_resampling_OLS","median_resampled_slope","Northern","collection10_k1_tropical_temperate","Transitional","Hothouse",11,7,0.194997815929951,47,0.792492505137117,0.792492505137117
"per_cell_balanced_resampling_OLS","median_resampled_slope","Northern","collection10_k1_tropical_temperate_polar","Coldhouse","Transitional",5,4,-0.397036914951611,2,0.0330962898610967,0.135601882056792
"per_cell_balanced_resampling_OLS","median_resampled_slope","Northern","collection10_k1_tropical_temperate_polar","Coldhouse","Warmhouse",5,4,-0.443847382428111,2,0.0330962898610967,0.135601882056792
"per_cell_balanced_resampling_OLS","median_resampled_slope","Northern","collection10_k1_tropical_temperate_polar","Coldhouse","Hothouse",5,2,-0.554589022551167,0,0.0406805646170377,0.135601882056792
"per_cell_balanced_resampling_OLS","median_resampled_slope","Northern","collection10_k1_tropical_temperate_polar","Coldhouse","Coolhouse",5,7,-0.346903306159154,9,0.0969382153710313,0.193876430742063
"per_cell_balanced_resampling_OLS","median_resampled_slope","Northern","collection10_k1_tropical_temperate_polar","Coolhouse","Hothouse",7,2,-0.207685716392013,2,0.0938413862666982,0.193876430742063
"per_cell_balanced_resampling_OLS","median_resampled_slope","Northern","collection10_k1_tropical_temperate_polar","Coolhouse","Transitional",7,4,-0.0501336087924567,10,0.254165786776073,0.317707233470091
"per_cell_balanced_resampling_OLS","median_resampled_slope","Northern","collection10_k1_tropical_temperate_polar","Coolhouse","Warmhouse",7,4,-0.0969440762689565,10,0.254165786776073,0.317707233470091
"per_cell_balanced_resampling_OLS","median_resampled_slope","Northern","collection10_k1_tropical_temperate_polar","Warmhouse","Hothouse",4,2,-0.110741640123056,2,0.243726645182017,0.317707233470091
"per_cell_balanced_resampling_OLS","median_resampled_slope","Northern","collection10_k1_tropical_temperate_polar","Transitional","Hothouse",4,2,-0.157552107599556,3,0.408480660857696,0.453867400952995
"per_cell_balanced_resampling_OLS","median_resampled_slope","Northern","collection10_k1_tropical_temperate_polar","Transitional","Warmhouse",4,4,-0.0468104674764998,9,0.667497228948985,0.667497228948985
"per_cell_balanced_resampling_OLS","median_resampled_slope","Northern","collection10_k2_tropical_temperate","Coldhouse","Transitional",6,9,-0.74066673568837,7,0.0107781333800082,0.0195088301342639
"per_cell_balanced_resampling_OLS","median_resampled_slope","Northern","collection10_k2_tropical_temperate","Coldhouse","Warmhouse",6,8,-0.554530048994233,4,0.00591056891831115,0.0195088301342639
"per_cell_balanced_resampling_OLS","median_resampled_slope","Northern","collection10_k2_tropical_temperate","Coldhouse","Hothouse",6,6,-0.487417297056218,3,0.0101202852885387,0.0195088301342639
"per_cell_balanced_resampling_OLS","median_resampled_slope","Northern","collection10_k2_tropical_temperate","Coolhouse","Transitional",5,9,-0.854297870763572,5,0.0117052980805584,0.0195088301342639
"per_cell_balanced_resampling_OLS","median_resampled_slope","Northern","collection10_k2_tropical_temperate","Coolhouse","Warmhouse",5,8,-0.668161184069436,2,0.00520749732953164,0.0195088301342639
"per_cell_balanced_resampling_OLS","median_resampled_slope","Northern","collection10_k2_tropical_temperate","Coolhouse","Hothouse",5,6,-0.601048432131421,2,0.0112394366830626,0.0195088301342639
"per_cell_balanced_resampling_OLS","median_resampled_slope","Northern","collection10_k2_tropical_temperate","Coldhouse","Coolhouse",6,5,0.113631135075202,19,0.79434310411187,0.882603449013189
"per_cell_balanced_resampling_OLS","median_resampled_slope","Northern","collection10_k2_tropical_temperate","Transitional","Warmhouse",9,8,0.186136686694136,41,0.701679732651302,0.882603449013189
"per_cell_balanced_resampling_OLS","median_resampled_slope","Northern","collection10_k2_tropical_temperate","Warmhouse","Hothouse",8,6,0.0671127519380149,28,0.719362081932711,0.882603449013189
"per_cell_balanced_resampling_OLS","median_resampled_slope","Northern","collection10_k2_tropical_temperate","Transitional","Hothouse",9,6,0.253249438632151,37,0.89203753052993,0.89203753052993
"per_cell_balanced_resampling_OLS","median_resampled_slope","Northern","collection10_k2_tropical_temperate_polar","Coldhouse","Transitional",2,2,-0.37248803102442,0,0.122639058403386,0.247159973211907
"per_cell_balanced_resampling_OLS","median_resampled_slope","Northern","collection10_k2_tropical_temperate_polar","Coldhouse","Warmhouse",2,4,-0.41929849850092,1,0.123579986605954,0.247159973211907
"per_cell_balanced_resampling_OLS","median_resampled_slope","Northern","collection10_k2_tropical_temperate_polar","Coolhouse","Warmhouse",2,4,-0.441491929344967,1,0.123579986605954,0.247159973211907
"per_cell_balanced_resampling_OLS","median_resampled_slope","Northern","collection10_k2_tropical_temperate_polar","Coolhouse","Transitional",2,2,-0.394681461868468,1,0.349267679151669,0.523901518727504
"per_cell_balanced_resampling_OLS","median_resampled_slope","Northern","collection10_k2_tropical_temperate_polar","Coldhouse","Coolhouse",2,2,0.022193430844047,2,0.650732320848331,0.650732320848331
"per_cell_balanced_resampling_OLS","median_resampled_slope","Northern","collection10_k2_tropical_temperate_polar","Transitional","Warmhouse",2,4,-0.0468104674764998,4,0.591519339142304,0.650732320848331
"per_cell_balanced_resampling_OLS","median_resampled_slope","Northern","collection10_k2_tropical_temperate_polar","Coldhouse","Hothouse",2,1,-0.588291761326177,NA,NA,NA
"per_cell_balanced_resampling_OLS","median_resampled_slope","Northern","collection10_k2_tropical_temperate_polar","Coolhouse","Hothouse",2,1,-0.610485192170224,NA,NA,NA
"per_cell_balanced_resampling_OLS","median_resampled_slope","Northern","collection10_k2_tropical_temperate_polar","Transitional","Hothouse",2,1,-0.215803730301756,NA,NA,NA
"per_cell_balanced_resampling_OLS","median_resampled_slope","Northern","collection10_k2_tropical_temperate_polar","Warmhouse","Hothouse",4,1,-0.168993262825256,NA,NA,NA
"per_cell_balanced_resampling_OLS","median_resampled_slope","Northern","collection10_k3_tropical_temperate","Coldhouse","Transitional",3,4,-1.14245054983972,0,0.0259149636089548,0.139514710372865
"per_cell_balanced_resampling_OLS","median_resampled_slope","Northern","collection10_k3_tropical_temperate","Coldhouse","Warmhouse",3,4,-0.806502551640019,1,0.0558058841491461,0.139514710372865
"per_cell_balanced_resampling_OLS","median_resampled_slope","Northern","collection10_k3_tropical_temperate","Coldhouse","Hothouse",3,3,-0.698086328388883,0,0.0404277991850261,0.139514710372865
"per_cell_balanced_resampling_OLS","median_resampled_slope","Northern","collection10_k3_tropical_temperate","Coolhouse","Transitional",2,4,-1.05484941362106,0,0.0525962525600207,0.139514710372865
"per_cell_balanced_resampling_OLS","median_resampled_slope","Northern","collection10_k3_tropical_temperate","Coolhouse","Hothouse",2,3,-0.610485192170224,0,0.0744573365893828,0.148914673178766
"per_cell_balanced_resampling_OLS","median_resampled_slope","Northern","collection10_k3_tropical_temperate","Coolhouse","Warmhouse",2,4,-0.71890141542136,1,0.123579986605954,0.205966644343256
"per_cell_balanced_resampling_OLS","median_resampled_slope","Northern","collection10_k3_tropical_temperate","Coldhouse","Coolhouse",3,2,-0.0876011362186595,3,0.613585003657776,0.741663587721095
"per_cell_balanced_resampling_OLS","median_resampled_slope","Northern","collection10_k3_tropical_temperate","Transitional","Warmhouse",4,4,0.335947998199702,9,0.667497228948985,0.741663587721095
"per_cell_balanced_resampling_OLS","median_resampled_slope","Northern","collection10_k3_tropical_temperate","Warmhouse","Hothouse",4,3,0.108416223251136,6,0.570158102400667,0.741663587721095
"per_cell_balanced_resampling_OLS","median_resampled_slope","Northern","collection10_k3_tropical_temperate","Transitional","Hothouse",4,3,0.444364221450838,9,0.89203753052993,0.89203753052993
"per_cell_balanced_resampling_OLS","median_resampled_slope","Northern","collection10_k3_tropical_temperate_polar","Coldhouse","Coolhouse",1,1,-0.43214898929467,NA,NA,NA
"per_cell_balanced_resampling_OLS","median_resampled_slope","Northern","collection10_k3_tropical_temperate_polar","Coldhouse","Transitional",1,1,-0.647864903955393,NA,NA,NA
"per_cell_balanced_resampling_OLS","median_resampled_slope","Northern","collection10_k3_tropical_temperate_polar","Coldhouse","Warmhouse",1,2,-0.406512650763691,NA,NA,NA
"per_cell_balanced_resampling_OLS","median_resampled_slope","Northern","collection10_k3_tropical_temperate_polar","Coldhouse","Hothouse",1,0,NA,NA,NA,NA
"per_cell_balanced_resampling_OLS","median_resampled_slope","Northern","collection10_k3_tropical_temperate_polar","Coolhouse","Transitional",1,1,-0.215715914660723,NA,NA,NA
"per_cell_balanced_resampling_OLS","median_resampled_slope","Northern","collection10_k3_tropical_temperate_polar","Coolhouse","Warmhouse",1,2,0.0256363385309796,NA,NA,NA
"per_cell_balanced_resampling_OLS","median_resampled_slope","Northern","collection10_k3_tropical_temperate_polar","Coolhouse","Hothouse",1,0,NA,NA,NA,NA
"per_cell_balanced_resampling_OLS","median_resampled_slope","Northern","collection10_k3_tropical_temperate_polar","Transitional","Warmhouse",1,2,0.241352253191703,NA,NA,NA
"per_cell_balanced_resampling_OLS","median_resampled_slope","Northern","collection10_k3_tropical_temperate_polar","Transitional","Hothouse",1,0,NA,NA,NA,NA
"per_cell_balanced_resampling_OLS","median_resampled_slope","Northern","collection10_k3_tropical_temperate_polar","Warmhouse","Hothouse",2,0,NA,NA,NA,NA
"per_cell_balanced_resampling_OLS","median_resampled_slope","Southern","occurrence5_k1_tropical_temperate","Coldhouse","Hothouse",11,13,-0.46837617577632,33,0.0138471857972601,0.138471857972601
"per_cell_balanced_resampling_OLS","median_resampled_slope","Southern","occurrence5_k1_tropical_temperate","Coldhouse","Transitional",11,10,-0.190233272491585,30,0.042242291810753,0.140807639369177
"per_cell_balanced_resampling_OLS","median_resampled_slope","Southern","occurrence5_k1_tropical_temperate","Coldhouse","Warmhouse",11,11,-0.357578745021352,31,0.0284365180173972,0.140807639369177
"per_cell_balanced_resampling_OLS","median_resampled_slope","Southern","occurrence5_k1_tropical_temperate","Transitional","Hothouse",10,13,-0.278142903284735,40,0.064327713840732,0.16081928460183
"per_cell_balanced_resampling_OLS","median_resampled_slope","Southern","occurrence5_k1_tropical_temperate","Coolhouse","Warmhouse",16,11,-0.298449174763116,65,0.133436289751018,0.222393816251697
"per_cell_balanced_resampling_OLS","median_resampled_slope","Southern","occurrence5_k1_tropical_temperate","Coolhouse","Hothouse",16,13,-0.409246605518085,76,0.1139174640582,0.222393816251697
"per_cell_balanced_resampling_OLS","median_resampled_slope","Southern","occurrence5_k1_tropical_temperate","Coldhouse","Coolhouse",11,16,-0.0591295702582355,68,0.167960925972169,0.239944179960241
"per_cell_balanced_resampling_OLS","median_resampled_slope","Southern","occurrence5_k1_tropical_temperate","Transitional","Warmhouse",10,11,-0.167345472529766,43,0.2090259542678,0.250747056503935
"per_cell_balanced_resampling_OLS","median_resampled_slope","Southern","occurrence5_k1_tropical_temperate","Warmhouse","Hothouse",11,13,-0.110797430754968,58,0.225672350853542,0.250747056503935
"per_cell_balanced_resampling_OLS","median_resampled_slope","Southern","occurrence5_k1_tropical_temperate","Coolhouse","Transitional",16,10,-0.13110370223335,68,0.27222310705161,0.27222310705161
"per_cell_balanced_resampling_OLS","median_resampled_slope","Southern","occurrence5_k1_tropical_temperate_polar","Coolhouse","Hothouse",13,9,-0.443578059620826,22,0.00810816422375185,0.0810816422375185
"per_cell_balanced_resampling_OLS","median_resampled_slope","Southern","occurrence5_k1_tropical_temperate_polar","Coldhouse","Hothouse",4,9,-0.294976328257769,8,0.0713402421486114,0.211001530880678
"per_cell_balanced_resampling_OLS","median_resampled_slope","Southern","occurrence5_k1_tropical_temperate_polar","Transitional","Hothouse",7,9,-0.210712018899414,18,0.0844006123522711,0.211001530880678
"per_cell_balanced_resampling_OLS","median_resampled_slope","Southern","occurrence5_k1_tropical_temperate_polar","Warmhouse","Hothouse",7,9,-0.144545985308717,16,0.0561693629149115,0.211001530880678
"per_cell_balanced_resampling_OLS","median_resampled_slope","Southern","occurrence5_k1_tropical_temperate_polar","Coolhouse","Transitional",13,7,-0.232866040721412,30,0.117290035046926,0.234580070093852
"per_cell_balanced_resampling_OLS","median_resampled_slope","Southern","occurrence5_k1_tropical_temperate_polar","Coolhouse","Warmhouse",13,7,-0.299032074312109,35,0.21405533097043,0.356758884950716
"per_cell_balanced_resampling_OLS","median_resampled_slope","Southern","occurrence5_k1_tropical_temperate_polar","Coldhouse","Transitional",4,7,-0.0842643093583551,11,0.3183008162818,0.454715451831144
"per_cell_balanced_resampling_OLS","median_resampled_slope","Southern","occurrence5_k1_tropical_temperate_polar","Coldhouse","Warmhouse",4,7,-0.150430342949053,15,0.611592997922259,0.764491247402824
"per_cell_balanced_resampling_OLS","median_resampled_slope","Southern","occurrence5_k1_tropical_temperate_polar","Transitional","Warmhouse",7,7,-0.0661660335906974,28,0.695359920347949,0.772622133719943
"per_cell_balanced_resampling_OLS","median_resampled_slope","Southern","occurrence5_k1_tropical_temperate_polar","Coldhouse","Coolhouse",4,13,0.148601731363056,35,0.858961040471732,0.858961040471732
"per_cell_balanced_resampling_OLS","median_resampled_slope","Southern","occurrence5_k2_tropical_temperate","Coldhouse","Hothouse",6,8,-0.579077138132685,0,0.00120732445687942,0.0120732445687942
"per_cell_balanced_resampling_OLS","median_resampled_slope","Southern","occurrence5_k2_tropical_temperate","Transitional","Hothouse",4,8,-0.528787320401778,0,0.00423740094607692,0.0211870047303846
"per_cell_balanced_resampling_OLS","median_resampled_slope","Southern","occurrence5_k2_tropical_temperate","Coldhouse","Warmhouse",6,6,-0.294867761995744,3,0.0101202852885387,0.0337342842951291
"per_cell_balanced_resampling_OLS","median_resampled_slope","Southern","occurrence5_k2_tropical_temperate","Coolhouse","Hothouse",8,8,-0.499423866154732,12,0.0202844278978913,0.0507110697447284
"per_cell_balanced_resampling_OLS","median_resampled_slope","Southern","occurrence5_k2_tropical_temperate","Transitional","Warmhouse",4,6,-0.244577944264837,3,0.0349771792900052,0.0699543585800103
"per_cell_balanced_resampling_OLS","median_resampled_slope","Southern","occurrence5_k2_tropical_temperate","Warmhouse","Hothouse",6,8,-0.284209376136941,11,0.0532915847874438,0.088819307979073
"per_cell_balanced_resampling_OLS","median_resampled_slope","Southern","occurrence5_k2_tropical_temperate","Coolhouse","Warmhouse",8,6,-0.215214490017791,13,0.087622122700003,0.125174461000004
"per_cell_balanced_resampling_OLS","median_resampled_slope","Southern","occurrence5_k2_tropical_temperate","Coldhouse","Coolhouse",6,8,-0.079653271977953,14,0.110015681790706,0.137519602238382
"per_cell_balanced_resampling_OLS","median_resampled_slope","Southern","occurrence5_k2_tropical_temperate","Coldhouse","Transitional",6,4,-0.0502898177309065,7,0.168677825888181,0.187419806542423
"per_cell_balanced_resampling_OLS","median_resampled_slope","Southern","occurrence5_k2_tropical_temperate","Coolhouse","Transitional",8,4,0.0293634542470465,18,0.664437270805094,0.664437270805094
"per_cell_balanced_resampling_OLS","median_resampled_slope","Southern","occurrence5_k2_tropical_temperate_polar","Coolhouse","Hothouse",4,6,-0.444700826029764,0,0.00710701943454103,0.0426421166072462
"per_cell_balanced_resampling_OLS","median_resampled_slope","Southern","occurrence5_k2_tropical_temperate_polar","Transitional","Hothouse",2,6,-0.432636739017825,0,0.0333765075848173,0.0699543585800103
"per_cell_balanced_resampling_OLS","median_resampled_slope","Southern","occurrence5_k2_tropical_temperate_polar","Warmhouse","Hothouse",4,6,-0.229486336011973,3,0.0349771792900052,0.0699543585800103
"per_cell_balanced_resampling_OLS","median_resampled_slope","Southern","occurrence5_k2_tropical_temperate_polar","Coolhouse","Warmhouse",4,4,-0.215214490017791,2,0.056175598845232,0.0842633982678479
"per_cell_balanced_resampling_OLS","median_resampled_slope","Southern","occurrence5_k2_tropical_temperate_polar","Transitional","Warmhouse",2,4,-0.203150403005852,1,0.123579986605954,0.148295983927144
"per_cell_balanced_resampling_OLS","median_resampled_slope","Southern","occurrence5_k2_tropical_temperate_polar","Coolhouse","Transitional",4,2,-0.0120640870119387,4,0.591519339142304,0.591519339142304
"per_cell_balanced_resampling_OLS","median_resampled_slope","Southern","occurrence5_k2_tropical_temperate_polar","Coldhouse","Coolhouse",1,4,0.0245042963393305,NA,NA,NA
"per_cell_balanced_resampling_OLS","median_resampled_slope","Southern","occurrence5_k2_tropical_temperate_polar","Coldhouse","Transitional",1,2,0.0124402093273917,NA,NA,NA
"per_cell_balanced_resampling_OLS","median_resampled_slope","Southern","occurrence5_k2_tropical_temperate_polar","Coldhouse","Warmhouse",1,4,-0.19071019367846,NA,NA,NA
"per_cell_balanced_resampling_OLS","median_resampled_slope","Southern","occurrence5_k2_tropical_temperate_polar","Coldhouse","Hothouse",1,6,-0.420196529690434,NA,NA,NA
"per_cell_balanced_resampling_OLS","median_resampled_slope","Southern","occurrence5_k3_tropical_temperate","Transitional","Hothouse",4,4,-0.474064280276811,0,0.0151914109882887,0.0933410398016573
"per_cell_balanced_resampling_OLS","median_resampled_slope","Southern","occurrence5_k3_tropical_temperate","Warmhouse","Hothouse",5,4,-0.270453856003117,1,0.0186682079603315,0.0933410398016573
"per_cell_balanced_resampling_OLS","median_resampled_slope","Southern","occurrence5_k3_tropical_temperate","Coldhouse","Hothouse",2,4,-0.437310339617574,0,0.0525962525600207,0.11134688653314
"per_cell_balanced_resampling_OLS","median_resampled_slope","Southern","occurrence5_k3_tropical_temperate","Coolhouse","Hothouse",5,4,-0.500823022109744,3,0.0556734432665702,0.11134688653314
"per_cell_balanced_resampling_OLS","median_resampled_slope","Southern","occurrence5_k3_tropical_temperate","Transitional","Warmhouse",4,5,-0.203610424273693,3,0.0556734432665702,0.11134688653314
"per_cell_balanced_resampling_OLS","median_resampled_slope","Southern","occurrence5_k3_tropical_temperate","Coolhouse","Warmhouse",5,5,-0.230369166106627,6,0.105037520393329,0.175062533988882
"per_cell_balanced_resampling_OLS","median_resampled_slope","Southern","occurrence5_k3_tropical_temperate","Coldhouse","Warmhouse",2,5,-0.166856483614456,2,0.166460804032783,0.237801148618261
"per_cell_balanced_resampling_OLS","median_resampled_slope","Southern","occurrence5_k3_tropical_temperate","Coldhouse","Transitional",2,4,0.036753940659237,4,0.591519339142304,0.657243710158116
"per_cell_balanced_resampling_OLS","median_resampled_slope","Southern","occurrence5_k3_tropical_temperate","Coolhouse","Transitional",5,4,-0.0267587418329336,10,0.54873837491116,0.657243710158116
"per_cell_balanced_resampling_OLS","median_resampled_slope","Southern","occurrence5_k3_tropical_temperate","Coldhouse","Coolhouse",2,5,0.0635126824921705,6,0.719362081932711,0.719362081932711
"per_cell_balanced_resampling_OLS","median_resampled_slope","Southern","occurrence5_k3_tropical_temperate_polar","Coolhouse","Warmhouse",3,3,-0.312304206088915,0,0.0404277991850261,0.0837088262237192
"per_cell_balanced_resampling_OLS","median_resampled_slope","Southern","occurrence5_k3_tropical_temperate_polar","Coolhouse","Hothouse",3,4,-0.500823022109744,0,0.0259149636089548,0.0837088262237192
"per_cell_balanced_resampling_OLS","median_resampled_slope","Southern","occurrence5_k3_tropical_temperate_polar","Transitional","Hothouse",2,4,-0.432636739017825,0,0.0525962525600207,0.0837088262237192
"per_cell_balanced_resampling_OLS","median_resampled_slope","Southern","occurrence5_k3_tropical_temperate_polar","Warmhouse","Hothouse",3,4,-0.18851881602083,1,0.0558058841491461,0.0837088262237192
"per_cell_balanced_resampling_OLS","median_resampled_slope","Southern","occurrence5_k3_tropical_temperate_polar","Transitional","Warmhouse",2,3,-0.244117922996996,0,0.0744573365893828,0.0893488039072594
"per_cell_balanced_resampling_OLS","median_resampled_slope","Southern","occurrence5_k3_tropical_temperate_polar","Coolhouse","Transitional",3,2,-0.0681862830919188,2,0.386414996342224,0.386414996342224
"per_cell_balanced_resampling_OLS","median_resampled_slope","Southern","occurrence5_k3_tropical_temperate_polar","Coldhouse","Coolhouse",1,3,0.0806264924193105,NA,NA,NA
"per_cell_balanced_resampling_OLS","median_resampled_slope","Southern","occurrence5_k3_tropical_temperate_polar","Coldhouse","Transitional",1,2,0.0124402093273917,NA,NA,NA
"per_cell_balanced_resampling_OLS","median_resampled_slope","Southern","occurrence5_k3_tropical_temperate_polar","Coldhouse","Warmhouse",1,3,-0.231677713669604,NA,NA,NA
"per_cell_balanced_resampling_OLS","median_resampled_slope","Southern","occurrence5_k3_tropical_temperate_polar","Coldhouse","Hothouse",1,4,-0.420196529690434,NA,NA,NA
"per_cell_balanced_resampling_OLS","median_resampled_slope","Southern","occurrence10_k1_tropical_temperate","Coldhouse","Hothouse",10,12,-0.590587291524602,18,0.00310550014940796,0.0310550014940796
"per_cell_balanced_resampling_OLS","median_resampled_slope","Southern","occurrence10_k1_tropical_temperate","Transitional","Hothouse",9,12,-0.492666455220543,26,0.0253305165762473,0.126652582881236
"per_cell_balanced_resampling_OLS","median_resampled_slope","Southern","occurrence10_k1_tropical_temperate","Coldhouse","Coolhouse",10,16,-0.1344748821327,56,0.107754476111472,0.172056521649474
"per_cell_balanced_resampling_OLS","median_resampled_slope","Southern","occurrence10_k1_tropical_temperate","Coldhouse","Transitional",10,9,-0.0979208363040587,30,0.118222357786152,0.172056521649474
"per_cell_balanced_resampling_OLS","median_resampled_slope","Southern","occurrence10_k1_tropical_temperate","Coldhouse","Warmhouse",10,10,-0.368482445737975,30,0.0702325240791775,0.172056521649474
"per_cell_balanced_resampling_OLS","median_resampled_slope","Southern","occurrence10_k1_tropical_temperate","Coolhouse","Hothouse",16,12,-0.456112409391902,72,0.137645217319579,0.172056521649474
"per_cell_balanced_resampling_OLS","median_resampled_slope","Southern","occurrence10_k1_tropical_temperate","Transitional","Warmhouse",9,10,-0.270561609433916,31,0.13517207032739,0.172056521649474
"per_cell_balanced_resampling_OLS","median_resampled_slope","Southern","occurrence10_k1_tropical_temperate","Warmhouse","Hothouse",10,12,-0.222104845786627,35,0.0531031603408,0.172056521649474
"per_cell_balanced_resampling_OLS","median_resampled_slope","Southern","occurrence10_k1_tropical_temperate","Coolhouse","Warmhouse",16,10,-0.234007563605274,70,0.308293260866921,0.342548067629912
"per_cell_balanced_resampling_OLS","median_resampled_slope","Southern","occurrence10_k1_tropical_temperate","Coolhouse","Transitional",16,9,0.0365540458286416,80,0.68481912287733,0.68481912287733
"per_cell_balanced_resampling_OLS","median_resampled_slope","Southern","occurrence10_k1_tropical_temperate_polar","Coldhouse","Hothouse",4,8,-0.524791504646396,1,0.00689471306565113,0.0344735653282557
"per_cell_balanced_resampling_OLS","median_resampled_slope","Southern","occurrence10_k1_tropical_temperate_polar","Warmhouse","Hothouse",6,8,-0.304129024711016,4,0.00591056891831115,0.0344735653282557
"per_cell_balanced_resampling_OLS","median_resampled_slope","Southern","occurrence10_k1_tropical_temperate_polar","Coolhouse","Hothouse",12,8,-0.565471606276243,20,0.0169326851664126,0.056442283888042
"per_cell_balanced_resampling_OLS","median_resampled_slope","Southern","occurrence10_k1_tropical_temperate_polar","Transitional","Hothouse",6,8,-0.474126946425312,8,0.0226939645193972,0.056734911298493
"per_cell_balanced_resampling_OLS","median_resampled_slope","Southern","occurrence10_k1_tropical_temperate_polar","Coldhouse","Transitional",4,6,-0.0506645582210834,9,0.297016170299521,0.495026950499201
"per_cell_balanced_resampling_OLS","median_resampled_slope","Southern","occurrence10_k1_tropical_temperate_polar","Coolhouse","Transitional",12,6,-0.0913446598509306,29,0.271334878268536,0.495026950499201
"per_cell_balanced_resampling_OLS","median_resampled_slope","Southern","occurrence10_k1_tropical_temperate_polar","Coolhouse","Warmhouse",12,6,-0.261342581565227,32,0.371529540417592,0.530756486310846
"per_cell_balanced_resampling_OLS","median_resampled_slope","Southern","occurrence10_k1_tropical_temperate_polar","Coldhouse","Warmhouse",4,6,-0.22066247993538,12,0.542446982789747,0.661010424216404
"per_cell_balanced_resampling_OLS","median_resampled_slope","Southern","occurrence10_k1_tropical_temperate_polar","Transitional","Warmhouse",6,6,-0.169997921714297,19,0.594909381794763,0.661010424216404
"per_cell_balanced_resampling_OLS","median_resampled_slope","Southern","occurrence10_k1_tropical_temperate_polar","Coldhouse","Coolhouse",4,12,0.0406801016298472,29,0.74760530008344,0.74760530008344
"per_cell_balanced_resampling_OLS","median_resampled_slope","Southern","occurrence10_k2_tropical_temperate","Coldhouse","Warmhouse",6,6,-0.419663764707661,0,0.00253743404897013,0.0253743404897013
"per_cell_balanced_resampling_OLS","median_resampled_slope","Southern","occurrence10_k2_tropical_temperate","Coldhouse","Hothouse",6,6,-0.688131224401993,3,0.0101202852885387,0.0337342842951291
"per_cell_balanced_resampling_OLS","median_resampled_slope","Southern","occurrence10_k2_tropical_temperate","Transitional","Warmhouse",4,6,-0.316106502298668,0,0.00710701943454103,0.0337342842951291
"per_cell_balanced_resampling_OLS","median_resampled_slope","Southern","occurrence10_k2_tropical_temperate","Coldhouse","Coolhouse",6,7,-0.265653520592116,8,0.0370727655557034,0.0926819138892586
"per_cell_balanced_resampling_OLS","median_resampled_slope","Southern","occurrence10_k2_tropical_temperate","Transitional","Hothouse",4,6,-0.584573961993001,4,0.0549097044076186,0.109819408815237
"per_cell_balanced_resampling_OLS","median_resampled_slope","Southern","occurrence10_k2_tropical_temperate","Warmhouse","Hothouse",6,6,-0.268467459694332,11,0.148976530804084,0.248294218006807
"per_cell_balanced_resampling_OLS","median_resampled_slope","Southern","occurrence10_k2_tropical_temperate","Coldhouse","Transitional",6,4,-0.103557262408992,8,0.227772546894665,0.325198000317104
"per_cell_balanced_resampling_OLS","median_resampled_slope","Southern","occurrence10_k2_tropical_temperate","Coolhouse","Warmhouse",7,6,-0.154010244115544,16,0.260158400253683,0.325198000317104
"per_cell_balanced_resampling_OLS","median_resampled_slope","Southern","occurrence10_k2_tropical_temperate","Coolhouse","Hothouse",7,6,-0.422477703809877,18,0.360492430950835,0.400547145500928
"per_cell_balanced_resampling_OLS","median_resampled_slope","Southern","occurrence10_k2_tropical_temperate","Coolhouse","Transitional",7,4,0.162096258183124,21,0.921812139120178,0.921812139120178
"per_cell_balanced_resampling_OLS","median_resampled_slope","Southern","occurrence10_k2_tropical_temperate_polar","Coolhouse","Hothouse",3,5,-0.60629790900344,0,0.0184442128535249,0.0553326385605748
"per_cell_balanced_resampling_OLS","median_resampled_slope","Southern","occurrence10_k2_tropical_temperate_polar","Warmhouse","Hothouse",3,5,-0.322696456593266,0,0.0184442128535249,0.0553326385605748
"per_cell_balanced_resampling_OLS","median_resampled_slope","Southern","occurrence10_k2_tropical_temperate_polar","Coolhouse","Warmhouse",3,3,-0.283601452410174,0,0.0404277991850261,0.0610208469255566
"per_cell_balanced_resampling_OLS","median_resampled_slope","Southern","occurrence10_k2_tropical_temperate_polar","Transitional","Hothouse",2,5,-0.561581886947022,0,0.0406805646170377,0.0610208469255566
"per_cell_balanced_resampling_OLS","median_resampled_slope","Southern","occurrence10_k2_tropical_temperate_polar","Transitional","Warmhouse",2,3,-0.238885430353757,0,0.0744573365893828,0.0893488039072594
"per_cell_balanced_resampling_OLS","median_resampled_slope","Southern","occurrence10_k2_tropical_temperate_polar","Coolhouse","Transitional",3,2,-0.0447160220564178,3,0.613585003657776,0.613585003657776
"per_cell_balanced_resampling_OLS","median_resampled_slope","Southern","occurrence10_k2_tropical_temperate_polar","Coldhouse","Coolhouse",1,3,0.0389117585691832,NA,NA,NA
"per_cell_balanced_resampling_OLS","median_resampled_slope","Southern","occurrence10_k2_tropical_temperate_polar","Coldhouse","Transitional",1,2,-0.00580426348723453,NA,NA,NA
"per_cell_balanced_resampling_OLS","median_resampled_slope","Southern","occurrence10_k2_tropical_temperate_polar","Coldhouse","Warmhouse",1,3,-0.244689693840991,NA,NA,NA
"per_cell_balanced_resampling_OLS","median_resampled_slope","Southern","occurrence10_k2_tropical_temperate_polar","Coldhouse","Hothouse",1,5,-0.567386150434257,NA,NA,NA
"per_cell_balanced_resampling_OLS","median_resampled_slope","Southern","occurrence10_k3_tropical_temperate","Transitional","Warmhouse",4,5,-0.31008822033427,0,0.00998222665260803,0.0299466799578241
"per_cell_balanced_resampling_OLS","median_resampled_slope","Southern","occurrence10_k3_tropical_temperate","Warmhouse","Hothouse",5,4,-0.327626366302563,0,0.00998222665260803,0.0299466799578241
"per_cell_balanced_resampling_OLS","median_resampled_slope","Southern","occurrence10_k3_tropical_temperate","Transitional","Hothouse",4,4,-0.637714586636834,0,0.0151914109882887,0.0303828219765775
"per_cell_balanced_resampling_OLS","median_resampled_slope","Southern","occurrence10_k3_tropical_temperate","Coolhouse","Hothouse",3,4,-0.47561832845371,1,0.0558058841491461,0.0837088262237192
"per_cell_balanced_resampling_OLS","median_resampled_slope","Southern","occurrence10_k3_tropical_temperate","Coolhouse","Warmhouse",3,5,-0.147991962151146,6,0.382797241997882,0.459356690397458
"per_cell_balanced_resampling_OLS","median_resampled_slope","Southern","occurrence10_k3_tropical_temperate","Coolhouse","Transitional",3,4,0.162096258183124,8,0.811620441094209,0.811620441094209
"per_cell_balanced_resampling_OLS","median_resampled_slope","Southern","occurrence10_k3_tropical_temperate","Coldhouse","Coolhouse",0,3,NA,NA,NA,NA
"per_cell_balanced_resampling_OLS","median_resampled_slope","Southern","occurrence10_k3_tropical_temperate","Coldhouse","Transitional",0,4,NA,NA,NA,NA
"per_cell_balanced_resampling_OLS","median_resampled_slope","Southern","occurrence10_k3_tropical_temperate","Coldhouse","Warmhouse",0,5,NA,NA,NA,NA
"per_cell_balanced_resampling_OLS","median_resampled_slope","Southern","occurrence10_k3_tropical_temperate","Coldhouse","Hothouse",0,4,NA,NA,NA,NA
"per_cell_balanced_resampling_OLS","median_resampled_slope","Southern","occurrence10_k3_tropical_temperate_polar","Transitional","Warmhouse",2,3,-0.238885430353757,0,0.0744573365893828,0.0744573365893828
"per_cell_balanced_resampling_OLS","median_resampled_slope","Southern","occurrence10_k3_tropical_temperate_polar","Transitional","Hothouse",2,3,-0.561581886947022,0,0.0744573365893828,0.0744573365893828
"per_cell_balanced_resampling_OLS","median_resampled_slope","Southern","occurrence10_k3_tropical_temperate_polar","Warmhouse","Hothouse",3,3,-0.322696456593266,0,0.0404277991850261,0.0744573365893828
"per_cell_balanced_resampling_OLS","median_resampled_slope","Southern","occurrence10_k3_tropical_temperate_polar","Coldhouse","Coolhouse",0,1,NA,NA,NA,NA
"per_cell_balanced_resampling_OLS","median_resampled_slope","Southern","occurrence10_k3_tropical_temperate_polar","Coldhouse","Transitional",0,2,NA,NA,NA,NA
"per_cell_balanced_resampling_OLS","median_resampled_slope","Southern","occurrence10_k3_tropical_temperate_polar","Coldhouse","Warmhouse",0,3,NA,NA,NA,NA
"per_cell_balanced_resampling_OLS","median_resampled_slope","Southern","occurrence10_k3_tropical_temperate_polar","Coldhouse","Hothouse",0,3,NA,NA,NA,NA
"per_cell_balanced_resampling_OLS","median_resampled_slope","Southern","occurrence10_k3_tropical_temperate_polar","Coolhouse","Transitional",1,2,0.0908934682026106,NA,NA,NA
"per_cell_balanced_resampling_OLS","median_resampled_slope","Southern","occurrence10_k3_tropical_temperate_polar","Coolhouse","Warmhouse",1,3,-0.147991962151146,NA,NA,NA
"per_cell_balanced_resampling_OLS","median_resampled_slope","Southern","occurrence10_k3_tropical_temperate_polar","Coolhouse","Hothouse",1,3,-0.470688418744412,NA,NA,NA
"per_cell_balanced_resampling_OLS","median_resampled_slope","Southern","collection5_k1_tropical_temperate","Coldhouse","Hothouse",10,10,-0.573822561038653,11,0.0018052571561648,0.018052571561648
"per_cell_balanced_resampling_OLS","median_resampled_slope","Southern","collection5_k1_tropical_temperate","Coldhouse","Warmhouse",10,8,-0.26781805819263,12,0.0072740119336715,0.0363700596683575
"per_cell_balanced_resampling_OLS","median_resampled_slope","Southern","collection5_k1_tropical_temperate","Transitional","Hothouse",8,10,-0.542997211821047,18,0.0280456819981465,0.0934856066604885
"per_cell_balanced_resampling_OLS","median_resampled_slope","Southern","collection5_k1_tropical_temperate","Warmhouse","Hothouse",8,10,-0.306004502846023,20,0.0415815744681554,0.103953936170389
"per_cell_balanced_resampling_OLS","median_resampled_slope","Southern","collection5_k1_tropical_temperate","Transitional","Warmhouse",8,8,-0.236992708975024,19,0.0946314816575127,0.189262963315025
"per_cell_balanced_resampling_OLS","median_resampled_slope","Southern","collection5_k1_tropical_temperate","Coolhouse","Hothouse",16,10,-0.550280471208458,57,0.117839956714519,0.196399927857531
"per_cell_balanced_resampling_OLS","median_resampled_slope","Southern","collection5_k1_tropical_temperate","Coolhouse","Warmhouse",16,8,-0.244275968362435,50,0.204202770322345,0.291718243317636
"per_cell_balanced_resampling_OLS","median_resampled_slope","Southern","collection5_k1_tropical_temperate","Coldhouse","Coolhouse",10,16,-0.0235420898301946,67,0.255009584216667,0.313097011256096
"per_cell_balanced_resampling_OLS","median_resampled_slope","Southern","collection5_k1_tropical_temperate","Coldhouse","Transitional",10,8,-0.0308253492176059,33,0.281787310130486,0.313097011256096
"per_cell_balanced_resampling_OLS","median_resampled_slope","Southern","collection5_k1_tropical_temperate","Coolhouse","Transitional",16,8,-0.00728325938741123,67,0.584855274956381,0.584855274956381
"per_cell_balanced_resampling_OLS","median_resampled_slope","Southern","collection5_k1_tropical_temperate_polar","Coolhouse","Hothouse",10,7,-0.722820654591253,6,0.00270695714397472,0.0234152790826668
"per_cell_balanced_resampling_OLS","median_resampled_slope","Southern","collection5_k1_tropical_temperate_polar","Transitional","Hothouse",5,7,-0.618545997518587,1,0.00468305581653336,0.0234152790826668
"per_cell_balanced_resampling_OLS","median_resampled_slope","Southern","collection5_k1_tropical_temperate_polar","Coldhouse","Hothouse",4,7,-0.588281093459472,1,0.00908150917393821,0.0302716972464607
"per_cell_balanced_resampling_OLS","median_resampled_slope","Southern","collection5_k1_tropical_temperate_polar","Warmhouse","Hothouse",4,7,-0.425468725930836,2,0.0148790337175996,0.037197584293999
"per_cell_balanced_resampling_OLS","median_resampled_slope","Southern","collection5_k1_tropical_temperate_polar","Coolhouse","Warmhouse",10,4,-0.297351928660417,10,0.089554596363361,0.179109192726722
"per_cell_balanced_resampling_OLS","median_resampled_slope","Southern","collection5_k1_tropical_temperate_polar","Coolhouse","Transitional",10,5,-0.104274657072666,15,0.122311802563492,0.203853004272486
"per_cell_balanced_resampling_OLS","median_resampled_slope","Southern","collection5_k1_tropical_temperate_polar","Transitional","Warmhouse",5,4,-0.193077271587751,7,0.27014568730371,0.385922410433871
"per_cell_balanced_resampling_OLS","median_resampled_slope","Southern","collection5_k1_tropical_temperate_polar","Coldhouse","Warmhouse",4,4,-0.162812367528636,6,0.332502771051015,0.415628463813768
"per_cell_balanced_resampling_OLS","median_resampled_slope","Southern","collection5_k1_tropical_temperate_polar","Coldhouse","Transitional",4,5,0.0302649040591153,11,0.643348413060771,0.714831570067524
"per_cell_balanced_resampling_OLS","median_resampled_slope","Southern","collection5_k1_tropical_temperate_polar","Coldhouse","Coolhouse",4,10,0.134539561131781,31,0.948061921468457,0.948061921468457
"per_cell_balanced_resampling_OLS","median_resampled_slope","Southern","collection5_k2_tropical_temperate","Coldhouse","Warmhouse",5,6,-0.358475685481122,0,0.00405655863278289,0.0202827931639144
"per_cell_balanced_resampling_OLS","median_resampled_slope","Southern","collection5_k2_tropical_temperate","Coldhouse","Hothouse",5,7,-0.623807499705026,0,0.00288306045711863,0.0202827931639144
"per_cell_balanced_resampling_OLS","median_resampled_slope","Southern","collection5_k2_tropical_temperate","Coolhouse","Warmhouse",5,6,-0.289420852417078,5,0.0414187125794032,0.0828374251588063
"per_cell_balanced_resampling_OLS","median_resampled_slope","Southern","collection5_k2_tropical_temperate","Coolhouse","Hothouse",5,7,-0.554752666640982,5,0.0256599517940356,0.0828374251588063
"per_cell_balanced_resampling_OLS","median_resampled_slope","Southern","collection5_k2_tropical_temperate","Warmhouse","Hothouse",6,7,-0.265331814223904,8,0.0370727655557034,0.0828374251588063
"per_cell_balanced_resampling_OLS","median_resampled_slope","Southern","collection5_k2_tropical_temperate","Transitional","Warmhouse",4,6,-0.229931082746291,5,0.0829032800970067,0.138172133495011
"per_cell_balanced_resampling_OLS","median_resampled_slope","Southern","collection5_k2_tropical_temperate","Transitional","Hothouse",4,7,-0.495262896970195,7,0.109651324839659,0.156644749770942
"per_cell_balanced_resampling_OLS","median_resampled_slope","Southern","collection5_k2_tropical_temperate","Coldhouse","Coolhouse",5,5,-0.0690548330640442,7,0.148134935742143,0.185168669677679
"per_cell_balanced_resampling_OLS","median_resampled_slope","Southern","collection5_k2_tropical_temperate","Coldhouse","Transitional",5,4,-0.128544602734831,7,0.27014568730371,0.3001618747819
"per_cell_balanced_resampling_OLS","median_resampled_slope","Southern","collection5_k2_tropical_temperate","Coolhouse","Transitional",5,4,-0.0594897696707868,9,0.45126162508884,0.45126162508884
"per_cell_balanced_resampling_OLS","median_resampled_slope","Southern","collection5_k2_tropical_temperate_polar","Coolhouse","Warmhouse",3,3,-0.202155340482817,0,0.0404277991850261,0.0610208469255566
"per_cell_balanced_resampling_OLS","median_resampled_slope","Southern","collection5_k2_tropical_temperate_polar","Coolhouse","Hothouse",3,5,-0.598076442204675,0,0.0184442128535249,0.0610208469255566
"per_cell_balanced_resampling_OLS","median_resampled_slope","Southern","collection5_k2_tropical_temperate_polar","Transitional","Hothouse",2,5,-0.538586672533888,0,0.0406805646170377,0.0610208469255566
"per_cell_balanced_resampling_OLS","median_resampled_slope","Southern","collection5_k2_tropical_temperate_polar","Warmhouse","Hothouse",3,5,-0.395921101721858,1,0.0368191350601513,0.0610208469255566
"per_cell_balanced_resampling_OLS","median_resampled_slope","Southern","collection5_k2_tropical_temperate_polar","Transitional","Warmhouse",2,3,-0.14266557081203,0,0.0744573365893828,0.0893488039072594
"per_cell_balanced_resampling_OLS","median_resampled_slope","Southern","collection5_k2_tropical_temperate_polar","Coolhouse","Transitional",3,2,-0.0594897696707868,2,0.386414996342224,0.386414996342224
"per_cell_balanced_resampling_OLS","median_resampled_slope","Southern","collection5_k2_tropical_temperate_polar","Coldhouse","Coolhouse",1,3,0.0260779592398679,NA,NA,NA
"per_cell_balanced_resampling_OLS","median_resampled_slope","Southern","collection5_k2_tropical_temperate_polar","Coldhouse","Transitional",1,2,-0.0334118104309189,NA,NA,NA
"per_cell_balanced_resampling_OLS","median_resampled_slope","Southern","collection5_k2_tropical_temperate_polar","Coldhouse","Warmhouse",1,3,-0.176077381242949,NA,NA,NA
"per_cell_balanced_resampling_OLS","median_resampled_slope","Southern","collection5_k2_tropical_temperate_polar","Coldhouse","Hothouse",1,5,-0.571998482964807,NA,NA,NA
"per_cell_balanced_resampling_OLS","median_resampled_slope","Southern","collection5_k3_tropical_temperate","Transitional","Warmhouse",3,4,-0.30989040773099,0,0.0259149636089548,0.0777448908268645
"per_cell_balanced_resampling_OLS","median_resampled_slope","Southern","collection5_k3_tropical_temperate","Warmhouse","Hothouse",4,3,-0.308655589787597,0,0.0259149636089548,0.0777448908268645
"per_cell_balanced_resampling_OLS","median_resampled_slope","Southern","collection5_k3_tropical_temperate","Transitional","Hothouse",3,3,-0.618545997518587,0,0.0404277991850261,0.0808555983700523
"per_cell_balanced_resampling_OLS","median_resampled_slope","Southern","collection5_k3_tropical_temperate","Coolhouse","Hothouse",4,3,-0.603319156497577,2,0.10796246947007,0.161943704205105
"per_cell_balanced_resampling_OLS","median_resampled_slope","Southern","collection5_k3_tropical_temperate","Coolhouse","Warmhouse",4,4,-0.29466356670998,4,0.156160710838108,0.18739285300573
"per_cell_balanced_resampling_OLS","median_resampled_slope","Southern","collection5_k3_tropical_temperate","Coolhouse","Transitional",4,3,0.0152268410210105,7,0.702058454717411,0.702058454717411
"per_cell_balanced_resampling_OLS","median_resampled_slope","Southern","collection5_k3_tropical_temperate","Coldhouse","Coolhouse",1,4,-0.00124454745656014,NA,NA,NA
"per_cell_balanced_resampling_OLS","median_resampled_slope","Southern","collection5_k3_tropical_temperate","Coldhouse","Transitional",1,3,0.0139822935644503,NA,NA,NA
"per_cell_balanced_resampling_OLS","median_resampled_slope","Southern","collection5_k3_tropical_temperate","Coldhouse","Warmhouse",1,4,-0.29590811416654,NA,NA,NA
"per_cell_balanced_resampling_OLS","median_resampled_slope","Southern","collection5_k3_tropical_temperate","Coldhouse","Hothouse",1,3,-0.604563703954137,NA,NA,NA
"per_cell_balanced_resampling_OLS","median_resampled_slope","Southern","collection5_k3_tropical_temperate_polar","Coolhouse","Warmhouse",2,2,-0.299282112387332,0,0.122639058403386,0.147166870084064
"per_cell_balanced_resampling_OLS","median_resampled_slope","Southern","collection5_k3_tropical_temperate_polar","Coolhouse","Hothouse",2,3,-0.603319156497577,0,0.0744573365893828,0.147166870084064
"per_cell_balanced_resampling_OLS","median_resampled_slope","Southern","collection5_k3_tropical_temperate_polar","Transitional","Warmhouse",2,2,-0.234549628423643,0,0.122639058403386,0.147166870084064
"per_cell_balanced_resampling_OLS","median_resampled_slope","Southern","collection5_k3_tropical_temperate_polar","Transitional","Hothouse",2,3,-0.538586672533888,0,0.0744573365893828,0.147166870084064
"per_cell_balanced_resampling_OLS","median_resampled_slope","Southern","collection5_k3_tropical_temperate_polar","Warmhouse","Hothouse",2,3,-0.304037044110245,0,0.0744573365893828,0.147166870084064
"per_cell_balanced_resampling_OLS","median_resampled_slope","Southern","collection5_k3_tropical_temperate_polar","Coolhouse","Transitional",2,2,-0.0647324839636887,1,0.349267679151669,0.349267679151669
"per_cell_balanced_resampling_OLS","median_resampled_slope","Southern","collection5_k3_tropical_temperate_polar","Coldhouse","Coolhouse",0,2,NA,NA,NA,NA
"per_cell_balanced_resampling_OLS","median_resampled_slope","Southern","collection5_k3_tropical_temperate_polar","Coldhouse","Transitional",0,2,NA,NA,NA,NA
"per_cell_balanced_resampling_OLS","median_resampled_slope","Southern","collection5_k3_tropical_temperate_polar","Coldhouse","Warmhouse",0,2,NA,NA,NA,NA
"per_cell_balanced_resampling_OLS","median_resampled_slope","Southern","collection5_k3_tropical_temperate_polar","Coldhouse","Hothouse",0,3,NA,NA,NA,NA
"per_cell_balanced_resampling_OLS","median_resampled_slope","Southern","collection10_k1_tropical_temperate","Coldhouse","Hothouse",6,8,-0.787642097031224,0,0.00120732445687942,0.00603662228439712
"per_cell_balanced_resampling_OLS","median_resampled_slope","Southern","collection10_k1_tropical_temperate","Warmhouse","Hothouse",6,8,-0.62199282182585,0,0.00120732445687942,0.00603662228439712
"per_cell_balanced_resampling_OLS","median_resampled_slope","Southern","collection10_k1_tropical_temperate","Coolhouse","Hothouse",13,8,-0.806502363216327,19,0.00929449834794633,0.0309816611598211
"per_cell_balanced_resampling_OLS","median_resampled_slope","Southern","collection10_k1_tropical_temperate","Transitional","Hothouse",7,8,-0.591341528208806,9,0.0161386730473986,0.0403466826184965
"per_cell_balanced_resampling_OLS","median_resampled_slope","Southern","collection10_k1_tropical_temperate","Coldhouse","Warmhouse",6,6,-0.165649275205374,7,0.0463479012789063,0.0926958025578126
"per_cell_balanced_resampling_OLS","median_resampled_slope","Southern","collection10_k1_tropical_temperate","Coolhouse","Warmhouse",13,6,-0.184509541390476,25,0.118200925063597,0.197001541772662
"per_cell_balanced_resampling_OLS","median_resampled_slope","Southern","collection10_k1_tropical_temperate","Coldhouse","Transitional",6,7,-0.196300568822418,14,0.176555617253003,0.252222310361433
"per_cell_balanced_resampling_OLS","median_resampled_slope","Southern","collection10_k1_tropical_temperate","Coolhouse","Transitional",13,7,-0.21516083500752,39,0.317230526748,0.396538158435
"per_cell_balanced_resampling_OLS","median_resampled_slope","Southern","collection10_k1_tropical_temperate","Coldhouse","Coolhouse",6,13,0.0188602661851025,36,0.413222005083686,0.459135561204095
"per_cell_balanced_resampling_OLS","median_resampled_slope","Southern","collection10_k1_tropical_temperate","Transitional","Warmhouse",7,6,0.030651293617044,20,0.471528335483521,0.471528335483521
"per_cell_balanced_resampling_OLS","median_resampled_slope","Southern","collection10_k1_tropical_temperate_polar","Coolhouse","Hothouse",8,5,-0.961031225022982,0,0.00215517924976753,0.0215517924976753
"per_cell_balanced_resampling_OLS","median_resampled_slope","Southern","collection10_k1_tropical_temperate_polar","Coldhouse","Hothouse",4,5,-0.632120291307676,0,0.00998222665260803,0.0332740888420268
"per_cell_balanced_resampling_OLS","median_resampled_slope","Southern","collection10_k1_tropical_temperate_polar","Warmhouse","Hothouse",4,5,-0.514713725157337,0,0.00998222665260803,0.0332740888420268
"per_cell_balanced_resampling_OLS","median_resampled_slope","Southern","collection10_k1_tropical_temperate_polar","Transitional","Hothouse",3,5,-0.708724866764203,0,0.0184442128535249,0.0461105321338124
"per_cell_balanced_resampling_OLS","median_resampled_slope","Southern","collection10_k1_tropical_temperate_polar","Coolhouse","Warmhouse",8,4,-0.446317499865645,5,0.0372657855273097,0.0745315710546194
"per_cell_balanced_resampling_OLS","median_resampled_slope","Southern","collection10_k1_tropical_temperate_polar","Coolhouse","Transitional",8,3,-0.252306358258779,7,0.17916323337444,0.269113655579702
"per_cell_balanced_resampling_OLS","median_resampled_slope","Southern","collection10_k1_tropical_temperate_polar","Transitional","Warmhouse",3,4,-0.194011141606866,3,0.188379558905791,0.269113655579702
"per_cell_balanced_resampling_OLS","median_resampled_slope","Southern","collection10_k1_tropical_temperate_polar","Coldhouse","Warmhouse",4,4,-0.11740656615034,6,0.332502771051015,0.415628463813768
"per_cell_balanced_resampling_OLS","median_resampled_slope","Southern","collection10_k1_tropical_temperate_polar","Coldhouse","Transitional",4,3,0.0766045754565264,8,0.811620441094209,0.901800490104677
"per_cell_balanced_resampling_OLS","median_resampled_slope","Southern","collection10_k1_tropical_temperate_polar","Coldhouse","Coolhouse",4,8,0.328910933715306,27,0.97460073963058,0.97460073963058
"per_cell_balanced_resampling_OLS","median_resampled_slope","Southern","collection10_k2_tropical_temperate","Warmhouse","Hothouse",5,4,-0.588424596630324,0,0.00998222665260803,0.0598933599156482
"per_cell_balanced_resampling_OLS","median_resampled_slope","Southern","collection10_k2_tropical_temperate","Coolhouse","Hothouse",3,4,-0.791855266118128,0,0.0259149636089548,0.0777448908268645
"per_cell_balanced_resampling_OLS","median_resampled_slope","Southern","collection10_k2_tropical_temperate","Coolhouse","Warmhouse",3,5,-0.203430669487804,3,0.116518991136953,0.233037982273905
"per_cell_balanced_resampling_OLS","median_resampled_slope","Southern","collection10_k2_tropical_temperate","Transitional","Hothouse",4,4,-0.703672745820761,4,0.156160710838108,0.234241066257162
"per_cell_balanced_resampling_OLS","median_resampled_slope","Southern","collection10_k2_tropical_temperate","Transitional","Warmhouse",4,5,-0.115248149190438,7,0.27014568730371,0.324174824764452
"per_cell_balanced_resampling_OLS","median_resampled_slope","Southern","collection10_k2_tropical_temperate","Coolhouse","Transitional",3,4,-0.0881825202973663,6,0.570158102400667,0.570158102400667
"per_cell_balanced_resampling_OLS","median_resampled_slope","Southern","collection10_k2_tropical_temperate","Coldhouse","Coolhouse",1,3,-0.534390404157377,NA,NA,NA
"per_cell_balanced_resampling_OLS","median_resampled_slope","Southern","collection10_k2_tropical_temperate","Coldhouse","Transitional",1,4,-0.622572924454744,NA,NA,NA
"per_cell_balanced_resampling_OLS","median_resampled_slope","Southern","collection10_k2_tropical_temperate","Coldhouse","Warmhouse",1,5,-0.737821073645181,NA,NA,NA
"per_cell_balanced_resampling_OLS","median_resampled_slope","Southern","collection10_k2_tropical_temperate","Coldhouse","Hothouse",1,4,-1.32624567027551,NA,NA,NA
"per_cell_balanced_resampling_OLS","median_resampled_slope","Southern","collection10_k2_tropical_temperate_polar","Coolhouse","Hothouse",2,3,-0.558547740886047,0,0.0744573365893828,0.111686004884074
"per_cell_balanced_resampling_OLS","median_resampled_slope","Southern","collection10_k2_tropical_temperate_polar","Warmhouse","Hothouse",3,3,-0.48114549996181,0,0.0404277991850261,0.111686004884074
"per_cell_balanced_resampling_OLS","median_resampled_slope","Southern","collection10_k2_tropical_temperate_polar","Coolhouse","Warmhouse",2,3,-0.0774022409242372,2,0.386414996342224,0.386414996342224
"per_cell_balanced_resampling_OLS","median_resampled_slope","Southern","collection10_k2_tropical_temperate_polar","Coldhouse","Coolhouse",0,2,NA,NA,NA,NA
"per_cell_balanced_resampling_OLS","median_resampled_slope","Southern","collection10_k2_tropical_temperate_polar","Coldhouse","Transitional",0,1,NA,NA,NA,NA
"per_cell_balanced_resampling_OLS","median_resampled_slope","Southern","collection10_k2_tropical_temperate_polar","Coldhouse","Warmhouse",0,3,NA,NA,NA,NA
"per_cell_balanced_resampling_OLS","median_resampled_slope","Southern","collection10_k2_tropical_temperate_polar","Coldhouse","Hothouse",0,3,NA,NA,NA,NA
"per_cell_balanced_resampling_OLS","median_resampled_slope","Southern","collection10_k2_tropical_temperate_polar","Coolhouse","Transitional",2,1,0.150177125878155,NA,NA,NA
"per_cell_balanced_resampling_OLS","median_resampled_slope","Southern","collection10_k2_tropical_temperate_polar","Transitional","Warmhouse",1,3,-0.227579366802393,NA,NA,NA
"per_cell_balanced_resampling_OLS","median_resampled_slope","Southern","collection10_k2_tropical_temperate_polar","Transitional","Hothouse",1,3,-0.708724866764203,NA,NA,NA
"per_cell_balanced_resampling_OLS","median_resampled_slope","Southern","collection10_k3_tropical_temperate","Transitional","Warmhouse",3,2,-0.42172879292691,0,0.0744573365893828,0.111686004884074
"per_cell_balanced_resampling_OLS","median_resampled_slope","Southern","collection10_k3_tropical_temperate","Transitional","Hothouse",3,2,-0.735061048285501,0,0.0744573365893828,0.111686004884074
"per_cell_balanced_resampling_OLS","median_resampled_slope","Southern","collection10_k3_tropical_temperate","Warmhouse","Hothouse",2,2,-0.313332255358591,0,0.122639058403386,0.122639058403386
"per_cell_balanced_resampling_OLS","median_resampled_slope","Southern","collection10_k3_tropical_temperate","Coldhouse","Coolhouse",0,1,NA,NA,NA,NA
"per_cell_balanced_resampling_OLS","median_resampled_slope","Southern","collection10_k3_tropical_temperate","Coldhouse","Transitional",0,3,NA,NA,NA,NA
"per_cell_balanced_resampling_OLS","median_resampled_slope","Southern","collection10_k3_tropical_temperate","Coldhouse","Warmhouse",0,2,NA,NA,NA,NA
"per_cell_balanced_resampling_OLS","median_resampled_slope","Southern","collection10_k3_tropical_temperate","Coldhouse","Hothouse",0,2,NA,NA,NA,NA
"per_cell_balanced_resampling_OLS","median_resampled_slope","Southern","collection10_k3_tropical_temperate","Coolhouse","Transitional",1,3,0.276205554441722,NA,NA,NA
"per_cell_balanced_resampling_OLS","median_resampled_slope","Southern","collection10_k3_tropical_temperate","Coolhouse","Warmhouse",1,2,-0.145523238485189,NA,NA,NA
"per_cell_balanced_resampling_OLS","median_resampled_slope","Southern","collection10_k3_tropical_temperate","Coolhouse","Hothouse",1,2,-0.45885549384378,NA,NA,NA
"per_cell_balanced_resampling_OLS","median_resampled_slope","Southern","collection10_k3_tropical_temperate_polar","Coldhouse","Coolhouse",0,1,NA,NA,NA,NA
"per_cell_balanced_resampling_OLS","median_resampled_slope","Southern","collection10_k3_tropical_temperate_polar","Coldhouse","Transitional",0,1,NA,NA,NA,NA
"per_cell_balanced_resampling_OLS","median_resampled_slope","Southern","collection10_k3_tropical_temperate_polar","Coldhouse","Warmhouse",0,1,NA,NA,NA,NA
"per_cell_balanced_resampling_OLS","median_resampled_slope","Southern","collection10_k3_tropical_temperate_polar","Coldhouse","Hothouse",0,2,NA,NA,NA,NA
"per_cell_balanced_resampling_OLS","median_resampled_slope","Southern","collection10_k3_tropical_temperate_polar","Coolhouse","Transitional",1,1,0.276205554441722,NA,NA,NA
"per_cell_balanced_resampling_OLS","median_resampled_slope","Southern","collection10_k3_tropical_temperate_polar","Coolhouse","Warmhouse",1,1,-0.115811577675551,NA,NA,NA
"per_cell_balanced_resampling_OLS","median_resampled_slope","Southern","collection10_k3_tropical_temperate_polar","Coolhouse","Hothouse",1,2,-0.45885549384378,NA,NA,NA
"per_cell_balanced_resampling_OLS","median_resampled_slope","Southern","collection10_k3_tropical_temperate_polar","Transitional","Warmhouse",1,1,-0.392017132117273,NA,NA,NA
"per_cell_balanced_resampling_OLS","median_resampled_slope","Southern","collection10_k3_tropical_temperate_polar","Transitional","Hothouse",1,2,-0.735061048285501,NA,NA,NA
"per_cell_balanced_resampling_OLS","median_resampled_slope","Southern","collection10_k3_tropical_temperate_polar","Warmhouse","Hothouse",1,2,-0.343043916168229,NA,NA,NA
"percentile_latbin_OLS","q50","Combined","occurrence5_k1_tropical_temperate","Coldhouse","Transitional",21,25,-0.256302621177551,129,0.0016784602995829,0.0145546200770315
"percentile_latbin_OLS","q50","Combined","occurrence5_k1_tropical_temperate","Coldhouse","Warmhouse",21,22,-0.240222653839,117,0.00291092401540629,0.0145546200770315
"percentile_latbin_OLS","q50","Combined","occurrence5_k1_tropical_temperate","Coldhouse","Hothouse",21,23,-0.353720553362667,153,0.0193327893444741,0.0532959778607199
"percentile_latbin_OLS","q50","Combined","occurrence5_k1_tropical_temperate","Coolhouse","Transitional",31,25,-0.164061849888049,264,0.0213183911442879,0.0532959778607199
"percentile_latbin_OLS","q50","Combined","occurrence5_k1_tropical_temperate","Coolhouse","Warmhouse",31,22,-0.147981882549497,239,0.0334624734481512,0.0669249468963024
"percentile_latbin_OLS","q50","Combined","occurrence5_k1_tropical_temperate","Coolhouse","Hothouse",31,23,-0.261479782073164,284,0.103925503361259,0.173209172268764
"percentile_latbin_OLS","q50","Combined","occurrence5_k1_tropical_temperate","Coldhouse","Coolhouse",21,31,-0.0922407712895026,269,0.148159436171379,0.211656337387684
"percentile_latbin_OLS","q50","Combined","occurrence5_k1_tropical_temperate","Transitional","Hothouse",25,23,-0.0974179321851158,283,0.467104560881203,0.519005067645781
"percentile_latbin_OLS","q50","Combined","occurrence5_k1_tropical_temperate","Warmhouse","Hothouse",22,23,-0.113497899523667,246,0.441334129576493,0.519005067645781
"percentile_latbin_OLS","q50","Combined","occurrence5_k1_tropical_temperate","Transitional","Warmhouse",25,22,0.0160799673385513,287,0.605073265065437,0.605073265065437
"percentile_latbin_OLS","q50","Combined","occurrence5_k1_tropical_temperate_polar","Coldhouse","Hothouse",11,14,-0.451621094924413,25,0.00240596202463936,0.0240596202463936
"percentile_latbin_OLS","q50","Combined","occurrence5_k1_tropical_temperate_polar","Coldhouse","Transitional",11,19,-0.406072847326987,45,0.00555608177091248,0.0277804088545624
"percentile_latbin_OLS","q50","Combined","occurrence5_k1_tropical_temperate_polar","Coolhouse","Hothouse",23,14,-0.247376670021035,85,0.0090300638107655,0.0301002127025517
"percentile_latbin_OLS","q50","Combined","occurrence5_k1_tropical_temperate_polar","Coldhouse","Warmhouse",11,17,-0.298557033146443,50,0.0215501691968427,0.048711597137358
"percentile_latbin_OLS","q50","Combined","occurrence5_k1_tropical_temperate_polar","Coolhouse","Transitional",23,19,-0.20182842242361,140,0.024355798568679,0.048711597137358
"percentile_latbin_OLS","q50","Combined","occurrence5_k1_tropical_temperate_polar","Warmhouse","Hothouse",17,14,-0.15306406177797,79,0.0584497538976995,0.0974162564961659
"percentile_latbin_OLS","q50","Combined","occurrence5_k1_tropical_temperate_polar","Coldhouse","Coolhouse",11,23,-0.204244424903378,88,0.0809247386924862,0.115606769560695
"percentile_latbin_OLS","q50","Combined","occurrence5_k1_tropical_temperate_polar","Coolhouse","Warmhouse",23,17,-0.0943126082430652,155,0.136892983006068,0.171116228757585
"percentile_latbin_OLS","q50","Combined","occurrence5_k1_tropical_temperate_polar","Transitional","Hothouse",19,14,-0.0455482475974254,113,0.238757466458248,0.265286073842498
"percentile_latbin_OLS","q50","Combined","occurrence5_k1_tropical_temperate_polar","Transitional","Warmhouse",19,17,0.107515814180545,193,0.844708915272216,0.844708915272216
"percentile_latbin_OLS","q50","Combined","occurrence5_k2_tropical_temperate","Coldhouse","Hothouse",13,16,-0.388260825289548,30,0.000633861110678492,0.00633861110678492
"percentile_latbin_OLS","q50","Combined","occurrence5_k2_tropical_temperate","Coldhouse","Transitional",13,17,-0.255892980465305,46,0.00369750296807937,0.0157125066462615
"percentile_latbin_OLS","q50","Combined","occurrence5_k2_tropical_temperate","Coldhouse","Warmhouse",13,14,-0.168973743568587,37,0.00471375199387845,0.0157125066462615
"percentile_latbin_OLS","q50","Combined","occurrence5_k2_tropical_temperate","Coolhouse","Hothouse",17,16,-0.296020054000045,81,0.0248118190096679,0.0620295475241697
"percentile_latbin_OLS","q50","Combined","occurrence5_k2_tropical_temperate","Coldhouse","Coolhouse",13,17,-0.0922407712895026,73,0.0607491994048389,0.121498398809678
"percentile_latbin_OLS","q50","Combined","occurrence5_k2_tropical_temperate","Coolhouse","Transitional",17,17,-0.163652209175802,103,0.0789477757466398,0.131173382699111
"percentile_latbin_OLS","q50","Combined","occurrence5_k2_tropical_temperate","Coolhouse","Warmhouse",17,14,-0.076732972279084,86,0.0985146004573949,0.131173382699111
"percentile_latbin_OLS","q50","Combined","occurrence5_k2_tropical_temperate","Transitional","Hothouse",17,16,-0.132367844824243,102,0.113767316282697,0.131173382699111
"percentile_latbin_OLS","q50","Combined","occurrence5_k2_tropical_temperate","Warmhouse","Hothouse",14,16,-0.219287081720961,83,0.1180560444292,0.131173382699111
"percentile_latbin_OLS","q50","Combined","occurrence5_k2_tropical_temperate","Transitional","Warmhouse",17,14,0.0869192368967182,129,0.661583697800047,0.661583697800047
"percentile_latbin_OLS","q50","Combined","occurrence5_k2_tropical_temperate_polar","Coldhouse","Warmhouse",5,10,-0.320857969521541,5,0.00846435324304378,0.0282145108101459
"percentile_latbin_OLS","q50","Combined","occurrence5_k2_tropical_temperate_polar","Coldhouse","Hothouse",5,11,-0.459586493500522,4,0.0045852806928085,0.0282145108101459
"percentile_latbin_OLS","q50","Combined","occurrence5_k2_tropical_temperate_polar","Coolhouse","Hothouse",11,11,-0.307541871493564,22,0.00629305875016017,0.0282145108101459
"percentile_latbin_OLS","q50","Combined","occurrence5_k2_tropical_temperate_polar","Coldhouse","Transitional",5,10,-0.32589241917439,8,0.0216487328896517,0.0541218322241292
"percentile_latbin_OLS","q50","Combined","occurrence5_k2_tropical_temperate_polar","Coolhouse","Warmhouse",11,10,-0.168813347514583,32,0.0565511019335878,0.113102203867176
"percentile_latbin_OLS","q50","Combined","occurrence5_k2_tropical_temperate_polar","Coldhouse","Coolhouse",5,11,-0.152044622006957,16,0.106350884150817,0.121017905131818
"percentile_latbin_OLS","q50","Combined","occurrence5_k2_tropical_temperate_polar","Coolhouse","Transitional",11,10,-0.173847797167432,37,0.108916114618636,0.121017905131818
"percentile_latbin_OLS","q50","Combined","occurrence5_k2_tropical_temperate_polar","Transitional","Hothouse",10,11,-0.133694074326132,35,0.0848530711362563,0.121017905131818
"percentile_latbin_OLS","q50","Combined","occurrence5_k2_tropical_temperate_polar","Warmhouse","Hothouse",10,11,-0.138728523978981,36,0.096333347999436,0.121017905131818
"percentile_latbin_OLS","q50","Combined","occurrence5_k2_tropical_temperate_polar","Transitional","Warmhouse",10,10,0.00503444965284922,46,0.39566839005033,0.39566839005033
"percentile_latbin_OLS","q50","Combined","occurrence5_k3_tropical_temperate","Coldhouse","Transitional",6,12,-0.224652223025312,8,0.00500315776345898,0.0250157888172949
"percentile_latbin_OLS","q50","Combined","occurrence5_k3_tropical_temperate","Coolhouse","Transitional",11,12,-0.223755910954682,23,0.00445231360485908,0.0250157888172949
"percentile_latbin_OLS","q50","Combined","occurrence5_k3_tropical_temperate","Coldhouse","Hothouse",6,9,-0.288116020662227,8,0.0146196191280495,0.0365490478201237
"percentile_latbin_OLS","q50","Combined","occurrence5_k3_tropical_temperate","Coolhouse","Hothouse",11,9,-0.287219708591597,19,0.0113272470400447,0.0365490478201237
"percentile_latbin_OLS","q50","Combined","occurrence5_k3_tropical_temperate","Coldhouse","Warmhouse",6,11,-0.121330407923354,12,0.0196836203117476,0.0393672406234953
"percentile_latbin_OLS","q50","Combined","occurrence5_k3_tropical_temperate","Coolhouse","Warmhouse",11,11,-0.120434095852723,30,0.0244220320871372,0.0407033868118953
"percentile_latbin_OLS","q50","Combined","occurrence5_k3_tropical_temperate","Warmhouse","Hothouse",11,9,-0.166785612738873,35,0.143747709434584,0.205353870620835
"percentile_latbin_OLS","q50","Combined","occurrence5_k3_tropical_temperate","Transitional","Hothouse",12,9,-0.0634637976369148,48,0.347947411585388,0.434934264481736
"percentile_latbin_OLS","q50","Combined","occurrence5_k3_tropical_temperate","Coldhouse","Coolhouse",6,11,-0.000896312070630512,31,0.440084227453363,0.488982474948181
"percentile_latbin_OLS","q50","Combined","occurrence5_k3_tropical_temperate","Transitional","Warmhouse",12,11,0.103321815101958,82,0.845067370319103,0.845067370319103
"percentile_latbin_OLS","q50","Combined","occurrence5_k3_tropical_temperate_polar","Coolhouse","Hothouse",7,6,-0.487793813440555,1,0.0026704962625336,0.026704962625336
"percentile_latbin_OLS","q50","Combined","occurrence5_k3_tropical_temperate_polar","Coldhouse","Hothouse",3,6,-0.402151141326231,0,0.0140929010739537,0.0497367740299238
"percentile_latbin_OLS","q50","Combined","occurrence5_k3_tropical_temperate_polar","Coolhouse","Warmhouse",7,7,-0.356035189954843,7,0.0149210322089771,0.0497367740299238
"percentile_latbin_OLS","q50","Combined","occurrence5_k3_tropical_temperate_polar","Coolhouse","Transitional",7,5,-0.278039234527664,5,0.0256599517940356,0.064149879485089
"percentile_latbin_OLS","q50","Combined","occurrence5_k3_tropical_temperate_polar","Coldhouse","Warmhouse",3,7,-0.270392517840519,3,0.0553060368742615,0.0954388589555115
"percentile_latbin_OLS","q50","Combined","occurrence5_k3_tropical_temperate_polar","Transitional","Hothouse",5,6,-0.209754578912891,6,0.0603454002637228,0.0954388589555115
"percentile_latbin_OLS","q50","Combined","occurrence5_k3_tropical_temperate_polar","Warmhouse","Hothouse",7,6,-0.131758623485712,10,0.0668072012688581,0.0954388589555115
"percentile_latbin_OLS","q50","Combined","occurrence5_k3_tropical_temperate_polar","Coldhouse","Transitional",3,5,-0.19239656241334,3,0.116518991136953,0.145648738921191
"percentile_latbin_OLS","q50","Combined","occurrence5_k3_tropical_temperate_polar","Transitional","Warmhouse",5,7,-0.0779959554271788,17,0.5,0.555555555555556
"percentile_latbin_OLS","q50","Combined","occurrence5_k3_tropical_temperate_polar","Coldhouse","Coolhouse",3,7,0.0856426721143242,12,0.675748310173512,0.675748310173512
"percentile_latbin_OLS","q50","Combined","occurrence10_k1_tropical_temperate","Coldhouse","Hothouse",20,21,-0.504764965111322,94,0.00129563788026628,0.0129563788026628
"percentile_latbin_OLS","q50","Combined","occurrence10_k1_tropical_temperate","Coldhouse","Transitional",20,23,-0.325386163005458,125,0.0054717886396445,0.0136794715991113
"percentile_latbin_OLS","q50","Combined","occurrence10_k1_tropical_temperate","Coldhouse","Warmhouse",20,20,-0.337261363844993,102,0.00417741366782226,0.0136794715991113
"percentile_latbin_OLS","q50","Combined","occurrence10_k1_tropical_temperate","Coolhouse","Hothouse",31,21,-0.409642995395566,188,0.00531012070299818,0.0136794715991113
"percentile_latbin_OLS","q50","Combined","occurrence10_k1_tropical_temperate","Coolhouse","Warmhouse",31,20,-0.242139394129237,192,0.0116983891849522,0.0233967783699044
"percentile_latbin_OLS","q50","Combined","occurrence10_k1_tropical_temperate","Coolhouse","Transitional",31,23,-0.230264193289702,244,0.0250436907107904,0.0357767010154148
"percentile_latbin_OLS","q50","Combined","occurrence10_k1_tropical_temperate","Transitional","Hothouse",23,21,-0.179378802105864,155,0.0216536292397055,0.0357767010154148
"percentile_latbin_OLS","q50","Combined","occurrence10_k1_tropical_temperate","Warmhouse","Hothouse",20,21,-0.167503601266329,159,0.093895458411149,0.117369323013936
"percentile_latbin_OLS","q50","Combined","occurrence10_k1_tropical_temperate","Coldhouse","Coolhouse",20,31,-0.0951219697157558,276,0.259040733582147,0.287823037313497
"percentile_latbin_OLS","q50","Combined","occurrence10_k1_tropical_temperate","Transitional","Warmhouse",23,20,-0.0118752008395358,212,0.335013242356132,0.335013242356132
"percentile_latbin_OLS","q50","Combined","occurrence10_k1_tropical_temperate_polar","Coldhouse","Hothouse",10,12,-0.470746208144585,17,0.00253645633011914,0.016656991195241
"percentile_latbin_OLS","q50","Combined","occurrence10_k1_tropical_temperate_polar","Coolhouse","Hothouse",21,12,-0.354730617888812,53,0.0033313982390482,0.016656991195241
"percentile_latbin_OLS","q50","Combined","occurrence10_k1_tropical_temperate_polar","Coldhouse","Transitional",10,18,-0.321487000176362,45,0.0164372900678168,0.0500702712460879
"percentile_latbin_OLS","q50","Combined","occurrence10_k1_tropical_temperate_polar","Transitional","Hothouse",18,12,-0.149259207968223,59,0.0200281084984352,0.0500702712460879
"percentile_latbin_OLS","q50","Combined","occurrence10_k1_tropical_temperate_polar","Coolhouse","Transitional",21,18,-0.205471409920589,121,0.0286119254388389,0.0572238508776777
"percentile_latbin_OLS","q50","Combined","occurrence10_k1_tropical_temperate_polar","Warmhouse","Hothouse",15,12,-0.12902105124058,54,0.0416169656985391,0.0693616094975651
"percentile_latbin_OLS","q50","Combined","occurrence10_k1_tropical_temperate_polar","Coldhouse","Warmhouse",10,15,-0.341725156904005,45,0.0508815493248632,0.072428164718175
"percentile_latbin_OLS","q50","Combined","occurrence10_k1_tropical_temperate_polar","Coolhouse","Warmhouse",21,15,-0.225709566648233,108,0.05794253177454,0.072428164718175
"percentile_latbin_OLS","q50","Combined","occurrence10_k1_tropical_temperate_polar","Coldhouse","Coolhouse",10,21,-0.116015590255772,88,0.242822469385995,0.269802743762217
"percentile_latbin_OLS","q50","Combined","occurrence10_k1_tropical_temperate_polar","Transitional","Warmhouse",18,15,-0.0202381567276437,139,0.564621827444178,0.564621827444178
"percentile_latbin_OLS","q50","Combined","occurrence10_k2_tropical_temperate","Coldhouse","Hothouse",13,12,-0.535619083867159,15,0.000337481927042515,0.00337481927042515
"percentile_latbin_OLS","q50","Combined","occurrence10_k2_tropical_temperate","Coldhouse","Warmhouse",13,14,-0.318750990249714,32,0.00226431642374167,0.0113215821187083
"percentile_latbin_OLS","q50","Combined","occurrence10_k2_tropical_temperate","Coldhouse","Transitional",13,16,-0.331318784892706,45,0.00515292476591245,0.0171764158863748
"percentile_latbin_OLS","q50","Combined","occurrence10_k2_tropical_temperate","Transitional","Hothouse",16,12,-0.204300298974452,45,0.00952876702853847,0.0238219175713462
"percentile_latbin_OLS","q50","Combined","occurrence10_k2_tropical_temperate","Coolhouse","Hothouse",15,12,-0.411219630415105,45,0.0149513180149013,0.0299026360298026
"percentile_latbin_OLS","q50","Combined","occurrence10_k2_tropical_temperate","Coolhouse","Warmhouse",15,14,-0.19435153679766,64,0.0385668342206028,0.064278057034338
"percentile_latbin_OLS","q50","Combined","occurrence10_k2_tropical_temperate","Warmhouse","Hothouse",14,12,-0.216868093617445,53,0.058353017076261,0.0833614529660871
"percentile_latbin_OLS","q50","Combined","occurrence10_k2_tropical_temperate","Coldhouse","Coolhouse",13,15,-0.124399453452054,69,0.0985549087110062,0.123193635888758
"percentile_latbin_OLS","q50","Combined","occurrence10_k2_tropical_temperate","Coolhouse","Transitional",15,16,-0.206919331440652,93,0.147433484684069,0.163814982982298
"percentile_latbin_OLS","q50","Combined","occurrence10_k2_tropical_temperate","Transitional","Warmhouse",16,14,0.012567794642992,95,0.246383648761632,0.246383648761632
"percentile_latbin_OLS","q50","Combined","occurrence10_k2_tropical_temperate_polar","Coolhouse","Hothouse",8,7,-0.425016521357403,2,0.00158347019082835,0.0158347019082835
"percentile_latbin_OLS","q50","Combined","occurrence10_k2_tropical_temperate_polar","Coldhouse","Hothouse",4,7,-0.518659656465815,0,0.0053667080514986,0.026833540257493
"percentile_latbin_OLS","q50","Combined","occurrence10_k2_tropical_temperate_polar","Warmhouse","Hothouse",7,7,-0.330275560864037,6,0.010725366843161,0.0357512228105368
"percentile_latbin_OLS","q50","Combined","occurrence10_k2_tropical_temperate_polar","Transitional","Hothouse",7,7,-0.351493555175806,7,0.0149210322089771,0.0373025805224428
"percentile_latbin_OLS","q50","Combined","occurrence10_k2_tropical_temperate_polar","Coldhouse","Transitional",4,7,-0.167166101290009,5,0.0540986237618508,0.0844373491283259
"percentile_latbin_OLS","q50","Combined","occurrence10_k2_tropical_temperate_polar","Coldhouse","Warmhouse",4,7,-0.188384095601779,5,0.0540986237618508,0.0844373491283259
"percentile_latbin_OLS","q50","Combined","occurrence10_k2_tropical_temperate_polar","Coolhouse","Warmhouse",8,7,-0.0947409604933661,14,0.0591061443898281,0.0844373491283259
"percentile_latbin_OLS","q50","Combined","occurrence10_k2_tropical_temperate_polar","Coolhouse","Transitional",8,7,-0.0735229661815964,16,0.0916164884644109,0.114520610580514
"percentile_latbin_OLS","q50","Combined","occurrence10_k2_tropical_temperate_polar","Coldhouse","Coolhouse",4,8,-0.0936431351084127,10,0.175118792409497,0.194576436010552
"percentile_latbin_OLS","q50","Combined","occurrence10_k2_tropical_temperate_polar","Transitional","Warmhouse",7,7,-0.0212179943117697,21,0.350739054433307,0.350739054433307
"percentile_latbin_OLS","q50","Combined","occurrence10_k3_tropical_temperate","Coldhouse","Transitional",4,12,-0.494520037080482,2,0.0045635284647868,0.0109000866813289
"percentile_latbin_OLS","q50","Combined","occurrence10_k3_tropical_temperate","Coldhouse","Warmhouse",4,11,-0.52509658779923,2,0.00545004334066444,0.0109000866813289
"percentile_latbin_OLS","q50","Combined","occurrence10_k3_tropical_temperate","Coldhouse","Hothouse",4,8,-0.745483825982391,0,0.00423740094607692,0.0109000866813289
"percentile_latbin_OLS","q50","Combined","occurrence10_k3_tropical_temperate","Coolhouse","Transitional",8,12,-0.369686753100625,14,0.00487486843700597,0.0109000866813289
"percentile_latbin_OLS","q50","Combined","occurrence10_k3_tropical_temperate","Coolhouse","Hothouse",8,8,-0.620650542002534,4,0.00193802072449738,0.0109000866813289
"percentile_latbin_OLS","q50","Combined","occurrence10_k3_tropical_temperate","Coolhouse","Warmhouse",8,11,-0.400263303819373,14,0.00742775808156561,0.0123795968026093
"percentile_latbin_OLS","q50","Combined","occurrence10_k3_tropical_temperate","Transitional","Hothouse",12,8,-0.250963788901908,18,0.0114237705785561,0.0163196722550801
"percentile_latbin_OLS","q50","Combined","occurrence10_k3_tropical_temperate","Warmhouse","Hothouse",11,8,-0.220387238183161,17,0.0143287751916451,0.0179109689895564
"percentile_latbin_OLS","q50","Combined","occurrence10_k3_tropical_temperate","Coldhouse","Coolhouse",4,8,-0.124833283979857,11,0.222348115924854,0.247053462138727
"percentile_latbin_OLS","q50","Combined","occurrence10_k3_tropical_temperate","Transitional","Warmhouse",12,11,-0.0305765507187477,63,0.438858341536607,0.438858341536607
"percentile_latbin_OLS","q50","Combined","occurrence10_k3_tropical_temperate_polar","Coldhouse","Transitional",2,5,-0.167166101290009,0,0.0406805646170377,0.127078282133559
"percentile_latbin_OLS","q50","Combined","occurrence10_k3_tropical_temperate_polar","Coldhouse","Hothouse",2,4,-0.57245078907827,0,0.0525962525600207,0.127078282133559
"percentile_latbin_OLS","q50","Combined","occurrence10_k3_tropical_temperate_polar","Coolhouse","Transitional",3,5,-0.0938968444831151,0,0.0184442128535249,0.127078282133559
"percentile_latbin_OLS","q50","Combined","occurrence10_k3_tropical_temperate_polar","Coolhouse","Warmhouse",3,5,-0.304785414114499,2,0.0680185640570718,0.127078282133559
"percentile_latbin_OLS","q50","Combined","occurrence10_k3_tropical_temperate_polar","Coolhouse","Hothouse",3,4,-0.499181532271376,0,0.0259149636089548,0.127078282133559
"percentile_latbin_OLS","q50","Combined","occurrence10_k3_tropical_temperate_polar","Transitional","Hothouse",5,4,-0.405284687788261,4,0.0889547974934913,0.127078282133559
"percentile_latbin_OLS","q50","Combined","occurrence10_k3_tropical_temperate_polar","Warmhouse","Hothouse",5,4,-0.194396118156877,4,0.0889547974934913,0.127078282133559
"percentile_latbin_OLS","q50","Combined","occurrence10_k3_tropical_temperate_polar","Coldhouse","Warmhouse",2,5,-0.378054670921392,2,0.166460804032783,0.208076005040979
"percentile_latbin_OLS","q50","Combined","occurrence10_k3_tropical_temperate_polar","Coldhouse","Coolhouse",2,3,-0.0732692568068939,2,0.386414996342224,0.417265811355464
"percentile_latbin_OLS","q50","Combined","occurrence10_k3_tropical_temperate_polar","Transitional","Warmhouse",5,5,-0.210888569631383,11,0.417265811355464,0.417265811355464
"percentile_latbin_OLS","q50","Combined","collection5_k1_tropical_temperate","Coldhouse","Transitional",20,22,-0.411364175935315,84,0.000321880328413547,0.00160940164206774
"percentile_latbin_OLS","q50","Combined","collection5_k1_tropical_temperate","Coldhouse","Warmhouse",20,19,-0.284278621040775,68,0.000320252937675665,0.00160940164206774
"percentile_latbin_OLS","q50","Combined","collection5_k1_tropical_temperate","Coldhouse","Hothouse",20,19,-0.371734263232893,92,0.00307650940059051,0.0102550313353017
"percentile_latbin_OLS","q50","Combined","collection5_k1_tropical_temperate","Coolhouse","Transitional",30,22,-0.295900589625217,213,0.0154725703042021,0.0386814257605051
"percentile_latbin_OLS","q50","Combined","collection5_k1_tropical_temperate","Coolhouse","Warmhouse",30,19,-0.168815034730676,192,0.0288440925127039,0.0576881850254078
"percentile_latbin_OLS","q50","Combined","collection5_k1_tropical_temperate","Coolhouse","Hothouse",30,19,-0.256270676922795,206,0.0536131853809926,0.0893553089683211
"percentile_latbin_OLS","q50","Combined","collection5_k1_tropical_temperate","Coldhouse","Coolhouse",20,30,-0.115463586310098,241,0.12333560833033,0.176193726186186
"percentile_latbin_OLS","q50","Combined","collection5_k1_tropical_temperate","Warmhouse","Hothouse",19,19,-0.0874556421921188,162,0.299615933151512,0.37451991643939
"percentile_latbin_OLS","q50","Combined","collection5_k1_tropical_temperate","Transitional","Hothouse",22,19,0.0396299127024219,206,0.473943338048529,0.52660370894281
"percentile_latbin_OLS","q50","Combined","collection5_k1_tropical_temperate","Transitional","Warmhouse",22,19,0.127085554894541,235,0.755790389728643,0.755790389728643
"percentile_latbin_OLS","q50","Combined","collection5_k1_tropical_temperate_polar","Coolhouse","Hothouse",20,11,-0.362710998192283,30,0.000514914531495221,0.00514914531495221
"percentile_latbin_OLS","q50","Combined","collection5_k1_tropical_temperate_polar","Coldhouse","Hothouse",11,11,-0.632102468995059,14,0.00126141153092515,0.00630705765462575
"percentile_latbin_OLS","q50","Combined","collection5_k1_tropical_temperate_polar","Coolhouse","Transitional",20,15,-0.315409195156715,72,0.00489253660223498,0.0163084553407833
"percentile_latbin_OLS","q50","Combined","collection5_k1_tropical_temperate_polar","Coldhouse","Transitional",11,15,-0.584800665959491,35,0.00735794032980959,0.018394850824524
"percentile_latbin_OLS","q50","Combined","collection5_k1_tropical_temperate_polar","Coldhouse","Warmhouse",11,13,-0.458972806100037,32,0.0119253644275242,0.0238507288550483
"percentile_latbin_OLS","q50","Combined","collection5_k1_tropical_temperate_polar","Coolhouse","Warmhouse",20,13,-0.189581335297261,71,0.0155667326208351,0.0259445543680586
"percentile_latbin_OLS","q50","Combined","collection5_k1_tropical_temperate_polar","Warmhouse","Hothouse",13,11,-0.173129662895022,35,0.0185021937902386,0.0264317054146266
"percentile_latbin_OLS","q50","Combined","collection5_k1_tropical_temperate_polar","Transitional","Hothouse",15,11,-0.0473018030355677,61,0.137878923913755,0.172348654892193
"percentile_latbin_OLS","q50","Combined","collection5_k1_tropical_temperate_polar","Coldhouse","Coolhouse",11,20,-0.269391470802776,92,0.234991266913155,0.261101407681283
"percentile_latbin_OLS","q50","Combined","collection5_k1_tropical_temperate_polar","Transitional","Warmhouse",15,13,0.125827859859454,119,0.844574398520786,0.844574398520786
"percentile_latbin_OLS","q50","Combined","collection5_k2_tropical_temperate","Coldhouse","Hothouse",11,14,-0.581532329652315,15,0.000380214277731903,0.00380214277731903
"percentile_latbin_OLS","q50","Combined","collection5_k2_tropical_temperate","Coldhouse","Transitional",11,16,-0.531560425714752,27,0.00141578020551359,0.00425270981458947
"percentile_latbin_OLS","q50","Combined","collection5_k2_tropical_temperate","Coldhouse","Warmhouse",11,14,-0.398052050518902,20,0.00099043263322892,0.00425270981458947
"percentile_latbin_OLS","q50","Combined","collection5_k2_tropical_temperate","Coolhouse","Hothouse",11,14,-0.432894997157767,23,0.00170108392583579,0.00425270981458947
"percentile_latbin_OLS","q50","Combined","collection5_k2_tropical_temperate","Coolhouse","Warmhouse",11,14,-0.249414718024354,27,0.00336545828276561,0.00673091656553121
"percentile_latbin_OLS","q50","Combined","collection5_k2_tropical_temperate","Coolhouse","Transitional",11,16,-0.382923093220204,37,0.00635144412816343,0.0105857402136057
"percentile_latbin_OLS","q50","Combined","collection5_k2_tropical_temperate","Warmhouse","Hothouse",14,14,-0.183480279133413,67,0.0805466122494508,0.115066588927787
"percentile_latbin_OLS","q50","Combined","collection5_k2_tropical_temperate","Transitional","Hothouse",16,14,-0.0499719039375632,89,0.174807231841997,0.218509039802496
"percentile_latbin_OLS","q50","Combined","collection5_k2_tropical_temperate","Coldhouse","Coolhouse",11,11,-0.148637332494548,55,0.371332951459841,0.412592168288712
"percentile_latbin_OLS","q50","Combined","collection5_k2_tropical_temperate","Transitional","Warmhouse",16,14,0.13350837519585,125,0.71267022343767,0.71267022343767
"percentile_latbin_OLS","q50","Combined","collection5_k2_tropical_temperate_polar","Coolhouse","Hothouse",7,7,-0.485782965766378,0,0.00108251466651919,0.0108251466651919
"percentile_latbin_OLS","q50","Combined","collection5_k2_tropical_temperate_polar","Coldhouse","Hothouse",4,7,-0.624114705044345,0,0.0053667080514986,0.025322683295767
"percentile_latbin_OLS","q50","Combined","collection5_k2_tropical_temperate_polar","Coolhouse","Warmhouse",7,7,-0.225294033248752,5,0.00759680498873011,0.025322683295767
"percentile_latbin_OLS","q50","Combined","collection5_k2_tropical_temperate_polar","Coldhouse","Warmhouse",4,7,-0.36362577252672,2,0.0148790337175996,0.0340946274870806
"percentile_latbin_OLS","q50","Combined","collection5_k2_tropical_temperate_polar","Transitional","Hothouse",7,7,-0.273424665801082,8,0.0204567764922484,0.0340946274870806
"percentile_latbin_OLS","q50","Combined","collection5_k2_tropical_temperate_polar","Warmhouse","Hothouse",7,7,-0.260488932517626,8,0.0204567764922484,0.0340946274870806
"percentile_latbin_OLS","q50","Combined","collection5_k2_tropical_temperate_polar","Coldhouse","Transitional",4,7,-0.350690039243263,5,0.0540986237618508,0.0772837482312154
"percentile_latbin_OLS","q50","Combined","collection5_k2_tropical_temperate_polar","Coolhouse","Transitional",7,7,-0.212358299965296,12,0.0626005148051577,0.0782506435064471
"percentile_latbin_OLS","q50","Combined","collection5_k2_tropical_temperate_polar","Transitional","Warmhouse",7,7,-0.0129357332834566,20,0.304640079652051,0.338488977391168
"percentile_latbin_OLS","q50","Combined","collection5_k2_tropical_temperate_polar","Coldhouse","Coolhouse",4,7,-0.138331739277967,13,0.462359518743385,0.462359518743385
"percentile_latbin_OLS","q50","Combined","collection5_k3_tropical_temperate","Coldhouse","Transitional",5,11,-0.601033739503814,2,0.00231140337121997,0.0137108300781332
"percentile_latbin_OLS","q50","Combined","collection5_k3_tropical_temperate","Coldhouse","Warmhouse",5,10,-0.439696370078076,4,0.00602414182102069,0.0137108300781332
"percentile_latbin_OLS","q50","Combined","collection5_k3_tropical_temperate","Coldhouse","Hothouse",5,6,-0.623176649211489,1,0.00685541503906661,0.0137108300781332
"percentile_latbin_OLS","q50","Combined","collection5_k3_tropical_temperate","Coolhouse","Transitional",8,11,-0.392395163434405,11,0.00364171844483574,0.0137108300781332
"percentile_latbin_OLS","q50","Combined","collection5_k3_tropical_temperate","Coolhouse","Hothouse",8,6,-0.41453807314208,4,0.00591056891831115,0.0137108300781332
"percentile_latbin_OLS","q50","Combined","collection5_k3_tropical_temperate","Coolhouse","Warmhouse",8,10,-0.231057794008667,14,0.0117338232380456,0.0195563720634094
"percentile_latbin_OLS","q50","Combined","collection5_k3_tropical_temperate","Warmhouse","Hothouse",10,6,-0.183480279133413,14,0.046360964153696,0.0662299487909943
"percentile_latbin_OLS","q50","Combined","collection5_k3_tropical_temperate","Coldhouse","Coolhouse",5,8,-0.208638576069409,15,0.255033763778767,0.318792204723459
"percentile_latbin_OLS","q50","Combined","collection5_k3_tropical_temperate","Transitional","Hothouse",11,6,-0.0221429097076752,28,0.325538317038917,0.361709241154352
"percentile_latbin_OLS","q50","Combined","collection5_k3_tropical_temperate","Transitional","Warmhouse",11,10,0.161337369425738,75,0.925569525849836,0.925569525849836
"percentile_latbin_OLS","q50","Combined","collection5_k3_tropical_temperate_polar","Coldhouse","Coolhouse",2,3,-0.199310107165339,0,0.0744573365893828,0.10579459101418
"percentile_latbin_OLS","q50","Combined","collection5_k3_tropical_temperate_polar","Coldhouse","Transitional",2,3,-0.378274978341814,0,0.0744573365893828,0.10579459101418
"percentile_latbin_OLS","q50","Combined","collection5_k3_tropical_temperate_polar","Coldhouse","Warmhouse",2,4,-0.38170271984673,0,0.0525962525600207,0.10579459101418
"percentile_latbin_OLS","q50","Combined","collection5_k3_tropical_temperate_polar","Coldhouse","Hothouse",2,5,-0.651699644142897,0,0.0406805646170377,0.10579459101418
"percentile_latbin_OLS","q50","Combined","collection5_k3_tropical_temperate_polar","Coolhouse","Transitional",3,3,-0.178964871176475,1,0.095215131912762,0.10579459101418
"percentile_latbin_OLS","q50","Combined","collection5_k3_tropical_temperate_polar","Coolhouse","Warmhouse",3,4,-0.182392612681391,1,0.0558058841491461,0.10579459101418
"percentile_latbin_OLS","q50","Combined","collection5_k3_tropical_temperate_polar","Coolhouse","Hothouse",3,5,-0.452389536977557,0,0.0184442128535249,0.10579459101418
"percentile_latbin_OLS","q50","Combined","collection5_k3_tropical_temperate_polar","Transitional","Hothouse",3,5,-0.273424665801082,2,0.0680185640570718,0.10579459101418
"percentile_latbin_OLS","q50","Combined","collection5_k3_tropical_temperate_polar","Warmhouse","Hothouse",4,5,-0.269996924296166,4,0.0889547974934913,0.10579459101418
"percentile_latbin_OLS","q50","Combined","collection5_k3_tropical_temperate_polar","Transitional","Warmhouse",3,4,-0.00342774150491591,6,0.570158102400667,0.570158102400667
"percentile_latbin_OLS","q50","Combined","collection10_k1_tropical_temperate","Coldhouse","Hothouse",14,15,-0.871383362369059,22,0.000158744782846598,0.00158744782846598
"percentile_latbin_OLS","q50","Combined","collection10_k1_tropical_temperate","Coolhouse","Hothouse",23,15,-0.637912555612738,66,0.000773844417351651,0.00386922208675826
"percentile_latbin_OLS","q50","Combined","collection10_k1_tropical_temperate","Coldhouse","Warmhouse",14,15,-0.517763464665456,39,0.00212721030629413,0.00709070102098043
"percentile_latbin_OLS","q50","Combined","collection10_k1_tropical_temperate","Coolhouse","Warmhouse",23,15,-0.284292657909134,86,0.00510980506559748,0.0127745126639937
"percentile_latbin_OLS","q50","Combined","collection10_k1_tropical_temperate","Coldhouse","Transitional",14,18,-0.479287332568061,67,0.0131338410982716,0.0262676821965433
"percentile_latbin_OLS","q50","Combined","collection10_k1_tropical_temperate","Coolhouse","Transitional",23,18,-0.245816525811739,139,0.0380937764425331,0.0634896274042218
"percentile_latbin_OLS","q50","Combined","collection10_k1_tropical_temperate","Transitional","Hothouse",18,15,-0.392096029800998,91,0.057888842879466,0.0826983469706657
"percentile_latbin_OLS","q50","Combined","collection10_k1_tropical_temperate","Warmhouse","Hothouse",15,15,-0.353619897703604,79,0.0855346155281759,0.10691826941022
"percentile_latbin_OLS","q50","Combined","collection10_k1_tropical_temperate","Coldhouse","Coolhouse",14,23,-0.233470806756321,138,0.240524161666539,0.267249068518377
"percentile_latbin_OLS","q50","Combined","collection10_k1_tropical_temperate","Transitional","Warmhouse",18,15,-0.0384761320973948,120,0.3000528188066,0.3000528188066
"percentile_latbin_OLS","q50","Combined","collection10_k1_tropical_temperate_polar","Coolhouse","Hothouse",15,7,-0.861446801685362,5,0.000461398197388425,0.00461398197388425
"percentile_latbin_OLS","q50","Combined","collection10_k1_tropical_temperate_polar","Coldhouse","Hothouse",9,7,-0.607774286975161,6,0.00406911366678796,0.0176722423035378
"percentile_latbin_OLS","q50","Combined","collection10_k1_tropical_temperate_polar","Transitional","Hothouse",7,7,-0.623292566575147,4,0.00530167269106133,0.0176722423035378
"percentile_latbin_OLS","q50","Combined","collection10_k1_tropical_temperate_polar","Warmhouse","Hothouse",8,7,-0.481023934919466,7,0.00883613819336122,0.0220903454834031
"percentile_latbin_OLS","q50","Combined","collection10_k1_tropical_temperate_polar","Coolhouse","Warmhouse",15,8,-0.380422866765895,29,0.0244899534650877,0.0489799069301755
"percentile_latbin_OLS","q50","Combined","collection10_k1_tropical_temperate_polar","Coolhouse","Transitional",15,7,-0.238154235110214,34,0.102250266662821,0.170417111104702
"percentile_latbin_OLS","q50","Combined","collection10_k1_tropical_temperate_polar","Coldhouse","Warmhouse",9,8,-0.126750352055695,25,0.156160710838108,0.223086729768726
"percentile_latbin_OLS","q50","Combined","collection10_k1_tropical_temperate_polar","Transitional","Warmhouse",7,8,-0.142268631655681,21,0.225956729139537,0.282445911424421
"percentile_latbin_OLS","q50","Combined","collection10_k1_tropical_temperate_polar","Coldhouse","Transitional",9,7,0.0155182795999864,27,0.33599993550481,0.373333261672011
"percentile_latbin_OLS","q50","Combined","collection10_k1_tropical_temperate_polar","Coldhouse","Coolhouse",9,15,0.253672514710201,79,0.762862824616335,0.762862824616335
"percentile_latbin_OLS","q50","Combined","collection10_k2_tropical_temperate","Coldhouse","Warmhouse",7,13,-0.616736502994047,8,0.00168400557247058,0.0099764562902882
"percentile_latbin_OLS","q50","Combined","collection10_k2_tropical_temperate","Coldhouse","Hothouse",7,10,-0.806373853712719,5,0.00199529125805764,0.0099764562902882
"percentile_latbin_OLS","q50","Combined","collection10_k2_tropical_temperate","Coolhouse","Warmhouse",8,13,-0.330779871487832,16,0.00507122938988043,0.0169040979662681
"percentile_latbin_OLS","q50","Combined","collection10_k2_tropical_temperate","Coolhouse","Hothouse",8,10,-0.520417222206504,12,0.0072740119336715,0.0181850298341787
"percentile_latbin_OLS","q50","Combined","collection10_k2_tropical_temperate","Coldhouse","Transitional",7,13,-0.535074269257732,20,0.0237915926455019,0.0475831852910038
"percentile_latbin_OLS","q50","Combined","collection10_k2_tropical_temperate","Coolhouse","Transitional",8,13,-0.249117637751517,28,0.0443883668565458,0.0739806114275764
"percentile_latbin_OLS","q50","Combined","collection10_k2_tropical_temperate","Transitional","Hothouse",13,10,-0.271299584454987,54,0.257464389097321,0.321830486371651
"percentile_latbin_OLS","q50","Combined","collection10_k2_tropical_temperate","Warmhouse","Hothouse",13,10,-0.189637350718672,54,0.257464389097321,0.321830486371651
"percentile_latbin_OLS","q50","Combined","collection10_k2_tropical_temperate","Transitional","Warmhouse",13,13,-0.0816622337363152,75,0.322206166884906,0.35800685209434
"percentile_latbin_OLS","q50","Combined","collection10_k2_tropical_temperate","Coldhouse","Coolhouse",7,8,-0.285956631506215,25,0.38616872064639,0.38616872064639
"percentile_latbin_OLS","q50","Combined","collection10_k2_tropical_temperate_polar","Coolhouse","Hothouse",4,4,-0.65296536923792,1,0.030300984856003,0.101003282853344
"percentile_latbin_OLS","q50","Combined","collection10_k2_tropical_temperate_polar","Transitional","Hothouse",3,4,-0.752346437249239,0,0.0259149636089548,0.101003282853344
"percentile_latbin_OLS","q50","Combined","collection10_k2_tropical_temperate_polar","Warmhouse","Hothouse",7,4,-0.540833400101567,3,0.0236104520017886,0.101003282853344
"percentile_latbin_OLS","q50","Combined","collection10_k2_tropical_temperate_polar","Coldhouse","Warmhouse",2,7,-0.36708498686636,1,0.0536732684969056,0.107346536993811
"percentile_latbin_OLS","q50","Combined","collection10_k2_tropical_temperate_polar","Coldhouse","Hothouse",2,4,-0.907918386967927,0,0.0525962525600207,0.107346536993811
"percentile_latbin_OLS","q50","Combined","collection10_k2_tropical_temperate_polar","Transitional","Warmhouse",3,7,-0.211513037147672,5,0.127225291323168,0.21204215220528
"percentile_latbin_OLS","q50","Combined","collection10_k2_tropical_temperate_polar","Coldhouse","Coolhouse",2,4,-0.254953017730007,2,0.243726645182017,0.348180921688596
"percentile_latbin_OLS","q50","Combined","collection10_k2_tropical_temperate_polar","Coolhouse","Warmhouse",4,7,-0.112131969136353,11,0.3183008162818,0.397876020352251
"percentile_latbin_OLS","q50","Combined","collection10_k2_tropical_temperate_polar","Coldhouse","Transitional",2,3,-0.155571949718688,2,0.386414996342224,0.429349995935804
"percentile_latbin_OLS","q50","Combined","collection10_k2_tropical_temperate_polar","Coolhouse","Transitional",4,3,0.0993810680113191,8,0.811620441094209,0.811620441094209
"percentile_latbin_OLS","q50","Combined","collection10_k3_tropical_temperate","Coldhouse","Warmhouse",3,6,-0.904269474212537,1,0.0264037557080568,0.132018778540284
"percentile_latbin_OLS","q50","Combined","collection10_k3_tropical_temperate","Coldhouse","Hothouse",3,5,-0.949954745612509,0,0.0184442128535249,0.132018778540284
"percentile_latbin_OLS","q50","Combined","collection10_k3_tropical_temperate","Coldhouse","Transitional",3,7,-0.417601522336569,3,0.0553060368742615,0.155580347792198
"percentile_latbin_OLS","q50","Combined","collection10_k3_tropical_temperate","Coolhouse","Warmhouse",3,6,-0.505540276910985,3,0.077790173896099,0.155580347792198
"percentile_latbin_OLS","q50","Combined","collection10_k3_tropical_temperate","Coolhouse","Hothouse",3,5,-0.551225548310957,2,0.0680185640570718,0.155580347792198
"percentile_latbin_OLS","q50","Combined","collection10_k3_tropical_temperate","Transitional","Hothouse",7,5,-0.532353223275941,11,0.164929597327738,0.274882662212897
"percentile_latbin_OLS","q50","Combined","collection10_k3_tropical_temperate","Transitional","Warmhouse",7,6,-0.486667951875969,15,0.216017446002504,0.308596351432148
"percentile_latbin_OLS","q50","Combined","collection10_k3_tropical_temperate","Coolhouse","Transitional",3,7,-0.0188723250350169,7,0.247062272204632,0.30882784025579
"percentile_latbin_OLS","q50","Combined","collection10_k3_tropical_temperate","Coldhouse","Coolhouse",3,3,-0.398729197301552,3,0.331260291770029,0.368066990855588
"percentile_latbin_OLS","q50","Combined","collection10_k3_tropical_temperate","Warmhouse","Hothouse",6,5,-0.045685271399972,15,0.536367763237384,0.536367763237384
"percentile_latbin_OLS","q50","Combined","collection10_k3_tropical_temperate_polar","Coolhouse","Hothouse",2,2,-0.547565316898636,0,0.122639058403386,0.367917175210159
"percentile_latbin_OLS","q50","Combined","collection10_k3_tropical_temperate_polar","Transitional","Hothouse",2,2,-0.710707034726168,0,0.122639058403386,0.367917175210159
"percentile_latbin_OLS","q50","Combined","collection10_k3_tropical_temperate_polar","Transitional","Warmhouse",2,3,-0.180582493304482,2,0.386414996342224,0.579622494513336
"percentile_latbin_OLS","q50","Combined","collection10_k3_tropical_temperate_polar","Warmhouse","Hothouse",3,2,-0.530124541421686,2,0.386414996342224,0.579622494513336
"percentile_latbin_OLS","q50","Combined","collection10_k3_tropical_temperate_polar","Coolhouse","Warmhouse",2,3,-0.0174407754769506,3,0.613585003657776,0.736302004389331
"percentile_latbin_OLS","q50","Combined","collection10_k3_tropical_temperate_polar","Coolhouse","Transitional",2,2,0.163141717827532,3,0.877360941596614,0.877360941596614
"percentile_latbin_OLS","q50","Combined","collection10_k3_tropical_temperate_polar","Coldhouse","Coolhouse",1,2,-0.531443299387965,NA,NA,NA
"percentile_latbin_OLS","q50","Combined","collection10_k3_tropical_temperate_polar","Coldhouse","Transitional",1,2,-0.368301581560433,NA,NA,NA
"percentile_latbin_OLS","q50","Combined","collection10_k3_tropical_temperate_polar","Coldhouse","Warmhouse",1,3,-0.548884074864915,NA,NA,NA
"percentile_latbin_OLS","q50","Combined","collection10_k3_tropical_temperate_polar","Coldhouse","Hothouse",1,2,-1.0790086162866,NA,NA,NA
"percentile_latbin_OLS","q50","Northern","occurrence5_k1_tropical_temperate","Coldhouse","Transitional",10,15,-0.45522763270223,23,0.00214031058496072,0.0107015529248036
"percentile_latbin_OLS","q50","Northern","occurrence5_k1_tropical_temperate","Coldhouse","Warmhouse",10,11,-0.417358269914323,11,0.00109499971725997,0.0107015529248036
"percentile_latbin_OLS","q50","Northern","occurrence5_k1_tropical_temperate","Coolhouse","Transitional",15,15,-0.24695055747406,58,0.0125514463767966,0.0418381545893221
"percentile_latbin_OLS","q50","Northern","occurrence5_k1_tropical_temperate","Coolhouse","Warmhouse",15,11,-0.209081194686153,44,0.0242935424546294,0.0607338561365734
"percentile_latbin_OLS","q50","Northern","occurrence5_k1_tropical_temperate","Coldhouse","Hothouse",10,10,-0.315317631557574,32,0.092938366182938,0.185876732365876
"percentile_latbin_OLS","q50","Northern","occurrence5_k1_tropical_temperate","Coldhouse","Coolhouse",10,15,-0.20827707522817,60,0.210607456314543,0.351012427190905
"percentile_latbin_OLS","q50","Northern","occurrence5_k1_tropical_temperate","Coolhouse","Hothouse",15,10,-0.107040556329404,65,0.299108882245516,0.42729840320788
"percentile_latbin_OLS","q50","Northern","occurrence5_k1_tropical_temperate","Transitional","Warmhouse",15,11,0.037869362787907,92,0.698119383945904,0.87264922993238
"percentile_latbin_OLS","q50","Northern","occurrence5_k1_tropical_temperate","Transitional","Hothouse",15,10,0.139910001144656,99,0.912929158392478,0.912929158392478
"percentile_latbin_OLS","q50","Northern","occurrence5_k1_tropical_temperate","Warmhouse","Hothouse",11,10,0.102040638356749,73,0.903666652000564,0.912929158392478
"percentile_latbin_OLS","q50","Northern","occurrence5_k1_tropical_temperate_polar","Coldhouse","Transitional",7,12,-0.544038394558689,3,0.000569274158060708,0.00284637079030354
"percentile_latbin_OLS","q50","Northern","occurrence5_k1_tropical_temperate_polar","Coldhouse","Warmhouse",7,10,-0.453755737100112,1,0.000539135852838485,0.00284637079030354
"percentile_latbin_OLS","q50","Northern","occurrence5_k1_tropical_temperate_polar","Coldhouse","Hothouse",7,5,-0.388053962216371,1,0.00468305581653336,0.0156101860551112
"percentile_latbin_OLS","q50","Northern","occurrence5_k1_tropical_temperate_polar","Coldhouse","Coolhouse",7,10,-0.376201863631633,9,0.00641334682274272,0.0160333670568568
"percentile_latbin_OLS","q50","Northern","occurrence5_k1_tropical_temperate_polar","Coolhouse","Transitional",10,12,-0.167836530927057,32,0.0348930666938495,0.0697861333876991
"percentile_latbin_OLS","q50","Northern","occurrence5_k1_tropical_temperate_polar","Coolhouse","Warmhouse",10,10,-0.0775538734684792,37,0.172352111003479,0.287253518339131
"percentile_latbin_OLS","q50","Northern","occurrence5_k1_tropical_temperate_polar","Coolhouse","Hothouse",10,5,-0.0118520985847384,20,0.290770501215748,0.415386430308211
"percentile_latbin_OLS","q50","Northern","occurrence5_k1_tropical_temperate_polar","Warmhouse","Hothouse",10,5,0.0657017748837408,29,0.709229498784252,0.886536873480315
"percentile_latbin_OLS","q50","Northern","occurrence5_k1_tropical_temperate_polar","Transitional","Warmhouse",12,10,0.0902826574585775,76,0.861697541774452,0.887283315847462
"percentile_latbin_OLS","q50","Northern","occurrence5_k1_tropical_temperate_polar","Transitional","Hothouse",12,5,0.155984432342318,41,0.887283315847462,0.887283315847462
"percentile_latbin_OLS","q50","Northern","occurrence5_k2_tropical_temperate","Coldhouse","Transitional",7,13,-0.462958000213426,11,0.0035272757074604,0.017636378537302
"percentile_latbin_OLS","q50","Northern","occurrence5_k2_tropical_temperate","Coldhouse","Warmhouse",7,8,-0.356818758037618,4,0.00326808058712134,0.017636378537302
"percentile_latbin_OLS","q50","Northern","occurrence5_k2_tropical_temperate","Coldhouse","Hothouse",7,8,-0.335618866375428,8,0.012013835712721,0.0400461190424034
"percentile_latbin_OLS","q50","Northern","occurrence5_k2_tropical_temperate","Coolhouse","Transitional",9,13,-0.19286782459671,28,0.0225703127860773,0.0564257819651933
"percentile_latbin_OLS","q50","Northern","occurrence5_k2_tropical_temperate","Coldhouse","Coolhouse",7,9,-0.270090175616716,19,0.102004081810336,0.204008163620672
"percentile_latbin_OLS","q50","Northern","occurrence5_k2_tropical_temperate","Coolhouse","Warmhouse",9,8,-0.0867285824209021,24,0.134236045481864,0.223086729768726
"percentile_latbin_OLS","q50","Northern","occurrence5_k2_tropical_temperate","Coolhouse","Hothouse",9,8,-0.065528690758712,25,0.156160710838108,0.223086729768726
"percentile_latbin_OLS","q50","Northern","occurrence5_k2_tropical_temperate","Warmhouse","Hothouse",8,8,0.0211998916621901,33,0.562587011525378,0.703233764406723
"percentile_latbin_OLS","q50","Northern","occurrence5_k2_tropical_temperate","Transitional","Warmhouse",13,8,0.106139242175808,69,0.897487049378268,0.897487049378268
"percentile_latbin_OLS","q50","Northern","occurrence5_k2_tropical_temperate","Transitional","Hothouse",13,8,0.127339133837998,64,0.817335779817266,0.897487049378268
"percentile_latbin_OLS","q50","Northern","occurrence5_k2_tropical_temperate_polar","Coldhouse","Transitional",4,8,-0.386653040430507,3,0.0168761114779779,0.0622273598677715
"percentile_latbin_OLS","q50","Northern","occurrence5_k2_tropical_temperate_polar","Coldhouse","Warmhouse",4,6,-0.31527814206059,1,0.0125907322022298,0.0622273598677715
"percentile_latbin_OLS","q50","Northern","occurrence5_k2_tropical_temperate_polar","Coldhouse","Hothouse",4,5,-0.280576721875438,1,0.0186682079603315,0.0622273598677715
"percentile_latbin_OLS","q50","Northern","occurrence5_k2_tropical_temperate_polar","Coolhouse","Transitional",7,8,-0.177323486069908,14,0.0591061443898281,0.14776536097457
"percentile_latbin_OLS","q50","Northern","occurrence5_k2_tropical_temperate_polar","Coolhouse","Hothouse",7,5,-0.0712471675148389,9,0.0969382153710313,0.193876430742063
"percentile_latbin_OLS","q50","Northern","occurrence5_k2_tropical_temperate_polar","Coldhouse","Coolhouse",4,7,-0.209329554360599,8,0.149308837224405,0.213298338892007
"percentile_latbin_OLS","q50","Northern","occurrence5_k2_tropical_temperate_polar","Coolhouse","Warmhouse",7,6,-0.105948587699992,13,0.141988385875456,0.213298338892007
"percentile_latbin_OLS","q50","Northern","occurrence5_k2_tropical_temperate_polar","Warmhouse","Hothouse",6,5,0.0347014201851527,14,0.463632236762616,0.57954029595327
"percentile_latbin_OLS","q50","Northern","occurrence5_k2_tropical_temperate_polar","Transitional","Warmhouse",8,6,0.0713748983699162,28,0.719362081932711,0.719362081932711
"percentile_latbin_OLS","q50","Northern","occurrence5_k2_tropical_temperate_polar","Transitional","Hothouse",8,5,0.106076318555069,23,0.695796099883501,0.719362081932711
"percentile_latbin_OLS","q50","Northern","occurrence5_k3_tropical_temperate","Coldhouse","Transitional",4,8,-0.301280435317713,0,0.00423740094607692,0.0211870047303846
"percentile_latbin_OLS","q50","Northern","occurrence5_k3_tropical_temperate","Coolhouse","Transitional",6,8,-0.411417192385776,2,0.00275467509673836,0.0211870047303846
"percentile_latbin_OLS","q50","Northern","occurrence5_k3_tropical_temperate","Coldhouse","Warmhouse",4,6,-0.178738614936665,2,0.0214128046154457,0.0566594525974652
"percentile_latbin_OLS","q50","Northern","occurrence5_k3_tropical_temperate","Coolhouse","Warmhouse",6,6,-0.288875372004728,5,0.0226637810389861,0.0566594525974652
"percentile_latbin_OLS","q50","Northern","occurrence5_k3_tropical_temperate","Coldhouse","Hothouse",4,5,-0.145296002975395,2,0.0330962898610967,0.0661925797221935
"percentile_latbin_OLS","q50","Northern","occurrence5_k3_tropical_temperate","Coolhouse","Hothouse",6,5,-0.255432760043457,5,0.0414187125794032,0.0690311876323386
"percentile_latbin_OLS","q50","Northern","occurrence5_k3_tropical_temperate","Warmhouse","Hothouse",6,5,0.0334426119612703,15,0.536367763237384,0.766239661767691
"percentile_latbin_OLS","q50","Northern","occurrence5_k3_tropical_temperate","Coldhouse","Coolhouse",4,6,0.110136757068062,13,0.625440433499702,0.781800541874628
"percentile_latbin_OLS","q50","Northern","occurrence5_k3_tropical_temperate","Transitional","Warmhouse",8,6,0.122541820381048,36,0.946708415212556,0.953853830482963
"percentile_latbin_OLS","q50","Northern","occurrence5_k3_tropical_temperate","Transitional","Hothouse",8,5,0.155984432342318,31,0.953853830482963,0.953853830482963
"percentile_latbin_OLS","q50","Northern","occurrence5_k3_tropical_temperate_polar","Coldhouse","Transitional",2,3,-0.266916660057266,0,0.0744573365893828,0.176542838008505
"percentile_latbin_OLS","q50","Northern","occurrence5_k3_tropical_temperate_polar","Coldhouse","Warmhouse",2,4,-0.161713571851761,1,0.123579986605954,0.176542838008505
"percentile_latbin_OLS","q50","Northern","occurrence5_k3_tropical_temperate_polar","Coldhouse","Hothouse",2,2,-0.34043174885999,0,0.122639058403386,0.176542838008505
"percentile_latbin_OLS","q50","Northern","occurrence5_k3_tropical_temperate_polar","Coolhouse","Transitional",4,3,-0.377053417125328,0,0.0259149636089548,0.176542838008505
"percentile_latbin_OLS","q50","Northern","occurrence5_k3_tropical_temperate_polar","Coolhouse","Warmhouse",4,4,-0.271850328919823,2,0.056175598845232,0.176542838008505
"percentile_latbin_OLS","q50","Northern","occurrence5_k3_tropical_temperate_polar","Coolhouse","Hothouse",4,2,-0.450568505928052,0,0.0525962525600207,0.176542838008505
"percentile_latbin_OLS","q50","Northern","occurrence5_k3_tropical_temperate_polar","Warmhouse","Hothouse",4,2,-0.178718177008229,1,0.123579986605954,0.176542838008505
"percentile_latbin_OLS","q50","Northern","occurrence5_k3_tropical_temperate_polar","Transitional","Hothouse",3,2,-0.0735150888027236,2,0.386414996342224,0.48301874542778
"percentile_latbin_OLS","q50","Northern","occurrence5_k3_tropical_temperate_polar","Coldhouse","Coolhouse",2,4,0.110136757068062,5,0.756273354817983,0.840303727575536
"percentile_latbin_OLS","q50","Northern","occurrence5_k3_tropical_temperate_polar","Transitional","Warmhouse",3,4,0.105203088205505,9,0.89203753052993,0.89203753052993
"percentile_latbin_OLS","q50","Northern","occurrence10_k1_tropical_temperate","Coldhouse","Transitional",10,14,-0.580174190558753,17,0.0010557455033353,0.00706818022779203
"percentile_latbin_OLS","q50","Northern","occurrence10_k1_tropical_temperate","Coldhouse","Warmhouse",10,10,-0.479255161745311,10,0.0014136360455584,0.00706818022779203
"percentile_latbin_OLS","q50","Northern","occurrence10_k1_tropical_temperate","Coolhouse","Warmhouse",15,10,-0.351541351733415,24,0.00254536381609496,0.00848454605364987
"percentile_latbin_OLS","q50","Northern","occurrence10_k1_tropical_temperate","Coolhouse","Transitional",15,14,-0.452460380546858,43,0.00363648449636083,0.00909121124090207
"percentile_latbin_OLS","q50","Northern","occurrence10_k1_tropical_temperate","Coldhouse","Hothouse",10,9,-0.56751007253073,20,0.0227276474245292,0.0454552948490585
"percentile_latbin_OLS","q50","Northern","occurrence10_k1_tropical_temperate","Coolhouse","Hothouse",15,9,-0.439796262518834,37,0.0368191350601513,0.0613652251002522
"percentile_latbin_OLS","q50","Northern","occurrence10_k1_tropical_temperate","Coldhouse","Coolhouse",10,15,-0.127713810011896,65,0.299108882245516,0.42729840320788
"percentile_latbin_OLS","q50","Northern","occurrence10_k1_tropical_temperate","Transitional","Warmhouse",14,10,0.100919028813442,67,0.441808729690684,0.513732798603761
"percentile_latbin_OLS","q50","Northern","occurrence10_k1_tropical_temperate","Transitional","Hothouse",14,9,0.0126641180280234,61,0.462359518743385,0.513732798603761
"percentile_latbin_OLS","q50","Northern","occurrence10_k1_tropical_temperate","Warmhouse","Hothouse",10,9,-0.0882549107854191,48,0.612474313164959,0.612474313164959
"percentile_latbin_OLS","q50","Northern","occurrence10_k1_tropical_temperate_polar","Coldhouse","Transitional",6,12,-0.522724345017898,2,0.000851794838476953,0.00851794838476953
"percentile_latbin_OLS","q50","Northern","occurrence10_k1_tropical_temperate_polar","Coldhouse","Warmhouse",6,9,-0.38291543142542,3,0.00280710677418267,0.0140355338709133
"percentile_latbin_OLS","q50","Northern","occurrence10_k1_tropical_temperate_polar","Coolhouse","Transitional",9,12,-0.314289634573014,25,0.0214128046154457,0.071376015384819
"percentile_latbin_OLS","q50","Northern","occurrence10_k1_tropical_temperate_polar","Coldhouse","Coolhouse",6,9,-0.208434710444884,12,0.0437401669625986,0.0729002782709977
"percentile_latbin_OLS","q50","Northern","occurrence10_k1_tropical_temperate_polar","Coldhouse","Hothouse",6,4,-0.487430397771361,3,0.0349771792900052,0.0729002782709977
"percentile_latbin_OLS","q50","Northern","occurrence10_k1_tropical_temperate_polar","Coolhouse","Warmhouse",9,9,-0.174480720980535,20,0.0386943055710033,0.0729002782709977
"percentile_latbin_OLS","q50","Northern","occurrence10_k1_tropical_temperate_polar","Coolhouse","Hothouse",9,4,-0.278995687326476,12,0.198032910354469,0.282904157649241
"percentile_latbin_OLS","q50","Northern","occurrence10_k1_tropical_temperate_polar","Transitional","Warmhouse",12,9,0.139808913592478,57,0.598216791901927,0.664376554512622
"percentile_latbin_OLS","q50","Northern","occurrence10_k1_tropical_temperate_polar","Transitional","Hothouse",12,4,0.0352939472465373,27,0.664376554512622,0.664376554512622
"percentile_latbin_OLS","q50","Northern","occurrence10_k1_tropical_temperate_polar","Warmhouse","Hothouse",9,4,-0.104514966345941,19,0.591519339142304,0.664376554512622
"percentile_latbin_OLS","q50","Northern","occurrence10_k2_tropical_temperate","Coldhouse","Transitional",7,12,-0.5800178564191,7,0.00177399053938254,0.0163404029356067
"percentile_latbin_OLS","q50","Northern","occurrence10_k2_tropical_temperate","Coldhouse","Warmhouse",7,8,-0.465056156342752,4,0.00326808058712134,0.0163404029356067
"percentile_latbin_OLS","q50","Northern","occurrence10_k2_tropical_temperate","Coldhouse","Hothouse",7,6,-0.590125300475383,3,0.00620966532577613,0.0206988844192538
"percentile_latbin_OLS","q50","Northern","occurrence10_k2_tropical_temperate","Coolhouse","Transitional",8,12,-0.360871730203063,17,0.00930816017782372,0.0232704004445593
"percentile_latbin_OLS","q50","Northern","occurrence10_k2_tropical_temperate","Coolhouse","Warmhouse",8,8,-0.245910030126716,10,0.0119743374398797,0.0239486748797594
"percentile_latbin_OLS","q50","Northern","occurrence10_k2_tropical_temperate","Coolhouse","Hothouse",8,6,-0.370979174259347,7,0.0165799937294239,0.0276333228823732
"percentile_latbin_OLS","q50","Northern","occurrence10_k2_tropical_temperate","Coldhouse","Coolhouse",7,8,-0.219146126216036,19,0.162635489987106,0.232336414267295
"percentile_latbin_OLS","q50","Northern","occurrence10_k2_tropical_temperate","Warmhouse","Hothouse",8,6,-0.125069144132631,17,0.200693582855883,0.250866978569854
"percentile_latbin_OLS","q50","Northern","occurrence10_k2_tropical_temperate","Transitional","Hothouse",12,6,-0.0101074440562838,31,0.336708287316883,0.374120319240982
"percentile_latbin_OLS","q50","Northern","occurrence10_k2_tropical_temperate","Transitional","Warmhouse",12,8,0.114961700076347,55,0.718583123041337,0.718583123041337
"percentile_latbin_OLS","q50","Northern","occurrence10_k2_tropical_temperate_polar","Coldhouse","Transitional",3,5,-0.215693268291279,1,0.0368191350601513,0.179937449116784
"percentile_latbin_OLS","q50","Northern","occurrence10_k2_tropical_temperate_polar","Coldhouse","Warmhouse",3,4,-0.200010419507661,2,0.10796246947007,0.179937449116784
"percentile_latbin_OLS","q50","Northern","occurrence10_k2_tropical_temperate_polar","Coldhouse","Hothouse",3,2,-0.429142490350953,0,0.0744573365893828,0.179937449116784
"percentile_latbin_OLS","q50","Northern","occurrence10_k2_tropical_temperate_polar","Coolhouse","Transitional",5,5,-0.153262726668765,6,0.105037520393329,0.179937449116784
"percentile_latbin_OLS","q50","Northern","occurrence10_k2_tropical_temperate_polar","Coolhouse","Hothouse",5,2,-0.366711948728439,1,0.087622122700003,0.179937449116784
"percentile_latbin_OLS","q50","Northern","occurrence10_k2_tropical_temperate_polar","Warmhouse","Hothouse",4,2,-0.229132070843292,0,0.0525962525600207,0.179937449116784
"percentile_latbin_OLS","q50","Northern","occurrence10_k2_tropical_temperate_polar","Coldhouse","Coolhouse",3,5,-0.0624305416225141,4,0.185546684761349,0.265066692516213
"percentile_latbin_OLS","q50","Northern","occurrence10_k2_tropical_temperate_polar","Coolhouse","Warmhouse",5,4,-0.137579877885147,7,0.27014568730371,0.311819908963654
"percentile_latbin_OLS","q50","Northern","occurrence10_k2_tropical_temperate_polar","Transitional","Hothouse",5,2,-0.213449222059673,3,0.280637918067289,0.311819908963654
"percentile_latbin_OLS","q50","Northern","occurrence10_k2_tropical_temperate_polar","Transitional","Warmhouse",5,4,0.0156828487836183,13,0.80436636035868,0.80436636035868
"percentile_latbin_OLS","q50","Northern","occurrence10_k3_tropical_temperate","Coldhouse","Transitional",4,8,-0.501226046098378,0,0.00423740094607692,0.0211870047303846
"percentile_latbin_OLS","q50","Northern","occurrence10_k3_tropical_temperate","Coolhouse","Transitional",5,8,-0.620049634928898,0,0.00215517924976753,0.0211870047303846
"percentile_latbin_OLS","q50","Northern","occurrence10_k3_tropical_temperate","Coolhouse","Warmhouse",5,6,-0.45968654354973,1,0.00685541503906661,0.0228513834635554
"percentile_latbin_OLS","q50","Northern","occurrence10_k3_tropical_temperate","Coolhouse","Hothouse",5,4,-0.672471949084324,0,0.00998222665260803,0.0249555666315201
"percentile_latbin_OLS","q50","Northern","occurrence10_k3_tropical_temperate","Coldhouse","Hothouse",4,4,-0.553648360253803,0,0.0151914109882887,0.0303828219765775
"percentile_latbin_OLS","q50","Northern","occurrence10_k3_tropical_temperate","Coldhouse","Warmhouse",4,6,-0.34086295471921,2,0.0214128046154457,0.0356880076924095
"percentile_latbin_OLS","q50","Northern","occurrence10_k3_tropical_temperate","Warmhouse","Hothouse",6,4,-0.212785405534594,6,0.120477334350785,0.172110477643979
"percentile_latbin_OLS","q50","Northern","occurrence10_k3_tropical_temperate","Transitional","Hothouse",8,4,-0.0524223141554253,12,0.276107111017075,0.345133888771344
"percentile_latbin_OLS","q50","Northern","occurrence10_k3_tropical_temperate","Coldhouse","Coolhouse",4,5,0.11882358883052,11,0.643348413060771,0.714831570067524
"percentile_latbin_OLS","q50","Northern","occurrence10_k3_tropical_temperate","Transitional","Warmhouse",8,6,0.160363091379168,32,0.863754758265024,0.863754758265024
"percentile_latbin_OLS","q50","Northern","occurrence10_k3_tropical_temperate_polar","Coldhouse","Transitional",2,3,-0.167166101290009,0,0.0744573365893828,0.223372009768148
"percentile_latbin_OLS","q50","Northern","occurrence10_k3_tropical_temperate_polar","Coolhouse","Transitional",2,3,-0.385387410465841,0,0.0744573365893828,0.223372009768148
"percentile_latbin_OLS","q50","Northern","occurrence10_k3_tropical_temperate_polar","Coolhouse","Warmhouse",2,2,-0.215194250922469,1,0.349267679151669,0.698535358303339
"percentile_latbin_OLS","q50","Northern","occurrence10_k3_tropical_temperate_polar","Coldhouse","Coolhouse",2,2,0.218221309175832,2,0.650732320848331,0.780878785017997
"percentile_latbin_OLS","q50","Northern","occurrence10_k3_tropical_temperate_polar","Coldhouse","Warmhouse",2,2,0.00302705825336375,2,0.650732320848331,0.780878785017997
"percentile_latbin_OLS","q50","Northern","occurrence10_k3_tropical_temperate_polar","Transitional","Warmhouse",3,2,0.170193159543373,5,0.925542663410617,0.925542663410617
"percentile_latbin_OLS","q50","Northern","occurrence10_k3_tropical_temperate_polar","Coldhouse","Hothouse",2,1,-0.315670624032027,NA,NA,NA
"percentile_latbin_OLS","q50","Northern","occurrence10_k3_tropical_temperate_polar","Coolhouse","Hothouse",2,1,-0.53389193320786,NA,NA,NA
"percentile_latbin_OLS","q50","Northern","occurrence10_k3_tropical_temperate_polar","Transitional","Hothouse",3,1,-0.148504522742018,NA,NA,NA
"percentile_latbin_OLS","q50","Northern","occurrence10_k3_tropical_temperate_polar","Warmhouse","Hothouse",2,1,-0.318697682285391,NA,NA,NA
"percentile_latbin_OLS","q50","Northern","collection5_k1_tropical_temperate","Coldhouse","Transitional",10,14,-0.683086735887235,12,0.000380152921436305,0.00205818259182382
"percentile_latbin_OLS","q50","Northern","collection5_k1_tropical_temperate","Coldhouse","Warmhouse",10,11,-0.456567481984867,7,0.000411636518364765,0.00205818259182382
"percentile_latbin_OLS","q50","Northern","collection5_k1_tropical_temperate","Coolhouse","Transitional",14,14,-0.549718224196721,34,0.00176324332530792,0.0058774777510264
"percentile_latbin_OLS","q50","Northern","collection5_k1_tropical_temperate","Coldhouse","Hothouse",10,9,-0.432327074419302,19,0.0186682079603314,0.0400790390668377
"percentile_latbin_OLS","q50","Northern","collection5_k1_tropical_temperate","Coolhouse","Warmhouse",14,11,-0.323198970294352,39,0.0200395195334188,0.0400790390668377
"percentile_latbin_OLS","q50","Northern","collection5_k1_tropical_temperate","Coldhouse","Coolhouse",10,14,-0.133368511690515,50,0.126767939799949,0.211279899666582
"percentile_latbin_OLS","q50","Northern","collection5_k1_tropical_temperate","Coolhouse","Hothouse",14,9,-0.298958562728787,51,0.234400308718647,0.334857583883782
"percentile_latbin_OLS","q50","Northern","collection5_k1_tropical_temperate","Transitional","Warmhouse",14,11,0.226519253902368,104,0.933900217851059,0.976389547998211
"percentile_latbin_OLS","q50","Northern","collection5_k1_tropical_temperate","Transitional","Hothouse",14,9,0.250759661467934,94,0.976389547998211,0.976389547998211
"percentile_latbin_OLS","q50","Northern","collection5_k1_tropical_temperate","Warmhouse","Hothouse",11,9,0.0242404075655655,62,0.838339995433042,0.976389547998211
"percentile_latbin_OLS","q50","Northern","collection5_k1_tropical_temperate_polar","Coldhouse","Transitional",7,10,-0.675040044728095,2,0.000757811979620399,0.00378905989810199
"percentile_latbin_OLS","q50","Northern","collection5_k1_tropical_temperate_polar","Coldhouse","Warmhouse",7,9,-0.46079411154101,1,0.000747797896348794,0.00378905989810199
"percentile_latbin_OLS","q50","Northern","collection5_k1_tropical_temperate_polar","Coolhouse","Transitional",10,10,-0.416385794498986,14,0.00364227850473983,0.0121409283491328
"percentile_latbin_OLS","q50","Northern","collection5_k1_tropical_temperate_polar","Coldhouse","Hothouse",7,4,-0.545605536138221,1,0.00908150917393821,0.0227037729348455
"percentile_latbin_OLS","q50","Northern","collection5_k1_tropical_temperate_polar","Coldhouse","Coolhouse",7,10,-0.258654250229108,13,0.0179443961508048,0.0358887923016097
"percentile_latbin_OLS","q50","Northern","collection5_k1_tropical_temperate_polar","Coolhouse","Warmhouse",10,9,-0.202139861311902,25,0.0556734432665702,0.0927890721109504
"percentile_latbin_OLS","q50","Northern","collection5_k1_tropical_temperate_polar","Coolhouse","Hothouse",10,4,-0.286951285909113,12,0.144422183173242,0.206317404533204
"percentile_latbin_OLS","q50","Northern","collection5_k1_tropical_temperate_polar","Warmhouse","Hothouse",9,4,-0.084811424597211,17,0.469251442389236,0.586564302986545
"percentile_latbin_OLS","q50","Northern","collection5_k1_tropical_temperate_polar","Transitional","Warmhouse",10,9,0.214245933187084,66,0.960410325212215,0.960410325212215
"percentile_latbin_OLS","q50","Northern","collection5_k1_tropical_temperate_polar","Transitional","Hothouse",10,4,0.129434508589873,30,0.931218053045048,0.960410325212215
"percentile_latbin_OLS","q50","Northern","collection5_k2_tropical_temperate","Coldhouse","Warmhouse",6,8,-0.384971965738953,1,0.00183780605887062,0.00918903029435308
"percentile_latbin_OLS","q50","Northern","collection5_k2_tropical_temperate","Coolhouse","Warmhouse",6,8,-0.412817617110429,1,0.00183780605887062,0.00918903029435308
"percentile_latbin_OLS","q50","Northern","collection5_k2_tropical_temperate","Coldhouse","Transitional",6,12,-0.647455105629543,7,0.00380082073761008,0.00950205184402521
"percentile_latbin_OLS","q50","Northern","collection5_k2_tropical_temperate","Coolhouse","Transitional",6,12,-0.675300757001019,6,0.00286426881042987,0.00950205184402521
"percentile_latbin_OLS","q50","Northern","collection5_k2_tropical_temperate","Coldhouse","Hothouse",6,7,-0.477911306221491,3,0.00620966532577613,0.0124193306515523
"percentile_latbin_OLS","q50","Northern","collection5_k2_tropical_temperate","Coolhouse","Hothouse",6,7,-0.505756957592967,5,0.0134045653577979,0.0223409422629965
"percentile_latbin_OLS","q50","Northern","collection5_k2_tropical_temperate","Warmhouse","Hothouse",8,7,-0.0929393404825383,22,0.262224860903042,0.374606944147203
"percentile_latbin_OLS","q50","Northern","collection5_k2_tropical_temperate","Coldhouse","Coolhouse",6,6,0.0278456513714759,18,0.53190685326347,0.664883566579338
"percentile_latbin_OLS","q50","Northern","collection5_k2_tropical_temperate","Transitional","Hothouse",12,7,0.169543799408052,54,0.854617023842448,0.949574470936054
"percentile_latbin_OLS","q50","Northern","collection5_k2_tropical_temperate","Transitional","Warmhouse",12,8,0.262483139890591,70,0.958710362923837,0.958710362923837
"percentile_latbin_OLS","q50","Northern","collection5_k2_tropical_temperate_polar","Coldhouse","Warmhouse",3,4,-0.418033177959309,0,0.0259149636089548,0.110320966203656
"percentile_latbin_OLS","q50","Northern","collection5_k2_tropical_temperate_polar","Coolhouse","Transitional",4,5,-0.482028351026419,2,0.0330962898610967,0.110320966203656
"percentile_latbin_OLS","q50","Northern","collection5_k2_tropical_temperate_polar","Coolhouse","Warmhouse",4,4,-0.435008472612067,0,0.0151914109882887,0.110320966203656
"percentile_latbin_OLS","q50","Northern","collection5_k2_tropical_temperate_polar","Coldhouse","Transitional",3,5,-0.465053056373662,2,0.0680185640570718,0.124095560982305
"percentile_latbin_OLS","q50","Northern","collection5_k2_tropical_temperate_polar","Coldhouse","Hothouse",3,2,-0.544909518827036,0,0.0744573365893828,0.124095560982305
"percentile_latbin_OLS","q50","Northern","collection5_k2_tropical_temperate_polar","Coolhouse","Hothouse",4,2,-0.561884813479793,0,0.0525962525600207,0.124095560982305
"percentile_latbin_OLS","q50","Northern","collection5_k2_tropical_temperate_polar","Warmhouse","Hothouse",4,2,-0.126876340867726,1,0.123579986605954,0.176542838008505
"percentile_latbin_OLS","q50","Northern","collection5_k2_tropical_temperate_polar","Transitional","Hothouse",5,2,-0.0798564624533739,2,0.166460804032783,0.208076005040979
"percentile_latbin_OLS","q50","Northern","collection5_k2_tropical_temperate_polar","Transitional","Warmhouse",5,4,0.0470198784143525,9,0.45126162508884,0.501401805654266
"percentile_latbin_OLS","q50","Northern","collection5_k2_tropical_temperate_polar","Coldhouse","Coolhouse",3,4,0.0169752946527576,7,0.702058454717411,0.702058454717411
"percentile_latbin_OLS","q50","Northern","collection5_k3_tropical_temperate","Coldhouse","Transitional",4,8,-0.662597214197779,0,0.00423740094607692,0.0211870047303846
"percentile_latbin_OLS","q50","Northern","collection5_k3_tropical_temperate","Coolhouse","Transitional",4,8,-0.70329249373089,0,0.00423740094607692,0.0211870047303846
"percentile_latbin_OLS","q50","Northern","collection5_k3_tropical_temperate","Coldhouse","Warmhouse",4,6,-0.395895671118521,1,0.0125907322022298,0.0314768305055746
"percentile_latbin_OLS","q50","Northern","collection5_k3_tropical_temperate","Coolhouse","Warmhouse",4,6,-0.436590950651632,1,0.0125907322022298,0.0314768305055746
"percentile_latbin_OLS","q50","Northern","collection5_k3_tropical_temperate","Coldhouse","Hothouse",4,3,-0.545280259696214,0,0.0259149636089548,0.0431916060149247
"percentile_latbin_OLS","q50","Northern","collection5_k3_tropical_temperate","Coolhouse","Hothouse",4,3,-0.585975539229325,0,0.0259149636089548,0.0431916060149247
"percentile_latbin_OLS","q50","Northern","collection5_k3_tropical_temperate","Warmhouse","Hothouse",6,3,-0.149384588577692,4,0.122639058403386,0.175198654861981
"percentile_latbin_OLS","q50","Northern","collection5_k3_tropical_temperate","Coldhouse","Coolhouse",4,4,0.0406952795331108,7,0.442616957236601,0.553271196545751
"percentile_latbin_OLS","q50","Northern","collection5_k3_tropical_temperate","Transitional","Warmhouse",8,6,0.266701543079257,46,0.998162193941129,0.998162193941129
"percentile_latbin_OLS","q50","Northern","collection5_k3_tropical_temperate","Transitional","Hothouse",8,3,0.117316954501565,22,0.983955633010884,0.998162193941129
"percentile_latbin_OLS","q50","Northern","collection5_k3_tropical_temperate_polar","Coldhouse","Warmhouse",2,2,-0.30223625964013,0,0.122639058403386,0.122639058403386
"percentile_latbin_OLS","q50","Northern","collection5_k3_tropical_temperate_polar","Coldhouse","Hothouse",2,2,-0.458131440795188,0,0.122639058403386,0.122639058403386
"percentile_latbin_OLS","q50","Northern","collection5_k3_tropical_temperate_polar","Warmhouse","Hothouse",2,2,-0.155895181155058,0,0.122639058403386,0.122639058403386
"percentile_latbin_OLS","q50","Northern","collection5_k3_tropical_temperate_polar","Coldhouse","Coolhouse",2,1,-0.199310107165339,NA,NA,NA
"percentile_latbin_OLS","q50","Northern","collection5_k3_tropical_temperate_polar","Coldhouse","Transitional",2,1,-0.378274978341814,NA,NA,NA
"percentile_latbin_OLS","q50","Northern","collection5_k3_tropical_temperate_polar","Coolhouse","Transitional",1,1,-0.178964871176475,NA,NA,NA
"percentile_latbin_OLS","q50","Northern","collection5_k3_tropical_temperate_polar","Coolhouse","Warmhouse",1,2,-0.102926152474791,NA,NA,NA
"percentile_latbin_OLS","q50","Northern","collection5_k3_tropical_temperate_polar","Coolhouse","Hothouse",1,2,-0.258821333629849,NA,NA,NA
"percentile_latbin_OLS","q50","Northern","collection5_k3_tropical_temperate_polar","Transitional","Warmhouse",1,2,0.0760387187016839,NA,NA,NA
"percentile_latbin_OLS","q50","Northern","collection5_k3_tropical_temperate_polar","Transitional","Hothouse",1,2,-0.0798564624533739,NA,NA,NA
"percentile_latbin_OLS","q50","Northern","collection10_k1_tropical_temperate","Coldhouse","Warmhouse",8,9,-0.617542075802217,6,0.00226532033816799,0.0121219068041973
"percentile_latbin_OLS","q50","Northern","collection10_k1_tropical_temperate","Coolhouse","Warmhouse",10,9,-0.515508769200901,10,0.00242438136083947,0.0121219068041973
"percentile_latbin_OLS","q50","Northern","collection10_k1_tropical_temperate","Coldhouse","Hothouse",8,7,-0.580469475331986,5,0.00460889867352746,0.0153629955784249
"percentile_latbin_OLS","q50","Northern","collection10_k1_tropical_temperate","Coldhouse","Transitional",8,11,-0.535879842065902,15,0.00930355598298511,0.0186071119659702
"percentile_latbin_OLS","q50","Northern","collection10_k1_tropical_temperate","Coolhouse","Transitional",10,11,-0.433846535464586,21,0.00916215387575849,0.0186071119659702
"percentile_latbin_OLS","q50","Northern","collection10_k1_tropical_temperate","Coolhouse","Hothouse",10,7,-0.47843616873067,12,0.0140540200735759,0.0234233667892932
"percentile_latbin_OLS","q50","Northern","collection10_k1_tropical_temperate","Coldhouse","Coolhouse",8,10,-0.102033306601316,35,0.344638843587476,0.492341205124965
"percentile_latbin_OLS","q50","Northern","collection10_k1_tropical_temperate","Transitional","Warmhouse",11,9,-0.0816622337363152,46,0.409853768914894,0.512317211143618
"percentile_latbin_OLS","q50","Northern","collection10_k1_tropical_temperate","Transitional","Hothouse",11,7,-0.0445896332660843,39,0.536081546721715,0.595646163024128
"percentile_latbin_OLS","q50","Northern","collection10_k1_tropical_temperate","Warmhouse","Hothouse",9,7,0.037072600470231,35,0.66400006449519,0.66400006449519
"percentile_latbin_OLS","q50","Northern","collection10_k1_tropical_temperate_polar","Coldhouse","Transitional",5,4,-0.322636452352915,3,0.0556734432665702,0.139183608166426
"percentile_latbin_OLS","q50","Northern","collection10_k1_tropical_temperate_polar","Coldhouse","Warmhouse",5,4,-0.379579284304112,2,0.0330962898610967,0.139183608166426
"percentile_latbin_OLS","q50","Northern","collection10_k1_tropical_temperate_polar","Coldhouse","Hothouse",5,2,-0.621228432168372,0,0.0406805646170377,0.139183608166426
"percentile_latbin_OLS","q50","Northern","collection10_k1_tropical_temperate_polar","Warmhouse","Hothouse",4,2,-0.24164914786426,0,0.0525962525600207,0.139183608166426
"percentile_latbin_OLS","q50","Northern","collection10_k1_tropical_temperate_polar","Coolhouse","Hothouse",7,2,-0.288784587083459,2,0.0938413862666982,0.187682772533396
"percentile_latbin_OLS","q50","Northern","collection10_k1_tropical_temperate_polar","Coolhouse","Warmhouse",7,4,-0.047135439219199,8,0.149308837224405,0.248848062040675
"percentile_latbin_OLS","q50","Northern","collection10_k1_tropical_temperate_polar","Coldhouse","Coolhouse",5,7,-0.332443845084913,12,0.208396405923813,0.260495507404767
"percentile_latbin_OLS","q50","Northern","collection10_k1_tropical_temperate_polar","Coolhouse","Transitional",7,4,0.00980739273199766,9,0.197545792452075,0.260495507404767
"percentile_latbin_OLS","q50","Northern","collection10_k1_tropical_temperate_polar","Transitional","Hothouse",4,2,-0.298591979815457,2,0.243726645182017,0.270807383535575
"percentile_latbin_OLS","q50","Northern","collection10_k1_tropical_temperate_polar","Transitional","Warmhouse",4,4,-0.0569428319511967,8,0.557383042763399,0.557383042763399
"percentile_latbin_OLS","q50","Northern","collection10_k2_tropical_temperate","Coldhouse","Warmhouse",6,8,-0.48383725060089,6,0.0119342210822872,0.0447047082387224
"percentile_latbin_OLS","q50","Northern","collection10_k2_tropical_temperate","Coolhouse","Transitional",5,9,-0.610958165501257,6,0.0164486958227453,0.0447047082387224
"percentile_latbin_OLS","q50","Northern","collection10_k2_tropical_temperate","Coolhouse","Warmhouse",5,8,-0.658694185173007,3,0.0078599901050123,0.0447047082387224
"percentile_latbin_OLS","q50","Northern","collection10_k2_tropical_temperate","Coolhouse","Hothouse",5,6,-0.64256947855715,3,0.0178818832954889,0.0447047082387224
"percentile_latbin_OLS","q50","Northern","collection10_k2_tropical_temperate","Coldhouse","Hothouse",6,6,-0.467712543985033,5,0.0226637810389861,0.0453275620779722
"percentile_latbin_OLS","q50","Northern","collection10_k2_tropical_temperate","Coldhouse","Transitional",6,9,-0.436101230929141,11,0.0338730069203447,0.0564550115339078
"percentile_latbin_OLS","q50","Northern","collection10_k2_tropical_temperate","Transitional","Warmhouse",9,8,-0.0477360196717494,36,0.519186716846931,0.74169530978133
"percentile_latbin_OLS","q50","Northern","collection10_k2_tropical_temperate","Transitional","Hothouse",9,6,-0.0316113130558929,30,0.660005798882853,0.749234196402004
"percentile_latbin_OLS","q50","Northern","collection10_k2_tropical_temperate","Warmhouse","Hothouse",8,6,0.0161247066158565,27,0.674310776761804,0.749234196402004
"percentile_latbin_OLS","q50","Northern","collection10_k2_tropical_temperate","Coldhouse","Coolhouse",6,5,0.174856934572117,20,0.842348773959127,0.842348773959127
"percentile_latbin_OLS","q50","Northern","collection10_k2_tropical_temperate_polar","Coldhouse","Transitional",2,2,-0.151546223034241,1,0.349267679151669,0.523901518727504
"percentile_latbin_OLS","q50","Northern","collection10_k2_tropical_temperate_polar","Coldhouse","Warmhouse",2,4,-0.208489054985438,1,0.123579986605954,0.523901518727504
"percentile_latbin_OLS","q50","Northern","collection10_k2_tropical_temperate_polar","Coolhouse","Transitional",2,2,-0.2558001081011,1,0.349267679151669,0.523901518727504
"percentile_latbin_OLS","q50","Northern","collection10_k2_tropical_temperate_polar","Coolhouse","Warmhouse",2,4,-0.312742940052297,2,0.243726645182017,0.523901518727504
"percentile_latbin_OLS","q50","Northern","collection10_k2_tropical_temperate_polar","Coldhouse","Coolhouse",2,2,0.104253885066859,2,0.650732320848331,0.650732320848331
"percentile_latbin_OLS","q50","Northern","collection10_k2_tropical_temperate_polar","Transitional","Warmhouse",2,4,-0.0569428319511967,4,0.591519339142304,0.650732320848331
"percentile_latbin_OLS","q50","Northern","collection10_k2_tropical_temperate_polar","Coldhouse","Hothouse",2,1,-0.491702732494254,NA,NA,NA
"percentile_latbin_OLS","q50","Northern","collection10_k2_tropical_temperate_polar","Coolhouse","Hothouse",2,1,-0.595956617561113,NA,NA,NA
"percentile_latbin_OLS","q50","Northern","collection10_k2_tropical_temperate_polar","Transitional","Hothouse",2,1,-0.340156509460013,NA,NA,NA
"percentile_latbin_OLS","q50","Northern","collection10_k2_tropical_temperate_polar","Warmhouse","Hothouse",4,1,-0.283213677508816,NA,NA,NA
"percentile_latbin_OLS","q50","Northern","collection10_k3_tropical_temperate","Coldhouse","Transitional",3,4,-0.89321722281985,0,0.0259149636089548,0.139514710372865
"percentile_latbin_OLS","q50","Northern","collection10_k3_tropical_temperate","Coldhouse","Warmhouse",3,4,-0.82371537795488,1,0.0558058841491461,0.139514710372865
"percentile_latbin_OLS","q50","Northern","collection10_k3_tropical_temperate","Coldhouse","Hothouse",3,3,-0.662792961812928,0,0.0404277991850261,0.139514710372865
"percentile_latbin_OLS","q50","Northern","collection10_k3_tropical_temperate","Coolhouse","Transitional",2,4,-0.826380878568035,0,0.0525962525600207,0.139514710372865
"percentile_latbin_OLS","q50","Northern","collection10_k3_tropical_temperate","Coolhouse","Hothouse",2,3,-0.595956617561113,0,0.0744573365893828,0.148914673178766
"percentile_latbin_OLS","q50","Northern","collection10_k3_tropical_temperate","Coolhouse","Warmhouse",2,4,-0.756879033703065,1,0.123579986605954,0.205966644343256
"percentile_latbin_OLS","q50","Northern","collection10_k3_tropical_temperate","Coldhouse","Coolhouse",3,2,-0.0668363442518152,3,0.613585003657776,0.613585003657776
"percentile_latbin_OLS","q50","Northern","collection10_k3_tropical_temperate","Transitional","Warmhouse",4,4,0.0695018448649705,8,0.557383042763399,0.613585003657776
"percentile_latbin_OLS","q50","Northern","collection10_k3_tropical_temperate","Transitional","Hothouse",4,3,0.230424261006922,6,0.570158102400667,0.613585003657776
"percentile_latbin_OLS","q50","Northern","collection10_k3_tropical_temperate","Warmhouse","Hothouse",4,3,0.160922416141952,5,0.429841897599333,0.613585003657776
"percentile_latbin_OLS","q50","Northern","collection10_k3_tropical_temperate_polar","Coldhouse","Coolhouse",1,1,-0.398729197301552,NA,NA,NA
"percentile_latbin_OLS","q50","Northern","collection10_k3_tropical_temperate_polar","Coldhouse","Transitional",1,1,-0.409940984083504,NA,NA,NA
"percentile_latbin_OLS","q50","Northern","collection10_k3_tropical_temperate_polar","Coldhouse","Warmhouse",1,2,-0.354832441048632,NA,NA,NA
"percentile_latbin_OLS","q50","Northern","collection10_k3_tropical_temperate_polar","Coldhouse","Hothouse",1,0,NA,NA,NA,NA
"percentile_latbin_OLS","q50","Northern","collection10_k3_tropical_temperate_polar","Coolhouse","Transitional",1,1,-0.0112117867819528,NA,NA,NA
"percentile_latbin_OLS","q50","Northern","collection10_k3_tropical_temperate_polar","Coolhouse","Warmhouse",1,2,0.0438967562529196,NA,NA,NA
"percentile_latbin_OLS","q50","Northern","collection10_k3_tropical_temperate_polar","Coolhouse","Hothouse",1,0,NA,NA,NA,NA
"percentile_latbin_OLS","q50","Northern","collection10_k3_tropical_temperate_polar","Transitional","Warmhouse",1,2,0.0551085430348724,NA,NA,NA
"percentile_latbin_OLS","q50","Northern","collection10_k3_tropical_temperate_polar","Transitional","Hothouse",1,0,NA,NA,NA,NA
"percentile_latbin_OLS","q50","Northern","collection10_k3_tropical_temperate_polar","Warmhouse","Hothouse",2,0,NA,NA,NA,NA
"percentile_latbin_OLS","q50","Southern","occurrence5_k1_tropical_temperate","Coldhouse","Transitional",11,10,-0.154885807951351,31,0.0489804919629963,0.244902459814982
"percentile_latbin_OLS","q50","Southern","occurrence5_k1_tropical_temperate","Coldhouse","Hothouse",11,13,-0.263857557611827,41,0.0410969164637686,0.244902459814982
"percentile_latbin_OLS","q50","Southern","occurrence5_k1_tropical_temperate","Coldhouse","Warmhouse",11,11,-0.195511281123553,41,0.106082339978129,0.265205849945322
"percentile_latbin_OLS","q50","Southern","occurrence5_k1_tropical_temperate","Transitional","Hothouse",10,13,-0.108971749660475,44,0.101801008925182,0.265205849945322
"percentile_latbin_OLS","q50","Southern","occurrence5_k1_tropical_temperate","Coldhouse","Coolhouse",11,16,0.0286331224385902,76,0.285192922226154,0.356491152782692
"percentile_latbin_OLS","q50","Southern","occurrence5_k1_tropical_temperate","Coolhouse","Transitional",16,10,-0.183518930389941,66,0.23838336199929,0.356491152782692
"percentile_latbin_OLS","q50","Southern","occurrence5_k1_tropical_temperate","Coolhouse","Warmhouse",16,11,-0.224144403562144,76,0.285192922226154,0.356491152782692
"percentile_latbin_OLS","q50","Southern","occurrence5_k1_tropical_temperate","Coolhouse","Hothouse",16,13,-0.292490680050417,83,0.184330466434063,0.356491152782692
"percentile_latbin_OLS","q50","Southern","occurrence5_k1_tropical_temperate","Warmhouse","Hothouse",11,13,-0.0683462764882732,64,0.342534497485908,0.380593886095453
"percentile_latbin_OLS","q50","Southern","occurrence5_k1_tropical_temperate","Transitional","Warmhouse",10,11,-0.0406254731722021,52,0.430129413598274,0.430129413598274
"percentile_latbin_OLS","q50","Southern","occurrence5_k1_tropical_temperate_polar","Coolhouse","Hothouse",13,9,-0.306336801579448,28,0.0225703127860773,0.225703127860773
"percentile_latbin_OLS","q50","Southern","occurrence5_k1_tropical_temperate_polar","Coldhouse","Hothouse",4,9,-0.195294257884316,10,0.123579986605954,0.308949966514884
"percentile_latbin_OLS","q50","Southern","occurrence5_k1_tropical_temperate_polar","Transitional","Hothouse",7,9,-0.104508379155838,18,0.0844006123522711,0.308949966514884
"percentile_latbin_OLS","q50","Southern","occurrence5_k1_tropical_temperate_polar","Warmhouse","Hothouse",7,9,-0.0683462764882732,19,0.102004081810336,0.308949966514884
"percentile_latbin_OLS","q50","Southern","occurrence5_k1_tropical_temperate_polar","Coolhouse","Transitional",13,7,-0.20182842242361,33,0.170823859235018,0.341647718470035
"percentile_latbin_OLS","q50","Southern","occurrence5_k1_tropical_temperate_polar","Coolhouse","Warmhouse",13,7,-0.237990525091175,41,0.375632598430888,0.626054330718146
"percentile_latbin_OLS","q50","Southern","occurrence5_k1_tropical_temperate_polar","Coldhouse","Transitional",4,7,-0.0907858787284782,14,0.537640481256615,0.757443537464666
"percentile_latbin_OLS","q50","Southern","occurrence5_k1_tropical_temperate_polar","Coldhouse","Warmhouse",4,7,-0.126947981396043,16,0.6816991837182,0.757443537464666
"percentile_latbin_OLS","q50","Southern","occurrence5_k1_tropical_temperate_polar","Transitional","Warmhouse",7,7,-0.0361621026675648,27,0.649260945566693,0.757443537464666
"percentile_latbin_OLS","q50","Southern","occurrence5_k1_tropical_temperate_polar","Coldhouse","Coolhouse",4,13,0.111042543695132,36,0.882758696453408,0.882758696453408
"percentile_latbin_OLS","q50","Southern","occurrence5_k2_tropical_temperate","Coldhouse","Hothouse",6,8,-0.331236020224008,0,0.00120732445687942,0.0120732445687942
"percentile_latbin_OLS","q50","Southern","occurrence5_k2_tropical_temperate","Transitional","Hothouse",4,8,-0.214481846829764,0,0.00423740094607692,0.0211870047303846
"percentile_latbin_OLS","q50","Southern","occurrence5_k2_tropical_temperate","Coldhouse","Warmhouse",6,6,-0.220387200976715,8,0.0641026375151958,0.160256593787989
"percentile_latbin_OLS","q50","Southern","occurrence5_k2_tropical_temperate","Coolhouse","Hothouse",8,8,-0.279795653715669,17,0.0639038004737723,0.160256593787989
"percentile_latbin_OLS","q50","Southern","occurrence5_k2_tropical_temperate","Coldhouse","Transitional",6,4,-0.116754173394244,6,0.120477334350785,0.227075402891627
"percentile_latbin_OLS","q50","Southern","occurrence5_k2_tropical_temperate","Warmhouse","Hothouse",6,8,-0.110848819247293,15,0.136245241734976,0.227075402891627
"percentile_latbin_OLS","q50","Southern","occurrence5_k2_tropical_temperate","Coldhouse","Coolhouse",6,8,-0.0514403665083381,17,0.200693582855883,0.250866978569854
"percentile_latbin_OLS","q50","Southern","occurrence5_k2_tropical_temperate","Coolhouse","Warmhouse",8,6,-0.168946834468377,17,0.200693582855883,0.250866978569854
"percentile_latbin_OLS","q50","Southern","occurrence5_k2_tropical_temperate","Transitional","Warmhouse",4,6,-0.103633027582471,8,0.227772546894665,0.253080607660739
"percentile_latbin_OLS","q50","Southern","occurrence5_k2_tropical_temperate","Coolhouse","Transitional",8,4,-0.0653138068859059,17,0.600546665178365,0.600546665178365
"percentile_latbin_OLS","q50","Southern","occurrence5_k2_tropical_temperate_polar","Coolhouse","Hothouse",4,6,-0.291448956885125,3,0.0349771792900052,0.104931537870015
"percentile_latbin_OLS","q50","Southern","occurrence5_k2_tropical_temperate_polar","Transitional","Hothouse",2,6,-0.280132361011472,0,0.0333765075848173,0.104931537870015
"percentile_latbin_OLS","q50","Southern","occurrence5_k2_tropical_temperate_polar","Coolhouse","Warmhouse",4,4,-0.182176772657371,4,0.156160710838108,0.234241066257162
"percentile_latbin_OLS","q50","Southern","occurrence5_k2_tropical_temperate_polar","Warmhouse","Hothouse",4,6,-0.109272184227754,6,0.120477334350785,0.234241066257162
"percentile_latbin_OLS","q50","Southern","occurrence5_k2_tropical_temperate_polar","Transitional","Warmhouse",2,4,-0.170860176783717,2,0.243726645182017,0.292471974218421
"percentile_latbin_OLS","q50","Southern","occurrence5_k2_tropical_temperate_polar","Coolhouse","Transitional",4,2,-0.0113165958736532,4,0.591519339142304,0.591519339142304
"percentile_latbin_OLS","q50","Southern","occurrence5_k2_tropical_temperate_polar","Coldhouse","Coolhouse",1,4,-0.0353170482590815,NA,NA,NA
"percentile_latbin_OLS","q50","Southern","occurrence5_k2_tropical_temperate_polar","Coldhouse","Transitional",1,2,-0.0466336441327347,NA,NA,NA
"percentile_latbin_OLS","q50","Southern","occurrence5_k2_tropical_temperate_polar","Coldhouse","Warmhouse",1,4,-0.217493820916452,NA,NA,NA
"percentile_latbin_OLS","q50","Southern","occurrence5_k2_tropical_temperate_polar","Coldhouse","Hothouse",1,6,-0.326766005144206,NA,NA,NA
"percentile_latbin_OLS","q50","Southern","occurrence5_k3_tropical_temperate","Coldhouse","Hothouse",2,4,-0.51487672421442,0,0.0525962525600207,0.139183608166426
"percentile_latbin_OLS","q50","Southern","occurrence5_k3_tropical_temperate","Coolhouse","Hothouse",5,4,-0.560249348242304,2,0.0330962898610967,0.139183608166426
"percentile_latbin_OLS","q50","Southern","occurrence5_k3_tropical_temperate","Transitional","Hothouse",4,4,-0.398122550820176,0,0.0151914109882887,0.139183608166426
"percentile_latbin_OLS","q50","Southern","occurrence5_k3_tropical_temperate","Warmhouse","Hothouse",5,4,-0.32225882315113,3,0.0556734432665702,0.139183608166426
"percentile_latbin_OLS","q50","Southern","occurrence5_k3_tropical_temperate","Coolhouse","Warmhouse",5,5,-0.237990525091175,8,0.201697652446314,0.403395304892628
"percentile_latbin_OLS","q50","Southern","occurrence5_k3_tropical_temperate","Coldhouse","Transitional",2,4,-0.116754173394244,2,0.243726645182017,0.406211075303362
"percentile_latbin_OLS","q50","Southern","occurrence5_k3_tropical_temperate","Coolhouse","Transitional",5,4,-0.162126797422128,8,0.356651586939229,0.445814483674036
"percentile_latbin_OLS","q50","Southern","occurrence5_k3_tropical_temperate","Transitional","Warmhouse",4,5,-0.0758637276690468,8,0.356651586939229,0.445814483674036
"percentile_latbin_OLS","q50","Southern","occurrence5_k3_tropical_temperate","Coldhouse","Warmhouse",2,5,-0.192617901063291,4,0.423225298438295,0.470250331598106
"percentile_latbin_OLS","q50","Southern","occurrence5_k3_tropical_temperate","Coldhouse","Coolhouse",2,5,0.0453726240278839,6,0.719362081932711,0.719362081932711
"percentile_latbin_OLS","q50","Southern","occurrence5_k3_tropical_temperate_polar","Coolhouse","Warmhouse",3,3,-0.31998900129601,0,0.0404277991850261,0.105192505120041
"percentile_latbin_OLS","q50","Southern","occurrence5_k3_tropical_temperate_polar","Coolhouse","Hothouse",3,4,-0.586709224620292,0,0.0259149636089548,0.105192505120041
"percentile_latbin_OLS","q50","Southern","occurrence5_k3_tropical_temperate_polar","Transitional","Hothouse",2,4,-0.465349700021423,0,0.0525962525600207,0.105192505120041
"percentile_latbin_OLS","q50","Southern","occurrence5_k3_tropical_temperate_polar","Transitional","Warmhouse",2,3,-0.198629476697141,1,0.193238115385616,0.23188573846274
"percentile_latbin_OLS","q50","Southern","occurrence5_k3_tropical_temperate_polar","Warmhouse","Hothouse",3,4,-0.266720223324282,3,0.188379558905791,0.23188573846274
"percentile_latbin_OLS","q50","Southern","occurrence5_k3_tropical_temperate_polar","Coolhouse","Transitional",3,2,-0.121359524598869,2,0.386414996342224,0.386414996342224
"percentile_latbin_OLS","q50","Southern","occurrence5_k3_tropical_temperate_polar","Coldhouse","Coolhouse",1,3,0.0747258804661343,NA,NA,NA
"percentile_latbin_OLS","q50","Southern","occurrence5_k3_tropical_temperate_polar","Coldhouse","Transitional",1,2,-0.0466336441327347,NA,NA,NA
"percentile_latbin_OLS","q50","Southern","occurrence5_k3_tropical_temperate_polar","Coldhouse","Warmhouse",1,3,-0.245263120829876,NA,NA,NA
"percentile_latbin_OLS","q50","Southern","occurrence5_k3_tropical_temperate_polar","Coldhouse","Hothouse",1,4,-0.511983344154158,NA,NA,NA
"percentile_latbin_OLS","q50","Southern","occurrence10_k1_tropical_temperate","Coldhouse","Hothouse",10,12,-0.336344780299648,21,0.00556461380700398,0.0556461380700398
"percentile_latbin_OLS","q50","Southern","occurrence10_k1_tropical_temperate","Transitional","Hothouse",9,12,-0.180541460094113,23,0.0150968280928085,0.0754841404640425
"percentile_latbin_OLS","q50","Southern","occurrence10_k1_tropical_temperate","Warmhouse","Hothouse",10,12,-0.152319869798099,30,0.0258771164432653,0.0862570548108845
"percentile_latbin_OLS","q50","Southern","occurrence10_k1_tropical_temperate","Coolhouse","Hothouse",16,12,-0.35148080672853,60,0.0496716030842767,0.124179007710692
"percentile_latbin_OLS","q50","Southern","occurrence10_k1_tropical_temperate","Coldhouse","Warmhouse",10,10,-0.184024910501549,37,0.172352111003479,0.344704222006958
"percentile_latbin_OLS","q50","Southern","occurrence10_k1_tropical_temperate","Coldhouse","Coolhouse",10,16,0.015136026428882,72,0.34631639202098,0.387525686835041
"percentile_latbin_OLS","q50","Southern","occurrence10_k1_tropical_temperate","Coldhouse","Transitional",10,9,-0.155803320205535,36,0.243834176729465,0.387525686835041
"percentile_latbin_OLS","q50","Southern","occurrence10_k1_tropical_temperate","Coolhouse","Transitional",16,9,-0.170939346634417,65,0.356440331877537,0.387525686835041
"percentile_latbin_OLS","q50","Southern","occurrence10_k1_tropical_temperate","Coolhouse","Warmhouse",16,10,-0.199160936930431,69,0.289995251927504,0.387525686835041
"percentile_latbin_OLS","q50","Southern","occurrence10_k1_tropical_temperate","Transitional","Warmhouse",9,10,-0.0282215902960134,41,0.387525686835041,0.387525686835041
"percentile_latbin_OLS","q50","Southern","occurrence10_k1_tropical_temperate_polar","Coolhouse","Hothouse",12,8,-0.422322513716672,19,0.0139452645601233,0.0828999686471195
"percentile_latbin_OLS","q50","Southern","occurrence10_k1_tropical_temperate_polar","Warmhouse","Hothouse",6,8,-0.173979965301887,7,0.0165799937294239,0.0828999686471195
"percentile_latbin_OLS","q50","Southern","occurrence10_k1_tropical_temperate_polar","Coldhouse","Hothouse",4,8,-0.304872899556105,5,0.0372657855273097,0.0931644638182743
"percentile_latbin_OLS","q50","Southern","occurrence10_k1_tropical_temperate_polar","Transitional","Hothouse",6,8,-0.298235225390515,9,0.030607317477301,0.0931644638182743
"percentile_latbin_OLS","q50","Southern","occurrence10_k1_tropical_temperate_polar","Coolhouse","Transitional",12,6,-0.124087288326157,28,0.241202603583113,0.482405207166225
"percentile_latbin_OLS","q50","Southern","occurrence10_k1_tropical_temperate_polar","Coolhouse","Warmhouse",12,6,-0.248342548414785,33,0.407435641949356,0.679059403248926
"percentile_latbin_OLS","q50","Southern","occurrence10_k1_tropical_temperate_polar","Coldhouse","Warmhouse",4,6,-0.130892934254219,12,0.542446982789747,0.77492426112821
"percentile_latbin_OLS","q50","Southern","occurrence10_k1_tropical_temperate_polar","Coldhouse","Transitional",4,6,-0.00663767416559088,14,0.702983829700479,0.781093144111644
"percentile_latbin_OLS","q50","Southern","occurrence10_k1_tropical_temperate_polar","Transitional","Warmhouse",6,6,-0.124255260088628,20,0.65553972209777,0.781093144111644
"percentile_latbin_OLS","q50","Southern","occurrence10_k1_tropical_temperate_polar","Coldhouse","Coolhouse",4,12,0.117449614160566,35,0.918428711637016,0.918428711637016
"percentile_latbin_OLS","q50","Southern","occurrence10_k2_tropical_temperate","Coldhouse","Hothouse",6,6,-0.391416588671568,0,0.00253743404897013,0.0253743404897013
"percentile_latbin_OLS","q50","Southern","occurrence10_k2_tropical_temperate","Transitional","Hothouse",4,6,-0.339685380935583,0,0.00710701943454103,0.0355350971727052
"percentile_latbin_OLS","q50","Southern","occurrence10_k2_tropical_temperate","Coldhouse","Warmhouse",6,6,-0.217436623369681,5,0.0226637810389861,0.0755459367966203
"percentile_latbin_OLS","q50","Southern","occurrence10_k2_tropical_temperate","Transitional","Warmhouse",4,6,-0.165705415633697,4,0.0549097044076186,0.137274261019047
"percentile_latbin_OLS","q50","Southern","occurrence10_k2_tropical_temperate","Warmhouse","Hothouse",6,6,-0.173979965301887,9,0.0867427341607392,0.173485468321478
"percentile_latbin_OLS","q50","Southern","occurrence10_k2_tropical_temperate","Coldhouse","Coolhouse",6,7,-0.145956152453202,13,0.141988385875456,0.236647309792426
"percentile_latbin_OLS","q50","Southern","occurrence10_k2_tropical_temperate","Coolhouse","Hothouse",7,6,-0.245460436218366,14,0.176555617253003,0.252222310361433
"percentile_latbin_OLS","q50","Southern","occurrence10_k2_tropical_temperate","Coolhouse","Warmhouse",7,6,-0.0714804709164793,16,0.260158400253683,0.325198000317104
"percentile_latbin_OLS","q50","Southern","occurrence10_k2_tropical_temperate","Coldhouse","Transitional",6,4,-0.0517312077359845,10,0.374559566500298,0.416177296111442
"percentile_latbin_OLS","q50","Southern","occurrence10_k2_tropical_temperate","Coolhouse","Transitional",7,4,0.0942249447172173,18,0.802454207547925,0.802454207547925
"percentile_latbin_OLS","q50","Southern","occurrence10_k2_tropical_temperate_polar","Coolhouse","Warmhouse",3,3,-0.26034967188988,0,0.0404277991850261,0.0813611292340755
"percentile_latbin_OLS","q50","Southern","occurrence10_k2_tropical_temperate_polar","Coolhouse","Hothouse",3,5,-0.46770461694923,0,0.0184442128535249,0.0813611292340755
"percentile_latbin_OLS","q50","Southern","occurrence10_k2_tropical_temperate_polar","Transitional","Hothouse",2,5,-0.393476513548037,0,0.0406805646170377,0.0813611292340755
"percentile_latbin_OLS","q50","Southern","occurrence10_k2_tropical_temperate_polar","Transitional","Warmhouse",2,3,-0.186121568488687,0,0.0744573365893828,0.0893488039072594
"percentile_latbin_OLS","q50","Southern","occurrence10_k2_tropical_temperate_polar","Warmhouse","Hothouse",3,5,-0.20735494505935,2,0.0680185640570718,0.0893488039072594
"percentile_latbin_OLS","q50","Southern","occurrence10_k2_tropical_temperate_polar","Coolhouse","Transitional",3,2,-0.0742281034011925,2,0.386414996342224,0.386414996342224
"percentile_latbin_OLS","q50","Southern","occurrence10_k2_tropical_temperate_polar","Coldhouse","Coolhouse",1,3,0.0233373539625159,NA,NA,NA
"percentile_latbin_OLS","q50","Southern","occurrence10_k2_tropical_temperate_polar","Coldhouse","Transitional",1,2,-0.0508907494386766,NA,NA,NA
"percentile_latbin_OLS","q50","Southern","occurrence10_k2_tropical_temperate_polar","Coldhouse","Warmhouse",1,3,-0.237012317927364,NA,NA,NA
"percentile_latbin_OLS","q50","Southern","occurrence10_k2_tropical_temperate_polar","Coldhouse","Hothouse",1,5,-0.444367262986714,NA,NA,NA
"percentile_latbin_OLS","q50","Southern","occurrence10_k3_tropical_temperate","Transitional","Hothouse",4,4,-0.507942342242229,0,0.0151914109882887,0.0560046238809944
"percentile_latbin_OLS","q50","Southern","occurrence10_k3_tropical_temperate","Warmhouse","Hothouse",5,4,-0.362653079463524,1,0.0186682079603315,0.0560046238809944
"percentile_latbin_OLS","q50","Southern","occurrence10_k3_tropical_temperate","Coolhouse","Hothouse",3,4,-0.664835463934132,1,0.0558058841491461,0.111611768298292
"percentile_latbin_OLS","q50","Southern","occurrence10_k3_tropical_temperate","Transitional","Warmhouse",4,5,-0.145289262778706,4,0.0889547974934913,0.133432196240237
"percentile_latbin_OLS","q50","Southern","occurrence10_k3_tropical_temperate","Coolhouse","Warmhouse",3,5,-0.302182384470609,5,0.275492493792547,0.330590992551056
"percentile_latbin_OLS","q50","Southern","occurrence10_k3_tropical_temperate","Coolhouse","Transitional",3,4,-0.156893121691903,6,0.570158102400667,0.570158102400667
"percentile_latbin_OLS","q50","Southern","occurrence10_k3_tropical_temperate","Coldhouse","Coolhouse",0,3,NA,NA,NA,NA
"percentile_latbin_OLS","q50","Southern","occurrence10_k3_tropical_temperate","Coldhouse","Transitional",0,4,NA,NA,NA,NA
"percentile_latbin_OLS","q50","Southern","occurrence10_k3_tropical_temperate","Coldhouse","Warmhouse",0,5,NA,NA,NA,NA
"percentile_latbin_OLS","q50","Southern","occurrence10_k3_tropical_temperate","Coldhouse","Hothouse",0,4,NA,NA,NA,NA
"percentile_latbin_OLS","q50","Southern","occurrence10_k3_tropical_temperate_polar","Transitional","Warmhouse",2,3,-0.186121568488687,0,0.0744573365893828,0.095215131912762
"percentile_latbin_OLS","q50","Southern","occurrence10_k3_tropical_temperate_polar","Transitional","Hothouse",2,3,-0.393476513548037,0,0.0744573365893828,0.095215131912762
"percentile_latbin_OLS","q50","Southern","occurrence10_k3_tropical_temperate_polar","Warmhouse","Hothouse",3,3,-0.20735494505935,1,0.095215131912762,0.095215131912762
"percentile_latbin_OLS","q50","Southern","occurrence10_k3_tropical_temperate_polar","Coldhouse","Coolhouse",0,1,NA,NA,NA,NA
"percentile_latbin_OLS","q50","Southern","occurrence10_k3_tropical_temperate_polar","Coldhouse","Transitional",0,2,NA,NA,NA,NA
"percentile_latbin_OLS","q50","Southern","occurrence10_k3_tropical_temperate_polar","Coldhouse","Warmhouse",0,3,NA,NA,NA,NA
"percentile_latbin_OLS","q50","Southern","occurrence10_k3_tropical_temperate_polar","Coldhouse","Hothouse",0,3,NA,NA,NA,NA
"percentile_latbin_OLS","q50","Southern","occurrence10_k3_tropical_temperate_polar","Coolhouse","Transitional",1,2,-0.159496151335793,NA,NA,NA
"percentile_latbin_OLS","q50","Southern","occurrence10_k3_tropical_temperate_polar","Coolhouse","Warmhouse",1,3,-0.34561771982448,NA,NA,NA
"percentile_latbin_OLS","q50","Southern","occurrence10_k3_tropical_temperate_polar","Coolhouse","Hothouse",1,3,-0.55297266488383,NA,NA,NA
"percentile_latbin_OLS","q50","Southern","collection5_k1_tropical_temperate","Coldhouse","Hothouse",10,10,-0.453723409344162,16,0.00566484834223733,0.0566484834223733
"percentile_latbin_OLS","q50","Southern","collection5_k1_tropical_temperate","Coldhouse","Warmhouse",10,8,-0.181632481042148,21,0.050112052808869,0.237718326316312
"percentile_latbin_OLS","q50","Southern","collection5_k1_tropical_temperate","Transitional","Hothouse",8,10,-0.337892335399344,23,0.0713154978948937,0.237718326316312
"percentile_latbin_OLS","q50","Southern","collection5_k1_tropical_temperate","Coolhouse","Hothouse",16,10,-0.435761744540987,55,0.0983061824918164,0.245765456229541
"percentile_latbin_OLS","q50","Southern","collection5_k1_tropical_temperate","Warmhouse","Hothouse",8,10,-0.272090928302014,27,0.133358623357958,0.266717246715916
"percentile_latbin_OLS","q50","Southern","collection5_k1_tropical_temperate","Coldhouse","Transitional",10,8,-0.115831073944819,29,0.175423025993314,0.292371709988857
"percentile_latbin_OLS","q50","Southern","collection5_k1_tropical_temperate","Coolhouse","Warmhouse",16,8,-0.163670816238973,52,0.24064530451226,0.343779006446086
"percentile_latbin_OLS","q50","Southern","collection5_k1_tropical_temperate","Coldhouse","Coolhouse",10,16,-0.0179616648031757,69,0.289995251927504,0.36249406490938
"percentile_latbin_OLS","q50","Southern","collection5_k1_tropical_temperate","Coolhouse","Transitional",16,8,-0.0978694091416431,58,0.368132012262971,0.368132012262971
"percentile_latbin_OLS","q50","Southern","collection5_k1_tropical_temperate","Transitional","Warmhouse",8,8,-0.0658014070973294,28,0.356595630508036,0.368132012262971
"percentile_latbin_OLS","q50","Southern","collection5_k1_tropical_temperate_polar","Coolhouse","Hothouse",10,7,-0.452171024597175,6,0.00270695714397472,0.0270695714397472
"percentile_latbin_OLS","q50","Southern","collection5_k1_tropical_temperate_polar","Transitional","Hothouse",5,7,-0.432223313414632,5,0.0256599517940356,0.128299758970178
"percentile_latbin_OLS","q50","Southern","collection5_k1_tropical_temperate_polar","Coldhouse","Hothouse",4,7,-0.283541550897571,5,0.0540986237618508,0.180328745872836
"percentile_latbin_OLS","q50","Southern","collection5_k1_tropical_temperate_polar","Warmhouse","Hothouse",4,7,-0.234047663100784,6,0.0781878608798223,0.195469652199556
"percentile_latbin_OLS","q50","Southern","collection5_k1_tropical_temperate_polar","Coolhouse","Warmhouse",10,4,-0.218123361496391,11,0.114665971195824,0.229331942391648
"percentile_latbin_OLS","q50","Southern","collection5_k1_tropical_temperate_polar","Coolhouse","Transitional",10,5,-0.0199477111825431,19,0.25027974890907,0.417132914848449
"percentile_latbin_OLS","q50","Southern","collection5_k1_tropical_temperate_polar","Coldhouse","Warmhouse",4,4,-0.049493887796787,7,0.442616957236601,0.56407703136105
"percentile_latbin_OLS","q50","Southern","collection5_k1_tropical_temperate_polar","Transitional","Warmhouse",5,4,-0.198175650313848,9,0.45126162508884,0.56407703136105
"percentile_latbin_OLS","q50","Southern","collection5_k1_tropical_temperate_polar","Coldhouse","Transitional",4,5,0.148681762517061,14,0.86482792967261,0.960919921858456
"percentile_latbin_OLS","q50","Southern","collection5_k1_tropical_temperate_polar","Coldhouse","Coolhouse",4,10,0.168629473699604,32,0.961450064128229,0.961450064128229
"percentile_latbin_OLS","q50","Southern","collection5_k2_tropical_temperate","Coldhouse","Hothouse",5,7,-0.512207561077916,0,0.00288306045711863,0.0288306045711863
"percentile_latbin_OLS","q50","Southern","collection5_k2_tropical_temperate","Coolhouse","Hothouse",5,7,-0.536764002587362,2,0.00742546894368245,0.0371273447184122
"percentile_latbin_OLS","q50","Southern","collection5_k2_tropical_temperate","Coldhouse","Warmhouse",5,6,-0.26129185116219,2,0.0112394366830626,0.0374647889435421
"percentile_latbin_OLS","q50","Southern","collection5_k2_tropical_temperate","Coolhouse","Warmhouse",5,6,-0.285848292671637,6,0.0603454002637228,0.150863500659307
"percentile_latbin_OLS","q50","Southern","collection5_k2_tropical_temperate","Coldhouse","Transitional",5,4,-0.101628772688815,6,0.19563363964132,0.24454204955165
"percentile_latbin_OLS","q50","Southern","collection5_k2_tropical_temperate","Coolhouse","Transitional",5,4,-0.126185214198262,6,0.19563363964132,0.24454204955165
"percentile_latbin_OLS","q50","Southern","collection5_k2_tropical_temperate","Transitional","Hothouse",4,7,-0.4105787883891,8,0.149308837224405,0.24454204955165
"percentile_latbin_OLS","q50","Southern","collection5_k2_tropical_temperate","Warmhouse","Hothouse",6,7,-0.250915709915725,13,0.141988385875456,0.24454204955165
"percentile_latbin_OLS","q50","Southern","collection5_k2_tropical_temperate","Transitional","Warmhouse",4,6,-0.159663078473375,8,0.227772546894665,0.253080607660739
"percentile_latbin_OLS","q50","Southern","collection5_k2_tropical_temperate","Coldhouse","Coolhouse",5,5,0.0245564415094469,9,0.265434651984254,0.265434651984254
"percentile_latbin_OLS","q50","Southern","collection5_k2_tropical_temperate_polar","Coolhouse","Hothouse",3,5,-0.492932467681305,0,0.0184442128535249,0.11066527712115
"percentile_latbin_OLS","q50","Southern","collection5_k2_tropical_temperate_polar","Coolhouse","Warmhouse",3,3,-0.215409886549366,1,0.095215131912762,0.190430263825524
"percentile_latbin_OLS","q50","Southern","collection5_k2_tropical_temperate_polar","Transitional","Hothouse",2,5,-0.381882355820021,1,0.087622122700003,0.190430263825524
"percentile_latbin_OLS","q50","Southern","collection5_k2_tropical_temperate_polar","Warmhouse","Hothouse",3,5,-0.277522581131939,4,0.185546684761349,0.278320027142023
"percentile_latbin_OLS","q50","Southern","collection5_k2_tropical_temperate_polar","Coolhouse","Transitional",3,2,-0.111050111861284,2,0.386414996342224,0.386414996342224
"percentile_latbin_OLS","q50","Southern","collection5_k2_tropical_temperate_polar","Transitional","Warmhouse",2,3,-0.104359774688082,2,0.386414996342224,0.386414996342224
"percentile_latbin_OLS","q50","Southern","collection5_k2_tropical_temperate_polar","Coldhouse","Coolhouse",1,3,0.0245564415094469,NA,NA,NA
"percentile_latbin_OLS","q50","Southern","collection5_k2_tropical_temperate_polar","Coldhouse","Transitional",1,2,-0.0864936703518371,NA,NA,NA
"percentile_latbin_OLS","q50","Southern","collection5_k2_tropical_temperate_polar","Coldhouse","Warmhouse",1,3,-0.190853445039919,NA,NA,NA
"percentile_latbin_OLS","q50","Southern","collection5_k2_tropical_temperate_polar","Coldhouse","Hothouse",1,5,-0.468376026171858,NA,NA,NA
"percentile_latbin_OLS","q50","Southern","collection5_k3_tropical_temperate","Coolhouse","Warmhouse",4,4,-0.287705194544099,3,0.0969654261412053,0.129554963364084
"percentile_latbin_OLS","q50","Southern","collection5_k3_tropical_temperate","Coolhouse","Hothouse",4,3,-0.533823802226381,1,0.0558058841491461,0.129554963364084
"percentile_latbin_OLS","q50","Southern","collection5_k3_tropical_temperate","Transitional","Warmhouse",3,4,-0.244766672063472,2,0.10796246947007,0.129554963364084
"percentile_latbin_OLS","q50","Southern","collection5_k3_tropical_temperate","Transitional","Hothouse",3,3,-0.490885279745754,0,0.0404277991850261,0.129554963364084
"percentile_latbin_OLS","q50","Southern","collection5_k3_tropical_temperate","Warmhouse","Hothouse",4,3,-0.246118607682282,2,0.10796246947007,0.129554963364084
"percentile_latbin_OLS","q50","Southern","collection5_k3_tropical_temperate","Coolhouse","Transitional",4,3,-0.0429385224806265,4,0.297941545282589,0.297941545282589
"percentile_latbin_OLS","q50","Southern","collection5_k3_tropical_temperate","Coldhouse","Coolhouse",1,4,0.0939247580343827,NA,NA,NA
"percentile_latbin_OLS","q50","Southern","collection5_k3_tropical_temperate","Coldhouse","Transitional",1,3,0.0509862355537563,NA,NA,NA
"percentile_latbin_OLS","q50","Southern","collection5_k3_tropical_temperate","Coldhouse","Warmhouse",1,4,-0.193780436509716,NA,NA,NA
"percentile_latbin_OLS","q50","Southern","collection5_k3_tropical_temperate","Coldhouse","Hothouse",1,3,-0.439899044191998,NA,NA,NA
"percentile_latbin_OLS","q50","Southern","collection5_k3_tropical_temperate_polar","Coolhouse","Hothouse",2,3,-0.533823802226381,0,0.0744573365893828,0.223372009768148
"percentile_latbin_OLS","q50","Southern","collection5_k3_tropical_temperate_polar","Transitional","Hothouse",2,3,-0.381882355820021,0,0.0744573365893828,0.223372009768148
"percentile_latbin_OLS","q50","Southern","collection5_k3_tropical_temperate_polar","Coolhouse","Warmhouse",2,2,-0.418074714666551,0,0.122639058403386,0.245278116806773
"percentile_latbin_OLS","q50","Southern","collection5_k3_tropical_temperate_polar","Coolhouse","Transitional",2,2,-0.15194144640636,1,0.349267679151669,0.386414996342224
"percentile_latbin_OLS","q50","Southern","collection5_k3_tropical_temperate_polar","Transitional","Warmhouse",2,2,-0.266133268260191,1,0.349267679151669,0.386414996342224
"percentile_latbin_OLS","q50","Southern","collection5_k3_tropical_temperate_polar","Warmhouse","Hothouse",2,3,-0.11574908755983,2,0.386414996342224,0.386414996342224
"percentile_latbin_OLS","q50","Southern","collection5_k3_tropical_temperate_polar","Coldhouse","Coolhouse",0,2,NA,NA,NA,NA
"percentile_latbin_OLS","q50","Southern","collection5_k3_tropical_temperate_polar","Coldhouse","Transitional",0,2,NA,NA,NA,NA
"percentile_latbin_OLS","q50","Southern","collection5_k3_tropical_temperate_polar","Coldhouse","Warmhouse",0,2,NA,NA,NA,NA
"percentile_latbin_OLS","q50","Southern","collection5_k3_tropical_temperate_polar","Coldhouse","Hothouse",0,3,NA,NA,NA,NA
"percentile_latbin_OLS","q50","Southern","collection10_k1_tropical_temperate","Coldhouse","Hothouse",6,8,-0.771914631269593,3,0.00406601094944092,0.029835552705718
"percentile_latbin_OLS","q50","Southern","collection10_k1_tropical_temperate","Coolhouse","Hothouse",13,8,-0.812239975417191,19,0.00929449834794633,0.029835552705718
"percentile_latbin_OLS","q50","Southern","collection10_k1_tropical_temperate","Transitional","Hothouse",7,8,-0.601931260137146,7,0.00883613819336122,0.029835552705718
"percentile_latbin_OLS","q50","Southern","collection10_k1_tropical_temperate","Warmhouse","Hothouse",6,8,-0.625844077206645,6,0.0119342210822872,0.029835552705718
"percentile_latbin_OLS","q50","Southern","collection10_k1_tropical_temperate","Coolhouse","Warmhouse",13,6,-0.186395898210547,27,0.156579242215292,0.313158484430584
"percentile_latbin_OLS","q50","Southern","collection10_k1_tropical_temperate","Coldhouse","Warmhouse",6,6,-0.146070554062948,13,0.235584999245028,0.39264166540838
"percentile_latbin_OLS","q50","Southern","collection10_k1_tropical_temperate","Coldhouse","Coolhouse",6,13,0.0403253441475986,35,0.379432986769008,0.415162128827898
"percentile_latbin_OLS","q50","Southern","collection10_k1_tropical_temperate","Coldhouse","Transitional",6,7,-0.169983371132447,19,0.415162128827898,0.415162128827898
"percentile_latbin_OLS","q50","Southern","collection10_k1_tropical_temperate","Coolhouse","Transitional",13,7,-0.210308715280045,42,0.406045778411602,0.415162128827898
"percentile_latbin_OLS","q50","Southern","collection10_k1_tropical_temperate","Transitional","Warmhouse",7,6,0.0239128170694987,17,0.308537538725987,0.415162128827898
"percentile_latbin_OLS","q50","Southern","collection10_k1_tropical_temperate_polar","Coolhouse","Hothouse",8,5,-1.1411452793671,0,0.00215517924976753,0.0215517924976753
"percentile_latbin_OLS","q50","Southern","collection10_k1_tropical_temperate_polar","Transitional","Hothouse",3,5,-0.881400307923331,0,0.0184442128535249,0.0922210642676247
"percentile_latbin_OLS","q50","Southern","collection10_k1_tropical_temperate_polar","Coldhouse","Hothouse",4,5,-0.605024190801564,2,0.0330962898610967,0.0931644638182743
"percentile_latbin_OLS","q50","Southern","collection10_k1_tropical_temperate_polar","Coolhouse","Warmhouse",8,4,-0.530616447872485,5,0.0372657855273097,0.0931644638182743
"percentile_latbin_OLS","q50","Southern","collection10_k1_tropical_temperate_polar","Warmhouse","Hothouse",4,5,-0.610528831494619,4,0.0889547974934913,0.177909594986983
"percentile_latbin_OLS","q50","Southern","collection10_k1_tropical_temperate_polar","Coolhouse","Transitional",8,3,-0.259744971443773,7,0.17916323337444,0.269113655579702
"percentile_latbin_OLS","q50","Southern","collection10_k1_tropical_temperate_polar","Transitional","Warmhouse",3,4,-0.270871476428712,3,0.188379558905791,0.269113655579702
"percentile_latbin_OLS","q50","Southern","collection10_k1_tropical_temperate_polar","Coldhouse","Warmhouse",4,4,0.00550464069305499,9,0.667497228948985,0.834371536186232
"percentile_latbin_OLS","q50","Southern","collection10_k1_tropical_temperate_polar","Coldhouse","Coolhouse",4,8,0.53612108856554,27,0.97460073963058,0.97460073963058
"percentile_latbin_OLS","q50","Southern","collection10_k1_tropical_temperate_polar","Coldhouse","Transitional",4,3,0.276376117121767,10,0.944194115850854,0.97460073963058
"percentile_latbin_OLS","q50","Southern","collection10_k2_tropical_temperate","Coolhouse","Hothouse",3,4,-0.770020435876909,0,0.0259149636089548,0.155489781653729
"percentile_latbin_OLS","q50","Southern","collection10_k2_tropical_temperate","Warmhouse","Hothouse",5,4,-0.566485637925605,3,0.0556734432665702,0.167020329799711
"percentile_latbin_OLS","q50","Southern","collection10_k2_tropical_temperate","Coolhouse","Warmhouse",3,5,-0.203534797951304,3,0.116518991136953,0.233037982273905
"percentile_latbin_OLS","q50","Southern","collection10_k2_tropical_temperate","Transitional","Hothouse",4,4,-0.742643874346005,4,0.156160710838108,0.234241066257162
"percentile_latbin_OLS","q50","Southern","collection10_k2_tropical_temperate","Transitional","Warmhouse",4,5,-0.176158236420401,7,0.27014568730371,0.324174824764452
"percentile_latbin_OLS","q50","Southern","collection10_k2_tropical_temperate","Coolhouse","Transitional",3,4,-0.0273765615309033,7,0.702058454717411,0.702058454717411
"percentile_latbin_OLS","q50","Southern","collection10_k2_tropical_temperate","Coldhouse","Coolhouse",1,3,-0.483388899003505,NA,NA,NA
"percentile_latbin_OLS","q50","Southern","collection10_k2_tropical_temperate","Coldhouse","Transitional",1,4,-0.510765460534408,NA,NA,NA
"percentile_latbin_OLS","q50","Southern","collection10_k2_tropical_temperate","Coldhouse","Warmhouse",1,5,-0.686923696954809,NA,NA,NA
"percentile_latbin_OLS","q50","Southern","collection10_k2_tropical_temperate","Coldhouse","Hothouse",1,4,-1.25340933488041,NA,NA,NA
"percentile_latbin_OLS","q50","Southern","collection10_k2_tropical_temperate_polar","Coolhouse","Hothouse",2,3,-0.649305137825599,0,0.0744573365893828,0.223372009768148
"percentile_latbin_OLS","q50","Southern","collection10_k2_tropical_temperate_polar","Warmhouse","Hothouse",3,3,-0.551170392213579,2,0.191366544442613,0.28704981666392
"percentile_latbin_OLS","q50","Southern","collection10_k2_tropical_temperate_polar","Coolhouse","Warmhouse",2,3,-0.09813474561202,2,0.386414996342224,0.386414996342224
"percentile_latbin_OLS","q50","Southern","collection10_k2_tropical_temperate_polar","Coldhouse","Coolhouse",0,2,NA,NA,NA,NA
"percentile_latbin_OLS","q50","Southern","collection10_k2_tropical_temperate_polar","Coldhouse","Transitional",0,1,NA,NA,NA,NA
"percentile_latbin_OLS","q50","Southern","collection10_k2_tropical_temperate_polar","Coldhouse","Warmhouse",0,3,NA,NA,NA,NA
"percentile_latbin_OLS","q50","Southern","collection10_k2_tropical_temperate_polar","Coldhouse","Hothouse",0,3,NA,NA,NA,NA
"percentile_latbin_OLS","q50","Southern","collection10_k2_tropical_temperate_polar","Coolhouse","Transitional",2,1,0.232095170097732,NA,NA,NA
"percentile_latbin_OLS","q50","Southern","collection10_k2_tropical_temperate_polar","Transitional","Warmhouse",1,3,-0.330229915709752,NA,NA,NA
"percentile_latbin_OLS","q50","Southern","collection10_k2_tropical_temperate_polar","Transitional","Hothouse",1,3,-0.881400307923331,NA,NA,NA
"percentile_latbin_OLS","q50","Southern","collection10_k3_tropical_temperate","Transitional","Warmhouse",3,2,-0.700294904170575,0,0.0744573365893828,0.111686004884074
"percentile_latbin_OLS","q50","Southern","collection10_k3_tropical_temperate","Transitional","Hothouse",3,2,-0.752346437249239,0,0.0744573365893828,0.111686004884074
"percentile_latbin_OLS","q50","Southern","collection10_k3_tropical_temperate","Warmhouse","Hothouse",2,2,-0.0520515330786638,2,0.650732320848331,0.650732320848331
"percentile_latbin_OLS","q50","Southern","collection10_k3_tropical_temperate","Coldhouse","Coolhouse",0,1,NA,NA,NA,NA
"percentile_latbin_OLS","q50","Southern","collection10_k3_tropical_temperate","Coldhouse","Transitional",0,3,NA,NA,NA,NA
"percentile_latbin_OLS","q50","Southern","collection10_k3_tropical_temperate","Coldhouse","Warmhouse",0,2,NA,NA,NA,NA
"percentile_latbin_OLS","q50","Southern","collection10_k3_tropical_temperate","Coldhouse","Hothouse",0,2,NA,NA,NA,NA
"percentile_latbin_OLS","q50","Southern","collection10_k3_tropical_temperate","Coolhouse","Transitional",1,3,0.337495222437016,NA,NA,NA
"percentile_latbin_OLS","q50","Southern","collection10_k3_tropical_temperate","Coolhouse","Warmhouse",1,2,-0.36279968173356,NA,NA,NA
"percentile_latbin_OLS","q50","Southern","collection10_k3_tropical_temperate","Coolhouse","Hothouse",1,2,-0.414851214812223,NA,NA,NA
"percentile_latbin_OLS","q50","Southern","collection10_k3_tropical_temperate_polar","Coldhouse","Coolhouse",0,1,NA,NA,NA,NA
"percentile_latbin_OLS","q50","Southern","collection10_k3_tropical_temperate_polar","Coldhouse","Transitional",0,1,NA,NA,NA,NA
"percentile_latbin_OLS","q50","Southern","collection10_k3_tropical_temperate_polar","Coldhouse","Warmhouse",0,1,NA,NA,NA,NA
"percentile_latbin_OLS","q50","Southern","collection10_k3_tropical_temperate_polar","Coldhouse","Hothouse",0,2,NA,NA,NA,NA
"percentile_latbin_OLS","q50","Southern","collection10_k3_tropical_temperate_polar","Coolhouse","Transitional",1,1,0.337495222437016,NA,NA,NA
"percentile_latbin_OLS","q50","Southern","collection10_k3_tropical_temperate_polar","Coolhouse","Warmhouse",1,1,-0.679764497561267,NA,NA,NA
"percentile_latbin_OLS","q50","Southern","collection10_k3_tropical_temperate_polar","Coolhouse","Hothouse",1,2,-0.414851214812223,NA,NA,NA
"percentile_latbin_OLS","q50","Southern","collection10_k3_tropical_temperate_polar","Transitional","Warmhouse",1,1,-1.01725971999828,NA,NA,NA
"percentile_latbin_OLS","q50","Southern","collection10_k3_tropical_temperate_polar","Transitional","Hothouse",1,2,-0.752346437249239,NA,NA,NA
"percentile_latbin_OLS","q50","Southern","collection10_k3_tropical_temperate_polar","Warmhouse","Hothouse",1,2,0.264913282749044,NA,NA,NA
"percentile_latbin_OLS","q60","Combined","occurrence5_k1_tropical_temperate","Coldhouse","Transitional",21,25,-0.366334261175388,126,0.00135358511621022,0.00676792558105112
"percentile_latbin_OLS","q60","Combined","occurrence5_k1_tropical_temperate","Coldhouse","Warmhouse",21,22,-0.376866421066256,104,0.0010578032579265,0.00676792558105112
"percentile_latbin_OLS","q60","Combined","occurrence5_k1_tropical_temperate","Coolhouse","Transitional",31,25,-0.172215464170141,253,0.0136029947527661,0.0340074868819152
"percentile_latbin_OLS","q60","Combined","occurrence5_k1_tropical_temperate","Coolhouse","Warmhouse",31,22,-0.182747624061008,218,0.0135093003338421,0.0340074868819152
"percentile_latbin_OLS","q60","Combined","occurrence5_k1_tropical_temperate","Coldhouse","Hothouse",21,23,-0.514788650425102,151,0.0172268185197356,0.0344536370394713
"percentile_latbin_OLS","q60","Combined","occurrence5_k1_tropical_temperate","Coolhouse","Hothouse",31,23,-0.320669853419855,271,0.0685198535368068,0.114199755894678
"percentile_latbin_OLS","q60","Combined","occurrence5_k1_tropical_temperate","Coldhouse","Coolhouse",21,31,-0.194118797005247,276,0.180407036382194,0.257724337688849
"percentile_latbin_OLS","q60","Combined","occurrence5_k1_tropical_temperate","Transitional","Hothouse",25,23,-0.148454389249714,274,0.394238639310154,0.492798299137692
"percentile_latbin_OLS","q60","Combined","occurrence5_k1_tropical_temperate","Warmhouse","Hothouse",22,23,-0.137922229358846,247,0.450308564850609,0.50034284983401
"percentile_latbin_OLS","q60","Combined","occurrence5_k1_tropical_temperate","Transitional","Warmhouse",25,22,-0.0105321598908673,280,0.546673145266872,0.546673145266872
"percentile_latbin_OLS","q60","Combined","occurrence5_k1_tropical_temperate_polar","Coldhouse","Transitional",11,19,-0.481207928094194,35,0.00149134459866672,0.0120298101231968
"percentile_latbin_OLS","q60","Combined","occurrence5_k1_tropical_temperate_polar","Coldhouse","Hothouse",11,14,-0.5369541165446,25,0.00240596202463936,0.0120298101231968
"percentile_latbin_OLS","q60","Combined","occurrence5_k1_tropical_temperate_polar","Coolhouse","Transitional",23,19,-0.238797515988108,117,0.00535023539538544,0.0146291978600746
"percentile_latbin_OLS","q60","Combined","occurrence5_k1_tropical_temperate_polar","Coolhouse","Hothouse",23,14,-0.294543704438514,80,0.00585167914402986,0.0146291978600746
"percentile_latbin_OLS","q60","Combined","occurrence5_k1_tropical_temperate_polar","Coldhouse","Warmhouse",11,17,-0.372234448843501,46,0.0135214555587612,0.0270429111175224
"percentile_latbin_OLS","q60","Combined","occurrence5_k1_tropical_temperate_polar","Warmhouse","Hothouse",17,14,-0.1647196677011,77,0.0497472040025219,0.0829120066708699
"percentile_latbin_OLS","q60","Combined","occurrence5_k1_tropical_temperate_polar","Coldhouse","Coolhouse",11,23,-0.242410412106087,89,0.0865885720470788,0.108235715058848
"percentile_latbin_OLS","q60","Combined","occurrence5_k1_tropical_temperate_polar","Coolhouse","Warmhouse",23,17,-0.129824036737414,145,0.0856588861086236,0.108235715058848
"percentile_latbin_OLS","q60","Combined","occurrence5_k1_tropical_temperate_polar","Transitional","Hothouse",19,14,-0.0557461884504061,117,0.286172414988914,0.317969349987682
"percentile_latbin_OLS","q60","Combined","occurrence5_k1_tropical_temperate_polar","Transitional","Warmhouse",19,17,0.108973479250693,205,0.918379191535062,0.918379191535062
"percentile_latbin_OLS","q60","Combined","occurrence5_k2_tropical_temperate","Coldhouse","Hothouse",13,16,-0.570585515909379,24,0.000244870569320694,0.00244870569320694
"percentile_latbin_OLS","q60","Combined","occurrence5_k2_tropical_temperate","Coldhouse","Transitional",13,17,-0.388312562657515,35,0.000847970447210015,0.00403713267524041
"percentile_latbin_OLS","q60","Combined","occurrence5_k2_tropical_temperate","Coldhouse","Warmhouse",13,14,-0.321704343404056,28,0.00121113980257212,0.00403713267524041
"percentile_latbin_OLS","q60","Combined","occurrence5_k2_tropical_temperate","Coolhouse","Hothouse",17,16,-0.374242211512112,73,0.0121810800623237,0.0304527001558092
"percentile_latbin_OLS","q60","Combined","occurrence5_k2_tropical_temperate","Coolhouse","Transitional",17,17,-0.191969258260248,95,0.0457312405661702,0.0914624811323404
"percentile_latbin_OLS","q60","Combined","occurrence5_k2_tropical_temperate","Coldhouse","Coolhouse",13,17,-0.196343304397267,73,0.0607491994048389,0.0919386124686028
"percentile_latbin_OLS","q60","Combined","occurrence5_k2_tropical_temperate","Coolhouse","Warmhouse",17,14,-0.125361039006789,81,0.0683052129407259,0.0919386124686028
"percentile_latbin_OLS","q60","Combined","occurrence5_k2_tropical_temperate","Transitional","Hothouse",17,16,-0.182272953251864,97,0.0827447512217425,0.0919386124686028
"percentile_latbin_OLS","q60","Combined","occurrence5_k2_tropical_temperate","Warmhouse","Hothouse",14,16,-0.248881172505323,77,0.0757598861026965,0.0919386124686028
"percentile_latbin_OLS","q60","Combined","occurrence5_k2_tropical_temperate","Transitional","Warmhouse",17,14,0.0666082192534591,142,0.824541973229163,0.824541973229163
"percentile_latbin_OLS","q60","Combined","occurrence5_k2_tropical_temperate_polar","Coldhouse","Transitional",5,10,-0.423364491376989,3,0.00422920780231657,0.0200804727367356
"percentile_latbin_OLS","q60","Combined","occurrence5_k2_tropical_temperate_polar","Coldhouse","Warmhouse",5,10,-0.321704343404056,4,0.00602414182102069,0.0200804727367356
"percentile_latbin_OLS","q60","Combined","occurrence5_k2_tropical_temperate_polar","Coldhouse","Hothouse",5,11,-0.546094565194634,2,0.00231140337121997,0.0200804727367356
"percentile_latbin_OLS","q60","Combined","occurrence5_k2_tropical_temperate_polar","Coolhouse","Hothouse",11,11,-0.351975768189386,24,0.00904086091035267,0.0226021522758817
"percentile_latbin_OLS","q60","Combined","occurrence5_k2_tropical_temperate_polar","Coolhouse","Transitional",11,10,-0.229245694371742,30,0.042242291810753,0.0704038196845884
"percentile_latbin_OLS","q60","Combined","occurrence5_k2_tropical_temperate_polar","Warmhouse","Hothouse",10,11,-0.224390221790578,30,0.042242291810753,0.0704038196845884
"percentile_latbin_OLS","q60","Combined","occurrence5_k2_tropical_temperate_polar","Coldhouse","Coolhouse",5,11,-0.194118797005247,15,0.0870006181197914,0.0966673534664349
"percentile_latbin_OLS","q60","Combined","occurrence5_k2_tropical_temperate_polar","Coolhouse","Warmhouse",11,10,-0.127585546398809,34,0.0744304741501638,0.0966673534664349
"percentile_latbin_OLS","q60","Combined","occurrence5_k2_tropical_temperate_polar","Transitional","Hothouse",10,11,-0.122730073817645,35,0.0848530711362563,0.0966673534664349
"percentile_latbin_OLS","q60","Combined","occurrence5_k2_tropical_temperate_polar","Transitional","Warmhouse",10,10,0.101660147972933,60,0.786322343051096,0.786322343051096
"percentile_latbin_OLS","q60","Combined","occurrence5_k3_tropical_temperate","Coldhouse","Transitional",6,12,-0.309338973302183,2,0.000851794838476953,0.00851794838476953
"percentile_latbin_OLS","q60","Combined","occurrence5_k3_tropical_temperate","Coldhouse","Warmhouse",6,11,-0.209012416021274,7,0.00519089789485088,0.0103817957897018
"percentile_latbin_OLS","q60","Combined","occurrence5_k3_tropical_temperate","Coldhouse","Hothouse",6,9,-0.41378814981976,4,0.00400497116494001,0.0103817957897018
"percentile_latbin_OLS","q60","Combined","occurrence5_k3_tropical_temperate","Coolhouse","Transitional",11,12,-0.252646692302934,21,0.0030833279820138,0.0103817957897018
"percentile_latbin_OLS","q60","Combined","occurrence5_k3_tropical_temperate","Coolhouse","Hothouse",11,9,-0.357095868820511,15,0.00489575603898484,0.0103817957897018
"percentile_latbin_OLS","q60","Combined","occurrence5_k3_tropical_temperate","Coolhouse","Warmhouse",11,11,-0.152320135022025,27,0.0151195105080743,0.0251991841801239
"percentile_latbin_OLS","q60","Combined","occurrence5_k3_tropical_temperate","Warmhouse","Hothouse",11,9,-0.204775733798486,33,0.112072577026101,0.160103681465859
"percentile_latbin_OLS","q60","Combined","occurrence5_k3_tropical_temperate","Transitional","Hothouse",12,9,-0.104449176517578,47,0.322064008023609,0.402580010029512
"percentile_latbin_OLS","q60","Combined","occurrence5_k3_tropical_temperate","Coldhouse","Coolhouse",6,11,-0.0566922809992492,32,0.479960830453189,0.533289811614655
"percentile_latbin_OLS","q60","Combined","occurrence5_k3_tropical_temperate","Transitional","Warmhouse",12,11,0.100326557280908,91,0.941724540233893,0.941724540233893
"percentile_latbin_OLS","q60","Combined","occurrence5_k3_tropical_temperate_polar","Coolhouse","Hothouse",7,6,-0.443939535640203,1,0.0026704962625336,0.026704962625336
"percentile_latbin_OLS","q60","Combined","occurrence5_k3_tropical_temperate_polar","Coldhouse","Warmhouse",3,7,-0.294104436077858,1,0.0201193385598797,0.0335322309331328
"percentile_latbin_OLS","q60","Combined","occurrence5_k3_tropical_temperate_polar","Coldhouse","Hothouse",3,6,-0.585723836696035,0,0.0140929010739537,0.0335322309331328
"percentile_latbin_OLS","q60","Combined","occurrence5_k3_tropical_temperate_polar","Coolhouse","Transitional",7,5,-0.287698621022408,3,0.0114951970462325,0.0335322309331328
"percentile_latbin_OLS","q60","Combined","occurrence5_k3_tropical_temperate_polar","Coolhouse","Warmhouse",7,7,-0.152320135022025,7,0.0149210322089771,0.0335322309331328
"percentile_latbin_OLS","q60","Combined","occurrence5_k3_tropical_temperate_polar","Warmhouse","Hothouse",7,6,-0.291619400618178,6,0.0191593815747068,0.0335322309331328
"percentile_latbin_OLS","q60","Combined","occurrence5_k3_tropical_temperate_polar","Coldhouse","Transitional",3,5,-0.42948292207824,1,0.0368191350601513,0.0525987643716448
"percentile_latbin_OLS","q60","Combined","occurrence5_k3_tropical_temperate_polar","Transitional","Hothouse",5,6,-0.156240914617795,6,0.0603454002637228,0.0754317503296535
"percentile_latbin_OLS","q60","Combined","occurrence5_k3_tropical_temperate_polar","Coldhouse","Coolhouse",3,7,-0.141784301055833,12,0.675748310173512,0.742024151820726
"percentile_latbin_OLS","q60","Combined","occurrence5_k3_tropical_temperate_polar","Transitional","Warmhouse",5,7,0.135378486000382,21,0.742024151820726,0.742024151820726
"percentile_latbin_OLS","q60","Combined","occurrence10_k1_tropical_temperate","Coldhouse","Warmhouse",20,20,-0.470226828411685,88,0.0012803076435723,0.00647818940133138
"percentile_latbin_OLS","q60","Combined","occurrence10_k1_tropical_temperate","Coldhouse","Hothouse",20,21,-0.648440984214338,94,0.00129563788026628,0.00647818940133138
"percentile_latbin_OLS","q60","Combined","occurrence10_k1_tropical_temperate","Coldhouse","Transitional",20,23,-0.386002134320195,118,0.00331438893265817,0.00905275068904067
"percentile_latbin_OLS","q60","Combined","occurrence10_k1_tropical_temperate","Coolhouse","Hothouse",31,21,-0.513298044779919,181,0.00362110027561627,0.00905275068904067
"percentile_latbin_OLS","q60","Combined","occurrence10_k1_tropical_temperate","Coolhouse","Warmhouse",31,20,-0.335083888977266,186,0.00859428785474223,0.0171885757094845
"percentile_latbin_OLS","q60","Combined","occurrence10_k1_tropical_temperate","Coolhouse","Transitional",31,23,-0.250859194885776,235,0.0171446092768084,0.0276182704921059
"percentile_latbin_OLS","q60","Combined","occurrence10_k1_tropical_temperate","Transitional","Hothouse",23,21,-0.262438849894143,153,0.0193327893444741,0.0276182704921059
"percentile_latbin_OLS","q60","Combined","occurrence10_k1_tropical_temperate","Warmhouse","Hothouse",20,21,-0.178214155802653,150,0.0603454002637228,0.0754317503296535
"percentile_latbin_OLS","q60","Combined","occurrence10_k1_tropical_temperate","Coldhouse","Coolhouse",20,31,-0.135142939434419,271,0.228810739179871,0.25155512022187
"percentile_latbin_OLS","q60","Combined","occurrence10_k1_tropical_temperate","Transitional","Warmhouse",23,20,-0.0842246940914905,202,0.25155512022187,0.25155512022187
"percentile_latbin_OLS","q60","Combined","occurrence10_k1_tropical_temperate_polar","Coldhouse","Hothouse",10,12,-0.588360717071068,18,0.00310550014940796,0.0155275007470398
"percentile_latbin_OLS","q60","Combined","occurrence10_k1_tropical_temperate_polar","Coolhouse","Hothouse",21,12,-0.394531563887095,48,0.00186364412024337,0.0155275007470398
"percentile_latbin_OLS","q60","Combined","occurrence10_k1_tropical_temperate_polar","Coldhouse","Transitional",10,18,-0.423462860856198,37,0.00591487960319143,0.0197162653439714
"percentile_latbin_OLS","q60","Combined","occurrence10_k1_tropical_temperate_polar","Coolhouse","Transitional",21,18,-0.229633707672225,107,0.0108378723038248,0.0264070490319142
"percentile_latbin_OLS","q60","Combined","occurrence10_k1_tropical_temperate_polar","Warmhouse","Hothouse",15,12,-0.223913489893142,44,0.0132035245159571,0.0264070490319142
"percentile_latbin_OLS","q60","Combined","occurrence10_k1_tropical_temperate_polar","Coldhouse","Warmhouse",10,15,-0.364447227177926,40,0.027828247415466,0.0397546391649514
"percentile_latbin_OLS","q60","Combined","occurrence10_k1_tropical_temperate_polar","Transitional","Hothouse",18,12,-0.16489785621487,62,0.0270416630351816,0.0397546391649514
"percentile_latbin_OLS","q60","Combined","occurrence10_k1_tropical_temperate_polar","Coolhouse","Warmhouse",21,15,-0.170618073993953,112,0.0743789320628912,0.092973665078614
"percentile_latbin_OLS","q60","Combined","occurrence10_k1_tropical_temperate_polar","Coldhouse","Coolhouse",10,21,-0.193829153183973,83,0.181796277631456,0.201995864034951
"percentile_latbin_OLS","q60","Combined","occurrence10_k1_tropical_temperate_polar","Transitional","Warmhouse",18,15,0.0590156336782722,150,0.712397939871086,0.712397939871086
"percentile_latbin_OLS","q60","Combined","occurrence10_k2_tropical_temperate","Coldhouse","Warmhouse",13,14,-0.495475788793862,19,0.000260597262578167,0.00130298631289084
"percentile_latbin_OLS","q60","Combined","occurrence10_k2_tropical_temperate","Coldhouse","Hothouse",13,12,-0.671989410439422,11,0.0001489477957407,0.00130298631289084
"percentile_latbin_OLS","q60","Combined","occurrence10_k2_tropical_temperate","Coldhouse","Transitional",13,16,-0.405459505341767,32,0.00085785855950486,0.00285952853168287
"percentile_latbin_OLS","q60","Combined","occurrence10_k2_tropical_temperate","Coolhouse","Hothouse",15,12,-0.468414226228416,44,0.0132035245159571,0.0264070490319142
"percentile_latbin_OLS","q60","Combined","occurrence10_k2_tropical_temperate","Transitional","Hothouse",16,12,-0.266529905097656,46,0.0107814691373187,0.0264070490319142
"percentile_latbin_OLS","q60","Combined","occurrence10_k2_tropical_temperate","Coolhouse","Warmhouse",15,14,-0.291900604582856,62,0.0318086772210819,0.0530144620351365
"percentile_latbin_OLS","q60","Combined","occurrence10_k2_tropical_temperate","Warmhouse","Hothouse",14,12,-0.17651362164556,50,0.0424393733877672,0.0606276762682389
"percentile_latbin_OLS","q60","Combined","occurrence10_k2_tropical_temperate","Coldhouse","Coolhouse",13,15,-0.203575184211006,67,0.0834919426750851,0.0959176960740439
"percentile_latbin_OLS","q60","Combined","occurrence10_k2_tropical_temperate","Coolhouse","Transitional",15,16,-0.201884321130761,85,0.0863259264666395,0.0959176960740439
"percentile_latbin_OLS","q60","Combined","occurrence10_k2_tropical_temperate","Transitional","Warmhouse",16,14,-0.0900162834520955,95,0.246383648761632,0.246383648761632
"percentile_latbin_OLS","q60","Combined","occurrence10_k2_tropical_temperate_polar","Coolhouse","Hothouse",8,7,-0.475105390547822,1,0.00108189356443515,0.0108189356443515
"percentile_latbin_OLS","q60","Combined","occurrence10_k2_tropical_temperate_polar","Coldhouse","Hothouse",4,7,-0.655398195818172,0,0.0053667080514986,0.0178890268383287
"percentile_latbin_OLS","q60","Combined","occurrence10_k2_tropical_temperate_polar","Warmhouse","Hothouse",7,7,-0.349199012169608,4,0.00530167269106133,0.0178890268383287
"percentile_latbin_OLS","q60","Combined","occurrence10_k2_tropical_temperate_polar","Coldhouse","Transitional",4,7,-0.386856965303703,1,0.00908150917393821,0.0214507336863221
"percentile_latbin_OLS","q60","Combined","occurrence10_k2_tropical_temperate_polar","Transitional","Hothouse",7,7,-0.26854123051447,6,0.010725366843161,0.0214507336863221
"percentile_latbin_OLS","q60","Combined","occurrence10_k2_tropical_temperate_polar","Coldhouse","Warmhouse",4,7,-0.306199183648565,5,0.0540986237618508,0.0772837482312154
"percentile_latbin_OLS","q60","Combined","occurrence10_k2_tropical_temperate_polar","Coolhouse","Transitional",8,7,-0.206564160033353,13,0.0466687735890115,0.0772837482312154
"percentile_latbin_OLS","q60","Combined","occurrence10_k2_tropical_temperate_polar","Coolhouse","Warmhouse",8,7,-0.125906378378214,17,0.112156563255577,0.140195704069471
"percentile_latbin_OLS","q60","Combined","occurrence10_k2_tropical_temperate_polar","Coldhouse","Coolhouse",4,8,-0.18029280527035,9,0.134803052284104,0.14978116920456
"percentile_latbin_OLS","q60","Combined","occurrence10_k2_tropical_temperate_polar","Transitional","Warmhouse",7,7,0.0806577816551382,28,0.695359920347949,0.695359920347949
"percentile_latbin_OLS","q60","Combined","occurrence10_k3_tropical_temperate","Coldhouse","Transitional",4,12,-0.494378858989522,0,0.0021873804512949,0.0109000866813289
"percentile_latbin_OLS","q60","Combined","occurrence10_k3_tropical_temperate","Coldhouse","Warmhouse",4,11,-0.54420161338693,2,0.00545004334066444,0.0109000866813289
"percentile_latbin_OLS","q60","Combined","occurrence10_k3_tropical_temperate","Coldhouse","Hothouse",4,8,-0.736424631530839,0,0.00423740094607692,0.0109000866813289
"percentile_latbin_OLS","q60","Combined","occurrence10_k3_tropical_temperate","Coolhouse","Transitional",8,12,-0.385183638680967,14,0.00487486843700597,0.0109000866813289
"percentile_latbin_OLS","q60","Combined","occurrence10_k3_tropical_temperate","Coolhouse","Hothouse",8,8,-0.627229411222283,6,0.00370276667025014,0.0109000866813289
"percentile_latbin_OLS","q60","Combined","occurrence10_k3_tropical_temperate","Coolhouse","Warmhouse",8,11,-0.435006393078375,16,0.0115814286908744,0.0165448981298206
"percentile_latbin_OLS","q60","Combined","occurrence10_k3_tropical_temperate","Warmhouse","Hothouse",11,8,-0.192223018143908,16,0.0115814286908744,0.0165448981298206
"percentile_latbin_OLS","q60","Combined","occurrence10_k3_tropical_temperate","Transitional","Hothouse",12,8,-0.242045772541316,20,0.0169326851664126,0.0211658564580157
"percentile_latbin_OLS","q60","Combined","occurrence10_k3_tropical_temperate","Coldhouse","Coolhouse",4,8,-0.109195220308556,11,0.222348115924854,0.247053462138727
"percentile_latbin_OLS","q60","Combined","occurrence10_k3_tropical_temperate","Transitional","Warmhouse",12,11,-0.0498227543974081,68,0.561141658463393,0.561141658463393
"percentile_latbin_OLS","q60","Combined","occurrence10_k3_tropical_temperate_polar","Coldhouse","Transitional",2,5,-0.386856965303703,0,0.0406805646170377,0.0927890721109504
"percentile_latbin_OLS","q60","Combined","occurrence10_k3_tropical_temperate_polar","Coldhouse","Hothouse",2,4,-0.680120495552134,0,0.0525962525600207,0.0927890721109504
"percentile_latbin_OLS","q60","Combined","occurrence10_k3_tropical_temperate_polar","Coolhouse","Transitional",3,5,-0.220100507946975,0,0.0184442128535249,0.0927890721109504
"percentile_latbin_OLS","q60","Combined","occurrence10_k3_tropical_temperate_polar","Coolhouse","Hothouse",3,4,-0.513364038195407,0,0.0259149636089548,0.0927890721109504
"percentile_latbin_OLS","q60","Combined","occurrence10_k3_tropical_temperate_polar","Transitional","Hothouse",5,4,-0.293263530248432,3,0.0556734432665702,0.0927890721109504
"percentile_latbin_OLS","q60","Combined","occurrence10_k3_tropical_temperate_polar","Warmhouse","Hothouse",5,4,-0.218965811160163,3,0.0556734432665702,0.0927890721109504
"percentile_latbin_OLS","q60","Combined","occurrence10_k3_tropical_temperate_polar","Coolhouse","Warmhouse",3,5,-0.294398227035244,2,0.0680185640570718,0.0971693772243883
"percentile_latbin_OLS","q60","Combined","occurrence10_k3_tropical_temperate_polar","Coldhouse","Warmhouse",2,5,-0.461154684391972,2,0.166460804032783,0.208076005040979
"percentile_latbin_OLS","q60","Combined","occurrence10_k3_tropical_temperate_polar","Coldhouse","Coolhouse",2,3,-0.166756457356728,2,0.386414996342224,0.417265811355464
"percentile_latbin_OLS","q60","Combined","occurrence10_k3_tropical_temperate_polar","Transitional","Warmhouse",5,5,-0.074297719088269,11,0.417265811355464,0.417265811355464
"percentile_latbin_OLS","q60","Combined","collection5_k1_tropical_temperate","Coldhouse","Transitional",20,22,-0.547706204340861,74,0.000123999687352971,0.000619998436764857
"percentile_latbin_OLS","q60","Combined","collection5_k1_tropical_temperate","Coldhouse","Warmhouse",20,19,-0.457124402355467,56,8.80561555418347e-05,0.000619998436764857
"percentile_latbin_OLS","q60","Combined","collection5_k1_tropical_temperate","Coldhouse","Hothouse",20,19,-0.594096979273111,87,0.00198836721082573,0.00662789070275242
"percentile_latbin_OLS","q60","Combined","collection5_k1_tropical_temperate","Coolhouse","Transitional",30,22,-0.329992615335767,207,0.0116369728428491,0.0232739456856982
"percentile_latbin_OLS","q60","Combined","collection5_k1_tropical_temperate","Coolhouse","Warmhouse",30,19,-0.239410813350373,171,0.00993030476128377,0.0232739456856982
"percentile_latbin_OLS","q60","Combined","collection5_k1_tropical_temperate","Coolhouse","Hothouse",30,19,-0.376383390268017,200,0.0414676109215001,0.0691126848691668
"percentile_latbin_OLS","q60","Combined","collection5_k1_tropical_temperate","Coldhouse","Coolhouse",20,30,-0.217713589005094,245,0.140235736387132,0.200336766267332
"percentile_latbin_OLS","q60","Combined","collection5_k1_tropical_temperate","Warmhouse","Hothouse",19,19,-0.136972576917644,168,0.363042913030102,0.453803641287627
"percentile_latbin_OLS","q60","Combined","collection5_k1_tropical_temperate","Transitional","Hothouse",22,19,-0.0463907749322498,201,0.422272749868988,0.469191944298876
"percentile_latbin_OLS","q60","Combined","collection5_k1_tropical_temperate","Transitional","Warmhouse",22,19,0.0905818019853943,220,0.618163119589698,0.618163119589698
"percentile_latbin_OLS","q60","Combined","collection5_k1_tropical_temperate_polar","Coolhouse","Hothouse",20,11,-0.390305991034927,28,0.00038296734220091,0.0038296734220091
"percentile_latbin_OLS","q60","Combined","collection5_k1_tropical_temperate_polar","Coldhouse","Hothouse",11,11,-0.693957641576201,15,0.00156372288546468,0.00781861442732341
"percentile_latbin_OLS","q60","Combined","collection5_k1_tropical_temperate_polar","Coldhouse","Transitional",11,15,-0.58671297546266,32,0.00472959437967739,0.0107967877243962
"percentile_latbin_OLS","q60","Combined","collection5_k1_tropical_temperate_polar","Coldhouse","Warmhouse",11,13,-0.482313668929982,27,0.00539839386219808,0.0107967877243962
"percentile_latbin_OLS","q60","Combined","collection5_k1_tropical_temperate_polar","Coolhouse","Transitional",20,15,-0.283061324921386,68,0.00329714921645755,0.0107967877243962
"percentile_latbin_OLS","q60","Combined","collection5_k1_tropical_temperate_polar","Coolhouse","Warmhouse",20,13,-0.178662018388708,67,0.0106467973630288,0.0177446622717147
"percentile_latbin_OLS","q60","Combined","collection5_k1_tropical_temperate_polar","Warmhouse","Hothouse",13,11,-0.211643972646219,38,0.0279441249348159,0.0399201784783085
"percentile_latbin_OLS","q60","Combined","collection5_k1_tropical_temperate_polar","Transitional","Hothouse",15,11,-0.107244666113541,56,0.0886045541706006,0.110755692713251
"percentile_latbin_OLS","q60","Combined","collection5_k1_tropical_temperate_polar","Coldhouse","Coolhouse",11,20,-0.303651650541274,95,0.274703470791317,0.305226078657019
"percentile_latbin_OLS","q60","Combined","collection5_k1_tropical_temperate_polar","Transitional","Warmhouse",15,13,0.104399306532678,112,0.755210995276533,0.755210995276533
"percentile_latbin_OLS","q60","Combined","collection5_k2_tropical_temperate","Coldhouse","Warmhouse",11,14,-0.430429585730098,14,0.0003113199247985,0.0015565996239925
"percentile_latbin_OLS","q60","Combined","collection5_k2_tropical_temperate","Coldhouse","Hothouse",11,14,-0.636440859330426,14,0.0003113199247985,0.0015565996239925
"percentile_latbin_OLS","q60","Combined","collection5_k2_tropical_temperate","Coldhouse","Transitional",11,16,-0.508801318671963,21,0.000516220238384159,0.0017207341279472
"percentile_latbin_OLS","q60","Combined","collection5_k2_tropical_temperate","Coolhouse","Hothouse",11,14,-0.59655878916834,20,0.00099043263322892,0.0024760815830723
"percentile_latbin_OLS","q60","Combined","collection5_k2_tropical_temperate","Coolhouse","Warmhouse",11,14,-0.390547515568011,28,0.00396392573329724,0.00792785146659448
"percentile_latbin_OLS","q60","Combined","collection5_k2_tropical_temperate","Coolhouse","Transitional",11,16,-0.468919248509876,35,0.00478925892036562,0.00798209820060937
"percentile_latbin_OLS","q60","Combined","collection5_k2_tropical_temperate","Warmhouse","Hothouse",14,14,-0.206011273600329,68,0.0876360696056396,0.125194385150914
"percentile_latbin_OLS","q60","Combined","collection5_k2_tropical_temperate","Transitional","Hothouse",16,14,-0.127639540658463,82,0.110037029624009,0.137546287030011
"percentile_latbin_OLS","q60","Combined","collection5_k2_tropical_temperate","Coldhouse","Coolhouse",11,11,-0.0398820701620867,56,0.396406308316037,0.440451453684485
"percentile_latbin_OLS","q60","Combined","collection5_k2_tropical_temperate","Transitional","Warmhouse",16,14,0.0783717329418654,120,0.638086844436976,0.638086844436976
"percentile_latbin_OLS","q60","Combined","collection5_k2_tropical_temperate_polar","Coolhouse","Hothouse",7,7,-0.472460730769733,1,0.00164725693829129,0.0164725693829129
"percentile_latbin_OLS","q60","Combined","collection5_k2_tropical_temperate_polar","Coldhouse","Warmhouse",4,7,-0.43234326901512,1,0.00908150917393821,0.0268134171079026
"percentile_latbin_OLS","q60","Combined","collection5_k2_tropical_temperate_polar","Coldhouse","Hothouse",4,7,-0.72242260853376,0,0.0053667080514986,0.0268134171079026
"percentile_latbin_OLS","q60","Combined","collection5_k2_tropical_temperate_polar","Transitional","Hothouse",7,7,-0.283118779508239,6,0.010725366843161,0.0268134171079026
"percentile_latbin_OLS","q60","Combined","collection5_k2_tropical_temperate_polar","Coldhouse","Transitional",4,7,-0.439303829025521,3,0.0236104520017886,0.0337292171454123
"percentile_latbin_OLS","q60","Combined","collection5_k2_tropical_temperate_polar","Coolhouse","Warmhouse",7,7,-0.182381391251093,8,0.0204567764922484,0.0337292171454123
"percentile_latbin_OLS","q60","Combined","collection5_k2_tropical_temperate_polar","Warmhouse","Hothouse",7,7,-0.290079339518641,8,0.0204567764922484,0.0337292171454123
"percentile_latbin_OLS","q60","Combined","collection5_k2_tropical_temperate_polar","Coolhouse","Transitional",7,7,-0.189341951261494,11,0.0483487838088181,0.0604359797610226
"percentile_latbin_OLS","q60","Combined","collection5_k2_tropical_temperate_polar","Transitional","Warmhouse",7,7,0.00696056001040157,21,0.350739054433307,0.389710060481452
"percentile_latbin_OLS","q60","Combined","collection5_k2_tropical_temperate_polar","Coldhouse","Coolhouse",4,7,-0.249961877764027,14,0.537640481256615,0.537640481256615
"percentile_latbin_OLS","q60","Combined","collection5_k3_tropical_temperate","Coldhouse","Transitional",5,11,-0.571179849156343,3,0.00327479526897646,0.0186071119659702
"percentile_latbin_OLS","q60","Combined","collection5_k3_tropical_temperate","Coldhouse","Warmhouse",5,10,-0.391674686619141,3,0.00422920780231657,0.0186071119659702
"percentile_latbin_OLS","q60","Combined","collection5_k3_tropical_temperate","Coldhouse","Hothouse",5,6,-0.602886775341075,1,0.00685541503906661,0.0186071119659702
"percentile_latbin_OLS","q60","Combined","collection5_k3_tropical_temperate","Coolhouse","Transitional",8,11,-0.452242937443732,15,0.00930355598298511,0.0186071119659702
"percentile_latbin_OLS","q60","Combined","collection5_k3_tropical_temperate","Coolhouse","Warmhouse",8,10,-0.27273777490653,13,0.00927165645163009,0.0186071119659702
"percentile_latbin_OLS","q60","Combined","collection5_k3_tropical_temperate","Coolhouse","Hothouse",8,6,-0.483949863628465,6,0.0119342210822872,0.0198903684704786
"percentile_latbin_OLS","q60","Combined","collection5_k3_tropical_temperate","Warmhouse","Hothouse",10,6,-0.211212088721934,17,0.0875789612363255,0.125112801766179
"percentile_latbin_OLS","q60","Combined","collection5_k3_tropical_temperate","Coldhouse","Coolhouse",5,8,-0.11893691171261,15,0.255033763778767,0.318792204723459
"percentile_latbin_OLS","q60","Combined","collection5_k3_tropical_temperate","Transitional","Hothouse",11,6,-0.0317069261847324,27,0.29021018339796,0.322455759331067
"percentile_latbin_OLS","q60","Combined","collection5_k3_tropical_temperate","Transitional","Warmhouse",11,10,0.179505162537202,74,0.915146928863744,0.915146928863744
"percentile_latbin_OLS","q60","Combined","collection5_k3_tropical_temperate_polar","Coldhouse","Coolhouse",2,3,-0.258365911138164,0,0.0744573365893828,0.106367623699118
"percentile_latbin_OLS","q60","Combined","collection5_k3_tropical_temperate_polar","Coldhouse","Transitional",2,3,-0.439303829025521,0,0.0744573365893828,0.106367623699118
"percentile_latbin_OLS","q60","Combined","collection5_k3_tropical_temperate_polar","Coldhouse","Warmhouse",2,4,-0.488771491049739,0,0.0525962525600207,0.106367623699118
"percentile_latbin_OLS","q60","Combined","collection5_k3_tropical_temperate_polar","Coldhouse","Hothouse",2,5,-0.72242260853376,0,0.0406805646170377,0.106367623699118
"percentile_latbin_OLS","q60","Combined","collection5_k3_tropical_temperate_polar","Coolhouse","Warmhouse",3,4,-0.230405579911576,1,0.0558058841491461,0.106367623699118
"percentile_latbin_OLS","q60","Combined","collection5_k3_tropical_temperate_polar","Coolhouse","Hothouse",3,5,-0.464056697395596,0,0.0184442128535249,0.106367623699118
"percentile_latbin_OLS","q60","Combined","collection5_k3_tropical_temperate_polar","Transitional","Hothouse",3,5,-0.283118779508239,1,0.0368191350601513,0.106367623699118
"percentile_latbin_OLS","q60","Combined","collection5_k3_tropical_temperate_polar","Coolhouse","Transitional",3,3,-0.180937917887357,1,0.095215131912762,0.119018914890953
"percentile_latbin_OLS","q60","Combined","collection5_k3_tropical_temperate_polar","Warmhouse","Hothouse",4,5,-0.233651117484021,5,0.13517207032739,0.150191189252656
"percentile_latbin_OLS","q60","Combined","collection5_k3_tropical_temperate_polar","Transitional","Warmhouse",3,4,-0.0494676620242183,4,0.297941545282589,0.297941545282589
"percentile_latbin_OLS","q60","Combined","collection10_k1_tropical_temperate","Coldhouse","Hothouse",14,15,-0.942896770804189,24,0.000221282041129027,0.00221282041129027
"percentile_latbin_OLS","q60","Combined","collection10_k1_tropical_temperate","Coolhouse","Hothouse",23,15,-0.689635966100728,61,0.000458363060162303,0.00229181530081152
"percentile_latbin_OLS","q60","Combined","collection10_k1_tropical_temperate","Coldhouse","Warmhouse",14,15,-0.619535096927867,35,0.00120976089366108,0.0040325363122036
"percentile_latbin_OLS","q60","Combined","collection10_k1_tropical_temperate","Coldhouse","Transitional",14,18,-0.589005677746178,56,0.00414424115602785,0.00858792218664393
"percentile_latbin_OLS","q60","Combined","collection10_k1_tropical_temperate","Coolhouse","Warmhouse",23,15,-0.366274292224406,84,0.00429396109332196,0.00858792218664393
"percentile_latbin_OLS","q60","Combined","collection10_k1_tropical_temperate","Coolhouse","Transitional",23,18,-0.335744873042717,123,0.0141330259320596,0.0235550432200993
"percentile_latbin_OLS","q60","Combined","collection10_k1_tropical_temperate","Transitional","Hothouse",18,15,-0.35389109305801,100,0.106134571445986,0.151620816351409
"percentile_latbin_OLS","q60","Combined","collection10_k1_tropical_temperate","Warmhouse","Hothouse",15,15,-0.323361673876322,84,0.122742500601562,0.153428125751953
"percentile_latbin_OLS","q60","Combined","collection10_k1_tropical_temperate","Coldhouse","Coolhouse",14,23,-0.253260804703461,147,0.336231362910479,0.373590403233865
"percentile_latbin_OLS","q60","Combined","collection10_k1_tropical_temperate","Transitional","Warmhouse",18,15,-0.0305294191816886,129,0.421188899303165,0.421188899303165
"percentile_latbin_OLS","q60","Combined","collection10_k1_tropical_temperate_polar","Coolhouse","Hothouse",15,7,-0.791598239146642,2,0.000212111875027149,0.00212111875027149
"percentile_latbin_OLS","q60","Combined","collection10_k1_tropical_temperate_polar","Coldhouse","Hothouse",9,7,-0.735044612834416,7,0.00553582227659594,0.0184527409219865
"percentile_latbin_OLS","q60","Combined","collection10_k1_tropical_temperate_polar","Transitional","Hothouse",7,7,-0.54696326773651,4,0.00530167269106133,0.0184527409219865
"percentile_latbin_OLS","q60","Combined","collection10_k1_tropical_temperate_polar","Warmhouse","Hothouse",8,7,-0.468244057336985,8,0.012013835712721,0.0300345892818026
"percentile_latbin_OLS","q60","Combined","collection10_k1_tropical_temperate_polar","Coolhouse","Warmhouse",15,8,-0.323354181809657,30,0.0284409765396048,0.0568819530792097
"percentile_latbin_OLS","q60","Combined","collection10_k1_tropical_temperate_polar","Coolhouse","Transitional",15,7,-0.244634971410132,30,0.0604752622974468,0.100792103829078
"percentile_latbin_OLS","q60","Combined","collection10_k1_tropical_temperate_polar","Coldhouse","Warmhouse",9,8,-0.266800555497431,23,0.114524334715109,0.163606192450156
"percentile_latbin_OLS","q60","Combined","collection10_k1_tropical_temperate_polar","Coldhouse","Transitional",9,7,-0.188081345097905,23,0.198550572913125,0.248188216141407
"percentile_latbin_OLS","q60","Combined","collection10_k1_tropical_temperate_polar","Transitional","Warmhouse",7,8,-0.0787192103995257,22,0.262224860903042,0.291360956558936
"percentile_latbin_OLS","q60","Combined","collection10_k1_tropical_temperate_polar","Coldhouse","Coolhouse",9,15,0.0565536263122264,83,0.829972268248568,0.829972268248568
"percentile_latbin_OLS","q60","Combined","collection10_k2_tropical_temperate","Coldhouse","Warmhouse",7,13,-0.691159385555537,6,0.000999191472378936,0.0099764562902882
"percentile_latbin_OLS","q60","Combined","collection10_k2_tropical_temperate","Coldhouse","Hothouse",7,10,-0.793642481932604,5,0.00199529125805764,0.0099764562902882
"percentile_latbin_OLS","q60","Combined","collection10_k2_tropical_temperate","Coolhouse","Warmhouse",8,13,-0.390824013470188,16,0.00507122938988043,0.0126780734747011
"percentile_latbin_OLS","q60","Combined","collection10_k2_tropical_temperate","Coolhouse","Hothouse",8,10,-0.493307109847255,10,0.00438176461511242,0.0126780734747011
"percentile_latbin_OLS","q60","Combined","collection10_k2_tropical_temperate","Coldhouse","Transitional",7,13,-0.705489432548166,16,0.0107796518811041,0.0215593037622083
"percentile_latbin_OLS","q60","Combined","collection10_k2_tropical_temperate","Coolhouse","Transitional",8,13,-0.405154060462817,22,0.0163229994666193,0.0272049991110322
"percentile_latbin_OLS","q60","Combined","collection10_k2_tropical_temperate","Coldhouse","Coolhouse",7,8,-0.300335372085349,24,0.342721741338761,0.487615530516274
"percentile_latbin_OLS","q60","Combined","collection10_k2_tropical_temperate","Warmhouse","Hothouse",13,10,-0.102483096377067,60,0.390092424413019,0.487615530516274
"percentile_latbin_OLS","q60","Combined","collection10_k2_tropical_temperate","Transitional","Hothouse",13,10,-0.0881530493844377,63,0.462941432648897,0.514379369609886
"percentile_latbin_OLS","q60","Combined","collection10_k2_tropical_temperate","Transitional","Warmhouse",13,13,0.014330046992629,85,0.52044961485707,0.52044961485707
"percentile_latbin_OLS","q60","Combined","collection10_k2_tropical_temperate_polar","Coldhouse","Warmhouse",2,7,-0.446458087852428,1,0.0536732684969056,0.107346536993811
"percentile_latbin_OLS","q60","Combined","collection10_k2_tropical_temperate_polar","Coldhouse","Hothouse",2,4,-0.968704008483654,0,0.0525962525600207,0.107346536993811
"percentile_latbin_OLS","q60","Combined","collection10_k2_tropical_temperate_polar","Coolhouse","Hothouse",4,4,-0.607445719694809,0,0.0151914109882887,0.107346536993811
"percentile_latbin_OLS","q60","Combined","collection10_k2_tropical_temperate_polar","Transitional","Hothouse",3,4,-0.669265135699539,0,0.0259149636089548,0.107346536993811
"percentile_latbin_OLS","q60","Combined","collection10_k2_tropical_temperate_polar","Warmhouse","Hothouse",7,4,-0.522245920631226,4,0.0363004697249787,0.107346536993811
"percentile_latbin_OLS","q60","Combined","collection10_k2_tropical_temperate_polar","Coldhouse","Transitional",2,3,-0.299438872784115,0,0.0744573365893828,0.124095560982305
"percentile_latbin_OLS","q60","Combined","collection10_k2_tropical_temperate_polar","Transitional","Warmhouse",3,7,-0.147019215068313,6,0.180967383460596,0.258524833515137
"percentile_latbin_OLS","q60","Combined","collection10_k2_tropical_temperate_polar","Coldhouse","Coolhouse",2,4,-0.361258288788846,2,0.243726645182017,0.304658306477522
"percentile_latbin_OLS","q60","Combined","collection10_k2_tropical_temperate_polar","Coolhouse","Warmhouse",4,7,-0.0851997990635822,11,0.3183008162818,0.353667573646445
"percentile_latbin_OLS","q60","Combined","collection10_k2_tropical_temperate_polar","Coolhouse","Transitional",4,3,0.0618194160047307,7,0.702058454717411,0.702058454717411
"percentile_latbin_OLS","q60","Combined","collection10_k3_tropical_temperate","Coldhouse","Transitional",3,7,-0.626961040424174,2,0.0341237441890007,0.0920478376503783
"percentile_latbin_OLS","q60","Combined","collection10_k3_tropical_temperate","Coldhouse","Warmhouse",3,6,-0.987610339406112,1,0.0264037557080568,0.0920478376503783
"percentile_latbin_OLS","q60","Combined","collection10_k3_tropical_temperate","Coldhouse","Hothouse",3,5,-0.957759668206835,0,0.0184442128535249,0.0920478376503783
"percentile_latbin_OLS","q60","Combined","collection10_k3_tropical_temperate","Coolhouse","Hothouse",3,5,-0.519449919726907,1,0.0368191350601513,0.0920478376503783
"percentile_latbin_OLS","q60","Combined","collection10_k3_tropical_temperate","Coolhouse","Warmhouse",3,6,-0.549300590926184,3,0.077790173896099,0.155580347792198
"percentile_latbin_OLS","q60","Combined","collection10_k3_tropical_temperate","Coolhouse","Transitional",3,7,-0.188651291944245,5,0.127225291323168,0.21204215220528
"percentile_latbin_OLS","q60","Combined","collection10_k3_tropical_temperate","Coldhouse","Coolhouse",3,3,-0.438309748479929,3,0.331260291770029,0.368066990855588
"percentile_latbin_OLS","q60","Combined","collection10_k3_tropical_temperate","Transitional","Warmhouse",7,6,-0.360649298981939,17,0.308537538725987,0.368066990855588
"percentile_latbin_OLS","q60","Combined","collection10_k3_tropical_temperate","Transitional","Hothouse",7,5,-0.330798627782662,14,0.313058739958369,0.368066990855588
"percentile_latbin_OLS","q60","Combined","collection10_k3_tropical_temperate","Warmhouse","Hothouse",6,5,0.0298506711992769,17,0.675961565930427,0.675961565930427
"percentile_latbin_OLS","q60","Combined","collection10_k3_tropical_temperate_polar","Coolhouse","Hothouse",2,2,-0.561057287267976,0,0.122639058403386,0.367917175210159
"percentile_latbin_OLS","q60","Combined","collection10_k3_tropical_temperate_polar","Transitional","Hothouse",2,2,-0.614643462200631,0,0.122639058403386,0.367917175210159
"percentile_latbin_OLS","q60","Combined","collection10_k3_tropical_temperate_polar","Transitional","Warmhouse",2,3,-0.0949646334317556,2,0.386414996342224,0.579622494513336
"percentile_latbin_OLS","q60","Combined","collection10_k3_tropical_temperate_polar","Warmhouse","Hothouse",3,2,-0.519678828768875,2,0.386414996342224,0.579622494513336
"percentile_latbin_OLS","q60","Combined","collection10_k3_tropical_temperate_polar","Coolhouse","Warmhouse",2,3,-0.0413784584991009,3,0.613585003657776,0.736302004389331
"percentile_latbin_OLS","q60","Combined","collection10_k3_tropical_temperate_polar","Coolhouse","Transitional",2,2,0.0535861749326546,3,0.877360941596614,0.877360941596614
"percentile_latbin_OLS","q60","Combined","collection10_k3_tropical_temperate_polar","Coldhouse","Coolhouse",1,2,-0.519004248901888,NA,NA,NA
"percentile_latbin_OLS","q60","Combined","collection10_k3_tropical_temperate_polar","Coldhouse","Transitional",1,2,-0.465418073969233,NA,NA,NA
"percentile_latbin_OLS","q60","Combined","collection10_k3_tropical_temperate_polar","Coldhouse","Warmhouse",1,3,-0.560382707400989,NA,NA,NA
"percentile_latbin_OLS","q60","Combined","collection10_k3_tropical_temperate_polar","Coldhouse","Hothouse",1,2,-1.08006153616986,NA,NA,NA
"percentile_latbin_OLS","q60","Northern","occurrence5_k1_tropical_temperate","Coldhouse","Warmhouse",10,11,-0.45404736655391,9,0.000677630619070251,0.00677630619070251
"percentile_latbin_OLS","q60","Northern","occurrence5_k1_tropical_temperate","Coldhouse","Transitional",10,15,-0.519321995115344,21,0.00150044838564743,0.00750224192823717
"percentile_latbin_OLS","q60","Northern","occurrence5_k1_tropical_temperate","Coolhouse","Transitional",15,15,-0.436852592938514,49,0.00448601240640749,0.014953374688025
"percentile_latbin_OLS","q60","Northern","occurrence5_k1_tropical_temperate","Coolhouse","Warmhouse",15,11,-0.371577964377079,34,0.00636568213496175,0.0159142053374044
"percentile_latbin_OLS","q60","Northern","occurrence5_k1_tropical_temperate","Coldhouse","Hothouse",10,10,-0.382874379104925,29,0.0606122515064583,0.121224503012917
"percentile_latbin_OLS","q60","Northern","occurrence5_k1_tropical_temperate","Coldhouse","Coolhouse",10,15,-0.0824694021768305,62,0.244037046582624,0.348624352260891
"percentile_latbin_OLS","q60","Northern","occurrence5_k1_tropical_temperate","Coolhouse","Hothouse",15,10,-0.300404976928094,60,0.210607456314543,0.348624352260891
"percentile_latbin_OLS","q60","Northern","occurrence5_k1_tropical_temperate","Transitional","Warmhouse",15,11,0.0652746285614344,94,0.733291743263653,0.912929158392478
"percentile_latbin_OLS","q60","Northern","occurrence5_k1_tropical_temperate","Transitional","Hothouse",15,10,0.136447616010419,99,0.912929158392478,0.912929158392478
"percentile_latbin_OLS","q60","Northern","occurrence5_k1_tropical_temperate","Warmhouse","Hothouse",11,10,0.0711729874489851,72,0.891083885381364,0.912929158392478
"percentile_latbin_OLS","q60","Northern","occurrence5_k1_tropical_temperate_polar","Coldhouse","Transitional",7,12,-0.633911998247701,0,0.000226262566738465,0.00226262566738465
"percentile_latbin_OLS","q60","Northern","occurrence5_k1_tropical_temperate_polar","Coldhouse","Warmhouse",7,10,-0.489325325295491,1,0.000539135852838485,0.00269567926419243
"percentile_latbin_OLS","q60","Northern","occurrence5_k1_tropical_temperate_polar","Coldhouse","Hothouse",7,5,-0.433662019567439,0,0.00288306045711863,0.00961020152372877
"percentile_latbin_OLS","q60","Northern","occurrence5_k1_tropical_temperate_polar","Coolhouse","Transitional",10,12,-0.300898967527037,22,0.00670526857225547,0.0167631714306387
"percentile_latbin_OLS","q60","Northern","occurrence5_k1_tropical_temperate_polar","Coldhouse","Coolhouse",7,10,-0.333013030720664,10,0.00840230211954352,0.016804604239087
"percentile_latbin_OLS","q60","Northern","occurrence5_k1_tropical_temperate_polar","Coolhouse","Warmhouse",10,10,-0.156312294574828,31,0.080986205240063,0.134977008733438
"percentile_latbin_OLS","q60","Northern","occurrence5_k1_tropical_temperate_polar","Coolhouse","Hothouse",10,5,-0.100648988846775,18,0.212991558272459,0.304273654674942
"percentile_latbin_OLS","q60","Northern","occurrence5_k1_tropical_temperate_polar","Warmhouse","Hothouse",10,5,0.0556633057280526,27,0.620268567310033,0.775335709137541
"percentile_latbin_OLS","q60","Northern","occurrence5_k1_tropical_temperate_polar","Transitional","Warmhouse",12,10,0.14458667295221,82,0.931043270293745,0.931043270293745
"percentile_latbin_OLS","q60","Northern","occurrence5_k1_tropical_temperate_polar","Transitional","Hothouse",12,5,0.200249978680262,43,0.922635538257311,0.931043270293745
"percentile_latbin_OLS","q60","Northern","occurrence5_k2_tropical_temperate","Coldhouse","Transitional",7,13,-0.578746151186421,8,0.00168400557247058,0.0108936019570711
"percentile_latbin_OLS","q60","Northern","occurrence5_k2_tropical_temperate","Coldhouse","Warmhouse",7,8,-0.440367080222347,3,0.00228896117884281,0.0108936019570711
"percentile_latbin_OLS","q60","Northern","occurrence5_k2_tropical_temperate","Coldhouse","Hothouse",7,8,-0.405023699135206,4,0.00326808058712134,0.0108936019570711
"percentile_latbin_OLS","q60","Northern","occurrence5_k2_tropical_temperate","Coolhouse","Transitional",9,13,-0.287698621022408,22,0.00810816422375185,0.0202704105593796
"percentile_latbin_OLS","q60","Northern","occurrence5_k2_tropical_temperate","Coolhouse","Warmhouse",9,8,-0.149319550058334,21,0.0814682499223287,0.135780416537214
"percentile_latbin_OLS","q60","Northern","occurrence5_k2_tropical_temperate","Coolhouse","Hothouse",9,8,-0.113976168971193,21,0.0814682499223287,0.135780416537214
"percentile_latbin_OLS","q60","Northern","occurrence5_k2_tropical_temperate","Coldhouse","Coolhouse",7,9,-0.291047530164013,19,0.102004081810336,0.145720116871908
"percentile_latbin_OLS","q60","Northern","occurrence5_k2_tropical_temperate","Warmhouse","Hothouse",8,8,0.0353433810871408,32,0.520939036711129,0.651173795888911
"percentile_latbin_OLS","q60","Northern","occurrence5_k2_tropical_temperate","Transitional","Hothouse",13,8,0.173722452051215,65,0.835883497042735,0.928759441158595
"percentile_latbin_OLS","q60","Northern","occurrence5_k2_tropical_temperate","Transitional","Warmhouse",13,8,0.138379070964074,78,0.972517202228435,0.972517202228435
"percentile_latbin_OLS","q60","Northern","occurrence5_k2_tropical_temperate_polar","Coldhouse","Transitional",4,8,-0.483529356921968,0,0.00423740094607692,0.0419691073407661
"percentile_latbin_OLS","q60","Northern","occurrence5_k2_tropical_temperate_polar","Coldhouse","Warmhouse",4,6,-0.364104831031773,1,0.0125907322022298,0.0419691073407661
"percentile_latbin_OLS","q60","Northern","occurrence5_k2_tropical_temperate_polar","Coldhouse","Hothouse",4,5,-0.352137751286717,0,0.00998222665260803,0.0419691073407661
"percentile_latbin_OLS","q60","Northern","occurrence5_k2_tropical_temperate_polar","Coolhouse","Transitional",7,8,-0.252646692302934,10,0.0214218009140082,0.0535545022850205
"percentile_latbin_OLS","q60","Northern","occurrence5_k2_tropical_temperate_polar","Coolhouse","Hothouse",7,5,-0.121255086667683,9,0.0969382153710313,0.193876430742063
"percentile_latbin_OLS","q60","Northern","occurrence5_k2_tropical_temperate_polar","Coldhouse","Coolhouse",4,7,-0.230882664619034,8,0.149308837224405,0.213298338892007
"percentile_latbin_OLS","q60","Northern","occurrence5_k2_tropical_temperate_polar","Coolhouse","Warmhouse",7,6,-0.133222166412739,13,0.141988385875456,0.213298338892007
"percentile_latbin_OLS","q60","Northern","occurrence5_k2_tropical_temperate_polar","Warmhouse","Hothouse",6,5,0.0119670797450562,12,0.324038434069573,0.405048042586966
"percentile_latbin_OLS","q60","Northern","occurrence5_k2_tropical_temperate_polar","Transitional","Hothouse",8,5,0.131391605635251,25,0.789624078316534,0.877360087018371
"percentile_latbin_OLS","q60","Northern","occurrence5_k2_tropical_temperate_polar","Transitional","Warmhouse",8,6,0.119424525890195,37,0.959319435382962,0.959319435382962
"percentile_latbin_OLS","q60","Northern","occurrence5_k3_tropical_temperate","Coolhouse","Transitional",6,8,-0.638573769732374,1,0.00183780605887062,0.0183780605887062
"percentile_latbin_OLS","q60","Northern","occurrence5_k3_tropical_temperate","Coldhouse","Transitional",4,8,-0.477756115412889,0,0.00423740094607692,0.0211870047303846
"percentile_latbin_OLS","q60","Northern","occurrence5_k3_tropical_temperate","Coldhouse","Warmhouse",4,6,-0.307237594394945,1,0.0125907322022298,0.0314768305055746
"percentile_latbin_OLS","q60","Northern","occurrence5_k3_tropical_temperate","Coldhouse","Hothouse",4,5,-0.277506136732627,0,0.00998222665260803,0.0314768305055746
"percentile_latbin_OLS","q60","Northern","occurrence5_k3_tropical_temperate","Coolhouse","Hothouse",6,5,-0.438323791052111,3,0.0178818832954889,0.0357637665909779
"percentile_latbin_OLS","q60","Northern","occurrence5_k3_tropical_temperate","Coolhouse","Warmhouse",6,6,-0.468055248714429,5,0.0226637810389861,0.0377729683983101
"percentile_latbin_OLS","q60","Northern","occurrence5_k3_tropical_temperate","Warmhouse","Hothouse",6,5,0.0297314576623179,15,0.536367763237384,0.766239661767691
"percentile_latbin_OLS","q60","Northern","occurrence5_k3_tropical_temperate","Coldhouse","Coolhouse",4,6,0.160817654319485,14,0.702983829700479,0.878729787125599
"percentile_latbin_OLS","q60","Northern","occurrence5_k3_tropical_temperate","Transitional","Warmhouse",8,6,0.170518521017944,43,0.994089431081689,0.994089431081689
"percentile_latbin_OLS","q60","Northern","occurrence5_k3_tropical_temperate","Transitional","Hothouse",8,5,0.200249978680262,32,0.966361019730825,0.994089431081689
"percentile_latbin_OLS","q60","Northern","occurrence5_k3_tropical_temperate_polar","Coldhouse","Warmhouse",2,4,-0.289473216477683,0,0.0525962525600207,0.105192505120041
"percentile_latbin_OLS","q60","Northern","occurrence5_k3_tropical_temperate_polar","Coolhouse","Transitional",4,3,-0.604767325406836,0,0.0259149636089548,0.105192505120041
"percentile_latbin_OLS","q60","Northern","occurrence5_k3_tropical_temperate_polar","Coolhouse","Warmhouse",4,4,-0.450290870797168,1,0.030300984856003,0.105192505120041
"percentile_latbin_OLS","q60","Northern","occurrence5_k3_tropical_temperate_polar","Coolhouse","Hothouse",4,2,-0.606511351076611,0,0.0525962525600207,0.105192505120041
"percentile_latbin_OLS","q60","Northern","occurrence5_k3_tropical_temperate_polar","Warmhouse","Hothouse",4,2,-0.156220480279444,0,0.0525962525600207,0.105192505120041
"percentile_latbin_OLS","q60","Northern","occurrence5_k3_tropical_temperate_polar","Coldhouse","Transitional",2,3,-0.443949671087352,0,0.0744573365893828,0.124095560982305
"percentile_latbin_OLS","q60","Northern","occurrence5_k3_tropical_temperate_polar","Coldhouse","Hothouse",2,2,-0.445693696757127,0,0.122639058403386,0.175198654861981
"percentile_latbin_OLS","q60","Northern","occurrence5_k3_tropical_temperate_polar","Transitional","Hothouse",3,2,-0.00174402566977482,3,0.613585003657776,0.76698125457222
"percentile_latbin_OLS","q60","Northern","occurrence5_k3_tropical_temperate_polar","Coldhouse","Coolhouse",2,4,0.160817654319485,6,0.876420013394046,0.973800014882274
"percentile_latbin_OLS","q60","Northern","occurrence5_k3_tropical_temperate_polar","Transitional","Warmhouse",3,4,0.154476454609669,12,0.989221866619992,0.989221866619992
"percentile_latbin_OLS","q60","Northern","occurrence10_k1_tropical_temperate","Coldhouse","Transitional",10,14,-0.598556156773618,16,0.000866211185146913,0.00433105592573456
"percentile_latbin_OLS","q60","Northern","occurrence10_k1_tropical_temperate","Coldhouse","Warmhouse",10,10,-0.53490855087259,8,0.000853124684459799,0.00433105592573456
"percentile_latbin_OLS","q60","Northern","occurrence10_k1_tropical_temperate","Coolhouse","Transitional",15,14,-0.483277779359809,39,0.00212721030629413,0.00535077646240181
"percentile_latbin_OLS","q60","Northern","occurrence10_k1_tropical_temperate","Coolhouse","Warmhouse",15,10,-0.419630173458782,23,0.00214031058496072,0.00535077646240181
"percentile_latbin_OLS","q60","Northern","occurrence10_k1_tropical_temperate","Coldhouse","Hothouse",10,9,-0.546355797550984,19,0.0186682079603314,0.0373364159206629
"percentile_latbin_OLS","q60","Northern","occurrence10_k1_tropical_temperate","Coolhouse","Hothouse",15,9,-0.431077420137175,35,0.028188413622866,0.0469806893714433
"percentile_latbin_OLS","q60","Northern","occurrence10_k1_tropical_temperate","Coldhouse","Coolhouse",10,15,-0.115278377413808,63,0.26176768793614,0.373953839908772
"percentile_latbin_OLS","q60","Northern","occurrence10_k1_tropical_temperate","Transitional","Warmhouse",14,10,0.0636476059010273,69,0.488321834316831,0.610402292896038
"percentile_latbin_OLS","q60","Northern","occurrence10_k1_tropical_temperate","Transitional","Hothouse",14,9,0.0522003592226339,67,0.611592997922259,0.643348413060771
"percentile_latbin_OLS","q60","Northern","occurrence10_k1_tropical_temperate","Warmhouse","Hothouse",10,9,-0.0114472466783934,49,0.643348413060771,0.643348413060771
"percentile_latbin_OLS","q60","Northern","occurrence10_k1_tropical_temperate_polar","Coldhouse","Transitional",6,12,-0.581146095424202,0,0.000442283578152501,0.00442283578152501
"percentile_latbin_OLS","q60","Northern","occurrence10_k1_tropical_temperate_polar","Coldhouse","Warmhouse",6,9,-0.497743303821216,2,0.00194249239023341,0.00971246195116705
"percentile_latbin_OLS","q60","Northern","occurrence10_k1_tropical_temperate_polar","Coolhouse","Transitional",9,12,-0.351561101311363,20,0.00863891974688525,0.0287963991562842
"percentile_latbin_OLS","q60","Northern","occurrence10_k1_tropical_temperate_polar","Coldhouse","Coolhouse",6,9,-0.229584994112839,12,0.0437401669625986,0.0778313954406605
"percentile_latbin_OLS","q60","Northern","occurrence10_k1_tropical_temperate_polar","Coldhouse","Hothouse",6,4,-0.530524496120436,3,0.0349771792900052,0.0778313954406605
"percentile_latbin_OLS","q60","Northern","occurrence10_k1_tropical_temperate_polar","Coolhouse","Warmhouse",9,9,-0.268158309708377,21,0.0466988372643963,0.0778313954406605
"percentile_latbin_OLS","q60","Northern","occurrence10_k1_tropical_temperate_polar","Coolhouse","Hothouse",9,4,-0.300939502007597,11,0.157937239915245,0.22562462845035
"percentile_latbin_OLS","q60","Northern","occurrence10_k1_tropical_temperate_polar","Warmhouse","Hothouse",9,4,-0.0327811922992199,17,0.469251442389236,0.586564302986545
"percentile_latbin_OLS","q60","Northern","occurrence10_k1_tropical_temperate_polar","Transitional","Warmhouse",12,9,0.0834027916029858,64,0.772227453105335,0.818459138220785
"percentile_latbin_OLS","q60","Northern","occurrence10_k1_tropical_temperate_polar","Transitional","Hothouse",12,4,0.050621599303766,31,0.818459138220785,0.818459138220785
"percentile_latbin_OLS","q60","Northern","occurrence10_k2_tropical_temperate","Coldhouse","Transitional",7,12,-0.570343573881754,5,0.00101840074912785,0.00791735095414173
"percentile_latbin_OLS","q60","Northern","occurrence10_k2_tropical_temperate","Coldhouse","Warmhouse",7,8,-0.467080704959598,2,0.00158347019082835,0.00791735095414173
"percentile_latbin_OLS","q60","Northern","occurrence10_k2_tropical_temperate","Coldhouse","Hothouse",7,6,-0.519721974577989,2,0.00411048566034429,0.0121871710925149
"percentile_latbin_OLS","q60","Northern","occurrence10_k2_tropical_temperate","Coolhouse","Transitional",8,12,-0.469996305681713,14,0.00487486843700597,0.0121871710925149
"percentile_latbin_OLS","q60","Northern","occurrence10_k2_tropical_temperate","Coolhouse","Warmhouse",8,8,-0.366733436759557,11,0.015662065438945,0.0276333228823732
"percentile_latbin_OLS","q60","Northern","occurrence10_k2_tropical_temperate","Coolhouse","Hothouse",8,6,-0.419374706377947,7,0.0165799937294239,0.0276333228823732
"percentile_latbin_OLS","q60","Northern","occurrence10_k2_tropical_temperate","Coldhouse","Coolhouse",7,8,-0.100347268200042,19,0.162635489987106,0.232336414267295
"percentile_latbin_OLS","q60","Northern","occurrence10_k2_tropical_temperate","Warmhouse","Hothouse",8,6,-0.0526412696183902,20,0.325689223238196,0.407111529047746
"percentile_latbin_OLS","q60","Northern","occurrence10_k2_tropical_temperate","Transitional","Hothouse",12,6,0.050621599303766,37,0.555862732795434,0.617625258661594
"percentile_latbin_OLS","q60","Northern","occurrence10_k2_tropical_temperate","Transitional","Warmhouse",12,8,0.103262868922156,56,0.744020128867635,0.744020128867635
"percentile_latbin_OLS","q60","Northern","occurrence10_k2_tropical_temperate_polar","Coldhouse","Transitional",3,5,-0.475701612428942,0,0.0184442128535249,0.175244245400006
"percentile_latbin_OLS","q60","Northern","occurrence10_k2_tropical_temperate_polar","Coldhouse","Hothouse",3,2,-0.511108796044925,0,0.0744573365893828,0.175244245400006
"percentile_latbin_OLS","q60","Northern","occurrence10_k2_tropical_temperate_polar","Coolhouse","Transitional",5,5,-0.35434028096134,4,0.047346471299738,0.175244245400006
"percentile_latbin_OLS","q60","Northern","occurrence10_k2_tropical_temperate_polar","Coolhouse","Hothouse",5,2,-0.389747464577323,1,0.087622122700003,0.175244245400006
"percentile_latbin_OLS","q60","Northern","occurrence10_k2_tropical_temperate_polar","Warmhouse","Hothouse",4,2,-0.363870986249303,0,0.0525962525600207,0.175244245400006
"percentile_latbin_OLS","q60","Northern","occurrence10_k2_tropical_temperate_polar","Coldhouse","Warmhouse",3,4,-0.147237809795622,2,0.10796246947007,0.179937449116784
"percentile_latbin_OLS","q60","Northern","occurrence10_k2_tropical_temperate_polar","Coldhouse","Coolhouse",3,5,-0.121361331467602,4,0.185546684761349,0.265066692516213
"percentile_latbin_OLS","q60","Northern","occurrence10_k2_tropical_temperate_polar","Coolhouse","Warmhouse",5,4,-0.0258764783280198,9,0.45126162508884,0.501401805654266
"percentile_latbin_OLS","q60","Northern","occurrence10_k2_tropical_temperate_polar","Transitional","Hothouse",5,2,-0.0354071836159831,4,0.423225298438295,0.501401805654266
"percentile_latbin_OLS","q60","Northern","occurrence10_k2_tropical_temperate_polar","Transitional","Warmhouse",5,4,0.32846380263332,16,0.94432655673343,0.94432655673343
"percentile_latbin_OLS","q60","Northern","occurrence10_k3_tropical_temperate","Coldhouse","Transitional",4,8,-0.557657440927232,0,0.00423740094607692,0.0211870047303846
"percentile_latbin_OLS","q60","Northern","occurrence10_k3_tropical_temperate","Coolhouse","Transitional",5,8,-0.770597848400703,0,0.00215517924976753,0.0211870047303846
"percentile_latbin_OLS","q60","Northern","occurrence10_k3_tropical_temperate","Coolhouse","Hothouse",5,4,-0.77275977406979,0,0.00998222665260803,0.0332740888420268
"percentile_latbin_OLS","q60","Northern","occurrence10_k3_tropical_temperate","Coldhouse","Warmhouse",4,6,-0.418370134408204,2,0.0214128046154457,0.0356880076924095
"percentile_latbin_OLS","q60","Northern","occurrence10_k3_tropical_temperate","Coldhouse","Hothouse",4,4,-0.55981936659632,0,0.0151914109882887,0.0356880076924095
"percentile_latbin_OLS","q60","Northern","occurrence10_k3_tropical_temperate","Coolhouse","Warmhouse",5,6,-0.631310541881674,3,0.0178818832954889,0.0356880076924095
"percentile_latbin_OLS","q60","Northern","occurrence10_k3_tropical_temperate","Warmhouse","Hothouse",6,4,-0.141449232188116,7,0.168677825888181,0.240968322697401
"percentile_latbin_OLS","q60","Northern","occurrence10_k3_tropical_temperate","Coldhouse","Coolhouse",4,5,0.212940407473471,11,0.643348413060771,0.714831570067524
"percentile_latbin_OLS","q60","Northern","occurrence10_k3_tropical_temperate","Transitional","Hothouse",8,4,-0.0021619256690874,17,0.600546665178365,0.714831570067524
"percentile_latbin_OLS","q60","Northern","occurrence10_k3_tropical_temperate","Transitional","Warmhouse",8,6,0.139287306519029,34,0.912377877299997,0.912377877299997
"percentile_latbin_OLS","q60","Northern","occurrence10_k3_tropical_temperate_polar","Coldhouse","Transitional",2,3,-0.441365253985378,0,0.0744573365893828,0.223372009768148
"percentile_latbin_OLS","q60","Northern","occurrence10_k3_tropical_temperate_polar","Coolhouse","Transitional",2,3,-0.549586047059123,0,0.0744573365893828,0.223372009768148
"percentile_latbin_OLS","q60","Northern","occurrence10_k3_tropical_temperate_polar","Coolhouse","Warmhouse",2,2,-0.243584338881306,1,0.349267679151669,0.698535358303339
"percentile_latbin_OLS","q60","Northern","occurrence10_k3_tropical_temperate_polar","Coldhouse","Coolhouse",2,2,0.108220793073745,2,0.650732320848331,0.780878785017997
"percentile_latbin_OLS","q60","Northern","occurrence10_k3_tropical_temperate_polar","Coldhouse","Warmhouse",2,2,-0.135363545807561,2,0.650732320848331,0.780878785017997
"percentile_latbin_OLS","q60","Northern","occurrence10_k3_tropical_temperate_polar","Transitional","Warmhouse",3,2,0.306001708177817,5,0.925542663410617,0.925542663410617
"percentile_latbin_OLS","q60","Northern","occurrence10_k3_tropical_temperate_polar","Coldhouse","Hothouse",2,1,-0.404666448429707,NA,NA,NA
"percentile_latbin_OLS","q60","Northern","occurrence10_k3_tropical_temperate_polar","Coolhouse","Hothouse",2,1,-0.512887241503452,NA,NA,NA
"percentile_latbin_OLS","q60","Northern","occurrence10_k3_tropical_temperate_polar","Transitional","Hothouse",3,1,0.0366988055556713,NA,NA,NA
"percentile_latbin_OLS","q60","Northern","occurrence10_k3_tropical_temperate_polar","Warmhouse","Hothouse",2,1,-0.269302902622145,NA,NA,NA
"percentile_latbin_OLS","q60","Northern","collection5_k1_tropical_temperate","Coldhouse","Transitional",10,14,-0.698817883847338,6,0.000100331923324688,0.00100331923324688
"percentile_latbin_OLS","q60","Northern","collection5_k1_tropical_temperate","Coldhouse","Warmhouse",10,11,-0.513735456614008,7,0.000411636518364765,0.00205818259182382
"percentile_latbin_OLS","q60","Northern","collection5_k1_tropical_temperate","Coolhouse","Transitional",14,14,-0.615808507202795,33,0.00152019094877443,0.00506730316258143
"percentile_latbin_OLS","q60","Northern","collection5_k1_tropical_temperate","Coolhouse","Warmhouse",14,11,-0.430726079969464,32,0.0074223127040166,0.0185557817600415
"percentile_latbin_OLS","q60","Northern","collection5_k1_tropical_temperate","Coldhouse","Hothouse",10,9,-0.35695202894048,18,0.0152430784676317,0.0304861569352634
"percentile_latbin_OLS","q60","Northern","collection5_k1_tropical_temperate","Coolhouse","Hothouse",14,9,-0.273942652295937,43,0.109651324839659,0.182752208066099
"percentile_latbin_OLS","q60","Northern","collection5_k1_tropical_temperate","Coldhouse","Coolhouse",10,14,-0.0830093766445437,55,0.197931447313823,0.282759210448319
"percentile_latbin_OLS","q60","Northern","collection5_k1_tropical_temperate","Transitional","Warmhouse",14,11,0.185082427233331,94,0.830977590642301,0.958393226019562
"percentile_latbin_OLS","q60","Northern","collection5_k1_tropical_temperate","Transitional","Hothouse",14,9,0.341865854906858,90,0.958393226019562,0.958393226019562
"percentile_latbin_OLS","q60","Northern","collection5_k1_tropical_temperate","Warmhouse","Hothouse",11,9,0.156783427673527,65,0.887927422973899,0.958393226019562
"percentile_latbin_OLS","q60","Northern","collection5_k1_tropical_temperate_polar","Coldhouse","Transitional",7,10,-0.672444084691491,0,0.000380152921436306,0.00258243877401704
"percentile_latbin_OLS","q60","Northern","collection5_k1_tropical_temperate_polar","Coldhouse","Warmhouse",7,9,-0.507742098242846,0,0.000516487754803409,0.00258243877401704
"percentile_latbin_OLS","q60","Northern","collection5_k1_tropical_temperate_polar","Coldhouse","Hothouse",7,4,-0.543130185819652,0,0.0053667080514986,0.0134167701287465
"percentile_latbin_OLS","q60","Northern","collection5_k1_tropical_temperate_polar","Coolhouse","Transitional",10,10,-0.445472829561304,15,0.00455424819901548,0.0134167701287465
"percentile_latbin_OLS","q60","Northern","collection5_k1_tropical_temperate_polar","Coldhouse","Coolhouse",7,10,-0.226971255130187,16,0.0355048722706501,0.0659827913129755
"percentile_latbin_OLS","q60","Northern","collection5_k1_tropical_temperate_polar","Coolhouse","Warmhouse",10,9,-0.280770843112659,23,0.0395896747877853,0.0659827913129755
"percentile_latbin_OLS","q60","Northern","collection5_k1_tropical_temperate_polar","Coolhouse","Hothouse",10,4,-0.316158930689465,10,0.089554596363361,0.127935137661944
"percentile_latbin_OLS","q60","Northern","collection5_k1_tropical_temperate_polar","Warmhouse","Hothouse",9,4,-0.0353880875768062,17,0.469251442389236,0.586564302986545
"percentile_latbin_OLS","q60","Northern","collection5_k1_tropical_temperate_polar","Transitional","Warmhouse",10,9,0.164701986448645,61,0.911045202506509,0.911045202506509
"percentile_latbin_OLS","q60","Northern","collection5_k1_tropical_temperate_polar","Transitional","Hothouse",10,4,0.129313898871839,28,0.885334028804176,0.911045202506509
"percentile_latbin_OLS","q60","Northern","collection5_k2_tropical_temperate","Coldhouse","Transitional",6,12,-0.649050168667187,2,0.000851794838476953,0.00550935019347672
"percentile_latbin_OLS","q60","Northern","collection5_k2_tropical_temperate","Coldhouse","Warmhouse",6,8,-0.446350908894157,1,0.00183780605887062,0.00550935019347672
"percentile_latbin_OLS","q60","Northern","collection5_k2_tropical_temperate","Coolhouse","Transitional",6,12,-0.766836604393274,3,0.00116764867779432,0.00550935019347672
"percentile_latbin_OLS","q60","Northern","collection5_k2_tropical_temperate","Coolhouse","Warmhouse",6,8,-0.564137344620244,2,0.00275467509673836,0.00550935019347672
"percentile_latbin_OLS","q60","Northern","collection5_k2_tropical_temperate","Coolhouse","Hothouse",6,7,-0.624395321272133,1,0.0026704962625336,0.00550935019347672
"percentile_latbin_OLS","q60","Northern","collection5_k2_tropical_temperate","Coldhouse","Hothouse",6,7,-0.506608885546046,2,0.00411048566034429,0.00685080943390715
"percentile_latbin_OLS","q60","Northern","collection5_k2_tropical_temperate","Warmhouse","Hothouse",8,7,-0.0602579766518893,24,0.342721741338761,0.489602487626802
"percentile_latbin_OLS","q60","Northern","collection5_k2_tropical_temperate","Coldhouse","Coolhouse",6,6,0.117786435726086,22,0.764415000754972,0.849350000838858
"percentile_latbin_OLS","q60","Northern","collection5_k2_tropical_temperate","Transitional","Hothouse",12,7,0.142441283121141,50,0.763738836553473,0.849350000838858
"percentile_latbin_OLS","q60","Northern","collection5_k2_tropical_temperate","Transitional","Warmhouse",12,8,0.20269925977303,69,0.951418020223498,0.951418020223498
"percentile_latbin_OLS","q60","Northern","collection5_k2_tropical_temperate_polar","Coldhouse","Transitional",3,5,-0.4887915851157,0,0.0184442128535249,0.0827407246527418
"percentile_latbin_OLS","q60","Northern","collection5_k2_tropical_temperate_polar","Coldhouse","Warmhouse",3,4,-0.388798126124567,0,0.0259149636089548,0.0827407246527418
"percentile_latbin_OLS","q60","Northern","collection5_k2_tropical_temperate_polar","Coolhouse","Transitional",4,5,-0.608612534130347,2,0.0330962898610967,0.0827407246527418
"percentile_latbin_OLS","q60","Northern","collection5_k2_tropical_temperate_polar","Coolhouse","Warmhouse",4,4,-0.508619075139213,1,0.030300984856003,0.0827407246527418
"percentile_latbin_OLS","q60","Northern","collection5_k2_tropical_temperate_polar","Coolhouse","Hothouse",4,2,-0.701142624602155,0,0.0525962525600207,0.105192505120041
"percentile_latbin_OLS","q60","Northern","collection5_k2_tropical_temperate_polar","Coldhouse","Hothouse",3,2,-0.581321675587508,0,0.0744573365893828,0.124095560982305
"percentile_latbin_OLS","q60","Northern","collection5_k2_tropical_temperate_polar","Warmhouse","Hothouse",4,2,-0.192523549462942,1,0.123579986605954,0.176542838008505
"percentile_latbin_OLS","q60","Northern","collection5_k2_tropical_temperate_polar","Transitional","Hothouse",5,2,-0.0925300904718083,2,0.166460804032783,0.208076005040979
"percentile_latbin_OLS","q60","Northern","collection5_k2_tropical_temperate_polar","Transitional","Warmhouse",5,4,0.0999934589911335,12,0.72985431269629,0.810949236329211
"percentile_latbin_OLS","q60","Northern","collection5_k2_tropical_temperate_polar","Coldhouse","Coolhouse",3,4,0.119820949014647,9,0.89203753052993,0.89203753052993
"percentile_latbin_OLS","q60","Northern","collection5_k3_tropical_temperate","Coldhouse","Transitional",4,8,-0.67826044644993,0,0.00423740094607692,0.0211870047303846
"percentile_latbin_OLS","q60","Northern","collection5_k3_tropical_temperate","Coolhouse","Transitional",4,8,-0.801119021061556,0,0.00423740094607692,0.0211870047303846
"percentile_latbin_OLS","q60","Northern","collection5_k3_tropical_temperate","Coldhouse","Warmhouse",4,6,-0.394828639515418,0,0.00710701943454103,0.0236900647818034
"percentile_latbin_OLS","q60","Northern","collection5_k3_tropical_temperate","Coolhouse","Warmhouse",4,6,-0.517687214127044,1,0.0125907322022298,0.0314768305055746
"percentile_latbin_OLS","q60","Northern","collection5_k3_tropical_temperate","Coldhouse","Hothouse",4,3,-0.481341384665911,0,0.0259149636089548,0.0431916060149247
"percentile_latbin_OLS","q60","Northern","collection5_k3_tropical_temperate","Coolhouse","Hothouse",4,3,-0.604199959277537,0,0.0259149636089548,0.0431916060149247
"percentile_latbin_OLS","q60","Northern","collection5_k3_tropical_temperate","Warmhouse","Hothouse",6,3,-0.0865127451504933,6,0.259302508214363,0.370432154591947
"percentile_latbin_OLS","q60","Northern","collection5_k3_tropical_temperate","Coldhouse","Coolhouse",4,4,0.122858574611626,8,0.557383042763399,0.696728803454249
"percentile_latbin_OLS","q60","Northern","collection5_k3_tropical_temperate","Transitional","Warmhouse",8,6,0.283431806934512,46,0.998162193941129,0.998162193941129
"percentile_latbin_OLS","q60","Northern","collection5_k3_tropical_temperate","Transitional","Hothouse",8,3,0.196919061784019,21,0.973760250220377,0.998162193941129
"percentile_latbin_OLS","q60","Northern","collection5_k3_tropical_temperate_polar","Coldhouse","Warmhouse",2,2,-0.433494543481051,0,0.122639058403386,0.18395858760508
"percentile_latbin_OLS","q60","Northern","collection5_k3_tropical_temperate_polar","Coldhouse","Hothouse",2,2,-0.53183391949733,0,0.122639058403386,0.18395858760508
"percentile_latbin_OLS","q60","Northern","collection5_k3_tropical_temperate_polar","Warmhouse","Hothouse",2,2,-0.0983393760162785,1,0.349267679151669,0.349267679151669
"percentile_latbin_OLS","q60","Northern","collection5_k3_tropical_temperate_polar","Coldhouse","Coolhouse",2,1,-0.258365911138164,NA,NA,NA
"percentile_latbin_OLS","q60","Northern","collection5_k3_tropical_temperate_polar","Coldhouse","Transitional",2,1,-0.439303829025521,NA,NA,NA
"percentile_latbin_OLS","q60","Northern","collection5_k3_tropical_temperate_polar","Coolhouse","Transitional",1,1,-0.180937917887357,NA,NA,NA
"percentile_latbin_OLS","q60","Northern","collection5_k3_tropical_temperate_polar","Coolhouse","Warmhouse",1,2,-0.175128632342887,NA,NA,NA
"percentile_latbin_OLS","q60","Northern","collection5_k3_tropical_temperate_polar","Coolhouse","Hothouse",1,2,-0.273468008359166,NA,NA,NA
"percentile_latbin_OLS","q60","Northern","collection5_k3_tropical_temperate_polar","Transitional","Warmhouse",1,2,0.00580928554447022,NA,NA,NA
"percentile_latbin_OLS","q60","Northern","collection5_k3_tropical_temperate_polar","Transitional","Hothouse",1,2,-0.0925300904718083,NA,NA,NA
"percentile_latbin_OLS","q60","Northern","collection10_k1_tropical_temperate","Coldhouse","Transitional",8,11,-0.7377381773526,12,0.00464725834535827,0.0126404174016668
"percentile_latbin_OLS","q60","Northern","collection10_k1_tropical_temperate","Coldhouse","Warmhouse",8,9,-0.793426902878234,5,0.00166847025369904,0.0126404174016668
"percentile_latbin_OLS","q60","Northern","collection10_k1_tropical_temperate","Coldhouse","Hothouse",8,7,-0.611843530593771,5,0.00460889867352746,0.0126404174016668
"percentile_latbin_OLS","q60","Northern","collection10_k1_tropical_temperate","Coolhouse","Warmhouse",10,9,-0.674723752521523,13,0.00505616696066673,0.0126404174016668
"percentile_latbin_OLS","q60","Northern","collection10_k1_tropical_temperate","Coolhouse","Transitional",10,11,-0.619035026995889,20,0.00756156720153343,0.0151231344030669
"percentile_latbin_OLS","q60","Northern","collection10_k1_tropical_temperate","Coolhouse","Hothouse",10,7,-0.49314038023706,11,0.010913495019209,0.0181891583653484
"percentile_latbin_OLS","q60","Northern","collection10_k1_tropical_temperate","Coldhouse","Coolhouse",8,10,-0.118703150356711,35,0.344638843587476,0.492341205124965
"percentile_latbin_OLS","q60","Northern","collection10_k1_tropical_temperate","Transitional","Warmhouse",11,9,-0.0556887255256338,48,0.469720004017499,0.587150005021873
"percentile_latbin_OLS","q60","Northern","collection10_k1_tropical_temperate","Transitional","Hothouse",11,7,0.125894646758829,45,0.736948748254674,0.737320797766879
"percentile_latbin_OLS","q60","Northern","collection10_k1_tropical_temperate","Warmhouse","Hothouse",9,7,0.181583372284463,37,0.737320797766879,0.737320797766879
"percentile_latbin_OLS","q60","Northern","collection10_k1_tropical_temperate_polar","Coldhouse","Transitional",5,4,-0.357779220564548,2,0.0330962898610967,0.131490631400052
"percentile_latbin_OLS","q60","Northern","collection10_k1_tropical_temperate_polar","Coldhouse","Warmhouse",5,4,-0.325327946390507,1,0.0186682079603315,0.131490631400052
"percentile_latbin_OLS","q60","Northern","collection10_k1_tropical_temperate_polar","Coldhouse","Hothouse",5,2,-0.626340937886283,0,0.0406805646170377,0.131490631400052
"percentile_latbin_OLS","q60","Northern","collection10_k1_tropical_temperate_polar","Warmhouse","Hothouse",4,2,-0.301012991495776,0,0.0525962525600207,0.131490631400052
"percentile_latbin_OLS","q60","Northern","collection10_k1_tropical_temperate_polar","Coolhouse","Hothouse",7,2,-0.298909477976662,2,0.0938413862666982,0.187682772533396
"percentile_latbin_OLS","q60","Northern","collection10_k1_tropical_temperate_polar","Coldhouse","Coolhouse",5,7,-0.327431459909621,13,0.257975848179274,0.322469810224093
"percentile_latbin_OLS","q60","Northern","collection10_k1_tropical_temperate_polar","Coolhouse","Transitional",7,4,-0.0303477606549272,9,0.197545792452075,0.322469810224093
"percentile_latbin_OLS","q60","Northern","collection10_k1_tropical_temperate_polar","Transitional","Hothouse",4,2,-0.268561717321735,2,0.243726645182017,0.322469810224093
"percentile_latbin_OLS","q60","Northern","collection10_k1_tropical_temperate_polar","Coolhouse","Warmhouse",7,4,0.00210351351911353,11,0.3183008162818,0.353667573646445
"percentile_latbin_OLS","q60","Northern","collection10_k1_tropical_temperate_polar","Transitional","Warmhouse",4,4,0.0324512741740408,8,0.557383042763399,0.557383042763399
"percentile_latbin_OLS","q60","Northern","collection10_k2_tropical_temperate","Coldhouse","Transitional",6,9,-0.654800839204506,8,0.0146196191280495,0.0379168865802987
"percentile_latbin_OLS","q60","Northern","collection10_k2_tropical_temperate","Coldhouse","Warmhouse",6,8,-0.588310942231306,5,0.00846234423422658,0.0379168865802987
"percentile_latbin_OLS","q60","Northern","collection10_k2_tropical_temperate","Coldhouse","Hothouse",6,6,-0.465920411901396,5,0.0226637810389861,0.0379168865802987
"percentile_latbin_OLS","q60","Northern","collection10_k2_tropical_temperate","Coolhouse","Transitional",5,9,-0.88432070434088,7,0.0227501319481792,0.0379168865802987
"percentile_latbin_OLS","q60","Northern","collection10_k2_tropical_temperate","Coolhouse","Warmhouse",5,8,-0.817830807367679,5,0.0168944196918348,0.0379168865802987
"percentile_latbin_OLS","q60","Northern","collection10_k2_tropical_temperate","Coolhouse","Hothouse",5,6,-0.69544027703777,3,0.0178818832954889,0.0379168865802987
"percentile_latbin_OLS","q60","Northern","collection10_k2_tropical_temperate","Transitional","Warmhouse",9,8,0.0664898969732005,38,0.595052934785763,0.850075621122518
"percentile_latbin_OLS","q60","Northern","collection10_k2_tropical_temperate","Coldhouse","Coolhouse",6,5,0.229519865136373,19,0.79434310411187,0.868554831790076
"percentile_latbin_OLS","q60","Northern","collection10_k2_tropical_temperate","Transitional","Hothouse",9,6,0.18888042730311,36,0.868554831790076,0.868554831790076
"percentile_latbin_OLS","q60","Northern","collection10_k2_tropical_temperate","Warmhouse","Hothouse",8,6,0.12239053032991,29,0.761162488007048,0.868554831790076
"percentile_latbin_OLS","q60","Northern","collection10_k2_tropical_temperate_polar","Coldhouse","Transitional",2,2,-0.269047791919185,0,0.122639058403386,0.370739959817861
"percentile_latbin_OLS","q60","Northern","collection10_k2_tropical_temperate_polar","Coldhouse","Warmhouse",2,4,-0.236596517745144,1,0.123579986605954,0.370739959817861
"percentile_latbin_OLS","q60","Northern","collection10_k2_tropical_temperate_polar","Coolhouse","Transitional",2,2,-0.278204334754817,1,0.349267679151669,0.612720991286543
"percentile_latbin_OLS","q60","Northern","collection10_k2_tropical_temperate_polar","Coolhouse","Warmhouse",2,4,-0.245753060580776,3,0.408480660857696,0.612720991286543
"percentile_latbin_OLS","q60","Northern","collection10_k2_tropical_temperate_polar","Coldhouse","Coolhouse",2,2,0.00915654283563161,2,0.650732320848331,0.650732320848331
"percentile_latbin_OLS","q60","Northern","collection10_k2_tropical_temperate_polar","Transitional","Warmhouse",2,4,0.0324512741740408,4,0.591519339142304,0.650732320848331
"percentile_latbin_OLS","q60","Northern","collection10_k2_tropical_temperate_polar","Coldhouse","Hothouse",2,1,-0.563419966053856,NA,NA,NA
"percentile_latbin_OLS","q60","Northern","collection10_k2_tropical_temperate_polar","Coolhouse","Hothouse",2,1,-0.572576508889488,NA,NA,NA
"percentile_latbin_OLS","q60","Northern","collection10_k2_tropical_temperate_polar","Transitional","Hothouse",2,1,-0.294372174134671,NA,NA,NA
"percentile_latbin_OLS","q60","Northern","collection10_k2_tropical_temperate_polar","Warmhouse","Hothouse",4,1,-0.326823448308712,NA,NA,NA
"percentile_latbin_OLS","q60","Northern","collection10_k3_tropical_temperate","Coldhouse","Transitional",3,4,-1.11465497370423,0,0.0259149636089548,0.139514710372865
"percentile_latbin_OLS","q60","Northern","collection10_k3_tropical_temperate","Coldhouse","Warmhouse",3,4,-0.990340929763537,1,0.0558058841491461,0.139514710372865
"percentile_latbin_OLS","q60","Northern","collection10_k3_tropical_temperate","Coldhouse","Hothouse",3,3,-0.674777493740066,0,0.0404277991850261,0.139514710372865
"percentile_latbin_OLS","q60","Northern","collection10_k3_tropical_temperate","Coolhouse","Transitional",2,4,-1.01245398885365,0,0.0525962525600207,0.139514710372865
"percentile_latbin_OLS","q60","Northern","collection10_k3_tropical_temperate","Coolhouse","Hothouse",2,3,-0.572576508889488,0,0.0744573365893828,0.148914673178766
"percentile_latbin_OLS","q60","Northern","collection10_k3_tropical_temperate","Coolhouse","Warmhouse",2,4,-0.888139944912959,1,0.123579986605954,0.205966644343256
"percentile_latbin_OLS","q60","Northern","collection10_k3_tropical_temperate","Coldhouse","Coolhouse",3,2,-0.102200984850578,3,0.613585003657776,0.780064949686012
"percentile_latbin_OLS","q60","Northern","collection10_k3_tropical_temperate","Transitional","Warmhouse",4,4,0.124314043940695,9,0.667497228948985,0.780064949686012
"percentile_latbin_OLS","q60","Northern","collection10_k3_tropical_temperate","Warmhouse","Hothouse",4,3,0.315563436023471,7,0.702058454717411,0.780064949686012
"percentile_latbin_OLS","q60","Northern","collection10_k3_tropical_temperate","Transitional","Hothouse",4,3,0.439877479964166,9,0.89203753052993,0.89203753052993
"percentile_latbin_OLS","q60","Northern","collection10_k3_tropical_temperate_polar","Coldhouse","Coolhouse",1,1,-0.438309748479929,NA,NA,NA
"percentile_latbin_OLS","q60","Northern","collection10_k3_tropical_temperate_polar","Coldhouse","Transitional",1,1,-0.520039747468142,NA,NA,NA
"percentile_latbin_OLS","q60","Northern","collection10_k3_tropical_temperate_polar","Coldhouse","Warmhouse",1,2,-0.383566075640533,NA,NA,NA
"percentile_latbin_OLS","q60","Northern","collection10_k3_tropical_temperate_polar","Coldhouse","Hothouse",1,0,NA,NA,NA,NA
"percentile_latbin_OLS","q60","Northern","collection10_k3_tropical_temperate_polar","Coolhouse","Transitional",1,1,-0.0817299989882129,NA,NA,NA
"percentile_latbin_OLS","q60","Northern","collection10_k3_tropical_temperate_polar","Coolhouse","Warmhouse",1,2,0.0547436728393957,NA,NA,NA
"percentile_latbin_OLS","q60","Northern","collection10_k3_tropical_temperate_polar","Coolhouse","Hothouse",1,0,NA,NA,NA,NA
"percentile_latbin_OLS","q60","Northern","collection10_k3_tropical_temperate_polar","Transitional","Warmhouse",1,2,0.136473671827609,NA,NA,NA
"percentile_latbin_OLS","q60","Northern","collection10_k3_tropical_temperate_polar","Transitional","Hothouse",1,0,NA,NA,NA,NA
"percentile_latbin_OLS","q60","Northern","collection10_k3_tropical_temperate_polar","Warmhouse","Hothouse",2,0,NA,NA,NA,NA
"percentile_latbin_OLS","q60","Southern","occurrence5_k1_tropical_temperate","Coldhouse","Transitional",11,10,-0.101228587099693,37,0.108916114618636,0.27229028654659
"percentile_latbin_OLS","q60","Southern","occurrence5_k1_tropical_temperate","Coldhouse","Warmhouse",11,11,-0.219057759432518,39,0.0839527378263175,0.27229028654659
"percentile_latbin_OLS","q60","Southern","occurrence5_k1_tropical_temperate","Coldhouse","Hothouse",11,13,-0.333495012038883,43,0.0523777736823219,0.27229028654659
"percentile_latbin_OLS","q60","Southern","occurrence5_k1_tropical_temperate","Transitional","Hothouse",10,13,-0.23226642493919,42,0.0814490174588976,0.27229028654659
"percentile_latbin_OLS","q60","Southern","occurrence5_k1_tropical_temperate","Coldhouse","Coolhouse",11,16,-0.0257634257243341,75,0.26867352533007,0.298526139255633
"percentile_latbin_OLS","q60","Southern","occurrence5_k1_tropical_temperate","Coolhouse","Transitional",16,10,-0.0754651613753588,67,0.255009584216667,0.298526139255633
"percentile_latbin_OLS","q60","Southern","occurrence5_k1_tropical_temperate","Coolhouse","Warmhouse",16,11,-0.193294333708184,72,0.222174823605111,0.298526139255633
"percentile_latbin_OLS","q60","Southern","occurrence5_k1_tropical_temperate","Coolhouse","Hothouse",16,13,-0.307731586314549,80,0.151377548345748,0.298526139255633
"percentile_latbin_OLS","q60","Southern","occurrence5_k1_tropical_temperate","Warmhouse","Hothouse",11,13,-0.114437252606364,58,0.225672350853542,0.298526139255633
"percentile_latbin_OLS","q60","Southern","occurrence5_k1_tropical_temperate","Transitional","Warmhouse",10,11,-0.117829172332825,50,0.375667156278817,0.375667156278817
"percentile_latbin_OLS","q60","Southern","occurrence5_k1_tropical_temperate_polar","Coolhouse","Hothouse",13,9,-0.35143986409626,27,0.0192205660891611,0.192205660891611
"percentile_latbin_OLS","q60","Southern","occurrence5_k1_tropical_temperate_polar","Warmhouse","Hothouse",7,9,-0.114437252606364,15,0.0451687958698268,0.225843979349134
"percentile_latbin_OLS","q60","Southern","occurrence5_k1_tropical_temperate_polar","Transitional","Hothouse",7,9,-0.11386853852993,18,0.0844006123522711,0.28133537450757
"percentile_latbin_OLS","q60","Southern","occurrence5_k1_tropical_temperate_polar","Coldhouse","Hothouse",4,9,-0.24280105317021,11,0.157937239915245,0.31587447983049
"percentile_latbin_OLS","q60","Southern","occurrence5_k1_tropical_temperate_polar","Coolhouse","Transitional",13,7,-0.23757132556633,31,0.133628746577194,0.31587447983049
"percentile_latbin_OLS","q60","Southern","occurrence5_k1_tropical_temperate_polar","Coolhouse","Warmhouse",13,7,-0.237002611489896,39,0.317230526748,0.52871754458
"percentile_latbin_OLS","q60","Southern","occurrence5_k1_tropical_temperate_polar","Coldhouse","Transitional",4,7,-0.12893251464028,14,0.537640481256615,0.768057830366593
"percentile_latbin_OLS","q60","Southern","occurrence5_k1_tropical_temperate_polar","Coldhouse","Warmhouse",4,7,-0.128363800563846,16,0.6816991837182,0.820609314159628
"percentile_latbin_OLS","q60","Southern","occurrence5_k1_tropical_temperate_polar","Transitional","Warmhouse",7,7,0.000568714076433997,29,0.738548382743665,0.820609314159628
"percentile_latbin_OLS","q60","Southern","occurrence5_k1_tropical_temperate_polar","Coldhouse","Coolhouse",4,13,0.10863881092605,35,0.858961040471732,0.858961040471732
"percentile_latbin_OLS","q60","Southern","occurrence5_k2_tropical_temperate","Coldhouse","Hothouse",6,8,-0.42360243449942,0,0.00120732445687942,0.0120732445687942
"percentile_latbin_OLS","q60","Southern","occurrence5_k2_tropical_temperate","Transitional","Hothouse",4,8,-0.348120234170176,0,0.00423740094607692,0.0211870047303846
"percentile_latbin_OLS","q60","Southern","occurrence5_k2_tropical_temperate","Coldhouse","Warmhouse",6,6,-0.215139416864236,7,0.0463479012789063,0.106583169574888
"percentile_latbin_OLS","q60","Southern","occurrence5_k2_tropical_temperate","Coolhouse","Hothouse",8,8,-0.363569719013489,16,0.051780935588267,0.106583169574888
"percentile_latbin_OLS","q60","Southern","occurrence5_k2_tropical_temperate","Warmhouse","Hothouse",6,8,-0.208463017635183,11,0.0532915847874438,0.106583169574888
"percentile_latbin_OLS","q60","Southern","occurrence5_k2_tropical_temperate","Coldhouse","Coolhouse",6,8,-0.0600327154859306,16,0.166460804032783,0.210847282360226
"percentile_latbin_OLS","q60","Southern","occurrence5_k2_tropical_temperate","Coolhouse","Warmhouse",8,6,-0.155106701378306,16,0.166460804032783,0.210847282360226
"percentile_latbin_OLS","q60","Southern","occurrence5_k2_tropical_temperate","Transitional","Warmhouse",4,6,-0.139657216534993,7,0.168677825888181,0.210847282360226
"percentile_latbin_OLS","q60","Southern","occurrence5_k2_tropical_temperate","Coldhouse","Transitional",6,4,-0.0754822003292438,8,0.227772546894665,0.253080607660739
"percentile_latbin_OLS","q60","Southern","occurrence5_k2_tropical_temperate","Coolhouse","Transitional",8,4,-0.0154494848433132,16,0.533837813325833,0.533837813325833
"percentile_latbin_OLS","q60","Southern","occurrence5_k2_tropical_temperate_polar","Coolhouse","Hothouse",4,6,-0.313149385951419,3,0.0349771792900052,0.0699543585800103
"percentile_latbin_OLS","q60","Southern","occurrence5_k2_tropical_temperate_polar","Transitional","Hothouse",2,6,-0.299836889176176,0,0.0333765075848173,0.0699543585800103
"percentile_latbin_OLS","q60","Southern","occurrence5_k2_tropical_temperate_polar","Warmhouse","Hothouse",4,6,-0.158042684573113,3,0.0349771792900052,0.0699543585800103
"percentile_latbin_OLS","q60","Southern","occurrence5_k2_tropical_temperate_polar","Coolhouse","Warmhouse",4,4,-0.155106701378306,4,0.156160710838108,0.234241066257162
"percentile_latbin_OLS","q60","Southern","occurrence5_k2_tropical_temperate_polar","Transitional","Warmhouse",2,4,-0.141794204603063,2,0.243726645182017,0.292471974218421
"percentile_latbin_OLS","q60","Southern","occurrence5_k2_tropical_temperate_polar","Coolhouse","Transitional",4,2,-0.0133124967752425,4,0.591519339142304,0.591519339142304
"percentile_latbin_OLS","q60","Southern","occurrence5_k2_tropical_temperate_polar","Coldhouse","Coolhouse",1,4,-0.0786129418301643,NA,NA,NA
"percentile_latbin_OLS","q60","Southern","occurrence5_k2_tropical_temperate_polar","Coldhouse","Transitional",1,2,-0.0919254386054069,NA,NA,NA
"percentile_latbin_OLS","q60","Southern","occurrence5_k2_tropical_temperate_polar","Coldhouse","Warmhouse",1,4,-0.23371964320847,NA,NA,NA
"percentile_latbin_OLS","q60","Southern","occurrence5_k2_tropical_temperate_polar","Coldhouse","Hothouse",1,6,-0.391762327781583,NA,NA,NA
"percentile_latbin_OLS","q60","Southern","occurrence5_k3_tropical_temperate","Coolhouse","Hothouse",5,4,-0.533562629192983,2,0.0330962898610967,0.110320966203656
"percentile_latbin_OLS","q60","Southern","occurrence5_k3_tropical_temperate","Transitional","Hothouse",4,4,-0.421555350462128,0,0.0151914109882887,0.110320966203656
"percentile_latbin_OLS","q60","Southern","occurrence5_k3_tropical_temperate","Warmhouse","Hothouse",5,4,-0.296560017703087,2,0.0330962898610967,0.110320966203656
"percentile_latbin_OLS","q60","Southern","occurrence5_k3_tropical_temperate","Coldhouse","Hothouse",2,4,-0.497037550791372,0,0.0525962525600207,0.131490631400052
"percentile_latbin_OLS","q60","Southern","occurrence5_k3_tropical_temperate","Coolhouse","Warmhouse",5,5,-0.237002611489896,7,0.148134935742143,0.296269871484286
"percentile_latbin_OLS","q60","Southern","occurrence5_k3_tropical_temperate","Coldhouse","Transitional",2,4,-0.0754822003292438,2,0.243726645182017,0.350797397584111
"percentile_latbin_OLS","q60","Southern","occurrence5_k3_tropical_temperate","Coldhouse","Warmhouse",2,5,-0.200477533088285,3,0.280637918067289,0.350797397584111
"percentile_latbin_OLS","q60","Southern","occurrence5_k3_tropical_temperate","Transitional","Warmhouse",4,5,-0.124995332759041,7,0.27014568730371,0.350797397584111
"percentile_latbin_OLS","q60","Southern","occurrence5_k3_tropical_temperate","Coolhouse","Transitional",5,4,-0.112007278730855,8,0.356651586939229,0.396279541043588
"percentile_latbin_OLS","q60","Southern","occurrence5_k3_tropical_temperate","Coldhouse","Coolhouse",2,5,0.0365250784016114,6,0.719362081932711,0.719362081932711
"percentile_latbin_OLS","q60","Southern","occurrence5_k3_tropical_temperate_polar","Coolhouse","Warmhouse",3,3,-0.2663263790418,0,0.0404277991850261,0.105192505120041
"percentile_latbin_OLS","q60","Southern","occurrence5_k3_tropical_temperate_polar","Coolhouse","Hothouse",3,4,-0.533562629192983,0,0.0259149636089548,0.105192505120041
"percentile_latbin_OLS","q60","Southern","occurrence5_k3_tropical_temperate_polar","Transitional","Hothouse",2,4,-0.423692338530199,0,0.0525962525600207,0.105192505120041
"percentile_latbin_OLS","q60","Southern","occurrence5_k3_tropical_temperate_polar","Warmhouse","Hothouse",3,4,-0.267236250151184,2,0.10796246947007,0.161943704205105
"percentile_latbin_OLS","q60","Southern","occurrence5_k3_tropical_temperate_polar","Transitional","Warmhouse",2,3,-0.156456088379015,1,0.193238115385616,0.23188573846274
"percentile_latbin_OLS","q60","Southern","occurrence5_k3_tropical_temperate_polar","Coolhouse","Transitional",3,2,-0.109870290662785,2,0.386414996342224,0.386414996342224
"percentile_latbin_OLS","q60","Southern","occurrence5_k3_tropical_temperate_polar","Coldhouse","Coolhouse",1,3,0.0179448520573777,NA,NA,NA
"percentile_latbin_OLS","q60","Southern","occurrence5_k3_tropical_temperate_polar","Coldhouse","Transitional",1,2,-0.0919254386054069,NA,NA,NA
"percentile_latbin_OLS","q60","Southern","occurrence5_k3_tropical_temperate_polar","Coldhouse","Warmhouse",1,3,-0.248381526984422,NA,NA,NA
"percentile_latbin_OLS","q60","Southern","occurrence5_k3_tropical_temperate_polar","Coldhouse","Hothouse",1,4,-0.515617777135606,NA,NA,NA
"percentile_latbin_OLS","q60","Southern","occurrence10_k1_tropical_temperate","Coldhouse","Hothouse",10,12,-0.431526613521232,24,0.00962121846985397,0.0419691073407661
"percentile_latbin_OLS","q60","Southern","occurrence10_k1_tropical_temperate","Transitional","Hothouse",9,12,-0.41583280191131,22,0.0125907322022298,0.0419691073407661
"percentile_latbin_OLS","q60","Southern","occurrence10_k1_tropical_temperate","Warmhouse","Hothouse",10,12,-0.213630662489335,24,0.00962121846985397,0.0419691073407661
"percentile_latbin_OLS","q60","Southern","occurrence10_k1_tropical_temperate","Coolhouse","Hothouse",16,12,-0.403287919577838,58,0.0408510982524777,0.102127745631194
"percentile_latbin_OLS","q60","Southern","occurrence10_k1_tropical_temperate","Coldhouse","Warmhouse",10,10,-0.217895951031897,34,0.12066079650859,0.24132159301718
"percentile_latbin_OLS","q60","Southern","occurrence10_k1_tropical_temperate","Transitional","Warmhouse",9,10,-0.202202139421974,34,0.19563363964132,0.326056066068866
"percentile_latbin_OLS","q60","Southern","occurrence10_k1_tropical_temperate","Coolhouse","Warmhouse",16,10,-0.189657257088502,67,0.255009584216667,0.36429940602381
"percentile_latbin_OLS","q60","Southern","occurrence10_k1_tropical_temperate","Coldhouse","Transitional",10,9,-0.0156938116099225,38,0.297805449737865,0.372256812172331
"percentile_latbin_OLS","q60","Southern","occurrence10_k1_tropical_temperate","Coldhouse","Coolhouse",10,16,-0.0282386939433943,72,0.34631639202098,0.384795991134422
"percentile_latbin_OLS","q60","Southern","occurrence10_k1_tropical_temperate","Coolhouse","Transitional",16,9,0.0125448823334717,69,0.443723802590153,0.443723802590153
"percentile_latbin_OLS","q60","Southern","occurrence10_k1_tropical_temperate_polar","Warmhouse","Hothouse",6,8,-0.225515819590234,3,0.00406601094944092,0.0406601094944092
"percentile_latbin_OLS","q60","Southern","occurrence10_k1_tropical_temperate_polar","Coolhouse","Hothouse",12,8,-0.4537169496225,17,0.00930816017782372,0.0465408008891186
"percentile_latbin_OLS","q60","Southern","occurrence10_k1_tropical_temperate_polar","Transitional","Hothouse",6,8,-0.371479451430061,9,0.030607317477301,0.102024391591003
"percentile_latbin_OLS","q60","Southern","occurrence10_k1_tropical_temperate_polar","Coldhouse","Hothouse",4,8,-0.352122747164902,6,0.0533185289012817,0.133296322253204
"percentile_latbin_OLS","q60","Southern","occurrence10_k1_tropical_temperate_polar","Coolhouse","Transitional",12,6,-0.0822374981924386,27,0.212987555756803,0.425975111513605
"percentile_latbin_OLS","q60","Southern","occurrence10_k1_tropical_temperate_polar","Coolhouse","Warmhouse",12,6,-0.228201130032266,33,0.407435641949356,0.679059403248926
"percentile_latbin_OLS","q60","Southern","occurrence10_k1_tropical_temperate_polar","Coldhouse","Warmhouse",4,6,-0.126606927574668,12,0.542446982789747,0.77492426112821
"percentile_latbin_OLS","q60","Southern","occurrence10_k1_tropical_temperate_polar","Coldhouse","Transitional",4,6,0.0193567042651588,14,0.702983829700479,0.781093144111644
"percentile_latbin_OLS","q60","Southern","occurrence10_k1_tropical_temperate_polar","Transitional","Warmhouse",6,6,-0.145963631839827,20,0.65553972209777,0.781093144111644
"percentile_latbin_OLS","q60","Southern","occurrence10_k1_tropical_temperate_polar","Coldhouse","Coolhouse",4,12,0.101594202457597,32,0.848677157616427,0.848677157616427
"percentile_latbin_OLS","q60","Southern","occurrence10_k2_tropical_temperate","Coldhouse","Warmhouse",6,6,-0.231573454834854,2,0.00653261338221299,0.0236900647818034
"percentile_latbin_OLS","q60","Southern","occurrence10_k2_tropical_temperate","Coldhouse","Hothouse",6,6,-0.476476425488223,0,0.00253743404897013,0.0236900647818034
"percentile_latbin_OLS","q60","Southern","occurrence10_k2_tropical_temperate","Transitional","Hothouse",4,6,-0.431607088200165,0,0.00710701943454103,0.0236900647818034
"percentile_latbin_OLS","q60","Southern","occurrence10_k2_tropical_temperate","Transitional","Warmhouse",4,6,-0.186704117546796,2,0.0214128046154457,0.0535320115386142
"percentile_latbin_OLS","q60","Southern","occurrence10_k2_tropical_temperate","Warmhouse","Hothouse",6,6,-0.244902970653369,6,0.0327760805827513,0.0655521611655026
"percentile_latbin_OLS","q60","Southern","occurrence10_k2_tropical_temperate","Coldhouse","Coolhouse",6,7,-0.0454187846377808,13,0.141988385875456,0.236647309792426
"percentile_latbin_OLS","q60","Southern","occurrence10_k2_tropical_temperate","Coolhouse","Hothouse",7,6,-0.431057640850442,14,0.176555617253003,0.252222310361433
"percentile_latbin_OLS","q60","Southern","occurrence10_k2_tropical_temperate","Coolhouse","Warmhouse",7,6,-0.186154670197073,16,0.260158400253683,0.325198000317104
"percentile_latbin_OLS","q60","Southern","occurrence10_k2_tropical_temperate","Coldhouse","Transitional",6,4,-0.0448693372880573,9,0.297016170299521,0.330017966999468
"percentile_latbin_OLS","q60","Southern","occurrence10_k2_tropical_temperate","Coolhouse","Transitional",7,4,0.000549447349723453,17,0.745834213223927,0.745834213223927
"percentile_latbin_OLS","q60","Southern","occurrence10_k2_tropical_temperate_polar","Coolhouse","Hothouse",3,5,-0.479052880706568,0,0.0184442128535249,0.0553326385605748
"percentile_latbin_OLS","q60","Southern","occurrence10_k2_tropical_temperate_polar","Warmhouse","Hothouse",3,5,-0.256788127754267,0,0.0184442128535249,0.0553326385605748
"percentile_latbin_OLS","q60","Southern","occurrence10_k2_tropical_temperate_polar","Coolhouse","Warmhouse",3,3,-0.2222647529523,0,0.0404277991850261,0.0610208469255566
"percentile_latbin_OLS","q60","Southern","occurrence10_k2_tropical_temperate_polar","Transitional","Hothouse",2,5,-0.427025959851303,0,0.0406805646170377,0.0610208469255566
"percentile_latbin_OLS","q60","Southern","occurrence10_k2_tropical_temperate_polar","Transitional","Warmhouse",2,3,-0.170237832097036,0,0.0744573365893828,0.0893488039072594
"percentile_latbin_OLS","q60","Southern","occurrence10_k2_tropical_temperate_polar","Coolhouse","Transitional",3,2,-0.0520269208552641,2,0.386414996342224,0.386414996342224
"percentile_latbin_OLS","q60","Southern","occurrence10_k2_tropical_temperate_polar","Coldhouse","Coolhouse",1,3,-0.0312811670036052,NA,NA,NA
"percentile_latbin_OLS","q60","Southern","occurrence10_k2_tropical_temperate_polar","Coldhouse","Transitional",1,2,-0.0833080878588693,NA,NA,NA
"percentile_latbin_OLS","q60","Southern","occurrence10_k2_tropical_temperate_polar","Coldhouse","Warmhouse",1,3,-0.253545919955905,NA,NA,NA
"percentile_latbin_OLS","q60","Southern","occurrence10_k2_tropical_temperate_polar","Coldhouse","Hothouse",1,5,-0.510334047710173,NA,NA,NA
"percentile_latbin_OLS","q60","Southern","occurrence10_k3_tropical_temperate","Transitional","Hothouse",4,4,-0.575077961556213,0,0.0151914109882887,0.0455742329648662
"percentile_latbin_OLS","q60","Southern","occurrence10_k3_tropical_temperate","Warmhouse","Hothouse",5,4,-0.390123745375871,0,0.00998222665260803,0.0455742329648662
"percentile_latbin_OLS","q60","Southern","occurrence10_k3_tropical_temperate","Transitional","Warmhouse",4,5,-0.184954216180342,2,0.0330962898610967,0.0661925797221935
"percentile_latbin_OLS","q60","Southern","occurrence10_k3_tropical_temperate","Coolhouse","Hothouse",3,4,-0.708377177284121,2,0.10796246947007,0.161943704205105
"percentile_latbin_OLS","q60","Southern","occurrence10_k3_tropical_temperate","Coolhouse","Warmhouse",3,5,-0.31825343190825,5,0.275492493792547,0.330590992551056
"percentile_latbin_OLS","q60","Southern","occurrence10_k3_tropical_temperate","Coolhouse","Transitional",3,4,-0.133299215727908,5,0.429841897599333,0.429841897599333
"percentile_latbin_OLS","q60","Southern","occurrence10_k3_tropical_temperate","Coldhouse","Coolhouse",0,3,NA,NA,NA,NA
"percentile_latbin_OLS","q60","Southern","occurrence10_k3_tropical_temperate","Coldhouse","Transitional",0,4,NA,NA,NA,NA
"percentile_latbin_OLS","q60","Southern","occurrence10_k3_tropical_temperate","Coldhouse","Warmhouse",0,5,NA,NA,NA,NA
"percentile_latbin_OLS","q60","Southern","occurrence10_k3_tropical_temperate","Coldhouse","Hothouse",0,4,NA,NA,NA,NA
"percentile_latbin_OLS","q60","Southern","occurrence10_k3_tropical_temperate_polar","Transitional","Warmhouse",2,3,-0.170237832097036,0,0.0744573365893828,0.0744573365893828
"percentile_latbin_OLS","q60","Southern","occurrence10_k3_tropical_temperate_polar","Transitional","Hothouse",2,3,-0.427025959851303,0,0.0744573365893828,0.0744573365893828
"percentile_latbin_OLS","q60","Southern","occurrence10_k3_tropical_temperate_polar","Warmhouse","Hothouse",3,3,-0.256788127754267,0,0.0404277991850261,0.0744573365893828
"percentile_latbin_OLS","q60","Southern","occurrence10_k3_tropical_temperate_polar","Coldhouse","Coolhouse",0,1,NA,NA,NA,NA
"percentile_latbin_OLS","q60","Southern","occurrence10_k3_tropical_temperate_polar","Coldhouse","Transitional",0,2,NA,NA,NA,NA
"percentile_latbin_OLS","q60","Southern","occurrence10_k3_tropical_temperate_polar","Coldhouse","Warmhouse",0,3,NA,NA,NA,NA
"percentile_latbin_OLS","q60","Southern","occurrence10_k3_tropical_temperate_polar","Coldhouse","Hothouse",0,3,NA,NA,NA,NA
"percentile_latbin_OLS","q60","Southern","occurrence10_k3_tropical_temperate_polar","Coolhouse","Transitional",1,2,-0.151515402544122,NA,NA,NA
"percentile_latbin_OLS","q60","Southern","occurrence10_k3_tropical_temperate_polar","Coolhouse","Warmhouse",1,3,-0.321753234641158,NA,NA,NA
"percentile_latbin_OLS","q60","Southern","occurrence10_k3_tropical_temperate_polar","Coolhouse","Hothouse",1,3,-0.578541362395426,NA,NA,NA
"percentile_latbin_OLS","q60","Southern","collection5_k1_tropical_temperate","Coldhouse","Hothouse",10,10,-0.480101972926883,17,0.00700963855697998,0.0700963855697998
"percentile_latbin_OLS","q60","Southern","collection5_k1_tropical_temperate","Coldhouse","Warmhouse",10,8,-0.22705222032602,16,0.018397573585726,0.09198786792863
"percentile_latbin_OLS","q60","Southern","collection5_k1_tropical_temperate","Transitional","Hothouse",8,10,-0.364050503061007,21,0.050112052808869,0.167040176029563
"percentile_latbin_OLS","q60","Southern","collection5_k1_tropical_temperate","Coolhouse","Hothouse",16,10,-0.45297616697419,55,0.0983061824918164,0.196612364983633
"percentile_latbin_OLS","q60","Southern","collection5_k1_tropical_temperate","Warmhouse","Hothouse",8,10,-0.253049752600863,24,0.0842234891998567,0.196612364983633
"percentile_latbin_OLS","q60","Southern","collection5_k1_tropical_temperate","Coldhouse","Transitional",10,8,-0.116051469865876,29,0.175423025993314,0.267552149791774
"percentile_latbin_OLS","q60","Southern","collection5_k1_tropical_temperate","Coolhouse","Warmhouse",16,8,-0.199926414373328,49,0.187286504854242,0.267552149791774
"percentile_latbin_OLS","q60","Southern","collection5_k1_tropical_temperate","Coldhouse","Coolhouse",10,16,-0.0271258059526927,67,0.255009584216667,0.283343982462963
"percentile_latbin_OLS","q60","Southern","collection5_k1_tropical_temperate","Transitional","Warmhouse",8,8,-0.111000750460144,25,0.247418269056549,0.283343982462963
"percentile_latbin_OLS","q60","Southern","collection5_k1_tropical_temperate","Coolhouse","Transitional",16,8,-0.0889256639131831,62,0.463406278748354,0.463406278748354
"percentile_latbin_OLS","q60","Southern","collection5_k1_tropical_temperate_polar","Coolhouse","Hothouse",10,7,-0.443249884286266,6,0.00270695714397472,0.0270695714397472
"percentile_latbin_OLS","q60","Southern","collection5_k1_tropical_temperate_polar","Transitional","Hothouse",5,7,-0.411298088382903,4,0.0173777921798081,0.0868889608990404
"percentile_latbin_OLS","q60","Southern","collection5_k1_tropical_temperate_polar","Coldhouse","Hothouse",4,7,-0.298105630410404,6,0.0781878608798223,0.195469652199556
"percentile_latbin_OLS","q60","Southern","collection5_k1_tropical_temperate_polar","Warmhouse","Hothouse",4,7,-0.223760840924531,6,0.0781878608798223,0.195469652199556
"percentile_latbin_OLS","q60","Southern","collection5_k1_tropical_temperate_polar","Coolhouse","Warmhouse",10,4,-0.219489043361735,11,0.114665971195824,0.229331942391648
"percentile_latbin_OLS","q60","Southern","collection5_k1_tropical_temperate_polar","Coolhouse","Transitional",10,5,-0.0319517959033631,18,0.212991558272459,0.354985930454099
"percentile_latbin_OLS","q60","Southern","collection5_k1_tropical_temperate_polar","Transitional","Warmhouse",5,4,-0.187537247458372,8,0.356651586939229,0.509502267056041
"percentile_latbin_OLS","q60","Southern","collection5_k1_tropical_temperate_polar","Coldhouse","Warmhouse",4,4,-0.0743447894858731,7,0.442616957236601,0.553271196545751
"percentile_latbin_OLS","q60","Southern","collection5_k1_tropical_temperate_polar","Coldhouse","Coolhouse",4,10,0.145144253875862,31,0.948061921468457,0.948061921468457
"percentile_latbin_OLS","q60","Southern","collection5_k1_tropical_temperate_polar","Coldhouse","Transitional",4,5,0.113192457972499,14,0.86482792967261,0.948061921468457
"percentile_latbin_OLS","q60","Southern","collection5_k2_tropical_temperate","Coldhouse","Hothouse",5,7,-0.576074453444739,0,0.00288306045711863,0.0288306045711863
"percentile_latbin_OLS","q60","Southern","collection5_k2_tropical_temperate","Coldhouse","Warmhouse",5,6,-0.27725915137444,1,0.00685541503906661,0.0342770751953331
"percentile_latbin_OLS","q60","Southern","collection5_k2_tropical_temperate","Coolhouse","Hothouse",5,7,-0.551172664083222,3,0.0114951970462325,0.0383173234874415
"percentile_latbin_OLS","q60","Southern","collection5_k2_tropical_temperate","Coolhouse","Warmhouse",5,6,-0.252357362012923,6,0.0603454002637228,0.150863500659307
"percentile_latbin_OLS","q60","Southern","collection5_k2_tropical_temperate","Transitional","Hothouse",4,7,-0.473659850698878,7,0.109651324839659,0.187198865769817
"percentile_latbin_OLS","q60","Southern","collection5_k2_tropical_temperate","Warmhouse","Hothouse",6,7,-0.298815302070299,12,0.11231931946189,0.187198865769817
"percentile_latbin_OLS","q60","Southern","collection5_k2_tropical_temperate","Coldhouse","Coolhouse",5,5,-0.0249017893615172,8,0.201697652446314,0.224108502718127
"percentile_latbin_OLS","q60","Southern","collection5_k2_tropical_temperate","Coldhouse","Transitional",5,4,-0.102414602745861,6,0.19563363964132,0.224108502718127
"percentile_latbin_OLS","q60","Southern","collection5_k2_tropical_temperate","Transitional","Warmhouse",4,6,-0.174844548628579,7,0.168677825888181,0.224108502718127
"percentile_latbin_OLS","q60","Southern","collection5_k2_tropical_temperate","Coolhouse","Transitional",5,4,-0.0775128133843433,9,0.45126162508884,0.45126162508884
"percentile_latbin_OLS","q60","Southern","collection5_k2_tropical_temperate_polar","Coolhouse","Hothouse",3,5,-0.507366080734266,0,0.0184442128535249,0.11066527712115
"percentile_latbin_OLS","q60","Southern","collection5_k2_tropical_temperate_polar","Transitional","Hothouse",2,5,-0.429853267349923,0,0.0406805646170377,0.122041693851113
"percentile_latbin_OLS","q60","Southern","collection5_k2_tropical_temperate_polar","Coolhouse","Warmhouse",3,3,-0.218318209826013,1,0.095215131912762,0.190430263825524
"percentile_latbin_OLS","q60","Southern","collection5_k2_tropical_temperate_polar","Transitional","Warmhouse",2,3,-0.14080539644167,1,0.193238115385616,0.23188573846274
"percentile_latbin_OLS","q60","Southern","collection5_k2_tropical_temperate_polar","Warmhouse","Hothouse",3,5,-0.289047870908253,4,0.185546684761349,0.23188573846274
"percentile_latbin_OLS","q60","Southern","collection5_k2_tropical_temperate_polar","Coolhouse","Transitional",3,2,-0.0775128133843433,2,0.386414996342224,0.386414996342224
"percentile_latbin_OLS","q60","Southern","collection5_k2_tropical_temperate_polar","Coldhouse","Coolhouse",1,3,-0.0249017893615172,NA,NA,NA
"percentile_latbin_OLS","q60","Southern","collection5_k2_tropical_temperate_polar","Coldhouse","Transitional",1,2,-0.102414602745861,NA,NA,NA
"percentile_latbin_OLS","q60","Southern","collection5_k2_tropical_temperate_polar","Coldhouse","Warmhouse",1,3,-0.24321999918753,NA,NA,NA
"percentile_latbin_OLS","q60","Southern","collection5_k2_tropical_temperate_polar","Coldhouse","Hothouse",1,5,-0.532267870095783,NA,NA,NA
"percentile_latbin_OLS","q60","Southern","collection5_k3_tropical_temperate","Coolhouse","Warmhouse",4,4,-0.270902805338047,3,0.0969654261412053,0.129554963364084
"percentile_latbin_OLS","q60","Southern","collection5_k3_tropical_temperate","Coolhouse","Hothouse",4,3,-0.555716170040916,2,0.10796246947007,0.129554963364084
"percentile_latbin_OLS","q60","Southern","collection5_k3_tropical_temperate","Transitional","Warmhouse",3,4,-0.258090252257866,2,0.10796246947007,0.129554963364084
"percentile_latbin_OLS","q60","Southern","collection5_k3_tropical_temperate","Transitional","Hothouse",3,3,-0.542903616960735,0,0.0404277991850261,0.129554963364084
"percentile_latbin_OLS","q60","Southern","collection5_k3_tropical_temperate","Warmhouse","Hothouse",4,3,-0.284813364702869,2,0.10796246947007,0.129554963364084
"percentile_latbin_OLS","q60","Southern","collection5_k3_tropical_temperate","Coolhouse","Transitional",4,3,-0.0128125530801807,7,0.702058454717411,0.702058454717411
"percentile_latbin_OLS","q60","Southern","collection5_k3_tropical_temperate","Coldhouse","Coolhouse",1,4,0.0621616365811563,NA,NA,NA
"percentile_latbin_OLS","q60","Southern","collection5_k3_tropical_temperate","Coldhouse","Transitional",1,3,0.0493490835009755,NA,NA,NA
"percentile_latbin_OLS","q60","Southern","collection5_k3_tropical_temperate","Coldhouse","Warmhouse",1,4,-0.208741168756891,NA,NA,NA
"percentile_latbin_OLS","q60","Southern","collection5_k3_tropical_temperate","Coldhouse","Hothouse",1,3,-0.493554533459759,NA,NA,NA
"percentile_latbin_OLS","q60","Southern","collection5_k3_tropical_temperate_polar","Coolhouse","Hothouse",2,3,-0.555716170040916,0,0.0744573365893828,0.223372009768148
"percentile_latbin_OLS","q60","Southern","collection5_k3_tropical_temperate_polar","Transitional","Hothouse",2,3,-0.429853267349923,0,0.0744573365893828,0.223372009768148
"percentile_latbin_OLS","q60","Southern","collection5_k3_tropical_temperate_polar","Coolhouse","Warmhouse",2,2,-0.428511185991893,0,0.122639058403386,0.245278116806773
"percentile_latbin_OLS","q60","Southern","collection5_k3_tropical_temperate_polar","Coolhouse","Transitional",2,2,-0.125862902690993,1,0.349267679151669,0.386414996342224
"percentile_latbin_OLS","q60","Southern","collection5_k3_tropical_temperate_polar","Transitional","Warmhouse",2,2,-0.3026482833009,1,0.349267679151669,0.386414996342224
"percentile_latbin_OLS","q60","Southern","collection5_k3_tropical_temperate_polar","Warmhouse","Hothouse",2,3,-0.127204984049023,2,0.386414996342224,0.386414996342224
"percentile_latbin_OLS","q60","Southern","collection5_k3_tropical_temperate_polar","Coldhouse","Coolhouse",0,2,NA,NA,NA,NA
"percentile_latbin_OLS","q60","Southern","collection5_k3_tropical_temperate_polar","Coldhouse","Transitional",0,2,NA,NA,NA,NA
"percentile_latbin_OLS","q60","Southern","collection5_k3_tropical_temperate_polar","Coldhouse","Warmhouse",0,2,NA,NA,NA,NA
"percentile_latbin_OLS","q60","Southern","collection5_k3_tropical_temperate_polar","Coldhouse","Hothouse",0,3,NA,NA,NA,NA
"percentile_latbin_OLS","q60","Southern","collection10_k1_tropical_temperate","Coldhouse","Hothouse",6,8,-0.699249950353195,5,0.00846234423422658,0.0282078141140886
"percentile_latbin_OLS","q60","Southern","collection10_k1_tropical_temperate","Coolhouse","Hothouse",13,8,-0.760829409185521,18,0.00763118222734502,0.0282078141140886
"percentile_latbin_OLS","q60","Southern","collection10_k1_tropical_temperate","Warmhouse","Hothouse",6,8,-0.543671636459533,5,0.00846234423422658,0.0282078141140886
"percentile_latbin_OLS","q60","Southern","collection10_k1_tropical_temperate","Transitional","Hothouse",7,8,-0.56169361518665,8,0.012013835712721,0.0300345892818026
"percentile_latbin_OLS","q60","Southern","collection10_k1_tropical_temperate","Coolhouse","Warmhouse",13,6,-0.217157772725988,24,0.101733800228531,0.203467600457063
"percentile_latbin_OLS","q60","Southern","collection10_k1_tropical_temperate","Coldhouse","Warmhouse",6,6,-0.155578313893661,12,0.189238796622339,0.315397994370566
"percentile_latbin_OLS","q60","Southern","collection10_k1_tropical_temperate","Coolhouse","Transitional",13,7,-0.199135793998872,37,0.26305898433086,0.375798549044086
"percentile_latbin_OLS","q60","Southern","collection10_k1_tropical_temperate","Coldhouse","Transitional",6,7,-0.137556335166545,17,0.308537538725987,0.385671923407484
"percentile_latbin_OLS","q60","Southern","collection10_k1_tropical_temperate","Transitional","Warmhouse",7,6,-0.0180219787271167,18,0.360492430950835,0.400547145500928
"percentile_latbin_OLS","q60","Southern","collection10_k1_tropical_temperate","Coldhouse","Coolhouse",6,13,0.0615794588323269,41,0.586777994916314,0.586777994916314
"percentile_latbin_OLS","q60","Southern","collection10_k1_tropical_temperate_polar","Coolhouse","Hothouse",8,5,-1.09828073964456,0,0.00215517924976753,0.0215517924976753
"percentile_latbin_OLS","q60","Southern","collection10_k1_tropical_temperate_polar","Coolhouse","Warmhouse",8,4,-0.559135382623316,4,0.02539926036942,0.0846642012313999
"percentile_latbin_OLS","q60","Southern","collection10_k1_tropical_temperate_polar","Transitional","Hothouse",3,5,-0.764149506618429,0,0.0184442128535249,0.0846642012313999
"percentile_latbin_OLS","q60","Southern","collection10_k1_tropical_temperate_polar","Coldhouse","Hothouse",4,5,-0.551516631246171,4,0.0889547974934913,0.177909594986983
"percentile_latbin_OLS","q60","Southern","collection10_k1_tropical_temperate_polar","Warmhouse","Hothouse",4,5,-0.539145357021243,4,0.0889547974934913,0.177909594986983
"percentile_latbin_OLS","q60","Southern","collection10_k1_tropical_temperate_polar","Coolhouse","Transitional",8,3,-0.334131233026129,6,0.130786118006975,0.217976863344958
"percentile_latbin_OLS","q60","Southern","collection10_k1_tropical_temperate_polar","Transitional","Warmhouse",3,4,-0.225004149597186,3,0.188379558905791,0.269113655579702
"percentile_latbin_OLS","q60","Southern","collection10_k1_tropical_temperate_polar","Coldhouse","Warmhouse",4,4,-0.0123712742249287,8,0.557383042763399,0.696728803454249
"percentile_latbin_OLS","q60","Southern","collection10_k1_tropical_temperate_polar","Coldhouse","Coolhouse",4,8,0.546764108398387,28,0.983123888522022,0.983123888522022
"percentile_latbin_OLS","q60","Southern","collection10_k1_tropical_temperate_polar","Coldhouse","Transitional",4,3,0.212632875372257,9,0.89203753052993,0.983123888522022
"percentile_latbin_OLS","q60","Southern","collection10_k2_tropical_temperate","Coolhouse","Warmhouse",3,5,-0.206863600126201,2,0.0680185640570718,0.136037128114144
"percentile_latbin_OLS","q60","Southern","collection10_k2_tropical_temperate","Coolhouse","Hothouse",3,4,-0.681732771140641,0,0.0259149636089548,0.136037128114144
"percentile_latbin_OLS","q60","Southern","collection10_k2_tropical_temperate","Warmhouse","Hothouse",5,4,-0.474869171014439,3,0.0556734432665702,0.136037128114144
"percentile_latbin_OLS","q60","Southern","collection10_k2_tropical_temperate","Transitional","Hothouse",4,4,-0.669775935163574,4,0.156160710838108,0.234241066257162
"percentile_latbin_OLS","q60","Southern","collection10_k2_tropical_temperate","Transitional","Warmhouse",4,5,-0.194906764149135,7,0.27014568730371,0.324174824764452
"percentile_latbin_OLS","q60","Southern","collection10_k2_tropical_temperate","Coolhouse","Transitional",3,4,-0.0119568359770666,5,0.429841897599333,0.429841897599333
"percentile_latbin_OLS","q60","Southern","collection10_k2_tropical_temperate","Coldhouse","Coolhouse",1,3,-0.519684946225463,NA,NA,NA
"percentile_latbin_OLS","q60","Southern","collection10_k2_tropical_temperate","Coldhouse","Transitional",1,4,-0.53164178220253,NA,NA,NA
"percentile_latbin_OLS","q60","Southern","collection10_k2_tropical_temperate","Coldhouse","Warmhouse",1,5,-0.726548546351665,NA,NA,NA
"percentile_latbin_OLS","q60","Southern","collection10_k2_tropical_temperate","Coldhouse","Hothouse",1,4,-1.2014177173661,NA,NA,NA
"percentile_latbin_OLS","q60","Southern","collection10_k2_tropical_temperate_polar","Coolhouse","Warmhouse",2,3,-0.160475167699369,1,0.193238115385616,0.193238115385616
"percentile_latbin_OLS","q60","Southern","collection10_k2_tropical_temperate_polar","Coolhouse","Hothouse",2,3,-0.649053087235878,0,0.0744573365893828,0.193238115385616
"percentile_latbin_OLS","q60","Southern","collection10_k2_tropical_temperate_polar","Warmhouse","Hothouse",3,3,-0.488577919536509,2,0.191366544442613,0.193238115385616
"percentile_latbin_OLS","q60","Southern","collection10_k2_tropical_temperate_polar","Coldhouse","Coolhouse",0,2,NA,NA,NA,NA
"percentile_latbin_OLS","q60","Southern","collection10_k2_tropical_temperate_polar","Coldhouse","Transitional",0,1,NA,NA,NA,NA
"percentile_latbin_OLS","q60","Southern","collection10_k2_tropical_temperate_polar","Coldhouse","Warmhouse",0,3,NA,NA,NA,NA
"percentile_latbin_OLS","q60","Southern","collection10_k2_tropical_temperate_polar","Coldhouse","Hothouse",0,3,NA,NA,NA,NA
"percentile_latbin_OLS","q60","Southern","collection10_k2_tropical_temperate_polar","Coolhouse","Transitional",2,1,0.14251391642669,NA,NA,NA
"percentile_latbin_OLS","q60","Southern","collection10_k2_tropical_temperate_polar","Transitional","Warmhouse",1,3,-0.302989084126059,NA,NA,NA
"percentile_latbin_OLS","q60","Southern","collection10_k2_tropical_temperate_polar","Transitional","Hothouse",1,3,-0.791567003662568,NA,NA,NA
"percentile_latbin_OLS","q60","Southern","collection10_k3_tropical_temperate","Transitional","Warmhouse",3,2,-0.576813938935787,0,0.0744573365893828,0.111686004884074
"percentile_latbin_OLS","q60","Southern","collection10_k3_tropical_temperate","Transitional","Hothouse",3,2,-0.669265135699539,0,0.0744573365893828,0.111686004884074
"percentile_latbin_OLS","q60","Southern","collection10_k3_tropical_temperate","Warmhouse","Hothouse",2,2,-0.0924511967637519,2,0.650732320848331,0.650732320848331
"percentile_latbin_OLS","q60","Southern","collection10_k3_tropical_temperate","Coldhouse","Coolhouse",0,1,NA,NA,NA,NA
"percentile_latbin_OLS","q60","Southern","collection10_k3_tropical_temperate","Coldhouse","Transitional",0,3,NA,NA,NA,NA
"percentile_latbin_OLS","q60","Southern","collection10_k3_tropical_temperate","Coldhouse","Warmhouse",0,2,NA,NA,NA,NA
"percentile_latbin_OLS","q60","Southern","collection10_k3_tropical_temperate","Coldhouse","Hothouse",0,2,NA,NA,NA,NA
"percentile_latbin_OLS","q60","Southern","collection10_k3_tropical_temperate","Coolhouse","Transitional",1,3,0.188902348853522,NA,NA,NA
"percentile_latbin_OLS","q60","Southern","collection10_k3_tropical_temperate","Coolhouse","Warmhouse",1,2,-0.387911590082265,NA,NA,NA
"percentile_latbin_OLS","q60","Southern","collection10_k3_tropical_temperate","Coolhouse","Hothouse",1,2,-0.480362786846017,NA,NA,NA
"percentile_latbin_OLS","q60","Southern","collection10_k3_tropical_temperate_polar","Coldhouse","Coolhouse",0,1,NA,NA,NA,NA
"percentile_latbin_OLS","q60","Southern","collection10_k3_tropical_temperate_polar","Coldhouse","Transitional",0,1,NA,NA,NA,NA
"percentile_latbin_OLS","q60","Southern","collection10_k3_tropical_temperate_polar","Coldhouse","Warmhouse",0,1,NA,NA,NA,NA
"percentile_latbin_OLS","q60","Southern","collection10_k3_tropical_temperate_polar","Coldhouse","Hothouse",0,2,NA,NA,NA,NA
"percentile_latbin_OLS","q60","Southern","collection10_k3_tropical_temperate_polar","Coolhouse","Transitional",1,1,0.188902348853522,NA,NA,NA
"percentile_latbin_OLS","q60","Southern","collection10_k3_tropical_temperate_polar","Coolhouse","Warmhouse",1,1,-0.660388891100337,NA,NA,NA
"percentile_latbin_OLS","q60","Southern","collection10_k3_tropical_temperate_polar","Coolhouse","Hothouse",1,2,-0.480362786846017,NA,NA,NA
"percentile_latbin_OLS","q60","Southern","collection10_k3_tropical_temperate_polar","Transitional","Warmhouse",1,1,-0.849291239953859,NA,NA,NA
"percentile_latbin_OLS","q60","Southern","collection10_k3_tropical_temperate_polar","Transitional","Hothouse",1,2,-0.669265135699539,NA,NA,NA
"percentile_latbin_OLS","q60","Southern","collection10_k3_tropical_temperate_polar","Warmhouse","Hothouse",1,2,0.18002610425432,NA,NA,NA
"percentile_latbin_OLS","q75","Combined","occurrence5_k1_tropical_temperate","Coldhouse","Warmhouse",21,22,-0.563884944980107,92,0.000382632304328475,0.00382632304328475
"percentile_latbin_OLS","q75","Combined","occurrence5_k1_tropical_temperate","Coldhouse","Transitional",21,25,-0.46083808174888,121,0.000937235058494771,0.00468617529247386
"percentile_latbin_OLS","q75","Combined","occurrence5_k1_tropical_temperate","Coolhouse","Warmhouse",31,22,-0.294862679248452,188,0.00295458554809474,0.00984861849364914
"percentile_latbin_OLS","q75","Combined","occurrence5_k1_tropical_temperate","Coldhouse","Hothouse",21,23,-0.644575439261987,146,0.0128006526243176,0.0256013052486351
"percentile_latbin_OLS","q75","Combined","occurrence5_k1_tropical_temperate","Coolhouse","Transitional",31,25,-0.191815816017225,251,0.0124964338159554,0.0256013052486351
"percentile_latbin_OLS","q75","Combined","occurrence5_k1_tropical_temperate","Coolhouse","Hothouse",31,23,-0.375553173530331,254,0.0371885295171238,0.0619808825285397
"percentile_latbin_OLS","q75","Combined","occurrence5_k1_tropical_temperate","Coldhouse","Coolhouse",21,31,-0.269022265731655,256,0.0990818834173336,0.141545547739048
"percentile_latbin_OLS","q75","Combined","occurrence5_k1_tropical_temperate","Transitional","Warmhouse",25,22,-0.103046863231227,246,0.271719089281802,0.339648861602252
"percentile_latbin_OLS","q75","Combined","occurrence5_k1_tropical_temperate","Transitional","Hothouse",25,23,-0.183737357513107,264,0.317513161993891,0.352792402215434
"percentile_latbin_OLS","q75","Combined","occurrence5_k1_tropical_temperate","Warmhouse","Hothouse",22,23,-0.0806904942818791,261,0.576520179312835,0.576520179312835
"percentile_latbin_OLS","q75","Combined","occurrence5_k1_tropical_temperate_polar","Coldhouse","Transitional",11,19,-0.717174341581399,33,0.00112309348063372,0.00425270981458947
"percentile_latbin_OLS","q75","Combined","occurrence5_k1_tropical_temperate_polar","Coldhouse","Hothouse",11,14,-0.727369609770057,23,0.00170108392583579,0.00425270981458947
"percentile_latbin_OLS","q75","Combined","occurrence5_k1_tropical_temperate_polar","Coolhouse","Transitional",23,19,-0.336151681264282,100,0.0014321797168242,0.00425270981458947
"percentile_latbin_OLS","q75","Combined","occurrence5_k1_tropical_temperate_polar","Coolhouse","Hothouse",23,14,-0.34634694945294,66,0.00154122674545392,0.00425270981458947
"percentile_latbin_OLS","q75","Combined","occurrence5_k1_tropical_temperate_polar","Coldhouse","Warmhouse",11,17,-0.607003235205605,43,0.00933591065952593,0.0186718213190519
"percentile_latbin_OLS","q75","Combined","occurrence5_k1_tropical_temperate_polar","Coolhouse","Warmhouse",23,17,-0.225980574888488,127,0.0314105719324985,0.0523509532208308
"percentile_latbin_OLS","q75","Combined","occurrence5_k1_tropical_temperate_polar","Coldhouse","Coolhouse",11,23,-0.381022660317117,85,0.0656090145681975,0.0937271636688536
"percentile_latbin_OLS","q75","Combined","occurrence5_k1_tropical_temperate_polar","Warmhouse","Hothouse",17,14,-0.120366374564452,88,0.113010303571095,0.141262879463869
"percentile_latbin_OLS","q75","Combined","occurrence5_k1_tropical_temperate_polar","Transitional","Hothouse",19,14,-0.010195268188658,119,0.31144814511268,0.346053494569644
"percentile_latbin_OLS","q75","Combined","occurrence5_k1_tropical_temperate_polar","Transitional","Warmhouse",19,17,0.110171106375794,195,0.859343905664712,0.859343905664712
"percentile_latbin_OLS","q75","Combined","occurrence5_k2_tropical_temperate","Coldhouse","Hothouse",13,16,-0.712257237661743,16,6.22405870758827e-05,0.000622405870758827
"percentile_latbin_OLS","q75","Combined","occurrence5_k2_tropical_temperate","Coldhouse","Transitional",13,17,-0.465200101949307,23,0.000135736567815605,0.000678682839078024
"percentile_latbin_OLS","q75","Combined","occurrence5_k2_tropical_temperate","Coldhouse","Warmhouse",13,14,-0.543447540564298,20,0.000311848647204593,0.00103949549068198
"percentile_latbin_OLS","q75","Combined","occurrence5_k2_tropical_temperate","Coolhouse","Hothouse",17,16,-0.397973804087625,68,0.00751866438150997,0.0187966609537749
"percentile_latbin_OLS","q75","Combined","occurrence5_k2_tropical_temperate","Coldhouse","Coolhouse",13,17,-0.314283433574118,63,0.0245897420545892,0.0451735000635645
"percentile_latbin_OLS","q75","Combined","occurrence5_k2_tropical_temperate","Coolhouse","Warmhouse",17,14,-0.22916410699018,70,0.0271041000381387,0.0451735000635645
"percentile_latbin_OLS","q75","Combined","occurrence5_k2_tropical_temperate","Coolhouse","Transitional",17,17,-0.150916668375189,92,0.0366415396833133,0.0523450566904476
"percentile_latbin_OLS","q75","Combined","occurrence5_k2_tropical_temperate","Transitional","Hothouse",17,16,-0.247057135712436,98,0.0883763016787674,0.110470377098459
"percentile_latbin_OLS","q75","Combined","occurrence5_k2_tropical_temperate","Warmhouse","Hothouse",14,16,-0.168809697097445,87,0.154225314521332,0.171361460579258
"percentile_latbin_OLS","q75","Combined","occurrence5_k2_tropical_temperate","Transitional","Warmhouse",17,14,-0.0782474386149907,121,0.539524364715308,0.539524364715308
"percentile_latbin_OLS","q75","Combined","occurrence5_k2_tropical_temperate_polar","Coldhouse","Transitional",5,10,-0.671342159712386,1,0.0020000715903473,0.0115570168560998
"percentile_latbin_OLS","q75","Combined","occurrence5_k2_tropical_temperate_polar","Coldhouse","Hothouse",5,11,-0.810180356406667,2,0.00231140337121997,0.0115570168560998
"percentile_latbin_OLS","q75","Combined","occurrence5_k2_tropical_temperate_polar","Coolhouse","Hothouse",11,11,-0.342332981996428,21,0.00521953794999296,0.0173984598333099
"percentile_latbin_OLS","q75","Combined","occurrence5_k2_tropical_temperate_polar","Coldhouse","Warmhouse",5,10,-0.63953339738194,5,0.00846435324304378,0.0211608831076094
"percentile_latbin_OLS","q75","Combined","occurrence5_k2_tropical_temperate_polar","Coolhouse","Transitional",11,10,-0.203494785302147,25,0.0188856744757083,0.0377713489514166
"percentile_latbin_OLS","q75","Combined","occurrence5_k2_tropical_temperate_polar","Coldhouse","Coolhouse",5,11,-0.467847374410239,11,0.0349458591257742,0.058243098542957
"percentile_latbin_OLS","q75","Combined","occurrence5_k2_tropical_temperate_polar","Coolhouse","Warmhouse",11,10,-0.171686022971701,32,0.0565511019335878,0.080787288476554
"percentile_latbin_OLS","q75","Combined","occurrence5_k2_tropical_temperate_polar","Warmhouse","Hothouse",10,11,-0.170646959024727,37,0.108916114618636,0.136145143273295
"percentile_latbin_OLS","q75","Combined","occurrence5_k2_tropical_temperate_polar","Transitional","Hothouse",10,11,-0.138838196694281,42,0.189369125943265,0.210410139936961
"percentile_latbin_OLS","q75","Combined","occurrence5_k2_tropical_temperate_polar","Transitional","Warmhouse",10,10,0.031808762330446,59,0.763662203244206,0.763662203244206
"percentile_latbin_OLS","q75","Combined","occurrence5_k3_tropical_temperate","Coldhouse","Transitional",6,12,-0.334482598865728,5,0.00214111500380048,0.00623700745887319
"percentile_latbin_OLS","q75","Combined","occurrence5_k3_tropical_temperate","Coldhouse","Warmhouse",6,11,-0.348938934934476,5,0.0028561546846913,0.00623700745887319
"percentile_latbin_OLS","q75","Combined","occurrence5_k3_tropical_temperate","Coldhouse","Hothouse",6,9,-0.473320795560009,3,0.00280710677418267,0.00623700745887319
"percentile_latbin_OLS","q75","Combined","occurrence5_k3_tropical_temperate","Coolhouse","Transitional",11,12,-0.274596024675193,21,0.0030833279820138,0.00623700745887319
"percentile_latbin_OLS","q75","Combined","occurrence5_k3_tropical_temperate","Coolhouse","Hothouse",11,9,-0.413434221369474,13,0.0031185037294366,0.00623700745887319
"percentile_latbin_OLS","q75","Combined","occurrence5_k3_tropical_temperate","Coolhouse","Warmhouse",11,11,-0.289052360743941,21,0.00521953794999296,0.00869922991665493
"percentile_latbin_OLS","q75","Combined","occurrence5_k3_tropical_temperate","Warmhouse","Hothouse",11,9,-0.124381860625533,36,0.161660004566958,0.230942863667082
"percentile_latbin_OLS","q75","Combined","occurrence5_k3_tropical_temperate","Coldhouse","Coolhouse",6,11,-0.0598865741905348,28,0.325538317038917,0.406922896298647
"percentile_latbin_OLS","q75","Combined","occurrence5_k3_tropical_temperate","Transitional","Hothouse",12,9,-0.138838196694281,49,0.374559566500298,0.416177296111442
"percentile_latbin_OLS","q75","Combined","occurrence5_k3_tropical_temperate","Transitional","Warmhouse",12,11,-0.014456336068748,78,0.7791488561047,0.7791488561047
"percentile_latbin_OLS","q75","Combined","occurrence5_k3_tropical_temperate_polar","Coolhouse","Hothouse",7,6,-0.570526336840702,0,0.00170261791064738,0.0170261791064738
"percentile_latbin_OLS","q75","Combined","occurrence5_k3_tropical_temperate_polar","Coolhouse","Warmhouse",7,7,-0.289052360743941,3,0.00364517904576782,0.0182258952288391
"percentile_latbin_OLS","q75","Combined","occurrence5_k3_tropical_temperate_polar","Coolhouse","Transitional",7,5,-0.222017907748235,2,0.00742546894368245,0.0247515631456082
"percentile_latbin_OLS","q75","Combined","occurrence5_k3_tropical_temperate_polar","Coldhouse","Warmhouse",3,7,-0.478729133573962,0,0.0113272470400447,0.0281858021479074
"percentile_latbin_OLS","q75","Combined","occurrence5_k3_tropical_temperate_polar","Coldhouse","Hothouse",3,6,-0.760203109670722,0,0.0140929010739537,0.0281858021479074
"percentile_latbin_OLS","q75","Combined","occurrence5_k3_tropical_temperate_polar","Coldhouse","Transitional",3,5,-0.411694680578256,0,0.0184442128535249,0.0307403547558749
"percentile_latbin_OLS","q75","Combined","occurrence5_k3_tropical_temperate_polar","Warmhouse","Hothouse",7,6,-0.281473976096761,9,0.0502062469930514,0.0717232099900735
"percentile_latbin_OLS","q75","Combined","occurrence5_k3_tropical_temperate_polar","Transitional","Hothouse",5,6,-0.348508429092467,8,0.117666633254793,0.147083291568491
"percentile_latbin_OLS","q75","Combined","occurrence5_k3_tropical_temperate_polar","Coldhouse","Coolhouse",3,7,-0.189676772830021,9,0.409853768914894,0.455393076572105
"percentile_latbin_OLS","q75","Combined","occurrence5_k3_tropical_temperate_polar","Transitional","Warmhouse",5,7,-0.067034452995706,18,0.564504402601268,0.564504402601268
"percentile_latbin_OLS","q75","Combined","occurrence10_k1_tropical_temperate","Coldhouse","Warmhouse",20,20,-0.601714267804477,78,0.000507049342608022,0.00349518660302888
"percentile_latbin_OLS","q75","Combined","occurrence10_k1_tropical_temperate","Coldhouse","Hothouse",20,21,-0.777464968225973,87,0.000699037320605775,0.00349518660302888
"percentile_latbin_OLS","q75","Combined","occurrence10_k1_tropical_temperate","Coldhouse","Transitional",20,23,-0.437294366670238,111,0.00195467837336979,0.00488669593342448
"percentile_latbin_OLS","q75","Combined","occurrence10_k1_tropical_temperate","Coolhouse","Hothouse",31,21,-0.494876157398416,169,0.00181126192654995,0.00488669593342448
"percentile_latbin_OLS","q75","Combined","occurrence10_k1_tropical_temperate","Coolhouse","Warmhouse",31,20,-0.31912545697692,179,0.00590622940571612,0.0118124588114322
"percentile_latbin_OLS","q75","Combined","occurrence10_k1_tropical_temperate","Transitional","Hothouse",23,21,-0.340170601555735,145,0.0120445998002247,0.0200743330003746
"percentile_latbin_OLS","q75","Combined","occurrence10_k1_tropical_temperate","Coolhouse","Transitional",31,23,-0.154705555842681,247,0.0282772647842141,0.0403960925488773
"percentile_latbin_OLS","q75","Combined","occurrence10_k1_tropical_temperate","Warmhouse","Hothouse",20,21,-0.175750700421496,162,0.107691959266762,0.134614949083453
"percentile_latbin_OLS","q75","Combined","occurrence10_k1_tropical_temperate","Coldhouse","Coolhouse",20,31,-0.282588810827557,250,0.125501641422537,0.139446268247263
"percentile_latbin_OLS","q75","Combined","occurrence10_k1_tropical_temperate","Transitional","Warmhouse",23,20,-0.164419901134239,189,0.162031196472362,0.162031196472362
"percentile_latbin_OLS","q75","Combined","occurrence10_k1_tropical_temperate_polar","Coolhouse","Hothouse",21,12,-0.485440996886455,41,0.000782552327387685,0.00782552327387685
"percentile_latbin_OLS","q75","Combined","occurrence10_k1_tropical_temperate_polar","Coldhouse","Hothouse",10,12,-0.769237222834841,15,0.0016718110423014,0.00835905521150699
"percentile_latbin_OLS","q75","Combined","occurrence10_k1_tropical_temperate_polar","Coldhouse","Transitional",10,18,-0.495731773389971,33,0.0033746459784337,0.0112488199281124
"percentile_latbin_OLS","q75","Combined","occurrence10_k1_tropical_temperate_polar","Coolhouse","Transitional",21,18,-0.211935547441584,101,0.00685002701733951,0.0171250675433488
"percentile_latbin_OLS","q75","Combined","occurrence10_k1_tropical_temperate_polar","Coldhouse","Warmhouse",10,15,-0.58326563163891,35,0.0142235164882815,0.0284470329765631
"percentile_latbin_OLS","q75","Combined","occurrence10_k1_tropical_temperate_polar","Transitional","Hothouse",18,12,-0.273505449444871,58,0.0180631911843124,0.0301053186405206
"percentile_latbin_OLS","q75","Combined","occurrence10_k1_tropical_temperate_polar","Warmhouse","Hothouse",15,12,-0.185971591195931,50,0.0269647351863852,0.0385210502662646
"percentile_latbin_OLS","q75","Combined","occurrence10_k1_tropical_temperate_polar","Coolhouse","Warmhouse",21,15,-0.299469405690523,111,0.0699692280592617,0.0874615350740771
"percentile_latbin_OLS","q75","Combined","occurrence10_k1_tropical_temperate_polar","Coldhouse","Coolhouse",10,21,-0.283796225948387,76,0.11422816639123,0.126920184879145
"percentile_latbin_OLS","q75","Combined","occurrence10_k1_tropical_temperate_polar","Transitional","Warmhouse",18,15,-0.0875338582489394,148,0.687258203191774,0.687258203191774
"percentile_latbin_OLS","q75","Combined","occurrence10_k2_tropical_temperate","Coldhouse","Hothouse",13,12,-0.85352334496507,4,3.19571189300822e-05,0.000319571189300822
"percentile_latbin_OLS","q75","Combined","occurrence10_k2_tropical_temperate","Coldhouse","Transitional",13,16,-0.538748885550996,20,0.000125265149525464,0.000417550498418213
"percentile_latbin_OLS","q75","Combined","occurrence10_k2_tropical_temperate","Coldhouse","Warmhouse",13,14,-0.682057795024587,14,0.000102712004880302,0.000417550498418213
"percentile_latbin_OLS","q75","Combined","occurrence10_k2_tropical_temperate","Transitional","Hothouse",16,12,-0.314774459414074,42,0.00650171851575974,0.0162542962893994
"percentile_latbin_OLS","q75","Combined","occurrence10_k2_tropical_temperate","Coolhouse","Hothouse",15,12,-0.467227805073938,42,0.0102311113823587,0.0204622227647175
"percentile_latbin_OLS","q75","Combined","occurrence10_k2_tropical_temperate","Coldhouse","Coolhouse",13,15,-0.386295539891131,58,0.0362036700303725,0.0517195286148178
"percentile_latbin_OLS","q75","Combined","occurrence10_k2_tropical_temperate","Coolhouse","Warmhouse",15,14,-0.295762255133456,63,0.0350542923278574,0.0517195286148178
"percentile_latbin_OLS","q75","Combined","occurrence10_k2_tropical_temperate","Coolhouse","Transitional",15,16,-0.152453345659864,87,0.0994528866419019,0.110503207379891
"percentile_latbin_OLS","q75","Combined","occurrence10_k2_tropical_temperate","Warmhouse","Hothouse",14,12,-0.171465549940483,58,0.0948311998820729,0.110503207379891
"percentile_latbin_OLS","q75","Combined","occurrence10_k2_tropical_temperate","Transitional","Warmhouse",16,14,-0.143308909473592,88,0.164307370974701,0.164307370974701
"percentile_latbin_OLS","q75","Combined","occurrence10_k2_tropical_temperate_polar","Coolhouse","Hothouse",8,7,-0.606085096297422,1,0.00108189356443515,0.0108189356443515
"percentile_latbin_OLS","q75","Combined","occurrence10_k2_tropical_temperate_polar","Coldhouse","Hothouse",4,7,-0.938673941257007,0,0.0053667080514986,0.026833540257493
"percentile_latbin_OLS","q75","Combined","occurrence10_k2_tropical_temperate_polar","Coldhouse","Transitional",4,7,-0.490436019703294,1,0.00908150917393821,0.0302716972464607
"percentile_latbin_OLS","q75","Combined","occurrence10_k2_tropical_temperate_polar","Transitional","Hothouse",7,7,-0.448237921553713,7,0.0149210322089771,0.0373025805224428
"percentile_latbin_OLS","q75","Combined","occurrence10_k2_tropical_temperate_polar","Warmhouse","Hothouse",7,7,-0.359757082170879,8,0.0204567764922484,0.0409135529844968
"percentile_latbin_OLS","q75","Combined","occurrence10_k2_tropical_temperate_polar","Coldhouse","Warmhouse",4,7,-0.578916859086128,4,0.0363004697249787,0.0605007828749645
"percentile_latbin_OLS","q75","Combined","occurrence10_k2_tropical_temperate_polar","Coolhouse","Transitional",8,7,-0.157847174743709,13,0.0466687735890115,0.0666696765557307
"percentile_latbin_OLS","q75","Combined","occurrence10_k2_tropical_temperate_polar","Coldhouse","Coolhouse",4,8,-0.332588844959585,7,0.0744182734383547,0.0930228417979434
"percentile_latbin_OLS","q75","Combined","occurrence10_k2_tropical_temperate_polar","Coolhouse","Warmhouse",8,7,-0.246328014126543,17,0.112156563255577,0.124618403617308
"percentile_latbin_OLS","q75","Combined","occurrence10_k2_tropical_temperate_polar","Transitional","Warmhouse",7,7,-0.088480839382834,29,0.738548382743665,0.738548382743665
"percentile_latbin_OLS","q75","Combined","occurrence10_k3_tropical_temperate","Coldhouse","Transitional",4,12,-0.589956994916141,0,0.0021873804512949,0.0126021173548246
"percentile_latbin_OLS","q75","Combined","occurrence10_k3_tropical_temperate","Coldhouse","Warmhouse",4,11,-0.601571742912763,1,0.00372040040411708,0.0126021173548246
"percentile_latbin_OLS","q75","Combined","occurrence10_k3_tropical_temperate","Coldhouse","Hothouse",4,8,-0.811267885803332,0,0.00423740094607692,0.0126021173548246
"percentile_latbin_OLS","q75","Combined","occurrence10_k3_tropical_temperate","Coolhouse","Hothouse",8,8,-0.524030138320187,7,0.00504084694192983,0.0126021173548246
"percentile_latbin_OLS","q75","Combined","occurrence10_k3_tropical_temperate","Coolhouse","Transitional",8,12,-0.302719247432996,20,0.0169326851664126,0.028221141944021
"percentile_latbin_OLS","q75","Combined","occurrence10_k3_tropical_temperate","Transitional","Hothouse",12,8,-0.221310890887191,20,0.0169326851664126,0.028221141944021
"percentile_latbin_OLS","q75","Combined","occurrence10_k3_tropical_temperate","Coolhouse","Warmhouse",8,11,-0.314333995429618,19,0.0215354954372138,0.030764993481734
"percentile_latbin_OLS","q75","Combined","occurrence10_k3_tropical_temperate","Warmhouse","Hothouse",11,8,-0.209696142890568,21,0.0315932875349781,0.0394916094187227
"percentile_latbin_OLS","q75","Combined","occurrence10_k3_tropical_temperate","Coldhouse","Coolhouse",4,8,-0.287237747483145,9,0.134803052284104,0.14978116920456
"percentile_latbin_OLS","q75","Combined","occurrence10_k3_tropical_temperate","Transitional","Warmhouse",12,11,-0.0116147479966221,65,0.487725337292179,0.487725337292179
"percentile_latbin_OLS","q75","Combined","occurrence10_k3_tropical_temperate_polar","Coldhouse","Transitional",2,5,-0.490436019703294,0,0.0406805646170377,0.0971693772243883
"percentile_latbin_OLS","q75","Combined","occurrence10_k3_tropical_temperate_polar","Coldhouse","Warmhouse",2,5,-0.601571742912763,0,0.0406805646170377,0.0971693772243883
"percentile_latbin_OLS","q75","Combined","occurrence10_k3_tropical_temperate_polar","Coldhouse","Hothouse",2,4,-0.909001455336476,0,0.0525962525600207,0.0971693772243883
"percentile_latbin_OLS","q75","Combined","occurrence10_k3_tropical_temperate_polar","Coolhouse","Transitional",3,5,-0.127191722555654,2,0.0680185640570718,0.0971693772243883
"percentile_latbin_OLS","q75","Combined","occurrence10_k3_tropical_temperate_polar","Coolhouse","Warmhouse",3,5,-0.238327445765123,2,0.0680185640570718,0.0971693772243883
"percentile_latbin_OLS","q75","Combined","occurrence10_k3_tropical_temperate_polar","Coolhouse","Hothouse",3,4,-0.545757158188836,0,0.0259149636089548,0.0971693772243883
"percentile_latbin_OLS","q75","Combined","occurrence10_k3_tropical_temperate_polar","Transitional","Hothouse",5,4,-0.418565435633182,3,0.0556734432665702,0.0971693772243883
"percentile_latbin_OLS","q75","Combined","occurrence10_k3_tropical_temperate_polar","Warmhouse","Hothouse",5,4,-0.307429712423713,6,0.19563363964132,0.24454204955165
"percentile_latbin_OLS","q75","Combined","occurrence10_k3_tropical_temperate_polar","Coldhouse","Coolhouse",2,3,-0.36324429714764,2,0.386414996342224,0.417265811355464
"percentile_latbin_OLS","q75","Combined","occurrence10_k3_tropical_temperate_polar","Transitional","Warmhouse",5,5,-0.111135723209469,11,0.417265811355464,0.417265811355464
"percentile_latbin_OLS","q75","Combined","collection5_k1_tropical_temperate","Coldhouse","Transitional",20,22,-0.669568527243506,67,6.13651614841553e-05,0.000440280777709174
"percentile_latbin_OLS","q75","Combined","collection5_k1_tropical_temperate","Coldhouse","Warmhouse",20,19,-0.689424438627139,56,8.80561555418347e-05,0.000440280777709174
"percentile_latbin_OLS","q75","Combined","collection5_k1_tropical_temperate","Coldhouse","Hothouse",20,19,-0.705443124641801,83,0.001384004437104,0.00461334812368
"percentile_latbin_OLS","q75","Combined","collection5_k1_tropical_temperate","Coolhouse","Transitional",30,22,-0.304886512497901,187,0.00415336295217002,0.00830672590434004
"percentile_latbin_OLS","q75","Combined","collection5_k1_tropical_temperate","Coolhouse","Warmhouse",30,19,-0.324742423881534,153,0.00348448863613497,0.00830672590434004
"percentile_latbin_OLS","q75","Combined","collection5_k1_tropical_temperate","Coolhouse","Hothouse",30,19,-0.340761109896196,196,0.0346865909697435,0.0578109849495726
"percentile_latbin_OLS","q75","Combined","collection5_k1_tropical_temperate","Coldhouse","Coolhouse",20,30,-0.364682014745605,246,0.14469565298516,0.206708075693086
"percentile_latbin_OLS","q75","Combined","collection5_k1_tropical_temperate","Transitional","Warmhouse",22,19,-0.0198559113836328,210,0.515641120206833,0.55802893896637
"percentile_latbin_OLS","q75","Combined","collection5_k1_tropical_temperate","Transitional","Hothouse",22,19,-0.035874597398295,211,0.526056661951471,0.55802893896637
"percentile_latbin_OLS","q75","Combined","collection5_k1_tropical_temperate","Warmhouse","Hothouse",19,19,-0.0160186860146622,185,0.55802893896637,0.55802893896637
"percentile_latbin_OLS","q75","Combined","collection5_k1_tropical_temperate_polar","Coolhouse","Hothouse",20,11,-0.466672577831155,26,0.000283012502801014,0.00283012502801014
"percentile_latbin_OLS","q75","Combined","collection5_k1_tropical_temperate_polar","Coldhouse","Transitional",11,15,-0.579791161643264,26,0.00182809173696461,0.00457022934241153
"percentile_latbin_OLS","q75","Combined","collection5_k1_tropical_temperate_polar","Coldhouse","Hothouse",11,11,-0.774920709282625,13,0.00101347282348635,0.00457022934241153
"percentile_latbin_OLS","q75","Combined","collection5_k1_tropical_temperate_polar","Coolhouse","Transitional",20,15,-0.271543030191793,62,0.00176896823911105,0.00457022934241153
"percentile_latbin_OLS","q75","Combined","collection5_k1_tropical_temperate_polar","Coolhouse","Warmhouse",20,13,-0.296314079602327,55,0.00302680291579878,0.00605360583159757
"percentile_latbin_OLS","q75","Combined","collection5_k1_tropical_temperate_polar","Coldhouse","Warmhouse",11,13,-0.604562211053797,28,0.00636434104225995,0.0106072350704333
"percentile_latbin_OLS","q75","Combined","collection5_k1_tropical_temperate_polar","Transitional","Hothouse",15,11,-0.195129547639362,57,0.0972299051017488,0.126530898201583
"percentile_latbin_OLS","q75","Combined","collection5_k1_tropical_temperate_polar","Warmhouse","Hothouse",13,11,-0.170358498228828,49,0.101224718561266,0.126530898201583
"percentile_latbin_OLS","q75","Combined","collection5_k1_tropical_temperate_polar","Coldhouse","Coolhouse",11,20,-0.30824813145147,96,0.288639751985243,0.320710835539159
"percentile_latbin_OLS","q75","Combined","collection5_k1_tropical_temperate_polar","Transitional","Warmhouse",15,13,-0.0247710494105335,99,0.536702896659163,0.536702896659163
"percentile_latbin_OLS","q75","Combined","collection5_k2_tropical_temperate","Coldhouse","Hothouse",11,14,-0.900641182689805,8,8.84084795565129e-05,0.000884084795565129
"percentile_latbin_OLS","q75","Combined","collection5_k2_tropical_temperate","Coldhouse","Transitional",11,16,-0.634874330767857,16,0.000209145824094251,0.00104572912047126
"percentile_latbin_OLS","q75","Combined","collection5_k2_tropical_temperate","Coldhouse","Warmhouse",11,14,-0.701248810594966,15,0.000380214277731903,0.00126738092577301
"percentile_latbin_OLS","q75","Combined","collection5_k2_tropical_temperate","Coolhouse","Hothouse",11,14,-0.844304304916087,21,0.001189421419002,0.002973553547505
"percentile_latbin_OLS","q75","Combined","collection5_k2_tropical_temperate","Coolhouse","Transitional",11,16,-0.578537452994139,28,0.00166178522936281,0.00332357045872562
"percentile_latbin_OLS","q75","Combined","collection5_k2_tropical_temperate","Coolhouse","Warmhouse",11,14,-0.644911932821248,24,0.00202586006640887,0.00337643344401479
"percentile_latbin_OLS","q75","Combined","collection5_k2_tropical_temperate","Transitional","Hothouse",16,14,-0.265766851921948,86,0.144561150223938,0.188261881270219
"percentile_latbin_OLS","q75","Combined","collection5_k2_tropical_temperate","Warmhouse","Hothouse",14,14,-0.199392372094839,75,0.150609505016175,0.188261881270219
"percentile_latbin_OLS","q75","Combined","collection5_k2_tropical_temperate","Coldhouse","Coolhouse",11,11,-0.0563368777737181,56,0.396406308316037,0.440451453684485
"percentile_latbin_OLS","q75","Combined","collection5_k2_tropical_temperate","Transitional","Warmhouse",16,14,-0.0663744798271092,112,0.508291527907038,0.508291527907038
"percentile_latbin_OLS","q75","Combined","collection5_k2_tropical_temperate_polar","Coolhouse","Hothouse",7,7,-0.530080214408251,0,0.00108251466651919,0.0108251466651919
"percentile_latbin_OLS","q75","Combined","collection5_k2_tropical_temperate_polar","Coldhouse","Transitional",4,7,-0.508198297232928,1,0.00908150917393821,0.0268134171079026
"percentile_latbin_OLS","q75","Combined","collection5_k2_tropical_temperate_polar","Coldhouse","Hothouse",4,7,-0.933269359252948,0,0.0053667080514986,0.0268134171079026
"percentile_latbin_OLS","q75","Combined","collection5_k2_tropical_temperate_polar","Coolhouse","Warmhouse",7,7,-0.159918985275221,6,0.010725366843161,0.0268134171079026
"percentile_latbin_OLS","q75","Combined","collection5_k2_tropical_temperate_polar","Coolhouse","Transitional",7,7,-0.105009152388232,8,0.0204567764922484,0.0340946274870806
"percentile_latbin_OLS","q75","Combined","collection5_k2_tropical_temperate_polar","Transitional","Hothouse",7,7,-0.42507106202002,8,0.0204567764922484,0.0340946274870806
"percentile_latbin_OLS","q75","Combined","collection5_k2_tropical_temperate_polar","Warmhouse","Hothouse",7,7,-0.370161229133031,9,0.027642496358512,0.0394892805121601
"percentile_latbin_OLS","q75","Combined","collection5_k2_tropical_temperate_polar","Coldhouse","Warmhouse",4,7,-0.563108130119917,4,0.0363004697249787,0.0453755871562234
"percentile_latbin_OLS","q75","Combined","collection5_k2_tropical_temperate_polar","Transitional","Warmhouse",7,7,-0.0549098328869892,21,0.350739054433307,0.389710060481452
"percentile_latbin_OLS","q75","Combined","collection5_k2_tropical_temperate_polar","Coldhouse","Coolhouse",4,7,-0.403189144844696,13,0.462359518743385,0.462359518743385
"percentile_latbin_OLS","q75","Combined","collection5_k3_tropical_temperate","Coldhouse","Transitional",5,11,-0.73844789067625,4,0.0045852806928085,0.0228513834635554
"percentile_latbin_OLS","q75","Combined","collection5_k3_tropical_temperate","Coldhouse","Warmhouse",5,10,-0.610856103651024,2,0.00292854954264207,0.0228513834635554
"percentile_latbin_OLS","q75","Combined","collection5_k3_tropical_temperate","Coldhouse","Hothouse",5,6,-0.765154153009301,1,0.00685541503906661,0.0228513834635554
"percentile_latbin_OLS","q75","Combined","collection5_k3_tropical_temperate","Coolhouse","Transitional",8,11,-0.55568012874403,17,0.0143287751916451,0.0286575503832903
"percentile_latbin_OLS","q75","Combined","collection5_k3_tropical_temperate","Coolhouse","Warmhouse",8,10,-0.428088341718805,14,0.0117338232380456,0.0286575503832903
"percentile_latbin_OLS","q75","Combined","collection5_k3_tropical_temperate","Coolhouse","Hothouse",8,6,-0.582386391077082,8,0.0226939645193972,0.0378232741989954
"percentile_latbin_OLS","q75","Combined","collection5_k3_tropical_temperate","Warmhouse","Hothouse",10,6,-0.154298049358277,20,0.151406520663908,0.216295029519869
"percentile_latbin_OLS","q75","Combined","collection5_k3_tropical_temperate","Coldhouse","Coolhouse",5,8,-0.182767761932219,14,0.210375921683466,0.262969902104333
"percentile_latbin_OLS","q75","Combined","collection5_k3_tropical_temperate","Transitional","Hothouse",11,6,-0.0267062623330516,28,0.325538317038917,0.361709241154352
"percentile_latbin_OLS","q75","Combined","collection5_k3_tropical_temperate","Transitional","Warmhouse",11,10,0.127591787025226,67,0.810630874056735,0.810630874056735
"percentile_latbin_OLS","q75","Combined","collection5_k3_tropical_temperate_polar","Coldhouse","Coolhouse",2,3,-0.494725356916538,0,0.0744573365893828,0.106367623699118
"percentile_latbin_OLS","q75","Combined","collection5_k3_tropical_temperate_polar","Coldhouse","Transitional",2,3,-0.58729342032829,0,0.0744573365893828,0.106367623699118
"percentile_latbin_OLS","q75","Combined","collection5_k3_tropical_temperate_polar","Coldhouse","Warmhouse",2,4,-0.683720647998507,0,0.0525962525600207,0.106367623699118
"percentile_latbin_OLS","q75","Combined","collection5_k3_tropical_temperate_polar","Coldhouse","Hothouse",2,5,-0.891133454877435,0,0.0406805646170377,0.106367623699118
"percentile_latbin_OLS","q75","Combined","collection5_k3_tropical_temperate_polar","Coolhouse","Warmhouse",3,4,-0.188995291081969,0,0.0259149636089548,0.106367623699118
"percentile_latbin_OLS","q75","Combined","collection5_k3_tropical_temperate_polar","Coolhouse","Hothouse",3,5,-0.396408097960896,0,0.0184442128535249,0.106367623699118
"percentile_latbin_OLS","q75","Combined","collection5_k3_tropical_temperate_polar","Transitional","Hothouse",3,5,-0.303840034549144,2,0.0680185640570718,0.106367623699118
"percentile_latbin_OLS","q75","Combined","collection5_k3_tropical_temperate_polar","Coolhouse","Transitional",3,3,-0.092568063411752,2,0.191366544442613,0.217370710712577
"percentile_latbin_OLS","q75","Combined","collection5_k3_tropical_temperate_polar","Warmhouse","Hothouse",4,5,-0.207412806878927,6,0.19563363964132,0.217370710712577
"percentile_latbin_OLS","q75","Combined","collection5_k3_tropical_temperate_polar","Transitional","Warmhouse",3,4,-0.0964272276702169,4,0.297941545282589,0.297941545282589
"percentile_latbin_OLS","q75","Combined","collection10_k1_tropical_temperate","Coldhouse","Hothouse",14,15,-1.10989440855402,13,3.25680099238128e-05,0.000325680099238128
"percentile_latbin_OLS","q75","Combined","collection10_k1_tropical_temperate","Coolhouse","Hothouse",23,15,-0.770280660265078,50,0.000134522435909891,0.000672612179549457
"percentile_latbin_OLS","q75","Combined","collection10_k1_tropical_temperate","Coldhouse","Warmhouse",14,15,-0.712712179540521,28,0.000420805986971176,0.00140268662323725
"percentile_latbin_OLS","q75","Combined","collection10_k1_tropical_temperate","Coldhouse","Transitional",14,18,-0.72309711488237,49,0.00183043825073585,0.00457609562683963
"percentile_latbin_OLS","q75","Combined","collection10_k1_tropical_temperate","Coolhouse","Warmhouse",23,15,-0.37309843125158,80,0.00300263926646774,0.00600527853293548
"percentile_latbin_OLS","q75","Combined","collection10_k1_tropical_temperate","Coolhouse","Transitional",23,18,-0.383483366593429,123,0.0141330259320596,0.0235550432200993
"percentile_latbin_OLS","q75","Combined","collection10_k1_tropical_temperate","Warmhouse","Hothouse",15,15,-0.397182229013498,75,0.0624301799910734,0.0891859714158191
"percentile_latbin_OLS","q75","Combined","collection10_k1_tropical_temperate","Transitional","Hothouse",18,15,-0.386797293671649,97,0.0875789612363255,0.109473701545407
"percentile_latbin_OLS","q75","Combined","collection10_k1_tropical_temperate","Coldhouse","Coolhouse",14,23,-0.339613748288941,134,0.203302525647651,0.225891695164056
"percentile_latbin_OLS","q75","Combined","collection10_k1_tropical_temperate","Transitional","Warmhouse",18,15,0.0103849353418488,131,0.449651148947522,0.449651148947522
"percentile_latbin_OLS","q75","Combined","collection10_k1_tropical_temperate_polar","Coolhouse","Hothouse",15,7,-0.653712641162158,2,0.000212111875027149,0.00212111875027149
"percentile_latbin_OLS","q75","Combined","collection10_k1_tropical_temperate_polar","Coldhouse","Hothouse",9,7,-0.961687956819114,6,0.00406911366678796,0.0135637122226265
"percentile_latbin_OLS","q75","Combined","collection10_k1_tropical_temperate_polar","Transitional","Hothouse",7,7,-0.522914008791577,3,0.00364517904576782,0.0135637122226265
"percentile_latbin_OLS","q75","Combined","collection10_k1_tropical_temperate_polar","Warmhouse","Hothouse",8,7,-0.455016920248396,6,0.00642063116860977,0.0160515779215244
"percentile_latbin_OLS","q75","Combined","collection10_k1_tropical_temperate_polar","Coolhouse","Warmhouse",15,8,-0.198695720913761,27,0.0179584930331643,0.0359169860663286
"percentile_latbin_OLS","q75","Combined","collection10_k1_tropical_temperate_polar","Coldhouse","Warmhouse",9,8,-0.506671036570717,20,0.0679166840841775,0.113194473473629
"percentile_latbin_OLS","q75","Combined","collection10_k1_tropical_temperate_polar","Coolhouse","Transitional",15,7,-0.130798632370581,32,0.0792971945118965,0.113281706445566
"percentile_latbin_OLS","q75","Combined","collection10_k1_tropical_temperate_polar","Coldhouse","Transitional",9,7,-0.438773948027537,20,0.122138371911633,0.152672964889541
"percentile_latbin_OLS","q75","Combined","collection10_k1_tropical_temperate_polar","Transitional","Warmhouse",7,8,-0.0678970885431806,25,0.38616872064639,0.429076356273767
"percentile_latbin_OLS","q75","Combined","collection10_k1_tropical_temperate_polar","Coldhouse","Coolhouse",9,15,-0.307975315656956,82,0.814453315238651,0.814453315238651
"percentile_latbin_OLS","q75","Combined","collection10_k2_tropical_temperate","Coldhouse","Warmhouse",7,13,-0.728790243434278,3,0.000437043605649237,0.00269567926419243
"percentile_latbin_OLS","q75","Combined","collection10_k2_tropical_temperate","Coldhouse","Hothouse",7,10,-0.921802007304889,1,0.000539135852838485,0.00269567926419243
"percentile_latbin_OLS","q75","Combined","collection10_k2_tropical_temperate","Coolhouse","Hothouse",8,10,-0.567238989818123,7,0.00194034422297827,0.00646781407659423
"percentile_latbin_OLS","q75","Combined","collection10_k2_tropical_temperate","Coolhouse","Warmhouse",8,13,-0.374227225947512,15,0.004104446970175,0.0102611174254375
"percentile_latbin_OLS","q75","Combined","collection10_k2_tropical_temperate","Coldhouse","Transitional",7,13,-0.80452328769467,13,0.00560998266133848,0.011219965322677
"percentile_latbin_OLS","q75","Combined","collection10_k2_tropical_temperate","Coolhouse","Transitional",8,13,-0.449960270207904,26,0.0323933290893102,0.0539888818155169
"percentile_latbin_OLS","q75","Combined","collection10_k2_tropical_temperate","Coldhouse","Coolhouse",7,8,-0.354563017486766,19,0.162635489987106,0.232336414267295
"percentile_latbin_OLS","q75","Combined","collection10_k2_tropical_temperate","Warmhouse","Hothouse",13,10,-0.193011763870611,53,0.237861088563659,0.297326360704574
"percentile_latbin_OLS","q75","Combined","collection10_k2_tropical_temperate","Transitional","Hothouse",13,10,-0.117278719610219,61,0.414080486990733,0.460089429989703
"percentile_latbin_OLS","q75","Combined","collection10_k2_tropical_temperate","Transitional","Warmhouse",13,13,0.0757330442603914,87,0.561134479249142,0.561134479249142
"percentile_latbin_OLS","q75","Combined","collection10_k2_tropical_temperate_polar","Coldhouse","Warmhouse",2,7,-0.628338208581956,0,0.0285199371245278,0.0712998428113195
"percentile_latbin_OLS","q75","Combined","collection10_k2_tropical_temperate_polar","Coolhouse","Hothouse",4,4,-0.562954638674394,0,0.0151914109882887,0.0712998428113195
"percentile_latbin_OLS","q75","Combined","collection10_k2_tropical_temperate_polar","Transitional","Hothouse",3,4,-0.618325233047967,0,0.0259149636089548,0.0712998428113195
"percentile_latbin_OLS","q75","Combined","collection10_k2_tropical_temperate_polar","Warmhouse","Hothouse",7,4,-0.449294300773714,3,0.0236104520017886,0.0712998428113195
"percentile_latbin_OLS","q75","Combined","collection10_k2_tropical_temperate_polar","Coldhouse","Hothouse",2,4,-1.07763250935567,0,0.0525962525600207,0.105192505120041
"percentile_latbin_OLS","q75","Combined","collection10_k2_tropical_temperate_polar","Coldhouse","Transitional",2,3,-0.459307276307702,0,0.0744573365893828,0.124095560982305
"percentile_latbin_OLS","q75","Combined","collection10_k2_tropical_temperate_polar","Coolhouse","Warmhouse",4,7,-0.113660337900681,9,0.197545792452075,0.282208274931536
"percentile_latbin_OLS","q75","Combined","collection10_k2_tropical_temperate_polar","Coldhouse","Coolhouse",2,4,-0.514677870681275,2,0.243726645182017,0.304658306477522
"percentile_latbin_OLS","q75","Combined","collection10_k2_tropical_temperate_polar","Transitional","Warmhouse",3,7,-0.169030932274253,9,0.409853768914894,0.455393076572105
"percentile_latbin_OLS","q75","Combined","collection10_k2_tropical_temperate_polar","Coolhouse","Transitional",4,3,0.0553705943735727,6,0.570158102400667,0.570158102400667
"percentile_latbin_OLS","q75","Combined","collection10_k3_tropical_temperate","Coldhouse","Transitional",3,7,-0.673827069857584,1,0.0201193385598797,0.0670644618662657
"percentile_latbin_OLS","q75","Combined","collection10_k3_tropical_temperate","Coldhouse","Warmhouse",3,6,-0.919367001481941,0,0.0140929010739537,0.0670644618662657
"percentile_latbin_OLS","q75","Combined","collection10_k3_tropical_temperate","Coldhouse","Hothouse",3,5,-0.998299348993037,0,0.0184442128535249,0.0670644618662657
"percentile_latbin_OLS","q75","Combined","collection10_k3_tropical_temperate","Coolhouse","Warmhouse",3,6,-0.425591214225715,2,0.0466449780918023,0.116612445229506
"percentile_latbin_OLS","q75","Combined","collection10_k3_tropical_temperate","Coolhouse","Hothouse",3,5,-0.504523561736811,2,0.0680185640570718,0.136037128114144
"percentile_latbin_OLS","q75","Combined","collection10_k3_tropical_temperate","Coolhouse","Transitional",3,7,-0.180051282601359,5,0.127225291323168,0.21204215220528
"percentile_latbin_OLS","q75","Combined","collection10_k3_tropical_temperate","Coldhouse","Coolhouse",3,3,-0.493775787256226,2,0.191366544442613,0.273380777775161
"percentile_latbin_OLS","q75","Combined","collection10_k3_tropical_temperate","Transitional","Warmhouse",7,6,-0.245539931624356,16,0.260158400253683,0.325198000317104
"percentile_latbin_OLS","q75","Combined","collection10_k3_tropical_temperate","Transitional","Hothouse",7,5,-0.324472279135452,16,0.435495597398732,0.483883997109702
"percentile_latbin_OLS","q75","Combined","collection10_k3_tropical_temperate","Warmhouse","Hothouse",6,5,-0.0789323475110958,16,0.60790438529919,0.60790438529919
"percentile_latbin_OLS","q75","Combined","collection10_k3_tropical_temperate_polar","Coolhouse","Hothouse",2,2,-0.53492501193375,0,0.122639058403386,0.367917175210159
"percentile_latbin_OLS","q75","Combined","collection10_k3_tropical_temperate_polar","Transitional","Hothouse",2,2,-0.519104368219904,0,0.122639058403386,0.367917175210159
"percentile_latbin_OLS","q75","Combined","collection10_k3_tropical_temperate_polar","Warmhouse","Hothouse",3,2,-0.433241970425364,1,0.193238115385616,0.386476230771233
"percentile_latbin_OLS","q75","Combined","collection10_k3_tropical_temperate_polar","Coolhouse","Warmhouse",2,3,-0.101683041508385,2,0.386414996342224,0.579622494513336
"percentile_latbin_OLS","q75","Combined","collection10_k3_tropical_temperate_polar","Coolhouse","Transitional",2,2,-0.0158206437138453,2,0.650732320848331,0.650732320848331
"percentile_latbin_OLS","q75","Combined","collection10_k3_tropical_temperate_polar","Transitional","Warmhouse",2,3,-0.0858623977945397,3,0.613585003657776,0.650732320848331
"percentile_latbin_OLS","q75","Combined","collection10_k3_tropical_temperate_polar","Coldhouse","Coolhouse",1,2,-0.558785561315677,NA,NA,NA
"percentile_latbin_OLS","q75","Combined","collection10_k3_tropical_temperate_polar","Coldhouse","Transitional",1,2,-0.574606205029522,NA,NA,NA
"percentile_latbin_OLS","q75","Combined","collection10_k3_tropical_temperate_polar","Coldhouse","Warmhouse",1,3,-0.660468602824062,NA,NA,NA
"percentile_latbin_OLS","q75","Combined","collection10_k3_tropical_temperate_polar","Coldhouse","Hothouse",1,2,-1.09371057324943,NA,NA,NA
"percentile_latbin_OLS","q75","Northern","occurrence5_k1_tropical_temperate","Coldhouse","Transitional",10,15,-0.727758537692143,19,0.00103992713732247,0.00403767949448333
"percentile_latbin_OLS","q75","Northern","occurrence5_k1_tropical_temperate","Coldhouse","Warmhouse",10,11,-0.712062728072502,10,0.000863393242266966,0.00403767949448333
"percentile_latbin_OLS","q75","Northern","occurrence5_k1_tropical_temperate","Coolhouse","Transitional",15,15,-0.534988359712804,41,0.00161507179779333,0.00403767949448333
"percentile_latbin_OLS","q75","Northern","occurrence5_k1_tropical_temperate","Coolhouse","Warmhouse",15,11,-0.519292550093163,24,0.0013053961244098,0.00403767949448333
"percentile_latbin_OLS","q75","Northern","occurrence5_k1_tropical_temperate","Coldhouse","Hothouse",10,10,-0.493500072585074,30,0.0702325240791775,0.140465048158355
"percentile_latbin_OLS","q75","Northern","occurrence5_k1_tropical_temperate","Coolhouse","Hothouse",15,10,-0.300729894605735,54,0.127740843163952,0.212901405273254
"percentile_latbin_OLS","q75","Northern","occurrence5_k1_tropical_temperate","Coldhouse","Coolhouse",10,15,-0.192770177979339,59,0.194953700808691,0.278505286869558
"percentile_latbin_OLS","q75","Northern","occurrence5_k1_tropical_temperate","Transitional","Warmhouse",15,11,0.0156958096196406,87,0.602375123232531,0.752968904040664
"percentile_latbin_OLS","q75","Northern","occurrence5_k1_tropical_temperate","Transitional","Hothouse",15,10,0.234258465107069,102,0.936423503699993,0.936423503699993
"percentile_latbin_OLS","q75","Northern","occurrence5_k1_tropical_temperate","Warmhouse","Hothouse",11,10,0.218562655487428,75,0.925569525849836,0.936423503699993
"percentile_latbin_OLS","q75","Northern","occurrence5_k1_tropical_temperate_polar","Coldhouse","Transitional",7,12,-0.822815108591482,0,0.000226262566738465,0.00226262566738465
"percentile_latbin_OLS","q75","Northern","occurrence5_k1_tropical_temperate_polar","Coldhouse","Warmhouse",7,10,-0.658422905106823,4,0.0014578181250452,0.005572703474338
"percentile_latbin_OLS","q75","Northern","occurrence5_k1_tropical_temperate_polar","Coolhouse","Transitional",10,12,-0.421659861072706,15,0.0016718110423014,0.005572703474338
"percentile_latbin_OLS","q75","Northern","occurrence5_k1_tropical_temperate_polar","Coldhouse","Hothouse",7,5,-0.605701318543547,0,0.00288306045711863,0.00720765114279658
"percentile_latbin_OLS","q75","Northern","occurrence5_k1_tropical_temperate_polar","Coldhouse","Coolhouse",7,10,-0.401155247518776,10,0.00840230211954352,0.016804604239087
"percentile_latbin_OLS","q75","Northern","occurrence5_k1_tropical_temperate_polar","Coolhouse","Warmhouse",10,10,-0.257267657588047,23,0.0225772848121395,0.0376288080202325
"percentile_latbin_OLS","q75","Northern","occurrence5_k1_tropical_temperate_polar","Coolhouse","Hothouse",10,5,-0.204546071024772,14,0.0992246517960062,0.141749502565723
"percentile_latbin_OLS","q75","Northern","occurrence5_k1_tropical_temperate_polar","Warmhouse","Hothouse",10,5,0.0527215865632753,30,0.74972025109093,0.937150313863663
"percentile_latbin_OLS","q75","Northern","occurrence5_k1_tropical_temperate_polar","Transitional","Warmhouse",12,10,0.164392203484659,81,0.92185614416616,0.967456636753617
"percentile_latbin_OLS","q75","Northern","occurrence5_k1_tropical_temperate_polar","Transitional","Hothouse",12,5,0.217113790047934,47,0.967456636753617,0.967456636753617
"percentile_latbin_OLS","q75","Northern","occurrence5_k2_tropical_temperate","Coldhouse","Transitional",7,13,-0.816493899341642,3,0.000437043605649237,0.00437043605649237
"percentile_latbin_OLS","q75","Northern","occurrence5_k2_tropical_temperate","Coldhouse","Warmhouse",7,8,-0.658422905106823,4,0.00326808058712134,0.00817020146780335
"percentile_latbin_OLS","q75","Northern","occurrence5_k2_tropical_temperate","Coldhouse","Hothouse",7,8,-0.586549466426396,4,0.00326808058712134,0.00817020146780335
"percentile_latbin_OLS","q75","Northern","occurrence5_k2_tropical_temperate","Coolhouse","Transitional",9,13,-0.418606061446882,15,0.00204292556260272,0.00817020146780335
"percentile_latbin_OLS","q75","Northern","occurrence5_k2_tropical_temperate","Coolhouse","Warmhouse",9,8,-0.260535067212062,14,0.0192806237987123,0.0385612475974246
"percentile_latbin_OLS","q75","Northern","occurrence5_k2_tropical_temperate","Coolhouse","Hothouse",9,8,-0.188661628531636,17,0.0375246173604008,0.0625410289340014
"percentile_latbin_OLS","q75","Northern","occurrence5_k2_tropical_temperate","Coldhouse","Coolhouse",7,9,-0.39788783789476,17,0.0691811709401254,0.0988302442001791
"percentile_latbin_OLS","q75","Northern","occurrence5_k2_tropical_temperate","Warmhouse","Hothouse",8,8,0.0718734386804266,35,0.643404369491964,0.804255461864955
"percentile_latbin_OLS","q75","Northern","occurrence5_k2_tropical_temperate","Transitional","Warmhouse",13,8,0.15807099423482,71,0.921054946547603,0.921054946547603
"percentile_latbin_OLS","q75","Northern","occurrence5_k2_tropical_temperate","Transitional","Hothouse",13,8,0.229944432915246,69,0.897487049378268,0.921054946547603
"percentile_latbin_OLS","q75","Northern","occurrence5_k2_tropical_temperate_polar","Coldhouse","Transitional",4,8,-0.770207087990493,0,0.00423740094607692,0.0332740888420268
"percentile_latbin_OLS","q75","Northern","occurrence5_k2_tropical_temperate_polar","Coldhouse","Hothouse",4,5,-0.601863057490749,0,0.00998222665260803,0.0332740888420268
"percentile_latbin_OLS","q75","Northern","occurrence5_k2_tropical_temperate_polar","Coolhouse","Transitional",7,8,-0.376157511148532,7,0.00883613819336122,0.0332740888420268
"percentile_latbin_OLS","q75","Northern","occurrence5_k2_tropical_temperate_polar","Coldhouse","Warmhouse",4,6,-0.565320161410821,3,0.0349771792900052,0.0874429482250129
"percentile_latbin_OLS","q75","Northern","occurrence5_k2_tropical_temperate_polar","Coldhouse","Coolhouse",4,7,-0.394049576841961,6,0.0781878608798223,0.124811302296605
"percentile_latbin_OLS","q75","Northern","occurrence5_k2_tropical_temperate_polar","Coolhouse","Warmhouse",7,6,-0.17127058456886,11,0.0873679116076236,0.124811302296605
"percentile_latbin_OLS","q75","Northern","occurrence5_k2_tropical_temperate_polar","Coolhouse","Hothouse",7,5,-0.207813480648787,8,0.0719259348274268,0.124811302296605
"percentile_latbin_OLS","q75","Northern","occurrence5_k2_tropical_temperate_polar","Warmhouse","Hothouse",6,5,-0.0365428960799271,14,0.463632236762616,0.57954029595327
"percentile_latbin_OLS","q75","Northern","occurrence5_k2_tropical_temperate_polar","Transitional","Warmhouse",8,6,0.204886926579672,37,0.959319435382962,0.959319435382962
"percentile_latbin_OLS","q75","Northern","occurrence5_k2_tropical_temperate_polar","Transitional","Hothouse",8,5,0.168344030499745,28,0.893300372811819,0.959319435382962
"percentile_latbin_OLS","q75","Northern","occurrence5_k3_tropical_temperate","Coolhouse","Transitional",6,8,-0.83717218533056,0,0.00120732445687942,0.0120732445687942
"percentile_latbin_OLS","q75","Northern","occurrence5_k3_tropical_temperate","Coldhouse","Transitional",4,8,-0.740371555426375,0,0.00423740094607692,0.0177675485863526
"percentile_latbin_OLS","q75","Northern","occurrence5_k3_tropical_temperate","Coldhouse","Warmhouse",4,6,-0.547211701897639,0,0.00710701943454103,0.0177675485863526
"percentile_latbin_OLS","q75","Northern","occurrence5_k3_tropical_temperate","Coolhouse","Warmhouse",6,6,-0.644012331801823,2,0.00653261338221299,0.0177675485863526
"percentile_latbin_OLS","q75","Northern","occurrence5_k3_tropical_temperate","Coolhouse","Hothouse",6,5,-0.591290745238548,2,0.0112394366830626,0.0224788733661253
"percentile_latbin_OLS","q75","Northern","occurrence5_k3_tropical_temperate","Coldhouse","Hothouse",4,5,-0.494490115334363,1,0.0186682079603315,0.0311136799338858
"percentile_latbin_OLS","q75","Northern","occurrence5_k3_tropical_temperate","Coldhouse","Coolhouse",4,6,0.0968006299041847,12,0.542446982789747,0.759880481623988
"percentile_latbin_OLS","q75","Northern","occurrence5_k3_tropical_temperate","Warmhouse","Hothouse",6,5,0.0527215865632753,16,0.60790438529919,0.759880481623988
"percentile_latbin_OLS","q75","Northern","occurrence5_k3_tropical_temperate","Transitional","Warmhouse",8,6,0.193159853528736,40,0.983420006270576,0.992140009894988
"percentile_latbin_OLS","q75","Northern","occurrence5_k3_tropical_temperate","Transitional","Hothouse",8,5,0.245881440092012,36,0.992140009894988,0.992140009894988
"percentile_latbin_OLS","q75","Northern","occurrence5_k3_tropical_temperate_polar","Coolhouse","Transitional",4,3,-0.941403665606889,0,0.0259149636089548,0.129574818044774
"percentile_latbin_OLS","q75","Northern","occurrence5_k3_tropical_temperate_polar","Coolhouse","Warmhouse",4,4,-0.554747849158621,0,0.0151914109882887,0.129574818044774
"percentile_latbin_OLS","q75","Northern","occurrence5_k3_tropical_temperate_polar","Coldhouse","Warmhouse",2,4,-0.457947219254436,0,0.0525962525600207,0.131490631400052
"percentile_latbin_OLS","q75","Northern","occurrence5_k3_tropical_temperate_polar","Coolhouse","Hothouse",4,2,-0.700409378119049,0,0.0525962525600207,0.131490631400052
"percentile_latbin_OLS","q75","Northern","occurrence5_k3_tropical_temperate_polar","Coldhouse","Transitional",2,3,-0.844603035702704,0,0.0744573365893828,0.148914673178766
"percentile_latbin_OLS","q75","Northern","occurrence5_k3_tropical_temperate_polar","Coldhouse","Hothouse",2,2,-0.603608748214864,0,0.122639058403386,0.176542838008505
"percentile_latbin_OLS","q75","Northern","occurrence5_k3_tropical_temperate_polar","Warmhouse","Hothouse",4,2,-0.145661528960428,1,0.123579986605954,0.176542838008505
"percentile_latbin_OLS","q75","Northern","occurrence5_k3_tropical_temperate_polar","Coldhouse","Coolhouse",2,4,0.0968006299041847,5,0.756273354817983,0.896402094015982
"percentile_latbin_OLS","q75","Northern","occurrence5_k3_tropical_temperate_polar","Transitional","Hothouse",3,2,0.24099428748784,4,0.806761884614384,0.896402094015982
"percentile_latbin_OLS","q75","Northern","occurrence5_k3_tropical_temperate_polar","Transitional","Warmhouse",3,4,0.386655816448268,11,0.974085036391045,0.974085036391045
"percentile_latbin_OLS","q75","Northern","occurrence10_k1_tropical_temperate","Coldhouse","Transitional",10,14,-0.631211802154864,18,0.00128264761805522,0.0046304505631678
"percentile_latbin_OLS","q75","Northern","occurrence10_k1_tropical_temperate","Coldhouse","Warmhouse",10,10,-0.718830132629159,7,0.000657472334856608,0.0046304505631678
"percentile_latbin_OLS","q75","Northern","occurrence10_k1_tropical_temperate","Coolhouse","Transitional",15,14,-0.569092450049447,38,0.00185218022526712,0.0046304505631678
"percentile_latbin_OLS","q75","Northern","occurrence10_k1_tropical_temperate","Coolhouse","Warmhouse",15,10,-0.656710780523741,22,0.00179460152128419,0.0046304505631678
"percentile_latbin_OLS","q75","Northern","occurrence10_k1_tropical_temperate","Coldhouse","Hothouse",10,9,-0.668759240711643,15,0.00800549540525859,0.0160109908105172
"percentile_latbin_OLS","q75","Northern","occurrence10_k1_tropical_temperate","Coolhouse","Hothouse",15,9,-0.606639888606226,33,0.0213123806851908,0.0355206344753179
"percentile_latbin_OLS","q75","Northern","occurrence10_k1_tropical_temperate","Coldhouse","Coolhouse",10,15,-0.0621193521054177,59,0.194953700808691,0.278505286869558
"percentile_latbin_OLS","q75","Northern","occurrence10_k1_tropical_temperate","Transitional","Warmhouse",14,10,-0.0876183304742946,67,0.441808729690684,0.552260912113355
"percentile_latbin_OLS","q75","Northern","occurrence10_k1_tropical_temperate","Transitional","Hothouse",14,9,-0.037547438556779,63,0.512563423411131,0.569514914901257
"percentile_latbin_OLS","q75","Northern","occurrence10_k1_tropical_temperate","Warmhouse","Hothouse",10,9,0.0500708919175156,49,0.643348413060771,0.643348413060771
"percentile_latbin_OLS","q75","Northern","occurrence10_k1_tropical_temperate_polar","Coldhouse","Transitional",6,12,-0.707299856857892,0,0.000442283578152501,0.00442283578152501
"percentile_latbin_OLS","q75","Northern","occurrence10_k1_tropical_temperate_polar","Coldhouse","Warmhouse",6,9,-0.718745660403804,1,0.00132701467974117,0.00663507339870585
"percentile_latbin_OLS","q75","Northern","occurrence10_k1_tropical_temperate_polar","Coolhouse","Transitional",9,12,-0.412767563105117,16,0.00384931364085375,0.0128310454695125
"percentile_latbin_OLS","q75","Northern","occurrence10_k1_tropical_temperate_polar","Coldhouse","Hothouse",6,4,-0.671394604335446,1,0.0125907322022298,0.0314768305055746
"percentile_latbin_OLS","q75","Northern","occurrence10_k1_tropical_temperate_polar","Coldhouse","Coolhouse",6,9,-0.294532293752775,9,0.019585083014992,0.039170166029984
"percentile_latbin_OLS","q75","Northern","occurrence10_k1_tropical_temperate_polar","Coolhouse","Warmhouse",9,9,-0.424213366651029,19,0.0318448875683143,0.0530748126138572
"percentile_latbin_OLS","q75","Northern","occurrence10_k1_tropical_temperate_polar","Coolhouse","Hothouse",9,4,-0.376862310582671,10,0.123579986605954,0.176542838008505
"percentile_latbin_OLS","q75","Northern","occurrence10_k1_tropical_temperate_polar","Warmhouse","Hothouse",9,4,0.0473510560683583,19,0.591519339142304,0.73939917392788
"percentile_latbin_OLS","q75","Northern","occurrence10_k1_tropical_temperate_polar","Transitional","Hothouse",12,4,0.0359052525224466,28,0.707365686528732,0.785961873920813
"percentile_latbin_OLS","q75","Northern","occurrence10_k1_tropical_temperate_polar","Transitional","Warmhouse",12,9,-0.0114458035459116,65,0.793112758713525,0.793112758713525
"percentile_latbin_OLS","q75","Northern","occurrence10_k2_tropical_temperate","Coldhouse","Transitional",7,12,-0.696548040017946,3,0.000569274158060708,0.00569274158060708
"percentile_latbin_OLS","q75","Northern","occurrence10_k2_tropical_temperate","Coldhouse","Warmhouse",7,8,-0.708078315789213,3,0.00228896117884281,0.00762987059614269
"percentile_latbin_OLS","q75","Northern","occurrence10_k2_tropical_temperate","Coldhouse","Hothouse",7,6,-0.6606427874955,0,0.00170261791064738,0.00762987059614269
"percentile_latbin_OLS","q75","Northern","occurrence10_k2_tropical_temperate","Coolhouse","Transitional",8,12,-0.528974033928796,12,0.00308240169935398,0.00770600424838494
"percentile_latbin_OLS","q75","Northern","occurrence10_k2_tropical_temperate","Coolhouse","Hothouse",8,6,-0.493068781406349,6,0.0119342210822872,0.0238684421645744
"percentile_latbin_OLS","q75","Northern","occurrence10_k2_tropical_temperate","Coolhouse","Warmhouse",8,8,-0.540504309700063,11,0.015662065438945,0.0261034423982417
"percentile_latbin_OLS","q75","Northern","occurrence10_k2_tropical_temperate","Coldhouse","Coolhouse",7,8,-0.167574006089151,18,0.135794337121687,0.193991910173839
"percentile_latbin_OLS","q75","Northern","occurrence10_k2_tropical_temperate","Transitional","Hothouse",12,6,0.0359052525224466,36,0.518675357935145,0.576305953261272
"percentile_latbin_OLS","q75","Northern","occurrence10_k2_tropical_temperate","Warmhouse","Hothouse",8,6,0.0474355282937135,23,0.474266258425322,0.576305953261272
"percentile_latbin_OLS","q75","Northern","occurrence10_k2_tropical_temperate","Transitional","Warmhouse",12,8,-0.0115302757712669,55,0.718583123041337,0.718583123041337
"percentile_latbin_OLS","q75","Northern","occurrence10_k2_tropical_temperate_polar","Coldhouse","Transitional",3,5,-0.799719198545958,0,0.0184442128535249,0.175244245400006
"percentile_latbin_OLS","q75","Northern","occurrence10_k2_tropical_temperate_polar","Coldhouse","Warmhouse",3,4,-0.340900379559077,1,0.0558058841491461,0.175244245400006
"percentile_latbin_OLS","q75","Northern","occurrence10_k2_tropical_temperate_polar","Coldhouse","Hothouse",3,2,-0.746898772712999,0,0.0744573365893828,0.175244245400006
"percentile_latbin_OLS","q75","Northern","occurrence10_k2_tropical_temperate_polar","Coolhouse","Transitional",5,5,-0.515938721633129,4,0.047346471299738,0.175244245400006
"percentile_latbin_OLS","q75","Northern","occurrence10_k2_tropical_temperate_polar","Coolhouse","Hothouse",5,2,-0.46311829580017,1,0.087622122700003,0.175244245400006
"percentile_latbin_OLS","q75","Northern","occurrence10_k2_tropical_temperate_polar","Coldhouse","Coolhouse",3,5,-0.283780476912829,3,0.116518991136953,0.176542838008505
"percentile_latbin_OLS","q75","Northern","occurrence10_k2_tropical_temperate_polar","Warmhouse","Hothouse",4,2,-0.405998393153922,1,0.123579986605954,0.176542838008505
"percentile_latbin_OLS","q75","Northern","occurrence10_k2_tropical_temperate_polar","Coolhouse","Warmhouse",5,4,-0.0571199026462481,8,0.356651586939229,0.445814483674036
"percentile_latbin_OLS","q75","Northern","occurrence10_k2_tropical_temperate_polar","Transitional","Hothouse",5,2,0.052820425832959,5,0.576774701561705,0.640860779513005
"percentile_latbin_OLS","q75","Northern","occurrence10_k2_tropical_temperate_polar","Transitional","Warmhouse",5,4,0.458818818986881,17,0.966903710138903,0.966903710138903
"percentile_latbin_OLS","q75","Northern","occurrence10_k3_tropical_temperate","Coldhouse","Transitional",4,8,-0.714683564402392,0,0.00423740094607692,0.0211870047303846
"percentile_latbin_OLS","q75","Northern","occurrence10_k3_tropical_temperate","Coolhouse","Transitional",5,8,-0.888200341453207,0,0.00215517924976753,0.0211870047303846
"percentile_latbin_OLS","q75","Northern","occurrence10_k3_tropical_temperate","Coldhouse","Warmhouse",4,6,-0.601487270687408,1,0.0125907322022298,0.0303828219765775
"percentile_latbin_OLS","q75","Northern","occurrence10_k3_tropical_temperate","Coldhouse","Hothouse",4,4,-0.640307727611194,0,0.0151914109882887,0.0303828219765775
"percentile_latbin_OLS","q75","Northern","occurrence10_k3_tropical_temperate","Coolhouse","Hothouse",5,4,-0.813824504662009,0,0.00998222665260803,0.0303828219765775
"percentile_latbin_OLS","q75","Northern","occurrence10_k3_tropical_temperate","Coolhouse","Warmhouse",5,6,-0.775004047738223,4,0.0276171268590319,0.0460285447650532
"percentile_latbin_OLS","q75","Northern","occurrence10_k3_tropical_temperate","Warmhouse","Hothouse",6,4,-0.0388204569237861,8,0.227772546894665,0.325389352706664
"percentile_latbin_OLS","q75","Northern","occurrence10_k3_tropical_temperate","Coldhouse","Coolhouse",4,5,0.173516777050815,9,0.45126162508884,0.56407703136105
"percentile_latbin_OLS","q75","Northern","occurrence10_k3_tropical_temperate","Transitional","Hothouse",8,4,0.0743758367911981,19,0.723892888982925,0.80432543220325
"percentile_latbin_OLS","q75","Northern","occurrence10_k3_tropical_temperate","Transitional","Warmhouse",8,6,0.113196293714984,37,0.959319435382962,0.959319435382962
"percentile_latbin_OLS","q75","Northern","occurrence10_k3_tropical_temperate_polar","Coldhouse","Transitional",2,3,-0.823424101225992,0,0.0744573365893828,0.223372009768148
"percentile_latbin_OLS","q75","Northern","occurrence10_k3_tropical_temperate_polar","Coolhouse","Transitional",2,3,-0.728560341177579,0,0.0744573365893828,0.223372009768148
"percentile_latbin_OLS","q75","Northern","occurrence10_k3_tropical_temperate_polar","Coldhouse","Warmhouse",2,2,-0.375811345379726,0,0.122639058403386,0.245278116806773
"percentile_latbin_OLS","q75","Northern","occurrence10_k3_tropical_temperate_polar","Coolhouse","Warmhouse",2,2,-0.280947585331313,1,0.349267679151669,0.523901518727504
"percentile_latbin_OLS","q75","Northern","occurrence10_k3_tropical_temperate_polar","Coldhouse","Coolhouse",2,2,-0.0948637600484128,2,0.650732320848331,0.780878785017997
"percentile_latbin_OLS","q75","Northern","occurrence10_k3_tropical_temperate_polar","Transitional","Warmhouse",3,2,0.447612755846265,5,0.925542663410617,0.925542663410617
"percentile_latbin_OLS","q75","Northern","occurrence10_k3_tropical_temperate_polar","Coldhouse","Hothouse",2,1,-0.556687106017497,NA,NA,NA
"percentile_latbin_OLS","q75","Northern","occurrence10_k3_tropical_temperate_polar","Coolhouse","Hothouse",2,1,-0.461823345969084,NA,NA,NA
"percentile_latbin_OLS","q75","Northern","occurrence10_k3_tropical_temperate_polar","Transitional","Hothouse",3,1,0.266736995208495,NA,NA,NA
"percentile_latbin_OLS","q75","Northern","occurrence10_k3_tropical_temperate_polar","Warmhouse","Hothouse",2,1,-0.18087576063777,NA,NA,NA
"percentile_latbin_OLS","q75","Northern","collection5_k1_tropical_temperate","Coldhouse","Transitional",10,14,-0.831357703855468,5,7.94493653905067e-05,0.000794493653905067
"percentile_latbin_OLS","q75","Northern","collection5_k1_tropical_temperate","Coolhouse","Transitional",14,14,-0.65466005907552,26,0.000509443099772661,0.00254721549886331
"percentile_latbin_OLS","q75","Northern","collection5_k1_tropical_temperate","Coldhouse","Warmhouse",10,11,-0.78862414946937,11,0.00109499971725997,0.00364999905753325
"percentile_latbin_OLS","q75","Northern","collection5_k1_tropical_temperate","Coolhouse","Warmhouse",14,11,-0.611926504689421,27,0.00336545828276561,0.00841364570691401
"percentile_latbin_OLS","q75","Northern","collection5_k1_tropical_temperate","Coldhouse","Hothouse",10,9,-0.520134288906772,18,0.0152430784676317,0.0304861569352634
"percentile_latbin_OLS","q75","Northern","collection5_k1_tropical_temperate","Coolhouse","Hothouse",14,9,-0.343436644126824,42,0.098286210958812,0.16381035159802
"percentile_latbin_OLS","q75","Northern","collection5_k1_tropical_temperate","Coldhouse","Coolhouse",10,14,-0.176697644779948,56,0.214624023571839,0.30660574795977
"percentile_latbin_OLS","q75","Northern","collection5_k1_tropical_temperate","Transitional","Warmhouse",14,11,0.042733554386098,83,0.639020473052868,0.798775591316085
"percentile_latbin_OLS","q75","Northern","collection5_k1_tropical_temperate","Transitional","Hothouse",14,9,0.311223414948695,99,0.989255587634983,0.989255587634983
"percentile_latbin_OLS","q75","Northern","collection5_k1_tropical_temperate","Warmhouse","Hothouse",11,9,0.268489860562597,69,0.935678430523463,0.989255587634983
"percentile_latbin_OLS","q75","Northern","collection5_k1_tropical_temperate_polar","Coldhouse","Transitional",7,10,-0.772894723838311,0,0.000380152921436306,0.00380152921436306
"percentile_latbin_OLS","q75","Northern","collection5_k1_tropical_temperate_polar","Coldhouse","Warmhouse",7,9,-0.691033993734924,5,0.00296043389979122,0.00986811299930408
"percentile_latbin_OLS","q75","Northern","collection5_k1_tropical_temperate_polar","Coolhouse","Transitional",10,10,-0.524822991065307,13,0.00289767927216736,0.00986811299930408
"percentile_latbin_OLS","q75","Northern","collection5_k1_tropical_temperate_polar","Coldhouse","Hothouse",7,4,-0.652636923693939,0,0.0053667080514986,0.0134167701287465
"percentile_latbin_OLS","q75","Northern","collection5_k1_tropical_temperate_polar","Coolhouse","Warmhouse",10,9,-0.44296226096192,18,0.0152430784676317,0.0304861569352634
"percentile_latbin_OLS","q75","Northern","collection5_k1_tropical_temperate_polar","Coldhouse","Coolhouse",7,10,-0.248071732773004,18,0.0536732684969055,0.0894554474948425
"percentile_latbin_OLS","q75","Northern","collection5_k1_tropical_temperate_polar","Coolhouse","Hothouse",10,4,-0.404565190920935,10,0.089554596363361,0.127935137661944
"percentile_latbin_OLS","q75","Northern","collection5_k1_tropical_temperate_polar","Transitional","Warmhouse",10,9,0.081860730103387,51,0.702194550262135,0.783803074749968
"percentile_latbin_OLS","q75","Northern","collection5_k1_tropical_temperate_polar","Warmhouse","Hothouse",9,4,0.0383970700409846,21,0.705422767274971,0.783803074749968
"percentile_latbin_OLS","q75","Northern","collection5_k1_tropical_temperate_polar","Transitional","Hothouse",10,4,0.120257800144372,29,0.910445403636639,0.910445403636639
"percentile_latbin_OLS","q75","Northern","collection5_k2_tropical_temperate","Coldhouse","Transitional",6,12,-0.782174131810729,1,0.000616312865607343,0.00308156432803671
"percentile_latbin_OLS","q75","Northern","collection5_k2_tropical_temperate","Coolhouse","Transitional",6,12,-0.919332429356933,1,0.000616312865607343,0.00308156432803671
"percentile_latbin_OLS","q75","Northern","collection5_k2_tropical_temperate","Coldhouse","Hothouse",6,7,-0.635406098380676,1,0.0026704962625336,0.00822097132068858
"percentile_latbin_OLS","q75","Northern","collection5_k2_tropical_temperate","Coolhouse","Warmhouse",6,8,-0.759664327602229,3,0.00406601094944092,0.00822097132068858
"percentile_latbin_OLS","q75","Northern","collection5_k2_tropical_temperate","Coolhouse","Hothouse",6,7,-0.77256439592688,2,0.00411048566034429,0.00822097132068858
"percentile_latbin_OLS","q75","Northern","collection5_k2_tropical_temperate","Coldhouse","Warmhouse",6,8,-0.622506030056025,6,0.0119342210822872,0.0198903684704786
"percentile_latbin_OLS","q75","Northern","collection5_k2_tropical_temperate","Warmhouse","Hothouse",8,7,-0.0129000683246516,29,0.568906652799619,0.812723789713741
"percentile_latbin_OLS","q75","Northern","collection5_k2_tropical_temperate","Coldhouse","Coolhouse",6,6,0.137158297546204,21,0.712413234039902,0.890516542549877
"percentile_latbin_OLS","q75","Northern","collection5_k2_tropical_temperate","Transitional","Warmhouse",12,8,0.159668101754704,63,0.884122637793331,0.918417347281229
"percentile_latbin_OLS","q75","Northern","collection5_k2_tropical_temperate","Transitional","Hothouse",12,7,0.146768033430052,58,0.918417347281229,0.918417347281229
"percentile_latbin_OLS","q75","Northern","collection5_k2_tropical_temperate_polar","Coldhouse","Transitional",3,5,-0.560973658797609,0,0.0184442128535249,0.0933410398016573
"percentile_latbin_OLS","q75","Northern","collection5_k2_tropical_temperate_polar","Coolhouse","Transitional",4,5,-0.7132110742444,1,0.0186682079603315,0.0933410398016573
"percentile_latbin_OLS","q75","Northern","collection5_k2_tropical_temperate_polar","Coolhouse","Warmhouse",4,4,-0.694755656188848,1,0.030300984856003,0.101003282853344
"percentile_latbin_OLS","q75","Northern","collection5_k2_tropical_temperate_polar","Coolhouse","Hothouse",4,2,-0.866714211698817,0,0.0525962525600207,0.131490631400052
"percentile_latbin_OLS","q75","Northern","collection5_k2_tropical_temperate_polar","Coldhouse","Hothouse",3,2,-0.714476796252026,0,0.0744573365893828,0.148914673178766
"percentile_latbin_OLS","q75","Northern","collection5_k2_tropical_temperate_polar","Coldhouse","Warmhouse",3,4,-0.542518240742057,3,0.188379558905791,0.313965931509652
"percentile_latbin_OLS","q75","Northern","collection5_k2_tropical_temperate_polar","Warmhouse","Hothouse",4,2,-0.171958555509969,2,0.243726645182017,0.348180921688596
"percentile_latbin_OLS","q75","Northern","collection5_k2_tropical_temperate_polar","Transitional","Hothouse",5,2,-0.153503137454417,3,0.280637918067289,0.350797397584111
"percentile_latbin_OLS","q75","Northern","collection5_k2_tropical_temperate_polar","Transitional","Warmhouse",5,4,0.0184554180555522,12,0.72985431269629,0.810949236329211
"percentile_latbin_OLS","q75","Northern","collection5_k2_tropical_temperate_polar","Coldhouse","Coolhouse",3,4,0.152237415446791,9,0.89203753052993,0.89203753052993
"percentile_latbin_OLS","q75","Northern","collection5_k3_tropical_temperate","Coldhouse","Transitional",4,8,-0.814537315036307,0,0.00423740094607692,0.0211870047303846
"percentile_latbin_OLS","q75","Northern","collection5_k3_tropical_temperate","Coolhouse","Transitional",4,8,-0.883788114206563,0,0.00423740094607692,0.0211870047303846
"percentile_latbin_OLS","q75","Northern","collection5_k3_tropical_temperate","Coldhouse","Warmhouse",4,6,-0.565777226779509,1,0.0125907322022298,0.0314768305055746
"percentile_latbin_OLS","q75","Northern","collection5_k3_tropical_temperate","Coolhouse","Warmhouse",4,6,-0.635028025949765,1,0.0125907322022298,0.0314768305055746
"percentile_latbin_OLS","q75","Northern","collection5_k3_tropical_temperate","Coldhouse","Hothouse",4,3,-0.578677295104161,0,0.0259149636089548,0.0518299272179097
"percentile_latbin_OLS","q75","Northern","collection5_k3_tropical_temperate","Coolhouse","Hothouse",4,3,-0.647928094274417,1,0.0558058841491461,0.0930098069152435
"percentile_latbin_OLS","q75","Northern","collection5_k3_tropical_temperate","Coldhouse","Coolhouse",4,4,0.069250799170256,7,0.442616957236601,0.63230993890943
"percentile_latbin_OLS","q75","Northern","collection5_k3_tropical_temperate","Warmhouse","Hothouse",6,3,-0.0129000683246516,9,0.551360519369958,0.689200649212448
"percentile_latbin_OLS","q75","Northern","collection5_k3_tropical_temperate","Transitional","Warmhouse",8,6,0.248760088256798,41,0.988065778917713,0.988065778917713
"percentile_latbin_OLS","q75","Northern","collection5_k3_tropical_temperate","Transitional","Hothouse",8,3,0.235860019932146,22,0.983955633010884,0.988065778917713
"percentile_latbin_OLS","q75","Northern","collection5_k3_tropical_temperate_polar","Coldhouse","Warmhouse",2,2,-0.652767935344771,0,0.122639058403386,0.18395858760508
"percentile_latbin_OLS","q75","Northern","collection5_k3_tropical_temperate_polar","Coldhouse","Hothouse",2,2,-0.661701434687345,0,0.122639058403386,0.18395858760508
"percentile_latbin_OLS","q75","Northern","collection5_k3_tropical_temperate_polar","Warmhouse","Hothouse",2,2,-0.00893349934257409,2,0.650732320848331,0.650732320848331
"percentile_latbin_OLS","q75","Northern","collection5_k3_tropical_temperate_polar","Coldhouse","Coolhouse",2,1,-0.403189144844696,NA,NA,NA
"percentile_latbin_OLS","q75","Northern","collection5_k3_tropical_temperate_polar","Coldhouse","Transitional",2,1,-0.63320170545899,NA,NA,NA
"percentile_latbin_OLS","q75","Northern","collection5_k3_tropical_temperate_polar","Coolhouse","Transitional",1,1,-0.230012560614294,NA,NA,NA
"percentile_latbin_OLS","q75","Northern","collection5_k3_tropical_temperate_polar","Coolhouse","Warmhouse",1,2,-0.249578790500075,NA,NA,NA
"percentile_latbin_OLS","q75","Northern","collection5_k3_tropical_temperate_polar","Coolhouse","Hothouse",1,2,-0.258512289842649,NA,NA,NA
"percentile_latbin_OLS","q75","Northern","collection5_k3_tropical_temperate_polar","Transitional","Warmhouse",1,2,-0.0195662298857812,NA,NA,NA
"percentile_latbin_OLS","q75","Northern","collection5_k3_tropical_temperate_polar","Transitional","Hothouse",1,2,-0.0284997292283553,NA,NA,NA
"percentile_latbin_OLS","q75","Northern","collection10_k1_tropical_temperate","Coldhouse","Warmhouse",8,9,-0.936120739451902,3,0.000882057150963254,0.00540946782217576
"percentile_latbin_OLS","q75","Northern","collection10_k1_tropical_temperate","Coldhouse","Hothouse",8,7,-0.692431091351464,1,0.00108189356443515,0.00540946782217576
"percentile_latbin_OLS","q75","Northern","collection10_k1_tropical_temperate","Coldhouse","Transitional",8,11,-1.16926329869384,9,0.00219461089366244,0.00731536964554145
"percentile_latbin_OLS","q75","Northern","collection10_k1_tropical_temperate","Coolhouse","Transitional",10,11,-0.97906494226479,21,0.00916215387575849,0.0152702564595975
"percentile_latbin_OLS","q75","Northern","collection10_k1_tropical_temperate","Coolhouse","Warmhouse",10,9,-0.745922383022849,15,0.00800549540525859,0.0152702564595975
"percentile_latbin_OLS","q75","Northern","collection10_k1_tropical_temperate","Coolhouse","Hothouse",10,7,-0.502232734922411,9,0.00641334682274272,0.0152702564595975
"percentile_latbin_OLS","q75","Northern","collection10_k1_tropical_temperate","Coldhouse","Coolhouse",8,10,-0.190198356429053,31,0.225051050556322,0.321501500794746
"percentile_latbin_OLS","q75","Northern","collection10_k1_tropical_temperate","Transitional","Warmhouse",11,9,0.233142559241941,50,0.530279995982501,0.589199995536113
"percentile_latbin_OLS","q75","Northern","collection10_k1_tropical_temperate","Warmhouse","Hothouse",9,7,0.243689648100438,31,0.5,0.589199995536113
"percentile_latbin_OLS","q75","Northern","collection10_k1_tropical_temperate","Transitional","Hothouse",11,7,0.47683220734238,41,0.607073667698408,0.607073667698408
"percentile_latbin_OLS","q75","Northern","collection10_k1_tropical_temperate_polar","Coldhouse","Transitional",5,4,-0.456456568390852,0,0.00998222665260803,0.0499111332630402
"percentile_latbin_OLS","q75","Northern","collection10_k1_tropical_temperate_polar","Coldhouse","Warmhouse",5,4,-0.358478079284095,0,0.00998222665260803,0.0499111332630402
"percentile_latbin_OLS","q75","Northern","collection10_k1_tropical_temperate_polar","Coldhouse","Hothouse",5,2,-0.682999029765955,0,0.0406805646170377,0.131490631400052
"percentile_latbin_OLS","q75","Northern","collection10_k1_tropical_temperate_polar","Warmhouse","Hothouse",4,2,-0.32452095048186,0,0.0525962525600207,0.131490631400052
"percentile_latbin_OLS","q75","Northern","collection10_k1_tropical_temperate_polar","Coolhouse","Hothouse",7,2,-0.338412321935076,2,0.0938413862666982,0.187682772533396
"percentile_latbin_OLS","q75","Northern","collection10_k1_tropical_temperate_polar","Coldhouse","Coolhouse",5,7,-0.344586707830879,13,0.257975848179274,0.322469810224093
"percentile_latbin_OLS","q75","Northern","collection10_k1_tropical_temperate_polar","Coolhouse","Transitional",7,4,-0.111869860559973,9,0.197545792452075,0.322469810224093
"percentile_latbin_OLS","q75","Northern","collection10_k1_tropical_temperate_polar","Transitional","Hothouse",4,2,-0.226542461375103,2,0.243726645182017,0.322469810224093
"percentile_latbin_OLS","q75","Northern","collection10_k1_tropical_temperate_polar","Coolhouse","Warmhouse",7,4,-0.0138913714532161,11,0.3183008162818,0.353667573646445
"percentile_latbin_OLS","q75","Northern","collection10_k1_tropical_temperate_polar","Transitional","Warmhouse",4,4,0.097978489106757,10,0.764756788970605,0.764756788970605
"percentile_latbin_OLS","q75","Northern","collection10_k2_tropical_temperate","Coldhouse","Warmhouse",6,8,-0.779661495169457,3,0.00406601094944092,0.0205975470643116
"percentile_latbin_OLS","q75","Northern","collection10_k2_tropical_temperate","Coldhouse","Hothouse",6,6,-0.666920965872198,1,0.00411950941286232,0.0205975470643116
"percentile_latbin_OLS","q75","Northern","collection10_k2_tropical_temperate","Coldhouse","Transitional",6,9,-1.14807501065055,7,0.0107781333800082,0.0359271112666939
"percentile_latbin_OLS","q75","Northern","collection10_k2_tropical_temperate","Coolhouse","Transitional",5,9,-1.13856351781615,8,0.0309740757067406,0.067277960538349
"percentile_latbin_OLS","q75","Northern","collection10_k2_tropical_temperate","Coolhouse","Warmhouse",5,8,-0.770150002335057,7,0.0336389802691745,0.067277960538349
"percentile_latbin_OLS","q75","Northern","collection10_k2_tropical_temperate","Coolhouse","Hothouse",5,6,-0.657409473037798,5,0.0414187125794032,0.0690311876323386
"percentile_latbin_OLS","q75","Northern","collection10_k2_tropical_temperate","Coldhouse","Coolhouse",6,5,-0.00951149283439978,15,0.536367763237384,0.67045970404673
"percentile_latbin_OLS","q75","Northern","collection10_k2_tropical_temperate","Warmhouse","Hothouse",8,6,0.112740529297259,24,0.525733741574678,0.67045970404673
"percentile_latbin_OLS","q75","Northern","collection10_k2_tropical_temperate","Transitional","Warmhouse",9,8,0.368413515481094,39,0.631861510829464,0.702068345366072
"percentile_latbin_OLS","q75","Northern","collection10_k2_tropical_temperate","Transitional","Hothouse",9,6,0.481154044778353,34,0.811620441094209,0.811620441094209
"percentile_latbin_OLS","q75","Northern","collection10_k2_tropical_temperate_polar","Coldhouse","Warmhouse",2,4,-0.342400015390338,0,0.0525962525600207,0.315577515360124
"percentile_latbin_OLS","q75","Northern","collection10_k2_tropical_temperate_polar","Coldhouse","Transitional",2,2,-0.439619733902845,0,0.122639058403386,0.367917175210159
"percentile_latbin_OLS","q75","Northern","collection10_k2_tropical_temperate_polar","Coolhouse","Transitional",2,2,-0.299629489035731,1,0.349267679151669,0.612720991286543
"percentile_latbin_OLS","q75","Northern","collection10_k2_tropical_temperate_polar","Coolhouse","Warmhouse",2,4,-0.202409770523224,3,0.408480660857696,0.612720991286543
"percentile_latbin_OLS","q75","Northern","collection10_k2_tropical_temperate_polar","Coldhouse","Coolhouse",2,2,-0.139990244867113,2,0.650732320848331,0.756273354817983
"percentile_latbin_OLS","q75","Northern","collection10_k2_tropical_temperate_polar","Transitional","Warmhouse",2,4,0.097219718512507,5,0.756273354817983,0.756273354817983
"percentile_latbin_OLS","q75","Northern","collection10_k2_tropical_temperate_polar","Coldhouse","Hothouse",2,1,-0.671242803308171,NA,NA,NA
"percentile_latbin_OLS","q75","Northern","collection10_k2_tropical_temperate_polar","Coolhouse","Hothouse",2,1,-0.531252558441058,NA,NA,NA
"percentile_latbin_OLS","q75","Northern","collection10_k2_tropical_temperate_polar","Transitional","Hothouse",2,1,-0.231623069405327,NA,NA,NA
"percentile_latbin_OLS","q75","Northern","collection10_k2_tropical_temperate_polar","Warmhouse","Hothouse",4,1,-0.328842787917834,NA,NA,NA
"percentile_latbin_OLS","q75","Northern","collection10_k3_tropical_temperate","Coldhouse","Transitional",3,4,-1.41297423965885,0,0.0259149636089548,0.129574818044774
"percentile_latbin_OLS","q75","Northern","collection10_k3_tropical_temperate","Coldhouse","Warmhouse",3,4,-1.26815038303937,0,0.0259149636089548,0.129574818044774
"percentile_latbin_OLS","q75","Northern","collection10_k3_tropical_temperate","Coldhouse","Hothouse",3,3,-0.687320867201929,0,0.0404277991850261,0.131490631400052
"percentile_latbin_OLS","q75","Northern","collection10_k3_tropical_temperate","Coolhouse","Transitional",2,4,-1.25690593089798,0,0.0525962525600207,0.131490631400052
"percentile_latbin_OLS","q75","Northern","collection10_k3_tropical_temperate","Coolhouse","Warmhouse",2,4,-1.1120820742785,1,0.123579986605954,0.247159973211907
"percentile_latbin_OLS","q75","Northern","collection10_k3_tropical_temperate","Coolhouse","Hothouse",2,3,-0.531252558441058,1,0.193238115385616,0.322063525642694
"percentile_latbin_OLS","q75","Northern","collection10_k3_tropical_temperate","Coldhouse","Coolhouse",3,2,-0.156068308760871,2,0.386414996342224,0.552021423346034
"percentile_latbin_OLS","q75","Northern","collection10_k3_tropical_temperate","Transitional","Warmhouse",4,4,0.144823856619487,8,0.557383042763399,0.696728803454249
"percentile_latbin_OLS","q75","Northern","collection10_k3_tropical_temperate","Warmhouse","Hothouse",4,3,0.580829515837438,7,0.702058454717411,0.780064949686012
"percentile_latbin_OLS","q75","Northern","collection10_k3_tropical_temperate","Transitional","Hothouse",4,3,0.725653372456925,9,0.89203753052993,0.89203753052993
"percentile_latbin_OLS","q75","Northern","collection10_k3_tropical_temperate_polar","Coldhouse","Coolhouse",1,1,-0.493775787256226,NA,NA,NA
"percentile_latbin_OLS","q75","Northern","collection10_k3_tropical_temperate_polar","Coldhouse","Transitional",1,1,-0.673827069857584,NA,NA,NA
"percentile_latbin_OLS","q75","Northern","collection10_k3_tropical_temperate_polar","Coldhouse","Warmhouse",1,2,-0.467638088189342,NA,NA,NA
"percentile_latbin_OLS","q75","Northern","collection10_k3_tropical_temperate_polar","Coldhouse","Hothouse",1,0,NA,NA,NA,NA
"percentile_latbin_OLS","q75","Northern","collection10_k3_tropical_temperate_polar","Coolhouse","Transitional",1,1,-0.180051282601359,NA,NA,NA
"percentile_latbin_OLS","q75","Northern","collection10_k3_tropical_temperate_polar","Coolhouse","Warmhouse",1,2,0.0261376990668837,NA,NA,NA
"percentile_latbin_OLS","q75","Northern","collection10_k3_tropical_temperate_polar","Coolhouse","Hothouse",1,0,NA,NA,NA,NA
"percentile_latbin_OLS","q75","Northern","collection10_k3_tropical_temperate_polar","Transitional","Warmhouse",1,2,0.206188981668243,NA,NA,NA
"percentile_latbin_OLS","q75","Northern","collection10_k3_tropical_temperate_polar","Transitional","Hothouse",1,0,NA,NA,NA,NA
"percentile_latbin_OLS","q75","Northern","collection10_k3_tropical_temperate_polar","Warmhouse","Hothouse",2,0,NA,NA,NA,NA
"percentile_latbin_OLS","q75","Southern","occurrence5_k1_tropical_temperate","Coldhouse","Transitional",11,10,-0.120254472936477,37,0.108916114618636,0.217832229237272
"percentile_latbin_OLS","q75","Southern","occurrence5_k1_tropical_temperate","Coldhouse","Warmhouse",11,11,-0.267122911861078,37,0.065484051899106,0.217832229237272
"percentile_latbin_OLS","q75","Southern","occurrence5_k1_tropical_temperate","Coldhouse","Hothouse",11,13,-0.461911607837385,43,0.0523777736823219,0.217832229237272
"percentile_latbin_OLS","q75","Southern","occurrence5_k1_tropical_temperate","Coolhouse","Hothouse",16,13,-0.424730545416914,73,0.0905275426605608,0.217832229237272
"percentile_latbin_OLS","q75","Southern","occurrence5_k1_tropical_temperate","Transitional","Hothouse",10,13,-0.341657134900908,35,0.0336614465674356,0.217832229237272
"percentile_latbin_OLS","q75","Southern","occurrence5_k1_tropical_temperate","Coldhouse","Coolhouse",11,16,-0.037181062420471,67,0.155864498124165,0.259701041479748
"percentile_latbin_OLS","q75","Southern","occurrence5_k1_tropical_temperate","Coolhouse","Warmhouse",16,11,-0.229941849440607,71,0.207760833183798,0.259701041479748
"percentile_latbin_OLS","q75","Southern","occurrence5_k1_tropical_temperate","Transitional","Warmhouse",10,11,-0.146868438924601,42,0.189369125943265,0.259701041479748
"percentile_latbin_OLS","q75","Southern","occurrence5_k1_tropical_temperate","Warmhouse","Hothouse",11,13,-0.194788695976307,59,0.243452908130246,0.270503231255829
"percentile_latbin_OLS","q75","Southern","occurrence5_k1_tropical_temperate","Coolhouse","Transitional",16,10,-0.0830734105160063,77,0.447586442407623,0.447586442407623
"percentile_latbin_OLS","q75","Southern","occurrence5_k1_tropical_temperate_polar","Coolhouse","Hothouse",13,9,-0.453614626178822,19,0.00460251310447544,0.0460251310447544
"percentile_latbin_OLS","q75","Southern","occurrence5_k1_tropical_temperate_polar","Transitional","Hothouse",7,9,-0.302697957803633,14,0.0359721177265917,0.179860588632958
"percentile_latbin_OLS","q75","Southern","occurrence5_k1_tropical_temperate_polar","Warmhouse","Hothouse",7,9,-0.235663504807927,17,0.0691811709401254,0.230603903133751
"percentile_latbin_OLS","q75","Southern","occurrence5_k1_tropical_temperate_polar","Coldhouse","Hothouse",4,9,-0.336862300688819,10,0.123579986605954,0.247159973211907
"percentile_latbin_OLS","q75","Southern","occurrence5_k1_tropical_temperate_polar","Coolhouse","Transitional",13,7,-0.150916668375189,30,0.117290035046926,0.247159973211907
"percentile_latbin_OLS","q75","Southern","occurrence5_k1_tropical_temperate_polar","Coolhouse","Warmhouse",13,7,-0.217951121370895,40,0.345973425007512,0.57662237501252
"percentile_latbin_OLS","q75","Southern","occurrence5_k1_tropical_temperate_polar","Coldhouse","Transitional",4,7,-0.0341643428851861,14,0.537640481256615,0.757443537464666
"percentile_latbin_OLS","q75","Southern","occurrence5_k1_tropical_temperate_polar","Coldhouse","Warmhouse",4,7,-0.101198795880892,16,0.6816991837182,0.757443537464666
"percentile_latbin_OLS","q75","Southern","occurrence5_k1_tropical_temperate_polar","Transitional","Warmhouse",7,7,-0.067034452995706,27,0.649260945566693,0.757443537464666
"percentile_latbin_OLS","q75","Southern","occurrence5_k1_tropical_temperate_polar","Coldhouse","Coolhouse",4,13,0.116752325490003,35,0.858961040471732,0.858961040471732
"percentile_latbin_OLS","q75","Southern","occurrence5_k2_tropical_temperate","Coldhouse","Hothouse",6,8,-0.75603520432291,0,0.00120732445687942,0.0120732445687942
"percentile_latbin_OLS","q75","Southern","occurrence5_k2_tropical_temperate","Transitional","Hothouse",4,8,-0.537841856375885,0,0.00423740094607692,0.0211870047303846
"percentile_latbin_OLS","q75","Southern","occurrence5_k2_tropical_temperate","Coldhouse","Warmhouse",6,6,-0.420476660461544,4,0.0153194939688516,0.0510649798961721
"percentile_latbin_OLS","q75","Southern","occurrence5_k2_tropical_temperate","Coldhouse","Coolhouse",6,8,-0.207729274310318,11,0.0532915847874438,0.106583169574888
"percentile_latbin_OLS","q75","Southern","occurrence5_k2_tropical_temperate","Coolhouse","Hothouse",8,8,-0.548305930012592,16,0.051780935588267,0.106583169574888
"percentile_latbin_OLS","q75","Southern","occurrence5_k2_tropical_temperate","Transitional","Warmhouse",4,6,-0.202283312514519,5,0.0829032800970067,0.138172133495011
"percentile_latbin_OLS","q75","Southern","occurrence5_k2_tropical_temperate","Warmhouse","Hothouse",6,8,-0.335558543861365,14,0.110015681790706,0.157165259701009
"percentile_latbin_OLS","q75","Southern","occurrence5_k2_tropical_temperate","Coldhouse","Transitional",6,4,-0.218193347947025,7,0.168677825888181,0.210847282360226
"percentile_latbin_OLS","q75","Southern","occurrence5_k2_tropical_temperate","Coolhouse","Warmhouse",8,6,-0.212747386151226,18,0.238837511992952,0.265375013325502
"percentile_latbin_OLS","q75","Southern","occurrence5_k2_tropical_temperate","Coolhouse","Transitional",8,4,-0.0104640736367071,19,0.723892888982925,0.723892888982925
"percentile_latbin_OLS","q75","Southern","occurrence5_k2_tropical_temperate_polar","Coolhouse","Hothouse",4,6,-0.493471370783822,2,0.0214128046154457,0.100129522754452
"percentile_latbin_OLS","q75","Southern","occurrence5_k2_tropical_temperate_polar","Transitional","Hothouse",2,6,-0.480826287046902,0,0.0333765075848173,0.100129522754452
"percentile_latbin_OLS","q75","Southern","occurrence5_k2_tropical_temperate_polar","Warmhouse","Hothouse",4,6,-0.280723984632596,6,0.120477334350785,0.24095466870157
"percentile_latbin_OLS","q75","Southern","occurrence5_k2_tropical_temperate_polar","Transitional","Warmhouse",2,4,-0.200102302414306,2,0.243726645182017,0.365589967773026
"percentile_latbin_OLS","q75","Southern","occurrence5_k2_tropical_temperate_polar","Coolhouse","Warmhouse",4,4,-0.212747386151226,6,0.332502771051015,0.399003325261217
"percentile_latbin_OLS","q75","Southern","occurrence5_k2_tropical_temperate_polar","Coolhouse","Transitional",4,2,-0.0126450837369206,4,0.591519339142304,0.591519339142304
"percentile_latbin_OLS","q75","Southern","occurrence5_k2_tropical_temperate_polar","Coldhouse","Coolhouse",1,4,-0.06916801515184,NA,NA,NA
"percentile_latbin_OLS","q75","Southern","occurrence5_k2_tropical_temperate_polar","Coldhouse","Transitional",1,2,-0.0818130988887606,NA,NA,NA
"percentile_latbin_OLS","q75","Southern","occurrence5_k2_tropical_temperate_polar","Coldhouse","Warmhouse",1,4,-0.281915401303066,NA,NA,NA
"percentile_latbin_OLS","q75","Southern","occurrence5_k2_tropical_temperate_polar","Coldhouse","Hothouse",1,6,-0.562639385935662,NA,NA,NA
"percentile_latbin_OLS","q75","Southern","occurrence5_k3_tropical_temperate","Coldhouse","Hothouse",2,4,-0.5672668916757,0,0.0525962525600207,0.139183608166426
"percentile_latbin_OLS","q75","Southern","occurrence5_k3_tropical_temperate","Coolhouse","Hothouse",5,4,-0.542301966461444,3,0.0556734432665702,0.139183608166426
"percentile_latbin_OLS","q75","Southern","occurrence5_k3_tropical_temperate","Transitional","Hothouse",4,4,-0.521635654120807,0,0.0151914109882887,0.139183608166426
"percentile_latbin_OLS","q75","Southern","occurrence5_k3_tropical_temperate","Warmhouse","Hothouse",5,4,-0.382119006614364,3,0.0556734432665702,0.139183608166426
"percentile_latbin_OLS","q75","Southern","occurrence5_k3_tropical_temperate","Transitional","Warmhouse",4,5,-0.139516647506443,5,0.13517207032739,0.27034414065478
"percentile_latbin_OLS","q75","Southern","occurrence5_k3_tropical_temperate","Coldhouse","Warmhouse",2,5,-0.185147885061336,2,0.166460804032783,0.277434673387972
"percentile_latbin_OLS","q75","Southern","occurrence5_k3_tropical_temperate","Coolhouse","Warmhouse",5,5,-0.16018295984708,8,0.201697652446314,0.288139503494734
"percentile_latbin_OLS","q75","Southern","occurrence5_k3_tropical_temperate","Coldhouse","Coolhouse",2,5,-0.0249649252142563,4,0.423225298438295,0.470250331598106
"percentile_latbin_OLS","q75","Southern","occurrence5_k3_tropical_temperate","Coldhouse","Transitional",2,4,-0.0456312375548933,3,0.408480660857696,0.470250331598106
"percentile_latbin_OLS","q75","Southern","occurrence5_k3_tropical_temperate","Coolhouse","Transitional",5,4,-0.020666312340637,10,0.54873837491116,0.54873837491116
"percentile_latbin_OLS","q75","Southern","occurrence5_k3_tropical_temperate_polar","Coolhouse","Warmhouse",3,3,-0.285716289863233,0,0.0404277991850261,0.105192505120041
"percentile_latbin_OLS","q75","Southern","occurrence5_k3_tropical_temperate_polar","Coolhouse","Hothouse",3,4,-0.542301966461444,0,0.0259149636089548,0.105192505120041
"percentile_latbin_OLS","q75","Southern","occurrence5_k3_tropical_temperate_polar","Transitional","Hothouse",2,4,-0.519454644020593,0,0.0525962525600207,0.105192505120041
"percentile_latbin_OLS","q75","Southern","occurrence5_k3_tropical_temperate_polar","Transitional","Warmhouse",2,3,-0.262868967422382,0,0.0744573365893828,0.111686004884074
"percentile_latbin_OLS","q75","Southern","occurrence5_k3_tropical_temperate_polar","Warmhouse","Hothouse",3,4,-0.256585676598211,3,0.188379558905791,0.226055470686949
"percentile_latbin_OLS","q75","Southern","occurrence5_k3_tropical_temperate_polar","Coolhouse","Transitional",3,2,-0.0228473224408505,2,0.386414996342224,0.386414996342224
"percentile_latbin_OLS","q75","Southern","occurrence5_k3_tropical_temperate_polar","Coldhouse","Coolhouse",1,3,-0.0589657764479101,NA,NA,NA
"percentile_latbin_OLS","q75","Southern","occurrence5_k3_tropical_temperate_polar","Coldhouse","Transitional",1,2,-0.0818130988887606,NA,NA,NA
"percentile_latbin_OLS","q75","Southern","occurrence5_k3_tropical_temperate_polar","Coldhouse","Warmhouse",1,3,-0.344682066311143,NA,NA,NA
"percentile_latbin_OLS","q75","Southern","occurrence5_k3_tropical_temperate_polar","Coldhouse","Hothouse",1,4,-0.601267742909354,NA,NA,NA
"percentile_latbin_OLS","q75","Southern","occurrence10_k1_tropical_temperate","Transitional","Hothouse",9,12,-0.512722112183527,19,0.00710701943454103,0.0710701943454103
"percentile_latbin_OLS","q75","Southern","occurrence10_k1_tropical_temperate","Coldhouse","Hothouse",10,12,-0.549312520140606,29,0.022156896141583,0.0808234747920976
"percentile_latbin_OLS","q75","Southern","occurrence10_k1_tropical_temperate","Coolhouse","Hothouse",16,12,-0.448851254314717,53,0.0242470424376293,0.0808234747920976
"percentile_latbin_OLS","q75","Southern","occurrence10_k1_tropical_temperate","Warmhouse","Hothouse",10,12,-0.250498705465903,34,0.0463406616261541,0.115851654065385
"percentile_latbin_OLS","q75","Southern","occurrence10_k1_tropical_temperate","Coldhouse","Warmhouse",10,10,-0.298813814674703,30,0.0702325240791775,0.140465048158355
"percentile_latbin_OLS","q75","Southern","occurrence10_k1_tropical_temperate","Transitional","Warmhouse",9,10,-0.262223406717624,30,0.118222357786152,0.19703726297692
"percentile_latbin_OLS","q75","Southern","occurrence10_k1_tropical_temperate","Coldhouse","Coolhouse",10,16,-0.100461265825888,62,0.178177978514523,0.240315393362668
"percentile_latbin_OLS","q75","Southern","occurrence10_k1_tropical_temperate","Coolhouse","Warmhouse",16,10,-0.198352548848815,63,0.192252314690135,0.240315393362668
"percentile_latbin_OLS","q75","Southern","occurrence10_k1_tropical_temperate","Coldhouse","Transitional",10,9,-0.0365904079570785,37,0.27014568730371,0.3001618747819
"percentile_latbin_OLS","q75","Southern","occurrence10_k1_tropical_temperate","Coolhouse","Transitional",16,9,0.0638708578688098,81,0.704653340057645,0.704653340057645
"percentile_latbin_OLS","q75","Southern","occurrence10_k1_tropical_temperate_polar","Coolhouse","Hothouse",12,8,-0.500240602196213,13,0.00388697827613365,0.0388697827613365
"percentile_latbin_OLS","q75","Southern","occurrence10_k1_tropical_temperate_polar","Transitional","Hothouse",6,8,-0.482914840155543,8,0.0226939645193972,0.0756465483979907
"percentile_latbin_OLS","q75","Southern","occurrence10_k1_tropical_temperate_polar","Warmhouse","Hothouse",6,8,-0.270966225019277,8,0.0226939645193972,0.0756465483979907
"percentile_latbin_OLS","q75","Southern","occurrence10_k1_tropical_temperate_polar","Coldhouse","Hothouse",4,8,-0.433270075542299,7,0.0744182734383547,0.186045683595887
"percentile_latbin_OLS","q75","Southern","occurrence10_k1_tropical_temperate_polar","Coolhouse","Transitional",12,6,-0.0173257620406699,30,0.303233816495504,0.561180478861472
"percentile_latbin_OLS","q75","Southern","occurrence10_k1_tropical_temperate_polar","Coolhouse","Warmhouse",12,6,-0.229274377176936,31,0.336708287316883,0.561180478861472
"percentile_latbin_OLS","q75","Southern","occurrence10_k1_tropical_temperate_polar","Coldhouse","Warmhouse",4,6,-0.162303850523022,12,0.542446982789747,0.678058728487184
"percentile_latbin_OLS","q75","Southern","occurrence10_k1_tropical_temperate_polar","Transitional","Warmhouse",6,6,-0.211948615136266,18,0.53190685326347,0.678058728487184
"percentile_latbin_OLS","q75","Southern","occurrence10_k1_tropical_temperate_polar","Coldhouse","Transitional",4,6,0.0496447646132442,14,0.702983829700479,0.781093144111644
"percentile_latbin_OLS","q75","Southern","occurrence10_k1_tropical_temperate_polar","Coldhouse","Coolhouse",4,12,0.0669705266539141,30,0.784722060482004,0.784722060482004
"percentile_latbin_OLS","q75","Southern","occurrence10_k2_tropical_temperate","Coldhouse","Warmhouse",6,6,-0.531658562894666,1,0.00411950941286232,0.0177675485863526
"percentile_latbin_OLS","q75","Southern","occurrence10_k2_tropical_temperate","Coldhouse","Hothouse",6,6,-0.836190771055794,0,0.00253743404897013,0.0177675485863526
"percentile_latbin_OLS","q75","Southern","occurrence10_k2_tropical_temperate","Transitional","Warmhouse",4,6,-0.353607793474775,0,0.00710701943454103,0.0177675485863526
"percentile_latbin_OLS","q75","Southern","occurrence10_k2_tropical_temperate","Transitional","Hothouse",4,6,-0.658140001635903,0,0.00710701943454103,0.0177675485863526
"percentile_latbin_OLS","q75","Southern","occurrence10_k2_tropical_temperate","Coldhouse","Coolhouse",6,7,-0.283413681315775,8,0.0370727655557034,0.0741455311114069
"percentile_latbin_OLS","q75","Southern","occurrence10_k2_tropical_temperate","Warmhouse","Hothouse",6,6,-0.304532208161128,9,0.0867427341607392,0.144571223601232
"percentile_latbin_OLS","q75","Southern","occurrence10_k2_tropical_temperate","Coolhouse","Hothouse",7,6,-0.552777089740019,14,0.176555617253003,0.252222310361433
"percentile_latbin_OLS","q75","Southern","occurrence10_k2_tropical_temperate","Coldhouse","Transitional",6,4,-0.178050769419892,8,0.227772546894665,0.284715683618331
"percentile_latbin_OLS","q75","Southern","occurrence10_k2_tropical_temperate","Coolhouse","Warmhouse",7,6,-0.248244881578891,16,0.260158400253683,0.289064889170759
"percentile_latbin_OLS","q75","Southern","occurrence10_k2_tropical_temperate","Coolhouse","Transitional",7,4,0.105362911895884,22,0.945901376238149,0.945901376238149
"percentile_latbin_OLS","q75","Southern","occurrence10_k2_tropical_temperate_polar","Coolhouse","Warmhouse",3,3,-0.233701086599208,0,0.0404277991850261,0.0813611292340755
"percentile_latbin_OLS","q75","Southern","occurrence10_k2_tropical_temperate_polar","Coolhouse","Hothouse",3,5,-0.545986530685525,0,0.0184442128535249,0.0813611292340755
"percentile_latbin_OLS","q75","Southern","occurrence10_k2_tropical_temperate_polar","Transitional","Hothouse",2,5,-0.574725638210813,0,0.0406805646170377,0.0813611292340755
"percentile_latbin_OLS","q75","Southern","occurrence10_k2_tropical_temperate_polar","Transitional","Warmhouse",2,3,-0.262440194124496,0,0.0744573365893828,0.111686004884074
"percentile_latbin_OLS","q75","Southern","occurrence10_k2_tropical_temperate_polar","Warmhouse","Hothouse",3,5,-0.312285444086317,3,0.116518991136953,0.139822789364343
"percentile_latbin_OLS","q75","Southern","occurrence10_k2_tropical_temperate_polar","Coolhouse","Transitional",3,2,0.0287391075252881,4,0.806761884614384,0.806761884614384
"percentile_latbin_OLS","q75","Southern","occurrence10_k2_tropical_temperate_polar","Coldhouse","Coolhouse",1,3,-0.0968036308891201,NA,NA,NA
"percentile_latbin_OLS","q75","Southern","occurrence10_k2_tropical_temperate_polar","Coldhouse","Transitional",1,2,-0.0680645233638321,NA,NA,NA
"percentile_latbin_OLS","q75","Southern","occurrence10_k2_tropical_temperate_polar","Coldhouse","Warmhouse",1,3,-0.330504717488328,NA,NA,NA
"percentile_latbin_OLS","q75","Southern","occurrence10_k2_tropical_temperate_polar","Coldhouse","Hothouse",1,5,-0.642790161574645,NA,NA,NA
"percentile_latbin_OLS","q75","Southern","occurrence10_k3_tropical_temperate","Transitional","Warmhouse",4,5,-0.297026315526355,0,0.00998222665260803,0.0455742329648662
"percentile_latbin_OLS","q75","Southern","occurrence10_k3_tropical_temperate","Transitional","Hothouse",4,4,-0.658140001635903,0,0.0151914109882887,0.0455742329648662
"percentile_latbin_OLS","q75","Southern","occurrence10_k3_tropical_temperate","Warmhouse","Hothouse",5,4,-0.361113686109548,2,0.0330962898610967,0.0661925797221935
"percentile_latbin_OLS","q75","Southern","occurrence10_k3_tropical_temperate","Coolhouse","Hothouse",3,4,-0.552777089740019,3,0.188379558905791,0.282569338358687
"percentile_latbin_OLS","q75","Southern","occurrence10_k3_tropical_temperate","Coolhouse","Warmhouse",3,5,-0.191663403630471,6,0.382797241997882,0.459356690397458
"percentile_latbin_OLS","q75","Southern","occurrence10_k3_tropical_temperate","Coolhouse","Transitional",3,4,0.105362911895884,9,0.89203753052993,0.89203753052993
"percentile_latbin_OLS","q75","Southern","occurrence10_k3_tropical_temperate","Coldhouse","Coolhouse",0,3,NA,NA,NA,NA
"percentile_latbin_OLS","q75","Southern","occurrence10_k3_tropical_temperate","Coldhouse","Transitional",0,4,NA,NA,NA,NA
"percentile_latbin_OLS","q75","Southern","occurrence10_k3_tropical_temperate","Coldhouse","Warmhouse",0,5,NA,NA,NA,NA
"percentile_latbin_OLS","q75","Southern","occurrence10_k3_tropical_temperate","Coldhouse","Hothouse",0,4,NA,NA,NA,NA
"percentile_latbin_OLS","q75","Southern","occurrence10_k3_tropical_temperate_polar","Transitional","Warmhouse",2,3,-0.262440194124496,0,0.0744573365893828,0.111686004884074
"percentile_latbin_OLS","q75","Southern","occurrence10_k3_tropical_temperate_polar","Transitional","Hothouse",2,3,-0.574725638210813,0,0.0744573365893828,0.111686004884074
"percentile_latbin_OLS","q75","Southern","occurrence10_k3_tropical_temperate_polar","Warmhouse","Hothouse",3,3,-0.312285444086317,2,0.191366544442613,0.191366544442613
"percentile_latbin_OLS","q75","Southern","occurrence10_k3_tropical_temperate_polar","Coldhouse","Coolhouse",0,1,NA,NA,NA,NA
"percentile_latbin_OLS","q75","Southern","occurrence10_k3_tropical_temperate_polar","Coldhouse","Transitional",0,2,NA,NA,NA,NA
"percentile_latbin_OLS","q75","Southern","occurrence10_k3_tropical_temperate_polar","Coldhouse","Warmhouse",0,3,NA,NA,NA,NA
"percentile_latbin_OLS","q75","Southern","occurrence10_k3_tropical_temperate_polar","Coldhouse","Hothouse",0,3,NA,NA,NA,NA
"percentile_latbin_OLS","q75","Southern","occurrence10_k3_tropical_temperate_polar","Coolhouse","Transitional",1,2,0.0707767904940254,NA,NA,NA
"percentile_latbin_OLS","q75","Southern","occurrence10_k3_tropical_temperate_polar","Coolhouse","Warmhouse",1,3,-0.191663403630471,NA,NA,NA
"percentile_latbin_OLS","q75","Southern","occurrence10_k3_tropical_temperate_polar","Coolhouse","Hothouse",1,3,-0.503948847716788,NA,NA,NA
"percentile_latbin_OLS","q75","Southern","collection5_k1_tropical_temperate","Coldhouse","Hothouse",10,10,-0.570021921276011,17,0.00700963855697998,0.0700963855697998
"percentile_latbin_OLS","q75","Southern","collection5_k1_tropical_temperate","Coldhouse","Warmhouse",10,8,-0.282871603568208,15,0.0147446816922038,0.0737234084610189
"percentile_latbin_OLS","q75","Southern","collection5_k1_tropical_temperate","Coldhouse","Transitional",10,8,-0.0966256190772007,28,0.153437355287375,0.219196221839107
"percentile_latbin_OLS","q75","Southern","collection5_k1_tropical_temperate","Coolhouse","Warmhouse",16,8,-0.2543133154894,44,0.116214293267537,0.219196221839107
"percentile_latbin_OLS","q75","Southern","collection5_k1_tropical_temperate","Coolhouse","Hothouse",16,10,-0.541463633197204,54,0.0894793665753497,0.219196221839107
"percentile_latbin_OLS","q75","Southern","collection5_k1_tropical_temperate","Transitional","Hothouse",8,10,-0.47339630219881,23,0.0713154978948937,0.219196221839107
"percentile_latbin_OLS","q75","Southern","collection5_k1_tropical_temperate","Warmhouse","Hothouse",8,10,-0.287150317707803,27,0.133358623357958,0.219196221839107
"percentile_latbin_OLS","q75","Southern","collection5_k1_tropical_temperate","Coldhouse","Coolhouse",10,16,-0.0285582880788073,69,0.289995251927504,0.322216946586116
"percentile_latbin_OLS","q75","Southern","collection5_k1_tropical_temperate","Transitional","Warmhouse",8,8,-0.186245984491007,26,0.281761858238859,0.322216946586116
"percentile_latbin_OLS","q75","Southern","collection5_k1_tropical_temperate","Coolhouse","Transitional",16,8,-0.0680673309983934,60,0.415144725043619,0.415144725043619
"percentile_latbin_OLS","q75","Southern","collection5_k1_tropical_temperate_polar","Coolhouse","Hothouse",10,7,-0.519790274135511,4,0.0014578181250452,0.014578181250452
"percentile_latbin_OLS","q75","Southern","collection5_k1_tropical_temperate_polar","Transitional","Hothouse",5,7,-0.467436678622548,4,0.0173777921798081,0.0868889608990404
"percentile_latbin_OLS","q75","Southern","collection5_k1_tropical_temperate_polar","Coldhouse","Hothouse",4,7,-0.432947128874971,6,0.0781878608798223,0.195469652199556
"percentile_latbin_OLS","q75","Southern","collection5_k1_tropical_temperate_polar","Coolhouse","Warmhouse",10,4,-0.232428424070456,9,0.0687819469549517,0.195469652199556
"percentile_latbin_OLS","q75","Southern","collection5_k1_tropical_temperate_polar","Warmhouse","Hothouse",4,7,-0.287361850065055,7,0.109651324839659,0.219302649679319
"percentile_latbin_OLS","q75","Southern","collection5_k1_tropical_temperate_polar","Coolhouse","Transitional",10,5,-0.0523535955129635,18,0.212991558272459,0.354985930454099
"percentile_latbin_OLS","q75","Southern","collection5_k1_tropical_temperate_polar","Transitional","Warmhouse",5,4,-0.180074828557492,8,0.356651586939229,0.509502267056041
"percentile_latbin_OLS","q75","Southern","collection5_k1_tropical_temperate_polar","Coldhouse","Warmhouse",4,4,-0.145585278809916,7,0.442616957236601,0.553271196545751
"percentile_latbin_OLS","q75","Southern","collection5_k1_tropical_temperate_polar","Coldhouse","Transitional",4,5,0.0344895497475769,12,0.72985431269629,0.810949236329211
"percentile_latbin_OLS","q75","Southern","collection5_k1_tropical_temperate_polar","Coldhouse","Coolhouse",4,10,0.0868431452605404,31,0.948061921468457,0.948061921468457
"percentile_latbin_OLS","q75","Southern","collection5_k2_tropical_temperate","Coldhouse","Warmhouse",5,6,-0.334543957258179,0,0.00405655863278289,0.0202827931639144
"percentile_latbin_OLS","q75","Southern","collection5_k2_tropical_temperate","Coldhouse","Hothouse",5,7,-0.658678990929772,0,0.00288306045711863,0.0202827931639144
"percentile_latbin_OLS","q75","Southern","collection5_k2_tropical_temperate","Coolhouse","Warmhouse",5,6,-0.261869341007576,4,0.0276171268590319,0.0690428171475798
"percentile_latbin_OLS","q75","Southern","collection5_k2_tropical_temperate","Coolhouse","Hothouse",5,7,-0.586004374679168,5,0.0256599517940356,0.0690428171475798
"percentile_latbin_OLS","q75","Southern","collection5_k2_tropical_temperate","Coldhouse","Coolhouse",5,5,-0.0726746162506035,7,0.148134935742143,0.164594373046826
"percentile_latbin_OLS","q75","Southern","collection5_k2_tropical_temperate","Coldhouse","Transitional",5,4,-0.10451230981341,5,0.13517207032739,0.164594373046826
"percentile_latbin_OLS","q75","Southern","collection5_k2_tropical_temperate","Transitional","Warmhouse",4,6,-0.230031647444769,6,0.120477334350785,0.164594373046826
"percentile_latbin_OLS","q75","Southern","collection5_k2_tropical_temperate","Transitional","Hothouse",4,7,-0.554166681116362,7,0.109651324839659,0.164594373046826
"percentile_latbin_OLS","q75","Southern","collection5_k2_tropical_temperate","Warmhouse","Hothouse",6,7,-0.324135033671593,12,0.11231931946189,0.164594373046826
"percentile_latbin_OLS","q75","Southern","collection5_k2_tropical_temperate","Coolhouse","Transitional",5,4,-0.0318376935628068,9,0.45126162508884,0.45126162508884
"percentile_latbin_OLS","q75","Southern","collection5_k2_tropical_temperate_polar","Coolhouse","Warmhouse",3,3,-0.233981531339329,0,0.0404277991850261,0.0813611292340755
"percentile_latbin_OLS","q75","Southern","collection5_k2_tropical_temperate_polar","Coolhouse","Hothouse",3,5,-0.571923989186825,0,0.0184442128535249,0.0813611292340755
"percentile_latbin_OLS","q75","Southern","collection5_k2_tropical_temperate_polar","Transitional","Hothouse",2,5,-0.540086295624018,0,0.0406805646170377,0.0813611292340755
"percentile_latbin_OLS","q75","Southern","collection5_k2_tropical_temperate_polar","Transitional","Warmhouse",2,3,-0.202143837776522,1,0.193238115385616,0.23188573846274
"percentile_latbin_OLS","q75","Southern","collection5_k2_tropical_temperate_polar","Warmhouse","Hothouse",3,5,-0.337942457847496,4,0.185546684761349,0.23188573846274
"percentile_latbin_OLS","q75","Southern","collection5_k2_tropical_temperate_polar","Coolhouse","Transitional",3,2,-0.0318376935628068,2,0.386414996342224,0.386414996342224
"percentile_latbin_OLS","q75","Southern","collection5_k2_tropical_temperate_polar","Coldhouse","Coolhouse",1,3,-0.0726746162506035,NA,NA,NA
"percentile_latbin_OLS","q75","Southern","collection5_k2_tropical_temperate_polar","Coldhouse","Transitional",1,2,-0.10451230981341,NA,NA,NA
"percentile_latbin_OLS","q75","Southern","collection5_k2_tropical_temperate_polar","Coldhouse","Warmhouse",1,3,-0.306656147589933,NA,NA,NA
"percentile_latbin_OLS","q75","Southern","collection5_k2_tropical_temperate_polar","Coldhouse","Hothouse",1,5,-0.644598605437428,NA,NA,NA
"percentile_latbin_OLS","q75","Southern","collection5_k3_tropical_temperate","Coolhouse","Warmhouse",4,4,-0.244391545805703,3,0.0969654261412053,0.129554963364084
"percentile_latbin_OLS","q75","Southern","collection5_k3_tropical_temperate","Coolhouse","Hothouse",4,3,-0.570344047270468,2,0.10796246947007,0.129554963364084
"percentile_latbin_OLS","q75","Southern","collection5_k3_tropical_temperate","Transitional","Warmhouse",3,4,-0.274864164008199,1,0.0558058841491461,0.129554963364084
"percentile_latbin_OLS","q75","Southern","collection5_k3_tropical_temperate","Transitional","Hothouse",3,3,-0.600816665472963,0,0.0404277991850261,0.129554963364084
"percentile_latbin_OLS","q75","Southern","collection5_k3_tropical_temperate","Warmhouse","Hothouse",4,3,-0.325952501464765,2,0.10796246947007,0.129554963364084
"percentile_latbin_OLS","q75","Southern","collection5_k3_tropical_temperate","Coolhouse","Transitional",4,3,0.0304726182024954,8,0.811620441094209,0.811620441094209
"percentile_latbin_OLS","q75","Southern","collection5_k3_tropical_temperate","Coldhouse","Coolhouse",1,4,-0.0333824906118927,NA,NA,NA
"percentile_latbin_OLS","q75","Southern","collection5_k3_tropical_temperate","Coldhouse","Transitional",1,3,-0.00290987240939722,NA,NA,NA
"percentile_latbin_OLS","q75","Southern","collection5_k3_tropical_temperate","Coldhouse","Warmhouse",1,4,-0.277774036417596,NA,NA,NA
"percentile_latbin_OLS","q75","Southern","collection5_k3_tropical_temperate","Coldhouse","Hothouse",1,3,-0.60372653788236,NA,NA,NA
"percentile_latbin_OLS","q75","Southern","collection5_k3_tropical_temperate_polar","Coolhouse","Hothouse",2,3,-0.570344047270468,0,0.0744573365893828,0.223372009768148
"percentile_latbin_OLS","q75","Southern","collection5_k3_tropical_temperate_polar","Transitional","Hothouse",2,3,-0.540086295624018,0,0.0744573365893828,0.223372009768148
"percentile_latbin_OLS","q75","Southern","collection5_k3_tropical_temperate_polar","Coolhouse","Warmhouse",2,2,-0.386299050462097,0,0.122639058403386,0.245278116806773
"percentile_latbin_OLS","q75","Southern","collection5_k3_tropical_temperate_polar","Transitional","Warmhouse",2,2,-0.356041298815647,1,0.349267679151669,0.463697995610668
"percentile_latbin_OLS","q75","Southern","collection5_k3_tropical_temperate_polar","Warmhouse","Hothouse",2,3,-0.184044996808371,2,0.386414996342224,0.463697995610668
"percentile_latbin_OLS","q75","Southern","collection5_k3_tropical_temperate_polar","Coolhouse","Transitional",2,2,-0.0302577516464498,2,0.650732320848331,0.650732320848331
"percentile_latbin_OLS","q75","Southern","collection5_k3_tropical_temperate_polar","Coldhouse","Coolhouse",0,2,NA,NA,NA,NA
"percentile_latbin_OLS","q75","Southern","collection5_k3_tropical_temperate_polar","Coldhouse","Transitional",0,2,NA,NA,NA,NA
"percentile_latbin_OLS","q75","Southern","collection5_k3_tropical_temperate_polar","Coldhouse","Warmhouse",0,2,NA,NA,NA,NA
"percentile_latbin_OLS","q75","Southern","collection5_k3_tropical_temperate_polar","Coldhouse","Hothouse",0,3,NA,NA,NA,NA
"percentile_latbin_OLS","q75","Southern","collection10_k1_tropical_temperate","Warmhouse","Hothouse",6,8,-0.438651450900149,2,0.00275467509673836,0.0275467509673836
"percentile_latbin_OLS","q75","Southern","collection10_k1_tropical_temperate","Coldhouse","Hothouse",6,8,-0.627097156033541,5,0.00846234423422658,0.0300345892818026
"percentile_latbin_OLS","q75","Southern","collection10_k1_tropical_temperate","Coolhouse","Hothouse",13,8,-0.802190460564116,19,0.00929449834794633,0.0300345892818026
"percentile_latbin_OLS","q75","Southern","collection10_k1_tropical_temperate","Transitional","Hothouse",7,8,-0.646547767887473,8,0.012013835712721,0.0300345892818026
"percentile_latbin_OLS","q75","Southern","collection10_k1_tropical_temperate","Coolhouse","Warmhouse",13,6,-0.363539009663966,21,0.0624101504323408,0.124820300864682
"percentile_latbin_OLS","q75","Southern","collection10_k1_tropical_temperate","Coldhouse","Warmhouse",6,6,-0.188445705133392,9,0.0867427341607392,0.144571223601232
"percentile_latbin_OLS","q75","Southern","collection10_k1_tropical_temperate","Coldhouse","Transitional",6,7,0.0194506118539321,16,0.260158400253683,0.289064889170759
"percentile_latbin_OLS","q75","Southern","collection10_k1_tropical_temperate","Coolhouse","Transitional",13,7,-0.155642692676642,36,0.237865344479432,0.289064889170759
"percentile_latbin_OLS","q75","Southern","collection10_k1_tropical_temperate","Transitional","Warmhouse",7,6,-0.207896316987324,15,0.216017446002504,0.289064889170759
"percentile_latbin_OLS","q75","Southern","collection10_k1_tropical_temperate","Coldhouse","Coolhouse",6,13,0.175093304530574,39,0.517489170630355,0.517489170630355
"percentile_latbin_OLS","q75","Southern","collection10_k1_tropical_temperate_polar","Coolhouse","Hothouse",8,5,-0.97438110852082,0,0.00215517924976753,0.0215517924976753
"percentile_latbin_OLS","q75","Southern","collection10_k1_tropical_temperate_polar","Coolhouse","Warmhouse",8,4,-0.55669096295358,2,0.0109280045491568,0.0546400227457842
"percentile_latbin_OLS","q75","Southern","collection10_k1_tropical_temperate_polar","Transitional","Hothouse",3,5,-0.655929506203928,0,0.0184442128535249,0.0614807095117498
"percentile_latbin_OLS","q75","Southern","collection10_k1_tropical_temperate_polar","Warmhouse","Hothouse",4,5,-0.41769014556724,2,0.0330962898610967,0.0827407246527418
"percentile_latbin_OLS","q75","Southern","collection10_k1_tropical_temperate_polar","Coldhouse","Hothouse",4,5,-0.509730954312949,4,0.0889547974934913,0.177909594986983
"percentile_latbin_OLS","q75","Southern","collection10_k1_tropical_temperate_polar","Transitional","Warmhouse",3,4,-0.238239360636687,2,0.10796246947007,0.179937449116784
"percentile_latbin_OLS","q75","Southern","collection10_k1_tropical_temperate_polar","Coolhouse","Transitional",8,3,-0.318451602316892,8,0.237479269944753,0.339256099921076
"percentile_latbin_OLS","q75","Southern","collection10_k1_tropical_temperate_polar","Coldhouse","Warmhouse",4,4,-0.092040808745709,7,0.442616957236601,0.553271196545751
"percentile_latbin_OLS","q75","Southern","collection10_k1_tropical_temperate_polar","Coldhouse","Coolhouse",4,8,0.464650154207871,29,0.989071995450843,0.989071995450843
"percentile_latbin_OLS","q75","Southern","collection10_k1_tropical_temperate_polar","Coldhouse","Transitional",4,3,0.146198551890978,10,0.944194115850854,0.989071995450843
"percentile_latbin_OLS","q75","Southern","collection10_k2_tropical_temperate","Coolhouse","Warmhouse",3,5,-0.161054161540439,0,0.0184442128535249,0.0518299272179097
"percentile_latbin_OLS","q75","Southern","collection10_k2_tropical_temperate","Coolhouse","Hothouse",3,4,-0.592482240061763,0,0.0259149636089548,0.0518299272179097
"percentile_latbin_OLS","q75","Southern","collection10_k2_tropical_temperate","Warmhouse","Hothouse",5,4,-0.431428078521323,1,0.0186682079603315,0.0518299272179097
"percentile_latbin_OLS","q75","Southern","collection10_k2_tropical_temperate","Transitional","Warmhouse",4,5,-0.234262296299484,5,0.13517207032739,0.18739285300573
"percentile_latbin_OLS","q75","Southern","collection10_k2_tropical_temperate","Transitional","Hothouse",4,4,-0.665690374820808,4,0.156160710838108,0.18739285300573
"percentile_latbin_OLS","q75","Southern","collection10_k2_tropical_temperate","Coolhouse","Transitional",3,4,0.073208134759045,7,0.702058454717411,0.702058454717411
"percentile_latbin_OLS","q75","Southern","collection10_k2_tropical_temperate","Coldhouse","Coolhouse",1,3,-0.640486195781044,NA,NA,NA
"percentile_latbin_OLS","q75","Southern","collection10_k2_tropical_temperate","Coldhouse","Transitional",1,4,-0.567278061021999,NA,NA,NA
"percentile_latbin_OLS","q75","Southern","collection10_k2_tropical_temperate","Coldhouse","Warmhouse",1,5,-0.801540357321483,NA,NA,NA
"percentile_latbin_OLS","q75","Southern","collection10_k2_tropical_temperate","Coldhouse","Hothouse",1,4,-1.23296843584281,NA,NA,NA
"percentile_latbin_OLS","q75","Southern","collection10_k2_tropical_temperate_polar","Coolhouse","Warmhouse",2,3,-0.187067420566098,0,0.0744573365893828,0.095215131912762
"percentile_latbin_OLS","q75","Southern","collection10_k2_tropical_temperate_polar","Coolhouse","Hothouse",2,3,-0.593356088871333,0,0.0744573365893828,0.095215131912762
"percentile_latbin_OLS","q75","Southern","collection10_k2_tropical_temperate_polar","Warmhouse","Hothouse",3,3,-0.406288668305235,1,0.095215131912762,0.095215131912762
"percentile_latbin_OLS","q75","Southern","collection10_k2_tropical_temperate_polar","Coldhouse","Coolhouse",0,2,NA,NA,NA,NA
"percentile_latbin_OLS","q75","Southern","collection10_k2_tropical_temperate_polar","Coldhouse","Transitional",0,1,NA,NA,NA,NA
"percentile_latbin_OLS","q75","Southern","collection10_k2_tropical_temperate_polar","Coldhouse","Warmhouse",0,3,NA,NA,NA,NA
"percentile_latbin_OLS","q75","Southern","collection10_k2_tropical_temperate_polar","Coldhouse","Hothouse",0,3,NA,NA,NA,NA
"percentile_latbin_OLS","q75","Southern","collection10_k2_tropical_temperate_polar","Coolhouse","Transitional",2,1,0.120380368433024,NA,NA,NA
"percentile_latbin_OLS","q75","Southern","collection10_k2_tropical_temperate_polar","Transitional","Warmhouse",1,3,-0.307447788999121,NA,NA,NA
"percentile_latbin_OLS","q75","Southern","collection10_k2_tropical_temperate_polar","Transitional","Hothouse",1,3,-0.713736457304356,NA,NA,NA
"percentile_latbin_OLS","q75","Southern","collection10_k3_tropical_temperate","Transitional","Warmhouse",3,2,-0.443981661280481,0,0.0744573365893828,0.111686004884074
"percentile_latbin_OLS","q75","Southern","collection10_k3_tropical_temperate","Transitional","Hothouse",3,2,-0.618325233047967,0,0.0744573365893828,0.111686004884074
"percentile_latbin_OLS","q75","Southern","collection10_k3_tropical_temperate","Warmhouse","Hothouse",2,2,-0.174343571767485,1,0.349267679151669,0.349267679151669
"percentile_latbin_OLS","q75","Southern","collection10_k3_tropical_temperate","Coldhouse","Coolhouse",0,1,NA,NA,NA,NA
"percentile_latbin_OLS","q75","Southern","collection10_k3_tropical_temperate","Coldhouse","Transitional",0,3,NA,NA,NA,NA
"percentile_latbin_OLS","q75","Southern","collection10_k3_tropical_temperate","Coldhouse","Warmhouse",0,2,NA,NA,NA,NA
"percentile_latbin_OLS","q75","Southern","collection10_k3_tropical_temperate","Coldhouse","Hothouse",0,2,NA,NA,NA,NA
"percentile_latbin_OLS","q75","Southern","collection10_k3_tropical_temperate","Coolhouse","Transitional",1,3,0.148409995173668,NA,NA,NA
"percentile_latbin_OLS","q75","Southern","collection10_k3_tropical_temperate","Coolhouse","Warmhouse",1,2,-0.295571666106813,NA,NA,NA
"percentile_latbin_OLS","q75","Southern","collection10_k3_tropical_temperate","Coolhouse","Hothouse",1,2,-0.469915237874298,NA,NA,NA
"percentile_latbin_OLS","q75","Southern","collection10_k3_tropical_temperate_polar","Coldhouse","Coolhouse",0,1,NA,NA,NA,NA
"percentile_latbin_OLS","q75","Southern","collection10_k3_tropical_temperate_polar","Coldhouse","Transitional",0,1,NA,NA,NA,NA
"percentile_latbin_OLS","q75","Southern","collection10_k3_tropical_temperate_polar","Coldhouse","Warmhouse",0,1,NA,NA,NA,NA
"percentile_latbin_OLS","q75","Southern","collection10_k3_tropical_temperate_polar","Coldhouse","Hothouse",0,2,NA,NA,NA,NA
"percentile_latbin_OLS","q75","Southern","collection10_k3_tropical_temperate_polar","Coolhouse","Transitional",1,1,0.148409995173668,NA,NA,NA
"percentile_latbin_OLS","q75","Southern","collection10_k3_tropical_temperate_polar","Coolhouse","Warmhouse",1,1,-0.486148424154476,NA,NA,NA
"percentile_latbin_OLS","q75","Southern","collection10_k3_tropical_temperate_polar","Coolhouse","Hothouse",1,2,-0.469915237874298,NA,NA,NA
"percentile_latbin_OLS","q75","Southern","collection10_k3_tropical_temperate_polar","Transitional","Warmhouse",1,1,-0.634558419328144,NA,NA,NA
"percentile_latbin_OLS","q75","Southern","collection10_k3_tropical_temperate_polar","Transitional","Hothouse",1,2,-0.618325233047967,NA,NA,NA
"percentile_latbin_OLS","q75","Southern","collection10_k3_tropical_temperate_polar","Warmhouse","Hothouse",1,2,0.0162331862801773,NA,NA,NA
"percentile_latbin_OLS","q90","Combined","occurrence5_k1_tropical_temperate","Coldhouse","Warmhouse",21,22,-0.717080358256488,86,0.000223345862247993,0.00223345862247993
"percentile_latbin_OLS","q90","Combined","occurrence5_k1_tropical_temperate","Coldhouse","Transitional",21,25,-0.677228370712814,127,0.00145486771287837,0.00484955904292788
"percentile_latbin_OLS","q90","Combined","occurrence5_k1_tropical_temperate","Coolhouse","Warmhouse",31,22,-0.493509234987071,170,0.00104303258983613,0.00484955904292788
"percentile_latbin_OLS","q90","Combined","occurrence5_k1_tropical_temperate","Coldhouse","Hothouse",21,23,-0.790230463167149,139,0.0082720679237223,0.0165441358474446
"percentile_latbin_OLS","q90","Combined","occurrence5_k1_tropical_temperate","Coolhouse","Transitional",31,25,-0.453657247443397,239,0.00735800523089123,0.0165441358474446
"percentile_latbin_OLS","q90","Combined","occurrence5_k1_tropical_temperate","Coolhouse","Hothouse",31,23,-0.566659339897733,235,0.0171446092768084,0.0285743487946806
"percentile_latbin_OLS","q90","Combined","occurrence5_k1_tropical_temperate","Coldhouse","Coolhouse",21,31,-0.223571123269417,241,0.0586111295641565,0.0837301850916522
"percentile_latbin_OLS","q90","Combined","occurrence5_k1_tropical_temperate","Transitional","Warmhouse",25,22,-0.0398519875436742,234,0.193941504180127,0.242426880225158
"percentile_latbin_OLS","q90","Combined","occurrence5_k1_tropical_temperate","Transitional","Hothouse",25,23,-0.113002092454336,255,0.254497818126238,0.282775353473597
"percentile_latbin_OLS","q90","Combined","occurrence5_k1_tropical_temperate","Warmhouse","Hothouse",22,23,-0.0731501049106616,252,0.495470949222924,0.495470949222924
"percentile_latbin_OLS","q90","Combined","occurrence5_k1_tropical_temperate_polar","Coldhouse","Transitional",11,19,-0.76306120974619,29,0.000623872125186286,0.00311936062593143
"percentile_latbin_OLS","q90","Combined","occurrence5_k1_tropical_temperate_polar","Coolhouse","Transitional",23,19,-0.485501252006665,85,0.000388317126835495,0.00311936062593143
"percentile_latbin_OLS","q90","Combined","occurrence5_k1_tropical_temperate_polar","Coldhouse","Hothouse",11,14,-0.792638574543931,23,0.00170108392583579,0.00425270981458947
"percentile_latbin_OLS","q90","Combined","occurrence5_k1_tropical_temperate_polar","Coolhouse","Hothouse",23,14,-0.515078616804406,66,0.00154122674545392,0.00425270981458947
"percentile_latbin_OLS","q90","Combined","occurrence5_k1_tropical_temperate_polar","Coldhouse","Warmhouse",11,17,-0.639975062121816,39,0.00553976334755504,0.0110795266951101
"percentile_latbin_OLS","q90","Combined","occurrence5_k1_tropical_temperate_polar","Coolhouse","Warmhouse",23,17,-0.362415104382291,111,0.0107749361681308,0.0179582269468847
"percentile_latbin_OLS","q90","Combined","occurrence5_k1_tropical_temperate_polar","Coldhouse","Coolhouse",11,23,-0.277559957739525,85,0.0656090145681975,0.0937271636688536
"percentile_latbin_OLS","q90","Combined","occurrence5_k1_tropical_temperate_polar","Warmhouse","Hothouse",17,14,-0.152663512422115,94,0.165398911665448,0.20674863958181
"percentile_latbin_OLS","q90","Combined","occurrence5_k1_tropical_temperate_polar","Transitional","Hothouse",19,14,-0.0295773647977409,122,0.35105564742787,0.390061830475411
"percentile_latbin_OLS","q90","Combined","occurrence5_k1_tropical_temperate_polar","Transitional","Warmhouse",19,17,0.123086147624374,182,0.747114903061534,0.747114903061534
"percentile_latbin_OLS","q90","Combined","occurrence5_k2_tropical_temperate","Coldhouse","Hothouse",13,16,-1.05324944890415,13,3.61347849896291e-05,0.000361347849896291
"percentile_latbin_OLS","q90","Combined","occurrence5_k2_tropical_temperate","Coldhouse","Transitional",13,17,-0.805553915911597,23,0.000135736567815605,0.000500195348057799
"percentile_latbin_OLS","q90","Combined","occurrence5_k2_tropical_temperate","Coldhouse","Warmhouse",13,14,-0.79021557571842,16,0.00015005860441734,0.000500195348057799
"percentile_latbin_OLS","q90","Combined","occurrence5_k2_tropical_temperate","Coolhouse","Hothouse",17,16,-0.596186100039095,62,0.00405314628923977,0.0101328657230994
"percentile_latbin_OLS","q90","Combined","occurrence5_k2_tropical_temperate","Coldhouse","Coolhouse",13,17,-0.457063348865057,57,0.0132725474513798,0.0265450949027597
"percentile_latbin_OLS","q90","Combined","occurrence5_k2_tropical_temperate","Coolhouse","Transitional",17,17,-0.348490567046541,84,0.0193853683906358,0.027693383415194
"percentile_latbin_OLS","q90","Combined","occurrence5_k2_tropical_temperate","Coolhouse","Warmhouse",17,14,-0.333152226853363,66,0.0185825402599572,0.027693383415194
"percentile_latbin_OLS","q90","Combined","occurrence5_k2_tropical_temperate","Transitional","Hothouse",17,16,-0.247695532992555,87,0.0403132454385243,0.0503915567981553
"percentile_latbin_OLS","q90","Combined","occurrence5_k2_tropical_temperate","Warmhouse","Hothouse",14,16,-0.263033873185732,81,0.102416516929668,0.113796129921853
"percentile_latbin_OLS","q90","Combined","occurrence5_k2_tropical_temperate","Transitional","Warmhouse",17,14,0.0153383401931776,116,0.460475635284692,0.460475635284692
"percentile_latbin_OLS","q90","Combined","occurrence5_k2_tropical_temperate_polar","Coldhouse","Transitional",5,10,-0.798305512797454,2,0.00292854954264207,0.0163739763448823
"percentile_latbin_OLS","q90","Combined","occurrence5_k2_tropical_temperate_polar","Coldhouse","Hothouse",5,11,-0.908875424891209,3,0.00327479526897646,0.0163739763448823
"percentile_latbin_OLS","q90","Combined","occurrence5_k2_tropical_temperate_polar","Coldhouse","Warmhouse",5,10,-0.717712095006962,4,0.00602414182102069,0.0200804727367356
"percentile_latbin_OLS","q90","Combined","occurrence5_k2_tropical_temperate_polar","Coolhouse","Transitional",11,10,-0.367184739171028,22,0.0110518524577812,0.0221037049155624
"percentile_latbin_OLS","q90","Combined","occurrence5_k2_tropical_temperate_polar","Coolhouse","Hothouse",11,11,-0.477754651264784,25,0.0107730604756929,0.0221037049155624
"percentile_latbin_OLS","q90","Combined","occurrence5_k2_tropical_temperate_polar","Coolhouse","Warmhouse",11,10,-0.286591321380536,27,0.0264037557080568,0.044006259513428
"percentile_latbin_OLS","q90","Combined","occurrence5_k2_tropical_temperate_polar","Coldhouse","Coolhouse",5,11,-0.431120773626426,12,0.0446291186474309,0.0637558837820441
"percentile_latbin_OLS","q90","Combined","occurrence5_k2_tropical_temperate_polar","Warmhouse","Hothouse",10,11,-0.191163329884247,39,0.13753149603888,0.171914370048599
"percentile_latbin_OLS","q90","Combined","occurrence5_k2_tropical_temperate_polar","Transitional","Hothouse",10,11,-0.110569912093756,44,0.229835795479282,0.255373106088091
"percentile_latbin_OLS","q90","Combined","occurrence5_k2_tropical_temperate_polar","Transitional","Warmhouse",10,10,0.0805934177904917,56,0.688411888058941,0.688411888058941
"percentile_latbin_OLS","q90","Combined","occurrence5_k3_tropical_temperate","Coldhouse","Transitional",6,12,-0.512397812132309,11,0.0108770185207725,0.0226544940800894
"percentile_latbin_OLS","q90","Combined","occurrence5_k3_tropical_temperate","Coldhouse","Warmhouse",6,11,-0.434742634985009,6,0.00386834240459527,0.0226544940800894
"percentile_latbin_OLS","q90","Combined","occurrence5_k3_tropical_temperate","Coldhouse","Hothouse",6,9,-0.731594825084528,6,0.0078471476030173,0.0226544940800894
"percentile_latbin_OLS","q90","Combined","occurrence5_k3_tropical_temperate","Coolhouse","Warmhouse",11,11,-0.497867724004847,22,0.00629305875016017,0.0226544940800894
"percentile_latbin_OLS","q90","Combined","occurrence5_k3_tropical_temperate","Coolhouse","Hothouse",11,9,-0.794719914104366,19,0.0113272470400447,0.0226544940800894
"percentile_latbin_OLS","q90","Combined","occurrence5_k3_tropical_temperate","Coolhouse","Transitional",11,12,-0.575522901152147,31,0.0168631787884057,0.0281052979806761
"percentile_latbin_OLS","q90","Combined","occurrence5_k3_tropical_temperate","Warmhouse","Hothouse",11,9,-0.296852190099518,33,0.112072577026101,0.160103681465859
"percentile_latbin_OLS","q90","Combined","occurrence5_k3_tropical_temperate","Transitional","Hothouse",12,9,-0.219197012952218,39,0.15139468374528,0.1892433546816
"percentile_latbin_OLS","q90","Combined","occurrence5_k3_tropical_temperate","Coldhouse","Coolhouse",6,11,0.0631250890198382,29,0.362507916242937,0.402786573603263
"percentile_latbin_OLS","q90","Combined","occurrence5_k3_tropical_temperate","Transitional","Warmhouse",12,11,0.0776551771473,72,0.655439177446474,0.655439177446474
"percentile_latbin_OLS","q90","Combined","occurrence5_k3_tropical_temperate_polar","Coolhouse","Warmhouse",7,7,-0.529056217007636,4,0.00530167269106133,0.0310483266288807
"percentile_latbin_OLS","q90","Combined","occurrence5_k3_tropical_temperate_polar","Coolhouse","Hothouse",7,6,-0.886486027017755,3,0.00620966532577613,0.0310483266288807
"percentile_latbin_OLS","q90","Combined","occurrence5_k3_tropical_temperate_polar","Coldhouse","Warmhouse",3,7,-0.592216268021723,0,0.0113272470400447,0.0377574901334823
"percentile_latbin_OLS","q90","Combined","occurrence5_k3_tropical_temperate_polar","Coolhouse","Transitional",7,5,-0.566309525598634,4,0.0173777921798081,0.0434444804495202
"percentile_latbin_OLS","q90","Combined","occurrence5_k3_tropical_temperate_polar","Coldhouse","Hothouse",3,6,-0.949646078031842,1,0.0264037557080568,0.0528075114161136
"percentile_latbin_OLS","q90","Combined","occurrence5_k3_tropical_temperate_polar","Coldhouse","Transitional",3,5,-0.629469576612721,1,0.0368191350601513,0.0613652251002522
"percentile_latbin_OLS","q90","Combined","occurrence5_k3_tropical_temperate_polar","Warmhouse","Hothouse",7,6,-0.357429810010119,9,0.0502062469930514,0.0717232099900735
"percentile_latbin_OLS","q90","Combined","occurrence5_k3_tropical_temperate_polar","Transitional","Hothouse",5,6,-0.320176501419121,10,0.20565689588813,0.257071119860162
"percentile_latbin_OLS","q90","Combined","occurrence5_k3_tropical_temperate_polar","Coldhouse","Coolhouse",3,7,-0.0631600510140868,8,0.324251689826488,0.360279655362764
"percentile_latbin_OLS","q90","Combined","occurrence5_k3_tropical_temperate_polar","Transitional","Warmhouse",5,7,0.0372533085909974,19,0.627333466334599,0.627333466334599
"percentile_latbin_OLS","q90","Combined","occurrence10_k1_tropical_temperate","Coldhouse","Warmhouse",20,20,-0.747323821535291,78,0.000507049342608022,0.00288303873411963
"percentile_latbin_OLS","q90","Combined","occurrence10_k1_tropical_temperate","Coldhouse","Hothouse",20,21,-0.885741230980674,86,0.000638430455739997,0.00288303873411963
"percentile_latbin_OLS","q90","Combined","occurrence10_k1_tropical_temperate","Coolhouse","Hothouse",31,21,-0.633422783194277,157,0.000864911620235889,0.00288303873411963
"percentile_latbin_OLS","q90","Combined","occurrence10_k1_tropical_temperate","Coolhouse","Warmhouse",31,20,-0.495005373748894,160,0.00196167788512913,0.00490419471282281
"percentile_latbin_OLS","q90","Combined","occurrence10_k1_tropical_temperate","Coldhouse","Transitional",20,23,-0.597600173963076,124,0.00510191056618554,0.0102038211323711
"percentile_latbin_OLS","q90","Combined","occurrence10_k1_tropical_temperate","Transitional","Hothouse",23,21,-0.288141057017598,147,0.0135974168433018,0.0226623614055029
"percentile_latbin_OLS","q90","Combined","occurrence10_k1_tropical_temperate","Coolhouse","Transitional",31,23,-0.345281726176679,248,0.0294295074380342,0.0420421534829061
"percentile_latbin_OLS","q90","Combined","occurrence10_k1_tropical_temperate","Coldhouse","Coolhouse",20,31,-0.252318447786397,241,0.093158981198811,0.116448726498514
"percentile_latbin_OLS","q90","Combined","occurrence10_k1_tropical_temperate","Warmhouse","Hothouse",20,21,-0.138417409445383,163,0.112600425957694,0.125111584397438
"percentile_latbin_OLS","q90","Combined","occurrence10_k1_tropical_temperate","Transitional","Warmhouse",23,20,-0.149723647572215,195,0.200440540827798,0.200440540827798
"percentile_latbin_OLS","q90","Combined","occurrence10_k1_tropical_temperate_polar","Coolhouse","Hothouse",21,12,-0.618931054082314,40,0.000687717303108499,0.00687717303108499
"percentile_latbin_OLS","q90","Combined","occurrence10_k1_tropical_temperate_polar","Coldhouse","Transitional",10,18,-0.676260288739291,33,0.0033746459784337,0.00970293200819613
"percentile_latbin_OLS","q90","Combined","occurrence10_k1_tropical_temperate_polar","Coldhouse","Hothouse",10,12,-0.87196857001146,17,0.00253645633011914,0.00970293200819613
"percentile_latbin_OLS","q90","Combined","occurrence10_k1_tropical_temperate_polar","Coolhouse","Transitional",21,18,-0.423222772810144,94,0.00388117280327845,0.00970293200819613
"percentile_latbin_OLS","q90","Combined","occurrence10_k1_tropical_temperate_polar","Coldhouse","Warmhouse",10,15,-0.659061837673324,35,0.0142235164882815,0.0284470329765631
"percentile_latbin_OLS","q90","Combined","occurrence10_k1_tropical_temperate_polar","Coolhouse","Warmhouse",21,15,-0.406024321744178,92,0.0185037739195786,0.0308396231992977
"percentile_latbin_OLS","q90","Combined","occurrence10_k1_tropical_temperate_polar","Warmhouse","Hothouse",15,12,-0.212906732338136,54,0.0416169656985391,0.0594528081407701
"percentile_latbin_OLS","q90","Combined","occurrence10_k1_tropical_temperate_polar","Transitional","Hothouse",18,12,-0.19570828127217,71,0.0611527905903871,0.0764409882379839
"percentile_latbin_OLS","q90","Combined","occurrence10_k1_tropical_temperate_polar","Coldhouse","Coolhouse",10,21,-0.253037515929146,78,0.131393236772526,0.145992485302807
"percentile_latbin_OLS","q90","Combined","occurrence10_k1_tropical_temperate_polar","Transitional","Warmhouse",18,15,0.0171984510659666,149,0.6999471811934,0.6999471811934
"percentile_latbin_OLS","q90","Combined","occurrence10_k2_tropical_temperate","Coldhouse","Hothouse",13,12,-1.20686656443715,6,5.03109610598183e-05,0.000503109610598183
"percentile_latbin_OLS","q90","Combined","occurrence10_k2_tropical_temperate","Coldhouse","Transitional",13,16,-0.760002694090934,23,0.000207655369499876,0.000692184564999586
"percentile_latbin_OLS","q90","Combined","occurrence10_k2_tropical_temperate","Coldhouse","Warmhouse",13,14,-0.852331633364413,16,0.00015005860441734,0.000692184564999586
"percentile_latbin_OLS","q90","Combined","occurrence10_k2_tropical_temperate","Coolhouse","Hothouse",15,12,-0.75710989277797,37,0.00520749732953164,0.0130187433238291
"percentile_latbin_OLS","q90","Combined","occurrence10_k2_tropical_temperate","Transitional","Hothouse",16,12,-0.446863870346217,44,0.00840522497830834,0.0168104499566167
"percentile_latbin_OLS","q90","Combined","occurrence10_k2_tropical_temperate","Coldhouse","Coolhouse",13,15,-0.449756671659181,50,0.0151911178341481,0.0253185297235802
"percentile_latbin_OLS","q90","Combined","occurrence10_k2_tropical_temperate","Coolhouse","Warmhouse",15,14,-0.402574961705232,67,0.0508534650155466,0.0635668312694333
"percentile_latbin_OLS","q90","Combined","occurrence10_k2_tropical_temperate","Warmhouse","Hothouse",14,12,-0.354534931072738,51,0.0472996762349557,0.0635668312694333
"percentile_latbin_OLS","q90","Combined","occurrence10_k2_tropical_temperate","Coolhouse","Transitional",15,16,-0.310246022431753,90,0.12178905247334,0.135321169414822
"percentile_latbin_OLS","q90","Combined","occurrence10_k2_tropical_temperate","Transitional","Warmhouse",16,14,-0.0923289392734791,99,0.301660090109034,0.301660090109034
"percentile_latbin_OLS","q90","Combined","occurrence10_k2_tropical_temperate_polar","Coolhouse","Hothouse",8,7,-0.817270451880024,4,0.00326808058712134,0.0326808058712134
"percentile_latbin_OLS","q90","Combined","occurrence10_k2_tropical_temperate_polar","Coldhouse","Transitional",4,7,-0.727756982965059,2,0.0148790337175996,0.0373025805224428
"percentile_latbin_OLS","q90","Combined","occurrence10_k2_tropical_temperate_polar","Coldhouse","Hothouse",4,7,-1.12679634299837,1,0.00908150917393821,0.0373025805224428
"percentile_latbin_OLS","q90","Combined","occurrence10_k2_tropical_temperate_polar","Warmhouse","Hothouse",7,7,-0.467734505325042,7,0.0149210322089771,0.0373025805224428
"percentile_latbin_OLS","q90","Combined","occurrence10_k2_tropical_temperate_polar","Coldhouse","Warmhouse",4,7,-0.659061837673324,3,0.0236104520017886,0.0472209040035772
"percentile_latbin_OLS","q90","Combined","occurrence10_k2_tropical_temperate_polar","Coolhouse","Transitional",8,7,-0.418231091846718,12,0.036424429160496,0.06070738193416
"percentile_latbin_OLS","q90","Combined","occurrence10_k2_tropical_temperate_polar","Transitional","Hothouse",7,7,-0.399039360033307,11,0.0483487838088181,0.0690696911554544
"percentile_latbin_OLS","q90","Combined","occurrence10_k2_tropical_temperate_polar","Coldhouse","Coolhouse",4,8,-0.309525891118342,7,0.0744182734383547,0.0930228417979434
"percentile_latbin_OLS","q90","Combined","occurrence10_k2_tropical_temperate_polar","Coolhouse","Warmhouse",8,7,-0.349535946554982,17,0.112156563255577,0.124618403617308
"percentile_latbin_OLS","q90","Combined","occurrence10_k2_tropical_temperate_polar","Transitional","Warmhouse",7,7,0.0686951452917354,29,0.738548382743665,0.738548382743665
"percentile_latbin_OLS","q90","Combined","occurrence10_k3_tropical_temperate","Coldhouse","Transitional",4,12,-0.766623770265623,5,0.0124337593866204,0.0391551635973625
"percentile_latbin_OLS","q90","Combined","occurrence10_k3_tropical_temperate","Coldhouse","Warmhouse",4,11,-0.742403348125702,3,0.00786053407389841,0.0391551635973625
"percentile_latbin_OLS","q90","Combined","occurrence10_k3_tropical_temperate","Coldhouse","Hothouse",4,8,-1.02441039814743,2,0.0109280045491568,0.0391551635973625
"percentile_latbin_OLS","q90","Combined","occurrence10_k3_tropical_temperate","Coolhouse","Hothouse",8,8,-0.779101026908473,11,0.015662065438945,0.0391551635973625
"percentile_latbin_OLS","q90","Combined","occurrence10_k3_tropical_temperate","Warmhouse","Hothouse",11,8,-0.282007050021729,23,0.0452532657536085,0.090506531507217
"percentile_latbin_OLS","q90","Combined","occurrence10_k3_tropical_temperate","Coolhouse","Warmhouse",8,11,-0.497093976886744,25,0.0633075278964848,0.0946168334342509
"percentile_latbin_OLS","q90","Combined","occurrence10_k3_tropical_temperate","Transitional","Hothouse",12,8,-0.257786627881809,28,0.0662317834039756,0.0946168334342509
"percentile_latbin_OLS","q90","Combined","occurrence10_k3_tropical_temperate","Coolhouse","Transitional",8,12,-0.521314399026665,32,0.115877362206669,0.144846702758336
"percentile_latbin_OLS","q90","Combined","occurrence10_k3_tropical_temperate","Coldhouse","Coolhouse",4,8,-0.245309371238958,10,0.175118792409497,0.194576436010552
"percentile_latbin_OLS","q90","Combined","occurrence10_k3_tropical_temperate","Transitional","Warmhouse",12,11,0.0242204221399207,68,0.561141658463393,0.561141658463393
"percentile_latbin_OLS","q90","Combined","occurrence10_k3_tropical_temperate_polar","Coldhouse","Transitional",2,5,-0.727756982965059,0,0.0406805646170377,0.139514710372865
"percentile_latbin_OLS","q90","Combined","occurrence10_k3_tropical_temperate_polar","Coldhouse","Warmhouse",2,5,-0.742403348125702,0,0.0406805646170377,0.139514710372865
"percentile_latbin_OLS","q90","Combined","occurrence10_k3_tropical_temperate_polar","Coldhouse","Hothouse",2,4,-1.02808258206029,0,0.0525962525600207,0.139514710372865
"percentile_latbin_OLS","q90","Combined","occurrence10_k3_tropical_temperate_polar","Coolhouse","Hothouse",3,4,-0.775045066131144,1,0.0558058841491461,0.139514710372865
"percentile_latbin_OLS","q90","Combined","occurrence10_k3_tropical_temperate_polar","Coolhouse","Transitional",3,5,-0.474719467035913,3,0.116518991136953,0.193102957610557
"percentile_latbin_OLS","q90","Combined","occurrence10_k3_tropical_temperate_polar","Coolhouse","Warmhouse",3,5,-0.489365832196556,3,0.116518991136953,0.193102957610557
"percentile_latbin_OLS","q90","Combined","occurrence10_k3_tropical_temperate_polar","Warmhouse","Hothouse",5,4,-0.285679233934588,5,0.13517207032739,0.193102957610557
"percentile_latbin_OLS","q90","Combined","occurrence10_k3_tropical_temperate_polar","Coldhouse","Coolhouse",2,3,-0.253037515929146,1,0.193238115385616,0.24154764423202
"percentile_latbin_OLS","q90","Combined","occurrence10_k3_tropical_temperate_polar","Transitional","Hothouse",5,4,-0.300325599095231,7,0.27014568730371,0.3001618747819
"percentile_latbin_OLS","q90","Combined","occurrence10_k3_tropical_temperate_polar","Transitional","Warmhouse",5,5,-0.0146463651606429,13,0.582734188644536,0.582734188644536
"percentile_latbin_OLS","q90","Combined","collection5_k1_tropical_temperate","Coldhouse","Warmhouse",20,19,-0.766802319909037,53,6.2700739885233e-05,0.00062700739885233
"percentile_latbin_OLS","q90","Combined","collection5_k1_tropical_temperate","Coldhouse","Transitional",20,22,-0.762739355398928,85,0.000352934049513279,0.00176467024756639
"percentile_latbin_OLS","q90","Combined","collection5_k1_tropical_temperate","Coldhouse","Hothouse",20,19,-0.913022223913177,85,0.00166131877828233,0.00553772926094111
"percentile_latbin_OLS","q90","Combined","collection5_k1_tropical_temperate","Coolhouse","Warmhouse",30,19,-0.541835155101255,152,0.00327553836207578,0.00818884590518944
"percentile_latbin_OLS","q90","Combined","collection5_k1_tropical_temperate","Coolhouse","Transitional",30,22,-0.537772190591147,192,0.00543682945260146,0.0108736589052029
"percentile_latbin_OLS","q90","Combined","collection5_k1_tropical_temperate","Coolhouse","Hothouse",30,19,-0.688055059105395,182,0.0177217152426747,0.0295361920711245
"percentile_latbin_OLS","q90","Combined","collection5_k1_tropical_temperate","Coldhouse","Coolhouse",20,30,-0.224967164807782,234,0.0972995464920439,0.138999352131491
"percentile_latbin_OLS","q90","Combined","collection5_k1_tropical_temperate","Transitional","Hothouse",22,19,-0.150282868514249,193,0.342651503016435,0.428314378770543
"percentile_latbin_OLS","q90","Combined","collection5_k1_tropical_temperate","Transitional","Warmhouse",22,19,-0.00406296451010872,198,0.391844182518099,0.430473624158576
"percentile_latbin_OLS","q90","Combined","collection5_k1_tropical_temperate","Warmhouse","Hothouse",19,19,-0.14621990400414,174,0.430473624158576,0.430473624158576
"percentile_latbin_OLS","q90","Combined","collection5_k1_tropical_temperate_polar","Coolhouse","Transitional",20,15,-0.360881613989432,56,0.000914541286767656,0.00457270643383828
"percentile_latbin_OLS","q90","Combined","collection5_k1_tropical_temperate_polar","Coolhouse","Hothouse",20,11,-0.624172121491647,32,0.000687910920522844,0.00457270643383828
"percentile_latbin_OLS","q90","Combined","collection5_k1_tropical_temperate_polar","Coldhouse","Transitional",11,15,-0.57408792608663,27,0.00215525785344579,0.0064141462537146
"percentile_latbin_OLS","q90","Combined","collection5_k1_tropical_temperate_polar","Coldhouse","Warmhouse",11,13,-0.757902798615004,25,0.00384848775222876,0.0064141462537146
"percentile_latbin_OLS","q90","Combined","collection5_k1_tropical_temperate_polar","Coldhouse","Hothouse",11,11,-0.837378433588846,19,0.00354842181460072,0.0064141462537146
"percentile_latbin_OLS","q90","Combined","collection5_k1_tropical_temperate_polar","Coolhouse","Warmhouse",20,13,-0.544696486517805,55,0.00302680291579878,0.0064141462537146
"percentile_latbin_OLS","q90","Combined","collection5_k1_tropical_temperate_polar","Transitional","Hothouse",15,11,-0.263290507502216,63,0.162042349937952,0.231489071339931
"percentile_latbin_OLS","q90","Combined","collection5_k1_tropical_temperate_polar","Warmhouse","Hothouse",13,11,-0.0794756349738427,56,0.192410386761532,0.240512983451916
"percentile_latbin_OLS","q90","Combined","collection5_k1_tropical_temperate_polar","Coldhouse","Coolhouse",11,20,-0.213206312097199,92,0.234991266913155,0.261101407681283
"percentile_latbin_OLS","q90","Combined","collection5_k1_tropical_temperate_polar","Transitional","Warmhouse",15,13,-0.183814872528373,93,0.42690420632928,0.42690420632928
"percentile_latbin_OLS","q90","Combined","collection5_k2_tropical_temperate","Coldhouse","Warmhouse",11,14,-0.870865039770783,11,0.000168029461797292,0.000840147308986462
"percentile_latbin_OLS","q90","Combined","collection5_k2_tropical_temperate","Coldhouse","Hothouse",11,14,-1.17636520720593,8,8.84084795565129e-05,0.000840147308986462
"percentile_latbin_OLS","q90","Combined","collection5_k2_tropical_temperate","Coldhouse","Transitional",11,16,-0.872451023803834,23,0.000729187560565391,0.00182296890141348
"percentile_latbin_OLS","q90","Combined","collection5_k2_tropical_temperate","Coolhouse","Hothouse",11,14,-0.89091008400674,17,0.000562345911002607,0.00182296890141348
"percentile_latbin_OLS","q90","Combined","collection5_k2_tropical_temperate","Coolhouse","Warmhouse",11,14,-0.585409916571589,28,0.00396392573329724,0.00792785146659448
"percentile_latbin_OLS","q90","Combined","collection5_k2_tropical_temperate","Coolhouse","Transitional",11,16,-0.58699590060464,37,0.00635144412816343,0.0105857402136057
"percentile_latbin_OLS","q90","Combined","collection5_k2_tropical_temperate","Transitional","Hothouse",16,14,-0.303914183402101,71,0.0461287972462303,0.0576609965577879
"percentile_latbin_OLS","q90","Combined","collection5_k2_tropical_temperate","Warmhouse","Hothouse",14,14,-0.305500167435152,60,0.0424408264978584,0.0576609965577879
"percentile_latbin_OLS","q90","Combined","collection5_k2_tropical_temperate","Coldhouse","Coolhouse",11,11,-0.285455123199195,52,0.299680348214518,0.332978164682798
"percentile_latbin_OLS","q90","Combined","collection5_k2_tropical_temperate","Transitional","Warmhouse",16,14,0.00158598403305084,111,0.491708472092962,0.491708472092962
"percentile_latbin_OLS","q90","Combined","collection5_k2_tropical_temperate_polar","Coolhouse","Hothouse",7,7,-0.859591674784205,3,0.00364517904576782,0.0364517904576782
"percentile_latbin_OLS","q90","Combined","collection5_k2_tropical_temperate_polar","Coldhouse","Hothouse",4,7,-1.09139015167709,1,0.00908150917393821,0.0454075458696911
"percentile_latbin_OLS","q90","Combined","collection5_k2_tropical_temperate_polar","Coldhouse","Transitional",4,7,-0.551228638006591,2,0.0148790337175996,0.0472209040035772
"percentile_latbin_OLS","q90","Combined","collection5_k2_tropical_temperate_polar","Coldhouse","Warmhouse",4,7,-0.66104113153378,3,0.0236104520017886,0.0472209040035772
"percentile_latbin_OLS","q90","Combined","collection5_k2_tropical_temperate_polar","Coolhouse","Warmhouse",7,7,-0.429242654640896,8,0.0204567764922484,0.0472209040035772
"percentile_latbin_OLS","q90","Combined","collection5_k2_tropical_temperate_polar","Coolhouse","Transitional",7,7,-0.319430161113707,10,0.0368191350601513,0.0525987643716447
"percentile_latbin_OLS","q90","Combined","collection5_k2_tropical_temperate_polar","Warmhouse","Hothouse",7,7,-0.43034902014331,10,0.0368191350601513,0.0525987643716447
"percentile_latbin_OLS","q90","Combined","collection5_k2_tropical_temperate_polar","Transitional","Hothouse",7,7,-0.540161513670499,11,0.0483487838088181,0.0604359797610226
"percentile_latbin_OLS","q90","Combined","collection5_k2_tropical_temperate_polar","Transitional","Warmhouse",7,7,-0.109812493527189,19,0.261451617256335,0.290501796951484
"percentile_latbin_OLS","q90","Combined","collection5_k2_tropical_temperate_polar","Coldhouse","Coolhouse",4,7,-0.231798476892884,12,0.388407002077741,0.388407002077741
"percentile_latbin_OLS","q90","Combined","collection5_k3_tropical_temperate","Coldhouse","Warmhouse",5,10,-0.745817531777755,3,0.00422920780231657,0.0422920780231657
"percentile_latbin_OLS","q90","Combined","collection5_k3_tropical_temperate","Coldhouse","Transitional",5,11,-0.793924685839893,7,0.0117328957765596,0.0526554792249636
"percentile_latbin_OLS","q90","Combined","collection5_k3_tropical_temperate","Coldhouse","Hothouse",5,6,-0.82031603458426,4,0.0276171268590319,0.0526554792249636
"percentile_latbin_OLS","q90","Combined","collection5_k3_tropical_temperate","Coolhouse","Transitional",8,11,-0.719867391225514,21,0.0315932875349781,0.0526554792249636
"percentile_latbin_OLS","q90","Combined","collection5_k3_tropical_temperate","Coolhouse","Warmhouse",8,10,-0.671760237163377,16,0.018397573585726,0.0526554792249636
"percentile_latbin_OLS","q90","Combined","collection5_k3_tropical_temperate","Coolhouse","Hothouse",8,6,-0.746258739969881,9,0.030607317477301,0.0526554792249636
"percentile_latbin_OLS","q90","Combined","collection5_k3_tropical_temperate","Warmhouse","Hothouse",10,6,-0.0744985028065049,25,0.312741796808226,0.446773995440323
"percentile_latbin_OLS","q90","Combined","collection5_k3_tropical_temperate","Transitional","Hothouse",11,6,-0.026391348744367,31,0.440084227453363,0.550105284316703
"percentile_latbin_OLS","q90","Combined","collection5_k3_tropical_temperate","Coldhouse","Coolhouse",5,8,-0.074057294614378,20,0.529173534919482,0.58797059435498
"percentile_latbin_OLS","q90","Combined","collection5_k3_tropical_temperate","Transitional","Warmhouse",11,10,0.0481071540621379,63,0.725264154088029,0.725264154088029
"percentile_latbin_OLS","q90","Combined","collection5_k3_tropical_temperate_polar","Coldhouse","Coolhouse",2,3,-0.449785633312081,0,0.0744573365893828,0.148914673178766
"percentile_latbin_OLS","q90","Combined","collection5_k3_tropical_temperate_polar","Coldhouse","Transitional",2,3,-0.627744572392941,0,0.0744573365893828,0.148914673178766
"percentile_latbin_OLS","q90","Combined","collection5_k3_tropical_temperate_polar","Coldhouse","Warmhouse",2,4,-0.756058737337004,0,0.0525962525600207,0.148914673178766
"percentile_latbin_OLS","q90","Combined","collection5_k3_tropical_temperate_polar","Coldhouse","Hothouse",2,5,-0.969077246011773,0,0.0406805646170377,0.148914673178766
"percentile_latbin_OLS","q90","Combined","collection5_k3_tropical_temperate_polar","Coolhouse","Hothouse",3,5,-0.519291612699691,2,0.0680185640570718,0.148914673178766
"percentile_latbin_OLS","q90","Combined","collection5_k3_tropical_temperate_polar","Coolhouse","Warmhouse",3,4,-0.306273104024923,2,0.10796246947007,0.179937449116784
"percentile_latbin_OLS","q90","Combined","collection5_k3_tropical_temperate_polar","Coolhouse","Transitional",3,3,-0.177958939080859,2,0.191366544442613,0.212629493825126
"percentile_latbin_OLS","q90","Combined","collection5_k3_tropical_temperate_polar","Transitional","Warmhouse",3,4,-0.128314164944063,3,0.188379558905791,0.212629493825126
"percentile_latbin_OLS","q90","Combined","collection5_k3_tropical_temperate_polar","Transitional","Hothouse",3,5,-0.341332673618832,4,0.185546684761349,0.212629493825126
"percentile_latbin_OLS","q90","Combined","collection5_k3_tropical_temperate_polar","Warmhouse","Hothouse",4,5,-0.213018508674769,7,0.27014568730371,0.27014568730371
"percentile_latbin_OLS","q90","Combined","collection10_k1_tropical_temperate","Coldhouse","Hothouse",14,15,-1.27932384807677,18,7.99494491843365e-05,0.000755080903695727
"percentile_latbin_OLS","q90","Combined","collection10_k1_tropical_temperate","Coolhouse","Hothouse",23,15,-0.920807952163663,51,0.000151016180739145,0.000755080903695727
"percentile_latbin_OLS","q90","Combined","collection10_k1_tropical_temperate","Coldhouse","Warmhouse",14,15,-0.871673229603714,31,0.000668765448557413,0.00222921816185804
"percentile_latbin_OLS","q90","Combined","collection10_k1_tropical_temperate","Coldhouse","Transitional",14,18,-1.04619472732473,47,0.00143200771309766,0.00358001928274414
"percentile_latbin_OLS","q90","Combined","collection10_k1_tropical_temperate","Coolhouse","Warmhouse",23,15,-0.513157333690605,78,0.00249854621766864,0.00499709243533728
"percentile_latbin_OLS","q90","Combined","collection10_k1_tropical_temperate","Coolhouse","Transitional",23,18,-0.687678831411622,106,0.00414322416873492,0.0069053736145582
"percentile_latbin_OLS","q90","Combined","collection10_k1_tropical_temperate","Coldhouse","Coolhouse",14,23,-0.358515895913109,118,0.0916037007276709,0.12406615822118
"percentile_latbin_OLS","q90","Combined","collection10_k1_tropical_temperate","Warmhouse","Hothouse",15,15,-0.407650618473058,81,0.0992529265769439,0.12406615822118
"percentile_latbin_OLS","q90","Combined","collection10_k1_tropical_temperate","Transitional","Hothouse",18,15,-0.233129120752041,119,0.287602060128914,0.319557844587682
"percentile_latbin_OLS","q90","Combined","collection10_k1_tropical_temperate","Transitional","Warmhouse",18,15,0.174521497721017,139,0.564621827444178,0.564621827444178
"percentile_latbin_OLS","q90","Combined","collection10_k1_tropical_temperate_polar","Coolhouse","Hothouse",15,7,-0.626468899104551,5,0.000461398197388425,0.00461398197388425
"percentile_latbin_OLS","q90","Combined","collection10_k1_tropical_temperate_polar","Coldhouse","Hothouse",9,7,-0.889959263040838,10,0.013112090674369,0.0360915530499321
"percentile_latbin_OLS","q90","Combined","collection10_k1_tropical_temperate_polar","Coolhouse","Transitional",15,7,-0.209959929278053,21,0.0144366212199728,0.0360915530499321
"percentile_latbin_OLS","q90","Combined","collection10_k1_tropical_temperate_polar","Coolhouse","Warmhouse",15,8,-0.309329940592052,23,0.00923484602540406,0.0360915530499321
"percentile_latbin_OLS","q90","Combined","collection10_k1_tropical_temperate_polar","Warmhouse","Hothouse",8,7,-0.3171389585125,11,0.0280985559593969,0.0561971119187939
"percentile_latbin_OLS","q90","Combined","collection10_k1_tropical_temperate_polar","Transitional","Hothouse",7,7,-0.416508969826498,10,0.0368191350601513,0.0613652251002522
"percentile_latbin_OLS","q90","Combined","collection10_k1_tropical_temperate_polar","Coldhouse","Warmhouse",9,8,-0.572820304528338,21,0.0814682499223287,0.116383214174755
"percentile_latbin_OLS","q90","Combined","collection10_k1_tropical_temperate_polar","Coldhouse","Transitional",9,7,-0.47345029321434,20,0.122138371911633,0.152672964889541
"percentile_latbin_OLS","q90","Combined","collection10_k1_tropical_temperate_polar","Transitional","Warmhouse",7,8,-0.0993700113139986,26,0.431093347200381,0.478992608000424
"percentile_latbin_OLS","q90","Combined","collection10_k1_tropical_temperate_polar","Coldhouse","Coolhouse",9,15,-0.263490363936287,73,0.639742606431872,0.639742606431872
"percentile_latbin_OLS","q90","Combined","collection10_k2_tropical_temperate","Coldhouse","Warmhouse",7,13,-0.891475741389874,4,0.000579142299261661,0.00378905989810199
"percentile_latbin_OLS","q90","Combined","collection10_k2_tropical_temperate","Coldhouse","Hothouse",7,10,-1.06875124638226,2,0.000757811979620399,0.00378905989810199
"percentile_latbin_OLS","q90","Combined","collection10_k2_tropical_temperate","Coldhouse","Transitional",7,13,-0.994837987983771,11,0.0035272757074604,0.0117575856915347
"percentile_latbin_OLS","q90","Combined","collection10_k2_tropical_temperate","Coolhouse","Hothouse",8,10,-0.67155079640834,12,0.0072740119336715,0.0181850298341787
"percentile_latbin_OLS","q90","Combined","collection10_k2_tropical_temperate","Coolhouse","Warmhouse",8,13,-0.494275291415957,21,0.0135932054389046,0.0271864108778091
"percentile_latbin_OLS","q90","Combined","collection10_k2_tropical_temperate","Coolhouse","Transitional",8,13,-0.597637538009854,25,0.0274827977715654,0.045804662952609
"percentile_latbin_OLS","q90","Combined","collection10_k2_tropical_temperate","Coldhouse","Coolhouse",7,8,-0.397200449973917,16,0.0916164884644109,0.130880697806301
"percentile_latbin_OLS","q90","Combined","collection10_k2_tropical_temperate","Warmhouse","Hothouse",13,10,-0.177275504992383,55,0.277875300289904,0.34734412536238
"percentile_latbin_OLS","q90","Combined","collection10_k2_tropical_temperate","Transitional","Warmhouse",13,13,0.103362246593897,87,0.561134479249142,0.561606455831726
"percentile_latbin_OLS","q90","Combined","collection10_k2_tropical_temperate","Transitional","Hothouse",13,10,-0.0739132583984863,67,0.561606455831726,0.561606455831726
"percentile_latbin_OLS","q90","Combined","collection10_k2_tropical_temperate_polar","Coldhouse","Transitional",2,3,-0.659939776636378,0,0.0744573365893828,0.156375721759645
"percentile_latbin_OLS","q90","Combined","collection10_k2_tropical_temperate_polar","Coldhouse","Warmhouse",2,7,-0.709957978608552,0,0.0285199371245278,0.156375721759645
"percentile_latbin_OLS","q90","Combined","collection10_k2_tropical_temperate_polar","Coldhouse","Hothouse",2,4,-1.09147158276062,0,0.0525962525600207,0.156375721759645
"percentile_latbin_OLS","q90","Combined","collection10_k2_tropical_temperate_polar","Coolhouse","Hothouse",4,4,-0.676675026287636,2,0.056175598845232,0.156375721759645
"percentile_latbin_OLS","q90","Combined","collection10_k2_tropical_temperate_polar","Warmhouse","Hothouse",7,4,-0.381513604152071,6,0.0781878608798223,0.156375721759645
"percentile_latbin_OLS","q90","Combined","collection10_k2_tropical_temperate_polar","Transitional","Hothouse",3,4,-0.431531806124246,2,0.10796246947007,0.179937449116784
"percentile_latbin_OLS","q90","Combined","collection10_k2_tropical_temperate_polar","Coolhouse","Warmhouse",4,7,-0.295161422135565,9,0.197545792452075,0.282208274931536
"percentile_latbin_OLS","q90","Combined","collection10_k2_tropical_temperate_polar","Coldhouse","Coolhouse",2,4,-0.414796556472987,2,0.243726645182017,0.304658306477522
"percentile_latbin_OLS","q90","Combined","collection10_k2_tropical_temperate_polar","Coolhouse","Transitional",4,3,-0.245143220163391,4,0.297941545282589,0.331046161425099
"percentile_latbin_OLS","q90","Combined","collection10_k2_tropical_temperate_polar","Transitional","Warmhouse",3,7,-0.0500182019721743,9,0.409853768914894,0.409853768914894
"percentile_latbin_OLS","q90","Combined","collection10_k3_tropical_temperate","Coldhouse","Transitional",3,7,-0.851846021820938,0,0.0113272470400447,0.0614807095117498
"percentile_latbin_OLS","q90","Combined","collection10_k3_tropical_temperate","Coldhouse","Warmhouse",3,6,-0.932749362282831,0,0.0140929010739537,0.0614807095117498
"percentile_latbin_OLS","q90","Combined","collection10_k3_tropical_temperate","Coldhouse","Hothouse",3,5,-0.920905535983113,0,0.0184442128535249,0.0614807095117498
"percentile_latbin_OLS","q90","Combined","collection10_k3_tropical_temperate","Coolhouse","Warmhouse",3,6,-0.615712455163703,2,0.0466449780918023,0.116612445229506
"percentile_latbin_OLS","q90","Combined","collection10_k3_tropical_temperate","Coolhouse","Hothouse",3,5,-0.603868628863986,2,0.0680185640570718,0.136037128114144
"percentile_latbin_OLS","q90","Combined","collection10_k3_tropical_temperate","Coolhouse","Transitional",3,7,-0.534809114701811,4,0.0857301030321637,0.142883505053606
"percentile_latbin_OLS","q90","Combined","collection10_k3_tropical_temperate","Coldhouse","Coolhouse",3,3,-0.317036907119127,2,0.191366544442613,0.273380777775161
"percentile_latbin_OLS","q90","Combined","collection10_k3_tropical_temperate","Transitional","Warmhouse",7,6,-0.0809033404618923,17,0.308537538725987,0.385671923407484
"percentile_latbin_OLS","q90","Combined","collection10_k3_tropical_temperate","Transitional","Hothouse",7,5,-0.0690595141621746,21,0.742024151820726,0.742024151820726
"percentile_latbin_OLS","q90","Combined","collection10_k3_tropical_temperate","Warmhouse","Hothouse",6,5,0.0118438262997177,17,0.675961565930427,0.742024151820726
"percentile_latbin_OLS","q90","Combined","collection10_k3_tropical_temperate_polar","Coolhouse","Hothouse",2,2,-0.536899157876115,0,0.122639058403386,0.367917175210159
"percentile_latbin_OLS","q90","Combined","collection10_k3_tropical_temperate_polar","Transitional","Hothouse",2,2,-0.343315251767534,0,0.122639058403386,0.367917175210159
"percentile_latbin_OLS","q90","Combined","collection10_k3_tropical_temperate_polar","Warmhouse","Hothouse",3,2,-0.290104477399514,1,0.193238115385616,0.386476230771233
"percentile_latbin_OLS","q90","Combined","collection10_k3_tropical_temperate_polar","Coolhouse","Transitional",2,2,-0.193583906108581,1,0.349267679151669,0.463697995610668
"percentile_latbin_OLS","q90","Combined","collection10_k3_tropical_temperate_polar","Coolhouse","Warmhouse",2,3,-0.2467946804766,2,0.386414996342224,0.463697995610668
"percentile_latbin_OLS","q90","Combined","collection10_k3_tropical_temperate_polar","Transitional","Warmhouse",2,3,-0.0532107743680195,3,0.613585003657776,0.613585003657776
"percentile_latbin_OLS","q90","Combined","collection10_k3_tropical_temperate_polar","Coldhouse","Coolhouse",1,2,-0.570045561355646,NA,NA,NA
"percentile_latbin_OLS","q90","Combined","collection10_k3_tropical_temperate_polar","Coldhouse","Transitional",1,2,-0.763629467464227,NA,NA,NA
"percentile_latbin_OLS","q90","Combined","collection10_k3_tropical_temperate_polar","Coldhouse","Warmhouse",1,3,-0.816840241832246,NA,NA,NA
"percentile_latbin_OLS","q90","Combined","collection10_k3_tropical_temperate_polar","Coldhouse","Hothouse",1,2,-1.10694471923176,NA,NA,NA
"percentile_latbin_OLS","q90","Northern","occurrence5_k1_tropical_temperate","Coldhouse","Transitional",10,15,-0.912965404026309,16,0.000587261062339658,0.00293630531169829
"percentile_latbin_OLS","q90","Northern","occurrence5_k1_tropical_temperate","Coolhouse","Transitional",15,15,-0.618439320668836,32,0.000452924271264549,0.00293630531169829
"percentile_latbin_OLS","q90","Northern","occurrence5_k1_tropical_temperate","Coolhouse","Warmhouse",15,11,-0.56566217133629,22,0.000922860658848134,0.00307620219616045
"percentile_latbin_OLS","q90","Northern","occurrence5_k1_tropical_temperate","Coldhouse","Warmhouse",10,11,-0.860188254693764,12,0.00138233596727188,0.00345583991817971
"percentile_latbin_OLS","q90","Northern","occurrence5_k1_tropical_temperate","Coldhouse","Hothouse",10,10,-0.604728841523212,26,0.0378307860719435,0.075661572143887
"percentile_latbin_OLS","q90","Northern","occurrence5_k1_tropical_temperate","Coolhouse","Hothouse",15,10,-0.310202758165739,48,0.0707869005844139,0.11797816764069
"percentile_latbin_OLS","q90","Northern","occurrence5_k1_tropical_temperate","Coldhouse","Coolhouse",10,15,-0.294526083357473,54,0.127740843163952,0.182486918805646
"percentile_latbin_OLS","q90","Northern","occurrence5_k1_tropical_temperate","Transitional","Warmhouse",15,11,0.0527771493325456,80,0.458664089095955,0.573330111369944
"percentile_latbin_OLS","q90","Northern","occurrence5_k1_tropical_temperate","Transitional","Hothouse",15,10,0.308236562503097,97,0.893998284538587,0.893998284538587
"percentile_latbin_OLS","q90","Northern","occurrence5_k1_tropical_temperate","Warmhouse","Hothouse",11,10,0.255459413170552,70,0.86246850396112,0.893998284538587
"percentile_latbin_OLS","q90","Northern","occurrence5_k1_tropical_temperate_polar","Coldhouse","Transitional",7,12,-0.964665520410052,0,0.000226262566738465,0.00226262566738465
"percentile_latbin_OLS","q90","Northern","occurrence5_k1_tropical_temperate_polar","Coolhouse","Transitional",10,12,-0.597478159245012,11,0.000691932688782905,0.00345966344391453
"percentile_latbin_OLS","q90","Northern","occurrence5_k1_tropical_temperate_polar","Coldhouse","Warmhouse",7,10,-0.825017504772121,3,0.0010557455033353,0.00351915167778433
"percentile_latbin_OLS","q90","Northern","occurrence5_k1_tropical_temperate_polar","Coldhouse","Hothouse",7,5,-0.482421577413496,0,0.00288306045711863,0.00720765114279658
"percentile_latbin_OLS","q90","Northern","occurrence5_k1_tropical_temperate_polar","Coldhouse","Coolhouse",7,10,-0.367187361165041,7,0.003640346121149,0.00728069224229799
"percentile_latbin_OLS","q90","Northern","occurrence5_k1_tropical_temperate_polar","Coolhouse","Warmhouse",10,10,-0.45783014360708,20,0.012874040410554,0.0214567340175901
"percentile_latbin_OLS","q90","Northern","occurrence5_k1_tropical_temperate_polar","Coolhouse","Hothouse",10,5,-0.115234216248456,16,0.148930083774903,0.212757262535576
"percentile_latbin_OLS","q90","Northern","occurrence5_k1_tropical_temperate_polar","Transitional","Warmhouse",12,10,0.139648015637931,70,0.755641063407365,0.944551329259207
"percentile_latbin_OLS","q90","Northern","occurrence5_k1_tropical_temperate_polar","Transitional","Hothouse",12,5,0.482243942996556,48,0.974416184743284,0.974416184743284
"percentile_latbin_OLS","q90","Northern","occurrence5_k1_tropical_temperate_polar","Warmhouse","Hothouse",10,5,0.342595927358625,35,0.900775348203994,0.974416184743284
"percentile_latbin_OLS","q90","Northern","occurrence5_k2_tropical_temperate","Coldhouse","Transitional",7,13,-0.980290181484173,2,0.000327871738977847,0.00164998196216889
"percentile_latbin_OLS","q90","Northern","occurrence5_k2_tropical_temperate","Coolhouse","Transitional",9,13,-0.649688642817077,7,0.000329996392433779,0.00164998196216889
"percentile_latbin_OLS","q90","Northern","occurrence5_k2_tropical_temperate","Coldhouse","Hothouse",7,8,-0.873971525428143,3,0.00228896117884281,0.00762987059614269
"percentile_latbin_OLS","q90","Northern","occurrence5_k2_tropical_temperate","Coldhouse","Warmhouse",7,8,-0.825017504772121,5,0.00460889867352746,0.0115222466838187
"percentile_latbin_OLS","q90","Northern","occurrence5_k2_tropical_temperate","Coolhouse","Hothouse",9,8,-0.543369986761047,12,0.0118706972653629,0.0237413945307259
"percentile_latbin_OLS","q90","Northern","occurrence5_k2_tropical_temperate","Coolhouse","Warmhouse",9,8,-0.494415966105025,13,0.0151914109882888,0.0253190183138146
"percentile_latbin_OLS","q90","Northern","occurrence5_k2_tropical_temperate","Coldhouse","Coolhouse",7,9,-0.330601538667096,13,0.0283691106875967,0.040527300982281
"percentile_latbin_OLS","q90","Northern","occurrence5_k2_tropical_temperate","Warmhouse","Hothouse",8,8,-0.0489540206560222,31,0.479060963288871,0.598826204111089
"percentile_latbin_OLS","q90","Northern","occurrence5_k2_tropical_temperate","Transitional","Warmhouse",13,8,0.155272676712052,66,0.853163906576184,0.853163906576184
"percentile_latbin_OLS","q90","Northern","occurrence5_k2_tropical_temperate","Transitional","Hothouse",13,8,0.10631865605603,64,0.817335779817266,0.853163906576184
"percentile_latbin_OLS","q90","Northern","occurrence5_k2_tropical_temperate_polar","Coldhouse","Transitional",4,8,-0.877297387623764,0,0.00423740094607692,0.0211870047303846
"percentile_latbin_OLS","q90","Northern","occurrence5_k2_tropical_temperate_polar","Coolhouse","Transitional",7,8,-0.616474348229466,4,0.00326808058712134,0.0211870047303846
"percentile_latbin_OLS","q90","Northern","occurrence5_k2_tropical_temperate_polar","Coldhouse","Hothouse",4,5,-0.446346122103874,0,0.00998222665260803,0.0332740888420268
"percentile_latbin_OLS","q90","Northern","occurrence5_k2_tropical_temperate_polar","Coldhouse","Warmhouse",4,6,-0.664542713362912,2,0.0214128046154457,0.0535320115386142
"percentile_latbin_OLS","q90","Northern","occurrence5_k2_tropical_temperate_polar","Coldhouse","Coolhouse",4,7,-0.260823039394299,4,0.0363004697249787,0.061787942592839
"percentile_latbin_OLS","q90","Northern","occurrence5_k2_tropical_temperate_polar","Coolhouse","Warmhouse",7,6,-0.403719673968614,8,0.0370727655557034,0.061787942592839
"percentile_latbin_OLS","q90","Northern","occurrence5_k2_tropical_temperate_polar","Coolhouse","Hothouse",7,5,-0.185523082709575,8,0.0719259348274268,0.102751335467753
"percentile_latbin_OLS","q90","Northern","occurrence5_k2_tropical_temperate_polar","Warmhouse","Hothouse",6,5,0.218196591259038,18,0.738591673040456,0.92323959130057
"percentile_latbin_OLS","q90","Northern","occurrence5_k2_tropical_temperate_polar","Transitional","Warmhouse",8,6,0.212754674260852,33,0.889984318209294,0.937858562968724
"percentile_latbin_OLS","q90","Northern","occurrence5_k2_tropical_temperate_polar","Transitional","Hothouse",8,5,0.430951265519891,30,0.937858562968724,0.937858562968724
"percentile_latbin_OLS","q90","Northern","occurrence5_k3_tropical_temperate","Coolhouse","Transitional",6,8,-0.717665282324326,0,0.00120732445687942,0.0120732445687942
"percentile_latbin_OLS","q90","Northern","occurrence5_k3_tropical_temperate","Coldhouse","Transitional",4,8,-0.840077305388593,0,0.00423740094607692,0.0211870047303846
"percentile_latbin_OLS","q90","Northern","occurrence5_k3_tropical_temperate","Coolhouse","Warmhouse",6,6,-0.549660804553315,3,0.0101202852885387,0.0337342842951291
"percentile_latbin_OLS","q90","Northern","occurrence5_k3_tropical_temperate","Coldhouse","Warmhouse",4,6,-0.672072827617582,2,0.0214128046154457,0.0535320115386142
"percentile_latbin_OLS","q90","Northern","occurrence5_k3_tropical_temperate","Coldhouse","Hothouse",4,5,-0.646242339097633,2,0.0330962898610967,0.0551604831018279
"percentile_latbin_OLS","q90","Northern","occurrence5_k3_tropical_temperate","Coolhouse","Hothouse",6,5,-0.523830316033367,4,0.0276171268590319,0.0551604831018279
"percentile_latbin_OLS","q90","Northern","occurrence5_k3_tropical_temperate","Coldhouse","Coolhouse",4,6,-0.122412023064266,8,0.227772546894665,0.325389352706664
"percentile_latbin_OLS","q90","Northern","occurrence5_k3_tropical_temperate","Warmhouse","Hothouse",6,5,0.0258304885199485,16,0.60790438529919,0.759880481623988
"percentile_latbin_OLS","q90","Northern","occurrence5_k3_tropical_temperate","Transitional","Warmhouse",8,6,0.168004477771011,37,0.959319435382962,0.959319435382962
"percentile_latbin_OLS","q90","Northern","occurrence5_k3_tropical_temperate","Transitional","Hothouse",8,5,0.19383496629096,29,0.917835360230967,0.959319435382962
"percentile_latbin_OLS","q90","Northern","occurrence5_k3_tropical_temperate_polar","Coolhouse","Transitional",4,3,-0.79040270099664,0,0.0259149636089548,0.129574818044774
"percentile_latbin_OLS","q90","Northern","occurrence5_k3_tropical_temperate_polar","Coolhouse","Warmhouse",4,4,-0.451012752017229,0,0.0151914109882887,0.129574818044774
"percentile_latbin_OLS","q90","Northern","occurrence5_k3_tropical_temperate_polar","Coldhouse","Warmhouse",2,4,-0.547673491517995,0,0.0525962525600207,0.131490631400052
"percentile_latbin_OLS","q90","Northern","occurrence5_k3_tropical_temperate_polar","Coolhouse","Hothouse",4,2,-0.48211853980667,0,0.0525962525600207,0.131490631400052
"percentile_latbin_OLS","q90","Northern","occurrence5_k3_tropical_temperate_polar","Coldhouse","Transitional",2,3,-0.887063440497406,0,0.0744573365893828,0.148914673178766
"percentile_latbin_OLS","q90","Northern","occurrence5_k3_tropical_temperate_polar","Coldhouse","Hothouse",2,2,-0.578779279307436,0,0.122639058403386,0.204398430672311
"percentile_latbin_OLS","q90","Northern","occurrence5_k3_tropical_temperate_polar","Coldhouse","Coolhouse",2,4,-0.0966607395007658,2,0.243726645182017,0.348180921688596
"percentile_latbin_OLS","q90","Northern","occurrence5_k3_tropical_temperate_polar","Warmhouse","Hothouse",4,2,-0.0311057877894408,4,0.591519339142304,0.73939917392788
"percentile_latbin_OLS","q90","Northern","occurrence5_k3_tropical_temperate_polar","Transitional","Warmhouse",3,4,0.339389948979411,11,0.974085036391045,0.974085036391045
"percentile_latbin_OLS","q90","Northern","occurrence5_k3_tropical_temperate_polar","Transitional","Hothouse",3,2,0.30828416118997,5,0.925542663410617,0.974085036391045
"percentile_latbin_OLS","q90","Northern","occurrence10_k1_tropical_temperate","Coldhouse","Transitional",10,14,-0.911696927082921,18,0.00128264761805522,0.00427549206018408
"percentile_latbin_OLS","q90","Northern","occurrence10_k1_tropical_temperate","Coldhouse","Warmhouse",10,10,-0.777613317983941,9,0.00110110997124854,0.00427549206018408
"percentile_latbin_OLS","q90","Northern","occurrence10_k1_tropical_temperate","Coolhouse","Warmhouse",15,10,-0.515248018687284,20,0.00125093132247353,0.00427549206018408
"percentile_latbin_OLS","q90","Northern","occurrence10_k1_tropical_temperate","Coolhouse","Transitional",15,14,-0.649331627786264,40,0.00243877985540013,0.00609694963850033
"percentile_latbin_OLS","q90","Northern","occurrence10_k1_tropical_temperate","Coldhouse","Hothouse",10,9,-0.810733357826005,16,0.00998222665260803,0.0195488297332692
"percentile_latbin_OLS","q90","Northern","occurrence10_k1_tropical_temperate","Coolhouse","Hothouse",15,9,-0.548368058529348,29,0.0117292978399615,0.0195488297332692
"percentile_latbin_OLS","q90","Northern","occurrence10_k1_tropical_temperate","Coldhouse","Coolhouse",10,15,-0.262365299296658,55,0.139700620254567,0.199572314649382
"percentile_latbin_OLS","q90","Northern","occurrence10_k1_tropical_temperate","Transitional","Hothouse",14,9,0.100963569256916,58,0.388407002077741,0.485508752597176
"percentile_latbin_OLS","q90","Northern","occurrence10_k1_tropical_temperate","Warmhouse","Hothouse",10,9,-0.0331200398420643,44,0.483717772569769,0.537464191744187
"percentile_latbin_OLS","q90","Northern","occurrence10_k1_tropical_temperate","Transitional","Warmhouse",14,10,0.13408360909898,72,0.558191270309316,0.558191270309316
"percentile_latbin_OLS","q90","Northern","occurrence10_k1_tropical_temperate_polar","Coldhouse","Transitional",6,12,-0.911696927082921,0,0.000442283578152501,0.00442283578152501
"percentile_latbin_OLS","q90","Northern","occurrence10_k1_tropical_temperate_polar","Coldhouse","Warmhouse",6,9,-0.667750131024882,0,0.000894921639311727,0.00447460819655863
"percentile_latbin_OLS","q90","Northern","occurrence10_k1_tropical_temperate_polar","Coolhouse","Transitional",9,12,-0.556397523389964,14,0.00249915421525758,0.0083305140508586
"percentile_latbin_OLS","q90","Northern","occurrence10_k1_tropical_temperate_polar","Coldhouse","Hothouse",6,4,-0.634833359355785,0,0.00710701943454103,0.0142140388690821
"percentile_latbin_OLS","q90","Northern","occurrence10_k1_tropical_temperate_polar","Coolhouse","Warmhouse",9,9,-0.312450727331924,12,0.00670932896024874,0.0142140388690821
"percentile_latbin_OLS","q90","Northern","occurrence10_k1_tropical_temperate_polar","Coldhouse","Coolhouse",6,9,-0.355299403692958,8,0.0146196191280495,0.0243660318800825
"percentile_latbin_OLS","q90","Northern","occurrence10_k1_tropical_temperate_polar","Coolhouse","Hothouse",9,4,-0.279533955662827,8,0.0713402421486114,0.101914631640873
"percentile_latbin_OLS","q90","Northern","occurrence10_k1_tropical_temperate_polar","Transitional","Warmhouse",12,9,0.24394679605804,64,0.772227453105335,0.772227453105335
"percentile_latbin_OLS","q90","Northern","occurrence10_k1_tropical_temperate_polar","Transitional","Hothouse",12,4,0.276863567727136,29,0.74760530008344,0.772227453105335
"percentile_latbin_OLS","q90","Northern","occurrence10_k1_tropical_temperate_polar","Warmhouse","Hothouse",9,4,0.0329167716690967,21,0.705422767274971,0.772227453105335
"percentile_latbin_OLS","q90","Northern","occurrence10_k2_tropical_temperate","Coldhouse","Transitional",7,12,-0.952252422451383,2,0.00042137348296367,0.0042137348296367
"percentile_latbin_OLS","q90","Northern","occurrence10_k2_tropical_temperate","Coldhouse","Warmhouse",7,8,-0.717325861385157,4,0.00326808058712134,0.0121871710925149
"percentile_latbin_OLS","q90","Northern","occurrence10_k2_tropical_temperate","Coldhouse","Hothouse",7,6,-0.913856180736385,2,0.00411048566034429,0.0121871710925149
"percentile_latbin_OLS","q90","Northern","occurrence10_k2_tropical_temperate","Coolhouse","Transitional",8,12,-0.634876214021107,14,0.00487486843700597,0.0121871710925149
"percentile_latbin_OLS","q90","Northern","occurrence10_k2_tropical_temperate","Coolhouse","Hothouse",8,6,-0.596479972306109,6,0.0119342210822872,0.0238684421645744
"percentile_latbin_OLS","q90","Northern","occurrence10_k2_tropical_temperate","Coolhouse","Warmhouse",8,8,-0.399949652954881,13,0.0260148088111126,0.0433580146851877
"percentile_latbin_OLS","q90","Northern","occurrence10_k2_tropical_temperate","Coldhouse","Coolhouse",7,8,-0.317376208430276,13,0.0466687735890115,0.0666696765557307
"percentile_latbin_OLS","q90","Northern","occurrence10_k2_tropical_temperate","Warmhouse","Hothouse",8,6,-0.196530319351228,17,0.200693582855883,0.250866978569854
"percentile_latbin_OLS","q90","Northern","occurrence10_k2_tropical_temperate","Transitional","Hothouse",12,6,0.0383962417149978,33,0.407435641949356,0.452706268832617
"percentile_latbin_OLS","q90","Northern","occurrence10_k2_tropical_temperate","Transitional","Warmhouse",12,8,0.234926561066226,61,0.851189266054442,0.851189266054442
"percentile_latbin_OLS","q90","Northern","occurrence10_k2_tropical_temperate_polar","Coldhouse","Transitional",3,5,-0.9028776448558,0,0.0184442128535249,0.0863832120298495
"percentile_latbin_OLS","q90","Northern","occurrence10_k2_tropical_temperate_polar","Coldhouse","Warmhouse",3,4,-0.401516086418923,0,0.0259149636089548,0.0863832120298495
"percentile_latbin_OLS","q90","Northern","occurrence10_k2_tropical_temperate_polar","Coolhouse","Transitional",5,5,-0.701843097024798,2,0.018356928181352,0.0863832120298495
"percentile_latbin_OLS","q90","Northern","occurrence10_k2_tropical_temperate_polar","Coldhouse","Coolhouse",3,5,-0.201034547831003,2,0.0680185640570718,0.146036871166672
"percentile_latbin_OLS","q90","Northern","occurrence10_k2_tropical_temperate_polar","Coldhouse","Hothouse",3,2,-0.681759063701597,0,0.0744573365893828,0.146036871166672
"percentile_latbin_OLS","q90","Northern","occurrence10_k2_tropical_temperate_polar","Coolhouse","Hothouse",5,2,-0.480724515870594,1,0.087622122700003,0.146036871166672
"percentile_latbin_OLS","q90","Northern","occurrence10_k2_tropical_temperate_polar","Coolhouse","Warmhouse",5,4,-0.20048153858792,5,0.13517207032739,0.193102957610557
"percentile_latbin_OLS","q90","Northern","occurrence10_k2_tropical_temperate_polar","Warmhouse","Hothouse",4,2,-0.280242977282674,2,0.243726645182017,0.304658306477522
"percentile_latbin_OLS","q90","Northern","occurrence10_k2_tropical_temperate_polar","Transitional","Hothouse",5,2,0.221118581154203,5,0.576774701561705,0.640860779513005
"percentile_latbin_OLS","q90","Northern","occurrence10_k2_tropical_temperate_polar","Transitional","Warmhouse",5,4,0.501361558436877,16,0.94432655673343,0.94432655673343
"percentile_latbin_OLS","q90","Northern","occurrence10_k3_tropical_temperate","Coldhouse","Transitional",4,8,-0.837672321018395,0,0.00423740094607692,0.0423740094607692
"percentile_latbin_OLS","q90","Northern","occurrence10_k3_tropical_temperate","Coldhouse","Warmhouse",4,6,-0.577386337468946,3,0.0349771792900052,0.0828374251588063
"percentile_latbin_OLS","q90","Northern","occurrence10_k3_tropical_temperate","Coolhouse","Transitional",5,8,-0.600091094469624,5,0.0168944196918348,0.0828374251588063
"percentile_latbin_OLS","q90","Northern","occurrence10_k3_tropical_temperate","Coolhouse","Warmhouse",5,6,-0.339805110920175,5,0.0414187125794032,0.0828374251588063
"percentile_latbin_OLS","q90","Northern","occurrence10_k3_tropical_temperate","Coolhouse","Hothouse",5,4,-0.44980996139442,2,0.0330962898610967,0.0828374251588063
"percentile_latbin_OLS","q90","Northern","occurrence10_k3_tropical_temperate","Coldhouse","Hothouse",4,4,-0.68739118794319,2,0.056175598845232,0.0936259980753866
"percentile_latbin_OLS","q90","Northern","occurrence10_k3_tropical_temperate","Warmhouse","Hothouse",6,4,-0.110004850474244,9,0.297016170299521,0.424308814713601
"percentile_latbin_OLS","q90","Northern","occurrence10_k3_tropical_temperate","Coldhouse","Coolhouse",4,5,-0.237581226548771,8,0.356651586939229,0.445814483674036
"percentile_latbin_OLS","q90","Northern","occurrence10_k3_tropical_temperate","Transitional","Hothouse",8,4,0.150281133075205,19,0.723892888982925,0.80432543220325
"percentile_latbin_OLS","q90","Northern","occurrence10_k3_tropical_temperate","Transitional","Warmhouse",8,6,0.260285983549449,38,0.969392682522699,0.969392682522699
"percentile_latbin_OLS","q90","Northern","occurrence10_k3_tropical_temperate_polar","Coldhouse","Transitional",2,3,-0.875239223243583,0,0.0744573365893828,0.18395858760508
"percentile_latbin_OLS","q90","Northern","occurrence10_k3_tropical_temperate_polar","Coldhouse","Warmhouse",2,2,-0.512725238086807,0,0.122639058403386,0.18395858760508
"percentile_latbin_OLS","q90","Northern","occurrence10_k3_tropical_temperate_polar","Coolhouse","Transitional",2,3,-0.716857358012408,0,0.0744573365893828,0.18395858760508
"percentile_latbin_OLS","q90","Northern","occurrence10_k3_tropical_temperate_polar","Coolhouse","Warmhouse",2,2,-0.354343372855632,0,0.122639058403386,0.18395858760508
"percentile_latbin_OLS","q90","Northern","occurrence10_k3_tropical_temperate_polar","Coldhouse","Coolhouse",2,2,-0.158381865231175,1,0.349267679151669,0.419121214982003
"percentile_latbin_OLS","q90","Northern","occurrence10_k3_tropical_temperate_polar","Transitional","Warmhouse",3,2,0.362513985156776,5,0.925542663410617,0.925542663410617
"percentile_latbin_OLS","q90","Northern","occurrence10_k3_tropical_temperate_polar","Coldhouse","Hothouse",2,1,-0.313860204068266,NA,NA,NA
"percentile_latbin_OLS","q90","Northern","occurrence10_k3_tropical_temperate_polar","Coolhouse","Hothouse",2,1,-0.155478338837091,NA,NA,NA
"percentile_latbin_OLS","q90","Northern","occurrence10_k3_tropical_temperate_polar","Transitional","Hothouse",3,1,0.561379019175317,NA,NA,NA
"percentile_latbin_OLS","q90","Northern","occurrence10_k3_tropical_temperate_polar","Warmhouse","Hothouse",2,1,0.198865034018541,NA,NA,NA
"percentile_latbin_OLS","q90","Northern","collection5_k1_tropical_temperate","Coldhouse","Transitional",10,14,-0.933763996777165,9,0.000198163739296815,0.00198163739296815
"percentile_latbin_OLS","q90","Northern","collection5_k1_tropical_temperate","Coolhouse","Transitional",14,14,-0.685245536727212,28,0.000703128377164062,0.00351564188582031
"percentile_latbin_OLS","q90","Northern","collection5_k1_tropical_temperate","Coldhouse","Warmhouse",10,11,-0.895604547125362,11,0.00109499971725997,0.00364999905753325
"percentile_latbin_OLS","q90","Northern","collection5_k1_tropical_temperate","Coolhouse","Warmhouse",14,11,-0.64708608707541,30,0.00545392147951817,0.0136348036987954
"percentile_latbin_OLS","q90","Northern","collection5_k1_tropical_temperate","Coldhouse","Hothouse",10,9,-0.760012227950945,16,0.00998222665260803,0.0199644533052161
"percentile_latbin_OLS","q90","Northern","collection5_k1_tropical_temperate","Coolhouse","Hothouse",14,9,-0.511493767900992,32,0.0273457261367675,0.0455762102279459
"percentile_latbin_OLS","q90","Northern","collection5_k1_tropical_temperate","Coldhouse","Coolhouse",10,14,-0.248518460049952,50,0.126767939799949,0.18109705685707
"percentile_latbin_OLS","q90","Northern","collection5_k1_tropical_temperate","Transitional","Warmhouse",14,11,0.0381594496518023,79,0.554430151200704,0.69303768900088
"percentile_latbin_OLS","q90","Northern","collection5_k1_tropical_temperate","Transitional","Hothouse",14,9,0.17375176882622,76,0.802454207547925,0.802454207547925
"percentile_latbin_OLS","q90","Northern","collection5_k1_tropical_temperate","Warmhouse","Hothouse",11,9,0.135592319174418,59,0.776294148995341,0.802454207547925
"percentile_latbin_OLS","q90","Northern","collection5_k1_tropical_temperate_polar","Coldhouse","Transitional",7,10,-0.893670266985022,0,0.000380152921436306,0.00380152921436306
"percentile_latbin_OLS","q90","Northern","collection5_k1_tropical_temperate_polar","Coldhouse","Warmhouse",7,9,-0.886435334408812,4,0.00213171569155366,0.00764398680042249
"percentile_latbin_OLS","q90","Northern","collection5_k1_tropical_temperate_polar","Coolhouse","Transitional",10,10,-0.634542185344476,12,0.00229319604012675,0.00764398680042249
"percentile_latbin_OLS","q90","Northern","collection5_k1_tropical_temperate_polar","Coldhouse","Hothouse",7,4,-0.616742441825845,0,0.0053667080514986,0.0134167701287465
"percentile_latbin_OLS","q90","Northern","collection5_k1_tropical_temperate_polar","Coolhouse","Warmhouse",10,9,-0.627307252768266,17,0.0123723360231995,0.0247446720463989
"percentile_latbin_OLS","q90","Northern","collection5_k1_tropical_temperate_polar","Coldhouse","Coolhouse",7,10,-0.259128081640546,17,0.0438343975649646,0.0626205679499495
"percentile_latbin_OLS","q90","Northern","collection5_k1_tropical_temperate_polar","Coolhouse","Hothouse",10,4,-0.357614360185298,7,0.0385499358717709,0.0626205679499495
"percentile_latbin_OLS","q90","Northern","collection5_k1_tropical_temperate_polar","Transitional","Warmhouse",10,9,0.0072349325762104,48,0.612474313164959,0.765592891456198
"percentile_latbin_OLS","q90","Northern","collection5_k1_tropical_temperate_polar","Transitional","Hothouse",10,4,0.276927825159178,29,0.910445403636639,0.910445403636639
"percentile_latbin_OLS","q90","Northern","collection5_k1_tropical_temperate_polar","Warmhouse","Hothouse",9,4,0.269692892582967,24,0.842062760084755,0.910445403636639
"percentile_latbin_OLS","q90","Northern","collection5_k2_tropical_temperate","Coldhouse","Transitional",6,12,-0.956386567369941,3,0.00116764867779432,0.00567539303549127
"percentile_latbin_OLS","q90","Northern","collection5_k2_tropical_temperate","Coolhouse","Transitional",6,12,-0.889397775251915,2,0.000851794838476953,0.00567539303549127
"percentile_latbin_OLS","q90","Northern","collection5_k2_tropical_temperate","Coolhouse","Hothouse",6,7,-0.798768162141021,0,0.00170261791064738,0.00567539303549127
"percentile_latbin_OLS","q90","Northern","collection5_k2_tropical_temperate","Coldhouse","Hothouse",6,7,-0.865756954259048,2,0.00411048566034429,0.0102762141508607
"percentile_latbin_OLS","q90","Northern","collection5_k2_tropical_temperate","Coldhouse","Warmhouse",6,8,-0.798532616226171,5,0.00846234423422658,0.0169246884684532
"percentile_latbin_OLS","q90","Northern","collection5_k2_tropical_temperate","Coolhouse","Warmhouse",6,8,-0.731543824108144,6,0.0119342210822872,0.0198903684704786
"percentile_latbin_OLS","q90","Northern","collection5_k2_tropical_temperate","Warmhouse","Hothouse",8,7,-0.067224338032877,21,0.225956729139537,0.322795327342195
"percentile_latbin_OLS","q90","Northern","collection5_k2_tropical_temperate","Coldhouse","Coolhouse",6,6,-0.0669887921180267,17,0.46809314673653,0.520103496373922
"percentile_latbin_OLS","q90","Northern","collection5_k2_tropical_temperate","Transitional","Hothouse",12,7,0.0906296131108937,40,0.449559978387049,0.520103496373922
"percentile_latbin_OLS","q90","Northern","collection5_k2_tropical_temperate","Transitional","Warmhouse",12,8,0.157853951143771,62,0.86836577530648,0.86836577530648
"percentile_latbin_OLS","q90","Northern","collection5_k2_tropical_temperate_polar","Coldhouse","Transitional",3,5,-0.604885284312901,0,0.0184442128535249,0.0933410398016573
"percentile_latbin_OLS","q90","Northern","collection5_k2_tropical_temperate_polar","Coolhouse","Transitional",4,5,-0.645782698513164,1,0.0186682079603315,0.0933410398016573
"percentile_latbin_OLS","q90","Northern","collection5_k2_tropical_temperate_polar","Coolhouse","Warmhouse",4,4,-0.660706163773435,2,0.056175598845232,0.14043899711308
"percentile_latbin_OLS","q90","Northern","collection5_k2_tropical_temperate_polar","Coolhouse","Hothouse",4,2,-0.677981690702583,0,0.0525962525600207,0.14043899711308
"percentile_latbin_OLS","q90","Northern","collection5_k2_tropical_temperate_polar","Coldhouse","Hothouse",3,2,-0.63708427650232,0,0.0744573365893828,0.148914673178766
"percentile_latbin_OLS","q90","Northern","collection5_k2_tropical_temperate_polar","Coldhouse","Warmhouse",3,4,-0.619808749573172,2,0.10796246947007,0.179937449116784
"percentile_latbin_OLS","q90","Northern","collection5_k2_tropical_temperate_polar","Coldhouse","Coolhouse",3,4,0.040897414200263,7,0.702058454717411,0.702058454717411
"percentile_latbin_OLS","q90","Northern","collection5_k2_tropical_temperate_polar","Transitional","Warmhouse",5,4,-0.0149234652602704,11,0.643348413060771,0.702058454717411
"percentile_latbin_OLS","q90","Northern","collection5_k2_tropical_temperate_polar","Transitional","Hothouse",5,2,-0.0321989921894185,5,0.576774701561705,0.702058454717411
"percentile_latbin_OLS","q90","Northern","collection5_k2_tropical_temperate_polar","Warmhouse","Hothouse",4,2,-0.0172755269291481,4,0.591519339142304,0.702058454717411
"percentile_latbin_OLS","q90","Northern","collection5_k3_tropical_temperate","Coldhouse","Transitional",4,8,-0.910121640442977,0,0.00423740094607692,0.0211870047303846
"percentile_latbin_OLS","q90","Northern","collection5_k3_tropical_temperate","Coolhouse","Transitional",4,8,-0.961146249629404,0,0.00423740094607692,0.0211870047303846
"percentile_latbin_OLS","q90","Northern","collection5_k3_tropical_temperate","Coolhouse","Warmhouse",4,6,-0.762668386922916,1,0.0125907322022298,0.0419691073407661
"percentile_latbin_OLS","q90","Northern","collection5_k3_tropical_temperate","Coldhouse","Warmhouse",4,6,-0.71164377773649,2,0.0214128046154457,0.0518299272179097
"percentile_latbin_OLS","q90","Northern","collection5_k3_tropical_temperate","Coolhouse","Hothouse",4,3,-0.439011753809079,0,0.0259149636089548,0.0518299272179097
"percentile_latbin_OLS","q90","Northern","collection5_k3_tropical_temperate","Coldhouse","Hothouse",4,3,-0.387987144622652,2,0.10796246947007,0.179937449116784
"percentile_latbin_OLS","q90","Northern","collection5_k3_tropical_temperate","Coldhouse","Coolhouse",4,4,0.0510246091864266,10,0.764756788970605,0.990548228494439
"percentile_latbin_OLS","q90","Northern","collection5_k3_tropical_temperate","Transitional","Warmhouse",8,6,0.198477862706488,40,0.983420006270576,0.990548228494439
"percentile_latbin_OLS","q90","Northern","collection5_k3_tropical_temperate","Transitional","Hothouse",8,3,0.522134495820325,23,0.990548228494439,0.990548228494439
"percentile_latbin_OLS","q90","Northern","collection5_k3_tropical_temperate","Warmhouse","Hothouse",6,3,0.323656633113837,13,0.877360941596614,0.990548228494439
"percentile_latbin_OLS","q90","Northern","collection5_k3_tropical_temperate_polar","Coldhouse","Warmhouse",2,2,-0.731402226845947,0,0.122639058403386,0.18395858760508
"percentile_latbin_OLS","q90","Northern","collection5_k3_tropical_temperate_polar","Coldhouse","Hothouse",2,2,-0.58342763019601,0,0.122639058403386,0.18395858760508
"percentile_latbin_OLS","q90","Northern","collection5_k3_tropical_temperate_polar","Warmhouse","Hothouse",2,2,0.147974596649937,3,0.877360941596614,0.877360941596614
"percentile_latbin_OLS","q90","Northern","collection5_k3_tropical_temperate_polar","Coldhouse","Coolhouse",2,1,-0.231798476892884,NA,NA,NA
"percentile_latbin_OLS","q90","Northern","collection5_k3_tropical_temperate_polar","Coldhouse","Transitional",2,1,-0.790007422848846,NA,NA,NA
"percentile_latbin_OLS","q90","Northern","collection5_k3_tropical_temperate_polar","Coolhouse","Transitional",1,1,-0.558208945955961,NA,NA,NA
"percentile_latbin_OLS","q90","Northern","collection5_k3_tropical_temperate_polar","Coolhouse","Warmhouse",1,2,-0.499603749953062,NA,NA,NA
"percentile_latbin_OLS","q90","Northern","collection5_k3_tropical_temperate_polar","Coolhouse","Hothouse",1,2,-0.351629153303125,NA,NA,NA
"percentile_latbin_OLS","q90","Northern","collection5_k3_tropical_temperate_polar","Transitional","Warmhouse",1,2,0.0586051960028987,NA,NA,NA
"percentile_latbin_OLS","q90","Northern","collection5_k3_tropical_temperate_polar","Transitional","Hothouse",1,2,0.206579792652836,NA,NA,NA
"percentile_latbin_OLS","q90","Northern","collection10_k1_tropical_temperate","Coldhouse","Warmhouse",8,9,-1.40240550504638,3,0.000882057150963254,0.00791735095414173
"percentile_latbin_OLS","q90","Northern","collection10_k1_tropical_temperate","Coldhouse","Hothouse",8,7,-1.00589049137057,2,0.00158347019082835,0.00791735095414173
"percentile_latbin_OLS","q90","Northern","collection10_k1_tropical_temperate","Coldhouse","Transitional",8,11,-1.38836919470113,10,0.00283593522038022,0.00910086530287249
"percentile_latbin_OLS","q90","Northern","collection10_k1_tropical_temperate","Coolhouse","Hothouse",10,7,-0.63519797099157,7,0.003640346121149,0.00910086530287249
"percentile_latbin_OLS","q90","Northern","collection10_k1_tropical_temperate","Coolhouse","Warmhouse",10,9,-1.03171298466738,13,0.00505616696066673,0.0101123339213335
"percentile_latbin_OLS","q90","Northern","collection10_k1_tropical_temperate","Coolhouse","Transitional",10,11,-1.01767667432213,20,0.00756156720153343,0.0126026120025557
"percentile_latbin_OLS","q90","Northern","collection10_k1_tropical_temperate","Coldhouse","Coolhouse",8,10,-0.370692520378998,23,0.0713154978948937,0.101879282706991
"percentile_latbin_OLS","q90","Northern","collection10_k1_tropical_temperate","Transitional","Warmhouse",11,9,-0.0140363103452472,51,0.560385802656905,0.571868551929164
"percentile_latbin_OLS","q90","Northern","collection10_k1_tropical_temperate","Transitional","Hothouse",11,7,0.382478703330563,40,0.571868551929164,0.571868551929164
"percentile_latbin_OLS","q90","Northern","collection10_k1_tropical_temperate","Warmhouse","Hothouse",9,7,0.39651501367581,31,0.5,0.571868551929164
"percentile_latbin_OLS","q90","Northern","collection10_k1_tropical_temperate_polar","Coldhouse","Transitional",5,4,-0.679876476921875,0,0.00998222665260803,0.0499111332630402
"percentile_latbin_OLS","q90","Northern","collection10_k1_tropical_temperate_polar","Coldhouse","Warmhouse",5,4,-0.452210990593231,0,0.00998222665260803,0.0499111332630402
"percentile_latbin_OLS","q90","Northern","collection10_k1_tropical_temperate_polar","Coldhouse","Hothouse",5,2,-0.622572950656033,0,0.0406805646170377,0.108197247523702
"percentile_latbin_OLS","q90","Northern","collection10_k1_tropical_temperate_polar","Coolhouse","Transitional",7,4,-0.323234546230428,5,0.0540986237618508,0.108197247523702
"percentile_latbin_OLS","q90","Northern","collection10_k1_tropical_temperate_polar","Coolhouse","Hothouse",7,2,-0.265931019964587,1,0.0536732684969056,0.108197247523702
"percentile_latbin_OLS","q90","Northern","collection10_k1_tropical_temperate_polar","Coldhouse","Coolhouse",5,7,-0.356641930691447,9,0.0969382153710313,0.156644749770942
"percentile_latbin_OLS","q90","Northern","collection10_k1_tropical_temperate_polar","Coolhouse","Warmhouse",7,4,-0.0955690599017847,7,0.109651324839659,0.156644749770942
"percentile_latbin_OLS","q90","Northern","collection10_k1_tropical_temperate_polar","Warmhouse","Hothouse",4,2,-0.170361960062802,3,0.408480660857696,0.51060082607212
"percentile_latbin_OLS","q90","Northern","collection10_k1_tropical_temperate_polar","Transitional","Hothouse",4,2,0.0573035262658411,5,0.756273354817983,0.840303727575536
"percentile_latbin_OLS","q90","Northern","collection10_k1_tropical_temperate_polar","Transitional","Warmhouse",4,4,0.227665486328643,11,0.843839289161892,0.843839289161892
"percentile_latbin_OLS","q90","Northern","collection10_k2_tropical_temperate","Coldhouse","Warmhouse",6,8,-1.10801669784749,3,0.00406601094944092,0.0326630669110649
"percentile_latbin_OLS","q90","Northern","collection10_k2_tropical_temperate","Coldhouse","Hothouse",6,6,-0.891456714707325,2,0.00653261338221299,0.0326630669110649
"percentile_latbin_OLS","q90","Northern","collection10_k2_tropical_temperate","Coldhouse","Transitional",6,9,-1.36535433173133,7,0.0107781333800082,0.0359271112666939
"percentile_latbin_OLS","q90","Northern","collection10_k2_tropical_temperate","Coolhouse","Warmhouse",5,8,-0.771177278942205,7,0.0336389802691745,0.0828374251588063
"percentile_latbin_OLS","q90","Northern","collection10_k2_tropical_temperate","Coolhouse","Hothouse",5,6,-0.554617295802038,5,0.0414187125794032,0.0828374251588063
"percentile_latbin_OLS","q90","Northern","collection10_k2_tropical_temperate","Coolhouse","Transitional",5,9,-1.02851491282604,10,0.054799291699558,0.0913321528325966
"percentile_latbin_OLS","q90","Northern","collection10_k2_tropical_temperate","Coldhouse","Coolhouse",6,5,-0.336839418905287,13,0.39209561470081,0.560136592429728
"percentile_latbin_OLS","q90","Northern","collection10_k2_tropical_temperate","Transitional","Warmhouse",9,8,0.257337633883839,38,0.595052934785763,0.661169927539736
"percentile_latbin_OLS","q90","Northern","collection10_k2_tropical_temperate","Warmhouse","Hothouse",8,6,0.216559983140167,25,0.576774701561705,0.661169927539736
"percentile_latbin_OLS","q90","Northern","collection10_k2_tropical_temperate","Transitional","Hothouse",9,6,0.473897617024006,33,0.778171472044143,0.778171472044143
"percentile_latbin_OLS","q90","Northern","collection10_k2_tropical_temperate_polar","Coldhouse","Transitional",2,2,-0.54999472923751,0,0.122639058403386,0.247159973211907
"percentile_latbin_OLS","q90","Northern","collection10_k2_tropical_temperate_polar","Coldhouse","Warmhouse",2,4,-0.397132830549774,0,0.0525962525600207,0.247159973211907
"percentile_latbin_OLS","q90","Northern","collection10_k2_tropical_temperate_polar","Coolhouse","Warmhouse",2,4,-0.287449454037561,1,0.123579986605954,0.247159973211907
"percentile_latbin_OLS","q90","Northern","collection10_k2_tropical_temperate_polar","Coolhouse","Transitional",2,2,-0.440311352725297,1,0.349267679151669,0.523901518727504
"percentile_latbin_OLS","q90","Northern","collection10_k2_tropical_temperate_polar","Coldhouse","Coolhouse",2,2,-0.109683376512214,2,0.650732320848331,0.756273354817983
"percentile_latbin_OLS","q90","Northern","collection10_k2_tropical_temperate_polar","Transitional","Warmhouse",2,4,0.152861898687736,5,0.756273354817983,0.756273354817983
"percentile_latbin_OLS","q90","Northern","collection10_k2_tropical_temperate_polar","Coldhouse","Hothouse",2,1,-0.370227428468568,NA,NA,NA
"percentile_latbin_OLS","q90","Northern","collection10_k2_tropical_temperate_polar","Coolhouse","Hothouse",2,1,-0.260544051956355,NA,NA,NA
"percentile_latbin_OLS","q90","Northern","collection10_k2_tropical_temperate_polar","Transitional","Hothouse",2,1,0.179767300768942,NA,NA,NA
"percentile_latbin_OLS","q90","Northern","collection10_k2_tropical_temperate_polar","Warmhouse","Hothouse",4,1,0.0269054020812061,NA,NA,NA
"percentile_latbin_OLS","q90","Northern","collection10_k3_tropical_temperate","Coldhouse","Transitional",3,4,-2.01781045757477,0,0.0259149636089548,0.105192505120041
"percentile_latbin_OLS","q90","Northern","collection10_k3_tropical_temperate","Coldhouse","Warmhouse",3,4,-1.74511810941614,0,0.0259149636089548,0.105192505120041
"percentile_latbin_OLS","q90","Northern","collection10_k3_tropical_temperate","Coldhouse","Hothouse",3,3,-0.437762591845479,0,0.0404277991850261,0.105192505120041
"percentile_latbin_OLS","q90","Northern","collection10_k3_tropical_temperate","Coolhouse","Transitional",2,4,-1.89265394459142,0,0.0525962525600207,0.105192505120041
"percentile_latbin_OLS","q90","Northern","collection10_k3_tropical_temperate","Coolhouse","Warmhouse",2,4,-1.61996159643279,0,0.0525962525600207,0.105192505120041
"percentile_latbin_OLS","q90","Northern","collection10_k3_tropical_temperate","Coolhouse","Hothouse",2,3,-0.312606078862128,0,0.0744573365893828,0.124095560982305
"percentile_latbin_OLS","q90","Northern","collection10_k3_tropical_temperate","Coldhouse","Coolhouse",3,2,-0.125156512983351,2,0.386414996342224,0.552021423346034
"percentile_latbin_OLS","q90","Northern","collection10_k3_tropical_temperate","Transitional","Warmhouse",4,4,0.272692348158625,9,0.667497228948985,0.834371536186232
"percentile_latbin_OLS","q90","Northern","collection10_k3_tropical_temperate","Warmhouse","Hothouse",4,3,1.30735551757066,8,0.811620441094209,0.901800490104677
"percentile_latbin_OLS","q90","Northern","collection10_k3_tropical_temperate","Transitional","Hothouse",4,3,1.58004786572929,11,0.974085036391045,0.974085036391045
"percentile_latbin_OLS","q90","Northern","collection10_k3_tropical_temperate_polar","Coldhouse","Coolhouse",1,1,-0.317036907119127,NA,NA,NA
"percentile_latbin_OLS","q90","Northern","collection10_k3_tropical_temperate_polar","Coldhouse","Transitional",1,1,-0.851846021820938,NA,NA,NA
"percentile_latbin_OLS","q90","Northern","collection10_k3_tropical_temperate_polar","Coldhouse","Warmhouse",1,2,-0.590326359416716,NA,NA,NA
"percentile_latbin_OLS","q90","Northern","collection10_k3_tropical_temperate_polar","Coldhouse","Hothouse",1,0,NA,NA,NA,NA
"percentile_latbin_OLS","q90","Northern","collection10_k3_tropical_temperate_polar","Coolhouse","Transitional",1,1,-0.534809114701811,NA,NA,NA
"percentile_latbin_OLS","q90","Northern","collection10_k3_tropical_temperate_polar","Coolhouse","Warmhouse",1,2,-0.273289452297589,NA,NA,NA
"percentile_latbin_OLS","q90","Northern","collection10_k3_tropical_temperate_polar","Coolhouse","Hothouse",1,0,NA,NA,NA,NA
"percentile_latbin_OLS","q90","Northern","collection10_k3_tropical_temperate_polar","Transitional","Warmhouse",1,2,0.261519662404222,NA,NA,NA
"percentile_latbin_OLS","q90","Northern","collection10_k3_tropical_temperate_polar","Transitional","Hothouse",1,0,NA,NA,NA,NA
"percentile_latbin_OLS","q90","Northern","collection10_k3_tropical_temperate_polar","Warmhouse","Hothouse",2,0,NA,NA,NA,NA
"percentile_latbin_OLS","q90","Southern","occurrence5_k1_tropical_temperate","Coldhouse","Warmhouse",11,11,-0.356141494005038,34,0.0438840559151621,0.154877036924497
"percentile_latbin_OLS","q90","Southern","occurrence5_k1_tropical_temperate","Coldhouse","Hothouse",11,13,-0.571764454591298,42,0.0464631110773492,0.154877036924497
"percentile_latbin_OLS","q90","Southern","occurrence5_k1_tropical_temperate","Transitional","Hothouse",10,13,-0.429549084190738,36,0.0385726855054405,0.154877036924497
"percentile_latbin_OLS","q90","Southern","occurrence5_k1_tropical_temperate","Coolhouse","Hothouse",16,13,-0.55804403858319,71,0.0770469122230811,0.192617280557703
"percentile_latbin_OLS","q90","Southern","occurrence5_k1_tropical_temperate","Coldhouse","Coolhouse",11,16,-0.0137204160081077,66,0.144356969466363,0.202914211976227
"percentile_latbin_OLS","q90","Southern","occurrence5_k1_tropical_temperate","Coolhouse","Warmhouse",16,11,-0.34242107799693,64,0.123097732083656,0.202914211976227
"percentile_latbin_OLS","q90","Southern","occurrence5_k1_tropical_temperate","Transitional","Warmhouse",10,11,-0.213926123604478,38,0.122639058403386,0.202914211976227
"percentile_latbin_OLS","q90","Southern","occurrence5_k1_tropical_temperate","Warmhouse","Hothouse",11,13,-0.21562296058626,54,0.162331369580982,0.202914211976227
"percentile_latbin_OLS","q90","Southern","occurrence5_k1_tropical_temperate","Coldhouse","Transitional",11,10,-0.14221537040056,42,0.189369125943265,0.210410139936961
"percentile_latbin_OLS","q90","Southern","occurrence5_k1_tropical_temperate","Coolhouse","Transitional",16,10,-0.128494954392452,79,0.489488164486624,0.489488164486624
"percentile_latbin_OLS","q90","Southern","occurrence5_k1_tropical_temperate_polar","Coolhouse","Hothouse",13,9,-0.622207582029662,16,0.0025183405751955,0.025183405751955
"percentile_latbin_OLS","q90","Southern","occurrence5_k1_tropical_temperate_polar","Warmhouse","Hothouse",7,9,-0.299524554563775,13,0.0283691106875967,0.141845553437984
"percentile_latbin_OLS","q90","Southern","occurrence5_k1_tropical_temperate_polar","Transitional","Hothouse",7,9,-0.376166141252079,15,0.0451687958698268,0.150562652899423
"percentile_latbin_OLS","q90","Southern","occurrence5_k1_tropical_temperate_polar","Coldhouse","Hothouse",4,9,-0.477377261394162,9,0.0948311998820729,0.189662399764146
"percentile_latbin_OLS","q90","Southern","occurrence5_k1_tropical_temperate_polar","Coolhouse","Transitional",13,7,-0.246041440777582,27,0.0768805054174542,0.189662399764146
"percentile_latbin_OLS","q90","Southern","occurrence5_k1_tropical_temperate_polar","Coolhouse","Warmhouse",13,7,-0.322683027465887,34,0.191693741532777,0.319489569221295
"percentile_latbin_OLS","q90","Southern","occurrence5_k1_tropical_temperate_polar","Coldhouse","Transitional",4,7,-0.101211120142083,14,0.537640481256615,0.768057830366593
"percentile_latbin_OLS","q90","Southern","occurrence5_k1_tropical_temperate_polar","Coldhouse","Warmhouse",4,7,-0.177852706830387,16,0.6816991837182,0.772622133719943
"percentile_latbin_OLS","q90","Southern","occurrence5_k1_tropical_temperate_polar","Transitional","Warmhouse",7,7,-0.0766415866883045,28,0.695359920347949,0.772622133719943
"percentile_latbin_OLS","q90","Southern","occurrence5_k1_tropical_temperate_polar","Coldhouse","Coolhouse",4,13,0.1448303206355,36,0.882758696453408,0.882758696453408
"percentile_latbin_OLS","q90","Southern","occurrence5_k2_tropical_temperate","Coldhouse","Hothouse",6,8,-0.880283415290092,0,0.00120732445687942,0.0120732445687942
"percentile_latbin_OLS","q90","Southern","occurrence5_k2_tropical_temperate","Transitional","Hothouse",4,8,-0.657132517211601,0,0.00423740094607692,0.0211870047303846
"percentile_latbin_OLS","q90","Southern","occurrence5_k2_tropical_temperate","Coldhouse","Warmhouse",6,6,-0.480351635340734,3,0.0101202852885387,0.0337342842951291
"percentile_latbin_OLS","q90","Southern","occurrence5_k2_tropical_temperate","Transitional","Warmhouse",4,6,-0.257200737262243,3,0.0349771792900052,0.0874429482250129
"percentile_latbin_OLS","q90","Southern","occurrence5_k2_tropical_temperate","Coldhouse","Coolhouse",6,8,-0.323285455208721,12,0.0688191275540914,0.0983130393629877
"percentile_latbin_OLS","q90","Southern","occurrence5_k2_tropical_temperate","Coolhouse","Hothouse",8,8,-0.556997960081371,17,0.0639038004737723,0.0983130393629877
"percentile_latbin_OLS","q90","Southern","occurrence5_k2_tropical_temperate","Warmhouse","Hothouse",6,8,-0.399931779949358,11,0.0532915847874438,0.0983130393629877
"percentile_latbin_OLS","q90","Southern","occurrence5_k2_tropical_temperate","Coldhouse","Transitional",6,4,-0.223150898078491,9,0.297016170299521,0.330017966999468
"percentile_latbin_OLS","q90","Southern","occurrence5_k2_tropical_temperate","Coolhouse","Warmhouse",8,6,-0.157066180132013,19,0.280637918067289,0.330017966999468
"percentile_latbin_OLS","q90","Southern","occurrence5_k2_tropical_temperate","Coolhouse","Transitional",8,4,0.10013455713023,22,0.865196947715896,0.865196947715896
"percentile_latbin_OLS","q90","Southern","occurrence5_k2_tropical_temperate_polar","Coolhouse","Hothouse",4,6,-0.540772507147235,2,0.0214128046154457,0.0699543585800103
"percentile_latbin_OLS","q90","Southern","occurrence5_k2_tropical_temperate_polar","Transitional","Hothouse",2,6,-0.622602510625803,0,0.0333765075848173,0.0699543585800103
"percentile_latbin_OLS","q90","Southern","occurrence5_k2_tropical_temperate_polar","Warmhouse","Hothouse",4,6,-0.369213279994815,3,0.0349771792900052,0.0699543585800103
"percentile_latbin_OLS","q90","Southern","occurrence5_k2_tropical_temperate_polar","Transitional","Warmhouse",2,4,-0.253389230630988,2,0.243726645182017,0.365589967773026
"percentile_latbin_OLS","q90","Southern","occurrence5_k2_tropical_temperate_polar","Coolhouse","Warmhouse",4,4,-0.17155922715242,6,0.332502771051015,0.399003325261217
"percentile_latbin_OLS","q90","Southern","occurrence5_k2_tropical_temperate_polar","Coolhouse","Transitional",4,2,0.0818300034785678,5,0.756273354817983,0.756273354817983
"percentile_latbin_OLS","q90","Southern","occurrence5_k2_tropical_temperate_polar","Coldhouse","Coolhouse",1,4,-0.168818956804304,NA,NA,NA
"percentile_latbin_OLS","q90","Southern","occurrence5_k2_tropical_temperate_polar","Coldhouse","Transitional",1,2,-0.0869889533257364,NA,NA,NA
"percentile_latbin_OLS","q90","Southern","occurrence5_k2_tropical_temperate_polar","Coldhouse","Warmhouse",1,4,-0.340378183956724,NA,NA,NA
"percentile_latbin_OLS","q90","Southern","occurrence5_k2_tropical_temperate_polar","Coldhouse","Hothouse",1,6,-0.709591463951539,NA,NA,NA
"percentile_latbin_OLS","q90","Southern","occurrence5_k3_tropical_temperate","Transitional","Hothouse",4,4,-0.625156741776865,0,0.0151914109882887,0.0933410398016573
"percentile_latbin_OLS","q90","Southern","occurrence5_k3_tropical_temperate","Warmhouse","Hothouse",5,4,-0.43483701296363,1,0.0186682079603315,0.0933410398016573
"percentile_latbin_OLS","q90","Southern","occurrence5_k3_tropical_temperate","Coldhouse","Hothouse",2,4,-0.670276082827957,0,0.0525962525600207,0.11134688653314
"percentile_latbin_OLS","q90","Southern","occurrence5_k3_tropical_temperate","Coolhouse","Hothouse",5,4,-0.711621370444031,3,0.0556734432665702,0.11134688653314
"percentile_latbin_OLS","q90","Southern","occurrence5_k3_tropical_temperate","Transitional","Warmhouse",4,5,-0.190319728813235,3,0.0556734432665702,0.11134688653314
"percentile_latbin_OLS","q90","Southern","occurrence5_k3_tropical_temperate","Coldhouse","Warmhouse",2,5,-0.235439069864327,2,0.166460804032783,0.277434673387972
"percentile_latbin_OLS","q90","Southern","occurrence5_k3_tropical_temperate","Coolhouse","Warmhouse",5,5,-0.276784357480401,9,0.265434651984254,0.379192359977506
"percentile_latbin_OLS","q90","Southern","occurrence5_k3_tropical_temperate","Coldhouse","Coolhouse",2,5,0.0413452876160739,6,0.719362081932711,0.72985431269629
"percentile_latbin_OLS","q90","Southern","occurrence5_k3_tropical_temperate","Coldhouse","Transitional",2,4,-0.0451193410510926,4,0.591519339142304,0.72985431269629
"percentile_latbin_OLS","q90","Southern","occurrence5_k3_tropical_temperate","Coolhouse","Transitional",5,4,-0.0864646286671665,12,0.72985431269629,0.72985431269629
"percentile_latbin_OLS","q90","Southern","occurrence5_k3_tropical_temperate_polar","Coolhouse","Hothouse",3,4,-0.711621370444031,0,0.0259149636089548,0.111611768298292
"percentile_latbin_OLS","q90","Southern","occurrence5_k3_tropical_temperate_polar","Transitional","Hothouse",2,4,-0.622602510625803,0,0.0525962525600207,0.111611768298292
"percentile_latbin_OLS","q90","Southern","occurrence5_k3_tropical_temperate_polar","Warmhouse","Hothouse",3,4,-0.301074996065614,1,0.0558058841491461,0.111611768298292
"percentile_latbin_OLS","q90","Southern","occurrence5_k3_tropical_temperate_polar","Transitional","Warmhouse",2,3,-0.321527514560189,0,0.0744573365893828,0.111686004884074
"percentile_latbin_OLS","q90","Southern","occurrence5_k3_tropical_temperate_polar","Coolhouse","Warmhouse",3,3,-0.410546374378417,1,0.095215131912762,0.114258158295314
"percentile_latbin_OLS","q90","Southern","occurrence5_k3_tropical_temperate_polar","Coolhouse","Transitional",3,2,-0.0890188598182285,3,0.613585003657776,0.613585003657776
"percentile_latbin_OLS","q90","Southern","occurrence5_k3_tropical_temperate_polar","Coldhouse","Coolhouse",1,3,0.00202990649249207,NA,NA,NA
"percentile_latbin_OLS","q90","Southern","occurrence5_k3_tropical_temperate_polar","Coldhouse","Transitional",1,2,-0.0869889533257364,NA,NA,NA
"percentile_latbin_OLS","q90","Southern","occurrence5_k3_tropical_temperate_polar","Coldhouse","Warmhouse",1,3,-0.408516467885925,NA,NA,NA
"percentile_latbin_OLS","q90","Southern","occurrence5_k3_tropical_temperate_polar","Coldhouse","Hothouse",1,4,-0.709591463951539,NA,NA,NA
"percentile_latbin_OLS","q90","Southern","occurrence10_k1_tropical_temperate","Transitional","Hothouse",9,12,-0.544954848386941,19,0.00710701943454103,0.0710701943454103
"percentile_latbin_OLS","q90","Southern","occurrence10_k1_tropical_temperate","Coldhouse","Hothouse",10,12,-0.606583065439742,29,0.022156896141583,0.0738563204719434
"percentile_latbin_OLS","q90","Southern","occurrence10_k1_tropical_temperate","Coolhouse","Hothouse",16,12,-0.581569027847228,51,0.0194208202747336,0.0738563204719434
"percentile_latbin_OLS","q90","Southern","occurrence10_k1_tropical_temperate","Coldhouse","Warmhouse",10,10,-0.35201018480181,27,0.0444865058509066,0.111216264627267
"percentile_latbin_OLS","q90","Southern","occurrence10_k1_tropical_temperate","Warmhouse","Hothouse",10,12,-0.254572880637932,36,0.060625487940369,0.121250975880738
"percentile_latbin_OLS","q90","Southern","occurrence10_k1_tropical_temperate","Transitional","Warmhouse",9,10,-0.290381967749009,27,0.0765209420794101,0.127534903465683
"percentile_latbin_OLS","q90","Southern","occurrence10_k1_tropical_temperate","Coolhouse","Warmhouse",16,10,-0.326996147209296,54,0.0894793665753497,0.127827666536214
"percentile_latbin_OLS","q90","Southern","occurrence10_k1_tropical_temperate","Coldhouse","Coolhouse",10,16,-0.0250140375925147,62,0.178177978514523,0.222722473143154
"percentile_latbin_OLS","q90","Southern","occurrence10_k1_tropical_temperate","Coldhouse","Transitional",10,9,-0.0616282170528016,39,0.326689455346847,0.362988283718719
"percentile_latbin_OLS","q90","Southern","occurrence10_k1_tropical_temperate","Coolhouse","Transitional",16,9,-0.0366141794602869,77,0.622242671630579,0.622242671630579
"percentile_latbin_OLS","q90","Southern","occurrence10_k1_tropical_temperate_polar","Coolhouse","Hothouse",12,8,-0.634799637122897,10,0.00190676594129104,0.0190676594129104
"percentile_latbin_OLS","q90","Southern","occurrence10_k1_tropical_temperate_polar","Transitional","Hothouse",6,8,-0.487718628242077,8,0.0226939645193972,0.0756465483979907
"percentile_latbin_OLS","q90","Southern","occurrence10_k1_tropical_temperate_polar","Warmhouse","Hothouse",6,8,-0.30116410927371,8,0.0226939645193972,0.0756465483979907
"percentile_latbin_OLS","q90","Southern","occurrence10_k1_tropical_temperate_polar","Coldhouse","Hothouse",4,8,-0.541862070294925,7,0.0744182734383547,0.186045683595887
"percentile_latbin_OLS","q90","Southern","occurrence10_k1_tropical_temperate_polar","Coolhouse","Transitional",12,6,-0.14708100888082,26,0.186798318728218,0.354979259594671
"percentile_latbin_OLS","q90","Southern","occurrence10_k1_tropical_temperate_polar","Coolhouse","Warmhouse",12,6,-0.333635527849188,27,0.212987555756803,0.354979259594671
"percentile_latbin_OLS","q90","Southern","occurrence10_k1_tropical_temperate_polar","Coldhouse","Warmhouse",4,6,-0.240697961021215,12,0.542446982789747,0.678058728487184
"percentile_latbin_OLS","q90","Southern","occurrence10_k1_tropical_temperate_polar","Transitional","Warmhouse",6,6,-0.186554518968368,18,0.53190685326347,0.678058728487184
"percentile_latbin_OLS","q90","Southern","occurrence10_k1_tropical_temperate_polar","Coldhouse","Transitional",4,6,-0.0541434420528472,13,0.625440433499702,0.694933814999669
"percentile_latbin_OLS","q90","Southern","occurrence10_k1_tropical_temperate_polar","Coldhouse","Coolhouse",4,12,0.0929375668279725,31,0.818459138220785,0.818459138220785
"percentile_latbin_OLS","q90","Southern","occurrence10_k2_tropical_temperate","Coldhouse","Warmhouse",6,6,-0.614584920487384,0,0.00253743404897013,0.0126871702448506
"percentile_latbin_OLS","q90","Southern","occurrence10_k2_tropical_temperate","Coldhouse","Hothouse",6,6,-0.898006615723746,0,0.00253743404897013,0.0126871702448506
"percentile_latbin_OLS","q90","Southern","occurrence10_k2_tropical_temperate","Transitional","Warmhouse",4,6,-0.43134876294221,0,0.00710701943454103,0.0177675485863526
"percentile_latbin_OLS","q90","Southern","occurrence10_k2_tropical_temperate","Transitional","Hothouse",4,6,-0.714770458178572,0,0.00710701943454103,0.0177675485863526
"percentile_latbin_OLS","q90","Southern","occurrence10_k2_tropical_temperate","Coldhouse","Coolhouse",6,7,-0.493390322210368,9,0.0502062469930514,0.100412493986103
"percentile_latbin_OLS","q90","Southern","occurrence10_k2_tropical_temperate","Warmhouse","Hothouse",6,6,-0.283421695236362,8,0.0641026375151958,0.106837729191993
"percentile_latbin_OLS","q90","Southern","occurrence10_k2_tropical_temperate","Coolhouse","Hothouse",7,6,-0.404616293513379,11,0.0873679116076236,0.124811302296605
"percentile_latbin_OLS","q90","Southern","occurrence10_k2_tropical_temperate","Coolhouse","Warmhouse",7,6,-0.121194598277016,15,0.216017446002504,0.27002180750313
"percentile_latbin_OLS","q90","Southern","occurrence10_k2_tropical_temperate","Coldhouse","Transitional",6,4,-0.183236157545174,9,0.297016170299521,0.330017966999468
"percentile_latbin_OLS","q90","Southern","occurrence10_k2_tropical_temperate","Coolhouse","Transitional",7,4,0.310154164665194,21,0.921812139120178,0.921812139120178
"percentile_latbin_OLS","q90","Southern","occurrence10_k2_tropical_temperate_polar","Coolhouse","Hothouse",3,5,-0.727077693726051,0,0.0184442128535249,0.0813611292340755
"percentile_latbin_OLS","q90","Southern","occurrence10_k2_tropical_temperate_polar","Transitional","Hothouse",2,5,-0.674045472274852,0,0.0406805646170377,0.0813611292340755
"percentile_latbin_OLS","q90","Southern","occurrence10_k2_tropical_temperate_polar","Warmhouse","Hothouse",3,5,-0.352854209393462,1,0.0368191350601513,0.0813611292340755
"percentile_latbin_OLS","q90","Southern","occurrence10_k2_tropical_temperate_polar","Transitional","Warmhouse",2,3,-0.32119126288139,0,0.0744573365893828,0.111686004884074
"percentile_latbin_OLS","q90","Southern","occurrence10_k2_tropical_temperate_polar","Coolhouse","Warmhouse",3,3,-0.374223484332589,1,0.095215131912762,0.114258158295314
"percentile_latbin_OLS","q90","Southern","occurrence10_k2_tropical_temperate_polar","Coolhouse","Transitional",3,2,-0.053032221451199,4,0.806761884614384,0.806761884614384
"percentile_latbin_OLS","q90","Southern","occurrence10_k2_tropical_temperate_polar","Coldhouse","Coolhouse",1,3,-0.0357339195951967,NA,NA,NA
"percentile_latbin_OLS","q90","Southern","occurrence10_k2_tropical_temperate_polar","Coldhouse","Transitional",1,2,-0.0887661410463957,NA,NA,NA
"percentile_latbin_OLS","q90","Southern","occurrence10_k2_tropical_temperate_polar","Coldhouse","Warmhouse",1,3,-0.409957403927785,NA,NA,NA
"percentile_latbin_OLS","q90","Southern","occurrence10_k2_tropical_temperate_polar","Coldhouse","Hothouse",1,5,-0.762811613321248,NA,NA,NA
"percentile_latbin_OLS","q90","Southern","occurrence10_k3_tropical_temperate","Transitional","Warmhouse",4,5,-0.357093267754098,0,0.00998222665260803,0.0455742329648662
"percentile_latbin_OLS","q90","Southern","occurrence10_k3_tropical_temperate","Transitional","Hothouse",4,4,-0.704353971031106,0,0.0151914109882887,0.0455742329648662
"percentile_latbin_OLS","q90","Southern","occurrence10_k3_tropical_temperate","Warmhouse","Hothouse",5,4,-0.347260703277008,2,0.0330962898610967,0.0661925797221935
"percentile_latbin_OLS","q90","Southern","occurrence10_k3_tropical_temperate","Coolhouse","Hothouse",3,4,-0.394199806365912,3,0.188379558905791,0.282569338358687
"percentile_latbin_OLS","q90","Southern","occurrence10_k3_tropical_temperate","Coolhouse","Warmhouse",3,5,-0.0469391030889043,7,0.5,0.6
"percentile_latbin_OLS","q90","Southern","occurrence10_k3_tropical_temperate","Coolhouse","Transitional",3,4,0.310154164665194,9,0.89203753052993,0.89203753052993
"percentile_latbin_OLS","q90","Southern","occurrence10_k3_tropical_temperate","Coldhouse","Coolhouse",0,3,NA,NA,NA,NA
"percentile_latbin_OLS","q90","Southern","occurrence10_k3_tropical_temperate","Coldhouse","Transitional",0,4,NA,NA,NA,NA
"percentile_latbin_OLS","q90","Southern","occurrence10_k3_tropical_temperate","Coldhouse","Warmhouse",0,5,NA,NA,NA,NA
"percentile_latbin_OLS","q90","Southern","occurrence10_k3_tropical_temperate","Coldhouse","Hothouse",0,4,NA,NA,NA,NA
"percentile_latbin_OLS","q90","Southern","occurrence10_k3_tropical_temperate_polar","Transitional","Warmhouse",2,3,-0.32119126288139,0,0.0744573365893828,0.095215131912762
"percentile_latbin_OLS","q90","Southern","occurrence10_k3_tropical_temperate_polar","Transitional","Hothouse",2,3,-0.653212497979919,0,0.0744573365893828,0.095215131912762
"percentile_latbin_OLS","q90","Southern","occurrence10_k3_tropical_temperate_polar","Warmhouse","Hothouse",3,3,-0.332021235098529,1,0.095215131912762,0.095215131912762
"percentile_latbin_OLS","q90","Southern","occurrence10_k3_tropical_temperate_polar","Coldhouse","Coolhouse",0,1,NA,NA,NA,NA
"percentile_latbin_OLS","q90","Southern","occurrence10_k3_tropical_temperate_polar","Coldhouse","Transitional",0,2,NA,NA,NA,NA
"percentile_latbin_OLS","q90","Southern","occurrence10_k3_tropical_temperate_polar","Coldhouse","Warmhouse",0,3,NA,NA,NA,NA
"percentile_latbin_OLS","q90","Southern","occurrence10_k3_tropical_temperate_polar","Coldhouse","Hothouse",0,3,NA,NA,NA,NA
"percentile_latbin_OLS","q90","Southern","occurrence10_k3_tropical_temperate_polar","Coolhouse","Transitional",1,2,0.274252159792485,NA,NA,NA
"percentile_latbin_OLS","q90","Southern","occurrence10_k3_tropical_temperate_polar","Coolhouse","Warmhouse",1,3,-0.0469391030889043,NA,NA,NA
"percentile_latbin_OLS","q90","Southern","occurrence10_k3_tropical_temperate_polar","Coolhouse","Hothouse",1,3,-0.378960338187433,NA,NA,NA
"percentile_latbin_OLS","q90","Southern","collection5_k1_tropical_temperate","Coldhouse","Warmhouse",10,8,-0.31369433136259,14,0.0117338232380456,0.112886424060698
"percentile_latbin_OLS","q90","Southern","collection5_k1_tropical_temperate","Coldhouse","Hothouse",10,10,-0.63127976563499,23,0.0225772848121395,0.112886424060698
"percentile_latbin_OLS","q90","Southern","collection5_k1_tropical_temperate","Coolhouse","Warmhouse",16,8,-0.343750077375947,44,0.116214293267537,0.196399927857531
"percentile_latbin_OLS","q90","Southern","collection5_k1_tropical_temperate","Coolhouse","Hothouse",16,10,-0.661335511648348,57,0.117839956714519,0.196399927857531
"percentile_latbin_OLS","q90","Southern","collection5_k1_tropical_temperate","Transitional","Hothouse",8,10,-0.56956398675253,26,0.115165533796184,0.196399927857531
"percentile_latbin_OLS","q90","Southern","collection5_k1_tropical_temperate","Warmhouse","Hothouse",8,10,-0.3175854342724,26,0.115165533796184,0.196399927857531
"percentile_latbin_OLS","q90","Southern","collection5_k1_tropical_temperate","Coldhouse","Coolhouse",10,16,0.0300557460133575,65,0.22236893857437,0.277961173217963
"percentile_latbin_OLS","q90","Southern","collection5_k1_tropical_temperate","Transitional","Warmhouse",8,8,-0.251978552480129,24,0.215448521868134,0.277961173217963
"percentile_latbin_OLS","q90","Southern","collection5_k1_tropical_temperate","Coldhouse","Transitional",10,8,-0.061715778882461,33,0.281787310130486,0.313097011256096
"percentile_latbin_OLS","q90","Southern","collection5_k1_tropical_temperate","Coolhouse","Transitional",16,8,-0.0917715248958184,56,0.323016795728551,0.323016795728551
"percentile_latbin_OLS","q90","Southern","collection5_k1_tropical_temperate_polar","Coolhouse","Hothouse",10,7,-0.742274448415902,7,0.003640346121149,0.03640346121149
"percentile_latbin_OLS","q90","Southern","collection5_k1_tropical_temperate_polar","Coolhouse","Transitional",10,5,-0.129428872640062,13,0.0794979544386508,0.158995908877302
"percentile_latbin_OLS","q90","Southern","collection5_k1_tropical_temperate_polar","Coolhouse","Warmhouse",10,4,-0.392833533509518,9,0.0687819469549517,0.158995908877302
"percentile_latbin_OLS","q90","Southern","collection5_k1_tropical_temperate_polar","Transitional","Hothouse",5,7,-0.61284557577584,6,0.0370176239274483,0.158995908877302
"percentile_latbin_OLS","q90","Southern","collection5_k1_tropical_temperate_polar","Warmhouse","Hothouse",4,7,-0.349440914906383,5,0.0540986237618508,0.158995908877302
"percentile_latbin_OLS","q90","Southern","collection5_k1_tropical_temperate_polar","Coldhouse","Hothouse",4,7,-0.599961356412455,9,0.197545792452075,0.329242987420125
"percentile_latbin_OLS","q90","Southern","collection5_k1_tropical_temperate_polar","Transitional","Warmhouse",5,4,-0.263404660869456,7,0.27014568730371,0.385922410433871
"percentile_latbin_OLS","q90","Southern","collection5_k1_tropical_temperate_polar","Coldhouse","Warmhouse",4,4,-0.250520441506072,7,0.442616957236601,0.553271196545751
"percentile_latbin_OLS","q90","Southern","collection5_k1_tropical_temperate_polar","Coldhouse","Transitional",4,5,0.0128842193633844,12,0.72985431269629,0.810949236329211
"percentile_latbin_OLS","q90","Southern","collection5_k1_tropical_temperate_polar","Coldhouse","Coolhouse",4,10,0.142313092003446,30,0.931218053045048,0.931218053045048
"percentile_latbin_OLS","q90","Southern","collection5_k2_tropical_temperate","Coldhouse","Warmhouse",5,6,-0.454388266150919,0,0.00405655863278289,0.0202827931639144
"percentile_latbin_OLS","q90","Southern","collection5_k2_tropical_temperate","Coldhouse","Hothouse",5,7,-0.737875890459233,0,0.00288306045711863,0.0202827931639144
"percentile_latbin_OLS","q90","Southern","collection5_k2_tropical_temperate","Coolhouse","Hothouse",5,7,-0.715355749298552,5,0.0256599517940356,0.0855331726467853
"percentile_latbin_OLS","q90","Southern","collection5_k2_tropical_temperate","Warmhouse","Hothouse",6,7,-0.283487624308313,8,0.0370727655557034,0.0926819138892586
"percentile_latbin_OLS","q90","Southern","collection5_k2_tropical_temperate","Coolhouse","Warmhouse",5,6,-0.431868124990239,6,0.0603454002637228,0.120690800527446
"percentile_latbin_OLS","q90","Southern","collection5_k2_tropical_temperate","Transitional","Warmhouse",4,6,-0.335034702495395,5,0.0829032800970067,0.138172133495011
"percentile_latbin_OLS","q90","Southern","collection5_k2_tropical_temperate","Transitional","Hothouse",4,7,-0.618522326803709,7,0.109651324839659,0.156644749770942
"percentile_latbin_OLS","q90","Southern","collection5_k2_tropical_temperate","Coldhouse","Coolhouse",5,5,-0.0225201411606806,8,0.201697652446314,0.252122065557893
"percentile_latbin_OLS","q90","Southern","collection5_k2_tropical_temperate","Coldhouse","Transitional",5,4,-0.119353563655524,7,0.27014568730371,0.3001618747819
"percentile_latbin_OLS","q90","Southern","collection5_k2_tropical_temperate","Coolhouse","Transitional",5,4,-0.0968334224948434,9,0.45126162508884,0.45126162508884
"percentile_latbin_OLS","q90","Southern","collection5_k2_tropical_temperate_polar","Coolhouse","Hothouse",3,5,-0.704241336810079,0,0.0184442128535249,0.0813611292340755
"percentile_latbin_OLS","q90","Southern","collection5_k2_tropical_temperate_polar","Transitional","Hothouse",2,5,-0.607407914315235,0,0.0406805646170377,0.0813611292340755
"percentile_latbin_OLS","q90","Southern","collection5_k2_tropical_temperate_polar","Warmhouse","Hothouse",3,5,-0.331169628114527,1,0.0368191350601513,0.0813611292340755
"percentile_latbin_OLS","q90","Southern","collection5_k2_tropical_temperate_polar","Transitional","Warmhouse",2,3,-0.276238286200708,0,0.0744573365893828,0.111686004884074
"percentile_latbin_OLS","q90","Southern","collection5_k2_tropical_temperate_polar","Coolhouse","Warmhouse",3,3,-0.373071708695552,1,0.095215131912762,0.114258158295314
"percentile_latbin_OLS","q90","Southern","collection5_k2_tropical_temperate_polar","Coolhouse","Transitional",3,2,-0.0968334224948434,2,0.386414996342224,0.386414996342224
"percentile_latbin_OLS","q90","Southern","collection5_k2_tropical_temperate_polar","Coldhouse","Coolhouse",1,3,-0.0225201411606806,NA,NA,NA
"percentile_latbin_OLS","q90","Southern","collection5_k2_tropical_temperate_polar","Coldhouse","Transitional",1,2,-0.119353563655524,NA,NA,NA
"percentile_latbin_OLS","q90","Southern","collection5_k2_tropical_temperate_polar","Coldhouse","Warmhouse",1,3,-0.395591849856232,NA,NA,NA
"percentile_latbin_OLS","q90","Southern","collection5_k2_tropical_temperate_polar","Coldhouse","Hothouse",1,5,-0.726761477970759,NA,NA,NA
"percentile_latbin_OLS","q90","Southern","collection5_k3_tropical_temperate","Transitional","Warmhouse",3,4,-0.398426003701003,0,0.0259149636089548,0.111611768298292
"percentile_latbin_OLS","q90","Southern","collection5_k3_tropical_temperate","Transitional","Hothouse",3,3,-0.699647843389725,0,0.0404277991850261,0.111611768298292
"percentile_latbin_OLS","q90","Southern","collection5_k3_tropical_temperate","Warmhouse","Hothouse",4,3,-0.301221839688722,1,0.0558058841491461,0.111611768298292
"percentile_latbin_OLS","q90","Southern","collection5_k3_tropical_temperate","Coolhouse","Hothouse",4,3,-0.555152042074462,2,0.10796246947007,0.161943704205105
"percentile_latbin_OLS","q90","Southern","collection5_k3_tropical_temperate","Coolhouse","Warmhouse",4,4,-0.25393020238574,5,0.235243211029395,0.282291853235274
"percentile_latbin_OLS","q90","Southern","collection5_k3_tropical_temperate","Coolhouse","Transitional",4,3,0.144495801315263,8,0.811620441094209,0.811620441094209
"percentile_latbin_OLS","q90","Southern","collection5_k3_tropical_temperate","Coldhouse","Coolhouse",1,4,-0.112659190643712,NA,NA,NA
"percentile_latbin_OLS","q90","Southern","collection5_k3_tropical_temperate","Coldhouse","Transitional",1,3,0.0318366106715509,NA,NA,NA
"percentile_latbin_OLS","q90","Southern","collection5_k3_tropical_temperate","Coldhouse","Warmhouse",1,4,-0.366589393029452,NA,NA,NA
"percentile_latbin_OLS","q90","Southern","collection5_k3_tropical_temperate","Coldhouse","Hothouse",1,3,-0.667811232718174,NA,NA,NA
"percentile_latbin_OLS","q90","Southern","collection5_k3_tropical_temperate_polar","Coolhouse","Hothouse",2,3,-0.555152042074462,0,0.0744573365893828,0.223372009768148
"percentile_latbin_OLS","q90","Southern","collection5_k3_tropical_temperate_polar","Transitional","Hothouse",2,3,-0.618522326803709,0,0.0744573365893828,0.223372009768148
"percentile_latbin_OLS","q90","Southern","collection5_k3_tropical_temperate_polar","Transitional","Warmhouse",2,2,-0.32114182064018,0,0.122639058403386,0.245278116806773
"percentile_latbin_OLS","q90","Southern","collection5_k3_tropical_temperate_polar","Warmhouse","Hothouse",2,3,-0.297380506163529,1,0.193238115385616,0.289857173078424
"percentile_latbin_OLS","q90","Southern","collection5_k3_tropical_temperate_polar","Coolhouse","Warmhouse",2,2,-0.257771535910932,1,0.349267679151669,0.419121214982003
"percentile_latbin_OLS","q90","Southern","collection5_k3_tropical_temperate_polar","Coolhouse","Transitional",2,2,0.063370284729247,2,0.650732320848331,0.650732320848331
"percentile_latbin_OLS","q90","Southern","collection5_k3_tropical_temperate_polar","Coldhouse","Coolhouse",0,2,NA,NA,NA,NA
"percentile_latbin_OLS","q90","Southern","collection5_k3_tropical_temperate_polar","Coldhouse","Transitional",0,2,NA,NA,NA,NA
"percentile_latbin_OLS","q90","Southern","collection5_k3_tropical_temperate_polar","Coldhouse","Warmhouse",0,2,NA,NA,NA,NA
"percentile_latbin_OLS","q90","Southern","collection5_k3_tropical_temperate_polar","Coldhouse","Hothouse",0,3,NA,NA,NA,NA
"percentile_latbin_OLS","q90","Southern","collection10_k1_tropical_temperate","Warmhouse","Hothouse",6,8,-0.447173622607658,2,0.00275467509673836,0.0275467509673836
"percentile_latbin_OLS","q90","Southern","collection10_k1_tropical_temperate","Coolhouse","Hothouse",13,8,-0.733236740371893,17,0.00623576883389379,0.031178844169469
"percentile_latbin_OLS","q90","Southern","collection10_k1_tropical_temperate","Coldhouse","Hothouse",6,8,-0.717922477511772,6,0.0119342210822872,0.0397807369409573
"percentile_latbin_OLS","q90","Southern","collection10_k1_tropical_temperate","Transitional","Hothouse",7,8,-0.600839706277995,14,0.0591061443898281,0.14776536097457
"percentile_latbin_OLS","q90","Southern","collection10_k1_tropical_temperate","Coldhouse","Warmhouse",6,6,-0.270748854904113,10,0.114883135230569,0.191471892050948
"percentile_latbin_OLS","q90","Southern","collection10_k1_tropical_temperate","Coolhouse","Warmhouse",13,6,-0.286063117764235,24,0.101733800228531,0.191471892050948
"percentile_latbin_OLS","q90","Southern","collection10_k1_tropical_temperate","Coolhouse","Transitional",13,7,-0.132397034093898,33,0.170823859235018,0.244034084621454
"percentile_latbin_OLS","q90","Southern","collection10_k1_tropical_temperate","Coldhouse","Transitional",6,7,-0.117082771233776,16,0.260158400253683,0.325198000317104
"percentile_latbin_OLS","q90","Southern","collection10_k1_tropical_temperate","Coldhouse","Coolhouse",6,13,0.0153142628601214,38,0.482510829369645,0.482510829369645
"percentile_latbin_OLS","q90","Southern","collection10_k1_tropical_temperate","Transitional","Warmhouse",7,6,-0.153666083670337,20,0.471528335483521,0.482510829369645
"percentile_latbin_OLS","q90","Southern","collection10_k1_tropical_temperate_polar","Coolhouse","Hothouse",8,5,-0.937061343786553,0,0.00215517924976753,0.0215517924976753
"percentile_latbin_OLS","q90","Southern","collection10_k1_tropical_temperate_polar","Coolhouse","Warmhouse",8,4,-0.650887087164524,4,0.02539926036942,0.0827407246527418
"percentile_latbin_OLS","q90","Southern","collection10_k1_tropical_temperate_polar","Transitional","Hothouse",3,5,-0.590822762848653,0,0.0184442128535249,0.0827407246527418
"percentile_latbin_OLS","q90","Southern","collection10_k1_tropical_temperate_polar","Warmhouse","Hothouse",4,5,-0.286174256622029,2,0.0330962898610967,0.0827407246527418
"percentile_latbin_OLS","q90","Southern","collection10_k1_tropical_temperate_polar","Transitional","Warmhouse",3,4,-0.304648506226624,2,0.10796246947007,0.21592493894014
"percentile_latbin_OLS","q90","Southern","collection10_k1_tropical_temperate_polar","Coldhouse","Hothouse",4,5,-0.447614095265457,5,0.13517207032739,0.225286783878983
"percentile_latbin_OLS","q90","Southern","collection10_k1_tropical_temperate_polar","Coolhouse","Transitional",8,3,-0.3462385809379,7,0.17916323337444,0.2559474762492
"percentile_latbin_OLS","q90","Southern","collection10_k1_tropical_temperate_polar","Coldhouse","Warmhouse",4,4,-0.161439838643428,8,0.557383042763399,0.696728803454249
"percentile_latbin_OLS","q90","Southern","collection10_k1_tropical_temperate_polar","Coldhouse","Coolhouse",4,8,0.489447248521096,27,0.97460073963058,0.97460073963058
"percentile_latbin_OLS","q90","Southern","collection10_k1_tropical_temperate_polar","Coldhouse","Transitional",4,3,0.143208667583196,10,0.944194115850854,0.97460073963058
"percentile_latbin_OLS","q90","Southern","collection10_k2_tropical_temperate","Coolhouse","Hothouse",3,4,-0.650599136973716,0,0.0259149636089548,0.0777448908268645
"percentile_latbin_OLS","q90","Southern","collection10_k2_tropical_temperate","Warmhouse","Hothouse",5,4,-0.342230897925284,1,0.0186682079603315,0.0777448908268645
"percentile_latbin_OLS","q90","Southern","collection10_k2_tropical_temperate","Coolhouse","Warmhouse",3,5,-0.308368239048433,2,0.0680185640570718,0.136037128114144
"percentile_latbin_OLS","q90","Southern","collection10_k2_tropical_temperate","Transitional","Warmhouse",4,5,-0.26196597818549,5,0.13517207032739,0.18739285300573
"percentile_latbin_OLS","q90","Southern","collection10_k2_tropical_temperate","Transitional","Hothouse",4,4,-0.604196876110773,4,0.156160710838108,0.18739285300573
"percentile_latbin_OLS","q90","Southern","collection10_k2_tropical_temperate","Coolhouse","Transitional",3,4,-0.0464022608629431,5,0.429841897599333,0.429841897599333
"percentile_latbin_OLS","q90","Southern","collection10_k2_tropical_temperate","Coldhouse","Coolhouse",1,3,-0.691139327018912,NA,NA,NA
"percentile_latbin_OLS","q90","Southern","collection10_k2_tropical_temperate","Coldhouse","Transitional",1,4,-0.737541587881855,NA,NA,NA
"percentile_latbin_OLS","q90","Southern","collection10_k2_tropical_temperate","Coldhouse","Warmhouse",1,5,-0.999507566067344,NA,NA,NA
"percentile_latbin_OLS","q90","Southern","collection10_k2_tropical_temperate","Coldhouse","Hothouse",1,4,-1.34173846399263,NA,NA,NA
"percentile_latbin_OLS","q90","Southern","collection10_k2_tropical_temperate_polar","Coolhouse","Hothouse",2,3,-0.609705555299765,0,0.0744573365893828,0.142822697869143
"percentile_latbin_OLS","q90","Southern","collection10_k2_tropical_temperate_polar","Warmhouse","Hothouse",3,3,-0.40032487279362,1,0.095215131912762,0.142822697869143
"percentile_latbin_OLS","q90","Southern","collection10_k2_tropical_temperate_polar","Coolhouse","Warmhouse",2,3,-0.209380682506145,1,0.193238115385616,0.193238115385616
"percentile_latbin_OLS","q90","Southern","collection10_k2_tropical_temperate_polar","Coldhouse","Coolhouse",0,2,NA,NA,NA,NA
"percentile_latbin_OLS","q90","Southern","collection10_k2_tropical_temperate_polar","Coldhouse","Transitional",0,1,NA,NA,NA,NA
"percentile_latbin_OLS","q90","Southern","collection10_k2_tropical_temperate_polar","Coldhouse","Warmhouse",0,3,NA,NA,NA,NA
"percentile_latbin_OLS","q90","Southern","collection10_k2_tropical_temperate_polar","Coldhouse","Hothouse",0,3,NA,NA,NA,NA
"percentile_latbin_OLS","q90","Southern","collection10_k2_tropical_temperate_polar","Coolhouse","Transitional",2,1,0.00786543407312817,NA,NA,NA
"percentile_latbin_OLS","q90","Southern","collection10_k2_tropical_temperate_polar","Transitional","Warmhouse",1,3,-0.217246116579273,NA,NA,NA
"percentile_latbin_OLS","q90","Southern","collection10_k2_tropical_temperate_polar","Transitional","Hothouse",1,3,-0.617570989372893,NA,NA,NA
"percentile_latbin_OLS","q90","Southern","collection10_k3_tropical_temperate","Transitional","Warmhouse",3,2,-0.428352796126216,0,0.0744573365893828,0.111686004884074
"percentile_latbin_OLS","q90","Southern","collection10_k3_tropical_temperate","Transitional","Hothouse",3,2,-0.602548153075146,0,0.0744573365893828,0.111686004884074
"percentile_latbin_OLS","q90","Southern","collection10_k3_tropical_temperate","Warmhouse","Hothouse",2,2,-0.17419535694893,1,0.349267679151669,0.349267679151669
"percentile_latbin_OLS","q90","Southern","collection10_k3_tropical_temperate","Coldhouse","Coolhouse",0,1,NA,NA,NA,NA
"percentile_latbin_OLS","q90","Southern","collection10_k3_tropical_temperate","Coldhouse","Transitional",0,3,NA,NA,NA,NA
"percentile_latbin_OLS","q90","Southern","collection10_k3_tropical_temperate","Coldhouse","Warmhouse",0,2,NA,NA,NA,NA
"percentile_latbin_OLS","q90","Southern","collection10_k3_tropical_temperate","Coldhouse","Hothouse",0,2,NA,NA,NA,NA
"percentile_latbin_OLS","q90","Southern","collection10_k3_tropical_temperate","Coolhouse","Transitional",1,3,0.31865764943555,NA,NA,NA
"percentile_latbin_OLS","q90","Southern","collection10_k3_tropical_temperate","Coolhouse","Warmhouse",1,2,-0.109695146690666,NA,NA,NA
"percentile_latbin_OLS","q90","Southern","collection10_k3_tropical_temperate","Coolhouse","Hothouse",1,2,-0.283890503639596,NA,NA,NA
"percentile_latbin_OLS","q90","Southern","collection10_k3_tropical_temperate_polar","Coldhouse","Coolhouse",0,1,NA,NA,NA,NA
"percentile_latbin_OLS","q90","Southern","collection10_k3_tropical_temperate_polar","Coldhouse","Transitional",0,1,NA,NA,NA,NA
"percentile_latbin_OLS","q90","Southern","collection10_k3_tropical_temperate_polar","Coldhouse","Warmhouse",0,1,NA,NA,NA,NA
"percentile_latbin_OLS","q90","Southern","collection10_k3_tropical_temperate_polar","Coldhouse","Hothouse",0,2,NA,NA,NA,NA
"percentile_latbin_OLS","q90","Southern","collection10_k3_tropical_temperate_polar","Coolhouse","Transitional",1,1,0.14764130248465,NA,NA,NA
"percentile_latbin_OLS","q90","Southern","collection10_k3_tropical_temperate_polar","Coolhouse","Warmhouse",1,1,-0.190573791155942,NA,NA,NA
"percentile_latbin_OLS","q90","Southern","collection10_k3_tropical_temperate_polar","Coolhouse","Hothouse",1,2,-0.283890503639596,NA,NA,NA
"percentile_latbin_OLS","q90","Southern","collection10_k3_tropical_temperate_polar","Transitional","Warmhouse",1,1,-0.338215093640591,NA,NA,NA
"percentile_latbin_OLS","q90","Southern","collection10_k3_tropical_temperate_polar","Transitional","Hothouse",1,2,-0.431531806124246,NA,NA,NA
"percentile_latbin_OLS","q90","Southern","collection10_k3_tropical_temperate_polar","Warmhouse","Hothouse",1,2,-0.0933167124836542,NA,NA,NA
"percentile_latbin_OLS","q95","Combined","occurrence5_k1_tropical_temperate","Coldhouse","Warmhouse",21,22,-0.754987780565096,85,0.00020378163704378,0.0020378163704378
"percentile_latbin_OLS","q95","Combined","occurrence5_k1_tropical_temperate","Coolhouse","Warmhouse",31,22,-0.48073114175349,166,0.000816627309784314,0.00408313654892157
"percentile_latbin_OLS","q95","Combined","occurrence5_k1_tropical_temperate","Coldhouse","Transitional",21,25,-0.698956874377697,127,0.00145486771287837,0.00484955904292788
"percentile_latbin_OLS","q95","Combined","occurrence5_k1_tropical_temperate","Coolhouse","Transitional",31,25,-0.424700235566091,230,0.00483195125838313,0.0120798781459578
"percentile_latbin_OLS","q95","Combined","occurrence5_k1_tropical_temperate","Coldhouse","Hothouse",21,23,-0.812522576319874,139,0.0082720679237223,0.0165441358474446
"percentile_latbin_OLS","q95","Combined","occurrence5_k1_tropical_temperate","Coolhouse","Hothouse",31,23,-0.538265937508268,236,0.0179013531256962,0.029835588542827
"percentile_latbin_OLS","q95","Combined","occurrence5_k1_tropical_temperate","Coldhouse","Coolhouse",21,31,-0.274256638811606,244,0.0654462023489946,0.093494574784278
"percentile_latbin_OLS","q95","Combined","occurrence5_k1_tropical_temperate","Transitional","Warmhouse",25,22,-0.0560309061873993,242,0.244185424265805,0.271317138073117
"percentile_latbin_OLS","q95","Combined","occurrence5_k1_tropical_temperate","Transitional","Hothouse",25,23,-0.113565701942177,252,0.235050379937064,0.271317138073117
"percentile_latbin_OLS","q95","Combined","occurrence5_k1_tropical_temperate","Warmhouse","Hothouse",22,23,-0.0575347957547779,245,0.432389716831829,0.432389716831829
"percentile_latbin_OLS","q95","Combined","occurrence5_k1_tropical_temperate_polar","Coolhouse","Transitional",23,19,-0.542762610248551,73,0.000124037995793595,0.00124037995793595
"percentile_latbin_OLS","q95","Combined","occurrence5_k1_tropical_temperate_polar","Coldhouse","Transitional",11,19,-0.798245571903835,27,0.000460173203640615,0.00230086601820307
"percentile_latbin_OLS","q95","Combined","occurrence5_k1_tropical_temperate_polar","Coldhouse","Hothouse",11,14,-0.804411303469609,24,0.00202586006640887,0.00506465016602219
"percentile_latbin_OLS","q95","Combined","occurrence5_k1_tropical_temperate_polar","Coolhouse","Hothouse",23,14,-0.548928341814325,66,0.00154122674545392,0.00506465016602219
"percentile_latbin_OLS","q95","Combined","occurrence5_k1_tropical_temperate_polar","Coldhouse","Warmhouse",11,17,-0.637646859754803,39,0.00553976334755504,0.010653441157161
"percentile_latbin_OLS","q95","Combined","occurrence5_k1_tropical_temperate_polar","Coolhouse","Warmhouse",23,17,-0.382163898099519,104,0.0063920646942966,0.010653441157161
"percentile_latbin_OLS","q95","Combined","occurrence5_k1_tropical_temperate_polar","Coldhouse","Coolhouse",11,23,-0.255482961655284,90,0.0925436032067058,0.132205147438151
"percentile_latbin_OLS","q95","Combined","occurrence5_k1_tropical_temperate_polar","Warmhouse","Hothouse",17,14,-0.166764443714806,97,0.196711692714309,0.245889615892887
"percentile_latbin_OLS","q95","Combined","occurrence5_k1_tropical_temperate_polar","Transitional","Hothouse",19,14,-0.00616573156577455,129,0.449276030095727,0.499195588995252
"percentile_latbin_OLS","q95","Combined","occurrence5_k1_tropical_temperate_polar","Transitional","Warmhouse",19,17,0.160598712149032,187,0.794994988583186,0.794994988583186
"percentile_latbin_OLS","q95","Combined","occurrence5_k2_tropical_temperate","Coldhouse","Hothouse",13,16,-1.23886381462277,16,6.22405870758827e-05,0.000622405870758827
"percentile_latbin_OLS","q95","Combined","occurrence5_k2_tropical_temperate","Coldhouse","Transitional",13,17,-0.865721364883851,25,0.000187272597902097,0.000868657541927224
"percentile_latbin_OLS","q95","Combined","occurrence5_k2_tropical_temperate","Coldhouse","Warmhouse",13,14,-0.85104107397031,19,0.000260597262578167,0.000868657541927224
"percentile_latbin_OLS","q95","Combined","occurrence5_k2_tropical_temperate","Coolhouse","Hothouse",17,16,-0.802226764006557,60,0.00326751232250472,0.00816878080626179
"percentile_latbin_OLS","q95","Combined","occurrence5_k2_tropical_temperate","Coolhouse","Transitional",17,17,-0.429084314267634,77,0.0105074508920135,0.0210149017840271
"percentile_latbin_OLS","q95","Combined","occurrence5_k2_tropical_temperate","Coolhouse","Warmhouse",17,14,-0.414404023354093,65,0.0168501207699733,0.0280835346166221
"percentile_latbin_OLS","q95","Combined","occurrence5_k2_tropical_temperate","Coldhouse","Coolhouse",13,17,-0.436637050616217,62,0.0222747144285044,0.0318210206121491
"percentile_latbin_OLS","q95","Combined","occurrence5_k2_tropical_temperate","Transitional","Hothouse",17,16,-0.373142449738923,87,0.0403132454385243,0.0503915567981553
"percentile_latbin_OLS","q95","Combined","occurrence5_k2_tropical_temperate","Warmhouse","Hothouse",14,16,-0.387822740652464,78,0.0818683622840033,0.0909648469822258
"percentile_latbin_OLS","q95","Combined","occurrence5_k2_tropical_temperate","Transitional","Warmhouse",17,14,0.0146802909135412,119,0.507917329402743,0.507917329402743
"percentile_latbin_OLS","q95","Combined","occurrence5_k2_tropical_temperate_polar","Coldhouse","Transitional",5,10,-0.843736943643453,2,0.00292854954264207,0.0152842689760283
"percentile_latbin_OLS","q95","Combined","occurrence5_k2_tropical_temperate_polar","Coldhouse","Hothouse",5,11,-0.919095678644704,4,0.0045852806928085,0.0152842689760283
"percentile_latbin_OLS","q95","Combined","occurrence5_k2_tropical_temperate_polar","Coolhouse","Transitional",11,10,-0.588366037720962,16,0.00335313780390279,0.0152842689760283
"percentile_latbin_OLS","q95","Combined","occurrence5_k2_tropical_temperate_polar","Coldhouse","Warmhouse",5,10,-0.748597446556933,5,0.00846435324304378,0.0169287064860876
"percentile_latbin_OLS","q95","Combined","occurrence5_k2_tropical_temperate_polar","Coolhouse","Hothouse",11,11,-0.663724772722212,23,0.00755763467824674,0.0169287064860876
"percentile_latbin_OLS","q95","Combined","occurrence5_k2_tropical_temperate_polar","Coolhouse","Warmhouse",11,10,-0.493226540634442,28,0.031015520907682,0.0516925348461368
"percentile_latbin_OLS","q95","Combined","occurrence5_k2_tropical_temperate_polar","Coldhouse","Coolhouse",5,11,-0.255370905922491,13,0.056365649345726,0.08052235620818
"percentile_latbin_OLS","q95","Combined","occurrence5_k2_tropical_temperate_polar","Warmhouse","Hothouse",10,11,-0.170498232087771,39,0.13753149603888,0.171914370048599
"percentile_latbin_OLS","q95","Combined","occurrence5_k2_tropical_temperate_polar","Transitional","Hothouse",10,11,-0.0753587350012505,47,0.298703134813778,0.331892372015309
"percentile_latbin_OLS","q95","Combined","occurrence5_k2_tropical_temperate_polar","Transitional","Warmhouse",10,10,0.0951394970865201,58,0.739738558362114,0.739738558362114
"percentile_latbin_OLS","q95","Combined","occurrence5_k3_tropical_temperate","Coldhouse","Transitional",6,12,-0.593039326586384,12,0.0138688381967788,0.029239238256099
"percentile_latbin_OLS","q95","Combined","occurrence5_k3_tropical_temperate","Coldhouse","Warmhouse",6,11,-0.51817849975163,10,0.0118692576250273,0.029239238256099
"percentile_latbin_OLS","q95","Combined","occurrence5_k3_tropical_temperate","Coldhouse","Hothouse",6,9,-0.705964474894153,8,0.0146196191280495,0.029239238256099
"percentile_latbin_OLS","q95","Combined","occurrence5_k3_tropical_temperate","Coolhouse","Transitional",11,12,-0.470335496954683,30,0.0144490444621819,0.029239238256099
"percentile_latbin_OLS","q95","Combined","occurrence5_k3_tropical_temperate","Coolhouse","Warmhouse",11,11,-0.395474670119929,24,0.00904086091035267,0.029239238256099
"percentile_latbin_OLS","q95","Combined","occurrence5_k3_tropical_temperate","Coolhouse","Hothouse",11,9,-0.583260645262452,22,0.0201193385598797,0.0335322309331328
"percentile_latbin_OLS","q95","Combined","occurrence5_k3_tropical_temperate","Warmhouse","Hothouse",11,9,-0.187785975142523,33,0.112072577026101,0.160103681465859
"percentile_latbin_OLS","q95","Combined","occurrence5_k3_tropical_temperate","Transitional","Hothouse",12,9,-0.112925148307769,41,0.187179934655394,0.233974918319243
"percentile_latbin_OLS","q95","Combined","occurrence5_k3_tropical_temperate","Coldhouse","Coolhouse",6,11,-0.1227038296317,33,0.520039169546811,0.577821299496457
"percentile_latbin_OLS","q95","Combined","occurrence5_k3_tropical_temperate","Transitional","Warmhouse",12,11,0.074860826834754,74,0.69956117952276,0.69956117952276
"percentile_latbin_OLS","q95","Combined","occurrence5_k3_tropical_temperate_polar","Coolhouse","Transitional",7,5,-0.618949907509246,3,0.0114951970462325,0.0383173234874415
"percentile_latbin_OLS","q95","Combined","occurrence5_k3_tropical_temperate_polar","Coolhouse","Warmhouse",7,7,-0.513671050405557,6,0.010725366843161,0.0383173234874415
"percentile_latbin_OLS","q95","Combined","occurrence5_k3_tropical_temperate_polar","Coolhouse","Hothouse",7,6,-0.87020053725305,3,0.00620966532577613,0.0383173234874415
"percentile_latbin_OLS","q95","Combined","occurrence5_k3_tropical_temperate_polar","Coldhouse","Warmhouse",3,7,-0.626015441055475,1,0.0201193385598797,0.0502983463996992
"percentile_latbin_OLS","q95","Combined","occurrence5_k3_tropical_temperate_polar","Coldhouse","Hothouse",3,6,-0.982544927902967,1,0.0264037557080568,0.0528075114161136
"percentile_latbin_OLS","q95","Combined","occurrence5_k3_tropical_temperate_polar","Coldhouse","Transitional",3,5,-0.731294298159164,1,0.0368191350601513,0.0613652251002522
"percentile_latbin_OLS","q95","Combined","occurrence5_k3_tropical_temperate_polar","Warmhouse","Hothouse",7,6,-0.356529486847492,9,0.0502062469930514,0.0717232099900735
"percentile_latbin_OLS","q95","Combined","occurrence5_k3_tropical_temperate_polar","Transitional","Hothouse",5,6,-0.251250629743804,10,0.20565689588813,0.257071119860162
"percentile_latbin_OLS","q95","Combined","occurrence5_k3_tropical_temperate_polar","Coldhouse","Coolhouse",3,7,-0.112344390649918,9,0.409853768914894,0.455393076572105
"percentile_latbin_OLS","q95","Combined","occurrence5_k3_tropical_temperate_polar","Transitional","Warmhouse",5,7,0.105278857103689,20,0.686941260041631,0.686941260041631
"percentile_latbin_OLS","q95","Combined","occurrence10_k1_tropical_temperate","Coldhouse","Warmhouse",20,20,-0.808142207451862,80,0.000613591516998195,0.00327158397362441
"percentile_latbin_OLS","q95","Combined","occurrence10_k1_tropical_temperate","Coldhouse","Hothouse",20,21,-0.924624610330778,88,0.000764910856305555,0.00327158397362441
"percentile_latbin_OLS","q95","Combined","occurrence10_k1_tropical_temperate","Coolhouse","Hothouse",31,21,-0.642990179984667,159,0.000981475192087324,0.00327158397362441
"percentile_latbin_OLS","q95","Combined","occurrence10_k1_tropical_temperate","Coolhouse","Warmhouse",31,20,-0.52650777710575,161,0.00208526627907223,0.00521316569768057
"percentile_latbin_OLS","q95","Combined","occurrence10_k1_tropical_temperate","Coldhouse","Transitional",20,23,-0.623312628496055,129,0.0072005760693808,0.0144011521387616
"percentile_latbin_OLS","q95","Combined","occurrence10_k1_tropical_temperate","Coolhouse","Transitional",31,23,-0.341678198149943,245,0.0260852625800975,0.0407199589034896
"percentile_latbin_OLS","q95","Combined","occurrence10_k1_tropical_temperate","Transitional","Hothouse",23,21,-0.301311981834724,160,0.0285039712324427,0.0407199589034896
"percentile_latbin_OLS","q95","Combined","occurrence10_k1_tropical_temperate","Coldhouse","Coolhouse",20,31,-0.281634430346111,241,0.093158981198811,0.116448726498514
"percentile_latbin_OLS","q95","Combined","occurrence10_k1_tropical_temperate","Warmhouse","Hothouse",20,21,-0.116482402878917,171,0.157651226040873,0.175168028934303
"percentile_latbin_OLS","q95","Combined","occurrence10_k1_tropical_temperate","Transitional","Warmhouse",23,20,-0.184829578955807,200,0.236285390976097,0.236285390976097
"percentile_latbin_OLS","q95","Combined","occurrence10_k1_tropical_temperate_polar","Coolhouse","Hothouse",21,12,-0.603687580661768,39,0.000603583799280459,0.00603583799280459
"percentile_latbin_OLS","q95","Combined","occurrence10_k1_tropical_temperate_polar","Coldhouse","Transitional",10,18,-0.73996203004978,32,0.00291748493116431,0.00729371232791078
"percentile_latbin_OLS","q95","Combined","occurrence10_k1_tropical_temperate_polar","Coldhouse","Hothouse",10,12,-0.885322011007879,17,0.00253645633011914,0.00729371232791078
"percentile_latbin_OLS","q95","Combined","occurrence10_k1_tropical_temperate_polar","Coolhouse","Transitional",21,18,-0.458327599703669,86,0.00194090195604827,0.00729371232791078
"percentile_latbin_OLS","q95","Combined","occurrence10_k1_tropical_temperate_polar","Coldhouse","Warmhouse",10,15,-0.690426104270287,37,0.01875700080777,0.03126166801295
"percentile_latbin_OLS","q95","Combined","occurrence10_k1_tropical_temperate_polar","Coolhouse","Warmhouse",21,15,-0.408791673924176,91,0.0170973525064007,0.03126166801295
"percentile_latbin_OLS","q95","Combined","occurrence10_k1_tropical_temperate_polar","Warmhouse","Hothouse",15,12,-0.194895906737592,61,0.0821646397690332,0.117378056812905
"percentile_latbin_OLS","q95","Combined","occurrence10_k1_tropical_temperate_polar","Transitional","Hothouse",18,12,-0.145359980958099,78,0.105862791241043,0.132328489051303
"percentile_latbin_OLS","q95","Combined","occurrence10_k1_tropical_temperate_polar","Coldhouse","Coolhouse",10,21,-0.281634430346111,78,0.131393236772526,0.145992485302807
"percentile_latbin_OLS","q95","Combined","occurrence10_k1_tropical_temperate_polar","Transitional","Warmhouse",18,15,0.0495359257794926,154,0.759602345911175,0.759602345911175
"percentile_latbin_OLS","q95","Combined","occurrence10_k2_tropical_temperate","Coldhouse","Hothouse",13,12,-1.25617524037885,8,7.83192366485597e-05,0.000783192366485597
"percentile_latbin_OLS","q95","Combined","occurrence10_k2_tropical_temperate","Coldhouse","Warmhouse",13,14,-0.895468320492089,18,0.000217286190490038,0.00108643095245019
"percentile_latbin_OLS","q95","Combined","occurrence10_k2_tropical_temperate","Coldhouse","Transitional",13,16,-0.808942287598321,28,0.000464992108262793,0.00154997369420931
"percentile_latbin_OLS","q95","Combined","occurrence10_k2_tropical_temperate","Coolhouse","Hothouse",15,12,-0.788101687836356,39,0.00686697548409045,0.0171674387102261
"percentile_latbin_OLS","q95","Combined","occurrence10_k2_tropical_temperate","Coldhouse","Coolhouse",13,15,-0.468073552542497,51,0.0170449874376573,0.0323680337912227
"percentile_latbin_OLS","q95","Combined","occurrence10_k2_tropical_temperate","Transitional","Hothouse",16,12,-0.447232952780532,51,0.0194208202747336,0.0323680337912227
"percentile_latbin_OLS","q95","Combined","occurrence10_k2_tropical_temperate","Coolhouse","Warmhouse",15,14,-0.427394767949592,69,0.060649161062572,0.0866416586608171
"percentile_latbin_OLS","q95","Combined","occurrence10_k2_tropical_temperate","Warmhouse","Hothouse",14,12,-0.360706919886764,55,0.0713402421486114,0.0891753026857643
"percentile_latbin_OLS","q95","Combined","occurrence10_k2_tropical_temperate","Coolhouse","Transitional",15,16,-0.340868735055823,89,0.113982338717358,0.126647043019287
"percentile_latbin_OLS","q95","Combined","occurrence10_k2_tropical_temperate","Transitional","Warmhouse",16,14,-0.0865260328937684,100,0.316303280298843,0.316303280298843
"percentile_latbin_OLS","q95","Combined","occurrence10_k2_tropical_temperate_polar","Coolhouse","Hothouse",8,7,-0.893953703997246,4,0.00326808058712134,0.0326808058712134
"percentile_latbin_OLS","q95","Combined","occurrence10_k2_tropical_temperate_polar","Coldhouse","Transitional",4,7,-0.806962246652007,2,0.0148790337175996,0.0393507533363143
"percentile_latbin_OLS","q95","Combined","occurrence10_k2_tropical_temperate_polar","Coldhouse","Warmhouse",4,7,-0.690426104270287,3,0.0236104520017886,0.0393507533363143
"percentile_latbin_OLS","q95","Combined","occurrence10_k2_tropical_temperate_polar","Coldhouse","Hothouse",4,7,-1.17258020160402,1,0.00908150917393821,0.0393507533363143
"percentile_latbin_OLS","q95","Combined","occurrence10_k2_tropical_temperate_polar","Coolhouse","Transitional",8,7,-0.528335749045234,10,0.0214218009140082,0.0393507533363143
"percentile_latbin_OLS","q95","Combined","occurrence10_k2_tropical_temperate_polar","Warmhouse","Hothouse",7,7,-0.482154097333731,8,0.0204567764922484,0.0393507533363143
"percentile_latbin_OLS","q95","Combined","occurrence10_k2_tropical_temperate_polar","Coldhouse","Coolhouse",4,8,-0.278626497606773,6,0.0533185289012817,0.076169327001831
"percentile_latbin_OLS","q95","Combined","occurrence10_k2_tropical_temperate_polar","Transitional","Hothouse",7,7,-0.365617954952012,13,0.0799320987739866,0.0999151234674832
"percentile_latbin_OLS","q95","Combined","occurrence10_k2_tropical_temperate_polar","Coolhouse","Warmhouse",8,7,-0.411799606663515,16,0.0916164884644109,0.10179609829379
"percentile_latbin_OLS","q95","Combined","occurrence10_k2_tropical_temperate_polar","Transitional","Warmhouse",7,7,0.116536142381719,29,0.738548382743665,0.738548382743665
"percentile_latbin_OLS","q95","Combined","occurrence10_k3_tropical_temperate","Coldhouse","Warmhouse",4,11,-0.814118845026858,4,0.0111631812668698,0.0558159063343492
"percentile_latbin_OLS","q95","Combined","occurrence10_k3_tropical_temperate","Coldhouse","Hothouse",4,8,-1.0692132156579,2,0.0109280045491568,0.0558159063343492
"percentile_latbin_OLS","q95","Combined","occurrence10_k3_tropical_temperate","Coldhouse","Transitional",4,12,-0.832639914122983,8,0.0300778224570981,0.0826023948958795
"percentile_latbin_OLS","q95","Combined","occurrence10_k3_tropical_temperate","Coolhouse","Hothouse",8,8,-0.77426284809245,14,0.0330409579583518,0.0826023948958795
"percentile_latbin_OLS","q95","Combined","occurrence10_k3_tropical_temperate","Coolhouse","Warmhouse",8,11,-0.519168477461405,27,0.0865291143194494,0.144215190532416
"percentile_latbin_OLS","q95","Combined","occurrence10_k3_tropical_temperate","Warmhouse","Hothouse",11,8,-0.255094370631045,26,0.074226844374877,0.144215190532416
"percentile_latbin_OLS","q95","Combined","occurrence10_k3_tropical_temperate","Coolhouse","Transitional",8,12,-0.537689546557529,33,0.13163422469352,0.1645427808669
"percentile_latbin_OLS","q95","Combined","occurrence10_k3_tropical_temperate","Transitional","Hothouse",12,8,-0.236573301534921,32,0.115877362206669,0.1645427808669
"percentile_latbin_OLS","q95","Combined","occurrence10_k3_tropical_temperate","Coldhouse","Coolhouse",4,8,-0.294950367565454,11,0.222348115924854,0.247053462138727
"percentile_latbin_OLS","q95","Combined","occurrence10_k3_tropical_temperate","Transitional","Warmhouse",12,11,0.0185210690961245,68,0.561141658463393,0.561141658463393
"percentile_latbin_OLS","q95","Combined","occurrence10_k3_tropical_temperate_polar","Coldhouse","Coolhouse",2,3,-0.19080744013695,0,0.0744573365893828,0.106367623699118
"percentile_latbin_OLS","q95","Combined","occurrence10_k3_tropical_temperate_polar","Coldhouse","Transitional",2,5,-0.806962246652007,0,0.0406805646170377,0.106367623699118
"percentile_latbin_OLS","q95","Combined","occurrence10_k3_tropical_temperate_polar","Coldhouse","Warmhouse",2,5,-0.814118845026858,0,0.0406805646170377,0.106367623699118
"percentile_latbin_OLS","q95","Combined","occurrence10_k3_tropical_temperate_polar","Coldhouse","Hothouse",2,4,-1.01590831028083,0,0.0525962525600207,0.106367623699118
"percentile_latbin_OLS","q95","Combined","occurrence10_k3_tropical_temperate_polar","Coolhouse","Transitional",3,5,-0.616154806515056,2,0.0680185640570718,0.106367623699118
"percentile_latbin_OLS","q95","Combined","occurrence10_k3_tropical_temperate_polar","Coolhouse","Warmhouse",3,5,-0.623311404889908,2,0.0680185640570718,0.106367623699118
"percentile_latbin_OLS","q95","Combined","occurrence10_k3_tropical_temperate_polar","Coolhouse","Hothouse",3,4,-0.825100870143877,1,0.0558058841491461,0.106367623699118
"percentile_latbin_OLS","q95","Combined","occurrence10_k3_tropical_temperate_polar","Warmhouse","Hothouse",5,4,-0.201789465253969,7,0.27014568730371,0.337682109129638
"percentile_latbin_OLS","q95","Combined","occurrence10_k3_tropical_temperate_polar","Transitional","Hothouse",5,4,-0.20894606362882,8,0.356651586939229,0.396279541043588
"percentile_latbin_OLS","q95","Combined","occurrence10_k3_tropical_temperate_polar","Transitional","Warmhouse",5,5,-0.00715659837485155,13,0.582734188644536,0.582734188644536
"percentile_latbin_OLS","q95","Combined","collection5_k1_tropical_temperate","Coldhouse","Warmhouse",20,19,-0.797905017198985,54,7.02684819134751e-05,0.000702684819134751
"percentile_latbin_OLS","q95","Combined","collection5_k1_tropical_temperate","Coldhouse","Transitional",20,22,-0.786047797891703,85,0.000352934049513279,0.00176467024756639
"percentile_latbin_OLS","q95","Combined","collection5_k1_tropical_temperate","Coldhouse","Hothouse",20,19,-0.864807548142506,86,0.00181816632302554,0.00597606375147981
"percentile_latbin_OLS","q95","Combined","collection5_k1_tropical_temperate","Coolhouse","Warmhouse",30,19,-0.553760074267085,147,0.00239042550059193,0.00597606375147981
"percentile_latbin_OLS","q95","Combined","collection5_k1_tropical_temperate","Coolhouse","Transitional",30,22,-0.541902854959803,190,0.00488625630875177,0.00977251261750353
"percentile_latbin_OLS","q95","Combined","collection5_k1_tropical_temperate","Coolhouse","Hothouse",30,19,-0.620662605210605,179,0.0152009537514161,0.0253349229190269
"percentile_latbin_OLS","q95","Combined","collection5_k1_tropical_temperate","Coldhouse","Coolhouse",20,30,-0.244144942931901,232,0.0906604243628417,0.129514891946917
"percentile_latbin_OLS","q95","Combined","collection5_k1_tropical_temperate","Transitional","Warmhouse",22,19,-0.0118572193072821,198,0.391844182518099,0.43538242502011
"percentile_latbin_OLS","q95","Combined","collection5_k1_tropical_temperate","Transitional","Hothouse",22,19,-0.0787597502508024,198,0.391844182518099,0.43538242502011
"percentile_latbin_OLS","q95","Combined","collection5_k1_tropical_temperate","Warmhouse","Hothouse",19,19,-0.0669025309435203,176,0.453517597208633,0.453517597208633
"percentile_latbin_OLS","q95","Combined","collection5_k1_tropical_temperate_polar","Coolhouse","Transitional",20,15,-0.422530110362084,54,0.000727949512465825,0.00363974756232912
"percentile_latbin_OLS","q95","Combined","collection5_k1_tropical_temperate_polar","Coolhouse","Hothouse",20,11,-0.634006351600924,30,0.000514914531495221,0.00363974756232912
"percentile_latbin_OLS","q95","Combined","collection5_k1_tropical_temperate_polar","Coldhouse","Transitional",11,15,-0.596396988893517,25,0.00154672466138059,0.00478133870993695
"percentile_latbin_OLS","q95","Combined","collection5_k1_tropical_temperate_polar","Coolhouse","Warmhouse",20,13,-0.590006287085703,51,0.00191253548397478,0.00478133870993695
"percentile_latbin_OLS","q95","Combined","collection5_k1_tropical_temperate_polar","Coldhouse","Warmhouse",11,13,-0.763873165617135,25,0.00384848775222876,0.0064141462537146
"percentile_latbin_OLS","q95","Combined","collection5_k1_tropical_temperate_polar","Coldhouse","Hothouse",11,11,-0.807873230132356,19,0.00354842181460072,0.0064141462537146
"percentile_latbin_OLS","q95","Combined","collection5_k1_tropical_temperate_polar","Coldhouse","Coolhouse",11,20,-0.173866878531432,91,0.222495122083286,0.278118902604107
"percentile_latbin_OLS","q95","Combined","collection5_k1_tropical_temperate_polar","Transitional","Hothouse",15,11,-0.21147624123884,67,0.218137464420265,0.278118902604107
"percentile_latbin_OLS","q95","Combined","collection5_k1_tropical_temperate_polar","Warmhouse","Hothouse",13,11,-0.0440000645152212,60,0.261964072458761,0.291071191620845
"percentile_latbin_OLS","q95","Combined","collection5_k1_tropical_temperate_polar","Transitional","Warmhouse",15,13,-0.167476176723618,94,0.445042745542054,0.445042745542054
"percentile_latbin_OLS","q95","Combined","collection5_k2_tropical_temperate","Coldhouse","Hothouse",11,14,-1.27756372582448,9,0.000109822261855946,0.00109822261855946
"percentile_latbin_OLS","q95","Combined","collection5_k2_tropical_temperate","Coldhouse","Warmhouse",11,14,-0.883317079200245,13,0.000254191130018923,0.00127095565009462
"percentile_latbin_OLS","q95","Combined","collection5_k2_tropical_temperate","Coldhouse","Transitional",11,16,-0.894978556632729,25,0.0010206781272901,0.00255169531822526
"percentile_latbin_OLS","q95","Combined","collection5_k2_tropical_temperate","Coolhouse","Hothouse",11,14,-1.04343842717979,19,0.000822433290533668,0.00255169531822526
"percentile_latbin_OLS","q95","Combined","collection5_k2_tropical_temperate","Coolhouse","Warmhouse",11,14,-0.649191780555552,28,0.00396392573329724,0.00792785146659448
"percentile_latbin_OLS","q95","Combined","collection5_k2_tropical_temperate","Coolhouse","Transitional",11,16,-0.660853257988035,38,0.00729002216713371,0.0121500369452229
"percentile_latbin_OLS","q95","Combined","collection5_k2_tropical_temperate","Warmhouse","Hothouse",14,14,-0.394246646624238,63,0.0564610223880326,0.0806586034114751
"percentile_latbin_OLS","q95","Combined","collection5_k2_tropical_temperate","Transitional","Hothouse",16,14,-0.382585169191755,76,0.0700049029559493,0.0875061286949366
"percentile_latbin_OLS","q95","Combined","collection5_k2_tropical_temperate","Coldhouse","Coolhouse",11,11,-0.234125298644693,48,0.215354164473551,0.239282404970612
"percentile_latbin_OLS","q95","Combined","collection5_k2_tropical_temperate","Transitional","Warmhouse",16,14,0.0116614774324836,111,0.491708472092962,0.491708472092962
"percentile_latbin_OLS","q95","Combined","collection5_k2_tropical_temperate_polar","Coolhouse","Hothouse",7,7,-0.895582582418644,3,0.00364517904576782,0.0364517904576782
"percentile_latbin_OLS","q95","Combined","collection5_k2_tropical_temperate_polar","Coldhouse","Hothouse",4,7,-1.08174527264166,1,0.00908150917393821,0.0454075458696911
"percentile_latbin_OLS","q95","Combined","collection5_k2_tropical_temperate_polar","Coldhouse","Transitional",4,7,-0.582397239224223,2,0.0148790337175996,0.0472209040035772
"percentile_latbin_OLS","q95","Combined","collection5_k2_tropical_temperate_polar","Coldhouse","Warmhouse",4,7,-0.697764274855745,3,0.0236104520017886,0.0472209040035772
"percentile_latbin_OLS","q95","Combined","collection5_k2_tropical_temperate_polar","Coolhouse","Warmhouse",7,7,-0.511601584632724,8,0.0204567764922484,0.0472209040035772
"percentile_latbin_OLS","q95","Combined","collection5_k2_tropical_temperate_polar","Coolhouse","Transitional",7,7,-0.396234549001202,10,0.0368191350601513,0.0613652251002522
"percentile_latbin_OLS","q95","Combined","collection5_k2_tropical_temperate_polar","Warmhouse","Hothouse",7,7,-0.38398099778592,11,0.0483487838088181,0.0690696911554544
"percentile_latbin_OLS","q95","Combined","collection5_k2_tropical_temperate_polar","Transitional","Hothouse",7,7,-0.499348033417442,12,0.0626005148051577,0.0782506435064471
"percentile_latbin_OLS","q95","Combined","collection5_k2_tropical_temperate_polar","Transitional","Warmhouse",7,7,-0.115367035631522,19,0.261451617256335,0.290501796951484
"percentile_latbin_OLS","q95","Combined","collection5_k2_tropical_temperate_polar","Coldhouse","Coolhouse",4,7,-0.186162690223021,11,0.3183008162818,0.3183008162818
"percentile_latbin_OLS","q95","Combined","collection5_k3_tropical_temperate","Coldhouse","Transitional",5,11,-0.802007051802339,9,0.0207156209476118,0.0526554792249636
"percentile_latbin_OLS","q95","Combined","collection5_k3_tropical_temperate","Coldhouse","Warmhouse",5,10,-0.763318682483747,5,0.00846435324304378,0.0526554792249636
"percentile_latbin_OLS","q95","Combined","collection5_k3_tropical_temperate","Coldhouse","Hothouse",5,6,-0.779560076966659,4,0.0276171268590319,0.0526554792249636
"percentile_latbin_OLS","q95","Combined","collection5_k3_tropical_temperate","Coolhouse","Transitional",8,11,-0.745129304806299,21,0.0315932875349781,0.0526554792249636
"percentile_latbin_OLS","q95","Combined","collection5_k3_tropical_temperate","Coolhouse","Warmhouse",8,10,-0.706440935487707,16,0.018397573585726,0.0526554792249636
"percentile_latbin_OLS","q95","Combined","collection5_k3_tropical_temperate","Coolhouse","Hothouse",8,6,-0.722682329970619,8,0.0226939645193972,0.0526554792249636
"percentile_latbin_OLS","q95","Combined","collection5_k3_tropical_temperate","Warmhouse","Hothouse",10,6,-0.0162413944829118,28,0.435378172555822,0.621968817936889
"percentile_latbin_OLS","q95","Combined","collection5_k3_tropical_temperate","Coldhouse","Coolhouse",5,8,-0.05687774699604,21,0.586899898310596,0.652110998122884
"percentile_latbin_OLS","q95","Combined","collection5_k3_tropical_temperate","Transitional","Hothouse",11,6,0.0224469748356802,34,0.559915772546637,0.652110998122884
"percentile_latbin_OLS","q95","Combined","collection5_k3_tropical_temperate","Transitional","Warmhouse",11,10,0.038688369318592,64,0.748242644786864,0.748242644786864
"percentile_latbin_OLS","q95","Combined","collection5_k3_tropical_temperate_polar","Coldhouse","Coolhouse",2,3,-0.387037329553214,0,0.0744573365893828,0.148914673178766
"percentile_latbin_OLS","q95","Combined","collection5_k3_tropical_temperate_polar","Coldhouse","Transitional",2,3,-0.644359597315189,0,0.0744573365893828,0.148914673178766
"percentile_latbin_OLS","q95","Combined","collection5_k3_tropical_temperate_polar","Coldhouse","Warmhouse",2,4,-0.754800024447276,0,0.0525962525600207,0.148914673178766
"percentile_latbin_OLS","q95","Combined","collection5_k3_tropical_temperate_polar","Coldhouse","Hothouse",2,5,-0.855835838554028,0,0.0406805646170377,0.148914673178766
"percentile_latbin_OLS","q95","Combined","collection5_k3_tropical_temperate_polar","Coolhouse","Hothouse",3,5,-0.468798509000815,2,0.0680185640570718,0.148914673178766
"percentile_latbin_OLS","q95","Combined","collection5_k3_tropical_temperate_polar","Coolhouse","Warmhouse",3,4,-0.367762694894062,2,0.10796246947007,0.179937449116784
"percentile_latbin_OLS","q95","Combined","collection5_k3_tropical_temperate_polar","Coolhouse","Transitional",3,3,-0.257322267761975,2,0.191366544442613,0.212629493825126
"percentile_latbin_OLS","q95","Combined","collection5_k3_tropical_temperate_polar","Transitional","Warmhouse",3,4,-0.110440427132087,3,0.188379558905791,0.212629493825126
"percentile_latbin_OLS","q95","Combined","collection5_k3_tropical_temperate_polar","Transitional","Hothouse",3,5,-0.21147624123884,4,0.185546684761349,0.212629493825126
"percentile_latbin_OLS","q95","Combined","collection5_k3_tropical_temperate_polar","Warmhouse","Hothouse",4,5,-0.101035814106752,7,0.27014568730371,0.27014568730371
"percentile_latbin_OLS","q95","Combined","collection10_k1_tropical_temperate","Coldhouse","Hothouse",14,15,-1.33611682954312,20,0.000113064079356488,0.000949188405905204
"percentile_latbin_OLS","q95","Combined","collection10_k1_tropical_temperate","Coolhouse","Hothouse",23,15,-0.950193745130699,53,0.000189837681181041,0.000949188405905204
"percentile_latbin_OLS","q95","Combined","collection10_k1_tropical_temperate","Coldhouse","Warmhouse",14,15,-0.913925639527124,32,0.000777657914919441,0.00259219304973147
"percentile_latbin_OLS","q95","Combined","collection10_k1_tropical_temperate","Coldhouse","Transitional",14,18,-1.11562948147988,47,0.00143200771309766,0.00358001928274414
"percentile_latbin_OLS","q95","Combined","collection10_k1_tropical_temperate","Coolhouse","Warmhouse",23,15,-0.528002555114698,76,0.0020722473458104,0.0041444946916208
"percentile_latbin_OLS","q95","Combined","collection10_k1_tropical_temperate","Coolhouse","Transitional",23,18,-0.729706397067456,106,0.00414322416873492,0.0069053736145582
"percentile_latbin_OLS","q95","Combined","collection10_k1_tropical_temperate","Coldhouse","Coolhouse",14,23,-0.385923084412426,111,0.0605517467111507,0.0865024953016439
"percentile_latbin_OLS","q95","Combined","collection10_k1_tropical_temperate","Warmhouse","Hothouse",15,15,-0.422191190016,82,0.106686853546559,0.133358566933199
"percentile_latbin_OLS","q95","Combined","collection10_k1_tropical_temperate","Transitional","Hothouse",18,15,-0.220487348063242,119,0.287602060128914,0.319557844587682
"percentile_latbin_OLS","q95","Combined","collection10_k1_tropical_temperate","Transitional","Warmhouse",18,15,0.201703841952758,141,0.592898736440314,0.592898736440314
"percentile_latbin_OLS","q95","Combined","collection10_k1_tropical_temperate_polar","Coolhouse","Hothouse",15,7,-0.71933544197227,6,0.000592276047910357,0.00592276047910357
"percentile_latbin_OLS","q95","Combined","collection10_k1_tropical_temperate_polar","Coolhouse","Transitional",15,7,-0.297799457206486,16,0.00557971264145738,0.0215819416022038
"percentile_latbin_OLS","q95","Combined","collection10_k1_tropical_temperate_polar","Coolhouse","Warmhouse",15,8,-0.429829394386057,21,0.00647458248066113,0.0215819416022038
"percentile_latbin_OLS","q95","Combined","collection10_k1_tropical_temperate_polar","Coldhouse","Hothouse",9,7,-0.901943555135437,10,0.013112090674369,0.0327802266859225
"percentile_latbin_OLS","q95","Combined","collection10_k1_tropical_temperate_polar","Transitional","Hothouse",7,7,-0.421535984765784,11,0.0483487838088181,0.0805813063480302
"percentile_latbin_OLS","q95","Combined","collection10_k1_tropical_temperate_polar","Warmhouse","Hothouse",8,7,-0.289506047586213,13,0.0466687735890115,0.0805813063480302
"percentile_latbin_OLS","q95","Combined","collection10_k1_tropical_temperate_polar","Coldhouse","Warmhouse",9,8,-0.612437507549224,20,0.0679166840841775,0.0970238344059679
"percentile_latbin_OLS","q95","Combined","collection10_k1_tropical_temperate_polar","Coldhouse","Transitional",9,7,-0.480407570369653,20,0.122138371911633,0.152672964889541
"percentile_latbin_OLS","q95","Combined","collection10_k1_tropical_temperate_polar","Transitional","Warmhouse",7,8,-0.132029937179571,27,0.476928576530802,0.52992064058978
"percentile_latbin_OLS","q95","Combined","collection10_k1_tropical_temperate_polar","Coldhouse","Coolhouse",9,15,-0.182608113163167,69,0.547464109010609,0.547464109010609
"percentile_latbin_OLS","q95","Combined","collection10_k2_tropical_temperate","Coldhouse","Warmhouse",7,13,-0.939812586042,6,0.000999191472378936,0.00728909062522599
"percentile_latbin_OLS","q95","Combined","collection10_k2_tropical_temperate","Coldhouse","Hothouse",7,10,-1.12651755193947,4,0.0014578181250452,0.00728909062522599
"percentile_latbin_OLS","q95","Combined","collection10_k2_tropical_temperate","Coldhouse","Transitional",7,13,-1.06484587987723,11,0.0035272757074604,0.0117575856915347
"percentile_latbin_OLS","q95","Combined","collection10_k2_tropical_temperate","Coolhouse","Hothouse",8,10,-0.694019794628862,12,0.0072740119336715,0.0181850298341787
"percentile_latbin_OLS","q95","Combined","collection10_k2_tropical_temperate","Coolhouse","Warmhouse",8,13,-0.507314828731388,20,0.0112667845289446,0.0225335690578892
"percentile_latbin_OLS","q95","Combined","collection10_k2_tropical_temperate","Coolhouse","Transitional",8,13,-0.63234812256662,24,0.0232091965518086,0.0386819942530143
"percentile_latbin_OLS","q95","Combined","collection10_k2_tropical_temperate","Coldhouse","Coolhouse",7,8,-0.432497757310611,15,0.0740053470118909,0.105721924302701
"percentile_latbin_OLS","q95","Combined","collection10_k2_tropical_temperate","Warmhouse","Hothouse",13,10,-0.186704965897473,57,0.320919090536932,0.401148863171165
"percentile_latbin_OLS","q95","Combined","collection10_k2_tropical_temperate","Transitional","Hothouse",13,10,-0.061671672062242,65,0.512368692772441,0.569298547524934
"percentile_latbin_OLS","q95","Combined","collection10_k2_tropical_temperate","Transitional","Warmhouse",13,13,0.125033293835231,89,0.601182965472013,0.601182965472013
"percentile_latbin_OLS","q95","Combined","collection10_k2_tropical_temperate_polar","Coldhouse","Transitional",2,3,-0.692222539861799,0,0.0744573365893828,0.186143341473457
"percentile_latbin_OLS","q95","Combined","collection10_k2_tropical_temperate_polar","Coldhouse","Warmhouse",2,7,-0.76266968080614,0,0.0285199371245278,0.186143341473457
"percentile_latbin_OLS","q95","Combined","collection10_k2_tropical_temperate_polar","Coldhouse","Hothouse",2,4,-1.08530440998529,0,0.0525962525600207,0.186143341473457
"percentile_latbin_OLS","q95","Combined","collection10_k2_tropical_temperate_polar","Coolhouse","Hothouse",4,4,-0.722948169096369,2,0.056175598845232,0.186143341473457
"percentile_latbin_OLS","q95","Combined","collection10_k2_tropical_temperate_polar","Coolhouse","Transitional",4,3,-0.329866298972882,3,0.188379558905791,0.235474448632239
"percentile_latbin_OLS","q95","Combined","collection10_k2_tropical_temperate_polar","Coolhouse","Warmhouse",4,7,-0.400313439917223,8,0.149308837224405,0.235474448632239
"percentile_latbin_OLS","q95","Combined","collection10_k2_tropical_temperate_polar","Transitional","Hothouse",3,4,-0.393081870123487,3,0.188379558905791,0.235474448632239
"percentile_latbin_OLS","q95","Combined","collection10_k2_tropical_temperate_polar","Warmhouse","Hothouse",7,4,-0.322634729179146,8,0.149308837224405,0.235474448632239
"percentile_latbin_OLS","q95","Combined","collection10_k2_tropical_temperate_polar","Coldhouse","Coolhouse",2,4,-0.362356240888917,2,0.243726645182017,0.270807383535575
"percentile_latbin_OLS","q95","Combined","collection10_k2_tropical_temperate_polar","Transitional","Warmhouse",3,7,-0.0704471409443411,9,0.409853768914894,0.409853768914894
"percentile_latbin_OLS","q95","Combined","collection10_k3_tropical_temperate","Coldhouse","Transitional",3,7,-0.917377931265415,0,0.0113272470400447,0.0614807095117498
"percentile_latbin_OLS","q95","Combined","collection10_k3_tropical_temperate","Coldhouse","Warmhouse",3,6,-0.936501598924441,0,0.0140929010739537,0.0614807095117498
"percentile_latbin_OLS","q95","Combined","collection10_k3_tropical_temperate","Coldhouse","Hothouse",3,5,-0.874146379120965,0,0.0184442128535249,0.0614807095117498
"percentile_latbin_OLS","q95","Combined","collection10_k3_tropical_temperate","Coolhouse","Warmhouse",3,6,-0.665323298007032,1,0.0264037557080568,0.066009389270142
"percentile_latbin_OLS","q95","Combined","collection10_k3_tropical_temperate","Coolhouse","Hothouse",3,5,-0.602968078203556,2,0.0680185640570718,0.136037128114144
"percentile_latbin_OLS","q95","Combined","collection10_k3_tropical_temperate","Coolhouse","Transitional",3,7,-0.646199630348006,4,0.0857301030321637,0.142883505053606
"percentile_latbin_OLS","q95","Combined","collection10_k3_tropical_temperate","Coldhouse","Coolhouse",3,3,-0.271178300917409,2,0.191366544442613,0.273380777775161
"percentile_latbin_OLS","q95","Combined","collection10_k3_tropical_temperate","Transitional","Warmhouse",7,6,-0.0191236676590263,17,0.308537538725987,0.385671923407484
"percentile_latbin_OLS","q95","Combined","collection10_k3_tropical_temperate","Transitional","Hothouse",7,5,0.0432315521444495,21,0.742024151820726,0.79434310411187
"percentile_latbin_OLS","q95","Combined","collection10_k3_tropical_temperate","Warmhouse","Hothouse",6,5,0.0623552198034758,19,0.79434310411187,0.79434310411187
"percentile_latbin_OLS","q95","Combined","collection10_k3_tropical_temperate_polar","Coolhouse","Warmhouse",2,3,-0.296227061680984,1,0.193238115385616,0.386476230771233
"percentile_latbin_OLS","q95","Combined","collection10_k3_tropical_temperate_polar","Coolhouse","Hothouse",2,2,-0.551957928561687,0,0.122639058403386,0.386476230771233
"percentile_latbin_OLS","q95","Combined","collection10_k3_tropical_temperate_polar","Warmhouse","Hothouse",3,2,-0.255730866880703,1,0.193238115385616,0.386476230771233
"percentile_latbin_OLS","q95","Combined","collection10_k3_tropical_temperate_polar","Coolhouse","Transitional",2,2,-0.262269942444035,1,0.349267679151669,0.419121214982003
"percentile_latbin_OLS","q95","Combined","collection10_k3_tropical_temperate_polar","Transitional","Hothouse",2,2,-0.289687986117652,1,0.349267679151669,0.419121214982003
"percentile_latbin_OLS","q95","Combined","collection10_k3_tropical_temperate_polar","Transitional","Warmhouse",2,3,-0.0339571192369489,3,0.613585003657776,0.613585003657776
"percentile_latbin_OLS","q95","Combined","collection10_k3_tropical_temperate_polar","Coldhouse","Coolhouse",1,2,-0.551714104815543,NA,NA,NA
"percentile_latbin_OLS","q95","Combined","collection10_k3_tropical_temperate_polar","Coldhouse","Transitional",1,2,-0.813984047259579,NA,NA,NA
"percentile_latbin_OLS","q95","Combined","collection10_k3_tropical_temperate_polar","Coldhouse","Warmhouse",1,3,-0.847941166496528,NA,NA,NA
"percentile_latbin_OLS","q95","Combined","collection10_k3_tropical_temperate_polar","Coldhouse","Hothouse",1,2,-1.10367203337723,NA,NA,NA
"percentile_latbin_OLS","q95","Northern","occurrence5_k1_tropical_temperate","Coolhouse","Transitional",15,15,-0.674269762554589,29,0.000287990605380844,0.00287990605380844
"percentile_latbin_OLS","q95","Northern","occurrence5_k1_tropical_temperate","Coldhouse","Transitional",10,15,-0.969949785620001,18,0.000862039429092899,0.00345583991817971
"percentile_latbin_OLS","q95","Northern","occurrence5_k1_tropical_temperate","Coldhouse","Warmhouse",10,11,-0.932470248059658,12,0.00138233596727188,0.00345583991817971
"percentile_latbin_OLS","q95","Northern","occurrence5_k1_tropical_temperate","Coolhouse","Warmhouse",15,11,-0.636790224994246,23,0.00109896530863746,0.00345583991817971
"percentile_latbin_OLS","q95","Northern","occurrence5_k1_tropical_temperate","Coldhouse","Hothouse",10,10,-0.607066611952255,29,0.0606122515064583,0.121224503012917
"percentile_latbin_OLS","q95","Northern","occurrence5_k1_tropical_temperate","Coolhouse","Hothouse",15,10,-0.311386588886843,53,0.116511970717801,0.194186617863002
"percentile_latbin_OLS","q95","Northern","occurrence5_k1_tropical_temperate","Coldhouse","Coolhouse",10,15,-0.295680023065412,57,0.165842534028431,0.236917905754902
"percentile_latbin_OLS","q95","Northern","occurrence5_k1_tropical_temperate","Transitional","Warmhouse",15,11,0.0374795375603426,81,0.479304215182173,0.599130268977717
"percentile_latbin_OLS","q95","Northern","occurrence5_k1_tropical_temperate","Transitional","Hothouse",15,10,0.362883173667746,87,0.755962953417376,0.770164204520718
"percentile_latbin_OLS","q95","Northern","occurrence5_k1_tropical_temperate","Warmhouse","Hothouse",11,10,0.325403636107403,65,0.770164204520718,0.770164204520718
"percentile_latbin_OLS","q95","Northern","occurrence5_k1_tropical_temperate_polar","Coldhouse","Transitional",7,12,-1.02989585911398,0,0.000226262566738465,0.00171064951236861
"percentile_latbin_OLS","q95","Northern","occurrence5_k1_tropical_temperate_polar","Coolhouse","Transitional",10,12,-0.681007546083816,8,0.000342129902473722,0.00171064951236861
"percentile_latbin_OLS","q95","Northern","occurrence5_k1_tropical_temperate_polar","Coldhouse","Warmhouse",7,10,-0.907974165232892,3,0.0010557455033353,0.00351915167778433
"percentile_latbin_OLS","q95","Northern","occurrence5_k1_tropical_temperate_polar","Coldhouse","Coolhouse",7,10,-0.348888313030162,8,0.00485294264651389,0.0121323566162847
"percentile_latbin_OLS","q95","Northern","occurrence5_k1_tropical_temperate_polar","Coldhouse","Hothouse",7,5,-0.446804265616716,2,0.00742546894368245,0.0148509378873649
"percentile_latbin_OLS","q95","Northern","occurrence5_k1_tropical_temperate_polar","Coolhouse","Warmhouse",10,10,-0.559085852202729,19,0.0105669640645806,0.0176116067743009
"percentile_latbin_OLS","q95","Northern","occurrence5_k1_tropical_temperate_polar","Coolhouse","Hothouse",10,5,-0.0979159525865538,17,0.17916323337444,0.2559474762492
"percentile_latbin_OLS","q95","Northern","occurrence5_k1_tropical_temperate_polar","Transitional","Warmhouse",12,10,0.121921693881086,70,0.755641063407365,0.944551329259207
"percentile_latbin_OLS","q95","Northern","occurrence5_k1_tropical_temperate_polar","Transitional","Hothouse",12,5,0.583091593497262,47,0.967456636753617,0.967456636753617
"percentile_latbin_OLS","q95","Northern","occurrence5_k1_tropical_temperate_polar","Warmhouse","Hothouse",10,5,0.461169899616176,35,0.900775348203994,0.967456636753617
"percentile_latbin_OLS","q95","Northern","occurrence5_k2_tropical_temperate","Coolhouse","Transitional",9,13,-0.696344778160929,5,0.000200642714116768,0.00200642714116768
"percentile_latbin_OLS","q95","Northern","occurrence5_k2_tropical_temperate","Coldhouse","Transitional",7,13,-1.04093336691715,4,0.000579142299261661,0.0028957114963083
"percentile_latbin_OLS","q95","Northern","occurrence5_k2_tropical_temperate","Coldhouse","Hothouse",7,8,-0.984634830882657,5,0.00460889867352746,0.0153629955784249
"percentile_latbin_OLS","q95","Northern","occurrence5_k2_tropical_temperate","Coldhouse","Warmhouse",7,8,-0.907974165232892,6,0.00642063116860977,0.0160515779215244
"percentile_latbin_OLS","q95","Northern","occurrence5_k2_tropical_temperate","Coolhouse","Warmhouse",9,8,-0.563385576476673,13,0.0151914109882888,0.0303828219765775
"percentile_latbin_OLS","q95","Northern","occurrence5_k2_tropical_temperate","Coolhouse","Hothouse",9,8,-0.640046242126438,14,0.0192806237987123,0.0321343729978538
"percentile_latbin_OLS","q95","Northern","occurrence5_k2_tropical_temperate","Coldhouse","Coolhouse",7,9,-0.344588588756219,15,0.0451687958698268,0.0645268512426097
"percentile_latbin_OLS","q95","Northern","occurrence5_k2_tropical_temperate","Warmhouse","Hothouse",8,8,-0.076660665649765,28,0.356595630508036,0.445744538135045
"percentile_latbin_OLS","q95","Northern","occurrence5_k2_tropical_temperate","Transitional","Hothouse",13,8,0.0562985360344919,54,0.571836504504733,0.635373893894148
"percentile_latbin_OLS","q95","Northern","occurrence5_k2_tropical_temperate","Transitional","Warmhouse",13,8,0.132959201684257,65,0.835883497042735,0.835883497042735
"percentile_latbin_OLS","q95","Northern","occurrence5_k2_tropical_temperate_polar","Coolhouse","Transitional",7,8,-0.662757959894917,2,0.00158347019082835,0.0158347019082835
"percentile_latbin_OLS","q95","Northern","occurrence5_k2_tropical_temperate_polar","Coldhouse","Transitional",4,8,-0.950665902262826,0,0.00423740094607692,0.0211870047303846
"percentile_latbin_OLS","q95","Northern","occurrence5_k2_tropical_temperate_polar","Coldhouse","Warmhouse",4,6,-0.717279662024991,2,0.0214128046154457,0.0535320115386142
"percentile_latbin_OLS","q95","Northern","occurrence5_k2_tropical_temperate_polar","Coldhouse","Hothouse",4,5,-0.406271744091406,1,0.0186682079603315,0.0535320115386142
"percentile_latbin_OLS","q95","Northern","occurrence5_k2_tropical_temperate_polar","Coolhouse","Warmhouse",7,6,-0.429371719657082,8,0.0370727655557034,0.0741455311114069
"percentile_latbin_OLS","q95","Northern","occurrence5_k2_tropical_temperate_polar","Coldhouse","Coolhouse",4,7,-0.28790794236791,5,0.0540986237618508,0.0901643729364179
"percentile_latbin_OLS","q95","Northern","occurrence5_k2_tropical_temperate_polar","Coolhouse","Hothouse",7,5,-0.118363801723496,8,0.0719259348274268,0.102751335467753
"percentile_latbin_OLS","q95","Northern","occurrence5_k2_tropical_temperate_polar","Transitional","Warmhouse",8,6,0.233386240237835,33,0.889984318209294,0.917835360230967
"percentile_latbin_OLS","q95","Northern","occurrence5_k2_tropical_temperate_polar","Transitional","Hothouse",8,5,0.54439415817142,29,0.917835360230967,0.917835360230967
"percentile_latbin_OLS","q95","Northern","occurrence5_k2_tropical_temperate_polar","Warmhouse","Hothouse",6,5,0.311007917933585,18,0.738591673040456,0.917835360230967
"percentile_latbin_OLS","q95","Northern","occurrence5_k3_tropical_temperate","Coolhouse","Transitional",6,8,-0.725774156359668,0,0.00120732445687942,0.0120732445687942
"percentile_latbin_OLS","q95","Northern","occurrence5_k3_tropical_temperate","Coldhouse","Transitional",4,8,-0.89725801794043,1,0.00689471306565113,0.0337342842951291
"percentile_latbin_OLS","q95","Northern","occurrence5_k3_tropical_temperate","Coolhouse","Warmhouse",6,6,-0.571459638908172,3,0.0101202852885387,0.0337342842951291
"percentile_latbin_OLS","q95","Northern","occurrence5_k3_tropical_temperate","Coldhouse","Warmhouse",4,6,-0.742943500488934,3,0.0349771792900052,0.0874429482250129
"percentile_latbin_OLS","q95","Northern","occurrence5_k3_tropical_temperate","Coldhouse","Hothouse",4,5,-0.70011542492545,4,0.0889547974934913,0.148257995822485
"percentile_latbin_OLS","q95","Northern","occurrence5_k3_tropical_temperate","Coolhouse","Hothouse",6,5,-0.528631563344688,7,0.0854517601153987,0.148257995822485
"percentile_latbin_OLS","q95","Northern","occurrence5_k3_tropical_temperate","Coldhouse","Coolhouse",4,6,-0.171483861580762,10,0.374559566500298,0.535085095000425
"percentile_latbin_OLS","q95","Northern","occurrence5_k3_tropical_temperate","Warmhouse","Hothouse",6,5,0.042828075563484,16,0.60790438529919,0.759880481623988
"percentile_latbin_OLS","q95","Northern","occurrence5_k3_tropical_temperate","Transitional","Warmhouse",8,6,0.154314517451496,36,0.946708415212556,0.946708415212556
"percentile_latbin_OLS","q95","Northern","occurrence5_k3_tropical_temperate","Transitional","Hothouse",8,5,0.19714259301498,27,0.8638732094685,0.946708415212556
"percentile_latbin_OLS","q95","Northern","occurrence5_k3_tropical_temperate_polar","Coolhouse","Transitional",4,3,-0.807346351787537,0,0.0259149636089548,0.129574818044774
"percentile_latbin_OLS","q95","Northern","occurrence5_k3_tropical_temperate_polar","Coolhouse","Warmhouse",4,4,-0.481514536886212,0,0.0151914109882887,0.129574818044774
"percentile_latbin_OLS","q95","Northern","occurrence5_k3_tropical_temperate_polar","Coldhouse","Warmhouse",2,4,-0.592781518806343,0,0.0525962525600207,0.131490631400052
"percentile_latbin_OLS","q95","Northern","occurrence5_k3_tropical_temperate_polar","Coolhouse","Hothouse",4,2,-0.462545052482221,0,0.0525962525600207,0.131490631400052
"percentile_latbin_OLS","q95","Northern","occurrence5_k3_tropical_temperate_polar","Coldhouse","Transitional",2,3,-0.918613333707669,0,0.0744573365893828,0.148914673178766
"percentile_latbin_OLS","q95","Northern","occurrence5_k3_tropical_temperate_polar","Coldhouse","Hothouse",2,2,-0.573812034402353,0,0.122639058403386,0.204398430672311
"percentile_latbin_OLS","q95","Northern","occurrence5_k3_tropical_temperate_polar","Coldhouse","Coolhouse",2,4,-0.111266981920132,3,0.408480660857696,0.58354380122528
"percentile_latbin_OLS","q95","Northern","occurrence5_k3_tropical_temperate_polar","Warmhouse","Hothouse",4,2,0.0189694844039902,4,0.591519339142304,0.73939917392788
"percentile_latbin_OLS","q95","Northern","occurrence5_k3_tropical_temperate_polar","Transitional","Hothouse",3,2,0.344801299305316,4,0.806761884614384,0.896402094015982
"percentile_latbin_OLS","q95","Northern","occurrence5_k3_tropical_temperate_polar","Transitional","Warmhouse",3,4,0.325831814901325,11,0.974085036391045,0.974085036391045
"percentile_latbin_OLS","q95","Northern","occurrence10_k1_tropical_temperate","Coldhouse","Transitional",10,14,-0.996542999792194,20,0.00187522064240919,0.00697767951133122
"percentile_latbin_OLS","q95","Northern","occurrence10_k1_tropical_temperate","Coldhouse","Warmhouse",10,10,-0.833021354967703,10,0.0014136360455584,0.00697767951133122
"percentile_latbin_OLS","q95","Northern","occurrence10_k1_tropical_temperate","Coolhouse","Transitional",15,14,-0.683885037696332,41,0.00279107180453249,0.00697767951133122
"percentile_latbin_OLS","q95","Northern","occurrence10_k1_tropical_temperate","Coolhouse","Warmhouse",15,10,-0.52036339287184,23,0.00214031058496072,0.00697767951133122
"percentile_latbin_OLS","q95","Northern","occurrence10_k1_tropical_temperate","Coldhouse","Hothouse",10,9,-0.873435036772176,17,0.0123723360231995,0.0228051988170857
"percentile_latbin_OLS","q95","Northern","occurrence10_k1_tropical_temperate","Coolhouse","Hothouse",15,9,-0.560777074676313,30,0.0136831192902514,0.0228051988170857
"percentile_latbin_OLS","q95","Northern","occurrence10_k1_tropical_temperate","Coldhouse","Coolhouse",10,15,-0.312657962095863,52,0.106001715461413,0.151431022087733
"percentile_latbin_OLS","q95","Northern","occurrence10_k1_tropical_temperate","Transitional","Hothouse",14,9,0.123107963020018,58,0.388407002077741,0.485508752597176
"percentile_latbin_OLS","q95","Northern","occurrence10_k1_tropical_temperate","Transitional","Warmhouse",14,10,0.163521644824491,71,0.534994503343151,0.534994503343151
"percentile_latbin_OLS","q95","Northern","occurrence10_k1_tropical_temperate","Warmhouse","Hothouse",10,9,-0.040413681804473,44,0.483717772569769,0.534994503343151
"percentile_latbin_OLS","q95","Northern","occurrence10_k1_tropical_temperate_polar","Coldhouse","Transitional",6,12,-0.996542999792194,0,0.000442283578152501,0.00442283578152501
"percentile_latbin_OLS","q95","Northern","occurrence10_k1_tropical_temperate_polar","Coldhouse","Warmhouse",6,9,-0.688020779239336,0,0.000894921639311727,0.00447460819655863
"percentile_latbin_OLS","q95","Northern","occurrence10_k1_tropical_temperate_polar","Coolhouse","Transitional",9,12,-0.64516343793864,13,0.0019996961246875,0.00666565374895834
"percentile_latbin_OLS","q95","Northern","occurrence10_k1_tropical_temperate_polar","Coldhouse","Hothouse",6,4,-0.642438682897099,0,0.00710701943454103,0.0142140388690821
"percentile_latbin_OLS","q95","Northern","occurrence10_k1_tropical_temperate_polar","Coolhouse","Warmhouse",9,9,-0.336641217385782,12,0.00670932896024874,0.0142140388690821
"percentile_latbin_OLS","q95","Northern","occurrence10_k1_tropical_temperate_polar","Coldhouse","Coolhouse",6,9,-0.351379561853554,7,0.0107781333800082,0.0179635556333469
"percentile_latbin_OLS","q95","Northern","occurrence10_k1_tropical_temperate_polar","Coolhouse","Hothouse",9,4,-0.291059121043545,7,0.0525962525600207,0.0751375036571725
"percentile_latbin_OLS","q95","Northern","occurrence10_k1_tropical_temperate_polar","Transitional","Warmhouse",12,9,0.308522220552858,63,0.750205191796491,0.756273354817983
"percentile_latbin_OLS","q95","Northern","occurrence10_k1_tropical_temperate_polar","Transitional","Hothouse",12,4,0.354104316895095,29,0.74760530008344,0.756273354817983
"percentile_latbin_OLS","q95","Northern","occurrence10_k1_tropical_temperate_polar","Warmhouse","Hothouse",9,4,0.0455820963422371,22,0.756273354817983,0.756273354817983
"percentile_latbin_OLS","q95","Northern","occurrence10_k2_tropical_temperate","Coldhouse","Transitional",7,12,-1.01708023448238,4,0.000763958110811169,0.0076395811081117
"percentile_latbin_OLS","q95","Northern","occurrence10_k2_tropical_temperate","Coldhouse","Warmhouse",7,8,-0.744886960873319,4,0.00326808058712134,0.0155241633144403
"percentile_latbin_OLS","q95","Northern","occurrence10_k2_tropical_temperate","Coldhouse","Hothouse",7,6,-0.989922680511989,3,0.00620966532577613,0.0155241633144403
"percentile_latbin_OLS","q95","Northern","occurrence10_k2_tropical_temperate","Coolhouse","Transitional",8,12,-0.675704686217123,15,0.00608064302890549,0.0155241633144403
"percentile_latbin_OLS","q95","Northern","occurrence10_k2_tropical_temperate","Coolhouse","Hothouse",8,6,-0.64854713224673,8,0.0226939645193972,0.0453879290387944
"percentile_latbin_OLS","q95","Northern","occurrence10_k2_tropical_temperate","Coldhouse","Coolhouse",7,8,-0.341375548265259,13,0.0466687735890115,0.0777812893150191
"percentile_latbin_OLS","q95","Northern","occurrence10_k2_tropical_temperate","Coolhouse","Warmhouse",8,8,-0.40351141260806,17,0.0639038004737723,0.0912911435339605
"percentile_latbin_OLS","q95","Northern","occurrence10_k2_tropical_temperate","Warmhouse","Hothouse",8,6,-0.245035719638669,18,0.238837511992952,0.29854688999119
"percentile_latbin_OLS","q95","Northern","occurrence10_k2_tropical_temperate","Transitional","Hothouse",12,6,0.0271575539703934,33,0.407435641949356,0.452706268832617
"percentile_latbin_OLS","q95","Northern","occurrence10_k2_tropical_temperate","Transitional","Warmhouse",12,8,0.272193273609063,61,0.851189266054442,0.851189266054442
"percentile_latbin_OLS","q95","Northern","occurrence10_k2_tropical_temperate_polar","Coldhouse","Transitional",3,5,-0.940355964710121,0,0.0184442128535249,0.0863832120298495
"percentile_latbin_OLS","q95","Northern","occurrence10_k2_tropical_temperate_polar","Coldhouse","Warmhouse",3,4,-0.387644906816424,0,0.0259149636089548,0.0863832120298495
"percentile_latbin_OLS","q95","Northern","occurrence10_k2_tropical_temperate_polar","Coolhouse","Transitional",5,5,-0.683899230977237,1,0.0107858739738605,0.0863832120298495
"percentile_latbin_OLS","q95","Northern","occurrence10_k2_tropical_temperate_polar","Coldhouse","Coolhouse",3,5,-0.256456733732883,1,0.0368191350601513,0.0920478376503783
"percentile_latbin_OLS","q95","Northern","occurrence10_k2_tropical_temperate_polar","Coldhouse","Hothouse",3,2,-0.66477798567291,0,0.0744573365893828,0.146036871166672
"percentile_latbin_OLS","q95","Northern","occurrence10_k2_tropical_temperate_polar","Coolhouse","Hothouse",5,2,-0.408321251940027,1,0.087622122700003,0.146036871166672
"percentile_latbin_OLS","q95","Northern","occurrence10_k2_tropical_temperate_polar","Coolhouse","Warmhouse",5,4,-0.131188173083541,6,0.19563363964132,0.279476628059028
"percentile_latbin_OLS","q95","Northern","occurrence10_k2_tropical_temperate_polar","Warmhouse","Hothouse",4,2,-0.277133078856486,3,0.408480660857696,0.51060082607212
"percentile_latbin_OLS","q95","Northern","occurrence10_k2_tropical_temperate_polar","Transitional","Hothouse",5,2,0.275577979037211,5,0.576774701561705,0.640860779513005
"percentile_latbin_OLS","q95","Northern","occurrence10_k2_tropical_temperate_polar","Transitional","Warmhouse",5,4,0.552711057893697,16,0.94432655673343,0.94432655673343
"percentile_latbin_OLS","q95","Northern","occurrence10_k3_tropical_temperate","Coldhouse","Transitional",4,8,-0.891892263732157,1,0.00689471306565113,0.0689471306565113
"percentile_latbin_OLS","q95","Northern","occurrence10_k3_tropical_temperate","Coldhouse","Warmhouse",4,6,-0.592653370768707,3,0.0349771792900052,0.116590597633351
"percentile_latbin_OLS","q95","Northern","occurrence10_k3_tropical_temperate","Coolhouse","Transitional",5,8,-0.701084823595207,6,0.024066198109791,0.116590597633351
"percentile_latbin_OLS","q95","Northern","occurrence10_k3_tropical_temperate","Coldhouse","Hothouse",4,4,-0.716599468993011,2,0.056175598845232,0.14043899711308
"percentile_latbin_OLS","q95","Northern","occurrence10_k3_tropical_temperate","Coolhouse","Hothouse",5,4,-0.52579202885606,4,0.0889547974934913,0.177909594986983
"percentile_latbin_OLS","q95","Northern","occurrence10_k3_tropical_temperate","Coolhouse","Warmhouse",5,6,-0.401845930631757,8,0.117666633254793,0.196111055424655
"percentile_latbin_OLS","q95","Northern","occurrence10_k3_tropical_temperate","Coldhouse","Coolhouse",4,5,-0.19080744013695,7,0.27014568730371,0.385922410433871
"percentile_latbin_OLS","q95","Northern","occurrence10_k3_tropical_temperate","Warmhouse","Hothouse",6,4,-0.123946098224304,10,0.374559566500298,0.468199458125372
"percentile_latbin_OLS","q95","Northern","occurrence10_k3_tropical_temperate","Transitional","Hothouse",8,4,0.175292794739147,19,0.723892888982925,0.80432543220325
"percentile_latbin_OLS","q95","Northern","occurrence10_k3_tropical_temperate","Transitional","Warmhouse",8,6,0.299238892963451,37,0.959319435382962,0.959319435382962
"percentile_latbin_OLS","q95","Northern","occurrence10_k3_tropical_temperate_polar","Coldhouse","Coolhouse",2,2,-0.169781158281801,0,0.122639058403386,0.147166870084064
"percentile_latbin_OLS","q95","Northern","occurrence10_k3_tropical_temperate_polar","Coldhouse","Transitional",2,3,-0.912408820302735,0,0.0744573365893828,0.147166870084064
"percentile_latbin_OLS","q95","Northern","occurrence10_k3_tropical_temperate_polar","Coldhouse","Warmhouse",2,2,-0.540130123526035,0,0.122639058403386,0.147166870084064
"percentile_latbin_OLS","q95","Northern","occurrence10_k3_tropical_temperate_polar","Coolhouse","Transitional",2,3,-0.742627662020934,0,0.0744573365893828,0.147166870084064
"percentile_latbin_OLS","q95","Northern","occurrence10_k3_tropical_temperate_polar","Coolhouse","Warmhouse",2,2,-0.370348965244234,0,0.122639058403386,0.147166870084064
"percentile_latbin_OLS","q95","Northern","occurrence10_k3_tropical_temperate_polar","Transitional","Warmhouse",3,2,0.3722786967767,5,0.925542663410617,0.925542663410617
"percentile_latbin_OLS","q95","Northern","occurrence10_k3_tropical_temperate_polar","Coldhouse","Hothouse",2,1,-0.225749226536951,NA,NA,NA
"percentile_latbin_OLS","q95","Northern","occurrence10_k3_tropical_temperate_polar","Coolhouse","Hothouse",2,1,-0.0559680682551507,NA,NA,NA
"percentile_latbin_OLS","q95","Northern","occurrence10_k3_tropical_temperate_polar","Transitional","Hothouse",3,1,0.686659593765784,NA,NA,NA
"percentile_latbin_OLS","q95","Northern","occurrence10_k3_tropical_temperate_polar","Warmhouse","Hothouse",2,1,0.314380896989084,NA,NA,NA
"percentile_latbin_OLS","q95","Northern","collection5_k1_tropical_temperate","Coldhouse","Transitional",10,14,-0.928815458210654,10,0.000247023650482825,0.00247023650482825
"percentile_latbin_OLS","q95","Northern","collection5_k1_tropical_temperate","Coolhouse","Transitional",14,14,-0.734783832967244,28,0.000703128377164062,0.00351564188582031
"percentile_latbin_OLS","q95","Northern","collection5_k1_tropical_temperate","Coldhouse","Warmhouse",10,11,-0.915299843580583,12,0.00138233596727188,0.00460778655757294
"percentile_latbin_OLS","q95","Northern","collection5_k1_tropical_temperate","Coolhouse","Warmhouse",14,11,-0.721268218337172,29,0.00465599808029609,0.0116399952007402
"percentile_latbin_OLS","q95","Northern","collection5_k1_tropical_temperate","Coldhouse","Hothouse",10,9,-0.772715471745435,17,0.0123723360231995,0.0247446720463989
"percentile_latbin_OLS","q95","Northern","collection5_k1_tropical_temperate","Coolhouse","Hothouse",14,9,-0.578683846502025,32,0.0273457261367675,0.0455762102279459
"percentile_latbin_OLS","q95","Northern","collection5_k1_tropical_temperate","Coldhouse","Coolhouse",10,14,-0.194031625243411,50,0.126767939799949,0.18109705685707
"percentile_latbin_OLS","q95","Northern","collection5_k1_tropical_temperate","Transitional","Warmhouse",14,11,0.0135156146300719,78,0.532723295915293,0.665904119894116
"percentile_latbin_OLS","q95","Northern","collection5_k1_tropical_temperate","Transitional","Hothouse",14,9,0.156099986465219,76,0.802454207547925,0.802454207547925
"percentile_latbin_OLS","q95","Northern","collection5_k1_tropical_temperate","Warmhouse","Hothouse",11,9,0.142584371835147,57,0.728336532893354,0.802454207547925
"percentile_latbin_OLS","q95","Northern","collection5_k1_tropical_temperate_polar","Coldhouse","Transitional",7,10,-0.894978556632729,0,0.000380152921436306,0.00380152921436306
"percentile_latbin_OLS","q95","Northern","collection5_k1_tropical_temperate_polar","Coldhouse","Warmhouse",7,9,-0.859798382460479,4,0.00213171569155366,0.00710571897184553
"percentile_latbin_OLS","q95","Northern","collection5_k1_tropical_temperate_polar","Coolhouse","Transitional",10,10,-0.695150194483248,11,0.0018052571561648,0.00710571897184553
"percentile_latbin_OLS","q95","Northern","collection5_k1_tropical_temperate_polar","Coldhouse","Hothouse",7,4,-0.550972837082287,0,0.0053667080514986,0.0134167701287465
"percentile_latbin_OLS","q95","Northern","collection5_k1_tropical_temperate_polar","Coolhouse","Warmhouse",10,9,-0.659970020310999,16,0.00998222665260803,0.0199644533052161
"percentile_latbin_OLS","q95","Northern","collection5_k1_tropical_temperate_polar","Coldhouse","Coolhouse",7,10,-0.19982836214948,15,0.0285199371245278,0.040742767320754
"percentile_latbin_OLS","q95","Northern","collection5_k1_tropical_temperate_polar","Coolhouse","Hothouse",10,4,-0.351144474932806,6,0.028118901938638,0.040742767320754
"percentile_latbin_OLS","q95","Northern","collection5_k1_tropical_temperate_polar","Transitional","Warmhouse",10,9,0.0351801741722493,48,0.612474313164959,0.765592891456198
"percentile_latbin_OLS","q95","Northern","collection5_k1_tropical_temperate_polar","Transitional","Hothouse",10,4,0.344005719550442,30,0.931218053045048,0.931218053045048
"percentile_latbin_OLS","q95","Northern","collection5_k1_tropical_temperate_polar","Warmhouse","Hothouse",9,4,0.308825545378192,24,0.842062760084755,0.931218053045048
"percentile_latbin_OLS","q95","Northern","collection5_k2_tropical_temperate","Coldhouse","Transitional",6,12,-0.97623886139476,4,0.00158760858056589,0.00793804290282946
"percentile_latbin_OLS","q95","Northern","collection5_k2_tropical_temperate","Coolhouse","Transitional",6,12,-0.877294040962756,3,0.00116764867779432,0.00793804290282946
"percentile_latbin_OLS","q95","Northern","collection5_k2_tropical_temperate","Coolhouse","Hothouse",6,7,-0.789853986490338,2,0.00411048566034429,0.0137016188678143
"percentile_latbin_OLS","q95","Northern","collection5_k2_tropical_temperate","Coldhouse","Hothouse",6,7,-0.888798806922342,3,0.00620966532577613,0.0155241633144403
"percentile_latbin_OLS","q95","Northern","collection5_k2_tropical_temperate","Coldhouse","Warmhouse",6,8,-0.835843142159218,6,0.0119342210822872,0.0198903684704786
"percentile_latbin_OLS","q95","Northern","collection5_k2_tropical_temperate","Coolhouse","Warmhouse",6,8,-0.736898321727215,6,0.0119342210822872,0.0198903684704786
"percentile_latbin_OLS","q95","Northern","collection5_k2_tropical_temperate","Warmhouse","Hothouse",8,7,-0.0529556647631234,21,0.225956729139537,0.322795327342195
"percentile_latbin_OLS","q95","Northern","collection5_k2_tropical_temperate","Coldhouse","Coolhouse",6,6,-0.0989448204320037,15,0.34446027790223,0.430575347377788
"percentile_latbin_OLS","q95","Northern","collection5_k2_tropical_temperate","Transitional","Hothouse",12,7,0.087440054472418,40,0.449559978387049,0.499511087096721
"percentile_latbin_OLS","q95","Northern","collection5_k2_tropical_temperate","Transitional","Warmhouse",12,8,0.140395719235541,62,0.86836577530648,0.86836577530648
"percentile_latbin_OLS","q95","Northern","collection5_k2_tropical_temperate_polar","Coldhouse","Transitional",3,5,-0.630359847645895,0,0.0184442128535249,0.0933410398016573
"percentile_latbin_OLS","q95","Northern","collection5_k2_tropical_temperate_polar","Coolhouse","Transitional",4,5,-0.631850850215183,1,0.0186682079603315,0.0933410398016573
"percentile_latbin_OLS","q95","Northern","collection5_k2_tropical_temperate_polar","Coolhouse","Warmhouse",4,4,-0.657156800497915,2,0.056175598845232,0.14043899711308
"percentile_latbin_OLS","q95","Northern","collection5_k2_tropical_temperate_polar","Coolhouse","Hothouse",4,2,-0.579984873251563,0,0.0525962525600207,0.14043899711308
"percentile_latbin_OLS","q95","Northern","collection5_k2_tropical_temperate_polar","Coldhouse","Hothouse",3,2,-0.578493870682275,0,0.0744573365893828,0.148914673178766
"percentile_latbin_OLS","q95","Northern","collection5_k2_tropical_temperate_polar","Coldhouse","Warmhouse",3,4,-0.655665797928628,2,0.10796246947007,0.179937449116784
"percentile_latbin_OLS","q95","Northern","collection5_k2_tropical_temperate_polar","Coldhouse","Coolhouse",3,4,0.00149100256928736,6,0.570158102400667,0.72985431269629
"percentile_latbin_OLS","q95","Northern","collection5_k2_tropical_temperate_polar","Transitional","Warmhouse",5,4,-0.0253059502827323,12,0.72985431269629,0.72985431269629
"percentile_latbin_OLS","q95","Northern","collection5_k2_tropical_temperate_polar","Transitional","Hothouse",5,2,0.0518659769636202,6,0.719362081932711,0.72985431269629
"percentile_latbin_OLS","q95","Northern","collection5_k2_tropical_temperate_polar","Warmhouse","Hothouse",4,2,0.0771719272463525,4,0.591519339142304,0.72985431269629
"percentile_latbin_OLS","q95","Northern","collection5_k3_tropical_temperate","Coldhouse","Transitional",4,8,-0.953947764608718,1,0.00689471306565113,0.0344735653282557
"percentile_latbin_OLS","q95","Northern","collection5_k3_tropical_temperate","Coolhouse","Transitional",4,8,-0.98923890071957,0,0.00423740094607692,0.0344735653282557
"percentile_latbin_OLS","q95","Northern","collection5_k3_tropical_temperate","Coolhouse","Warmhouse",4,6,-0.781545003570363,1,0.0125907322022298,0.0419691073407661
"percentile_latbin_OLS","q95","Northern","collection5_k3_tropical_temperate","Coolhouse","Hothouse",4,3,-0.442004171665533,0,0.0259149636089548,0.0647874090223871
"percentile_latbin_OLS","q95","Northern","collection5_k3_tropical_temperate","Coldhouse","Warmhouse",4,6,-0.746253867459511,3,0.0349771792900052,0.0699543585800103
"percentile_latbin_OLS","q95","Northern","collection5_k3_tropical_temperate","Coldhouse","Hothouse",4,3,-0.406713035554681,2,0.10796246947007,0.179937449116784
"percentile_latbin_OLS","q95","Northern","collection5_k3_tropical_temperate","Coldhouse","Coolhouse",4,4,0.0352911361108521,10,0.764756788970605,0.990548228494439
"percentile_latbin_OLS","q95","Northern","collection5_k3_tropical_temperate","Transitional","Warmhouse",8,6,0.207693897149208,40,0.983420006270576,0.990548228494439
"percentile_latbin_OLS","q95","Northern","collection5_k3_tropical_temperate","Transitional","Hothouse",8,3,0.547234729054037,23,0.990548228494439,0.990548228494439
"percentile_latbin_OLS","q95","Northern","collection5_k3_tropical_temperate","Warmhouse","Hothouse",6,3,0.339540831904829,13,0.877360941596614,0.990548228494439
"percentile_latbin_OLS","q95","Northern","collection5_k3_tropical_temperate_polar","Coldhouse","Warmhouse",2,2,-0.746253867459511,0,0.122639058403386,0.18395858760508
"percentile_latbin_OLS","q95","Northern","collection5_k3_tropical_temperate_polar","Coldhouse","Hothouse",2,2,-0.530531262260603,0,0.122639058403386,0.18395858760508
"percentile_latbin_OLS","q95","Northern","collection5_k3_tropical_temperate_polar","Warmhouse","Hothouse",2,2,0.215722605198907,3,0.877360941596614,0.877360941596614
"percentile_latbin_OLS","q95","Northern","collection5_k3_tropical_temperate_polar","Coldhouse","Coolhouse",2,1,-0.186162690223021,NA,NA,NA
"percentile_latbin_OLS","q95","Northern","collection5_k3_tropical_temperate_polar","Coldhouse","Transitional",2,1,-0.844062236198102,NA,NA,NA
"percentile_latbin_OLS","q95","Northern","collection5_k3_tropical_temperate_polar","Coolhouse","Transitional",1,1,-0.65789954597508,NA,NA,NA
"percentile_latbin_OLS","q95","Northern","collection5_k3_tropical_temperate_polar","Coolhouse","Warmhouse",1,2,-0.56009117723649,NA,NA,NA
"percentile_latbin_OLS","q95","Northern","collection5_k3_tropical_temperate_polar","Coolhouse","Hothouse",1,2,-0.344368572037582,NA,NA,NA
"percentile_latbin_OLS","q95","Northern","collection5_k3_tropical_temperate_polar","Transitional","Warmhouse",1,2,0.097808368738591,NA,NA,NA
"percentile_latbin_OLS","q95","Northern","collection5_k3_tropical_temperate_polar","Transitional","Hothouse",1,2,0.313530973937498,NA,NA,NA
"percentile_latbin_OLS","q95","Northern","collection10_k1_tropical_temperate","Coldhouse","Transitional",8,11,-1.44083454721844,10,0.00283593522038022,0.0094531174012674
"percentile_latbin_OLS","q95","Northern","collection10_k1_tropical_temperate","Coldhouse","Warmhouse",8,9,-1.56628702584392,4,0.00121836740449451,0.0094531174012674
"percentile_latbin_OLS","q95","Northern","collection10_k1_tropical_temperate","Coldhouse","Hothouse",8,7,-1.1245115986106,3,0.00228896117884281,0.0094531174012674
"percentile_latbin_OLS","q95","Northern","collection10_k1_tropical_temperate","Coolhouse","Transitional",10,11,-1.06082329835789,20,0.00756156720153343,0.0166370444210134
"percentile_latbin_OLS","q95","Northern","collection10_k1_tropical_temperate","Coolhouse","Warmhouse",10,9,-1.18627577698337,16,0.00998222665260803,0.0166370444210134
"percentile_latbin_OLS","q95","Northern","collection10_k1_tropical_temperate","Coolhouse","Hothouse",10,7,-0.744500349750045,10,0.00840230211954352,0.0166370444210134
"percentile_latbin_OLS","q95","Northern","collection10_k1_tropical_temperate","Coldhouse","Coolhouse",8,10,-0.380011248860553,17,0.0227945780897901,0.0325636829854144
"percentile_latbin_OLS","q95","Northern","collection10_k1_tropical_temperate","Transitional","Hothouse",11,7,0.316322948607844,38,0.5,0.555555555555556
"percentile_latbin_OLS","q95","Northern","collection10_k1_tropical_temperate","Warmhouse","Hothouse",9,7,0.441775427233321,31,0.5,0.555555555555556
"percentile_latbin_OLS","q95","Northern","collection10_k1_tropical_temperate","Transitional","Warmhouse",11,9,-0.125452478625477,51,0.560385802656905,0.560385802656905
"percentile_latbin_OLS","q95","Northern","collection10_k1_tropical_temperate_polar","Coldhouse","Transitional",5,4,-0.759509233488898,0,0.00998222665260803,0.0499111332630402
"percentile_latbin_OLS","q95","Northern","collection10_k1_tropical_temperate_polar","Coldhouse","Warmhouse",5,4,-0.466225850459919,0,0.00998222665260803,0.0499111332630402
"percentile_latbin_OLS","q95","Northern","collection10_k1_tropical_temperate_polar","Coolhouse","Transitional",7,4,-0.488391980512094,3,0.0236104520017886,0.0787015066726286
"percentile_latbin_OLS","q95","Northern","collection10_k1_tropical_temperate_polar","Coldhouse","Hothouse",5,2,-0.61693430260065,0,0.0406805646170377,0.101701411542594
"percentile_latbin_OLS","q95","Northern","collection10_k1_tropical_temperate_polar","Coldhouse","Coolhouse",5,7,-0.271117252976805,7,0.052188343299878,0.104376686599756
"percentile_latbin_OLS","q95","Northern","collection10_k1_tropical_temperate_polar","Coolhouse","Hothouse",7,2,-0.345817049623845,2,0.0938413862666982,0.156402310444497
"percentile_latbin_OLS","q95","Northern","collection10_k1_tropical_temperate_polar","Coolhouse","Warmhouse",7,4,-0.195108597483114,7,0.109651324839659,0.156644749770942
"percentile_latbin_OLS","q95","Northern","collection10_k1_tropical_temperate_polar","Warmhouse","Hothouse",4,2,-0.150708452140731,4,0.591519339142304,0.73939917392788
"percentile_latbin_OLS","q95","Northern","collection10_k1_tropical_temperate_polar","Transitional","Hothouse",4,2,0.142574930888248,5,0.756273354817983,0.840303727575536
"percentile_latbin_OLS","q95","Northern","collection10_k1_tropical_temperate_polar","Transitional","Warmhouse",4,4,0.29328338302898,12,0.903034573858795,0.903034573858795
"percentile_latbin_OLS","q95","Northern","collection10_k2_tropical_temperate","Coldhouse","Transitional",6,9,-1.40231746428024,7,0.0107781333800082,0.0359271112666939
"percentile_latbin_OLS","q95","Northern","collection10_k2_tropical_temperate","Coldhouse","Warmhouse",6,8,-1.20079902795856,4,0.00591056891831115,0.0359271112666939
"percentile_latbin_OLS","q95","Northern","collection10_k2_tropical_temperate","Coldhouse","Hothouse",6,6,-0.966080854585468,3,0.0101202852885387,0.0359271112666939
"percentile_latbin_OLS","q95","Northern","collection10_k2_tropical_temperate","Coolhouse","Transitional",5,9,-1.10525221684796,9,0.0415182196887791,0.0922923390340732
"percentile_latbin_OLS","q95","Northern","collection10_k2_tropical_temperate","Coolhouse","Warmhouse",5,8,-0.903733780526278,8,0.0461461695170366,0.0922923390340732
"percentile_latbin_OLS","q95","Northern","collection10_k2_tropical_temperate","Coolhouse","Hothouse",5,6,-0.669015607153184,6,0.0603454002637228,0.100575667106205
"percentile_latbin_OLS","q95","Northern","collection10_k2_tropical_temperate","Coldhouse","Coolhouse",6,5,-0.297065247432284,11,0.261408326959544,0.373440467085063
"percentile_latbin_OLS","q95","Northern","collection10_k2_tropical_temperate","Transitional","Warmhouse",9,8,0.201518436321682,37,0.557383042763399,0.640860779513005
"percentile_latbin_OLS","q95","Northern","collection10_k2_tropical_temperate","Warmhouse","Hothouse",8,6,0.234718173373094,25,0.576774701561705,0.640860779513005
"percentile_latbin_OLS","q95","Northern","collection10_k2_tropical_temperate","Transitional","Hothouse",9,6,0.436236609694776,31,0.702058454717411,0.702058454717411
"percentile_latbin_OLS","q95","Northern","collection10_k2_tropical_temperate_polar","Coldhouse","Transitional",2,2,-0.589882523744078,0,0.122639058403386,0.18536997990893
"percentile_latbin_OLS","q95","Northern","collection10_k2_tropical_temperate_polar","Coldhouse","Warmhouse",2,4,-0.396084334038225,0,0.0525962525600207,0.18536997990893
"percentile_latbin_OLS","q95","Northern","collection10_k2_tropical_temperate_polar","Coolhouse","Transitional",2,2,-0.483774259761507,0,0.122639058403386,0.18536997990893
"percentile_latbin_OLS","q95","Northern","collection10_k2_tropical_temperate_polar","Coolhouse","Warmhouse",2,4,-0.289976070055654,1,0.123579986605954,0.18536997990893
"percentile_latbin_OLS","q95","Northern","collection10_k2_tropical_temperate_polar","Coldhouse","Coolhouse",2,2,-0.106108263982571,2,0.650732320848331,0.756273354817983
"percentile_latbin_OLS","q95","Northern","collection10_k2_tropical_temperate_polar","Transitional","Warmhouse",2,4,0.193798189705853,5,0.756273354817983,0.756273354817983
"percentile_latbin_OLS","q95","Northern","collection10_k2_tropical_temperate_polar","Coldhouse","Hothouse",2,1,-0.291672948766195,NA,NA,NA
"percentile_latbin_OLS","q95","Northern","collection10_k2_tropical_temperate_polar","Coolhouse","Hothouse",2,1,-0.185564684783625,NA,NA,NA
"percentile_latbin_OLS","q95","Northern","collection10_k2_tropical_temperate_polar","Transitional","Hothouse",2,1,0.298209574977883,NA,NA,NA
"percentile_latbin_OLS","q95","Northern","collection10_k2_tropical_temperate_polar","Warmhouse","Hothouse",4,1,0.104411385272029,NA,NA,NA
"percentile_latbin_OLS","q95","Northern","collection10_k3_tropical_temperate","Coldhouse","Transitional",3,4,-2.26212984377342,0,0.0259149636089548,0.105192505120041
"percentile_latbin_OLS","q95","Northern","collection10_k3_tropical_temperate","Coldhouse","Warmhouse",3,4,-1.831352483257,0,0.0259149636089548,0.105192505120041
"percentile_latbin_OLS","q95","Northern","collection10_k3_tropical_temperate","Coldhouse","Hothouse",3,3,-0.521423313974069,0,0.0404277991850261,0.105192505120041
"percentile_latbin_OLS","q95","Northern","collection10_k3_tropical_temperate","Coolhouse","Transitional",2,4,-2.13765395639891,0,0.0525962525600207,0.105192505120041
"percentile_latbin_OLS","q95","Northern","collection10_k3_tropical_temperate","Coolhouse","Warmhouse",2,4,-1.70687659588249,0,0.0525962525600207,0.105192505120041
"percentile_latbin_OLS","q95","Northern","collection10_k3_tropical_temperate","Coolhouse","Hothouse",2,3,-0.396947426599555,0,0.0744573365893828,0.124095560982305
"percentile_latbin_OLS","q95","Northern","collection10_k3_tropical_temperate","Coldhouse","Coolhouse",3,2,-0.124475887374514,2,0.386414996342224,0.552021423346034
"percentile_latbin_OLS","q95","Northern","collection10_k3_tropical_temperate","Transitional","Warmhouse",4,4,0.430777360516425,8,0.557383042763399,0.696728803454249
"percentile_latbin_OLS","q95","Northern","collection10_k3_tropical_temperate","Transitional","Hothouse",4,3,1.74070652979936,11,0.974085036391045,0.974085036391045
"percentile_latbin_OLS","q95","Northern","collection10_k3_tropical_temperate","Warmhouse","Hothouse",4,3,1.30992916928293,9,0.89203753052993,0.974085036391045
"percentile_latbin_OLS","q95","Northern","collection10_k3_tropical_temperate_polar","Coldhouse","Coolhouse",1,1,-0.271178300917409,NA,NA,NA
"percentile_latbin_OLS","q95","Northern","collection10_k3_tropical_temperate_polar","Coldhouse","Transitional",1,1,-0.917377931265415,NA,NA,NA
"percentile_latbin_OLS","q95","Northern","collection10_k3_tropical_temperate_polar","Coldhouse","Warmhouse",1,2,-0.601418204091922,NA,NA,NA
"percentile_latbin_OLS","q95","Northern","collection10_k3_tropical_temperate_polar","Coldhouse","Hothouse",1,0,NA,NA,NA,NA
"percentile_latbin_OLS","q95","Northern","collection10_k3_tropical_temperate_polar","Coolhouse","Transitional",1,1,-0.646199630348006,NA,NA,NA
"percentile_latbin_OLS","q95","Northern","collection10_k3_tropical_temperate_polar","Coolhouse","Warmhouse",1,2,-0.330239903174514,NA,NA,NA
"percentile_latbin_OLS","q95","Northern","collection10_k3_tropical_temperate_polar","Coolhouse","Hothouse",1,0,NA,NA,NA,NA
"percentile_latbin_OLS","q95","Northern","collection10_k3_tropical_temperate_polar","Transitional","Warmhouse",1,2,0.315959727173492,NA,NA,NA
"percentile_latbin_OLS","q95","Northern","collection10_k3_tropical_temperate_polar","Transitional","Hothouse",1,0,NA,NA,NA,NA
"percentile_latbin_OLS","q95","Northern","collection10_k3_tropical_temperate_polar","Warmhouse","Hothouse",2,0,NA,NA,NA,NA
"percentile_latbin_OLS","q95","Southern","occurrence5_k1_tropical_temperate","Coldhouse","Warmhouse",11,11,-0.405748309896468,33,0.0381180578072822,0.146842310620091
"percentile_latbin_OLS","q95","Southern","occurrence5_k1_tropical_temperate","Coldhouse","Hothouse",11,13,-0.508340789354594,40,0.0362446404392424,0.146842310620091
"percentile_latbin_OLS","q95","Southern","occurrence5_k1_tropical_temperate","Transitional","Hothouse",10,13,-0.321327922484121,37,0.0440526931860274,0.146842310620091
"percentile_latbin_OLS","q95","Southern","occurrence5_k1_tropical_temperate","Coolhouse","Hothouse",16,13,-0.482556571900077,68,0.0597616029783462,0.149404007445865
"percentile_latbin_OLS","q95","Southern","occurrence5_k1_tropical_temperate","Coldhouse","Coolhouse",11,16,-0.0257842174545169,65,0.133436289751018,0.189881367675015
"percentile_latbin_OLS","q95","Southern","occurrence5_k1_tropical_temperate","Coldhouse","Transitional",11,10,-0.187012866870472,41,0.170893230907514,0.189881367675015
"percentile_latbin_OLS","q95","Southern","occurrence5_k1_tropical_temperate","Coolhouse","Warmhouse",16,11,-0.379964092441952,61,0.0954911055790571,0.189881367675015
"percentile_latbin_OLS","q95","Southern","occurrence5_k1_tropical_temperate","Transitional","Warmhouse",10,11,-0.218735443025996,39,0.13753149603888,0.189881367675015
"percentile_latbin_OLS","q95","Southern","occurrence5_k1_tropical_temperate","Warmhouse","Hothouse",11,13,-0.102592479458125,54,0.162331369580982,0.189881367675015
"percentile_latbin_OLS","q95","Southern","occurrence5_k1_tropical_temperate","Coolhouse","Transitional",16,10,-0.161228649415956,78,0.46849366598574,0.46849366598574
"percentile_latbin_OLS","q95","Southern","occurrence5_k1_tropical_temperate_polar","Coolhouse","Hothouse",13,9,-0.551551858818345,13,0.00132784952366224,0.0132784952366224
"percentile_latbin_OLS","q95","Southern","occurrence5_k1_tropical_temperate_polar","Coolhouse","Transitional",13,7,-0.267156908137401,25,0.0564993341748344,0.141248335437086
"percentile_latbin_OLS","q95","Southern","occurrence5_k1_tropical_temperate_polar","Transitional","Hothouse",7,9,-0.284394950680944,16,0.0561693629149115,0.141248335437086
"percentile_latbin_OLS","q95","Southern","occurrence5_k1_tropical_temperate_polar","Warmhouse","Hothouse",7,9,-0.214155146490022,13,0.0283691106875967,0.141248335437086
"percentile_latbin_OLS","q95","Southern","occurrence5_k1_tropical_temperate_polar","Coldhouse","Hothouse",4,9,-0.404240345631157,8,0.0713402421486114,0.142680484297223
"percentile_latbin_OLS","q95","Southern","occurrence5_k1_tropical_temperate_polar","Coolhouse","Warmhouse",13,7,-0.337396712328323,33,0.170823859235018,0.284706432058363
"percentile_latbin_OLS","q95","Southern","occurrence5_k1_tropical_temperate_polar","Coldhouse","Transitional",4,7,-0.119845394950213,13,0.462359518743385,0.660513598204835
"percentile_latbin_OLS","q95","Southern","occurrence5_k1_tropical_temperate_polar","Coldhouse","Warmhouse",4,7,-0.190085199141136,16,0.6816991837182,0.820609314159628
"percentile_latbin_OLS","q95","Southern","occurrence5_k1_tropical_temperate_polar","Transitional","Warmhouse",7,7,-0.0702398041909223,29,0.738548382743665,0.820609314159628
"percentile_latbin_OLS","q95","Southern","occurrence5_k1_tropical_temperate_polar","Coldhouse","Coolhouse",4,13,0.147311513187187,36,0.882758696453408,0.882758696453408
"percentile_latbin_OLS","q95","Southern","occurrence5_k2_tropical_temperate","Coldhouse","Hothouse",6,8,-0.929233952195071,0,0.00120732445687942,0.0120732445687942
"percentile_latbin_OLS","q95","Southern","occurrence5_k2_tropical_temperate","Transitional","Hothouse",4,8,-0.707827495335588,0,0.00423740094607692,0.0211870047303846
"percentile_latbin_OLS","q95","Southern","occurrence5_k2_tropical_temperate","Coldhouse","Warmhouse",6,6,-0.523803032630268,3,0.0101202852885387,0.0337342842951291
"percentile_latbin_OLS","q95","Southern","occurrence5_k2_tropical_temperate","Transitional","Warmhouse",4,6,-0.302396575770785,3,0.0349771792900052,0.0874429482250129
"percentile_latbin_OLS","q95","Southern","occurrence5_k2_tropical_temperate","Coolhouse","Hothouse",8,8,-0.601530463706808,16,0.051780935588267,0.088819307979073
"percentile_latbin_OLS","q95","Southern","occurrence5_k2_tropical_temperate","Warmhouse","Hothouse",6,8,-0.405430919564804,11,0.0532915847874438,0.088819307979073
"percentile_latbin_OLS","q95","Southern","occurrence5_k2_tropical_temperate","Coldhouse","Coolhouse",6,8,-0.327703488488263,12,0.0688191275540914,0.0983130393629877
"percentile_latbin_OLS","q95","Southern","occurrence5_k2_tropical_temperate","Coolhouse","Warmhouse",8,6,-0.196099544142005,18,0.238837511992952,0.29854688999119
"percentile_latbin_OLS","q95","Southern","occurrence5_k2_tropical_temperate","Coldhouse","Transitional",6,4,-0.221406456859483,9,0.297016170299521,0.330017966999468
"percentile_latbin_OLS","q95","Southern","occurrence5_k2_tropical_temperate","Coolhouse","Transitional",8,4,0.10629703162878,22,0.865196947715896,0.865196947715896
"percentile_latbin_OLS","q95","Southern","occurrence5_k2_tropical_temperate_polar","Coolhouse","Hothouse",4,6,-0.606716352837953,1,0.0125907322022298,0.0699543585800103
"percentile_latbin_OLS","q95","Southern","occurrence5_k2_tropical_temperate_polar","Transitional","Hothouse",2,6,-0.675190674478476,0,0.0333765075848173,0.0699543585800103
"percentile_latbin_OLS","q95","Southern","occurrence5_k2_tropical_temperate_polar","Warmhouse","Hothouse",4,6,-0.401833077603494,3,0.0349771792900052,0.0699543585800103
"percentile_latbin_OLS","q95","Southern","occurrence5_k2_tropical_temperate_polar","Transitional","Warmhouse",2,4,-0.273357596874982,2,0.243726645182017,0.365589967773026
"percentile_latbin_OLS","q95","Southern","occurrence5_k2_tropical_temperate_polar","Coolhouse","Warmhouse",4,4,-0.204883275234459,6,0.332502771051015,0.399003325261217
"percentile_latbin_OLS","q95","Southern","occurrence5_k2_tropical_temperate_polar","Coolhouse","Transitional",4,2,0.0684743216405225,5,0.756273354817983,0.756273354817983
"percentile_latbin_OLS","q95","Southern","occurrence5_k2_tropical_temperate_polar","Coldhouse","Coolhouse",1,4,-0.16589059686923,NA,NA,NA
"percentile_latbin_OLS","q95","Southern","occurrence5_k2_tropical_temperate_polar","Coldhouse","Transitional",1,2,-0.0974162752287077,NA,NA,NA
"percentile_latbin_OLS","q95","Southern","occurrence5_k2_tropical_temperate_polar","Coldhouse","Warmhouse",1,4,-0.370773872103689,NA,NA,NA
"percentile_latbin_OLS","q95","Southern","occurrence5_k2_tropical_temperate_polar","Coldhouse","Hothouse",1,6,-0.772606949707183,NA,NA,NA
"percentile_latbin_OLS","q95","Southern","occurrence5_k3_tropical_temperate","Transitional","Hothouse",4,4,-0.675190674478476,0,0.0151914109882887,0.0933410398016573
"percentile_latbin_OLS","q95","Southern","occurrence5_k3_tropical_temperate","Warmhouse","Hothouse",5,4,-0.420343349051005,1,0.0186682079603315,0.0933410398016573
"percentile_latbin_OLS","q95","Southern","occurrence5_k3_tropical_temperate","Coldhouse","Hothouse",2,4,-0.722736308820982,0,0.0525962525600207,0.11134688653314
"percentile_latbin_OLS","q95","Southern","occurrence5_k3_tropical_temperate","Coolhouse","Hothouse",5,4,-0.784645442240924,3,0.0556734432665702,0.11134688653314
"percentile_latbin_OLS","q95","Southern","occurrence5_k3_tropical_temperate","Transitional","Warmhouse",4,5,-0.254847325427471,3,0.0556734432665702,0.11134688653314
"percentile_latbin_OLS","q95","Southern","occurrence5_k3_tropical_temperate","Coldhouse","Warmhouse",2,5,-0.302392959769977,2,0.166460804032783,0.277434673387972
"percentile_latbin_OLS","q95","Southern","occurrence5_k3_tropical_temperate","Coolhouse","Warmhouse",5,5,-0.364302093189919,8,0.201697652446314,0.288139503494734
"percentile_latbin_OLS","q95","Southern","occurrence5_k3_tropical_temperate","Coldhouse","Coolhouse",2,5,0.0619091334199423,6,0.719362081932711,0.72985431269629
"percentile_latbin_OLS","q95","Southern","occurrence5_k3_tropical_temperate","Coldhouse","Transitional",2,4,-0.0475456343425061,4,0.591519339142304,0.72985431269629
"percentile_latbin_OLS","q95","Southern","occurrence5_k3_tropical_temperate","Coolhouse","Transitional",5,4,-0.109454767762448,12,0.72985431269629,0.72985431269629
"percentile_latbin_OLS","q95","Southern","occurrence5_k3_tropical_temperate_polar","Coolhouse","Hothouse",3,4,-0.784645442240924,0,0.0259149636089548,0.111611768298292
"percentile_latbin_OLS","q95","Southern","occurrence5_k3_tropical_temperate_polar","Transitional","Hothouse",2,4,-0.675190674478476,0,0.0525962525600207,0.111611768298292
"percentile_latbin_OLS","q95","Southern","occurrence5_k3_tropical_temperate_polar","Warmhouse","Hothouse",3,4,-0.325244848364377,1,0.0558058841491461,0.111611768298292
"percentile_latbin_OLS","q95","Southern","occurrence5_k3_tropical_temperate_polar","Transitional","Warmhouse",2,3,-0.349945826114099,0,0.0744573365893828,0.111686004884074
"percentile_latbin_OLS","q95","Southern","occurrence5_k3_tropical_temperate_polar","Coolhouse","Warmhouse",3,3,-0.459400593876547,1,0.095215131912762,0.114258158295314
"percentile_latbin_OLS","q95","Southern","occurrence5_k3_tropical_temperate_polar","Coolhouse","Transitional",3,2,-0.109454767762448,3,0.613585003657776,0.613585003657776
"percentile_latbin_OLS","q95","Southern","occurrence5_k3_tropical_temperate_polar","Coldhouse","Coolhouse",1,3,0.0120384925337408,NA,NA,NA
"percentile_latbin_OLS","q95","Southern","occurrence5_k3_tropical_temperate_polar","Coldhouse","Transitional",1,2,-0.0974162752287077,NA,NA,NA
"percentile_latbin_OLS","q95","Southern","occurrence5_k3_tropical_temperate_polar","Coldhouse","Warmhouse",1,3,-0.447362101342807,NA,NA,NA
"percentile_latbin_OLS","q95","Southern","occurrence5_k3_tropical_temperate_polar","Coldhouse","Hothouse",1,4,-0.772606949707183,NA,NA,NA
"percentile_latbin_OLS","q95","Southern","occurrence10_k1_tropical_temperate","Coldhouse","Hothouse",10,12,-0.605807234142637,28,0.018898541954359,0.0629951398478634
"percentile_latbin_OLS","q95","Southern","occurrence10_k1_tropical_temperate","Coolhouse","Hothouse",16,12,-0.60115701598337,50,0.0173310284648375,0.0629951398478634
"percentile_latbin_OLS","q95","Southern","occurrence10_k1_tropical_temperate","Transitional","Hothouse",9,12,-0.505563229434966,19,0.00710701943454103,0.0629951398478634
"percentile_latbin_OLS","q95","Southern","occurrence10_k1_tropical_temperate","Coldhouse","Warmhouse",10,10,-0.37771625354379,27,0.0444865058509066,0.111216264627267
"percentile_latbin_OLS","q95","Southern","occurrence10_k1_tropical_temperate","Coolhouse","Warmhouse",16,10,-0.373066035384524,52,0.0736161276818328,0.146905128298111
"percentile_latbin_OLS","q95","Southern","occurrence10_k1_tropical_temperate","Transitional","Warmhouse",9,10,-0.277472248836119,29,0.102833589808678,0.146905128298111
"percentile_latbin_OLS","q95","Southern","occurrence10_k1_tropical_temperate","Warmhouse","Hothouse",10,12,-0.228090980598847,39,0.0882308569012159,0.146905128298111
"percentile_latbin_OLS","q95","Southern","occurrence10_k1_tropical_temperate","Coldhouse","Coolhouse",10,16,-0.00465021815926631,64,0.206986579704217,0.258733224630271
"percentile_latbin_OLS","q95","Southern","occurrence10_k1_tropical_temperate","Coldhouse","Transitional",10,9,-0.100244004707671,39,0.326689455346847,0.362988283718719
"percentile_latbin_OLS","q95","Southern","occurrence10_k1_tropical_temperate","Coolhouse","Transitional",16,9,-0.0955937865484047,77,0.622242671630579,0.622242671630579
"percentile_latbin_OLS","q95","Southern","occurrence10_k1_tropical_temperate_polar","Coolhouse","Hothouse",12,8,-0.64994221464671,10,0.00190676594129104,0.0190676594129104
"percentile_latbin_OLS","q95","Southern","occurrence10_k1_tropical_temperate_polar","Transitional","Hothouse",6,8,-0.455696899590625,8,0.0226939645193972,0.113469822596986
"percentile_latbin_OLS","q95","Southern","occurrence10_k1_tropical_temperate_polar","Warmhouse","Hothouse",6,8,-0.274231109539606,10,0.0406805646170377,0.135601882056792
"percentile_latbin_OLS","q95","Southern","occurrence10_k1_tropical_temperate_polar","Coldhouse","Hothouse",4,8,-0.540489839586842,7,0.0744182734383547,0.186045683595887
"percentile_latbin_OLS","q95","Southern","occurrence10_k1_tropical_temperate_polar","Coolhouse","Transitional",12,6,-0.194245315056085,26,0.186798318728218,0.311330531213697
"percentile_latbin_OLS","q95","Southern","occurrence10_k1_tropical_temperate_polar","Coolhouse","Warmhouse",12,6,-0.375711105107104,26,0.186798318728218,0.311330531213697
"percentile_latbin_OLS","q95","Southern","occurrence10_k1_tropical_temperate_polar","Coldhouse","Transitional",4,6,-0.0847929399962167,12,0.542446982789747,0.678058728487184
"percentile_latbin_OLS","q95","Southern","occurrence10_k1_tropical_temperate_polar","Coldhouse","Warmhouse",4,6,-0.266258730047236,12,0.542446982789747,0.678058728487184
"percentile_latbin_OLS","q95","Southern","occurrence10_k1_tropical_temperate_polar","Transitional","Warmhouse",6,6,-0.181465790051019,20,0.65553972209777,0.728377468997522
"percentile_latbin_OLS","q95","Southern","occurrence10_k1_tropical_temperate_polar","Coldhouse","Coolhouse",4,12,0.109452375059868,31,0.818459138220785,0.818459138220785
"percentile_latbin_OLS","q95","Southern","occurrence10_k2_tropical_temperate","Coldhouse","Warmhouse",6,6,-0.6222154844175,0,0.00253743404897013,0.0126871702448506
"percentile_latbin_OLS","q95","Southern","occurrence10_k2_tropical_temperate","Coldhouse","Hothouse",6,6,-0.941484067556435,0,0.00253743404897013,0.0126871702448506
"percentile_latbin_OLS","q95","Southern","occurrence10_k2_tropical_temperate","Transitional","Warmhouse",4,6,-0.416729432832827,0,0.00710701943454103,0.0177675485863526
"percentile_latbin_OLS","q95","Southern","occurrence10_k2_tropical_temperate","Transitional","Hothouse",4,6,-0.735998015971762,0,0.00710701943454103,0.0177675485863526
"percentile_latbin_OLS","q95","Southern","occurrence10_k2_tropical_temperate","Coldhouse","Coolhouse",6,7,-0.475313031005701,9,0.0502062469930514,0.100412493986103
"percentile_latbin_OLS","q95","Southern","occurrence10_k2_tropical_temperate","Warmhouse","Hothouse",6,6,-0.319268583138936,9,0.0867427341607392,0.144571223601232
"percentile_latbin_OLS","q95","Southern","occurrence10_k2_tropical_temperate","Coolhouse","Hothouse",7,6,-0.466171036550734,12,0.11231931946189,0.160456170659843
"percentile_latbin_OLS","q95","Southern","occurrence10_k2_tropical_temperate","Coolhouse","Warmhouse",7,6,-0.146902453411798,14,0.176555617253003,0.220694521566253
"percentile_latbin_OLS","q95","Southern","occurrence10_k2_tropical_temperate","Coldhouse","Transitional",6,4,-0.205486051584673,9,0.297016170299521,0.330017966999468
"percentile_latbin_OLS","q95","Southern","occurrence10_k2_tropical_temperate","Coolhouse","Transitional",7,4,0.269826979421028,21,0.921812139120178,0.921812139120178
"percentile_latbin_OLS","q95","Southern","occurrence10_k2_tropical_temperate_polar","Coolhouse","Hothouse",3,5,-0.790394144216884,0,0.0184442128535249,0.11066527712115
"percentile_latbin_OLS","q95","Southern","occurrence10_k2_tropical_temperate_polar","Transitional","Warmhouse",2,3,-0.349777700274699,0,0.0744573365893828,0.111686004884074
"percentile_latbin_OLS","q95","Southern","occurrence10_k2_tropical_temperate_polar","Transitional","Hothouse",2,5,-0.712730183471066,0,0.0406805646170377,0.111686004884074
"percentile_latbin_OLS","q95","Southern","occurrence10_k2_tropical_temperate_polar","Warmhouse","Hothouse",3,5,-0.362952483196367,2,0.0680185640570718,0.111686004884074
"percentile_latbin_OLS","q95","Southern","occurrence10_k2_tropical_temperate_polar","Coolhouse","Warmhouse",3,3,-0.427441661020517,1,0.095215131912762,0.114258158295314
"percentile_latbin_OLS","q95","Southern","occurrence10_k2_tropical_temperate_polar","Coolhouse","Transitional",3,2,-0.0776639607458177,4,0.806761884614384,0.806761884614384
"percentile_latbin_OLS","q95","Southern","occurrence10_k2_tropical_temperate_polar","Coldhouse","Coolhouse",1,3,-0.0206409083432199,NA,NA,NA
"percentile_latbin_OLS","q95","Southern","occurrence10_k2_tropical_temperate_polar","Coldhouse","Transitional",1,2,-0.0983048690890376,NA,NA,NA
"percentile_latbin_OLS","q95","Southern","occurrence10_k2_tropical_temperate_polar","Coldhouse","Warmhouse",1,3,-0.448082569363737,NA,NA,NA
"percentile_latbin_OLS","q95","Southern","occurrence10_k2_tropical_temperate_polar","Coldhouse","Hothouse",1,5,-0.811035052560104,NA,NA,NA
"percentile_latbin_OLS","q95","Southern","occurrence10_k3_tropical_temperate","Transitional","Warmhouse",4,5,-0.362414622143674,0,0.00998222665260803,0.0455742329648662
"percentile_latbin_OLS","q95","Southern","occurrence10_k3_tropical_temperate","Transitional","Hothouse",4,4,-0.710752324113747,0,0.0151914109882887,0.0455742329648662
"percentile_latbin_OLS","q95","Southern","occurrence10_k3_tropical_temperate","Warmhouse","Hothouse",5,4,-0.348337701970074,3,0.0556734432665702,0.11134688653314
"percentile_latbin_OLS","q95","Southern","occurrence10_k3_tropical_temperate","Coolhouse","Hothouse",3,4,-0.440925344692719,3,0.188379558905791,0.282569338358687
"percentile_latbin_OLS","q95","Southern","occurrence10_k3_tropical_temperate","Coolhouse","Warmhouse",3,5,-0.0925876427226455,6,0.382797241997882,0.459356690397458
"percentile_latbin_OLS","q95","Southern","occurrence10_k3_tropical_temperate","Coolhouse","Transitional",3,4,0.269826979421028,9,0.89203753052993,0.89203753052993
"percentile_latbin_OLS","q95","Southern","occurrence10_k3_tropical_temperate","Coldhouse","Coolhouse",0,3,NA,NA,NA,NA
"percentile_latbin_OLS","q95","Southern","occurrence10_k3_tropical_temperate","Coldhouse","Transitional",0,4,NA,NA,NA,NA
"percentile_latbin_OLS","q95","Southern","occurrence10_k3_tropical_temperate","Coldhouse","Warmhouse",0,5,NA,NA,NA,NA
"percentile_latbin_OLS","q95","Southern","occurrence10_k3_tropical_temperate","Coldhouse","Hothouse",0,4,NA,NA,NA,NA
"percentile_latbin_OLS","q95","Southern","occurrence10_k3_tropical_temperate_polar","Transitional","Warmhouse",2,3,-0.349777700274699,0,0.0744573365893828,0.111686004884074
"percentile_latbin_OLS","q95","Southern","occurrence10_k3_tropical_temperate_polar","Transitional","Hothouse",2,3,-0.712730183471066,0,0.0744573365893828,0.111686004884074
"percentile_latbin_OLS","q95","Southern","occurrence10_k3_tropical_temperate_polar","Warmhouse","Hothouse",3,3,-0.362952483196367,2,0.191366544442613,0.191366544442613
"percentile_latbin_OLS","q95","Southern","occurrence10_k3_tropical_temperate_polar","Coldhouse","Coolhouse",0,1,NA,NA,NA,NA
"percentile_latbin_OLS","q95","Southern","occurrence10_k3_tropical_temperate_polar","Coldhouse","Transitional",0,2,NA,NA,NA,NA
"percentile_latbin_OLS","q95","Southern","occurrence10_k3_tropical_temperate_polar","Coldhouse","Warmhouse",0,3,NA,NA,NA,NA
"percentile_latbin_OLS","q95","Southern","occurrence10_k3_tropical_temperate_polar","Coldhouse","Hothouse",0,3,NA,NA,NA,NA
"percentile_latbin_OLS","q95","Southern","occurrence10_k3_tropical_temperate_polar","Coolhouse","Transitional",1,2,0.257190057552054,NA,NA,NA
"percentile_latbin_OLS","q95","Southern","occurrence10_k3_tropical_temperate_polar","Coolhouse","Warmhouse",1,3,-0.0925876427226455,NA,NA,NA
"percentile_latbin_OLS","q95","Southern","occurrence10_k3_tropical_temperate_polar","Coolhouse","Hothouse",1,3,-0.455540125919013,NA,NA,NA
"percentile_latbin_OLS","q95","Southern","collection5_k1_tropical_temperate","Coldhouse","Warmhouse",10,8,-0.341703329824881,14,0.0117338232380456,0.112886424060698
"percentile_latbin_OLS","q95","Southern","collection5_k1_tropical_temperate","Coldhouse","Hothouse",10,10,-0.661254505233999,23,0.0225772848121395,0.112886424060698
"percentile_latbin_OLS","q95","Southern","collection5_k1_tropical_temperate","Coldhouse","Transitional",10,8,-0.102444324462583,29,0.175423025993314,0.250604322847592
"percentile_latbin_OLS","q95","Southern","collection5_k1_tropical_temperate","Coolhouse","Warmhouse",16,8,-0.379337042866875,42,0.0939862458659149,0.250604322847592
"percentile_latbin_OLS","q95","Southern","collection5_k1_tropical_temperate","Coolhouse","Hothouse",16,10,-0.698888218275993,57,0.117839956714519,0.250604322847592
"percentile_latbin_OLS","q95","Southern","collection5_k1_tropical_temperate","Transitional","Hothouse",8,10,-0.558810180771416,28,0.153437355287375,0.250604322847592
"percentile_latbin_OLS","q95","Southern","collection5_k1_tropical_temperate","Warmhouse","Hothouse",8,10,-0.319551175409118,28,0.153437355287375,0.250604322847592
"percentile_latbin_OLS","q95","Southern","collection5_k1_tropical_temperate","Coldhouse","Coolhouse",10,16,0.0376337130419941,64,0.206986579704217,0.258733224630271
"percentile_latbin_OLS","q95","Southern","collection5_k1_tropical_temperate","Transitional","Warmhouse",8,8,-0.239259005362298,26,0.281761858238859,0.31306873137651
"percentile_latbin_OLS","q95","Southern","collection5_k1_tropical_temperate","Coolhouse","Transitional",16,8,-0.140078037504577,57,0.345299582644417,0.345299582644417
"percentile_latbin_OLS","q95","Southern","collection5_k1_tropical_temperate_polar","Coolhouse","Hothouse",10,7,-0.733967709953022,7,0.003640346121149,0.03640346121149
"percentile_latbin_OLS","q95","Southern","collection5_k1_tropical_temperate_polar","Coolhouse","Warmhouse",10,4,-0.430541158498399,8,0.0519380785315425,0.173961144332927
"percentile_latbin_OLS","q95","Southern","collection5_k1_tropical_temperate_polar","Transitional","Hothouse",5,7,-0.53502290539108,7,0.052188343299878,0.173961144332927
"percentile_latbin_OLS","q95","Southern","collection5_k1_tropical_temperate_polar","Warmhouse","Hothouse",4,7,-0.303426551454623,6,0.0781878608798223,0.195469652199556
"percentile_latbin_OLS","q95","Southern","collection5_k1_tropical_temperate_polar","Coolhouse","Transitional",10,5,-0.198944804561942,14,0.0992246517960062,0.198449303592012
"percentile_latbin_OLS","q95","Southern","collection5_k1_tropical_temperate_polar","Coldhouse","Hothouse",4,7,-0.588648614821361,9,0.197545792452075,0.329242987420125
"percentile_latbin_OLS","q95","Southern","collection5_k1_tropical_temperate_polar","Transitional","Warmhouse",5,4,-0.231596353936456,8,0.356651586939229,0.509502267056041
"percentile_latbin_OLS","q95","Southern","collection5_k1_tropical_temperate_polar","Coldhouse","Warmhouse",4,4,-0.285222063366738,7,0.442616957236601,0.553271196545751
"percentile_latbin_OLS","q95","Southern","collection5_k1_tropical_temperate_polar","Coldhouse","Transitional",4,5,-0.0536257094302812,10,0.54873837491116,0.609709305456845
"percentile_latbin_OLS","q95","Southern","collection5_k1_tropical_temperate_polar","Coldhouse","Coolhouse",4,10,0.145319095131661,30,0.931218053045048,0.931218053045048
"percentile_latbin_OLS","q95","Southern","collection5_k2_tropical_temperate","Coldhouse","Warmhouse",5,6,-0.497794367363991,0,0.00405655863278289,0.0202827931639144
"percentile_latbin_OLS","q95","Southern","collection5_k2_tropical_temperate","Coldhouse","Hothouse",5,7,-0.814271806148303,0,0.00288306045711863,0.0202827931639144
"percentile_latbin_OLS","q95","Southern","collection5_k2_tropical_temperate","Coolhouse","Hothouse",5,7,-0.795814041554296,6,0.0370176239274483,0.123392079758161
"percentile_latbin_OLS","q95","Southern","collection5_k2_tropical_temperate","Coolhouse","Warmhouse",5,6,-0.479336602769984,6,0.0603454002637228,0.133614402537716
"percentile_latbin_OLS","q95","Southern","collection5_k2_tropical_temperate","Warmhouse","Hothouse",6,7,-0.316477438784311,10,0.0668072012688581,0.133614402537716
"percentile_latbin_OLS","q95","Southern","collection5_k2_tropical_temperate","Transitional","Warmhouse",4,6,-0.364258319830806,5,0.0829032800970067,0.138172133495011
"percentile_latbin_OLS","q95","Southern","collection5_k2_tropical_temperate","Transitional","Hothouse",4,7,-0.680735758615117,7,0.109651324839659,0.156644749770942
"percentile_latbin_OLS","q95","Southern","collection5_k2_tropical_temperate","Coldhouse","Coolhouse",5,5,-0.018457764594007,8,0.201697652446314,0.252122065557893
"percentile_latbin_OLS","q95","Southern","collection5_k2_tropical_temperate","Coldhouse","Transitional",5,4,-0.133536047533185,7,0.27014568730371,0.3001618747819
"percentile_latbin_OLS","q95","Southern","collection5_k2_tropical_temperate","Coolhouse","Transitional",5,4,-0.115078282939178,9,0.45126162508884,0.45126162508884
"percentile_latbin_OLS","q95","Southern","collection5_k2_tropical_temperate_polar","Coolhouse","Hothouse",3,5,-0.790525913682556,0,0.0184442128535249,0.11066527712115
"percentile_latbin_OLS","q95","Southern","collection5_k2_tropical_temperate_polar","Transitional","Warmhouse",2,3,-0.307363744794775,0,0.0744573365893828,0.111686004884074
"percentile_latbin_OLS","q95","Southern","collection5_k2_tropical_temperate_polar","Transitional","Hothouse",2,5,-0.675447630743377,0,0.0406805646170377,0.111686004884074
"percentile_latbin_OLS","q95","Southern","collection5_k2_tropical_temperate_polar","Warmhouse","Hothouse",3,5,-0.368083885948603,2,0.0680185640570718,0.111686004884074
"percentile_latbin_OLS","q95","Southern","collection5_k2_tropical_temperate_polar","Coolhouse","Warmhouse",3,3,-0.422442027733953,1,0.095215131912762,0.114258158295314
"percentile_latbin_OLS","q95","Southern","collection5_k2_tropical_temperate_polar","Coolhouse","Transitional",3,2,-0.115078282939178,2,0.386414996342224,0.386414996342224
"percentile_latbin_OLS","q95","Southern","collection5_k2_tropical_temperate_polar","Coldhouse","Coolhouse",1,3,-0.018457764594007,NA,NA,NA
"percentile_latbin_OLS","q95","Southern","collection5_k2_tropical_temperate_polar","Coldhouse","Transitional",1,2,-0.133536047533185,NA,NA,NA
"percentile_latbin_OLS","q95","Southern","collection5_k2_tropical_temperate_polar","Coldhouse","Warmhouse",1,3,-0.44089979232796,NA,NA,NA
"percentile_latbin_OLS","q95","Southern","collection5_k2_tropical_temperate_polar","Coldhouse","Hothouse",1,5,-0.808983678276563,NA,NA,NA
"percentile_latbin_OLS","q95","Southern","collection5_k3_tropical_temperate","Transitional","Warmhouse",3,4,-0.433035314549277,0,0.0259149636089548,0.121283397555078
"percentile_latbin_OLS","q95","Southern","collection5_k3_tropical_temperate","Transitional","Hothouse",3,3,-0.768297805335002,0,0.0404277991850261,0.121283397555078
"percentile_latbin_OLS","q95","Southern","collection5_k3_tropical_temperate","Coolhouse","Hothouse",4,3,-0.651726924082105,2,0.10796246947007,0.161943704205105
"percentile_latbin_OLS","q95","Southern","collection5_k3_tropical_temperate","Warmhouse","Hothouse",4,3,-0.335262490785725,2,0.10796246947007,0.161943704205105
"percentile_latbin_OLS","q95","Southern","collection5_k3_tropical_temperate","Coolhouse","Warmhouse",4,4,-0.316464433296379,5,0.235243211029395,0.282291853235274
"percentile_latbin_OLS","q95","Southern","collection5_k3_tropical_temperate","Coolhouse","Transitional",4,3,0.116570881252898,8,0.811620441094209,0.811620441094209
"percentile_latbin_OLS","q95","Southern","collection5_k3_tropical_temperate","Coldhouse","Coolhouse",1,4,-0.0617985246751079,NA,NA,NA
"percentile_latbin_OLS","q95","Southern","collection5_k3_tropical_temperate","Coldhouse","Transitional",1,3,0.0547723565777898,NA,NA,NA
"percentile_latbin_OLS","q95","Southern","collection5_k3_tropical_temperate","Coldhouse","Warmhouse",1,4,-0.378262957971487,NA,NA,NA
"percentile_latbin_OLS","q95","Southern","collection5_k3_tropical_temperate","Coldhouse","Hothouse",1,3,-0.713525448757212,NA,NA,NA
"percentile_latbin_OLS","q95","Southern","collection5_k3_tropical_temperate_polar","Coolhouse","Hothouse",2,3,-0.651726924082105,0,0.0744573365893828,0.223372009768148
"percentile_latbin_OLS","q95","Southern","collection5_k3_tropical_temperate_polar","Transitional","Hothouse",2,3,-0.675447630743377,0,0.0744573365893828,0.223372009768148
"percentile_latbin_OLS","q95","Southern","collection5_k3_tropical_temperate_polar","Transitional","Warmhouse",2,2,-0.283703873499509,0,0.122639058403386,0.245278116806773
"percentile_latbin_OLS","q95","Southern","collection5_k3_tropical_temperate_polar","Warmhouse","Hothouse",2,3,-0.391743757243869,1,0.193238115385616,0.289857173078424
"percentile_latbin_OLS","q95","Southern","collection5_k3_tropical_temperate_polar","Coolhouse","Warmhouse",2,2,-0.259983166838236,1,0.349267679151669,0.419121214982003
"percentile_latbin_OLS","q95","Southern","collection5_k3_tropical_temperate_polar","Coolhouse","Transitional",2,2,0.0237207066612729,2,0.650732320848331,0.650732320848331
"percentile_latbin_OLS","q95","Southern","collection5_k3_tropical_temperate_polar","Coldhouse","Coolhouse",0,2,NA,NA,NA,NA
"percentile_latbin_OLS","q95","Southern","collection5_k3_tropical_temperate_polar","Coldhouse","Transitional",0,2,NA,NA,NA,NA
"percentile_latbin_OLS","q95","Southern","collection5_k3_tropical_temperate_polar","Coldhouse","Warmhouse",0,2,NA,NA,NA,NA
"percentile_latbin_OLS","q95","Southern","collection5_k3_tropical_temperate_polar","Coldhouse","Hothouse",0,3,NA,NA,NA,NA
"percentile_latbin_OLS","q95","Southern","collection10_k1_tropical_temperate","Coolhouse","Hothouse",13,8,-0.83144435768656,17,0.00623576883389379,0.031178844169469
"percentile_latbin_OLS","q95","Southern","collection10_k1_tropical_temperate","Warmhouse","Hothouse",6,8,-0.454072765649801,4,0.00591056891831115,0.031178844169469
"percentile_latbin_OLS","q95","Southern","collection10_k1_tropical_temperate","Coldhouse","Hothouse",6,8,-0.749740788291046,6,0.0119342210822872,0.0397807369409573
"percentile_latbin_OLS","q95","Southern","collection10_k1_tropical_temperate","Coldhouse","Warmhouse",6,6,-0.295668022641245,9,0.0867427341607392,0.144571223601232
"percentile_latbin_OLS","q95","Southern","collection10_k1_tropical_temperate","Coolhouse","Warmhouse",13,6,-0.377371592036759,22,0.0739280559705192,0.144571223601232
"percentile_latbin_OLS","q95","Southern","collection10_k1_tropical_temperate","Transitional","Hothouse",7,8,-0.61112362207713,14,0.0591061443898281,0.144571223601232
"percentile_latbin_OLS","q95","Southern","collection10_k1_tropical_temperate","Coolhouse","Transitional",13,7,-0.22032073560943,32,0.151468036661675,0.216382909516678
"percentile_latbin_OLS","q95","Southern","collection10_k1_tropical_temperate","Coldhouse","Transitional",6,7,-0.138617166213916,16,0.260158400253683,0.325198000317104
"percentile_latbin_OLS","q95","Southern","collection10_k1_tropical_temperate","Transitional","Warmhouse",7,6,-0.157050856427329,19,0.415162128827898,0.46129125425322
"percentile_latbin_OLS","q95","Southern","collection10_k1_tropical_temperate","Coldhouse","Coolhouse",6,13,0.0817035693955138,38,0.482510829369645,0.482510829369645
"percentile_latbin_OLS","q95","Southern","collection10_k1_tropical_temperate_polar","Coolhouse","Hothouse",8,5,-0.902417523657211,0,0.00215517924976753,0.0215517924976753
"percentile_latbin_OLS","q95","Southern","collection10_k1_tropical_temperate_polar","Coolhouse","Warmhouse",8,4,-0.671286388080441,3,0.0168761114779779,0.0614807095117498
"percentile_latbin_OLS","q95","Southern","collection10_k1_tropical_temperate_polar","Transitional","Hothouse",3,5,-0.57223693150838,0,0.0184442128535249,0.0614807095117498
"percentile_latbin_OLS","q95","Southern","collection10_k1_tropical_temperate_polar","Transitional","Warmhouse",3,4,-0.34110579593161,1,0.0558058841491461,0.111611768298292
"percentile_latbin_OLS","q95","Southern","collection10_k1_tropical_temperate_polar","Warmhouse","Hothouse",4,5,-0.23113113557677,3,0.0556734432665702,0.111611768298292
"percentile_latbin_OLS","q95","Southern","collection10_k1_tropical_temperate_polar","Coldhouse","Hothouse",4,5,-0.408393662675893,5,0.13517207032739,0.193102957610557
"percentile_latbin_OLS","q95","Southern","collection10_k1_tropical_temperate_polar","Coolhouse","Transitional",8,3,-0.330180592148831,6,0.130786118006975,0.193102957610557
"percentile_latbin_OLS","q95","Southern","collection10_k1_tropical_temperate_polar","Coldhouse","Warmhouse",4,4,-0.177262527099123,7,0.442616957236601,0.553271196545751
"percentile_latbin_OLS","q95","Southern","collection10_k1_tropical_temperate_polar","Coldhouse","Coolhouse",4,8,0.494023860981319,27,0.97460073963058,0.97460073963058
"percentile_latbin_OLS","q95","Southern","collection10_k1_tropical_temperate_polar","Coldhouse","Transitional",4,3,0.163843268832487,10,0.944194115850854,0.97460073963058
"percentile_latbin_OLS","q95","Southern","collection10_k2_tropical_temperate","Coolhouse","Warmhouse",3,5,-0.397769265367936,1,0.0368191350601513,0.110457405180454
"percentile_latbin_OLS","q95","Southern","collection10_k2_tropical_temperate","Coolhouse","Hothouse",3,4,-0.721019290503395,0,0.0259149636089548,0.110457405180454
"percentile_latbin_OLS","q95","Southern","collection10_k2_tropical_temperate","Warmhouse","Hothouse",5,4,-0.323250025135458,3,0.0556734432665702,0.11134688653314
"percentile_latbin_OLS","q95","Southern","collection10_k2_tropical_temperate","Transitional","Warmhouse",4,5,-0.274172202808608,5,0.13517207032739,0.18739285300573
"percentile_latbin_OLS","q95","Southern","collection10_k2_tropical_temperate","Transitional","Hothouse",4,4,-0.597422227944066,4,0.156160710838108,0.18739285300573
"percentile_latbin_OLS","q95","Southern","collection10_k2_tropical_temperate","Coolhouse","Transitional",3,4,-0.123597062559328,4,0.297941545282589,0.297941545282589
"percentile_latbin_OLS","q95","Southern","collection10_k2_tropical_temperate","Coldhouse","Coolhouse",1,3,-0.656676261891605,NA,NA,NA
"percentile_latbin_OLS","q95","Southern","collection10_k2_tropical_temperate","Coldhouse","Transitional",1,4,-0.780273324450934,NA,NA,NA
"percentile_latbin_OLS","q95","Southern","collection10_k2_tropical_temperate","Coldhouse","Warmhouse",1,5,-1.05444552725954,NA,NA,NA
"percentile_latbin_OLS","q95","Southern","collection10_k2_tropical_temperate","Coldhouse","Hothouse",1,4,-1.377695552395,NA,NA,NA
"percentile_latbin_OLS","q95","Southern","collection10_k2_tropical_temperate_polar","Coolhouse","Warmhouse",2,3,-0.27420025379322,1,0.193238115385616,0.193238115385616
"percentile_latbin_OLS","q95","Southern","collection10_k2_tropical_temperate_polar","Coolhouse","Hothouse",2,3,-0.6719380194545,0,0.0744573365893828,0.193238115385616
"percentile_latbin_OLS","q95","Southern","collection10_k2_tropical_temperate_polar","Warmhouse","Hothouse",3,3,-0.397737765661279,2,0.191366544442613,0.193238115385616
"percentile_latbin_OLS","q95","Southern","collection10_k2_tropical_temperate_polar","Coldhouse","Coolhouse",0,2,NA,NA,NA,NA
"percentile_latbin_OLS","q95","Southern","collection10_k2_tropical_temperate_polar","Coldhouse","Transitional",0,1,NA,NA,NA,NA
"percentile_latbin_OLS","q95","Southern","collection10_k2_tropical_temperate_polar","Coldhouse","Warmhouse",0,3,NA,NA,NA,NA
"percentile_latbin_OLS","q95","Southern","collection10_k2_tropical_temperate_polar","Coldhouse","Hothouse",0,3,NA,NA,NA,NA
"percentile_latbin_OLS","q95","Southern","collection10_k2_tropical_temperate_polar","Coolhouse","Transitional",2,1,-0.0493304950747472,NA,NA,NA
"percentile_latbin_OLS","q95","Southern","collection10_k2_tropical_temperate_polar","Transitional","Warmhouse",1,3,-0.224869758718473,NA,NA,NA
"percentile_latbin_OLS","q95","Southern","collection10_k2_tropical_temperate_polar","Transitional","Hothouse",1,3,-0.622607524379753,NA,NA,NA
"percentile_latbin_OLS","q95","Southern","collection10_k3_tropical_temperate","Transitional","Warmhouse",3,2,-0.419358781770901,0,0.0744573365893828,0.111686004884074
"percentile_latbin_OLS","q95","Southern","collection10_k3_tropical_temperate","Transitional","Hothouse",3,2,-0.58652921622369,0,0.0744573365893828,0.111686004884074
"percentile_latbin_OLS","q95","Southern","collection10_k3_tropical_temperate","Warmhouse","Hothouse",2,2,-0.167170434452789,2,0.650732320848331,0.650732320848331
"percentile_latbin_OLS","q95","Southern","collection10_k3_tropical_temperate","Coldhouse","Coolhouse",0,1,NA,NA,NA,NA
"percentile_latbin_OLS","q95","Southern","collection10_k3_tropical_temperate","Coldhouse","Transitional",0,3,NA,NA,NA,NA
"percentile_latbin_OLS","q95","Southern","collection10_k3_tropical_temperate","Coldhouse","Warmhouse",0,2,NA,NA,NA,NA
"percentile_latbin_OLS","q95","Southern","collection10_k3_tropical_temperate","Coldhouse","Hothouse",0,2,NA,NA,NA,NA
"percentile_latbin_OLS","q95","Southern","collection10_k3_tropical_temperate","Coolhouse","Transitional",1,3,0.315107091560138,NA,NA,NA
"percentile_latbin_OLS","q95","Southern","collection10_k3_tropical_temperate","Coolhouse","Warmhouse",1,2,-0.104251690210763,NA,NA,NA
"percentile_latbin_OLS","q95","Southern","collection10_k3_tropical_temperate","Coolhouse","Hothouse",1,2,-0.271422124663552,NA,NA,NA
"percentile_latbin_OLS","q95","Southern","collection10_k3_tropical_temperate_polar","Coldhouse","Coolhouse",0,1,NA,NA,NA,NA
"percentile_latbin_OLS","q95","Southern","collection10_k3_tropical_temperate_polar","Coldhouse","Transitional",0,1,NA,NA,NA,NA
"percentile_latbin_OLS","q95","Southern","collection10_k3_tropical_temperate_polar","Coldhouse","Warmhouse",0,1,NA,NA,NA,NA
"percentile_latbin_OLS","q95","Southern","collection10_k3_tropical_temperate_polar","Coldhouse","Hothouse",0,2,NA,NA,NA,NA
"percentile_latbin_OLS","q95","Southern","collection10_k3_tropical_temperate_polar","Coolhouse","Transitional",1,1,0.121659745459935,NA,NA,NA
"percentile_latbin_OLS","q95","Southern","collection10_k3_tropical_temperate_polar","Coolhouse","Warmhouse",1,1,-0.152714596122955,NA,NA,NA
"percentile_latbin_OLS","q95","Southern","collection10_k3_tropical_temperate_polar","Coolhouse","Hothouse",1,2,-0.271422124663552,NA,NA,NA
"percentile_latbin_OLS","q95","Southern","collection10_k3_tropical_temperate_polar","Transitional","Warmhouse",1,1,-0.27437434158289,NA,NA,NA
"percentile_latbin_OLS","q95","Southern","collection10_k3_tropical_temperate_polar","Transitional","Hothouse",1,2,-0.393081870123487,NA,NA,NA
"percentile_latbin_OLS","q95","Southern","collection10_k3_tropical_temperate_polar","Warmhouse","Hothouse",1,2,-0.118707528540598,NA,NA,NA
