"method_group","slope_metric","qc_name","qc_type","occurrence_min","collection_min","min_cells_per_latbin","zone_requirement","bin_midpoint","stage","era","sampling_profile_dissim","slope_Northern","slope_Southern","k_median_Northern","k_median_Southern","k_cv_Northern","k_cv_Southern","k_sample_Northern","k_sample_Southern","interval_width_Northern","interval_width_Southern","slope_diff_abs","slope_diff_signed","k_cv_diff","k_cv_diff_signed","k_median_asym","k_median_diff","k_median_diff_signed","k_sample_asym","k_sample_diff_signed","interval_width_asym","interval_width_diff_signed","mean_interval_width"
"per_cell_all_cells_OLS","all_cells_slope","occurrence5_k1_tropical_temperate","occurrence",5,NA,1,"tropical_temperate",0.00585,"Holocene","Cenozoic",0.240641711229947,-0.568098476693741,0.297135606158777,1,0,1.05709200980769,1.3906416855253,NA,NA,1.23464339336907,1.4052774228911,0.865234082852519,-0.865234082852519,0.333549675717612,-0.333549675717612,0.693147180559945,1,1,NA,NA,0.0735835896629735,-0.170634029522026,1.31996040813008
"per_cell_all_cells_OLS","all_cells_slope","occurrence5_k1_tropical_temperate","occurrence",5,NA,1,"tropical_temperate",1.29585,"Pleistocene","Cenozoic",0.217582417582418,-0.368788376823448,-0.245308467474833,3.5,1,0.747817954235568,0.956411671700011,NA,NA,0.604002163830975,0.850783048181009,0.123479909348615,-0.123479909348615,0.208593717464443,-0.208593717464443,0.810930216216329,2.5,2.5,NA,NA,0.143106960358872,-0.246780884350034,0.727392606005992
"per_cell_all_cells_OLS","all_cells_slope","occurrence5_k1_tropical_temperate","occurrence",5,NA,1,"tropical_temperate",3.09,"Piacenzian","Cenozoic",1.44444444444444,-0.898468436447571,-0.889372808241153,1,0,1.28623938856882,1.71498585142509,NA,NA,1.3669860142299,1.2132846752909,0.00909562820641885,-0.00909562820641885,0.428746462856272,-0.428746462856272,0.693147180559945,1,1,NA,NA,0.0671397313430076,0.153701338939001,1.2901353447604
"per_cell_all_cells_OLS","all_cells_slope","occurrence5_k1_tropical_temperate","occurrence",5,NA,1,"tropical_temperate",4.4665,"Zanclean","Cenozoic",0.195121951219512,-0.413120891619191,-0.593243078669378,2,0,0.849240463104524,1.56261854292219,NA,NA,0.926226560567603,2.86444772964472,0.180122187050187,0.180122187050187,0.713378079817668,-0.713378079817668,1.09861228866811,2,2,NA,NA,0.696255842547674,-1.93822116907711,1.89533714510616
"per_cell_all_cells_OLS","all_cells_slope","occurrence5_k1_tropical_temperate","occurrence",5,NA,1,"tropical_temperate",9.438,"Tortonian","Cenozoic",0.448717948717949,-0.583110271962032,-0.218561591444957,2,0,0.85617268947809,1.4142135623731,NA,NA,0.559941794986054,2.79274578472376,0.364548680517075,-0.364548680517075,0.558040872895006,-0.558040872895006,1.09861228866811,2,2,NA,NA,0.888441728582785,-2.23280398973771,1.67634378985491
"per_cell_all_cells_OLS","all_cells_slope","occurrence5_k1_tropical_temperate","occurrence",5,NA,1,"tropical_temperate",12.725,"Serravallian","Cenozoic",0.7,0.198888833534539,0.0406607192924964,1.5,0,1.12219019106464,1.87491176262966,NA,NA,0.777545102310594,1.84805189442403,0.158228114242042,0.158228114242042,0.752721571565024,-0.752721571565024,0.916290731874155,1.5,1.5,NA,NA,0.471401958352733,-1.07050679211344,1.31279849836731
"per_cell_all_cells_OLS","all_cells_slope","occurrence5_k1_tropical_temperate","occurrence",5,NA,1,"tropical_temperate",18.215,"Burdigalian","Cenozoic",0.65891472868217,0.0189254479990342,-0.078913828509768,3,0,0.826539395231907,1.8470962903656,NA,NA,0.712493359311239,0.585650810832226,0.0978392765088022,0.0978392765088022,1.02055689513369,-1.02055689513369,1.38629436111989,3,3,NA,NA,0.0769554841153833,0.126842548479013,0.649072085071732
"per_cell_all_cells_OLS","all_cells_slope","occurrence5_k1_tropical_temperate","occurrence",5,NA,1,"tropical_temperate",25.17,"Chattian","Cenozoic",0.928571428571428,-0.0463215239862326,0.391471950763659,1,0,1.08898225556764,2.5162139283084,NA,NA,1.43575493565069,1.91212635795512,0.437793474749891,-0.437793474749891,1.42723167274077,-1.42723167274077,0.693147180559945,1,1,NA,NA,0.178626777889545,-0.476371422304434,1.67394064680291
"per_cell_all_cells_OLS","all_cells_slope","occurrence5_k1_tropical_temperate","occurrence",5,NA,1,"tropical_temperate",30.6,"Rupelian","Cenozoic",0.4,0.404821200201905,0.383627197397451,1,0,1.13598775841772,2.46743496248992,NA,NA,1.11324253722344,0.756221142889196,0.021194002804453,0.021194002804453,1.33144720407221,-1.33144720407221,0.693147180559945,1,1,NA,NA,0.185059092529324,0.357021394334249,0.934731840056321
"per_cell_all_cells_OLS","all_cells_slope","occurrence5_k1_tropical_temperate","occurrence",5,NA,1,"tropical_temperate",35.805,"Priabonian","Cenozoic",0.202702702702703,0.30496231691756,0.193125616460227,1,0,1.20872094229075,2.08637033540802,NA,NA,0.899623533683575,0.831334713751526,0.111836700457332,0.111836700457332,0.877649393117277,-0.877649393117277,0.693147180559945,1,1,NA,NA,0.0366106735911299,0.0682888199320487,0.86547912371755
"per_cell_all_cells_OLS","all_cells_slope","occurrence5_k1_tropical_temperate","occurrence",5,NA,1,"tropical_temperate",39.37,"Bartonian","Cenozoic",0.8125,0.0415413886039789,-0.34869728123793,1,0,1.47397533811605,1.92506684375924,NA,NA,1.71462562228649,1.62852954114346,0.390238669841909,0.390238669841909,0.451091505643198,-0.451091505643198,0.693147180559945,1,1,NA,NA,0.0322294715359368,0.0860960811430262,1.67157758171497
"per_cell_all_cells_OLS","all_cells_slope","occurrence5_k1_tropical_temperate","occurrence",5,NA,1,"tropical_temperate",44.55,"Lutetian","Cenozoic",1.93333333333333,0.527190572983716,-0.102807838510141,1,0,1.10825777421936,1.57181049598675,NA,NA,0.998022720842919,0.649703651809767,0.629998411493857,0.629998411493857,0.463552721767393,-0.463552721767393,0.693147180559945,1,1,NA,NA,0.191562385137148,0.348319069033152,0.823863186326343
"per_cell_all_cells_OLS","all_cells_slope","occurrence5_k1_tropical_temperate","occurrence",5,NA,1,"tropical_temperate",52.035,"Ypresian","Cenozoic",2.05645161290323,0.461813735436789,0.2476748189888,1,0,1.3331139767735,1.92506684375924,NA,NA,1.52701613028458,0.20343658395691,0.214138916447989,0.214138916447989,0.591952866985741,-0.591952866985741,0.693147180559945,1,1,NA,NA,0.741857927723171,1.32357954632767,0.865226357120742
"per_cell_all_cells_OLS","all_cells_slope","occurrence5_k1_tropical_temperate","occurrence",5,NA,1,"tropical_temperate",69.1,"Maastrichtian","Mesozoic",0.576923076923077,0.252250184971876,-0.129229900294849,2,1,1.15015000076046,1.14430443886195,NA,NA,1.10822724295124,0.856414852852019,0.381480085266725,0.381480085266725,0.00584556189850916,0.00584556189850916,0.405465108108164,1,1,NA,NA,0.127200295887802,0.251812390099218,0.982321047901628
"per_cell_all_cells_OLS","all_cells_slope","occurrence5_k1_tropical_temperate","occurrence",5,NA,1,"tropical_temperate",77.9,"Campanian","Mesozoic",0.333011583011583,-0.136568795581406,0.20365193576181,3.5,0.5,0.947194270573462,1.79434887219572,NA,NA,0.688240103187893,0.582832352080293,0.340220731343216,-0.340220731343216,0.84715460162226,-0.84715460162226,1.09861228866811,3,3,NA,NA,0.0644707571854594,0.1054077511076,0.635536227634093
"per_cell_all_cells_OLS","all_cells_slope","occurrence5_k1_tropical_temperate","occurrence",5,NA,1,"tropical_temperate",87.75,"Coniacian","Mesozoic",2,-0.28649459694008,-0.406552852280248,1,0,1.33868622957292,1.78226557735801,NA,NA,1.23201569310633,2.26520897273991,0.120058255340167,0.120058255340167,0.443579347785091,-0.443579347785091,0.693147180559945,1,1,NA,NA,0.380418689126229,-1.03319327963358,1.74861233292312
"per_cell_all_cells_OLS","all_cells_slope","occurrence5_k1_tropical_temperate","occurrence",5,NA,1,"tropical_temperate",91.85,"Turonian","Mesozoic",0.257142857142857,-0.0679441058780044,-0.286826894818581,3,0,0.890283686257817,1.48715348185512,NA,NA,0.396122449251287,0.729940897602409,0.218882788940577,0.218882788940577,0.596869795597302,-0.596869795597302,1.38629436111989,3,3,NA,NA,0.214388529833623,-0.333818448351123,0.563031673426848
"per_cell_all_cells_OLS","all_cells_slope","occurrence5_k1_tropical_temperate","occurrence",5,NA,1,"tropical_temperate",97.2,"Cenomanian","Mesozoic",1.23607594936709,-0.102356178432187,0.121316761711486,3.5,1,0.925156673409692,0.8102287258764,NA,NA,0.747326357381151,0.495184832181369,0.223672940143673,-0.223672940143673,0.114927947533292,0.114927947533292,0.810930216216329,2.5,2.5,NA,NA,0.155836991116394,0.252141525199782,0.62125559478126
"per_cell_all_cells_OLS","all_cells_slope","occurrence5_k1_tropical_temperate","occurrence",5,NA,1,"tropical_temperate",106.85,"Albian","Mesozoic",0.151111111111111,-0.333097123668945,-0.0300009601961232,2,1,0.81457314697006,0.992110050821569,NA,NA,0.602083118492655,0.73127319640538,0.303096163472821,-0.303096163472821,0.17753690385151,-0.17753690385151,0.405465108108164,1,1,NA,NA,0.0775523580065724,-0.129190077912725,0.666678157449017
"per_cell_all_cells_OLS","all_cells_slope","occurrence5_k1_tropical_temperate","occurrence",5,NA,1,"tropical_temperate",117.3,"Aptian","Mesozoic",0.197368421052632,-0.133260835957528,0.0636806491537978,1.5,1,1.00008146971377,1.02899151085505,NA,NA,1.13448783743595,0.488045187596307,0.196941485111325,-0.196941485111325,0.0289100411412837,-0.0289100411412837,0.22314355131421,0.5,0.5,NA,NA,0.360763425155816,0.646442649839645,0.811266512516129
"per_cell_all_cells_OLS","all_cells_slope","occurrence5_k1_tropical_temperate","occurrence",5,NA,1,"tropical_temperate",123.585,"Barremian","Mesozoic",0.224137931034483,-0.0730035922768525,-0.00290745993536266,1,0,1.04598072650151,1.99939966980488,NA,NA,0.913365000771615,0.455417358442619,0.0700961323414898,-0.0700961323414898,0.953418943303363,-0.953418943303363,0.693147180559945,1,1,NA,NA,0.273570768670374,0.457947642328996,0.684391179607117
"per_cell_all_cells_OLS","all_cells_slope","occurrence5_k1_tropical_temperate","occurrence",5,NA,1,"tropical_temperate",129.185,"Hauterivian","Mesozoic",0.185185185185185,-0.522892928720118,-0.238833611617851,1,0,1.23669388480168,1.78226557735801,NA,NA,1.3893766542261,1.81866623620296,0.284059317102267,-0.284059317102267,0.545571692556329,-0.545571692556329,0.693147180559945,1,1,NA,NA,0.165231289386744,-0.429289581976862,1.60402144521453
"per_cell_all_cells_OLS","all_cells_slope","occurrence5_k1_tropical_temperate","occurrence",5,NA,1,"tropical_temperate",134.825,"Valanginian","Mesozoic",0.757518796992481,-0.0368080150758257,0.145836643280856,2,0,0.85801533844317,1.79434887219572,NA,NA,0.566538838415889,0.239417327413666,0.182644658356681,-0.182644658356681,0.936333533752552,-0.936333533752552,1.09861228866811,2,2,NA,NA,0.234227252284965,0.327121511002223,0.402978082914777
"per_cell_all_cells_OLS","all_cells_slope","occurrence5_k1_tropical_temperate","occurrence",5,NA,1,"tropical_temperate",146.15,"Tithonian","Mesozoic",0.191176470588235,-0.130310932050082,-0.035244936106178,1,0,0.975999386038186,1.5400534750074,NA,NA,0.878186900871397,0.497555713521209,0.0950659959439039,-0.0950659959439039,0.564054088969209,-0.564054088969209,0.693147180559945,1,1,NA,NA,0.226472642394805,0.380631187350188,0.687871307196303
"per_cell_all_cells_OLS","all_cells_slope","occurrence5_k1_tropical_temperate","occurrence",5,NA,1,"tropical_temperate",152,"Kimmeridgian","Mesozoic",0.615384615384615,-0.569228791502195,-0.219301682449374,1.5,0,1.08898225556764,1.48715348185512,NA,NA,1.12772239500281,0.957348733517953,0.349927109052821,-0.349927109052821,0.398171226287483,-0.398171226287483,0.916290731874155,1.5,1.5,NA,NA,0.0834612389385953,0.170373661484861,1.04253556426038
"per_cell_all_cells_OLS","all_cells_slope","occurrence5_k1_tropical_temperate","occurrence",5,NA,1,"tropical_temperate",158.15,"Oxfordian","Mesozoic",1.275,-0.153465786873152,-0.296141484728146,1,0.5,1.33677280885692,1.30564385739486,NA,NA,1.1520418418213,0.729293589338334,0.142675697854994,0.142675697854994,0.031128951462053,0.031128951462053,0.287682072451781,0.5,0.5,NA,NA,0.218704090077919,0.422748252482968,0.940667715579818
"per_cell_all_cells_OLS","all_cells_slope","occurrence5_k1_tropical_temperate","occurrence",5,NA,1,"tropical_temperate",163.4,"Callovian","Mesozoic",0.978260869565217,-0.876790732426884,-0.266041890624134,1,1,1.39560467837445,1.03287451148591,NA,NA,0.979809693703072,0.951109969665542,0.61074884180275,-0.61074884180275,0.362730166888539,0.362730166888539,0,0,0,NA,NA,0.014602299948567,0.0286997240375302,0.965459831684307
"per_cell_all_cells_OLS","all_cells_slope","occurrence5_k1_tropical_temperate","occurrence",5,NA,1,"tropical_temperate",166.75,"Bathonian","Mesozoic",1.61538461538462,0.120978754043698,-0.748580408763686,2,0,1.20160320712774,1.32684929954252,NA,NA,1.21235709282223,1.3391821929209,0.869559162807384,0.869559162807384,0.125246092414779,-0.125246092414779,1.09861228866811,2,2,NA,NA,0.0557428730798711,-0.126825100098668,1.27576964287157
"per_cell_all_cells_OLS","all_cells_slope","occurrence5_k1_tropical_temperate","occurrence",5,NA,1,"tropical_temperate",169.55,"Bajocian","Mesozoic",1.5,-0.186551764645685,-0.469298884073958,1,0.5,1.21608087646506,1.18222123937253,NA,NA,1.07849661207033,0.489808866822883,0.282747119428273,0.282747119428273,0.0338596370925288,0.0338596370925288,0.287682072451781,0.5,0.5,NA,NA,0.332997015292359,0.588687745247444,0.784152739446605
"per_cell_all_cells_OLS","all_cells_slope","occurrence5_k1_tropical_temperate","occurrence",5,NA,1,"tropical_temperate",179.45,"Toarcian","Mesozoic",1,-0.429751856281212,-0.393931970464419,1,0,1.28058810019184,1.32684929954252,NA,NA,0.983232783869408,0.694475484333223,0.0358198858167925,-0.0358198858167925,0.046261199350685,-0.046261199350685,0.693147180559945,1,1,NA,NA,0.157354988223277,0.288757299536186,0.838854134101315
"per_cell_all_cells_OLS","all_cells_slope","occurrence5_k1_tropical_temperate","occurrence",5,NA,1,"tropical_temperate",188.55,"Pliensbachian","Mesozoic",0.130769230769231,-0.0921475333214583,-0.47652427590158,1.5,0.5,1.04972772562527,1.14430443886195,NA,NA,0.914310264701638,1.32076036989067,0.384376742580122,0.384376742580122,0.094576713236683,-0.094576713236683,0.510825623765991,1,1,NA,NA,0.192537494960423,-0.406450105189031,1.11753531729615
"per_cell_all_cells_OLS","all_cells_slope","occurrence5_k1_tropical_temperate","occurrence",5,NA,1,"tropical_temperate",196.2,"Sinemurian","Mesozoic",0.480434782608696,0.071402131371289,-0.154980068798748,1.5,0,1.01528406600445,1.5400534750074,NA,NA,0.792801540833103,0.669255514180108,0.226382200170037,0.226382200170037,0.524769409002944,-0.524769409002944,0.916290731874155,1.5,1.5,NA,NA,0.0714017758222276,0.123546026652995,0.731028527506606
"per_cell_all_cells_OLS","all_cells_slope","occurrence5_k1_tropical_temperate","occurrence",5,NA,1,"tropical_temperate",200.45,"Hettangian","Mesozoic",0.727272727272727,0.324715927242067,0.0478821491156648,1,0.5,1.21333764274175,1.27234524442128,NA,NA,1.67065344986193,0.778766411838913,0.276833778126402,0.276833778126402,0.0590076016795298,-0.0590076016795298,0.287682072451781,0.5,0.5,NA,NA,0.406403083251813,0.891887038023016,1.22470993085042
"per_cell_all_cells_OLS","all_cells_slope","occurrence5_k1_tropical_temperate","occurrence",5,NA,1,"tropical_temperate",203.55,"Rhaetian","Mesozoic",0.727272727272727,-0.409252068728525,-0.52214608520885,0.5,0,1.55126306998506,1.54348726628258,NA,NA,1.30092211623524,0.9204478957651,0.112894016480326,0.112894016480326,0.00777580370247799,0.00777580370247799,0.405465108108164,0.5,0.5,NA,NA,0.180751524811703,0.380474220470136,1.11068500600017
"per_cell_all_cells_OLS","all_cells_slope","occurrence5_k1_tropical_temperate","occurrence",5,NA,1,"tropical_temperate",216.5,"Norian","Mesozoic",0.230769230769231,-0.600967507964267,-0.446311092274401,2,0.5,0.454700476681744,1.15044748327106,NA,NA,0.674431979516153,1.19255242404586,0.154656415689866,-0.154656415689866,0.695747006589312,-0.695747006589312,0.693147180559945,1.5,1.5,NA,NA,0.269592364546415,-0.518120444529709,0.933492201781007
"per_cell_all_cells_OLS","all_cells_slope","occurrence5_k1_tropical_temperate","occurrence",5,NA,1,"tropical_temperate",232.15,"Carnian","Mesozoic",2.18181818181818,-0.299188963412546,-0.111307934966387,1,0,0.955394632947723,1.49963534702269,NA,NA,0.621456631832875,0.277485404062683,0.187881028446158,-0.187881028446158,0.544240714074967,-0.544240714074967,0.693147180559945,1,1,NA,NA,0.238431283059368,0.343971227770192,0.449471017947779
"per_cell_all_cells_OLS","all_cells_slope","occurrence5_k1_tropical_temperate","occurrence",5,NA,1,"tropical_temperate",244.082,"Anisian","Mesozoic",0.666023166023166,-0.158986386125853,-0.0606209075580676,2,0,0.890373038279546,1.99939966980488,NA,NA,0.994537009360045,0.166875225185691,0.098365478567785,-0.098365478567785,1.10902663152533,-1.10902663152533,1.09861228866811,2,2,NA,NA,0.536082519603713,0.827661784174354,0.580706117272868
"per_cell_all_cells_OLS","all_cells_slope","occurrence5_k1_tropical_temperate","occurrence",5,NA,1,"tropical_temperate",248.3,"Olenekian","Mesozoic",0.607142857142857,-0.180680806235635,-0.451440428474326,2,1,0.791014288768464,1.12911910974246,NA,NA,0.607663813490235,0.965203182698855,0.270759622238691,0.270759622238691,0.338104820973991,-0.338104820973991,0.405465108108164,1,1,NA,NA,0.200813563154479,-0.35753936920862,0.786433498094545
"per_cell_all_cells_OLS","all_cells_slope","occurrence5_k1_tropical_temperate","occurrence",5,NA,1,"tropical_temperate",250.901,"Induan","Mesozoic",0.769230769230769,-0.199568719486672,0.505549350005869,2,1,1.01674117526194,1.04109770979986,NA,NA,0.82900607332852,0.933390529058035,0.705118069492541,-0.705118069492541,0.0243565345379189,-0.0243565345379189,0.405465108108164,1,1,NA,NA,0.055502522465711,-0.104384455729515,0.881198301193278
"per_cell_all_cells_OLS","all_cells_slope","occurrence5_k1_tropical_temperate","occurrence",5,NA,1,"tropical_temperate",253.021,"Changhsingian","Paleozoic",0.107142857142857,-0.564486991161931,0.241418339157299,1,0,1.28990912324027,1.27331203144075,NA,NA,1.03184721490254,0.845293509083319,0.805905330319231,-0.805905330319231,0.0165970917995242,0.0165970917995242,0.693147180559945,1,1,NA,NA,0.0963069890188491,0.186553705819216,0.938570361992927
"per_cell_all_cells_OLS","all_cells_slope","occurrence5_k1_tropical_temperate","occurrence",5,NA,1,"tropical_temperate",256.825,"Wuchiapingian","Paleozoic",0.278260869565218,-0.821629595037957,-0.355158095949335,2,1,1.22440435233382,0.986973984995969,NA,NA,0.988790614053947,0.612333744713437,0.466471499088623,-0.466471499088623,0.237430367337855,0.237430367337855,0.405465108108164,1,1,NA,NA,0.209844062042977,0.376456869340509,0.800562179383692
"per_cell_all_cells_OLS","all_cells_slope","occurrence5_k1_tropical_temperate","occurrence",5,NA,1,"tropical_temperate",261.895,"Capitanian","Paleozoic",0.698529411764706,-0.431872267625101,-0.156566734397933,1,1,0.996316746232607,0.992747976415659,NA,NA,0.868493713445618,0.683082356816046,0.275305533227168,-0.275305533227168,0.00356876981694787,0.00356876981694787,0,0,0,NA,NA,0.104505756902528,0.185411356629571,0.775788035130832
"per_cell_all_cells_OLS","all_cells_slope","occurrence5_k1_tropical_temperate","occurrence",5,NA,1,"tropical_temperate",265.59,"Wordian","Paleozoic",0.419790104947526,-0.19473900698368,-0.265409970842257,1,1,0.840565011483328,0.906714131847329,NA,NA,0.232634594571779,0.526541888865506,0.0706709638585769,0.0706709638585769,0.0661491203640009,-0.0661491203640009,0,0,0,NA,NA,0.213851148440519,-0.293907294293728,0.379588241718642
"per_cell_all_cells_OLS","all_cells_slope","occurrence5_k1_tropical_temperate","occurrence",5,NA,1,"tropical_temperate",270.65,"Roadian","Paleozoic",1.09285714285714,-0.497299209818183,-0.0783041356451824,1.5,1,0.647462495495476,1.03943839301286,NA,NA,0.653714285577882,0.379060048339797,0.418995074173,-0.418995074173,0.39197589751738,-0.39197589751738,0.22314355131421,0.5,0.5,NA,NA,0.181621697484328,0.274654237238086,0.516387166958839
"per_cell_all_cells_OLS","all_cells_slope","occurrence5_k1_tropical_temperate","occurrence",5,NA,1,"tropical_temperate",278.85,"Kungurian","Paleozoic",0.647522522522522,-0.34025047311902,-0.129705931413261,2,1.5,0.825463780220329,1.09812674721144,NA,NA,0.560815293337441,0.553880549651307,0.210544541705759,-0.210544541705759,0.27266296699111,-0.27266296699111,0.182321556793955,0.5,0.5,NA,NA,0.00445292606054394,0.00693474368613389,0.557347921494374
"per_cell_all_cells_OLS","all_cells_slope","occurrence5_k1_tropical_temperate","occurrence",5,NA,1,"tropical_temperate",286.7,"Artinskian","Paleozoic",1.05747126436782,-0.955087677516572,-0.170895720745079,1,1,1.29741674135237,1.39579199529072,NA,NA,1.78799027745538,0.42741327208249,0.784191956771493,-0.784191956771493,0.0983752539383447,-0.0983752539383447,0,0,0,NA,NA,0.66945710001556,1.36057700537289,1.10770177476893
"per_cell_all_cells_OLS","all_cells_slope","occurrence5_k1_tropical_temperate","occurrence",5,NA,1,"tropical_temperate",291.81,"Sakmarian","Paleozoic",0.594982078853047,-0.103552653273505,-0.0735000517898535,1,1.5,1.03113078865462,1.01459931239178,NA,NA,0.72392425272874,0.630311743267195,0.0300526014836512,-0.0300526014836512,0.0165314762628368,0.0165314762628368,0.22314355131421,0.5,-0.5,NA,NA,0.0558319842737599,0.0936125094615453,0.677117997997968
"per_cell_all_cells_OLS","all_cells_slope","occurrence5_k1_tropical_temperate","occurrence",5,NA,1,"tropical_temperate",296.21,"Asselian","Paleozoic",1.25,-0.173913286832005,-0.5350407217237,1,1,1.34164078649987,1.13759291798904,NA,NA,1.11068017004931,0.986826986723325,0.361127434891695,0.361127434891695,0.204047868510832,0.204047868510832,0,0,0,NA,NA,0.0604713638478828,0.123853183325983,1.04875357838632
"per_cell_all_cells_OLS","all_cells_slope","occurrence5_k1_tropical_temperate","occurrence",5,NA,1,"tropical_temperate",301.3,"Gzhelian","Paleozoic",1.55555555555556,-0.884211710423129,-1.72821626625684,0,0,1.4142135623731,2.40880736904728,NA,NA,1.37109540586546,2.46208547986934,0.844004555833709,0.844004555833709,0.994593806674183,-0.994593806674183,0,0,0,NA,NA,0.37851910240675,-1.09099007400389,1.9165904428674
"per_cell_all_cells_OLS","all_cells_slope","occurrence5_k1_tropical_temperate","occurrence",5,NA,1,"tropical_temperate",311.1,"Moscovian","Paleozoic",0.0326797385620915,-1.64077295664169,-0.595154526043153,0,0,1.23669388480168,1.83293700111903,NA,NA,3.10071716330733,1.22384587258773,1.04561843059854,-1.04561843059854,0.59624311631735,-0.59624311631735,0,0,0,NA,NA,0.611923804200908,1.8768712907196,2.16228151794753
"per_cell_all_cells_OLS","all_cells_slope","occurrence5_k1_tropical_temperate","occurrence",5,NA,1,"tropical_temperate",319.3,"Bashkirian","Paleozoic",0.55,-0.454870091317014,-0.383079510079784,0,0,1.44058811519707,1.32842232831014,NA,NA,1.40841597864528,1.05524492619411,0.0717905812372296,-0.0717905812372296,0.112165786886931,0.112165786886931,0,0,0,NA,NA,0.158574234792007,0.353171052451167,1.23183045241969
"per_cell_all_cells_OLS","all_cells_slope","occurrence5_k1_tropical_temperate","occurrence",5,NA,1,"tropical_temperate",326.85,"Serpukhovian","Paleozoic",1.19327731092437,-1.00746155533206,-1.21549823118456,0,1,1.51805740006635,1.25595818894936,NA,NA,1.42777599001959,2.09669158335613,0.208036675852505,0.208036675852505,0.262099211116986,0.262099211116986,0.693147180559945,1,-1,NA,NA,0.243358702590221,-0.668915593336545,1.76223378668786
"per_cell_all_cells_OLS","all_cells_slope","occurrence5_k1_tropical_temperate","occurrence",5,NA,1,"tropical_temperate",365.505,"Famennian","Paleozoic",1.375,0.914678860537638,-0.387735123736578,0,1.5,2.2129299183502,1.1176228712553,NA,NA,2.98761908981027,1.71643797083672,1.30241398427422,1.30241398427422,1.0953070470949,1.0953070470949,0.916290731874155,1.5,-1.5,NA,NA,0.383872880921107,1.27118111897356,2.35202853032349
"per_cell_all_cells_OLS","all_cells_slope","occurrence5_k1_tropical_temperate","occurrence",5,NA,1,"tropical_temperate",377.23,"Frasnian","Paleozoic",0.4375,0.328627372714316,-0.109616755600258,0,3,2.66631650362049,0.760949484293839,NA,NA,2.0844571370063,1.06817119149214,0.438244128314573,0.438244128314573,1.90536701932665,1.90536701932665,1.38629436111989,3,-3,NA,NA,0.39971093891181,1.01628594551416,1.57631416424922
"per_cell_all_cells_OLS","all_cells_slope","occurrence5_k1_tropical_temperate","occurrence",5,NA,1,"tropical_temperate",385.13,"Givetian","Paleozoic",0.803571428571429,0.0731254752435228,-0.343015025935527,0,2,2.18529407725405,0.915060071237724,NA,NA,1.82014759457287,0.816586990944214,0.41614050117905,0.41614050117905,1.27023400601633,1.27023400601633,1.09861228866811,2,-2,NA,NA,0.439829761232029,1.00356060362865,1.31836729275854
"per_cell_all_cells_OLS","all_cells_slope","occurrence5_k1_tropical_temperate","occurrence",5,NA,1,"tropical_temperate",402.045,"Emsian","Paleozoic",1.41289893617021,-0.524630857073742,-0.12715947039532,0,3,1.48892973800172,0.559461911139841,NA,NA,0.969066979149167,0.654797303407657,0.397471386678422,-0.397471386678422,0.929467826861883,0.929467826861883,1.38629436111989,3,-3,NA,NA,0.17388128986803,0.31426967574151,0.811932141278412
"per_cell_all_cells_OLS","all_cells_slope","occurrence5_k1_tropical_temperate","occurrence",5,NA,1,"tropical_temperate",423.85,"Ludfordian","Paleozoic",1.1437908496732,-0.392784157699918,-0.101983141937186,0,1,1.57181049598675,1.33301102013774,NA,NA,1.37828735547693,1.47801232650699,0.290801015762732,-0.290801015762732,0.238799475849007,0.238799475849007,0.693147180559945,1,-1,NA,NA,0.0410761274629182,-0.0997249710300541,1.42814984099196
"per_cell_all_cells_OLS","all_cells_slope","occurrence5_k1_tropical_temperate","occurrence",5,NA,1,"tropical_temperate",428.65,"Homerian","Paleozoic",0.265909090909091,-0.137925051480166,0.581259172648088,0,0.5,1.49963534702269,1.26862593569022,NA,NA,0.820958314881668,1.42666413113323,0.719184224128254,-0.719184224128254,0.231009411332471,0.231009411332471,0.405465108108164,0.5,-0.5,NA,NA,0.287154619527316,-0.605705816251565,1.12381122300745
"per_cell_all_cells_OLS","all_cells_slope","occurrence5_k1_tropical_temperate","occurrence",5,NA,1,"tropical_temperate",435.75,"Telychian","Paleozoic",0.433333333333333,-0.492108794274014,0.136435438359368,1,1,1.10825777421936,1.40928253772803,NA,NA,2.44049969634796,2.28451170720527,0.628544232633382,-0.628544232633382,0.301024763508667,-0.301024763508667,0,0,0,NA,NA,0.0463987236784965,0.155987989142687,2.36250570177662
"per_cell_all_cells_OLS","all_cells_slope","occurrence5_k1_tropical_temperate","occurrence",5,NA,1,"tropical_temperate",441.8,"Rhuddanian","Paleozoic",1.75,-0.143414515043524,0.49085918143363,0,0,2.06824733985651,1.6007351252398,NA,NA,2.71399475214062,3.00835252568904,0.634273696477154,-0.634273696477154,0.467512214616712,0.467512214616712,0,0,0,NA,NA,0.0762722654903366,-0.294357773548423,2.86117363891483
"per_cell_all_cells_OLS","all_cells_slope","occurrence5_k1_tropical_temperate","occurrence",5,NA,1,"tropical_temperate",463.8,"Darriwilian","Paleozoic",0.119298245614035,-0.194142953817603,0.0994803196514304,0,2.5,1.63022914304202,0.695665014652904,NA,NA,1.24514193822126,0.40892239187455,0.293623273469033,-0.293623273469033,0.934564128389119,0.934564128389119,1.25276296849537,2.5,-2.5,NA,NA,0.465943592235852,0.836219546346707,0.827032165047904
"per_cell_all_cells_OLS","all_cells_slope","occurrence5_k1_tropical_temperate","occurrence",5,NA,1,"tropical_temperate",474.2,"Floian","Paleozoic",0.0526315789473684,-0.454297116899212,0.406104575939012,0,2,1.57429655605513,0.59920566185447,NA,NA,1.93275265338238,0.677607997050026,0.860401692838224,-0.860401692838224,0.975090894200659,0.975090894200659,1.09861228866811,2,-2,NA,NA,0.5585724865924,1.25514465633235,1.3051803252162
"per_cell_all_cells_OLS","all_cells_slope","occurrence10_k1_tropical_temperate","occurrence",10,NA,1,"tropical_temperate",0.00585,"Holocene","Cenozoic",0.288235294117647,-0.568098476693741,0.310982992361871,1,0,1.05709200980769,1.5400534750074,NA,NA,1.23464339336907,1.35521835791018,0.879081469055613,-0.879081469055613,0.482961465199703,-0.482961465199703,0.693147180559945,1,1,NA,NA,0.0525517843553967,-0.120574964541107,1.29493087563963
"per_cell_all_cells_OLS","all_cells_slope","occurrence10_k1_tropical_temperate","occurrence",10,NA,1,"tropical_temperate",1.29585,"Pleistocene","Cenozoic",0.25494071146245,-0.388270227865003,-0.214460528008229,3,1,0.75418134375678,0.997383433233078,NA,NA,0.632509471968513,0.897630633629034,0.173809699856774,-0.173809699856774,0.243202089476298,-0.243202089476298,0.693147180559945,2,2,NA,NA,0.150487688768942,-0.265121161660521,0.765070052798773
"per_cell_all_cells_OLS","all_cells_slope","occurrence10_k1_tropical_temperate","occurrence",10,NA,1,"tropical_temperate",3.09,"Piacenzian","Cenozoic",1.85714285714286,-0.886299975403102,-0.791783879074797,1,0,1.22440435233382,1.79434887219572,NA,NA,1.35623283238789,1.33126735802684,0.094516096328305,-0.094516096328305,0.569944519861898,-0.569944519861898,0.693147180559945,1,1,NA,NA,0.0106520360137534,0.0249654743610583,1.34375009520736
"per_cell_all_cells_OLS","all_cells_slope","occurrence10_k1_tropical_temperate","occurrence",10,NA,1,"tropical_temperate",4.4665,"Zanclean","Cenozoic",0.216216216216216,-0.376673348800084,-0.593243078669378,1.5,0,0.92111399659049,1.56261854292219,NA,NA,0.941657141168365,2.86444772964472,0.216569729869295,0.216569729869295,0.641504546331702,-0.641504546331702,0.916290731874155,1.5,1.5,NA,NA,0.688276976763299,-1.92279058847635,1.90305243540654
"per_cell_all_cells_OLS","all_cells_slope","occurrence10_k1_tropical_temperate","occurrence",10,NA,1,"tropical_temperate",9.438,"Tortonian","Cenozoic",0.532094594594595,-0.558614739973241,-0.52666940584394,2,0,0.825463780220329,1.58578241961277,NA,NA,0.564510033424516,3.03075456358592,0.0319453341293013,-0.0319453341293013,0.760318639392444,-0.760318639392444,1.09861228866811,2,2,NA,NA,0.946380897764767,-2.4662445301614,1.79763229850522
"per_cell_all_cells_OLS","all_cells_slope","occurrence10_k1_tropical_temperate","occurrence",10,NA,1,"tropical_temperate",12.725,"Serravallian","Cenozoic",0.7,0.171182877168867,0.0406607192924964,1,0,1.18817705157201,1.87491176262966,NA,NA,0.822772436205703,1.84805189442403,0.130522157876371,0.130522157876371,0.686734711057651,-0.686734711057651,0.693147180559945,1,1,NA,NA,0.446276556125021,-1.02527945821833,1.33541216531487
"per_cell_all_cells_OLS","all_cells_slope","occurrence10_k1_tropical_temperate","occurrence",10,NA,1,"tropical_temperate",18.215,"Burdigalian","Cenozoic",0.8125,0.0327039783451915,-0.102281099072965,2,0,0.839117183150735,1.7583414645291,NA,NA,0.737209481903323,0.650369877760418,0.134985077418156,0.134985077418156,0.919224281378369,-0.919224281378369,1.09861228866811,2,2,NA,NA,0.051280648686426,0.0868396041429049,0.693789679831871
"per_cell_all_cells_OLS","all_cells_slope","occurrence10_k1_tropical_temperate","occurrence",10,NA,1,"tropical_temperate",30.6,"Rupelian","Cenozoic",0.21875,0.230783116379786,0.383627197397451,1,0,1.2586100526795,2.46743496248992,NA,NA,1.2896638728587,0.756221142889196,0.152844081017666,-0.152844081017666,1.20882490981043,-1.20882490981043,0.693147180559945,1,1,NA,NA,0.265240603511992,0.5334427299695,1.02294250787395
"per_cell_all_cells_OLS","all_cells_slope","occurrence10_k1_tropical_temperate","occurrence",10,NA,1,"tropical_temperate",35.805,"Priabonian","Cenozoic",0.67741935483871,0.331658099439251,0.193125616460227,1,0,1.1917263902382,2.08637033540802,NA,NA,1.04035634594131,0.831334713751526,0.138532482979024,0.138532482979024,0.894643945169818,-0.894643945169818,0.693147180559945,1,1,NA,NA,0.108079419202085,0.209021632189785,0.935845529846419
"per_cell_all_cells_OLS","all_cells_slope","occurrence10_k1_tropical_temperate","occurrence",10,NA,1,"tropical_temperate",44.55,"Lutetian","Cenozoic",2.22782258064516,0.497397366738814,-0.0534348153337803,1,0,1.17496690340305,1.76360259629177,NA,NA,1.16870272506347,0.742914211577522,0.550832182072594,0.550832182072594,0.588635692888717,-0.588635692888717,0.693147180559945,1,1,NA,NA,0.218570619738249,0.42578851348595,0.955808468320497
"per_cell_all_cells_OLS","all_cells_slope","occurrence10_k1_tropical_temperate","occurrence",10,NA,1,"tropical_temperate",52.035,"Ypresian","Cenozoic",2.04310344827586,0.60039279766534,0.2476748189888,0.5,0,1.39829730889478,1.92506684375924,NA,NA,1.55576478583664,0.20343658395691,0.35271797867654,0.35271797867654,0.526769534864461,-0.526769534864461,0.405465108108164,0.5,0.5,NA,NA,0.753170224122181,1.35232820187973,0.879600684896777
"per_cell_all_cells_OLS","all_cells_slope","occurrence10_k1_tropical_temperate","occurrence",10,NA,1,"tropical_temperate",69.1,"Maastrichtian","Mesozoic",0.636363636363636,0.0823517822136257,-0.074477602818495,1.5,0.5,1.21381905143008,1.27234524442128,NA,NA,1.32118775840078,0.893094847617163,0.156829385032121,0.156829385032121,0.0585261929912035,-0.0585261929912035,0.510825623765991,1,1,NA,NA,0.203866044131217,0.428092910783615,1.10714130300897
"per_cell_all_cells_OLS","all_cells_slope","occurrence10_k1_tropical_temperate","occurrence",10,NA,1,"tropical_temperate",77.9,"Campanian","Mesozoic",0.516304347826087,-0.166446364999841,0.144706000980243,3,0,0.960581943041999,2.12132034355964,NA,NA,0.746493597003583,0.689816077565796,0.311152365980084,-0.311152365980084,1.16073840051764,-1.16073840051764,1.38629436111989,3,3,NA,NA,0.0329904259006985,0.0566775194377878,0.71815483728469
"per_cell_all_cells_OLS","all_cells_slope","occurrence10_k1_tropical_temperate","occurrence",10,NA,1,"tropical_temperate",87.75,"Coniacian","Mesozoic",1.83333333333333,-0.294500572530954,-0.406552852280248,0.5,0,1.48279448063065,1.78226557735801,NA,NA,1.8545020085172,2.26520897273991,0.112052279749294,0.112052279749294,0.299471096727365,-0.299471096727365,0.405465108108164,0.5,0.5,NA,NA,0.134426364528387,-0.410706964222711,2.05985549062855
"per_cell_all_cells_OLS","all_cells_slope","occurrence10_k1_tropical_temperate","occurrence",10,NA,1,"tropical_temperate",91.85,"Turonian","Mesozoic",0.157407407407407,-0.020285994000415,-0.304237761242681,1.5,0,1.05409255338946,1.54348726628258,NA,NA,0.528324854938009,0.71350678341248,0.283951767242267,0.283951767242267,0.48939471289312,-0.48939471289312,0.916290731874155,1.5,1.5,NA,NA,0.114369751582682,-0.185181928474471,0.620915819175244
"per_cell_all_cells_OLS","all_cells_slope","occurrence10_k1_tropical_temperate","occurrence",10,NA,1,"tropical_temperate",97.2,"Cenomanian","Mesozoic",1.30769230769231,-0.0360251215641368,0.243941733650303,2,1,0.958958319436484,1.04109770979986,NA,NA,0.877558210417827,0.659261334630359,0.27996685521444,-0.27996685521444,0.0821393903633716,-0.0821393903633716,0.405465108108164,1,1,NA,NA,0.123599584195232,0.218296875787468,0.768409772524093
"per_cell_all_cells_OLS","all_cells_slope","occurrence10_k1_tropical_temperate","occurrence",10,NA,1,"tropical_temperate",106.85,"Albian","Mesozoic",0.157065217391304,-0.349194776214092,-0.0591305159409819,2,1,0.733043614784598,0.997383433233078,NA,NA,0.619102967697742,0.763000787495131,0.29006426027311,-0.29006426027311,0.26433981844848,-0.26433981844848,0.405465108108164,1,1,NA,NA,0.0851450778552929,-0.143897819797389,0.691051877596436
"per_cell_all_cells_OLS","all_cells_slope","occurrence10_k1_tropical_temperate","occurrence",10,NA,1,"tropical_temperate",117.3,"Aptian","Mesozoic",0.240147783251232,-0.00439255172607758,0.0196812550313946,1,1,1.22555841361972,1.12911910974246,NA,NA,1.63471320522411,0.530551122934297,0.0240738067574721,-0.0240738067574721,0.0964393038772697,0.0964393038772697,0,0,0,NA,NA,0.543146453935528,1.10416208228982,1.0826321640792
"per_cell_all_cells_OLS","all_cells_slope","occurrence10_k1_tropical_temperate","occurrence",10,NA,1,"tropical_temperate",123.585,"Barremian","Mesozoic",0.260869565217391,-0.129177970492862,-0.0251779926558864,1,0,1.06718592572556,1.78226557735801,NA,NA,1.12317260358631,0.491927488958844,0.103999977836976,-0.103999977836976,0.715079651632454,-0.715079651632454,0.693147180559945,1,1,NA,NA,0.352842580445662,0.63124511462747,0.807550046272578
"per_cell_all_cells_OLS","all_cells_slope","occurrence10_k1_tropical_temperate","occurrence",10,NA,1,"tropical_temperate",129.185,"Hauterivian","Mesozoic",0.208333333333333,-0.242571326005357,-0.134619546603151,1,0,1.3853222177742,2.06824733985651,NA,NA,1.71358066315316,1.86221119792194,0.107951779402206,-0.107951779402206,0.682925122082312,-0.682925122082312,0.693147180559945,1,1,NA,NA,0.0533254315464458,-0.148630534768779,1.78789593053755
"per_cell_all_cells_OLS","all_cells_slope","occurrence10_k1_tropical_temperate","occurrence",10,NA,1,"tropical_temperate",134.825,"Valanginian","Mesozoic",0.191176470588235,-0.0241189760446457,0.216024738247583,2,0,0.849563770198344,2.06824733985651,NA,NA,0.621548888057738,0.960462789360586,0.240143714292228,-0.240143714292228,1.21868356965817,-1.21868356965817,1.09861228866811,2,2,NA,NA,0.189798766184313,-0.338913901302848,0.791005838709162
"per_cell_all_cells_OLS","all_cells_slope","occurrence10_k1_tropical_temperate","occurrence",10,NA,1,"tropical_temperate",146.15,"Tithonian","Mesozoic",0.377777777777778,-0.115186572440116,-0.035244936106178,1,0,1.10258164074585,1.5400534750074,NA,NA,1.20164783719227,0.497555713521209,0.0799416363339376,-0.0799416363339376,0.437471834261548,-0.437471834261548,0.693147180559945,1,1,NA,NA,0.385371842226545,0.704092123671059,0.849601775356739
"per_cell_all_cells_OLS","all_cells_slope","occurrence10_k1_tropical_temperate","occurrence",10,NA,1,"tropical_temperate",152,"Kimmeridgian","Mesozoic",0.666666666666667,-0.492368051614213,-0.204768356733298,1,0,1.1879393923934,1.36122781945955,NA,NA,1.35055137374854,0.963801015236291,0.287599694880915,-0.287599694880915,0.173288427066145,-0.173288427066145,0.693147180559945,1,1,NA,NA,0.179768039034148,0.386750358512251,1.15717619449242
"per_cell_all_cells_OLS","all_cells_slope","occurrence10_k1_tropical_temperate","occurrence",10,NA,1,"tropical_temperate",158.15,"Oxfordian","Mesozoic",1.275,-0.129946724691754,-0.296141484728146,1,0.5,1.37198868114007,1.30564385739486,NA,NA,1.31534866626422,0.729293589338334,0.166194760036391,0.166194760036391,0.0663448237452062,0.0663448237452062,0.287682072451781,0.5,0.5,NA,NA,0.29184729271647,0.586055076925886,1.02232112780128
"per_cell_all_cells_OLS","all_cells_slope","occurrence10_k1_tropical_temperate","occurrence",10,NA,1,"tropical_temperate",163.4,"Callovian","Mesozoic",1.02272727272727,-1.04601960495528,-0.265052870098246,0.5,1,1.47314313795709,0.994393618223213,NA,NA,1.23437651391754,0.924817725795564,0.780966734857029,-0.780966734857029,0.478749519733877,0.478749519733877,0.287682072451781,0.5,-0.5,NA,NA,0.149130949099348,0.309558788121974,1.07959711985655
"per_cell_all_cells_OLS","all_cells_slope","occurrence10_k1_tropical_temperate","occurrence",10,NA,1,"tropical_temperate",166.75,"Bathonian","Mesozoic",1.75,-0.0300317089708164,-0.820603596173026,1,0,1.28364907976135,1.36122781945955,NA,NA,1.39381060887247,1.31589274736675,0.79057188720221,0.79057188720221,0.0775787396981977,-0.0775787396981977,0.693147180559945,1,1,NA,NA,0.0330912440483926,0.0779178615057177,1.35485167811961
"per_cell_all_cells_OLS","all_cells_slope","occurrence10_k1_tropical_temperate","occurrence",10,NA,1,"tropical_temperate",169.55,"Bajocian","Mesozoic",1.73076923076923,-0.0330450167339388,-0.49837305265491,1,0,1.33309017390599,1.32684929954252,NA,NA,1.64958769134842,0.656223257056228,0.465328035920971,0.465328035920971,0.00624087436346832,0.00624087436346832,0.693147180559945,1,1,NA,NA,0.469864175783625,0.993364434292195,1.15290547420233
"per_cell_all_cells_OLS","all_cells_slope","occurrence10_k1_tropical_temperate","occurrence",10,NA,1,"tropical_temperate",179.45,"Toarcian","Mesozoic",0.923076923076923,-0.0724142286594929,-0.393931970464419,1,0,1.41088207703341,1.32684929954252,NA,NA,1.49389331525313,0.694475484333223,0.321517741804926,0.321517741804926,0.08403277749089,0.08403277749089,0.693147180559945,1,1,NA,NA,0.386471825608101,0.799417830919909,1.09418439979318
"per_cell_all_cells_OLS","all_cells_slope","occurrence10_k1_tropical_temperate","occurrence",10,NA,1,"tropical_temperate",188.55,"Pliensbachian","Mesozoic",0.140350877192982,0.041261109595323,-0.733297047287352,1,0,1.07362957427915,1.26025207562521,NA,NA,0.951032575623555,1.22602881492929,0.774558156882675,0.774558156882675,0.186622501346061,-0.186622501346061,0.693147180559945,1,1,NA,NA,0.131860439094687,-0.274996239305735,1.08853069527642
"per_cell_all_cells_OLS","all_cells_slope","occurrence10_k1_tropical_temperate","occurrence",10,NA,1,"tropical_temperate",196.2,"Sinemurian","Mesozoic",0.611111111111111,0.131412788615695,0.0688884131283093,1.5,0,1.11143786045242,1.56261854292219,NA,NA,0.92898853661601,0.671385308241222,0.062524375487386,0.062524375487386,0.451180682469769,-0.451180682469769,0.916290731874155,1.5,1.5,NA,NA,0.143342982794483,0.257603228374789,0.800186922428616
"per_cell_all_cells_OLS","all_cells_slope","occurrence10_k1_tropical_temperate","occurrence",10,NA,1,"tropical_temperate",200.45,"Hettangian","Mesozoic",0.304347826086956,0.434507664799196,-0.0320385502949906,1,0,1.25348396942421,1.76360259629177,NA,NA,1.66714389990949,0.970890369419397,0.466546215094186,0.466546215094186,0.510118626867559,-0.510118626867559,0.693147180559945,1,1,NA,NA,0.302522794648775,0.696253530490091,1.31901713466444
"per_cell_all_cells_OLS","all_cells_slope","occurrence10_k1_tropical_temperate","occurrence",10,NA,1,"tropical_temperate",203.55,"Rhaetian","Mesozoic",0.260526315789474,-0.334676659552096,-0.859575324797157,0.5,0,1.63999626415914,1.77034393468016,NA,NA,1.50618823282455,0.667480765863349,0.524898665245061,0.524898665245061,0.130347670521022,-0.130347670521022,0.405465108108164,0.5,0.5,NA,NA,0.407449002485524,0.838707466961204,1.08683449934395
"per_cell_all_cells_OLS","all_cells_slope","occurrence10_k1_tropical_temperate","occurrence",10,NA,1,"tropical_temperate",216.5,"Norian","Mesozoic",0.272727272727273,-0.652843420297523,-0.446311092274401,2,0.5,0.598978225751694,1.15044748327106,NA,NA,0.791901990571492,1.19255242404586,0.206532328023122,-0.206532328023122,0.551469257519361,-0.551469257519361,0.693147180559945,1.5,1.5,NA,NA,0.201788735308006,-0.400650433474369,0.992227207308677
"per_cell_all_cells_OLS","all_cells_slope","occurrence10_k1_tropical_temperate","occurrence",10,NA,1,"tropical_temperate",232.15,"Carnian","Mesozoic",1.875,-0.466598559959888,-0.145214283088309,1,0,1.07016732488022,1.58578241961277,NA,NA,0.96193767033216,0.361086106505604,0.321384276871579,-0.321384276871579,0.515615094732549,-0.515615094732549,0.693147180559945,1,1,NA,NA,0.365649603449179,0.600851563826556,0.661511888418882
"per_cell_all_cells_OLS","all_cells_slope","occurrence10_k1_tropical_temperate","occurrence",10,NA,1,"tropical_temperate",244.082,"Anisian","Mesozoic",0.961538461538461,-0.0472204252305743,-0.0452872341148434,1,0,1.01365545896441,1.78226557735801,NA,NA,1.25175406456858,0.194000323038855,0.00193319111573083,-0.00193319111573083,0.768610118393608,-0.768610118393608,0.693147180559945,1,1,NA,NA,0.634400211228886,1.05775374152972,0.722877193803716
"per_cell_all_cells_OLS","all_cells_slope","occurrence10_k1_tropical_temperate","occurrence",10,NA,1,"tropical_temperate",248.3,"Olenekian","Mesozoic",0.607142857142857,-0.198706846027561,-0.451440428474326,2,1,0.808388920668031,1.12911910974246,NA,NA,0.621542317434306,0.965203182698855,0.252733582446765,0.252733582446765,0.320730189074425,-0.320730189074425,0.405465108108164,1,1,NA,NA,0.192217896707101,-0.343660865264549,0.793372750066581
"per_cell_all_cells_OLS","all_cells_slope","occurrence10_k1_tropical_temperate","occurrence",10,NA,1,"tropical_temperate",250.901,"Induan","Mesozoic",0.946969696969697,-0.272751648412789,0.433047590510852,2,0,0.939336436627724,1.27234524442128,NA,NA,0.86215483547789,1.05538476302331,0.705799238923641,-0.705799238923641,0.33300880779356,-0.33300880779356,1.09861228866811,2,2,NA,NA,0.0987287321733492,-0.193229927545416,0.958769799250598
"per_cell_all_cells_OLS","all_cells_slope","occurrence10_k1_tropical_temperate","occurrence",10,NA,1,"tropical_temperate",253.021,"Changhsingian","Paleozoic",0.0982142857142857,-0.834382215175481,0.168485958102852,0,0,1.5,1.28990912324027,NA,NA,2.36471161794414,0.855762363940133,1.00286817327833,-1.00286817327833,0.210090876759728,0.210090876759728,0,0,0,NA,NA,0.595046669465405,1.50894925400401,1.61023699094214
"per_cell_all_cells_OLS","all_cells_slope","occurrence10_k1_tropical_temperate","occurrence",10,NA,1,"tropical_temperate",256.825,"Wuchiapingian","Paleozoic",0.38804347826087,-1.01122004775351,-0.292030734669555,2,1,1.28726796881202,1.06718592572556,NA,NA,1.27906857635899,0.687284779223014,0.719189313083954,-0.719189313083954,0.220082043086456,0.220082043086456,0.405465108108164,1,1,NA,NA,0.300646242966235,0.591783797135971,0.983176677791
"per_cell_all_cells_OLS","all_cells_slope","occurrence10_k1_tropical_temperate","occurrence",10,NA,1,"tropical_temperate",261.895,"Capitanian","Paleozoic",0.763157894736842,-0.445031357923465,-0.133094709380908,1,1,1.23616673478421,1.21218305346265,NA,NA,1.10643122229723,0.691271247149884,0.311936648542558,-0.311936648542558,0.0239836813215595,0.0239836813215595,0,0,0,NA,NA,0.219514688267261,0.415159975147348,0.898851234723558
"per_cell_all_cells_OLS","all_cells_slope","occurrence10_k1_tropical_temperate","occurrence",10,NA,1,"tropical_temperate",265.59,"Wordian","Paleozoic",0.501012145748988,-0.176483659205721,-0.289184980242727,1,1,1.00008146971377,0.926464372710492,NA,NA,0.285609608939085,0.550479623727537,0.112701321037006,0.112701321037006,0.0736170970032776,0.0736170970032776,0,0,0,NA,NA,0.187331308032148,-0.264870014788451,0.418044616333311
"per_cell_all_cells_OLS","all_cells_slope","occurrence10_k1_tropical_temperate","occurrence",10,NA,1,"tropical_temperate",270.65,"Roadian","Paleozoic",0.824414715719063,-0.584242260440677,-0.103784099246571,1,1,0.830165693289809,1.16406783772901,NA,NA,0.939449003663784,0.406666101624746,0.480458161194106,-0.480458161194106,0.333902144439201,-0.333902144439201,0,0,0,NA,NA,0.321181476313109,0.532782902039038,0.673057552644265
"per_cell_all_cells_OLS","all_cells_slope","occurrence10_k1_tropical_temperate","occurrence",10,NA,1,"tropical_temperate",278.85,"Kungurian","Paleozoic",0.096153846153846,-0.293918927614995,-0.187374134947407,1,1,1.16868289140439,1.02899151085505,NA,NA,0.897018469557093,0.60176053117296,0.106544792667588,-0.106544792667588,0.139691380549339,0.139691380549339,0,0,0,NA,NA,0.169180070790638,0.295257938384134,0.749389500365026
"per_cell_all_cells_OLS","all_cells_slope","occurrence10_k1_tropical_temperate","occurrence",10,NA,1,"tropical_temperate",286.7,"Artinskian","Paleozoic",1.03928571428571,-0.864166675840053,-0.151354124181453,1,1,1.33309017390599,1.48279448063065,NA,NA,2.21842196956141,0.428136215260563,0.7128125516586,-0.7128125516586,0.149704306724657,-0.149704306724657,0,0,0,NA,NA,0.812520919661124,1.79028575430084,1.32327909241098
"per_cell_all_cells_OLS","all_cells_slope","occurrence10_k1_tropical_temperate","occurrence",10,NA,1,"tropical_temperate",291.81,"Sakmarian","Paleozoic",0.572121212121212,-0.0658258688182953,-0.120303931332448,1,1.5,0.960881947820365,1.11078156405008,NA,NA,0.891331929410371,0.639808206695894,0.054478062514153,0.054478062514153,0.149899616229716,-0.149899616229716,0.22314355131421,0.5,-0.5,NA,NA,0.142702017564948,0.251523722714477,0.765570068053133
"per_cell_all_cells_OLS","all_cells_slope","occurrence10_k1_tropical_temperate","occurrence",10,NA,1,"tropical_temperate",296.21,"Asselian","Paleozoic",1.28571428571429,0.117881429324723,-0.728262257180812,0,0.5,1.55374310845095,1.43276694840835,NA,NA,1.92960027601558,1.14038414833345,0.846143686505534,0.846143686505534,0.120976160042599,0.120976160042599,0.405465108108164,0.5,-0.5,NA,NA,0.313880667663179,0.789216127682131,1.53499221217452
"per_cell_all_cells_OLS","all_cells_slope","occurrence10_k1_tropical_temperate","occurrence",10,NA,1,"tropical_temperate",301.3,"Gzhelian","Paleozoic",1.25,-1.2314261147854,-1.72821626625684,0,0,1.56261854292219,2.40880736904728,NA,NA,2.42306942519295,2.46208547986934,0.496790151471435,0.496790151471435,0.846188826125086,-0.846188826125086,0,0,0,NA,NA,0.0113335060263722,-0.0390160546763929,2.44257745253115
"per_cell_all_cells_OLS","all_cells_slope","occurrence10_k1_tropical_temperate","occurrence",10,NA,1,"tropical_temperate",311.1,"Moscovian","Paleozoic",0,-1.61538485853317,-0.560751334727334,0,0,1.3853222177742,1.96335921618147,NA,NA,3.2154773559059,1.22175409591493,1.05463352380584,-1.05463352380584,0.578036998407268,-0.578036998407268,0,0,0,NA,NA,0.64046581955083,1.99372325999097,2.21861572591041
"per_cell_all_cells_OLS","all_cells_slope","occurrence10_k1_tropical_temperate","occurrence",10,NA,1,"tropical_temperate",319.3,"Bashkirian","Paleozoic",0.540178571428571,-0.480456364557563,-0.26164452151445,0,0,1.56261854292219,1.27331203144075,NA,NA,1.32612389178206,1.12675475395412,0.218811843043113,-0.218811843043113,0.289306511481444,0.289306511481444,0,0,0,NA,NA,0.0896060883713969,0.199369137827936,1.22643932286809
"per_cell_all_cells_OLS","all_cells_slope","occurrence10_k1_tropical_temperate","occurrence",10,NA,1,"tropical_temperate",326.85,"Serpukhovian","Paleozoic",1.04166666666667,-0.925746900923673,-1.08411133137134,0,0,1.65919895626492,1.48892973800172,NA,NA,1.73962624268539,2.68884553481751,0.158364430447664,0.158364430447664,0.170269218263192,0.170269218263192,0,0,0,NA,NA,0.29749204259091,-0.949219292132112,2.21423588875145
"per_cell_all_cells_OLS","all_cells_slope","occurrence10_k1_tropical_temperate","occurrence",10,NA,1,"tropical_temperate",365.505,"Famennian","Paleozoic",0.510714285714286,0.464074936453789,-0.517308153997764,0,1.5,2.06824733985651,1.17138757870477,NA,NA,3.42517940209146,1.9037529382441,0.981383090451553,0.981383090451553,0.896859761151743,0.896859761151743,0.916290731874155,1.5,-1.5,NA,NA,0.421306803502456,1.52142646384736,2.66446617016778
"per_cell_all_cells_OLS","all_cells_slope","occurrence10_k1_tropical_temperate","occurrence",10,NA,1,"tropical_temperate",377.23,"Frasnian","Paleozoic",0.477272727272727,0.166081945358365,-0.0458875812366685,0,3,2.52050415125042,0.82085126024381,NA,NA,2.36284617867614,1.1054612669855,0.211969526595033,0.211969526595033,1.69965289100661,1.69965289100661,1.38629436111989,3,-3,NA,NA,0.468253120056516,1.25738491169065,1.73415372283082
"per_cell_all_cells_OLS","all_cells_slope","occurrence10_k1_tropical_temperate","occurrence",10,NA,1,"tropical_temperate",385.13,"Givetian","Paleozoic",0.897435897435897,-0.0576191752836776,-0.245565623018952,0,2,2.05798302171011,0.963753105691261,NA,NA,1.95389436402563,0.874103161162557,0.187946447735274,0.187946447735274,1.09422991601884,1.09422991601884,1.09861228866811,2,-2,NA,NA,0.454994192206383,1.07979120286308,1.4139987625941
"per_cell_all_cells_OLS","all_cells_slope","occurrence10_k1_tropical_temperate","occurrence",10,NA,1,"tropical_temperate",402.045,"Emsian","Paleozoic",1.93611111111111,-0.510551072373328,-0.0835447649088025,0,3,1.78226557735801,0.535778707611092,NA,NA,0.950458138485179,0.676654463500089,0.427006307464525,-0.427006307464525,1.24648686974692,1.24648686974692,1.38629436111989,3,-3,NA,NA,0.151263870607339,0.27380367498509,0.813556300992634
"per_cell_all_cells_OLS","all_cells_slope","occurrence10_k1_tropical_temperate","occurrence",10,NA,1,"tropical_temperate",423.85,"Ludfordian","Paleozoic",0.944444444444444,-0.392784157699918,-0.208771967495974,0,0.5,1.57181049598675,1.32684929954252,NA,NA,1.37828735547693,1.49118878942575,0.184012190203944,-0.184012190203944,0.244961196444228,0.244961196444228,0.405465108108164,0.5,-0.5,NA,NA,0.0463793919085506,-0.112901433948819,1.43473807245134
"per_cell_all_cells_OLS","all_cells_slope","occurrence10_k1_tropical_temperate","occurrence",10,NA,1,"tropical_temperate",428.65,"Homerian","Paleozoic",0.325,-0.292030499820493,0.581259172648088,0,0.5,1.5400534750074,1.26862593569022,NA,NA,0.770452099789635,1.42666413113323,0.873289672468581,-0.873289672468581,0.271427539317177,0.271427539317177,0.405465108108164,0.5,-0.5,NA,NA,0.315282591096616,-0.656212031343597,1.09855811546143
"per_cell_all_cells_OLS","all_cells_slope","occurrence10_k1_tropical_temperate","occurrence",10,NA,1,"tropical_temperate",435.75,"Telychian","Paleozoic",1.04571428571429,-0.791372780571292,0.180069620050846,0.5,1,1.21218305346265,1.44293817893744,NA,NA,2.59705715799656,2.29353632214111,0.971442400622137,-0.971442400622137,0.230755125474787,-0.230755125474787,0.287682072451781,0.5,-0.5,NA,NA,0.0881541975806584,0.303520835855445,2.44529674006883
"per_cell_all_cells_OLS","all_cells_slope","occurrence10_k1_tropical_temperate","occurrence",10,NA,1,"tropical_temperate",441.8,"Rhuddanian","Paleozoic",1.72222222222222,-0.143414515043524,0.576871584591488,0,0,2.06824733985651,1.53392997769474,NA,NA,2.71399475214062,2.90554874628614,0.720286099635012,-0.720286099635012,0.534317362161769,0.534317362161769,0,0,0,NA,NA,0.0502902475004058,-0.191553994145521,2.80977174921338
"per_cell_all_cells_OLS","all_cells_slope","occurrence10_k1_tropical_temperate","occurrence",10,NA,1,"tropical_temperate",463.8,"Darriwilian","Paleozoic",0.299667036625971,-0.115766762197128,0.111134951842101,0,2.5,1.68287793971628,0.759171096302089,NA,NA,1.29987659816943,0.433604815063671,0.226901714039228,-0.226901714039228,0.923706843414193,0.923706843414193,1.25276296849537,2.5,-2.5,NA,NA,0.47266334657116,0.866271783105757,0.86674070661655
"per_cell_all_cells_OLS","all_cells_slope","occurrence10_k1_tropical_temperate","occurrence",10,NA,1,"tropical_temperate",474.2,"Floian","Paleozoic",0.515151515151515,-0.885860693372314,0.394628811590603,0,2,1.68033610083361,0.654812779635034,NA,NA,2.19195355083351,0.690650146753114,1.28048950496292,-1.28048950496292,1.02552332119858,1.02552332119858,1.09861228866811,2,-2,NA,NA,0.635519970560965,1.5013034040804,1.44130184879331
"per_cell_all_cells_OLS","all_cells_slope","collection5_k1_tropical_temperate","collection",NA,5,1,"tropical_temperate",1.29585,"Pleistocene","Cenozoic",0.283906882591093,-0.445293193662415,-0.257616625566942,3,1,0.777556750676182,0.945819166670041,NA,NA,0.72328711106238,0.966333688531816,0.187676568095473,-0.187676568095473,0.168262415993859,-0.168262415993859,0.693147180559945,2,2,NA,NA,0.131937158934122,-0.243046577469435,0.844810399797098
"per_cell_all_cells_OLS","all_cells_slope","collection5_k1_tropical_temperate","collection",NA,5,1,"tropical_temperate",4.4665,"Zanclean","Cenozoic",0.232142857142857,-0.59329475099636,-1.15288962744063,1,0,1.10738002339147,2.06824733985651,NA,NA,1.2397284549351,2.55742140735992,0.559594876444269,0.559594876444269,0.960867316465045,-0.960867316465045,0.693147180559945,1,1,NA,NA,0.462681325596286,-1.31769295242482,1.89857493114751
"per_cell_all_cells_OLS","all_cells_slope","collection5_k1_tropical_temperate","collection",NA,5,1,"tropical_temperate",9.438,"Tortonian","Cenozoic",0.630252100840336,-0.624938219934953,-0.441638418963254,2,0,0.887528076116224,1.79434887219572,NA,NA,0.57429190645262,3.19063446320902,0.183299800971698,-0.183299800971698,0.906820796079499,-0.906820796079499,1.09861228866811,2,2,NA,NA,0.979046557690872,-2.6163425567564,1.88246318483082
"per_cell_all_cells_OLS","all_cells_slope","collection5_k1_tropical_temperate","collection",NA,5,1,"tropical_temperate",18.215,"Burdigalian","Cenozoic",0.733333333333333,0.104116184150553,-0.102281099072965,1.5,0,0.9576381510421,1.7583414645291,NA,NA,0.932003425956413,0.650369877760418,0.206397283223517,0.206397283223517,0.800703313487003,-0.800703313487003,0.916290731874155,1.5,1.5,NA,NA,0.15755807792795,0.281633548195995,0.791186651858416
"per_cell_all_cells_OLS","all_cells_slope","collection5_k1_tropical_temperate","collection",NA,5,1,"tropical_temperate",44.55,"Lutetian","Cenozoic",2.34920634920635,0.603824520627326,-0.0726163230374086,1,0,1.31854544536897,1.99939966980488,NA,NA,1.33224649976431,0.904732759154382,0.676440843664735,0.676440843664735,0.680854224435901,-0.680854224435901,0.693147180559945,1,1,NA,NA,0.202490251230504,0.427513740609932,1.11848962945935
"per_cell_all_cells_OLS","all_cells_slope","collection5_k1_tropical_temperate","collection",NA,5,1,"tropical_temperate",52.035,"Ypresian","Cenozoic",2.16071428571429,0.420929129429596,0.247510391221952,1,0,1.30861949931888,2.18529407725405,NA,NA,1.55518056108241,0.224372228048582,0.173418738207644,0.173418738207644,0.87667457793517,-0.87667457793517,0.693147180559945,1,1,NA,NA,0.735694645116721,1.33080833303383,0.889776394565495
"per_cell_all_cells_OLS","all_cells_slope","collection5_k1_tropical_temperate","collection",NA,5,1,"tropical_temperate",69.1,"Maastrichtian","Mesozoic",0.681818181818182,0.171966377998727,-0.157522693981993,1.5,0,1.20200239191641,1.3906416855253,NA,NA,1.2507904476956,0.90870593598912,0.32948907198072,0.32948907198072,0.188639293608898,-0.188639293608898,0.916290731874155,1.5,1.5,NA,NA,0.164855972595014,0.342084511706483,1.07974819184236
"per_cell_all_cells_OLS","all_cells_slope","collection5_k1_tropical_temperate","collection",NA,5,1,"tropical_temperate",77.9,"Campanian","Mesozoic",0.533816425120773,-0.155564240668246,0.255319741024948,3,0,0.964740325872117,1.97036873228756,NA,NA,0.727631804750269,1.00216718763481,0.410883981693195,-0.410883981693195,1.00562840641544,-1.00562840641544,1.38629436111989,3,3,NA,NA,0.147478615990082,-0.274535382884538,0.864899496192538
"per_cell_all_cells_OLS","all_cells_slope","collection5_k1_tropical_temperate","collection",NA,5,1,"tropical_temperate",87.75,"Coniacian","Mesozoic",1.83333333333333,-0.507817001304741,-0.406552852280248,0.5,0,1.47637647637721,1.78226557735801,NA,NA,1.68882353939412,2.26520897273991,0.101264149024494,-0.101264149024494,0.305889100980799,-0.305889100980799,0.405465108108164,0.5,0.5,NA,NA,0.194220012582222,-0.576385433345789,1.97701625606701
"per_cell_all_cells_OLS","all_cells_slope","collection5_k1_tropical_temperate","collection",NA,5,1,"tropical_temperate",97.2,"Cenomanian","Mesozoic",0.459375,-0.0452995652463404,0.0900000357828462,2.5,1,1.03550259536131,0.848528137423857,NA,NA,0.888151878358851,0.63781192619519,0.135299601029187,-0.135299601029187,0.186974457937449,0.186974457937449,0.559615787935423,1.5,1.5,NA,NA,0.142237348867865,0.250339952163661,0.76298190227702
"per_cell_all_cells_OLS","all_cells_slope","collection5_k1_tropical_temperate","collection",NA,5,1,"tropical_temperate",106.85,"Albian","Mesozoic",0.192261904761905,-0.355220925670361,-0.0176017918498548,2,1,0.8102287258764,1.10981650603639,NA,NA,0.653735347429838,0.796095784142332,0.337619133820506,-0.337619133820506,0.299587780159994,-0.299587780159994,0.405465108108164,1,1,NA,NA,0.0825787241866515,-0.142360436712494,0.724915565786085
"per_cell_all_cells_OLS","all_cells_slope","collection5_k1_tropical_temperate","collection",NA,5,1,"tropical_temperate",117.3,"Aptian","Mesozoic",0.21875,0.143096268574475,0.0253311580391055,1,0,1.16651347033396,1.3906416855253,NA,NA,1.45965066547524,0.626063945200607,0.11776511053537,0.11776511053537,0.224128215191341,-0.224128215191341,0.693147180559945,1,1,NA,NA,0.413856996912119,0.833586720274632,1.04285730533792
"per_cell_all_cells_OLS","all_cells_slope","collection5_k1_tropical_temperate","collection",NA,5,1,"tropical_temperate",123.585,"Barremian","Mesozoic",0.24,-0.116517352701407,-0.00290745993536266,1,0,1.10825777421936,1.99939966980488,NA,NA,1.26338039518844,0.455417358442619,0.113609892766044,-0.113609892766044,0.891141895585517,-0.891141895585517,0.693147180559945,1,1,NA,NA,0.441566742065677,0.807963036745822,0.85939887681553
"per_cell_all_cells_OLS","all_cells_slope","collection5_k1_tropical_temperate","collection",NA,5,1,"tropical_temperate",129.185,"Hauterivian","Mesozoic",0.2,-0.405981068915652,-0.134619546603151,1,0,1.33309017390599,2.06824733985651,NA,NA,1.48413477962864,1.86221119792194,0.2713615223125,-0.2713615223125,0.735157165950519,-0.735157165950519,0.693147180559945,1,1,NA,NA,0.141670050525788,-0.378076418293296,1.67317298877529
"per_cell_all_cells_OLS","all_cells_slope","collection5_k1_tropical_temperate","collection",NA,5,1,"tropical_temperate",134.825,"Valanginian","Mesozoic",0.196969696969697,-0.0251179572995621,0.216024738247583,2,0,0.82085126024381,2.06824733985651,NA,NA,0.63088124281393,0.960462789360586,0.241142695547145,-0.241142695547145,1.2473960796127,-1.2473960796127,1.09861228866811,2,2,NA,NA,0.184060053903102,-0.329581546546656,0.795672016087258
"per_cell_all_cells_OLS","all_cells_slope","collection5_k1_tropical_temperate","collection",NA,5,1,"tropical_temperate",146.15,"Tithonian","Mesozoic",0.393103448275862,-0.144239846085231,-0.035244936106178,1,0,1.08845030570361,1.5400534750074,NA,NA,1.12465296073855,0.497555713521209,0.108994909979053,-0.108994909979053,0.451603169303781,-0.451603169303781,0.693147180559945,1,1,NA,NA,0.349774221775667,0.627097247217336,0.811104337129877
"per_cell_all_cells_OLS","all_cells_slope","collection5_k1_tropical_temperate","collection",NA,5,1,"tropical_temperate",152,"Kimmeridgian","Mesozoic",0.9375,-0.615632393630604,-0.162998917365138,1,0,0.996316746232607,1.3853222177742,NA,NA,1.3894096277007,1.08834220075709,0.452633476265466,-0.452633476265466,0.389005471541591,-0.389005471541591,0.693147180559945,1,1,NA,NA,0.134675771887573,0.301067426943605,1.23887591422889
"per_cell_all_cells_OLS","all_cells_slope","collection5_k1_tropical_temperate","collection",NA,5,1,"tropical_temperate",158.15,"Oxfordian","Mesozoic",1.33333333333333,-0.187120912788719,-0.29704680420514,1,0,1.3287902613814,1.32842232831014,NA,NA,1.17882384360449,0.736015858555105,0.109925891416421,0.109925891416421,0.000367933071259596,0.000367933071259596,0.693147180559945,1,1,NA,NA,0.227192458615855,0.442807985049383,0.957419851079796
"per_cell_all_cells_OLS","all_cells_slope","collection5_k1_tropical_temperate","collection",NA,5,1,"tropical_temperate",163.4,"Callovian","Mesozoic",1.07142857142857,-0.953301028464766,-0.319920687431376,0.5,1,1.5138634342298,1.07016732488022,NA,NA,0.990852169792522,0.940332938853743,0.63338034103339,-0.63338034103339,0.443696109349578,0.443696109349578,0.287682072451781,0.5,-0.5,NA,NA,0.0257031967837913,0.0505192309387794,0.965592554323133
"per_cell_all_cells_OLS","all_cells_slope","collection5_k1_tropical_temperate","collection",NA,5,1,"tropical_temperate",166.75,"Bathonian","Mesozoic",1.90909090909091,0.0134102066538507,-0.753816679670452,1,0,1.23478981302606,1.49963534702269,NA,NA,1.34137034969254,1.39284799070807,0.767226886324303,0.767226886324303,0.264845533996626,-0.264845533996626,0.693147180559945,1,1,NA,NA,0.0217479069415911,-0.0514776410155273,1.36710917020031
"per_cell_all_cells_OLS","all_cells_slope","collection5_k1_tropical_temperate","collection",NA,5,1,"tropical_temperate",169.55,"Bajocian","Mesozoic",2.1,-0.1667613802209,-0.649170229349681,1,0,1.35577197458084,1.5400534750074,NA,NA,1.38282451082051,0.715308460456739,0.482408849128781,0.482408849128781,0.184281500426557,-0.184281500426557,0.693147180559945,1,1,NA,NA,0.328693628512127,0.667516050363769,1.04906648563862
"per_cell_all_cells_OLS","all_cells_slope","collection5_k1_tropical_temperate","collection",NA,5,1,"tropical_temperate",179.45,"Toarcian","Mesozoic",1.33333333333333,-0.408980226223384,-0.370900683645137,1,0,1.35332608488295,1.57181049598675,NA,NA,1.01584557362156,0.901766948728518,0.0380795425782475,-0.0380795425782475,0.218484411103805,-0.218484411103805,0.693147180559945,1,1,NA,NA,0.0582553198586235,0.114078624893043,0.95880626117504
"per_cell_all_cells_OLS","all_cells_slope","collection5_k1_tropical_temperate","collection",NA,5,1,"tropical_temperate",188.55,"Pliensbachian","Mesozoic",0.127272727272727,0.1924295911426,-0.47652427590158,1,0.5,1.22696965954931,1.14430443886195,NA,NA,1.08756108812536,1.32076036989067,0.66895386704418,0.66895386704418,0.0826652206873577,0.0826652206873577,0.287682072451781,0.5,0.5,NA,NA,0.105898436536552,-0.233199281765307,1.20416072900802
"per_cell_all_cells_OLS","all_cells_slope","collection5_k1_tropical_temperate","collection",NA,5,1,"tropical_temperate",196.2,"Sinemurian","Mesozoic",0.315151515151515,0.26953557142455,-0.154980068798748,1,0,1.09491244047604,1.5400534750074,NA,NA,1.069214362592,0.669255514180108,0.424515640223298,0.424515640223298,0.445141034531359,-0.445141034531359,0.693147180559945,1,1,NA,NA,0.214791273117739,0.39995884841189,0.869234938386053
"per_cell_all_cells_OLS","all_cells_slope","collection5_k1_tropical_temperate","collection",NA,5,1,"tropical_temperate",200.45,"Hettangian","Mesozoic",0.681818181818182,0.344668868709585,0.0478821491156648,1,0.5,1.30292666337414,1.27234524442128,NA,NA,1.88827509964561,0.778766411838913,0.29678671959392,0.29678671959392,0.0305814189528515,0.0305814189528515,0.287682072451781,0.5,0.5,NA,NA,0.484739375611035,1.10950868780669,1.33352075574226
"per_cell_all_cells_OLS","all_cells_slope","collection5_k1_tropical_temperate","collection",NA,5,1,"tropical_temperate",203.55,"Rhaetian","Mesozoic",0.65625,-0.283455872352578,-0.526264677005123,0,0,1.96335921618147,1.69674686594031,NA,NA,1.71177872018878,0.965117561983133,0.242808804652544,0.242808804652544,0.266612350241156,0.266612350241156,0,0,0,NA,NA,0.322052702385688,0.746661158205651,1.33844814108596
"per_cell_all_cells_OLS","all_cells_slope","collection5_k1_tropical_temperate","collection",NA,5,1,"tropical_temperate",216.5,"Norian","Mesozoic",0.264705882352941,-0.562025270759453,-0.46607178299427,2,0,0.571028617556058,1.27234524442128,NA,NA,0.795267777564926,1.24210994007764,0.0959534877651836,-0.0959534877651836,0.701316626865226,-0.701316626865226,1.09861228866811,2,2,NA,NA,0.222263169540866,-0.446842162512718,1.01868885882129
"per_cell_all_cells_OLS","all_cells_slope","collection5_k1_tropical_temperate","collection",NA,5,1,"tropical_temperate",232.15,"Carnian","Mesozoic",1.66666666666667,-0.425816420017743,-0.0679706649822416,1,0,1.07066783188002,1.4142135623731,NA,NA,0.758947360190936,0.272747409441882,0.357845755035502,-0.357845755035502,0.343545730493079,-0.343545730493079,0.693147180559945,1,1,NA,NA,0.323537660925744,0.486199950749054,0.515847384816409
"per_cell_all_cells_OLS","all_cells_slope","collection5_k1_tropical_temperate","collection",NA,5,1,"tropical_temperate",244.082,"Anisian","Mesozoic",1.015625,-0.153516822551053,-0.0452872341148434,1,0,0.916304518480748,1.78226557735801,NA,NA,1.06517990873585,0.194000323038855,0.108229588436209,-0.108229588436209,0.865961058877266,-0.865961058877266,0.693147180559945,1,1,NA,NA,0.547908059970345,0.871179585696997,0.629590115887354
"per_cell_all_cells_OLS","all_cells_slope","collection5_k1_tropical_temperate","collection",NA,5,1,"tropical_temperate",248.3,"Olenekian","Mesozoic",0.708333333333333,-0.229084425546215,-0.384120777972383,2,0.5,0.841902145245043,1.15044748327106,NA,NA,0.622214271966702,1.14261419759187,0.155036352426168,0.155036352426168,0.308545338026012,-0.308545338026012,0.693147180559945,1.5,1.5,NA,NA,0.278234620638782,-0.520399925625169,0.882414234779287
"per_cell_all_cells_OLS","all_cells_slope","collection5_k1_tropical_temperate","collection",NA,5,1,"tropical_temperate",250.901,"Induan","Mesozoic",0.196428571428571,-0.236160339524998,0.513034364128901,2,1,0.907591035982307,1.02899151085505,NA,NA,0.878817316734289,1.08031911000442,0.749194703653899,-0.749194703653899,0.121400474872746,-0.121400474872746,0.405465108108164,1,1,NA,NA,0.101878808176965,-0.201501793270136,0.979568213369357
"per_cell_all_cells_OLS","all_cells_slope","collection5_k1_tropical_temperate","collection",NA,5,1,"tropical_temperate",253.021,"Changhsingian","Paleozoic",0.08,-0.651015015753886,0.224319533034126,1,0,1.31001571611587,1.25182220124481,NA,NA,1.32910683974069,0.864763281278473,0.875334548788012,-0.875334548788012,0.0581935148710611,0.0581935148710611,0.693147180559945,1,1,NA,NA,0.222350745392821,0.464343558462212,1.09693506050958
"per_cell_all_cells_OLS","all_cells_slope","collection5_k1_tropical_temperate","collection",NA,5,1,"tropical_temperate",256.825,"Wuchiapingian","Paleozoic",0.0546341463414635,-1.1128640288398,-0.521650461673026,1.5,1,1.24908196683677,0.960881947820365,NA,NA,1.19442712157165,0.679920763045078,0.591213567166774,-0.591213567166774,0.288200019016409,0.288200019016409,0.22314355131421,0.5,0.5,NA,NA,0.267174392563654,0.514506358526573,0.937173942308364
"per_cell_all_cells_OLS","all_cells_slope","collection5_k1_tropical_temperate","collection",NA,5,1,"tropical_temperate",261.895,"Capitanian","Paleozoic",1.01648351648352,-0.561116529347072,-0.152632245350205,1,1,1.02899151085505,1.14430443886195,NA,NA,0.922705286140357,0.697802940374305,0.408484283996867,-0.408484283996867,0.115312928006898,-0.115312928006898,0,0,0,NA,NA,0.124398170330806,0.224902345766051,0.810254113257331
"per_cell_all_cells_OLS","all_cells_slope","collection5_k1_tropical_temperate","collection",NA,5,1,"tropical_temperate",265.59,"Wordian","Paleozoic",0.545808966861598,-0.210525918701271,-0.274809652881707,1,1,0.945819166670041,0.863190615806084,NA,NA,0.276844885355037,0.54983180660202,0.0642837341804358,0.0642837341804358,0.082628550863957,0.082628550863957,0,0,0,NA,NA,0.193754311508104,-0.272986921246983,0.413338345978528
"per_cell_all_cells_OLS","all_cells_slope","collection5_k1_tropical_temperate","collection",NA,5,1,"tropical_temperate",270.65,"Roadian","Paleozoic",1.05571847507331,-0.530390880625542,-0.093196177343847,1.5,1,0.739994160140671,1.07066783188002,NA,NA,0.69570820983617,0.411750820403104,0.437194703281694,-0.437194703281694,0.330673671739345,-0.330673671739345,0.22314355131421,0.5,0.5,NA,NA,0.183269825785363,0.283957389433066,0.553729515119637
"per_cell_all_cells_OLS","all_cells_slope","collection5_k1_tropical_temperate","collection",NA,5,1,"tropical_temperate",278.85,"Kungurian","Paleozoic",0.417130144605117,-0.366899936502959,-0.156499083744842,1,1,1.04598072650151,1.06890590488909,NA,NA,0.679170704032125,0.599083676414424,0.210400852758117,-0.210400852758117,0.0229251783875775,-0.0229251783875775,0,0,0,NA,NA,0.0488692800399959,0.0800870276177001,0.639127190223274
"per_cell_all_cells_OLS","all_cells_slope","collection5_k1_tropical_temperate","collection",NA,5,1,"tropical_temperate",286.7,"Artinskian","Paleozoic",1.13365539452496,-1.10879621953356,-0.183898649406873,1,1,1.36361513483875,1.53818499274158,NA,NA,1.96231827875988,0.457700104813801,0.924897570126685,-0.924897570126685,0.174569857902833,-0.174569857902833,0,0,0,NA,NA,0.709112241075475,1.50461817394608,1.21000919178684
"per_cell_all_cells_OLS","all_cells_slope","collection5_k1_tropical_temperate","collection",NA,5,1,"tropical_temperate",291.81,"Sakmarian","Paleozoic",0.594951923076923,-0.109597962001792,-0.113068267783069,1,1,1.16868289140439,1.08380457322396,NA,NA,0.806848583500051,0.678419618974726,0.00347030578127684,0.00347030578127684,0.0848783181804289,0.0848783181804289,0,0,0,NA,NA,0.0737315660033513,0.128428964525325,0.742634101237388
"per_cell_all_cells_OLS","all_cells_slope","collection5_k1_tropical_temperate","collection",NA,5,1,"tropical_temperate",296.21,"Asselian","Paleozoic",1.28571428571429,-0.119460299336563,-0.562113156269617,1,0,1.39659027502157,1.56261854292219,NA,NA,1.26323253840076,1.14163363415374,0.442652856933054,0.442652856933054,0.16602826790062,-0.16602826790062,0.693147180559945,1,1,NA,NA,0.0552251998144966,0.121598904247014,1.20243308627725
"per_cell_all_cells_OLS","all_cells_slope","collection5_k1_tropical_temperate","collection",NA,5,1,"tropical_temperate",301.3,"Gzhelian","Paleozoic",1.77777777777778,-0.884211710423129,-1.75138321934694,0,0,1.4142135623731,2.49705709138719,NA,NA,1.37109540586546,2.61232551305671,0.867171508923809,0.867171508923809,1.0828435290141,-1.0828435290141,0,0,0,NA,NA,0.420999706453258,-1.24123010719125,1.99171045946108
"per_cell_all_cells_OLS","all_cells_slope","collection5_k1_tropical_temperate","collection",NA,5,1,"tropical_temperate",311.1,"Moscovian","Paleozoic",0.321428571428571,-0.868459888977686,-0.868491265956237,0,0,1.56261854292219,2.18529407725405,NA,NA,2.98533299701547,1.79822001828567,3.13769785514895e-05,3.13769785514895e-05,0.622675534331858,-0.622675534331858,0,0,0,NA,NA,0.353637364086496,1.1871129787298,2.39177650765057
"per_cell_all_cells_OLS","all_cells_slope","collection5_k1_tropical_temperate","collection",NA,5,1,"tropical_temperate",326.85,"Serpukhovian","Paleozoic",1.21457489878542,-1.01548994642764,-1.30154605375217,0,0.5,1.63178487966126,1.39659027502157,NA,NA,1.70044789183285,2.11547087511586,0.286056107324529,0.286056107324529,0.235194604639692,0.235194604639692,0.405465108108164,0.5,-0.5,NA,NA,0.142962659459674,-0.41502298328301,1.90795938347435
"per_cell_all_cells_OLS","all_cells_slope","collection5_k1_tropical_temperate","collection",NA,5,1,"tropical_temperate",365.505,"Famennian","Paleozoic",0.782608695652174,0.464074936453789,-1.70225352239554,0,0.5,2.06824733985651,1.25348396942421,NA,NA,3.42517940209146,2.19950545102376,2.16632845884933,2.16632845884933,0.814763370432302,0.814763370432302,0.405465108108164,0.5,-0.5,NA,NA,0.324314569176523,1.22567395106769,2.81234242655761
"per_cell_all_cells_OLS","all_cells_slope","collection5_k1_tropical_temperate","collection",NA,5,1,"tropical_temperate",402.045,"Emsian","Paleozoic",2.56770833333333,-0.373518157792157,-0.0137635670341301,0,2,1.97036873228756,0.564335241417619,NA,NA,1.50541534339432,1.00588458505606,0.359754590758026,-0.359754590758026,1.40603349086994,1.40603349086994,1.09861228866811,2,-2,NA,NA,0.22236937352163,0.499530758338263,1.25564996422519
"per_cell_all_cells_OLS","all_cells_slope","collection5_k1_tropical_temperate","collection",NA,5,1,"tropical_temperate",428.65,"Homerian","Paleozoic",0.423076923076923,-0.733698527899129,0.927095898804243,0,0,1.99939966980488,1.40928253772803,NA,NA,0.637555598095107,2.27053292338531,1.66079442670337,-1.66079442670337,0.59011713207685,0.59011713207685,0,0,0,NA,NA,0.691748304156691,-1.6329773252902,1.45404426074021
"per_cell_all_cells_OLS","all_cells_slope","collection5_k1_tropical_temperate","collection",NA,5,1,"tropical_temperate",463.8,"Darriwilian","Paleozoic",0.417348608837971,-0.112190135702271,0.159712235107091,0,2,1.56114499199865,0.821806232301786,NA,NA,0.958963688937521,0.494651284505467,0.271902370809362,-0.271902370809362,0.739338759696864,0.739338759696864,1.09861228866811,2,-2,NA,NA,0.27052267815825,0.464312404432054,0.726807486721494
"per_cell_all_cells_OLS","all_cells_slope","collection5_k1_tropical_temperate","collection",NA,5,1,"tropical_temperate",474.2,"Floian","Paleozoic",0.32,-1.63859201157911,0.561724209460031,0,1,1.79659763930307,0.895163475047337,NA,NA,2.34827539384602,0.868664332597114,2.20031622103914,-2.20031622103914,0.901434164255732,0.901434164255732,0.693147180559945,1,-1,NA,NA,0.583221490453203,1.47961106124891,1.60846986322157
"per_cell_all_cells_OLS","all_cells_slope","collection10_k1_tropical_temperate","collection",NA,10,1,"tropical_temperate",1.29585,"Pleistocene","Cenozoic",0.833333333333334,-0.432937456231528,-0.109061355348293,2,0.5,0.992747976415659,1.02899151085505,NA,NA,1.04756350502474,1.2884046253155,0.323876100883235,-0.323876100883235,0.0362435344393939,-0.0362435344393939,0.693147180559945,1.5,1.5,NA,NA,0.111204352461612,-0.240841120290763,1.16798406517012
"per_cell_all_cells_OLS","all_cells_slope","collection10_k1_tropical_temperate","collection",NA,10,1,"tropical_temperate",9.438,"Tortonian","Cenozoic",0.652173913043478,-0.672537117675616,-0.558535951816257,1,0,0.997383433233078,1.92506684375924,NA,NA,0.666184213954003,5.87396320511917,0.114001165859359,-0.114001165859359,0.927683410526166,-0.927683410526166,0.693147180559945,1,1,NA,NA,1.41720471541867,-5.20777899116516,3.27007370953658
"per_cell_all_cells_OLS","all_cells_slope","collection10_k1_tropical_temperate","collection",NA,10,1,"tropical_temperate",18.215,"Burdigalian","Cenozoic",0.8125,0.356398456947935,0.177897558384398,1,0,1.0914103126635,2.2129299183502,NA,NA,1.24168792467128,0.817047154058272,0.178500898563536,0.178500898563536,1.1215196056867,-1.1215196056867,0.693147180559945,1,1,NA,NA,0.210016379221676,0.424640770613009,1.02936753936478
"per_cell_all_cells_OLS","all_cells_slope","collection10_k1_tropical_temperate","collection",NA,10,1,"tropical_temperate",87.75,"Coniacian","Mesozoic",1.16666666666667,-0.142160425291952,-1.39281879768393,0,0,1.67705098312484,2.30089496654211,NA,NA,2.94761949158652,2.51000752139872,1.25065837239198,1.25065837239198,0.623843983417269,-0.623843983417269,0,0,0,NA,NA,0.117494556558322,0.437611970187799,2.72881350649262
"per_cell_all_cells_OLS","all_cells_slope","collection10_k1_tropical_temperate","collection",NA,10,1,"tropical_temperate",97.2,"Cenomanian","Mesozoic",0.50297619047619,-0.012327677141401,0.528486163072008,1,0,1.24732607161543,1.15044748327106,NA,NA,1.35954057975051,1.23739248496053,0.540813840213409,-0.540813840213409,0.0968785883443712,0.0968785883443712,0.693147180559945,1,1,NA,NA,0.0531558118916159,0.122148094789987,1.29846653235552
"per_cell_all_cells_OLS","all_cells_slope","collection10_k1_tropical_temperate","collection",NA,10,1,"tropical_temperate",106.85,"Albian","Mesozoic",0.232142857142857,-0.350797341324105,-0.0557509253966127,1,1,0.991561030552797,1.18222123937253,NA,NA,0.938583648140281,1.01431162695418,0.295046415927492,-0.295046415927492,0.190660208819737,-0.190660208819737,0,0,0,NA,NA,0.0383198845313024,-0.0757279788139023,0.976447637547232
"per_cell_all_cells_OLS","all_cells_slope","collection10_k1_tropical_temperate","collection",NA,10,1,"tropical_temperate",117.3,"Aptian","Mesozoic",0.25,0.0440775495541066,-0.0255240263766383,0.5,0,1.44425840933719,1.92506684375924,NA,NA,1.97366883463094,0.873249263358042,0.0696015759307449,0.0696015759307449,0.480808434422059,-0.480808434422059,0.405465108108164,0.5,0.5,NA,NA,0.462121991298038,1.1004195712729,1.42345904899449
"per_cell_all_cells_OLS","all_cells_slope","collection10_k1_tropical_temperate","collection",NA,10,1,"tropical_temperate",134.825,"Valanginian","Mesozoic",0.217391304347826,-0.12838346931257,0.196174713909446,1,0,1.06718592572556,2.46743496248992,NA,NA,0.900742915247245,1.17430787657535,0.324558183222016,-0.324558183222016,1.40024903676436,-1.40024903676436,0.693147180559945,1,1,NA,NA,0.134465578458612,-0.273564961328104,1.0375253959113
"per_cell_all_cells_OLS","all_cells_slope","collection10_k1_tropical_temperate","collection",NA,10,1,"tropical_temperate",146.15,"Tithonian","Mesozoic",0.272727272727273,0.0528286980850876,-0.132491953322595,1,0,1.17583843006259,1.56261854292219,NA,NA,1.54420801552871,0.702258291254992,0.185320651407682,0.185320651407682,0.386780112859602,-0.386780112859602,0.693147180559945,1,1,NA,NA,0.40186363311417,0.841949724273716,1.12323315339185
"per_cell_all_cells_OLS","all_cells_slope","collection10_k1_tropical_temperate","collection",NA,10,1,"tropical_temperate",158.15,"Oxfordian","Mesozoic",1.27272727272727,-0.229110163992707,-0.283858277676928,0,0,1.55126306998506,1.27234524442128,NA,NA,2.88140839715629,0.620431844864956,0.0547481136842203,0.0547481136842203,0.278917825563773,0.278917825563773,0,0,0,NA,NA,0.873505392103559,2.26097655229133,1.75092012101062
"per_cell_all_cells_OLS","all_cells_slope","collection10_k1_tropical_temperate","collection",NA,10,1,"tropical_temperate",169.55,"Bajocian","Mesozoic",1.57142857142857,0.529509432626067,-0.634793354152066,0,0,1.67705098312484,1.79434887219572,NA,NA,2.83496896380793,0.777627599384249,1.16430278677813,1.16430278677813,0.11729788907088,-0.11729788907088,0,0,0,NA,NA,0.768881675918225,2.05734136442368,1.80629828159609
"per_cell_all_cells_OLS","all_cells_slope","collection10_k1_tropical_temperate","collection",NA,10,1,"tropical_temperate",179.45,"Toarcian","Mesozoic",1.22222222222222,0.0614139281730974,-0.370900683645137,0.5,0,1.56242646885805,1.57181049598675,NA,NA,1.70428888455712,0.901766948728518,0.432314611818234,0.432314611818234,0.00938402712870157,-0.00938402712870157,0.405465108108164,0.5,0.5,NA,NA,0.352055561448602,0.802521935828603,1.30302791664282
"per_cell_all_cells_OLS","all_cells_slope","collection10_k1_tropical_temperate","collection",NA,10,1,"tropical_temperate",188.55,"Pliensbachian","Mesozoic",0.153846153846154,0.765083749540873,-0.754700919913797,1,0,1.34560428342584,1.27234524442128,NA,NA,1.55346080168812,1.24799535632451,1.51978466945467,1.51978466945467,0.0732590390045542,0.0732590390045542,0.693147180559945,1,1,NA,NA,0.127410749833109,0.305465445363615,1.40072807900632
"per_cell_all_cells_OLS","all_cells_slope","collection10_k1_tropical_temperate","collection",NA,10,1,"tropical_temperate",196.2,"Sinemurian","Mesozoic",0.6,0.769173080123012,-0.267604912628769,1,0,1.41088207703341,1.65919895626492,NA,NA,1.73071225866255,0.587122752303637,1.03677799275178,1.03677799275178,0.248316879231503,-0.248316879231503,0.693147180559945,1,1,NA,NA,0.542639688576663,1.14358950635892,1.1589175054831
"per_cell_all_cells_OLS","all_cells_slope","collection10_k1_tropical_temperate","collection",NA,10,1,"tropical_temperate",200.45,"Hettangian","Mesozoic",0.384615384615385,1.77920954144063,-0.0365997508859416,0,0,1.82739336647507,1.65919895626492,NA,NA,3.39657341616318,0.949676612070332,1.81580929232658,1.81580929232658,0.168194410210158,0.168194410210158,0,0,0,NA,NA,0.81316194961349,2.44689680409285,2.17312501411676
"per_cell_all_cells_OLS","all_cells_slope","collection10_k1_tropical_temperate","collection",NA,10,1,"tropical_temperate",203.55,"Rhaetian","Mesozoic",0.5,0.821451151873009,-0.889803080251192,0,0,2.8491484796029,1.97036873228756,NA,NA,6.93262132933319,0.63410651330422,1.7112542321242,1.7112542321242,0.878779747315346,0.878779747315346,0,0,0,NA,NA,1.57988735964429,6.29851481602897,3.7833639213187
"per_cell_all_cells_OLS","all_cells_slope","collection10_k1_tropical_temperate","collection",NA,10,1,"tropical_temperate",232.15,"Carnian","Mesozoic",1.5,-0.531498338673916,-0.224673996910254,0,0,1.32684929954252,1.92506684375924,NA,NA,1.55319748269067,0.567515203878439,0.306824341763663,-0.306824341763663,0.598217544216721,-0.598217544216721,0,0,0,NA,NA,0.487854795534534,0.985682278812236,1.06035634328456
"per_cell_all_cells_OLS","all_cells_slope","collection10_k1_tropical_temperate","collection",NA,10,1,"tropical_temperate",248.3,"Olenekian","Mesozoic",0.15,-0.25137627406103,0.00338320229245643,1,0,0.860423972100212,1.26862593569022,NA,NA,0.669040497433353,1.10264948899821,0.254759476353486,-0.254759476353486,0.408201963590007,-0.408201963590007,0.693147180559945,1,1,NA,NA,0.230949302056073,-0.433608991564861,0.885844993215783
"per_cell_all_cells_OLS","all_cells_slope","collection10_k1_tropical_temperate","collection",NA,10,1,"tropical_temperate",253.021,"Changhsingian","Paleozoic",0.25,-0.71210643728359,0.105339302529773,0,0,1.52566760572861,1.3906416855253,NA,NA,2.80800264145714,0.977977513767081,0.817445739813362,-0.817445739813362,0.135025920203304,0.135025920203304,0,0,0,NA,NA,0.655029945619228,1.83002512769006,1.89299007761211
"per_cell_all_cells_OLS","all_cells_slope","collection10_k1_tropical_temperate","collection",NA,10,1,"tropical_temperate",256.825,"Wuchiapingian","Paleozoic",0.121527777777778,-1.17126471401928,-0.471351718493292,1.5,1,1.21343581230662,1.18817705157201,NA,NA,1.32024431828318,0.731739148372655,0.69991299552599,-0.69991299552599,0.0252587607346144,0.0252587607346144,0.22314355131421,0.5,0.5,NA,NA,0.292546298115667,0.588505169910524,1.02599173332792
"per_cell_all_cells_OLS","all_cells_slope","collection10_k1_tropical_temperate","collection",NA,10,1,"tropical_temperate",261.895,"Capitanian","Paleozoic",0.89375,-0.650457476277229,-0.105328862916055,1,0,1.21343581230662,1.26862593569022,NA,NA,1.22668769304395,1.31836334326397,0.545128613361174,-0.545128613361174,0.0551901233835954,-0.0551901233835954,0.693147180559945,1,1,NA,NA,0.0403463394180698,-0.0916756502200256,1.27252551815396
"per_cell_all_cells_OLS","all_cells_slope","collection10_k1_tropical_temperate","collection",NA,10,1,"tropical_temperate",265.59,"Wordian","Paleozoic",0.284090909090909,-0.287712654954338,-0.256054598104374,0.5,1,1.15044748327106,0.953972326031134,NA,NA,0.316345077127982,0.5761999204903,0.031658056849964,-0.031658056849964,0.196475157239921,0.196475157239921,0.287682072451781,0.5,-0.5,NA,NA,0.18015782130055,-0.259854843362318,0.446272498809141
"per_cell_all_cells_OLS","all_cells_slope","collection10_k1_tropical_temperate","collection",NA,10,1,"tropical_temperate",270.65,"Roadian","Paleozoic",1.6,-0.676590681001998,-0.0529944647982364,1,0,0.970748649845299,1.3853222177742,NA,NA,1.19384398746385,0.480512266338693,0.623596216203761,-0.623596216203761,0.4145735679289,-0.4145735679289,0.693147180559945,1,1,NA,NA,0.393267096809864,0.713331721125161,0.837178126901273
"per_cell_all_cells_OLS","all_cells_slope","collection10_k1_tropical_temperate","collection",NA,10,1,"tropical_temperate",278.85,"Kungurian","Paleozoic",0.195652173913044,-0.280963738876395,-0.230751610569987,1,1,1.36361513483875,1.19114379040138,NA,NA,0.94157836188271,0.643528142023485,0.0502121283064087,-0.0502121283064087,0.172471344437372,0.172471344437372,0,0,0,NA,NA,0.166655993688288,0.298050219859225,0.792553251953097
"per_cell_all_cells_OLS","all_cells_slope","collection10_k1_tropical_temperate","collection",NA,10,1,"tropical_temperate",291.81,"Sakmarian","Paleozoic",0.883838383838384,-0.0842295280338111,-0.284133323703642,1,0.5,1.13759291798904,1.44616570135661,NA,NA,0.871834634649543,0.98850894898325,0.199903795669831,0.199903795669831,0.30857278336757,-0.30857278336757,0.287682072451781,0.5,0.5,NA,NA,0.060466048062181,-0.116674314333707,0.930171791816396
"per_cell_all_cells_OLS","all_cells_slope","collection10_k1_tropical_temperate","collection",NA,10,1,"tropical_temperate",296.21,"Asselian","Paleozoic",1.66666666666667,0.144931023788855,-0.397720480368178,0,0,1.36122781945955,1.71498585142509,NA,NA,2.19018310472891,2.15726258465906,0.542651504157033,0.542651504157033,0.353758031965543,-0.353758031965543,0,0,0,NA,NA,0.0103729332589629,0.0329205200698435,2.17372284469398
"per_cell_all_cells_OLS","all_cells_slope","collection10_k1_tropical_temperate","collection",NA,10,1,"tropical_temperate",326.85,"Serpukhovian","Paleozoic",0.333333333333333,-1.36372459097297,-0.871130266295583,0,0,1.58578241961277,1.62697843363992,NA,NA,1.47421725580432,3.18439198228631,0.492594324677384,-0.492594324677384,0.0411960140271475,-0.0411960140271475,0,0,0,NA,NA,0.525437322670512,-1.71017472648199,2.32930461904532
"per_cell_all_cells_OLS","all_cells_slope","collection10_k1_tropical_temperate","collection",NA,10,1,"tropical_temperate",402.045,"Emsian","Paleozoic",3.64285714285714,0.284577336258053,-0.142384657794769,0,1,2.5162139283084,0.796550999585406,NA,NA,1.59588149471405,1.3309323002271,0.426961994052821,0.426961994052821,1.719662928723,1.719662928723,0.693147180559945,1,-1,NA,NA,0.107657832213999,0.264949194486955,1.46340689747057
"per_cell_all_cells_OLS","all_cells_slope","collection10_k1_tropical_temperate","collection",NA,10,1,"tropical_temperate",463.8,"Darriwilian","Paleozoic",1.07142857142857,-0.0687778886182992,0.188378252903561,0,1.5,1.79434887219572,0.965391768063381,NA,NA,1.28994868926581,0.654047844251486,0.25715614152186,-0.25715614152186,0.828957104132341,0.828957104132341,0.916290731874155,1.5,-1.5,NA,NA,0.32530388830637,0.635900845014325,0.971998266758648
"per_cell_all_cells_OLS","all_cells_slope","occurrence5_k2_tropical_temperate","occurrence",5,NA,2,"tropical_temperate",1.29585,"Pleistocene","Cenozoic",0.217582417582418,-0.368788376823448,-0.245308467474833,3.5,1,0.747817954235568,0.956411671700011,NA,NA,0.604002163830975,0.850783048181009,0.123479909348615,-0.123479909348615,0.208593717464443,-0.208593717464443,0.810930216216329,2.5,2.5,NA,NA,0.143106960358872,-0.246780884350034,0.727392606005992
"per_cell_all_cells_OLS","all_cells_slope","occurrence5_k2_tropical_temperate","occurrence",5,NA,2,"tropical_temperate",3.09,"Piacenzian","Cenozoic",1.44444444444444,-0.898468436447571,-0.889372808241153,1,0,1.28623938856882,1.71498585142509,NA,NA,1.3669860142299,1.2132846752909,0.00909562820641885,-0.00909562820641885,0.428746462856272,-0.428746462856272,0.693147180559945,1,1,NA,NA,0.0671397313430076,0.153701338939001,1.2901353447604
"per_cell_all_cells_OLS","all_cells_slope","occurrence5_k2_tropical_temperate","occurrence",5,NA,2,"tropical_temperate",18.215,"Burdigalian","Cenozoic",0.65891472868217,0.0189254479990342,-0.078913828509768,3,0,0.826539395231907,1.8470962903656,NA,NA,0.712493359311239,0.585650810832226,0.0978392765088022,0.0978392765088022,1.02055689513369,-1.02055689513369,1.38629436111989,3,3,NA,NA,0.0769554841153833,0.126842548479013,0.649072085071732
"per_cell_all_cells_OLS","all_cells_slope","occurrence5_k2_tropical_temperate","occurrence",5,NA,2,"tropical_temperate",91.85,"Turonian","Mesozoic",0.257142857142857,-0.0679441058780044,-0.286826894818581,3,0,0.890283686257817,1.48715348185512,NA,NA,0.396122449251287,0.729940897602409,0.218882788940577,0.218882788940577,0.596869795597302,-0.596869795597302,1.38629436111989,3,3,NA,NA,0.214388529833623,-0.333818448351123,0.563031673426848
"per_cell_all_cells_OLS","all_cells_slope","occurrence5_k2_tropical_temperate","occurrence",5,NA,2,"tropical_temperate",97.2,"Cenomanian","Mesozoic",1.23607594936709,-0.102356178432187,0.121316761711486,3.5,1,0.925156673409692,0.8102287258764,NA,NA,0.747326357381151,0.495184832181369,0.223672940143673,-0.223672940143673,0.114927947533292,0.114927947533292,0.810930216216329,2.5,2.5,NA,NA,0.155836991116394,0.252141525199782,0.62125559478126
"per_cell_all_cells_OLS","all_cells_slope","occurrence5_k2_tropical_temperate","occurrence",5,NA,2,"tropical_temperate",106.85,"Albian","Mesozoic",0.151111111111111,-0.333097123668945,-0.0300009601961232,2,1,0.81457314697006,0.992110050821569,NA,NA,0.602083118492655,0.73127319640538,0.303096163472821,-0.303096163472821,0.17753690385151,-0.17753690385151,0.405465108108164,1,1,NA,NA,0.0775523580065724,-0.129190077912725,0.666678157449017
"per_cell_all_cells_OLS","all_cells_slope","occurrence5_k2_tropical_temperate","occurrence",5,NA,2,"tropical_temperate",169.55,"Bajocian","Mesozoic",1.5,-0.186551764645685,-0.469298884073958,1,0.5,1.21608087646506,1.18222123937253,NA,NA,1.07849661207033,0.489808866822883,0.282747119428273,0.282747119428273,0.0338596370925288,0.0338596370925288,0.287682072451781,0.5,0.5,NA,NA,0.332997015292359,0.588687745247444,0.784152739446605
"per_cell_all_cells_OLS","all_cells_slope","occurrence5_k2_tropical_temperate","occurrence",5,NA,2,"tropical_temperate",188.55,"Pliensbachian","Mesozoic",0.130769230769231,-0.0921475333214583,-0.47652427590158,1.5,0.5,1.04972772562527,1.14430443886195,NA,NA,0.914310264701638,1.32076036989067,0.384376742580122,0.384376742580122,0.094576713236683,-0.094576713236683,0.510825623765991,1,1,NA,NA,0.192537494960423,-0.406450105189031,1.11753531729615
"per_cell_all_cells_OLS","all_cells_slope","occurrence5_k2_tropical_temperate","occurrence",5,NA,2,"tropical_temperate",248.3,"Olenekian","Mesozoic",0.607142857142857,-0.180680806235635,-0.451440428474326,2,1,0.791014288768464,1.12911910974246,NA,NA,0.607663813490235,0.965203182698855,0.270759622238691,0.270759622238691,0.338104820973991,-0.338104820973991,0.405465108108164,1,1,NA,NA,0.200813563154479,-0.35753936920862,0.786433498094545
"per_cell_all_cells_OLS","all_cells_slope","occurrence5_k2_tropical_temperate","occurrence",5,NA,2,"tropical_temperate",253.021,"Changhsingian","Paleozoic",0.107142857142857,-0.564486991161931,0.241418339157299,1,0,1.28990912324027,1.27331203144075,NA,NA,1.03184721490254,0.845293509083319,0.805905330319231,-0.805905330319231,0.0165970917995242,0.0165970917995242,0.693147180559945,1,1,NA,NA,0.0963069890188491,0.186553705819216,0.938570361992927
"per_cell_all_cells_OLS","all_cells_slope","occurrence5_k2_tropical_temperate","occurrence",5,NA,2,"tropical_temperate",256.825,"Wuchiapingian","Paleozoic",0.278260869565218,-0.821629595037957,-0.355158095949335,2,1,1.22440435233382,0.986973984995969,NA,NA,0.988790614053947,0.612333744713437,0.466471499088623,-0.466471499088623,0.237430367337855,0.237430367337855,0.405465108108164,1,1,NA,NA,0.209844062042977,0.376456869340509,0.800562179383692
"per_cell_all_cells_OLS","all_cells_slope","occurrence5_k2_tropical_temperate","occurrence",5,NA,2,"tropical_temperate",265.59,"Wordian","Paleozoic",0.419790104947526,-0.19473900698368,-0.265409970842257,1,1,0.840565011483328,0.906714131847329,NA,NA,0.232634594571779,0.526541888865506,0.0706709638585769,0.0706709638585769,0.0661491203640009,-0.0661491203640009,0,0,0,NA,NA,0.213851148440519,-0.293907294293728,0.379588241718642
"per_cell_all_cells_OLS","all_cells_slope","occurrence5_k2_tropical_temperate","occurrence",5,NA,2,"tropical_temperate",270.65,"Roadian","Paleozoic",1.09285714285714,-0.497299209818183,-0.0783041356451824,1.5,1,0.647462495495476,1.03943839301286,NA,NA,0.653714285577882,0.379060048339797,0.418995074173,-0.418995074173,0.39197589751738,-0.39197589751738,0.22314355131421,0.5,0.5,NA,NA,0.181621697484328,0.274654237238086,0.516387166958839
"per_cell_all_cells_OLS","all_cells_slope","occurrence5_k2_tropical_temperate","occurrence",5,NA,2,"tropical_temperate",278.85,"Kungurian","Paleozoic",0.647522522522522,-0.34025047311902,-0.129705931413261,2,1.5,0.825463780220329,1.09812674721144,NA,NA,0.560815293337441,0.553880549651307,0.210544541705759,-0.210544541705759,0.27266296699111,-0.27266296699111,0.182321556793955,0.5,0.5,NA,NA,0.00445292606054394,0.00693474368613389,0.557347921494374
"per_cell_all_cells_OLS","all_cells_slope","occurrence5_k2_tropical_temperate","occurrence",5,NA,2,"tropical_temperate",291.81,"Sakmarian","Paleozoic",0.594982078853047,-0.103552653273505,-0.0735000517898535,1,1.5,1.03113078865462,1.01459931239178,NA,NA,0.72392425272874,0.630311743267195,0.0300526014836512,-0.0300526014836512,0.0165314762628368,0.0165314762628368,0.22314355131421,0.5,-0.5,NA,NA,0.0558319842737599,0.0936125094615453,0.677117997997968
"per_cell_all_cells_OLS","all_cells_slope","occurrence5_k2_tropical_temperate","occurrence",5,NA,2,"tropical_temperate",296.21,"Asselian","Paleozoic",1.25,-0.173913286832005,-0.5350407217237,1,1,1.34164078649987,1.13759291798904,NA,NA,1.11068017004931,0.986826986723325,0.361127434891695,0.361127434891695,0.204047868510832,0.204047868510832,0,0,0,NA,NA,0.0604713638478828,0.123853183325983,1.04875357838632
"per_cell_all_cells_OLS","all_cells_slope","occurrence5_k2_tropical_temperate","occurrence",5,NA,2,"tropical_temperate",402.045,"Emsian","Paleozoic",1.41289893617021,-0.524630857073742,-0.12715947039532,0,3,1.48892973800172,0.559461911139841,NA,NA,0.969066979149167,0.654797303407657,0.397471386678422,-0.397471386678422,0.929467826861883,0.929467826861883,1.38629436111989,3,-3,NA,NA,0.17388128986803,0.31426967574151,0.811932141278412
"per_cell_all_cells_OLS","all_cells_slope","occurrence5_k2_tropical_temperate","occurrence",5,NA,2,"tropical_temperate",428.65,"Homerian","Paleozoic",0.265909090909091,-0.137925051480166,0.581259172648088,0,0.5,1.49963534702269,1.26862593569022,NA,NA,0.820958314881668,1.42666413113323,0.719184224128254,-0.719184224128254,0.231009411332471,0.231009411332471,0.405465108108164,0.5,-0.5,NA,NA,0.287154619527316,-0.605705816251565,1.12381122300745
"per_cell_balanced_resampling_OLS","median_resampled_slope","occurrence5_k1_tropical_temperate","occurrence",5,NA,1,"tropical_temperate",0.00585,"Holocene","Cenozoic",0.240641711229947,-0.484251141441981,0.196116959546815,1,0,1.05709200980769,1.3906416855253,1,1,0.150237041809662,0.134992726315544,0.680368100988796,-0.680368100988796,0.333549675717612,-0.333549675717612,0.693147180559945,1,1,0,0,0.0133418020671463,0.0152443154941183,0.142614884062603
"per_cell_balanced_resampling_OLS","median_resampled_slope","occurrence5_k1_tropical_temperate","occurrence",5,NA,1,"tropical_temperate",1.29585,"Pleistocene","Cenozoic",0.217582417582418,-0.363077259135101,-0.241989054199127,3.5,1,0.747817954235568,0.956411671700011,1,1,0.568517543407604,0.166777626986074,0.121088204935974,-0.121088204935974,0.208593717464443,-0.208593717464443,0.810930216216329,2.5,2.5,0,0,0.295885149267256,0.40173991642153,0.367647585196839
"per_cell_balanced_resampling_OLS","median_resampled_slope","occurrence5_k1_tropical_temperate","occurrence",5,NA,1,"tropical_temperate",3.09,"Piacenzian","Cenozoic",1.44444444444444,-0.809788394739922,-0.956252988479485,1,0,1.28623938856882,1.71498585142509,1,1,1.2888125150199,0.882695592104666,0.146464593739563,0.146464593739563,0.428746462856272,-0.428746462856272,0.693147180559945,1,1,0,0,0.195328555195239,0.406116922915233,1.08575405356228
"per_cell_balanced_resampling_OLS","median_resampled_slope","occurrence5_k1_tropical_temperate","occurrence",5,NA,1,"tropical_temperate",4.4665,"Zanclean","Cenozoic",0.195121951219512,-0.405944797924828,-0.674158189540685,2,0,0.849240463104524,1.56261854292219,1,1,0.691885641784784,0.790879840862376,0.268213391615856,0.268213391615856,0.713378079817668,-0.713378079817668,1.09861228866811,2,2,0,0,0.0568633589965595,-0.0989941990775918,0.74138274132358
"per_cell_balanced_resampling_OLS","median_resampled_slope","occurrence5_k1_tropical_temperate","occurrence",5,NA,1,"tropical_temperate",9.438,"Tortonian","Cenozoic",0.448717948717949,-0.560505254626939,-0.0273812291281852,2,0,0.85617268947809,1.4142135623731,1,1,0.54192079184282,0.345319946553734,0.533124025498754,-0.533124025498754,0.558040872895006,-0.558040872895006,1.09861228866811,2,2,0,0,0.13639704342028,0.196600845289085,0.443620369198277
"per_cell_balanced_resampling_OLS","median_resampled_slope","occurrence5_k1_tropical_temperate","occurrence",5,NA,1,"tropical_temperate",12.725,"Serravallian","Cenozoic",0.7,0.109057551867294,-0.0403421850507237,1.5,0,1.12219019106464,1.87491176262966,1,1,0.944367860107964,1.37939199803591,0.149399736918018,0.149399736918018,0.752721571565024,-0.752721571565024,0.916290731874155,1.5,1.5,0,0,0.201908075449628,-0.435024137927949,1.16187992907194
"per_cell_balanced_resampling_OLS","median_resampled_slope","occurrence5_k1_tropical_temperate","occurrence",5,NA,1,"tropical_temperate",18.215,"Burdigalian","Cenozoic",0.65891472868217,0.158702976129035,-0.109823224350815,3,0,0.826539395231907,1.8470962903656,1,1,0.496974081118064,0.621975670242999,0.268526200479851,0.268526200479851,1.02055689513369,-1.02055689513369,1.38629436111989,3,3,0,0,0.0801991643253211,-0.125001589124935,0.559474875680531
"per_cell_balanced_resampling_OLS","median_resampled_slope","occurrence5_k1_tropical_temperate","occurrence",5,NA,1,"tropical_temperate",25.17,"Chattian","Cenozoic",0.928571428571428,-0.150919648155404,0.166514819130262,1,0,1.08898225556764,2.5162139283084,1,1,0.832143620098554,0.555323543937344,0.317434467285666,-0.317434467285666,1.42723167274077,-1.42723167274077,0.693147180559945,1,1,0,0,0.163803067600464,0.27682007616121,0.693733582017949
"per_cell_balanced_resampling_OLS","median_resampled_slope","occurrence5_k1_tropical_temperate","occurrence",5,NA,1,"tropical_temperate",30.6,"Rupelian","Cenozoic",0.4,0.163410446038669,0.313045587657245,1,0,1.13598775841772,2.46743496248992,1,1,0.658544366118211,0.144550580640505,0.149635141618576,-0.149635141618576,1.33144720407221,-1.33144720407221,0.693147180559945,1,1,0,0,0.370928275832037,0.513993785477707,0.401547473379358
"per_cell_balanced_resampling_OLS","median_resampled_slope","occurrence5_k1_tropical_temperate","occurrence",5,NA,1,"tropical_temperate",35.805,"Priabonian","Cenozoic",0.202702702702703,0.312699939685491,0.238343500580922,1,0,1.20872094229075,2.08637033540802,1,1,1.16348902341792,0.0633000891387452,0.0743564391045697,0.0743564391045697,0.877649393117277,-0.877649393117277,0.693147180559945,1,1,0,0,0.710344843632896,1.10018893427917,0.613394556278331
"per_cell_balanced_resampling_OLS","median_resampled_slope","occurrence5_k1_tropical_temperate","occurrence",5,NA,1,"tropical_temperate",39.37,"Bartonian","Cenozoic",0.8125,0.289012060428657,-0.349154939159156,1,0,1.47397533811605,1.92506684375924,1,1,0.876625502575835,0.143742700437153,0.638166999587812,0.638166999587812,0.451091505643198,-0.451091505643198,0.693147180559945,1,1,0,0,0.495169263102864,0.732882802138682,0.510184101506494
"per_cell_balanced_resampling_OLS","median_resampled_slope","occurrence5_k1_tropical_temperate","occurrence",5,NA,1,"tropical_temperate",44.55,"Lutetian","Cenozoic",1.93333333333333,0.325771215533217,0.0181384454522007,1,0,1.10825777421936,1.57181049598675,1,1,0.681357446992727,0.297997507951175,0.307632770081016,0.307632770081016,0.463552721767393,-0.463552721767393,0.693147180559945,1,1,0,0,0.25877877295217,0.383359939041552,0.489677477471951
"per_cell_balanced_resampling_OLS","median_resampled_slope","occurrence5_k1_tropical_temperate","occurrence",5,NA,1,"tropical_temperate",52.035,"Ypresian","Cenozoic",2.05645161290323,0.160823803034294,0.20813444290643,1,0,1.3331139767735,1.92506684375924,1,1,0.767913844256394,0.0801297813834553,0.0473106398721367,-0.0473106398721367,0.591952866985741,-0.591952866985741,0.693147180559945,1,1,0,0,0.492719030539682,0.687784062872939,0.424021812819925
"per_cell_balanced_resampling_OLS","median_resampled_slope","occurrence5_k1_tropical_temperate","occurrence",5,NA,1,"tropical_temperate",69.1,"Maastrichtian","Mesozoic",0.576923076923077,0.1540192588076,-0.120068894023084,2,1,1.15015000076046,1.14430443886195,1,1,0.669053048490065,0.168710354087959,0.274088152830684,0.274088152830684,0.00584556189850916,0.00584556189850916,0.405465108108164,1,1,0,0,0.356355549360747,0.500342694402106,0.418881701289012
"per_cell_balanced_resampling_OLS","median_resampled_slope","occurrence5_k1_tropical_temperate","occurrence",5,NA,1,"tropical_temperate",77.9,"Campanian","Mesozoic",0.333011583011583,-0.239838094326181,0.232903894905049,3.5,0.5,0.947194270573462,1.79434887219572,1,1,0.488170929256859,0.114916303046516,0.47274198923123,-0.47274198923123,0.84715460162226,-0.84715460162226,1.09861228866811,3,3,0,0,0.288768464063718,0.373254626210343,0.301543616151688
"per_cell_balanced_resampling_OLS","median_resampled_slope","occurrence5_k1_tropical_temperate","occurrence",5,NA,1,"tropical_temperate",87.75,"Coniacian","Mesozoic",2,-0.194098869073952,-0.73999009386462,1,0,1.33868622957292,1.78226557735801,1,1,0.712152815884495,0.811360183204779,0.545891224790667,0.545891224790667,0.443579347785091,-0.443579347785091,0.693147180559945,1,1,0,0,0.0563265101390263,-0.0992073673202842,0.761756499544637
"per_cell_balanced_resampling_OLS","median_resampled_slope","occurrence5_k1_tropical_temperate","occurrence",5,NA,1,"tropical_temperate",91.85,"Turonian","Mesozoic",0.257142857142857,-0.0828852461270176,-0.300579338470887,3,0,0.890283686257817,1.48715348185512,1,1,0.129767854064571,0.228046407503205,0.217694092343869,0.217694092343869,0.596869795597302,-0.596869795597302,1.38629436111989,3,3,0,0,0.0834124473993922,-0.0982785534386348,0.178907130783888
"per_cell_balanced_resampling_OLS","median_resampled_slope","occurrence5_k1_tropical_temperate","occurrence",5,NA,1,"tropical_temperate",97.2,"Cenomanian","Mesozoic",1.23607594936709,-0.0457193395791513,0.0411521493205399,3.5,1,0.925156673409692,0.8102287258764,1,1,0.603728169485985,0.21366617550836,0.0868714888996912,-0.0868714888996912,0.114927947533292,0.114927947533292,0.810930216216329,2.5,2.5,0,0,0.278685348851841,0.390061993977625,0.408697172497172
"per_cell_balanced_resampling_OLS","median_resampled_slope","occurrence5_k1_tropical_temperate","occurrence",5,NA,1,"tropical_temperate",106.85,"Albian","Mesozoic",0.151111111111111,-0.147712264153037,0.047748094513451,2,1,0.81457314697006,0.992110050821569,1,1,0.328372684102531,0.36481468437533,0.195460358666488,-0.195460358666488,0.17753690385151,-0.17753690385151,0.405465108108164,1,1,0,0,0.0270640097551754,-0.0364420002727989,0.346593684238931
"per_cell_balanced_resampling_OLS","median_resampled_slope","occurrence5_k1_tropical_temperate","occurrence",5,NA,1,"tropical_temperate",117.3,"Aptian","Mesozoic",0.197368421052632,-0.262421201951623,0.0389482569211601,1.5,1,1.00008146971377,1.02899151085505,1,1,0.353198730723223,0.122382330340324,0.301369458872784,-0.301369458872784,0.0289100411412837,-0.0289100411412837,0.22314355131421,0.5,0.5,0,0,0.18701771300752,0.230816400382899,0.237790530531773
"per_cell_balanced_resampling_OLS","median_resampled_slope","occurrence5_k1_tropical_temperate","occurrence",5,NA,1,"tropical_temperate",123.585,"Barremian","Mesozoic",0.224137931034483,-0.0380883886671526,0.0618813536346324,1,0,1.04598072650151,1.99939966980488,1,1,0.0371805143112423,0.115961802540745,0.099969742301785,-0.099969742301785,0.953418943303363,-0.953418943303363,0.693147180559945,1,1,0,0,0.0732106485725199,-0.0787812882295024,0.0765711584259934
"per_cell_balanced_resampling_OLS","median_resampled_slope","occurrence5_k1_tropical_temperate","occurrence",5,NA,1,"tropical_temperate",129.185,"Hauterivian","Mesozoic",0.185185185185185,-0.263513655517311,-0.184698693677988,1,0,1.23669388480168,1.78226557735801,1,1,0.660162614667539,0.165804350438909,0.0788149618393232,-0.0788149618393232,0.545571692556329,-0.545571692556329,0.693147180559945,1,1,0,0,0.353504279871596,0.494358264228629,0.412983482553224
"per_cell_balanced_resampling_OLS","median_resampled_slope","occurrence5_k1_tropical_temperate","occurrence",5,NA,1,"tropical_temperate",134.825,"Valanginian","Mesozoic",0.757518796992481,0.0427439464477948,0.184609029878989,2,0,0.85801533844317,1.79434887219572,1,1,0.244545145814191,0.0732381238877443,0.141865083431194,-0.141865083431194,0.936333533752552,-0.936333533752552,1.09861228866811,2,2,0,0,0.148089755933146,0.171307021926447,0.158891634850968
"per_cell_balanced_resampling_OLS","median_resampled_slope","occurrence5_k1_tropical_temperate","occurrence",5,NA,1,"tropical_temperate",146.15,"Tithonian","Mesozoic",0.191176470588235,0.00697093646636936,-0.0191550642353832,1,0,0.975999386038186,1.5400534750074,1,1,0.12210364285613,0.0558533149012096,0.0261260007017526,0.0261260007017526,0.564054088969209,-0.564054088969209,0.693147180559945,1,1,0,0,0.0608559068542731,0.0662503279549203,0.0889784788786697
"per_cell_balanced_resampling_OLS","median_resampled_slope","occurrence5_k1_tropical_temperate","occurrence",5,NA,1,"tropical_temperate",152,"Kimmeridgian","Mesozoic",0.615384615384615,-0.324969665674655,-0.210396530637108,1.5,0,1.08898225556764,1.48715348185512,1,1,0.573740938811469,0.0778113547738903,0.114573135037547,-0.114573135037547,0.398171226287483,-0.398171226287483,0.916290731874155,1.5,1.5,0,0,0.378523087052898,0.495929584037579,0.32577614679268
"per_cell_balanced_resampling_OLS","median_resampled_slope","occurrence5_k1_tropical_temperate","occurrence",5,NA,1,"tropical_temperate",158.15,"Oxfordian","Mesozoic",1.275,-0.134598439538051,-0.277137916390315,1,0.5,1.33677280885692,1.30564385739486,1,1,0.16288681808873,0.240891765027499,0.142539476852263,0.142539476852263,0.031128951462053,0.031128951462053,0.287682072451781,0.5,0.5,0,0,0.0649247366117752,-0.0780049469387688,0.201889291558114
"per_cell_balanced_resampling_OLS","median_resampled_slope","occurrence5_k1_tropical_temperate","occurrence",5,NA,1,"tropical_temperate",163.4,"Callovian","Mesozoic",0.978260869565217,-0.854238415270186,-0.255678053288893,1,1,1.39560467837445,1.03287451148591,1,1,0.160531177245169,0.371606658800058,0.598560361981293,-0.598560361981293,0.362730166888539,0.362730166888539,0,0,0,0,0,0.167104984635957,-0.21107548155489,0.266068918022613
"per_cell_balanced_resampling_OLS","median_resampled_slope","occurrence5_k1_tropical_temperate","occurrence",5,NA,1,"tropical_temperate",166.75,"Bathonian","Mesozoic",1.61538461538462,0.0911448835650981,-0.738959394897707,2,0,1.20160320712774,1.32684929954252,1,1,0.922256768879948,0.536574687732423,0.830104278462805,0.830104278462805,0.125246092414779,-0.125246092414779,1.09861228866811,2,2,0,0,0.223944185846123,0.385682081147525,0.729415728306186
"per_cell_balanced_resampling_OLS","median_resampled_slope","occurrence5_k1_tropical_temperate","occurrence",5,NA,1,"tropical_temperate",169.55,"Bajocian","Mesozoic",1.5,-0.174668992131453,-0.352031159364308,1,0.5,1.21608087646506,1.18222123937253,1,1,0.121571885086178,0.117398142588288,0.177362167232854,0.177362167232854,0.0338596370925288,0.0338596370925288,0.287682072451781,0.5,0.5,0,0,0.00372827441269545,0.00417374249789071,0.119485013837233
"per_cell_balanced_resampling_OLS","median_resampled_slope","occurrence5_k1_tropical_temperate","occurrence",5,NA,1,"tropical_temperate",179.45,"Toarcian","Mesozoic",1,-0.196979166622486,-0.453200894007518,1,0,1.28058810019184,1.32684929954252,1,1,0.761790519503731,0.326288508193914,0.256221727385032,0.256221727385032,0.046261199350685,-0.046261199350685,0.693147180559945,1,1,0,0,0.2839461866164,0.435502011309817,0.544039513848822
"per_cell_balanced_resampling_OLS","median_resampled_slope","occurrence5_k1_tropical_temperate","occurrence",5,NA,1,"tropical_temperate",188.55,"Pliensbachian","Mesozoic",0.130769230769231,-0.0758890245969537,-0.615248106271076,1.5,0.5,1.04972772562527,1.14430443886195,1,1,0.270059723574892,0.400015275997461,0.539359081674122,0.539359081674122,0.094576713236683,-0.094576713236683,0.510825623765991,1,1,0,0,0.0974192221867267,-0.129955552422569,0.335037499786176
"per_cell_balanced_resampling_OLS","median_resampled_slope","occurrence5_k1_tropical_temperate","occurrence",5,NA,1,"tropical_temperate",196.2,"Sinemurian","Mesozoic",0.480434782608696,0.0688215103113855,-0.0941606702397176,1.5,0,1.01528406600445,1.5400534750074,1,1,0.363166475638105,0.11234247175964,0.162982180551103,0.162982180551103,0.524769409002944,-0.524769409002944,0.916290731874155,1.5,1.5,0,0,0.203342157774937,0.250824003878465,0.237754473698873
"per_cell_balanced_resampling_OLS","median_resampled_slope","occurrence5_k1_tropical_temperate","occurrence",5,NA,1,"tropical_temperate",200.45,"Hettangian","Mesozoic",0.727272727272727,0.37055398312925,0.108788124078246,1,0.5,1.21333764274175,1.27234524442128,1,1,0.264176800949462,0.0499539793248803,0.261765859051004,0.261765859051004,0.0590076016795298,-0.0590076016795298,0.287682072451781,0.5,0.5,0,0,0.18567482611756,0.214222821624582,0.157065390137171
"per_cell_balanced_resampling_OLS","median_resampled_slope","occurrence5_k1_tropical_temperate","occurrence",5,NA,1,"tropical_temperate",203.55,"Rhaetian","Mesozoic",0.727272727272727,-0.17710902111568,-0.254044212840588,0.5,0,1.55126306998506,1.54348726628258,1,1,0.123620456690832,0.587033853379244,0.0769351917249074,0.0769351917249074,0.00777580370247799,0.00777580370247799,0.405465108108164,0.5,0.5,0,0,0.345310750534465,-0.463413396688411,0.355327155035038
"per_cell_balanced_resampling_OLS","median_resampled_slope","occurrence5_k1_tropical_temperate","occurrence",5,NA,1,"tropical_temperate",216.5,"Norian","Mesozoic",0.230769230769231,-0.532038951569952,-0.534931285154103,2,0.5,0.454700476681744,1.15044748327106,1,1,0.361815298074123,0.406652994533106,0.00289233358415042,0.00289233358415042,0.695747006589312,-0.695747006589312,0.693147180559945,1.5,1.5,0,0,0.0323945320869553,-0.0448376964589824,0.384234146303614
"per_cell_balanced_resampling_OLS","median_resampled_slope","occurrence5_k1_tropical_temperate","occurrence",5,NA,1,"tropical_temperate",232.15,"Carnian","Mesozoic",2.18181818181818,-0.277029298822184,-0.126790880841987,1,0,0.955394632947723,1.49963534702269,1,1,0.607600395146829,0.19608497352698,0.150238417980197,-0.150238417980197,0.544240714074967,-0.544240714074967,0.693147180559945,1,1,0,0,0.295688928287975,0.411515421619849,0.401842684336905
"per_cell_balanced_resampling_OLS","median_resampled_slope","occurrence5_k1_tropical_temperate","occurrence",5,NA,1,"tropical_temperate",244.082,"Anisian","Mesozoic",0.666023166023166,0.156478702671627,-0.0697518298434997,2,0,0.890373038279546,1.99939966980488,1,1,0.783821824896312,0.0737485800673206,0.226230532515127,0.226230532515127,1.10902663152533,-1.10902663152533,1.09861228866811,2,2,0,0,0.507602283322875,0.710073244828992,0.428785202481817
"per_cell_balanced_resampling_OLS","median_resampled_slope","occurrence5_k1_tropical_temperate","occurrence",5,NA,1,"tropical_temperate",248.3,"Olenekian","Mesozoic",0.607142857142857,-0.0753060757414205,-0.454915667683477,2,1,0.791014288768464,1.12911910974246,1,1,0.558850453004591,0.13996771026079,0.379609591942056,0.379609591942056,0.338104820973991,-0.338104820973991,0.405465108108164,1,1,0,0,0.312948722852977,0.4188827427438,0.349409081632691
"per_cell_balanced_resampling_OLS","median_resampled_slope","occurrence5_k1_tropical_temperate","occurrence",5,NA,1,"tropical_temperate",250.901,"Induan","Mesozoic",0.769230769230769,-0.2470809474552,0.665850631727148,2,1,1.01674117526194,1.04109770979986,1,1,0.722143793871543,0.324833350161594,0.912931579182348,-0.912931579182348,0.0243565345379189,-0.0243565345379189,0.405465108108164,1,1,0,0,0.262283228444626,0.397310443709949,0.523488572016568
"per_cell_balanced_resampling_OLS","median_resampled_slope","occurrence5_k1_tropical_temperate","occurrence",5,NA,1,"tropical_temperate",253.021,"Changhsingian","Paleozoic",0.107142857142857,-0.455091409707199,0.124045031690422,1,0,1.28990912324027,1.27331203144075,1,1,0.65709008873166,0.692441385815751,0.579136441397622,-0.579136441397622,0.0165970917995242,0.0165970917995242,0.693147180559945,1,1,0,0,0.0211089879424459,-0.0353512970840918,0.674765737273705
"per_cell_balanced_resampling_OLS","median_resampled_slope","occurrence5_k1_tropical_temperate","occurrence",5,NA,1,"tropical_temperate",256.825,"Wuchiapingian","Paleozoic",0.278260869565218,-0.79542022885156,-0.436305021377679,2,1,1.22440435233382,0.986973984995969,1,1,0.902542695222765,0.731142042101101,0.359115207473881,-0.359115207473881,0.237430367337855,0.237430367337855,0.405465108108164,1,1,0,0,0.0944099214873009,0.171400653121664,0.816842368661933
"per_cell_balanced_resampling_OLS","median_resampled_slope","occurrence5_k1_tropical_temperate","occurrence",5,NA,1,"tropical_temperate",261.895,"Capitanian","Paleozoic",0.698529411764706,-0.467676122111204,-0.162465373742757,1,1,0.996316746232607,0.992747976415659,1,1,0.651746284381425,0.267473085967092,0.305210748368448,-0.305210748368448,0.00356876981694787,0.00356876981694787,0,0,0,0,0,0.264807860114375,0.384273198414333,0.459609685174258
"per_cell_balanced_resampling_OLS","median_resampled_slope","occurrence5_k1_tropical_temperate","occurrence",5,NA,1,"tropical_temperate",265.59,"Wordian","Paleozoic",0.419790104947526,-0.191894082535522,-0.36660929479569,1,1,0.840565011483328,0.906714131847329,1,1,0.223971913129931,0.48893186148242,0.174715212260167,0.174715212260167,0.0661491203640009,-0.0661491203640009,0,0,0,0,0,0.195957754356246,-0.264959948352489,0.356451887306175
"per_cell_balanced_resampling_OLS","median_resampled_slope","occurrence5_k1_tropical_temperate","occurrence",5,NA,1,"tropical_temperate",270.65,"Roadian","Paleozoic",1.09285714285714,-0.689053779944679,0.0511664919776388,1.5,1,0.647462495495476,1.03943839301286,1,1,0.363033541015923,0.182063287489947,0.740220271922318,-0.740220271922318,0.39197589751738,-0.39197589751738,0.22314355131421,0.5,0.5,0,0,0.142451300374231,0.180970253525977,0.272548414252935
"per_cell_balanced_resampling_OLS","median_resampled_slope","occurrence5_k1_tropical_temperate","occurrence",5,NA,1,"tropical_temperate",278.85,"Kungurian","Paleozoic",0.647522522522522,-0.321710306183173,-0.023614526658184,2,1.5,0.825463780220329,1.09812674721144,1,1,0.589246135598255,0.634225488013795,0.298095779524989,-0.298095779524989,0.27266296699111,-0.27266296699111,0.182321556793955,0.5,0.5,0,0,0.027909209234385,-0.0449793524155393,0.611735811806025
"per_cell_balanced_resampling_OLS","median_resampled_slope","occurrence5_k1_tropical_temperate","occurrence",5,NA,1,"tropical_temperate",286.7,"Artinskian","Paleozoic",1.05747126436782,-1.07365738649001,-0.196535563101667,1,1,1.29741674135237,1.39579199529072,1,1,0.634395181400025,0.419264406979363,0.877121823388344,-0.877121823388344,0.0983752539383447,-0.0983752539383447,0,0,0,0,0,0.14113410214026,0.215130774420662,0.526829794189694
"per_cell_balanced_resampling_OLS","median_resampled_slope","occurrence5_k1_tropical_temperate","occurrence",5,NA,1,"tropical_temperate",291.81,"Sakmarian","Paleozoic",0.594982078853047,-0.0201407333664402,-0.0327889946098549,1,1.5,1.03113078865462,1.01459931239178,1,1,0.273544252085272,0.68216816791304,0.0126482612434147,0.0126482612434147,0.0165314762628368,0.0165314762628368,0.22314355131421,0.5,-0.5,0,0,0.278279774244334,-0.408623915827767,0.477856209999156
"per_cell_balanced_resampling_OLS","median_resampled_slope","occurrence5_k1_tropical_temperate","occurrence",5,NA,1,"tropical_temperate",296.21,"Asselian","Paleozoic",1.25,-0.16379765769486,-0.383361976439353,1,1,1.34164078649987,1.13759291798904,1,1,0.355355628717709,0.578857707143192,0.219564318744493,0.219564318744493,0.204047868510832,0.204047868510832,0,0,0,0,0,0.152637738893194,-0.223502078425483,0.467106667930451
"per_cell_balanced_resampling_OLS","median_resampled_slope","occurrence5_k1_tropical_temperate","occurrence",5,NA,1,"tropical_temperate",301.3,"Gzhelian","Paleozoic",1.55555555555556,-0.933443823223369,-1.99353230170868,0,0,1.4142135623731,2.40880736904728,1,1,0.0772832422568529,1.95601428996958,1.06008847848531,1.06008847848531,0.994593806674183,-0.994593806674183,0,0,0,0,0,1.00939948181954,-1.87873104771273,1.01664876611322
"per_cell_balanced_resampling_OLS","median_resampled_slope","occurrence5_k1_tropical_temperate","occurrence",5,NA,1,"tropical_temperate",311.1,"Moscovian","Paleozoic",0.0326797385620915,-1.62854256475202,-0.383240705227058,0,0,1.23669388480168,1.83293700111903,1,1,0.526692884008008,0.728174800432895,1.24530185952496,-1.24530185952496,0.59624311631735,-0.59624311631735,0,0,0,0,0,0.123961940682158,-0.201481916424887,0.627433842220452
"per_cell_balanced_resampling_OLS","median_resampled_slope","occurrence5_k1_tropical_temperate","occurrence",5,NA,1,"tropical_temperate",319.3,"Bashkirian","Paleozoic",0.55,-0.151199909697573,-0.200922309317454,0,0,1.44058811519707,1.32842232831014,1,1,0.674352224991961,1.13534136693457,0.0497223996198816,0.0497223996198816,0.112165786886931,0.112165786886931,0,0,0,0,0,0.24320016560618,-0.460989141942606,0.904846795963264
"per_cell_balanced_resampling_OLS","median_resampled_slope","occurrence5_k1_tropical_temperate","occurrence",5,NA,1,"tropical_temperate",326.85,"Serpukhovian","Paleozoic",1.19327731092437,-1.16442785332156,-0.94523504288157,0,1,1.51805740006635,1.25595818894936,1,1,0.950512413661517,1.2031787224713,0.219192810439989,-0.219192810439989,0.262099211116986,0.262099211116986,0.693147180559945,1,-1,0,0,0.121809077096316,-0.252666308809781,1.07684556806641
"per_cell_balanced_resampling_OLS","median_resampled_slope","occurrence5_k1_tropical_temperate","occurrence",5,NA,1,"tropical_temperate",365.505,"Famennian","Paleozoic",1.375,1.48692894730888,-0.028205788614315,0,1.5,2.2129299183502,1.1176228712553,1,1,1.42975887879968,1.72314225336843,1.51513473592319,1.51513473592319,1.0953070470949,1.0953070470949,0.916290731874155,1.5,-1.5,0,0,0.113994428142651,-0.293383374568751,1.57645056608406
"per_cell_balanced_resampling_OLS","median_resampled_slope","occurrence5_k1_tropical_temperate","occurrence",5,NA,1,"tropical_temperate",377.23,"Frasnian","Paleozoic",0.4375,0.443712554206949,-0.161765512220641,0,3,2.66631650362049,0.760949484293839,1,1,2.25278677734934,0.503008951191804,0.60547806642759,0.60547806642759,1.90536701932665,1.90536701932665,1.38629436111989,3,-3,0,0,0.772043032574741,1.74977782615754,1.37789786427057
"per_cell_balanced_resampling_OLS","median_resampled_slope","occurrence5_k1_tropical_temperate","occurrence",5,NA,1,"tropical_temperate",385.13,"Givetian","Paleozoic",0.803571428571429,-0.0819238477167214,-0.318577681198117,0,2,2.18529407725405,0.915060071237724,1,1,0.43436170085058,0.558477288183216,0.236653833481396,0.236653833481396,1.27023400601633,1.27023400601633,1.09861228866811,2,-2,0,0,0.08298930476415,-0.124115587332636,0.496419494516898
"per_cell_balanced_resampling_OLS","median_resampled_slope","occurrence5_k1_tropical_temperate","occurrence",5,NA,1,"tropical_temperate",402.045,"Emsian","Paleozoic",1.41289893617021,-0.476134594962609,-0.0701016700929609,0,3,1.48892973800172,0.559461911139841,1,1,0.708952544044949,0.427715278209618,0.406032924869648,-0.406032924869648,0.929467826861883,0.929467826861883,1.38629436111989,3,-3,0,0,0.179805176458374,0.281237265835331,0.568333911127283
"per_cell_balanced_resampling_OLS","median_resampled_slope","occurrence5_k1_tropical_temperate","occurrence",5,NA,1,"tropical_temperate",423.85,"Ludfordian","Paleozoic",1.1437908496732,-0.373610733422315,-0.298683730625863,0,1,1.57181049598675,1.33301102013774,1,1,0.313333874453087,0.661997820959733,0.0749270027964525,-0.0749270027964525,0.238799475849007,0.238799475849007,0.693147180559945,1,-1,0,0,0.235451538675405,-0.348663946506646,0.48766584770641
"per_cell_balanced_resampling_OLS","median_resampled_slope","occurrence5_k1_tropical_temperate","occurrence",5,NA,1,"tropical_temperate",428.65,"Homerian","Paleozoic",0.265909090909091,-0.151080620889726,0.476805655508176,0,0.5,1.49963534702269,1.26862593569022,1,1,0.352871257271675,0.452356056157908,0.627886276397902,-0.627886276397902,0.231009411332471,0.231009411332471,0.405465108108164,0.5,-0.5,0,0,0.0709579129516405,-0.0994847988862333,0.402613656714791
"per_cell_balanced_resampling_OLS","median_resampled_slope","occurrence5_k1_tropical_temperate","occurrence",5,NA,1,"tropical_temperate",435.75,"Telychian","Paleozoic",0.433333333333333,-0.119455132326254,0.223854051387799,1,1,1.10825777421936,1.40928253772803,1,1,1.19504146783969,0.327999547965771,0.343309183714053,-0.343309183714053,0.301024763508667,-0.301024763508667,0,0,0,0,0,0.502527227636021,0.867041919873919,0.761520507902731
"per_cell_balanced_resampling_OLS","median_resampled_slope","occurrence5_k1_tropical_temperate","occurrence",5,NA,1,"tropical_temperate",441.8,"Rhuddanian","Paleozoic",1.75,-0.233997016100744,0.512679485051911,0,0,2.06824733985651,1.6007351252398,1,1,0.480668107358102,0.642157815183268,0.746676501152655,-0.746676501152655,0.467512214616712,0.467512214616712,0,0,0,0,0,0.103517708167358,-0.161489707825166,0.561412961270685
"per_cell_balanced_resampling_OLS","median_resampled_slope","occurrence5_k1_tropical_temperate","occurrence",5,NA,1,"tropical_temperate",463.8,"Darriwilian","Paleozoic",0.119298245614035,-0.0741692584338602,0.153784007718594,0,2.5,1.63022914304202,0.695665014652904,1,1,0.589615477553357,0.648443140743842,0.227953266152454,-0.227953266152454,0.934564128389119,0.934564128389119,1.25276296849537,2.5,-2.5,0,0,0.0363391424557814,-0.0588276631904848,0.619029309148599
"per_cell_balanced_resampling_OLS","median_resampled_slope","occurrence5_k1_tropical_temperate","occurrence",5,NA,1,"tropical_temperate",474.2,"Floian","Paleozoic",0.0526315789473684,-0.350237301626533,0.443224563539674,0,2,1.57429655605513,0.59920566185447,1,1,0.39820401122369,0.636543994265755,0.793461865166207,-0.793461865166207,0.975090894200659,0.975090894200659,1.09861228866811,2,-2,0,0,0.157398133802189,-0.238339983042066,0.517374002744722
"per_cell_balanced_resampling_OLS","median_resampled_slope","occurrence10_k1_tropical_temperate","occurrence",10,NA,1,"tropical_temperate",0.00585,"Holocene","Cenozoic",0.288235294117647,-0.46944318234769,0.225832510000932,1,0,1.05709200980769,1.5400534750074,1,1,0.150237041809662,0.141257925578825,0.695275692348623,-0.695275692348623,0.482961465199703,-0.482961465199703,0.693147180559945,1,1,0,0,0.00783694689710778,0.00897911623083705,0.145747483694244
"per_cell_balanced_resampling_OLS","median_resampled_slope","occurrence10_k1_tropical_temperate","occurrence",10,NA,1,"tropical_temperate",1.29585,"Pleistocene","Cenozoic",0.25494071146245,-0.409553281155919,-0.243836136933403,3,1,0.75418134375678,0.997383433233078,1,1,0.553291079833297,0.146967963464468,0.165717144222516,-0.165717144222516,0.243202089476298,-0.243202089476298,0.693147180559945,2,2,0,0,0.303254050237979,0.406323116368829,0.350129521648883
"per_cell_balanced_resampling_OLS","median_resampled_slope","occurrence10_k1_tropical_temperate","occurrence",10,NA,1,"tropical_temperate",3.09,"Piacenzian","Cenozoic",1.85714285714286,-0.639667462870184,-0.413588123967237,1,0,1.22440435233382,1.79434887219572,1,1,1.28550800319156,0.652751231292309,0.226079338902947,-0.226079338902947,0.569944519861898,-0.569944519861898,0.693147180559945,1,1,0,0,0.32414700828075,0.632756771899252,0.969129617241935
"per_cell_balanced_resampling_OLS","median_resampled_slope","occurrence10_k1_tropical_temperate","occurrence",10,NA,1,"tropical_temperate",4.4665,"Zanclean","Cenozoic",0.216216216216216,-0.30552167157773,-0.674158189540685,1.5,0,0.92111399659049,1.56261854292219,1,1,0.618442844823519,0.790879840862376,0.368636517962955,0.368636517962955,0.641504546331702,-0.641504546331702,0.916290731874155,1.5,1.5,0,0,0.101242550209161,-0.172436996038857,0.704661342842948
"per_cell_balanced_resampling_OLS","median_resampled_slope","occurrence10_k1_tropical_temperate","occurrence",10,NA,1,"tropical_temperate",9.438,"Tortonian","Cenozoic",0.532094594594595,-0.525574162804314,-0.748184162315422,2,0,0.825463780220329,1.58578241961277,1,1,0.569147619673965,0.359740351964323,0.222609999511107,0.222609999511107,0.760318639392444,-0.760318639392444,1.09861228866811,2,2,0,0,0.14323879067451,0.209407267709642,0.464443985819144
"per_cell_balanced_resampling_OLS","median_resampled_slope","occurrence10_k1_tropical_temperate","occurrence",10,NA,1,"tropical_temperate",12.725,"Serravallian","Cenozoic",0.7,0.134605028600769,-0.0403421850507237,1,0,1.18817705157201,1.87491176262966,1,1,0.88830719284673,1.37939199803591,0.174947213651493,0.174947213651493,0.686734711057651,-0.686734711057651,0.693147180559945,1,1,0,0,0.231164229473645,-0.491084805189183,1.13384959544132
"per_cell_balanced_resampling_OLS","median_resampled_slope","occurrence10_k1_tropical_temperate","occurrence",10,NA,1,"tropical_temperate",18.215,"Burdigalian","Cenozoic",0.8125,0.134010211581116,-0.111448034873101,2,0,0.839117183150735,1.7583414645291,1,1,0.473353510358951,0.486543702463624,0.245458246454217,0.245458246454217,0.919224281378369,-0.919224281378369,1.09861228866811,2,2,0,0,0.00891266045426121,-0.0131901921046732,0.479948606411287
"per_cell_balanced_resampling_OLS","median_resampled_slope","occurrence10_k1_tropical_temperate","occurrence",10,NA,1,"tropical_temperate",30.6,"Rupelian","Cenozoic",0.21875,0.118994357936588,0.313045587657245,1,0,1.2586100526795,2.46743496248992,1,1,0.605680175094109,0.144550580640505,0.194051229720657,-0.194051229720657,1.20882490981043,-1.20882490981043,0.693147180559945,1,1,0,0,0.338535397951059,0.461129594453604,0.375115377867307
"per_cell_balanced_resampling_OLS","median_resampled_slope","occurrence10_k1_tropical_temperate","occurrence",10,NA,1,"tropical_temperate",35.805,"Priabonian","Cenozoic",0.67741935483871,0.378350500861666,0.249510615308814,1,0,1.1917263902382,2.08637033540802,1,1,1.40033242593822,0.0633000891387452,0.128839885552852,0.128839885552852,0.894643945169818,-0.894643945169818,0.693147180559945,1,1,0,0,0.814229875062687,1.33703233679947,0.731816257538483
"per_cell_balanced_resampling_OLS","median_resampled_slope","occurrence10_k1_tropical_temperate","occurrence",10,NA,1,"tropical_temperate",44.55,"Lutetian","Cenozoic",2.22782258064516,0.390888881977686,0.0732011983264412,1,0,1.17496690340305,1.76360259629177,1,1,0.646703435675978,0.305934986635817,0.317687683651244,0.317687683651244,0.588635692888717,-0.588635692888717,0.693147180559945,1,1,0,0,0.231856122549035,0.340768449040161,0.476319211155897
"per_cell_balanced_resampling_OLS","median_resampled_slope","occurrence10_k1_tropical_temperate","occurrence",10,NA,1,"tropical_temperate",52.035,"Ypresian","Cenozoic",2.04310344827586,0.517198401094057,0.20813444290643,0.5,0,1.39829730889478,1.92506684375924,1,1,1.12612980473581,0.0801297813834553,0.309063958187627,0.309063958187627,0.526769534864461,-0.526769534864461,0.405465108108164,0.5,0.5,0,0,0.677222132041132,1.04600002335235,0.60312979305963
"per_cell_balanced_resampling_OLS","median_resampled_slope","occurrence10_k1_tropical_temperate","occurrence",10,NA,1,"tropical_temperate",69.1,"Maastrichtian","Mesozoic",0.636363636363636,0.137755856087226,-0.0638503458930997,1.5,0.5,1.21381905143008,1.27234524442128,1,1,0.646656449572662,0.0145442464105191,0.201606201980325,0.201606201980325,0.0585261929912035,-0.0585261929912035,0.510825623765991,1,1,0,0,0.484307344459433,0.632112203162143,0.33060034799159
"per_cell_balanced_resampling_OLS","median_resampled_slope","occurrence10_k1_tropical_temperate","occurrence",10,NA,1,"tropical_temperate",77.9,"Campanian","Mesozoic",0.516304347826087,-0.299133448712738,0.17511023869482,3,0,0.960581943041999,2.12132034355964,1,1,0.219061376782385,0.118538193586305,0.474243687407558,-0.474243687407558,1.16073840051764,-1.16073840051764,1.38629436111989,3,3,0,0,0.0860585508260322,0.10052318319608,0.168799785184345
"per_cell_balanced_resampling_OLS","median_resampled_slope","occurrence10_k1_tropical_temperate","occurrence",10,NA,1,"tropical_temperate",87.75,"Coniacian","Mesozoic",1.83333333333333,-0.367118928038042,-0.33431000226223,0.5,0,1.48279448063065,1.78226557735801,1,1,0.687057645099539,0.811360183204779,0.0328089257758123,-0.0328089257758123,0.299471096727365,-0.299471096727365,0.405465108108164,0.5,0.5,0,0,0.0710920723262424,-0.12430253810524,0.749208914152159
"per_cell_balanced_resampling_OLS","median_resampled_slope","occurrence10_k1_tropical_temperate","occurrence",10,NA,1,"tropical_temperate",91.85,"Turonian","Mesozoic",0.157407407407407,-0.0851740198291239,-0.360081324268699,1.5,0,1.05409255338946,1.54348726628258,1,1,0.12448893529748,0.128241550041683,0.274907304439575,0.274907304439575,0.48939471289312,-0.48939471289312,0.916290731874155,1.5,1.5,0,0,0.00333161755451194,-0.00375261474420342,0.126365242669582
"per_cell_balanced_resampling_OLS","median_resampled_slope","occurrence10_k1_tropical_temperate","occurrence",10,NA,1,"tropical_temperate",97.2,"Cenomanian","Mesozoic",1.30769230769231,-0.155016157857296,0.212016321655379,2,1,0.958958319436484,1.04109770979986,1,1,0.728208769627865,0.203012889968071,0.367032479512675,-0.367032479512675,0.0821393903633716,-0.0821393903633716,0.405465108108164,1,1,0,0,0.362256327053029,0.525195879659794,0.465610829797968
"per_cell_balanced_resampling_OLS","median_resampled_slope","occurrence10_k1_tropical_temperate","occurrence",10,NA,1,"tropical_temperate",106.85,"Albian","Mesozoic",0.157065217391304,-0.153465295945023,0.0747048874445724,2,1,0.733043614784598,0.997383433233078,1,1,0.325087202539244,0.286473326154109,0.228170183389596,-0.228170183389596,0.26433981844848,-0.26433981844848,0.405465108108164,1,1,0,0,0.0295736516390537,0.038613876385135,0.305780264346677
"per_cell_balanced_resampling_OLS","median_resampled_slope","occurrence10_k1_tropical_temperate","occurrence",10,NA,1,"tropical_temperate",117.3,"Aptian","Mesozoic",0.240147783251232,-0.34319617431553,-0.030542323087189,1,1,1.22555841361972,1.12911910974246,1,1,0.50818320041434,0.125028195215836,0.312653851228341,-0.312653851228341,0.0964393038772697,0.0964393038772697,0,0,0,0,0,0.293097650136475,0.383155005198504,0.316605697815088
"per_cell_balanced_resampling_OLS","median_resampled_slope","occurrence10_k1_tropical_temperate","occurrence",10,NA,1,"tropical_temperate",123.585,"Barremian","Mesozoic",0.260869565217391,-0.110384793565853,0.0618813536346324,1,0,1.06718592572556,1.78226557735801,1,1,0.118247795036644,0.107847674406884,0.172266147200486,-0.172266147200486,0.715079651632454,-0.715079651632454,0.693147180559945,1,1,0,0,0.00934389062865616,0.0104001206297598,0.113047734721764
"per_cell_balanced_resampling_OLS","median_resampled_slope","occurrence10_k1_tropical_temperate","occurrence",10,NA,1,"tropical_temperate",129.185,"Hauterivian","Mesozoic",0.208333333333333,-0.186031303740825,-0.242894427501809,1,0,1.3853222177742,2.06824733985651,1,1,0.278614435984312,0.140362173601473,0.0568631237609833,0.0568631237609833,0.682925122082312,-0.682925122082312,0.693147180559945,1,1,0,0,0.114431111655125,0.138252262382839,0.209488304792893
"per_cell_balanced_resampling_OLS","median_resampled_slope","occurrence10_k1_tropical_temperate","occurrence",10,NA,1,"tropical_temperate",134.825,"Valanginian","Mesozoic",0.191176470588235,0.0578864773710995,0.448524168512991,2,0,0.849563770198344,2.06824733985651,1,1,0.255950312316713,0.398128424785885,0.390637691141892,-0.390637691141892,1.21868356965817,-1.21868356965817,1.09861228866811,2,2,0,0,0.107241995809459,-0.142178112469171,0.327039368551299
"per_cell_balanced_resampling_OLS","median_resampled_slope","occurrence10_k1_tropical_temperate","occurrence",10,NA,1,"tropical_temperate",146.15,"Tithonian","Mesozoic",0.377777777777778,-0.0488773577304664,-0.0191550642353832,1,0,1.10258164074585,1.5400534750074,1,1,0.150537049232198,0.0558533149012096,0.0297222934950831,-0.0297222934950831,0.437471834261548,-0.437471834261548,0.693147180559945,1,1,0,0,0.0858795634051155,0.0946837343309886,0.103195182066704
"per_cell_balanced_resampling_OLS","median_resampled_slope","occurrence10_k1_tropical_temperate","occurrence",10,NA,1,"tropical_temperate",152,"Kimmeridgian","Mesozoic",0.666666666666667,-0.27981198778926,-0.210727181952313,1,0,1.1879393923934,1.36122781945955,1,1,0.6123099614905,0.0778113547738903,0.0690848058369471,-0.0690848058369471,0.173288427066145,-0.173288427066145,0.693147180559945,1,1,0,0,0.402735447801552,0.53449860671661,0.345060658132195
"per_cell_balanced_resampling_OLS","median_resampled_slope","occurrence10_k1_tropical_temperate","occurrence",10,NA,1,"tropical_temperate",158.15,"Oxfordian","Mesozoic",1.275,-0.14557621559846,-0.274183870167361,1,0.5,1.37198868114007,1.30564385739486,1,1,0.172060984018715,0.242378441009015,0.128607654568901,0.128607654568901,0.0663448237452062,0.0663448237452062,0.287682072451781,0.5,0.5,0,0,0.0582639160578401,-0.0703174569902992,0.207219712513865
"per_cell_balanced_resampling_OLS","median_resampled_slope","occurrence10_k1_tropical_temperate","occurrence",10,NA,1,"tropical_temperate",163.4,"Callovian","Mesozoic",1.02272727272727,-1.16250477105361,-0.392887190790267,0.5,1,1.47314313795709,0.994393618223213,1,1,0.343123566388767,0.378844075660239,0.769617580263347,-0.769617580263347,0.478749519733877,0.478749519733877,0.287682072451781,0.5,-0.5,0,0,0.0262476007868535,-0.0357205092714716,0.360983821024503
"per_cell_balanced_resampling_OLS","median_resampled_slope","occurrence10_k1_tropical_temperate","occurrence",10,NA,1,"tropical_temperate",166.75,"Bathonian","Mesozoic",1.75,0.0956849476891294,-0.751851897886551,1,0,1.28364907976135,1.36122781945955,1,1,0.872609242995713,0.344780011389694,0.847536845575681,0.847536845575681,0.0775787396981977,-0.0775787396981977,0.693147180559945,1,1,0,0,0.331102336054858,0.527829231606018,0.608694627192704
"per_cell_balanced_resampling_OLS","median_resampled_slope","occurrence10_k1_tropical_temperate","occurrence",10,NA,1,"tropical_temperate",169.55,"Bajocian","Mesozoic",1.73076923076923,-0.177191390571927,-0.324013484751059,1,0,1.33309017390599,1.32684929954252,1,1,0.278835247876621,0.113265954172163,0.146822094179132,0.146822094179132,0.00624087436346832,0.00624087436346832,0.693147180559945,1,1,0,0,0.138651704783408,0.165569293704458,0.196050601024392
"per_cell_balanced_resampling_OLS","median_resampled_slope","occurrence10_k1_tropical_temperate","occurrence",10,NA,1,"tropical_temperate",179.45,"Toarcian","Mesozoic",0.923076923076923,0.149301323170976,-0.437480867599451,1,0,1.41088207703341,1.32684929954252,1,1,0.767125730827186,0.290517264668588,0.586782190770427,0.586782190770427,0.08403277749089,0.08403277749089,0.693147180559945,1,1,0,0,0.314311227407761,0.476608466158598,0.528821497747887
"per_cell_balanced_resampling_OLS","median_resampled_slope","occurrence10_k1_tropical_temperate","occurrence",10,NA,1,"tropical_temperate",188.55,"Pliensbachian","Mesozoic",0.140350877192982,-0.0281564920490269,-0.695590855471886,1,0,1.07362957427915,1.26025207562521,1,1,0.262466042767725,0.613888835505974,0.667434363422859,0.667434363422859,0.186622501346061,-0.186622501346061,0.693147180559945,1,1,0,0,0.245579707336553,-0.351422792738249,0.438177439136849
"per_cell_balanced_resampling_OLS","median_resampled_slope","occurrence10_k1_tropical_temperate","occurrence",10,NA,1,"tropical_temperate",196.2,"Sinemurian","Mesozoic",0.611111111111111,0.107170827077008,0.0757027891065541,1.5,0,1.11143786045242,1.56261854292219,1,1,0.418083173130785,0.00983096307092335,0.0314680379704538,0.0314680379704538,0.451180682469769,-0.451180682469769,0.916290731874155,1.5,1.5,0,0,0.339523128079859,0.408252210059862,0.213957068100854
"per_cell_balanced_resampling_OLS","median_resampled_slope","occurrence10_k1_tropical_temperate","occurrence",10,NA,1,"tropical_temperate",200.45,"Hettangian","Mesozoic",0.304347826086956,0.381867720806495,0.057047982666962,1,0,1.25348396942421,1.76360259629177,1,1,0.260116888203655,0.0905074860046251,0.324819738139533,0.324819738139533,0.510118626867559,-0.510118626867559,0.693147180559945,1,1,0,0,0.144561313695092,0.16960940219903,0.17531218710414
"per_cell_balanced_resampling_OLS","median_resampled_slope","occurrence10_k1_tropical_temperate","occurrence",10,NA,1,"tropical_temperate",203.55,"Rhaetian","Mesozoic",0.260526315789474,-0.166126682945477,-0.94342427189254,0.5,0,1.63999626415914,1.77034393468016,1,1,0.126137723073845,0.0596410659239671,0.777297588947063,0.777297588947063,0.130347670521022,-0.130347670521022,0.405465108108164,0.5,0.5,0,0,0.0608636002991013,0.0664966571498779,0.092889394498906
"per_cell_balanced_resampling_OLS","median_resampled_slope","occurrence10_k1_tropical_temperate","occurrence",10,NA,1,"tropical_temperate",216.5,"Norian","Mesozoic",0.272727272727273,-0.579754939413223,-0.534931285154103,2,0.5,0.598978225751694,1.15044748327106,1,1,0.350789437205918,0.406652994533106,0.0448236542591206,-0.0448236542591206,0.551469257519361,-0.551469257519361,0.693147180559945,1.5,1.5,0,0,0.040523929965687,-0.0558635573271877,0.378721215869512
"per_cell_balanced_resampling_OLS","median_resampled_slope","occurrence10_k1_tropical_temperate","occurrence",10,NA,1,"tropical_temperate",232.15,"Carnian","Mesozoic",1.875,-0.284893071158981,-0.123359856796713,1,0,1.07016732488022,1.58578241961277,1,1,0.658297558693648,0.0505147655127764,0.161533214362268,-0.161533214362268,0.515615094732549,-0.515615094732549,0.693147180559945,1,1,0,0,0.456511212158639,0.607782793180871,0.354406162103212
"per_cell_balanced_resampling_OLS","median_resampled_slope","occurrence10_k1_tropical_temperate","occurrence",10,NA,1,"tropical_temperate",244.082,"Anisian","Mesozoic",0.961538461538461,0.186360369233643,-0.0751809404375111,1,0,1.01365545896441,1.78226557735801,1,1,0.626087062286048,0.0737485800673206,0.261541309671154,0.261541309671154,0.768610118393608,-0.768610118393608,0.693147180559945,1,1,0,0,0.415020681623392,0.552338482218728,0.349917821176684
"per_cell_balanced_resampling_OLS","median_resampled_slope","occurrence10_k1_tropical_temperate","occurrence",10,NA,1,"tropical_temperate",248.3,"Olenekian","Mesozoic",0.607142857142857,-0.0877143826831267,-0.428113580655727,2,1,0.808388920668031,1.12911910974246,1,1,0.472036685027406,0.13996771026079,0.340399197972601,0.340399197972601,0.320730189074425,-0.320730189074425,0.405465108108164,1,1,0,0,0.255647004217135,0.332068974766616,0.306002197644098
"per_cell_balanced_resampling_OLS","median_resampled_slope","occurrence10_k1_tropical_temperate","occurrence",10,NA,1,"tropical_temperate",250.901,"Induan","Mesozoic",0.946969696969697,-0.289465684481482,0.440711860442563,2,0,0.939336436627724,1.27234524442128,1,1,0.611962066402228,0.324340638821036,0.730177544924046,-0.730177544924046,0.33300880779356,-0.33300880779356,1.09861228866811,2,2,0,0,0.196537407298726,0.287621427581191,0.468151352611632
"per_cell_balanced_resampling_OLS","median_resampled_slope","occurrence10_k1_tropical_temperate","occurrence",10,NA,1,"tropical_temperate",253.021,"Changhsingian","Paleozoic",0.0982142857142857,-0.687771050309249,0.408226300848537,0,0,1.5,1.28990912324027,1,1,1.58472539488403,0.743654308588063,1.09599735115779,-1.09599735115779,0.210090876759728,0.210090876759728,0,0,0,0,0,0.393636183812242,0.841071086295964,1.16418985173604
"per_cell_balanced_resampling_OLS","median_resampled_slope","occurrence10_k1_tropical_temperate","occurrence",10,NA,1,"tropical_temperate",256.825,"Wuchiapingian","Paleozoic",0.38804347826087,-1.08864184279068,-0.377057076233006,2,1,1.28726796881202,1.06718592572556,2,1,0.506018923434609,0.449919677670647,0.711584766557674,-0.711584766557674,0.220082043086456,0.220082043086456,0.405465108108164,1,1,0.405465108108164,1,0.0379615344721441,0.0560992457639625,0.477969300552628
"per_cell_balanced_resampling_OLS","median_resampled_slope","occurrence10_k1_tropical_temperate","occurrence",10,NA,1,"tropical_temperate",261.895,"Capitanian","Paleozoic",0.763157894736842,-0.697027797251743,-0.176078659136449,1,1,1.23616673478421,1.21218305346265,1,1,0.977585085611764,0.27197434486483,0.520949138115293,-0.520949138115293,0.0239836813215595,0.0239836813215595,0,0,0,0,0,0.44130615100897,0.705610740746934,0.624779715238297
"per_cell_balanced_resampling_OLS","median_resampled_slope","occurrence10_k1_tropical_temperate","occurrence",10,NA,1,"tropical_temperate",265.59,"Wordian","Paleozoic",0.501012145748988,-0.157340284680688,-0.306266046365397,1,1,1.00008146971377,0.926464372710492,1,1,0.234283090670263,0.497249894933421,0.14892576168471,0.14892576168471,0.0736170970032776,0.0736170970032776,0,0,0,0,0,0.193139713845374,-0.262966804263158,0.365766492801842
"per_cell_balanced_resampling_OLS","median_resampled_slope","occurrence10_k1_tropical_temperate","occurrence",10,NA,1,"tropical_temperate",270.65,"Roadian","Paleozoic",0.824414715719063,-0.56776543974579,0.0312060120300941,1,1,0.830165693289809,1.16406783772901,1,1,0.381952061252494,0.1369947002113,0.598971451775884,-0.598971451775884,0.333902144439201,-0.333902144439201,0,0,0,0,0,0.195108483239646,0.244957361041195,0.259473380731897
"per_cell_balanced_resampling_OLS","median_resampled_slope","occurrence10_k1_tropical_temperate","occurrence",10,NA,1,"tropical_temperate",278.85,"Kungurian","Paleozoic",0.096153846153846,-0.252457102535801,-0.0339551631087185,1,1,1.16868289140439,1.02899151085505,1,1,0.662488557277308,0.653707211992937,0.218501939427083,-0.218501939427083,0.139691380549339,0.139691380549339,0,0,0,0,0,0.00529604789364692,0.00878134528437069,0.658097884635123
"per_cell_balanced_resampling_OLS","median_resampled_slope","occurrence10_k1_tropical_temperate","occurrence",10,NA,1,"tropical_temperate",286.7,"Artinskian","Paleozoic",1.03928571428571,-1.07215221277389,-0.180326817687586,1,1,1.33309017390599,1.48279448063065,1,1,1.38958435466013,0.370941250006596,0.891825395086301,-0.891825395086301,0.149704306724657,-0.149704306724657,0,0,0,0,0,0.55562189290132,1.01864310465353,0.880262802333362
"per_cell_balanced_resampling_OLS","median_resampled_slope","occurrence10_k1_tropical_temperate","occurrence",10,NA,1,"tropical_temperate",291.81,"Sakmarian","Paleozoic",0.572121212121212,-0.016978584928177,-0.172195045465183,1,1.5,0.960881947820365,1.11078156405008,1,1,0.266304122170249,0.782941857520004,0.155216460537006,0.155216460537006,0.149899616229716,-0.149899616229716,0.22314355131421,0.5,-0.5,0,0,0.342162211237909,-0.516637735349756,0.524622989845127
"per_cell_balanced_resampling_OLS","median_resampled_slope","occurrence10_k1_tropical_temperate","occurrence",10,NA,1,"tropical_temperate",296.21,"Asselian","Paleozoic",1.28571428571429,0.187977973235827,-1.01653154558065,0,0.5,1.55374310845095,1.43276694840835,1,1,0.182310679989324,0.131308566008959,1.20450951881648,1.20450951881648,0.120976160042599,0.120976160042599,0.405465108108164,0.5,-0.5,0,0,0.0440957413278283,0.0510021139803646,0.156809622999141
"per_cell_balanced_resampling_OLS","median_resampled_slope","occurrence10_k1_tropical_temperate","occurrence",10,NA,1,"tropical_temperate",301.3,"Gzhelian","Paleozoic",1.25,-1.20330905363516,-1.677843913093,0,0,1.56261854292219,2.40880736904728,1,1,0.0214492341553669,1.90904326608946,0.474534859457839,0.474534859457839,0.846188826125086,-0.846188826125086,0,0,0,0,0,1.04660181589649,-1.88759403193409,0.965246250122412
"per_cell_balanced_resampling_OLS","median_resampled_slope","occurrence10_k1_tropical_temperate","occurrence",10,NA,1,"tropical_temperate",311.1,"Moscovian","Paleozoic",0,-2.15856313685478,-0.389239082992257,0,0,1.3853222177742,1.96335921618147,1,1,0.528307114723938,0.724757227938831,1.76932405386252,-1.76932405386252,0.578036998407268,-0.578036998407268,0,0,0,0,0,0.120925641292359,-0.196450113214894,0.626532171331384
"per_cell_balanced_resampling_OLS","median_resampled_slope","occurrence10_k1_tropical_temperate","occurrence",10,NA,1,"tropical_temperate",319.3,"Bashkirian","Paleozoic",0.540178571428571,-0.277971062483201,-0.177067170700517,0,0,1.56261854292219,1.27331203144075,1,1,0.781011614134799,1.10867167823398,0.100903891782684,-0.100903891782684,0.289306511481444,0.289306511481444,0,0,0,0,0,0.168876687447205,-0.327660064099177,0.944841646184388
"per_cell_balanced_resampling_OLS","median_resampled_slope","occurrence10_k1_tropical_temperate","occurrence",10,NA,1,"tropical_temperate",326.85,"Serpukhovian","Paleozoic",1.04166666666667,-1.10017739390549,-1.00023114139296,0,0,1.65919895626492,1.48892973800172,1,1,1.07444467905283,0.830627101426278,0.0999462525125294,-0.0999462525125294,0.170269218263192,0.170269218263192,0,0,0,0,0,0.125034906784448,0.243817577626556,0.952535890239556
"per_cell_balanced_resampling_OLS","median_resampled_slope","occurrence10_k1_tropical_temperate","occurrence",10,NA,1,"tropical_temperate",365.505,"Famennian","Paleozoic",0.510714285714286,0.394682618804635,-0.18468751574761,0,1.5,2.06824733985651,1.17138757870477,1,1,0.00149094099722519,1.61496751767358,0.579370134552245,0.579370134552245,0.896859761151743,0.896859761151743,0.916290731874155,1.5,-1.5,0,0,0.959761845251797,-1.61347657667636,0.808229229335405
"per_cell_balanced_resampling_OLS","median_resampled_slope","occurrence10_k1_tropical_temperate","occurrence",10,NA,1,"tropical_temperate",377.23,"Frasnian","Paleozoic",0.477272727272727,0.443712554206949,-0.128577844872473,0,3,2.52050415125042,0.82085126024381,1,1,2.25278677734934,0.540496704479589,0.572290399079422,0.572290399079422,1.69965289100661,1.69965289100661,1.38629436111989,3,-3,0,0,0.747407199079405,1.71229007286975,1.39664174091446
"per_cell_balanced_resampling_OLS","median_resampled_slope","occurrence10_k1_tropical_temperate","occurrence",10,NA,1,"tropical_temperate",385.13,"Givetian","Paleozoic",0.897435897435897,0.0875073383617893,-0.263933797545686,0,2,2.05798302171011,0.963753105691261,1,1,0.375014674397125,0.560968168641447,0.351441135907475,0.351441135907475,1.09422991601884,1.09422991601884,1.09861228866811,2,-2,0,0,0.126841846329525,-0.185953494244322,0.467991421519286
"per_cell_balanced_resampling_OLS","median_resampled_slope","occurrence10_k1_tropical_temperate","occurrence",10,NA,1,"tropical_temperate",402.045,"Emsian","Paleozoic",1.93611111111111,-0.603618311040605,-0.0686961028041223,0,3,1.78226557735801,0.535778707611092,1,1,0.772289893968428,0.43454859671893,0.534922208236483,-0.534922208236483,1.24648686974692,1.24648686974692,1.38629436111989,3,-3,0,0,0.2114222028713,0.337741297249498,0.603419245343679
"per_cell_balanced_resampling_OLS","median_resampled_slope","occurrence10_k1_tropical_temperate","occurrence",10,NA,1,"tropical_temperate",423.85,"Ludfordian","Paleozoic",0.944444444444444,-0.409244747771345,-0.259376861635491,0,0.5,1.57181049598675,1.32684929954252,1,1,0.313333874453087,0.600006104559701,0.149867886135854,-0.149867886135854,0.244961196444228,0.244961196444228,0.405465108108164,0.5,-0.5,0,0,0.197438597926505,-0.286672230106614,0.456669989506394
"per_cell_balanced_resampling_OLS","median_resampled_slope","occurrence10_k1_tropical_temperate","occurrence",10,NA,1,"tropical_temperate",428.65,"Homerian","Paleozoic",0.325,-0.197930464055073,0.468812494412196,0,0.5,1.5400534750074,1.26862593569022,1,1,0.120828768472044,0.422497929805811,0.666742958467269,-0.666742958467269,0.271427539317177,0.271427539317177,0.405465108108164,0.5,-0.5,0,0,0.238346048183386,-0.301669161333767,0.271663349138927
"per_cell_balanced_resampling_OLS","median_resampled_slope","occurrence10_k1_tropical_temperate","occurrence",10,NA,1,"tropical_temperate",435.75,"Telychian","Paleozoic",1.04571428571429,-0.458251068095652,0.189442505508805,0.5,1,1.21218305346265,1.44293817893744,1,1,1.91735875218033,0.363661095968233,0.647693573604456,-0.647693573604456,0.230755125474787,-0.230755125474787,0.287682072451781,0.5,-0.5,0,0,0.760505604832526,1.5536976562121,1.14050992407428
"per_cell_balanced_resampling_OLS","median_resampled_slope","occurrence10_k1_tropical_temperate","occurrence",10,NA,1,"tropical_temperate",441.8,"Rhuddanian","Paleozoic",1.72222222222222,-0.233997016100744,0.793018121576874,0,0,2.06824733985651,1.53392997769474,1,1,0.480668107358102,0.641303677237019,1.02701513767762,-1.02701513767762,0.534317362161769,0.534317362161769,0,0,0,0,0,0.102997441389455,-0.160635569878917,0.56098589229756
"per_cell_balanced_resampling_OLS","median_resampled_slope","occurrence10_k1_tropical_temperate","occurrence",10,NA,1,"tropical_temperate",463.8,"Darriwilian","Paleozoic",0.299667036625971,-0.0697833169062109,0.0990320949059115,0,2.5,1.68287793971628,0.759171096302089,1,1,0.518039631215103,0.580145682688848,0.168815411812122,-0.168815411812122,0.923706843414193,0.923706843414193,1.25276296849537,2.5,-2.5,0,0,0.0400972608693016,-0.0621060514737459,0.549092656951976
"per_cell_balanced_resampling_OLS","median_resampled_slope","occurrence10_k1_tropical_temperate","occurrence",10,NA,1,"tropical_temperate",474.2,"Floian","Paleozoic",0.515151515151515,-0.825787859911201,0.417627132545266,0,2,1.68033610083361,0.654812779635034,1,1,0.514315724736537,0.599675455275357,1.24341499245647,-1.24341499245647,1.02552332119858,1.02552332119858,1.09861228866811,2,-2,0,0,0.0548370981293555,-0.08535973053882,0.556995590005947
"per_cell_balanced_resampling_OLS","median_resampled_slope","collection5_k1_tropical_temperate","collection",NA,5,1,"tropical_temperate",1.29585,"Pleistocene","Cenozoic",0.283906882591093,-0.427192450049932,-0.250196519855518,3,1,0.777556750676182,0.945819166670041,1,1,0.545752036866956,0.0830572560041926,0.176995930194414,-0.176995930194414,0.168262415993859,-0.168262415993859,0.693147180559945,2,2,0,0,0.355722712591856,0.462694780862763,0.314404646435574
"per_cell_balanced_resampling_OLS","median_resampled_slope","collection5_k1_tropical_temperate","collection",NA,5,1,"tropical_temperate",4.4665,"Zanclean","Cenozoic",0.232142857142857,-0.572561118512667,-1.92835913898643,1,0,1.10738002339147,2.06824733985651,1,1,0.822363565578387,1.57143815768934,1.35579802047376,1.35579802047376,0.960867316465045,-0.960867316465045,0.693147180559945,1,1,0,0,0.344331015862446,-0.749074592110949,1.19690086163386
"per_cell_balanced_resampling_OLS","median_resampled_slope","collection5_k1_tropical_temperate","collection",NA,5,1,"tropical_temperate",9.438,"Tortonian","Cenozoic",0.630252100840336,-0.58644506381707,-0.597356851938686,2,0,0.887528076116224,1.79434887219572,1,1,0.469437636501777,0.424589387689075,0.0109117881216156,0.0109117881216156,0.906820796079499,-0.906820796079499,1.09861228866811,2,2,0,0,0.0309961441853551,0.0448482488127016,0.447013512095426
"per_cell_balanced_resampling_OLS","median_resampled_slope","collection5_k1_tropical_temperate","collection",NA,5,1,"tropical_temperate",18.215,"Burdigalian","Cenozoic",0.733333333333333,0.0100670148931093,-0.0974084270048224,1.5,0,0.9576381510421,1.7583414645291,1,1,1.013291887129,0.473387406274248,0.107475441897932,0.107475441897932,0.800703313487003,-0.800703313487003,0.916290731874155,1.5,1.5,0,0,0.312207029364494,0.53990448085475,0.743339646701623
"per_cell_balanced_resampling_OLS","median_resampled_slope","collection5_k1_tropical_temperate","collection",NA,5,1,"tropical_temperate",44.55,"Lutetian","Cenozoic",2.34920634920635,0.296369777905343,0.054057496862035,1,0,1.31854544536897,1.99939966980488,1,1,0.646629381964307,0.309537474728831,0.242312281043308,0.242312281043308,0.680854224435901,-0.680854224435901,0.693147180559945,1,1,0,0,0.229056397601451,0.337091907235476,0.478083428346569
"per_cell_balanced_resampling_OLS","median_resampled_slope","collection5_k1_tropical_temperate","collection",NA,5,1,"tropical_temperate",52.035,"Ypresian","Cenozoic",2.16071428571429,0.203384288018742,0.195356190453615,1,0,1.30861949931888,2.18529407725405,1,1,0.712574323405999,0.0852226320781129,0.00802809756512768,0.00802809756512768,0.87667457793517,-0.87667457793517,0.693147180559945,1,1,0,0,0.456212533942456,0.627351691327886,0.398898477742056
"per_cell_balanced_resampling_OLS","median_resampled_slope","collection5_k1_tropical_temperate","collection",NA,5,1,"tropical_temperate",69.1,"Maastrichtian","Mesozoic",0.681818181818182,0.174631587019126,-0.144561659323557,1.5,0,1.20200239191641,1.3906416855253,1,1,0.636917361482429,0.16636046616984,0.319193246342682,0.319193246342682,0.188639293608898,-0.188639293608898,0.916290731874155,1.5,1.5,0,0,0.338926627619693,0.470556895312589,0.401638913826135
"per_cell_balanced_resampling_OLS","median_resampled_slope","collection5_k1_tropical_temperate","collection",NA,5,1,"tropical_temperate",77.9,"Campanian","Mesozoic",0.533816425120773,-0.190161758334084,0.258439811836118,3,0,0.964740325872117,1.97036873228756,2,1,0.198797438485863,0.127351996904177,0.448601570170202,-0.448601570170202,1.00562840641544,-1.00562840641544,1.38629436111989,3,3,0.405465108108164,1,0.0614474025515948,0.071445441581686,0.16307471769502
"per_cell_balanced_resampling_OLS","median_resampled_slope","collection5_k1_tropical_temperate","collection",NA,5,1,"tropical_temperate",87.75,"Coniacian","Mesozoic",1.83333333333333,-0.451726779543639,-0.73999009386462,0.5,0,1.47637647637721,1.78226557735801,1,1,0.500266243564832,0.811360183204779,0.288263314320981,0.288263314320981,0.305889100980799,-0.305889100980799,0.405465108108164,0.5,0.5,0,0,0.188435457422219,-0.311093939639948,0.655813213384806
"per_cell_balanced_resampling_OLS","median_resampled_slope","collection5_k1_tropical_temperate","collection",NA,5,1,"tropical_temperate",97.2,"Cenomanian","Mesozoic",0.459375,-0.205250597043891,0.0285264015432237,2.5,1,1.03550259536131,0.848528137423857,1,1,0.53423498981137,0.135435498286237,0.233776998587115,-0.233776998587115,0.186974457937449,0.186974457937449,0.559615787935423,1.5,1.5,0,0,0.30101560256417,0.398799491525133,0.334835244048804
"per_cell_balanced_resampling_OLS","median_resampled_slope","collection5_k1_tropical_temperate","collection",NA,5,1,"tropical_temperate",106.85,"Albian","Mesozoic",0.192261904761905,-0.180496786724004,0.085187823477287,2,1,0.8102287258764,1.10981650603639,1,1,0.3431575098568,0.296156447583765,0.265684610201291,-0.265684610201291,0.299587780159994,-0.299587780159994,0.405465108108164,1,1,0,0,0.035619886388747,0.0470010622730344,0.319656978720282
"per_cell_balanced_resampling_OLS","median_resampled_slope","collection5_k1_tropical_temperate","collection",NA,5,1,"tropical_temperate",117.3,"Aptian","Mesozoic",0.21875,-0.0391678487597329,0.0731356369126651,1,0,1.16651347033396,1.3906416855253,1,1,0.321482819870886,0.131857346441784,0.112303485672398,-0.112303485672398,0.224128215191341,-0.224128215191341,0.693147180559945,1,1,0,0,0.154894501706075,0.189625473429102,0.226670083156335
"per_cell_balanced_resampling_OLS","median_resampled_slope","collection5_k1_tropical_temperate","collection",NA,5,1,"tropical_temperate",123.585,"Barremian","Mesozoic",0.24,-0.0984037700805966,0.0618813536346324,1,0,1.10825777421936,1.99939966980488,1,1,0.122832746673782,0.115961802540745,0.160285123715229,-0.160285123715229,0.891141895585517,-0.891141895585517,0.693147180559945,1,1,0,0,0.00613809400958428,0.0068709441330376,0.119397274607263
"per_cell_balanced_resampling_OLS","median_resampled_slope","collection5_k1_tropical_temperate","collection",NA,5,1,"tropical_temperate",129.185,"Hauterivian","Mesozoic",0.2,-0.337637733843865,-0.242894427501809,1,0,1.33309017390599,2.06824733985651,1,1,0.597781715049517,0.140362173601473,0.094743306342056,-0.094743306342056,0.735157165950519,-0.735157165950519,0.693147180559945,1,1,0,0,0.337270331077692,0.457419541448044,0.369071944325495
"per_cell_balanced_resampling_OLS","median_resampled_slope","collection5_k1_tropical_temperate","collection",NA,5,1,"tropical_temperate",134.825,"Valanginian","Mesozoic",0.196969696969697,0.0650794495741835,0.0503957437271062,2,0,0.82085126024381,2.06824733985651,1,1,0.248116954539202,0.398128424785885,0.0146837058470772,0.0146837058470772,1.2473960796127,-1.2473960796127,1.09861228866811,2,2,0,0,0.113498523686073,-0.150011470246683,0.323122689662544
"per_cell_balanced_resampling_OLS","median_resampled_slope","collection5_k1_tropical_temperate","collection",NA,5,1,"tropical_temperate",146.15,"Tithonian","Mesozoic",0.393103448275862,-0.0709290709868569,-0.0191550642353832,1,0,1.08845030570361,1.5400534750074,1,1,0.171915683841871,0.0558533149012096,0.0517740067514736,-0.0517740067514736,0.451603169303781,-0.451603169303781,0.693147180559945,1,1,0,0,0.10429047716028,0.116062368940661,0.11388449937154
"per_cell_balanced_resampling_OLS","median_resampled_slope","collection5_k1_tropical_temperate","collection",NA,5,1,"tropical_temperate",152,"Kimmeridgian","Mesozoic",0.9375,-0.320122717483883,-0.159228513757871,1,0,0.996316746232607,1.3853222177742,1,1,0.526384723980023,0.0150576354960531,0.160894203726012,-0.160894203726012,0.389005471541591,-0.389005471541591,0.693147180559945,1,1,0,0,0.407956619165514,0.51132708848397,0.270721179738038
"per_cell_balanced_resampling_OLS","median_resampled_slope","collection5_k1_tropical_temperate","collection",NA,5,1,"tropical_temperate",158.15,"Oxfordian","Mesozoic",1.33333333333333,-0.143042709132599,-0.323100605059154,1,0,1.3287902613814,1.32842232831014,1,1,0.184347393915355,0.277853396166536,0.180057895926554,0.180057895926554,0.000367933071259596,0.000367933071259596,0.693147180559945,1,1,0,0,0.0759897354410389,-0.0935060022511802,0.231100395040945
"per_cell_balanced_resampling_OLS","median_resampled_slope","collection5_k1_tropical_temperate","collection",NA,5,1,"tropical_temperate",163.4,"Callovian","Mesozoic",1.07142857142857,-0.968311859685296,-0.414576582107183,0.5,1,1.5138634342298,1.07016732488022,1,1,0.185116128442543,0.349805194713281,0.553735277578113,-0.553735277578113,0.443696109349578,0.443696109349578,0.287682072451781,0.5,-0.5,0,0,0.130119513354449,-0.164689066270738,0.267460661577912
"per_cell_balanced_resampling_OLS","median_resampled_slope","collection5_k1_tropical_temperate","collection",NA,5,1,"tropical_temperate",166.75,"Bathonian","Mesozoic",1.90909090909091,0.119418570765945,-0.735151244539643,1,0,1.23478981302606,1.49963534702269,1,1,0.841371845156767,0.519235962115753,0.854569815305588,0.854569815305588,0.264845533996626,-0.264845533996626,0.693147180559945,1,1,0,0,0.192303309861849,0.322135883041014,0.68030390363626
"per_cell_balanced_resampling_OLS","median_resampled_slope","collection5_k1_tropical_temperate","collection",NA,5,1,"tropical_temperate",169.55,"Bajocian","Mesozoic",2.1,-0.188012709733419,-0.496540522070688,1,0,1.35577197458084,1.5400534750074,1,1,0.115233494044018,0.0655032834869788,0.308527812337269,0.308527812337269,0.184281500426557,-0.184281500426557,0.693147180559945,1,1,0,0,0.0456165404958113,0.0497302105570393,0.0903683887654984
"per_cell_balanced_resampling_OLS","median_resampled_slope","collection5_k1_tropical_temperate","collection",NA,5,1,"tropical_temperate",179.45,"Toarcian","Mesozoic",1.33333333333333,-0.163685648095679,-0.371359260349039,1,0,1.35332608488295,1.57181049598675,1,1,0.646586641863345,0.0833022791157704,0.20767361225336,0.20767361225336,0.218484411103805,-0.218484411103805,0.693147180559945,1,1,0,0,0.418690401461022,0.563284362747574,0.364944460489558
"per_cell_balanced_resampling_OLS","median_resampled_slope","collection5_k1_tropical_temperate","collection",NA,5,1,"tropical_temperate",188.55,"Pliensbachian","Mesozoic",0.127272727272727,0.108356278899492,-0.633285162811468,1,0.5,1.22696965954931,1.14430443886195,1,1,0.393549320490694,0.400015275997461,0.74164144171096,0.74164144171096,0.0826652206873577,0.0826652206873577,0.287682072451781,0.5,0.5,0,0,0.00462918742718459,-0.00646595550676693,0.396782298244077
"per_cell_balanced_resampling_OLS","median_resampled_slope","collection5_k1_tropical_temperate","collection",NA,5,1,"tropical_temperate",196.2,"Sinemurian","Mesozoic",0.315151515151515,0.253168152253673,-0.0991182822024847,1,0,1.09491244047604,1.5400534750074,1,1,0.71912243368042,0.11234247175964,0.352286434456158,0.352286434456158,0.445141034531359,-0.445141034531359,0.693147180559945,1,1,0,0,0.435345821031977,0.60677996192078,0.41573245272003
"per_cell_balanced_resampling_OLS","median_resampled_slope","collection5_k1_tropical_temperate","collection",NA,5,1,"tropical_temperate",200.45,"Hettangian","Mesozoic",0.681818181818182,0.300073521986596,0.108788124078246,1,0.5,1.30292666337414,1.27234524442128,1,1,0.378262378346931,0.0499539793248803,0.19128539790835,0.19128539790835,0.0305814189528515,0.0305814189528515,0.287682072451781,0.5,0.5,0,0,0.272077225658648,0.32830839902205,0.214108178835905
"per_cell_balanced_resampling_OLS","median_resampled_slope","collection5_k1_tropical_temperate","collection",NA,5,1,"tropical_temperate",203.55,"Rhaetian","Mesozoic",0.65625,-0.162935138888375,-0.251306118780716,0,0,1.96335921618147,1.69674686594031,1,1,0.0476121812306907,0.580942545563409,0.0883709798923409,0.0883709798923409,0.266612350241156,0.266612350241156,0,0,0,0,0,0.411507755666279,-0.533330364332718,0.31427736339705
"per_cell_balanced_resampling_OLS","median_resampled_slope","collection5_k1_tropical_temperate","collection",NA,5,1,"tropical_temperate",216.5,"Norian","Mesozoic",0.264705882352941,-0.495883059857888,-0.579323521913451,2,0,0.571028617556058,1.27234524442128,1,1,0.37951635387007,0.44060649511908,0.0834404620555628,0.0834404620555628,0.701316626865226,-0.701316626865226,1.09861228866811,2,2,0,0,0.0433312325530477,-0.0610901412490099,0.410061424494575
"per_cell_balanced_resampling_OLS","median_resampled_slope","collection5_k1_tropical_temperate","collection",NA,5,1,"tropical_temperate",232.15,"Carnian","Mesozoic",1.66666666666667,-0.33492171016812,-0.00485066727894656,1,0,1.07066783188002,1.4142135623731,1,1,0.65833923909264,0.148529851614378,0.330071042889173,-0.330071042889173,0.343545730493079,-0.343545730493079,0.693147180559945,1,1,0,0,0.367333908560834,0.509809387478262,0.403434545353509
"per_cell_balanced_resampling_OLS","median_resampled_slope","collection5_k1_tropical_temperate","collection",NA,5,1,"tropical_temperate",244.082,"Anisian","Mesozoic",1.015625,0.106317211961627,-0.0751809404375111,1,0,0.916304518480748,1.78226557735801,1,1,0.718657703405585,0.0737485800673206,0.181498152399138,0.181498152399138,0.865961058877266,-0.865961058877266,0.693147180559945,1,1,0,0,0.470387709243942,0.644909123338265,0.396203141736453
"per_cell_balanced_resampling_OLS","median_resampled_slope","collection5_k1_tropical_temperate","collection",NA,5,1,"tropical_temperate",248.3,"Olenekian","Mesozoic",0.708333333333333,-0.0991837964420566,-0.353049130602777,2,0.5,0.841902145245043,1.15044748327106,1,1,0.480014395270009,0.212981625073606,0.25386533416072,0.25386533416072,0.308545338026012,-0.308545338026012,0.693147180559945,1.5,1.5,0,0,0.19897033274707,0.267032770196403,0.346498010171807
"per_cell_balanced_resampling_OLS","median_resampled_slope","collection5_k1_tropical_temperate","collection",NA,5,1,"tropical_temperate",250.901,"Induan","Mesozoic",0.196428571428571,-0.286388756669344,0.551377183848976,2,1,0.907591035982307,1.02899151085505,1,1,0.66419069376848,0.311447559373755,0.837765940518319,-0.837765940518319,0.121400474872746,-0.121400474872746,0.405465108108164,1,1,0,0,0.23820740115589,0.352743134394725,0.487819126571117
"per_cell_balanced_resampling_OLS","median_resampled_slope","collection5_k1_tropical_temperate","collection",NA,5,1,"tropical_temperate",253.021,"Changhsingian","Paleozoic",0.08,-0.502582116919585,0.380953024711322,1,0,1.31001571611587,1.25182220124481,1,1,0.558681082344828,0.78650272456837,0.883535141630907,-0.883535141630907,0.0581935148710611,0.0581935148710611,0.693147180559945,1,1,0,0,0.136419919944243,-0.227821642223541,0.672591903456599
"per_cell_balanced_resampling_OLS","median_resampled_slope","collection5_k1_tropical_temperate","collection",NA,5,1,"tropical_temperate",256.825,"Wuchiapingian","Paleozoic",0.0546341463414635,-1.45694176163607,-0.577343889294465,1.5,1,1.24908196683677,0.960881947820365,1,1,1.3252952018705,0.462821779388131,0.87959787234161,-0.87959787234161,0.288200019016409,0.288200019016409,0.22314355131421,0.5,0.5,0,0,0.463479703508495,0.862473422482367,0.894058490629314
"per_cell_balanced_resampling_OLS","median_resampled_slope","collection5_k1_tropical_temperate","collection",NA,5,1,"tropical_temperate",261.895,"Capitanian","Paleozoic",1.01648351648352,-0.595096852061995,-0.213896227477058,1,1,1.02899151085505,1.14430443886195,1,1,0.413445124601093,0.27197434486483,0.381200624584938,-0.381200624584938,0.115312928006898,-0.115312928006898,0,0,0,0,0,0.105459779459712,0.141470779736264,0.342709734732962
"per_cell_balanced_resampling_OLS","median_resampled_slope","collection5_k1_tropical_temperate","collection",NA,5,1,"tropical_temperate",265.59,"Wordian","Paleozoic",0.545808966861598,-0.2350754431501,-0.349065554303685,1,1,0.945819166670041,0.863190615806084,1,1,0.28380639551942,0.464949573057003,0.113990111153586,0.113990111153586,0.082628550863957,0.082628550863957,0,0,0,0,0,0.131991409161884,-0.181143177537583,0.374377984288211
"per_cell_balanced_resampling_OLS","median_resampled_slope","collection5_k1_tropical_temperate","collection",NA,5,1,"tropical_temperate",270.65,"Roadian","Paleozoic",1.05571847507331,-0.55283531225411,0.0559599093811476,1.5,1,0.739994160140671,1.07066783188002,1,1,0.420162314311231,0.0898244486532638,0.608795221635258,-0.608795221635258,0.330673671739345,-0.330673671739345,0.22314355131421,0.5,0.5,0,0,0.264754543945046,0.330337865657968,0.254993381482248
"per_cell_balanced_resampling_OLS","median_resampled_slope","collection5_k1_tropical_temperate","collection",NA,5,1,"tropical_temperate",278.85,"Kungurian","Paleozoic",0.417130144605117,-0.393930581568994,-0.0350417357322551,1,1,1.04598072650151,1.06890590488909,1,1,0.5292725048054,0.689284010147247,0.358888845836739,-0.358888845836739,0.0229251783875775,-0.0229251783875775,0,0,0,0,0,0.0995126412606139,-0.160011505341847,0.609278257476324
"per_cell_balanced_resampling_OLS","median_resampled_slope","collection5_k1_tropical_temperate","collection",NA,5,1,"tropical_temperate",286.7,"Artinskian","Paleozoic",1.13365539452496,-1.09884945158421,-0.218857984213921,1,1,1.36361513483875,1.53818499274158,1,1,0.472820418156526,0.375049378186504,0.87999146737029,-0.87999146737029,0.174569857902833,-0.174569857902833,0,0,0,0,0,0.0686895724542717,0.0977710399700219,0.423934898171515
"per_cell_balanced_resampling_OLS","median_resampled_slope","collection5_k1_tropical_temperate","collection",NA,5,1,"tropical_temperate",291.81,"Sakmarian","Paleozoic",0.594951923076923,0.0287270595538481,-0.164774726464294,1,1,1.16868289140439,1.08380457322396,1,1,0.255282257796109,0.818327421364849,0.193501786018142,0.193501786018142,0.0848783181804289,0.0848783181804289,0,0,0,0,0,0.370556625393423,-0.56304516356874,0.536804839580479
"per_cell_balanced_resampling_OLS","median_resampled_slope","collection5_k1_tropical_temperate","collection",NA,5,1,"tropical_temperate",296.21,"Asselian","Paleozoic",1.28571428571429,0.00120639578703444,-0.815483666548288,1,0,1.39659027502157,1.56261854292219,1,1,0.260217898838596,0.722945027355178,0.816690062335322,0.816690062335322,0.16602826790062,-0.16602826790062,0.693147180559945,1,1,0,0,0.312750410247448,-0.462727128516581,0.491581463096887
"per_cell_balanced_resampling_OLS","median_resampled_slope","collection5_k1_tropical_temperate","collection",NA,5,1,"tropical_temperate",301.3,"Gzhelian","Paleozoic",1.77777777777778,-0.91464264414195,-1.99353230170868,0,0,1.4142135623731,2.49705709138719,1,1,0.0772832422568529,1.69030986017583,1.07888965756673,1.07888965756673,1.0828435290141,-1.0828435290141,0,0,0,0,0,0.91521402115648,-1.61302661791898,0.883796551216343
"per_cell_balanced_resampling_OLS","median_resampled_slope","collection5_k1_tropical_temperate","collection",NA,5,1,"tropical_temperate",311.1,"Moscovian","Paleozoic",0.321428571428571,-1.5636903689921,-0.464420349084598,0,0,1.56261854292219,2.18529407725405,1,1,1.34129857817635,0.943178162123752,1.0992700199075,-1.0992700199075,0.622675534331858,-0.622675534331858,0,0,0,0,0,0.186380862839049,0.398120416052595,1.14223837015005
"per_cell_balanced_resampling_OLS","median_resampled_slope","collection5_k1_tropical_temperate","collection",NA,5,1,"tropical_temperate",326.85,"Serpukhovian","Paleozoic",1.21457489878542,-1.17582277979703,-1.00142139326171,0,0.5,1.63178487966126,1.39659027502157,1,1,1.07597195130289,1.09494330346751,0.174401386535322,-0.174401386535322,0.235194604639692,0.235194604639692,0.405465108108164,0.5,-0.5,0,0,0.00909703594461736,-0.0189713521646122,1.0854576273852
"per_cell_balanced_resampling_OLS","median_resampled_slope","collection5_k1_tropical_temperate","collection",NA,5,1,"tropical_temperate",365.505,"Famennian","Paleozoic",0.782608695652174,0.395428089303248,-1.70038429440846,0,0.5,2.06824733985651,1.25348396942421,1,1,0.00149094099722519,0.940980712063967,2.09581238371171,2.09581238371171,0.814763370432302,0.814763370432302,0.405465108108164,0.5,-0.5,0,0,0.661703536376452,-0.939489771066742,0.471235826530596
"per_cell_balanced_resampling_OLS","median_resampled_slope","collection5_k1_tropical_temperate","collection",NA,5,1,"tropical_temperate",402.045,"Emsian","Paleozoic",2.56770833333333,-0.27566485572354,0.0544228028640204,0,2,1.97036873228756,0.564335241417619,1,1,0.246164977183552,0.377729351114855,0.33008765858756,-0.33008765858756,1.40603349086994,1.40603349086994,1.09861228866811,2,-2,0,0,0.100365929227976,-0.131564373931303,0.311947164149203
"per_cell_balanced_resampling_OLS","median_resampled_slope","collection5_k1_tropical_temperate","collection",NA,5,1,"tropical_temperate",428.65,"Homerian","Paleozoic",0.423076923076923,-0.732631535184626,0.885033096863025,0,0,1.99939966980488,1.40928253772803,1,1,0.145773687149146,0.36937381051345,1.61766463204765,-1.61766463204765,0.59011713207685,0.59011713207685,0,0,0,0,0,0.178273444614559,-0.223600123364304,0.257573748831298
"per_cell_balanced_resampling_OLS","median_resampled_slope","collection5_k1_tropical_temperate","collection",NA,5,1,"tropical_temperate",463.8,"Darriwilian","Paleozoic",0.417348608837971,-0.0690667128880054,0.131471502591154,0,2,1.56114499199865,0.821806232301786,1,1,0.25737561693896,0.613512468420146,0.20053821547916,-0.20053821547916,0.739338759696864,0.739338759696864,1.09861228866811,2,-2,0,0,0.249386754912775,-0.356136851481187,0.435444042679553
"per_cell_balanced_resampling_OLS","median_resampled_slope","collection5_k1_tropical_temperate","collection",NA,5,1,"tropical_temperate",474.2,"Floian","Paleozoic",0.32,-1.85498373472502,0.505876394963007,0,1,1.79659763930307,0.895163475047337,1,1,0.79346514107763,0.571803983837668,2.36086012968803,-2.36086012968803,0.901434164255732,0.901434164255732,0.693147180559945,1,-1,0,0,0.131925587529786,0.221661157239962,0.682634562457649
"per_cell_balanced_resampling_OLS","median_resampled_slope","collection10_k1_tropical_temperate","collection",NA,10,1,"tropical_temperate",1.29585,"Pleistocene","Cenozoic",0.833333333333334,-0.374266672961987,-0.109061355348293,2,0.5,0.992747976415659,1.02899151085505,1,1,1.17148066715507,0,0.265205317613694,-0.265205317613694,0.0362435344393939,-0.0362435344393939,0.693147180559945,1.5,1.5,0,0,0.775409269962121,1.17148066715507,0.585740333577536
"per_cell_balanced_resampling_OLS","median_resampled_slope","collection10_k1_tropical_temperate","collection",NA,10,1,"tropical_temperate",9.438,"Tortonian","Cenozoic",0.652173913043478,-0.670417334439877,-0.558535951816257,1,0,0.997383433233078,1.92506684375924,1,1,0.420044927127883,0,0.11188138262362,-0.11188138262362,0.927683410526166,-0.927683410526166,0.693147180559945,1,1,0,0,0.350688509935125,0.420044927127883,0.210022463563941
"per_cell_balanced_resampling_OLS","median_resampled_slope","collection10_k1_tropical_temperate","collection",NA,10,1,"tropical_temperate",18.215,"Burdigalian","Cenozoic",0.8125,0.268344523345274,0.0564684870745629,1,0,1.0914103126635,2.2129299183502,1,1,1.44421257062172,0.34476331208578,0.211876036270711,0.211876036270711,1.1215196056867,-1.1215196056867,0.693147180559945,1,1,0,0,0.597504992626125,1.09944925853594,0.894487941353748
"per_cell_balanced_resampling_OLS","median_resampled_slope","collection10_k1_tropical_temperate","collection",NA,10,1,"tropical_temperate",87.75,"Coniacian","Mesozoic",1.16666666666667,-0.438601421694352,-1.39281879768393,0,0,1.67705098312484,2.30089496654211,1,1,1.06381225629889,0,0.954217375989582,0.954217375989582,0.623843983417269,-0.623843983417269,0,0,0,0,0,0.724554882386605,1.06381225629889,0.531906128149444
"per_cell_balanced_resampling_OLS","median_resampled_slope","collection10_k1_tropical_temperate","collection",NA,10,1,"tropical_temperate",97.2,"Cenomanian","Mesozoic",0.50297619047619,-0.194244185551689,0.528486163072008,1,0,1.24732607161543,1.15044748327106,1,1,0.706724857417268,0,0.722730348623697,-0.722730348623697,0.0968785883443712,0.0968785883443712,0.693147180559945,1,1,0,0,0.534576245944977,0.706724857417268,0.353362428708634
"per_cell_balanced_resampling_OLS","median_resampled_slope","collection10_k1_tropical_temperate","collection",NA,10,1,"tropical_temperate",106.85,"Albian","Mesozoic",0.232142857142857,-0.340280449484449,0.082264467213103,1,1,0.991561030552797,1.18222123937253,1,1,0.127678814339303,0.268407027309158,0.422544916697552,-0.422544916697552,0.190660208819737,-0.190660208819737,0,0,0,0,0,0.117600430491802,-0.140728212969856,0.19804292082423
"per_cell_balanced_resampling_OLS","median_resampled_slope","collection10_k1_tropical_temperate","collection",NA,10,1,"tropical_temperate",117.3,"Aptian","Mesozoic",0.25,-0.152785922626912,-0.0228747794637415,0.5,0,1.44425840933719,1.92506684375924,1,1,0.293408706770333,0.20726488222785,0.12991114316317,-0.12991114316317,0.480808434422059,-0.480808434422059,0.405465108108164,0.5,0.5,0,0,0.0689237686254589,0.0861438245424835,0.250336794499092
"per_cell_balanced_resampling_OLS","median_resampled_slope","collection10_k1_tropical_temperate","collection",NA,10,1,"tropical_temperate",134.825,"Valanginian","Mesozoic",0.217391304347826,-0.0247795091259604,0.046274790334761,1,0,1.06718592572556,2.46743496248992,1,1,0.458621583423649,0.383917085669513,0.0710542994607214,-0.0710542994607214,1.40024903676436,-1.40024903676436,0.693147180559945,1,1,0,0,0.0525739226121227,0.0747044977541356,0.421269334546581
"per_cell_balanced_resampling_OLS","median_resampled_slope","collection10_k1_tropical_temperate","collection",NA,10,1,"tropical_temperate",146.15,"Tithonian","Mesozoic",0.272727272727273,0.0213593627757412,-0.0964669205449558,1,0,1.17583843006259,1.56261854292219,1,1,0.067716160257609,0.0330567862497372,0.117826283320697,0.117826283320697,0.386780112859602,-0.386780112859602,0.693147180559945,1,1,0,0,0.0329997768717198,0.0346593740078717,0.0503864732536731
"per_cell_balanced_resampling_OLS","median_resampled_slope","collection10_k1_tropical_temperate","collection",NA,10,1,"tropical_temperate",158.15,"Oxfordian","Mesozoic",1.27272727272727,-0.239088940690031,-0.329859857282195,0,0,1.55126306998506,1.27234524442128,1,1,0.950476898650387,0.0754325089086279,0.0907709165921636,0.0907709165921636,0.278917825563773,0.278917825563773,0,0,0,0,0,0.595350991551806,0.875044389741759,0.512954703779507
"per_cell_balanced_resampling_OLS","median_resampled_slope","collection10_k1_tropical_temperate","collection",NA,10,1,"tropical_temperate",169.55,"Bajocian","Mesozoic",1.57142857142857,0.275670278594308,-0.511041711237864,0,0,1.67705098312484,1.79434887219572,1,1,1.48365945202208,0.0879826660018762,0.786711989832173,0.786711989832173,0.11729788907088,-0.11729788907088,0,0,0,0,0,0.8254078417399,1.39567678602021,0.785821059011979
"per_cell_balanced_resampling_OLS","median_resampled_slope","collection10_k1_tropical_temperate","collection",NA,10,1,"tropical_temperate",179.45,"Toarcian","Mesozoic",1.22222222222222,0.387627613636542,-0.366542745520372,0.5,0,1.56242646885805,1.57181049598675,1,1,0.581527183015103,0.0833022791157704,0.754170359156914,0.754170359156914,0.00938402712870157,-0.00938402712870157,0.405465108108164,0.5,0.5,0,0,0.378376909906875,0.498224903899333,0.332414731065437
"per_cell_balanced_resampling_OLS","median_resampled_slope","collection10_k1_tropical_temperate","collection",NA,10,1,"tropical_temperate",188.55,"Pliensbachian","Mesozoic",0.153846153846154,0.822221143480824,-0.695590855471886,1,0,1.34560428342584,1.27234524442128,1,1,1.06073883512314,0.568310296713307,1.51781199895271,1.51781199895271,0.0732590390045542,0.0732590390045542,0.693147180559945,1,1,0,0,0.273065780663937,0.492428538409833,0.814524565918224
"per_cell_balanced_resampling_OLS","median_resampled_slope","collection10_k1_tropical_temperate","collection",NA,10,1,"tropical_temperate",196.2,"Sinemurian","Mesozoic",0.6,1.21631219794097,-0.267604912628769,1,0,1.41088207703341,1.65919895626492,1,1,0.70185274095241,0,1.48391711056974,1.48391711056974,0.248316879231503,-0.248316879231503,0.693147180559945,1,1,0,0,0.531717505228462,0.70185274095241,0.350926370476205
"per_cell_balanced_resampling_OLS","median_resampled_slope","collection10_k1_tropical_temperate","collection",NA,10,1,"tropical_temperate",200.45,"Hettangian","Mesozoic",0.384615384615385,1.80313772990856,-0.0365997508859416,0,0,1.82739336647507,1.65919895626492,1,1,1.88401959188249,0,1.8397374807945,1.8397374807945,0.168194410210158,0.168194410210158,0,0,0,0,0,1.05918501270146,1.88401959188249,0.942009795941247
"per_cell_balanced_resampling_OLS","median_resampled_slope","collection10_k1_tropical_temperate","collection",NA,10,1,"tropical_temperate",203.55,"Rhaetian","Mesozoic",0.5,0.18913629366755,-0.901440655684977,0,0,2.8491484796029,1.97036873228756,1,1,2.01515891159199,0.0600261123656776,1.09057694935253,1.09057694935253,0.878779747315346,0.878779747315346,0,0,0,0,0,1.04535899365807,1.95513279922632,1.03759251197884
"per_cell_balanced_resampling_OLS","median_resampled_slope","collection10_k1_tropical_temperate","collection",NA,10,1,"tropical_temperate",232.15,"Carnian","Mesozoic",1.5,-0.315595249217356,-0.224673996910254,0,0,1.32684929954252,1.92506684375924,1,1,0.763164534036222,0,0.0909212523071019,-0.0909212523071019,0.598217544216721,-0.598217544216721,0,0,0,0,0,0.567110225230273,0.763164534036222,0.381582267018111
"per_cell_balanced_resampling_OLS","median_resampled_slope","collection10_k1_tropical_temperate","collection",NA,10,1,"tropical_temperate",248.3,"Olenekian","Mesozoic",0.15,-0.144314036806445,0.0349310816654102,1,0,0.860423972100212,1.26862593569022,1,1,0.474891754957763,0.0728792543277435,0.179245118471855,-0.179245118471855,0.408201963590007,-0.408201963590007,0.693147180559945,1,1,0,0,0.318238674228498,0.402012500630019,0.273885504642753
"per_cell_balanced_resampling_OLS","median_resampled_slope","collection10_k1_tropical_temperate","collection",NA,10,1,"tropical_temperate",253.021,"Changhsingian","Paleozoic",0.25,-0.402132284393264,0.30485792839629,0,0,1.52566760572861,1.3906416855253,1,1,1.29808256801682,0.69835047649196,0.706990212789554,-0.706990212789554,0.135025920203304,0.135025920203304,0,0,0,0,0,0.302417637099867,0.599732091524859,0.99821652225439
"per_cell_balanced_resampling_OLS","median_resampled_slope","collection10_k1_tropical_temperate","collection",NA,10,1,"tropical_temperate",256.825,"Wuchiapingian","Paleozoic",0.121527777777778,-1.17045161642737,-0.461952537046984,1.5,1,1.21343581230662,1.18817705157201,1,1,1.35074272735425,0.325775412030528,0.708499079380384,-0.708499079380384,0.0252587607346144,0.0252587607346144,0.22314355131421,0.5,0.5,0,0,0.572733827522231,1.02496731532372,0.838259069692387
"per_cell_balanced_resampling_OLS","median_resampled_slope","collection10_k1_tropical_temperate","collection",NA,10,1,"tropical_temperate",261.895,"Capitanian","Paleozoic",0.89375,-0.80362402843221,-0.0483323719747986,1,0,1.21343581230662,1.26862593569022,1,1,0.529043495454193,0.424937282596009,0.755291656457411,-0.755291656457411,0.0551901233835954,-0.0551901233835954,0.693147180559945,1,1,0,0,0.0705145729978364,0.104106212858184,0.476990389025101
"per_cell_balanced_resampling_OLS","median_resampled_slope","collection10_k1_tropical_temperate","collection",NA,10,1,"tropical_temperate",265.59,"Wordian","Paleozoic",0.284090909090909,-0.332374746086552,-0.2020467442943,0.5,1,1.15044748327106,0.953972326031134,1,1,0.11800756484216,0.48635531187642,0.130328001792252,-0.130328001792252,0.196475157239921,0.196475157239921,0.287682072451781,0.5,-0.5,0,0,0.284778882840528,-0.36834774703426,0.30218143835929
"per_cell_balanced_resampling_OLS","median_resampled_slope","collection10_k1_tropical_temperate","collection",NA,10,1,"tropical_temperate",270.65,"Roadian","Paleozoic",1.6,-0.779966890315373,0.0135813770526886,1,0,0.970748649845299,1.3853222177742,1,1,0.0845659446902314,0.148466755382646,0.793548267368061,-0.793548267368061,0.4145735679289,-0.4145735679289,0.693147180559945,1,1,0,0,0.0572479406354075,-0.0639008106924145,0.116516350036439
"per_cell_balanced_resampling_OLS","median_resampled_slope","collection10_k1_tropical_temperate","collection",NA,10,1,"tropical_temperate",278.85,"Kungurian","Paleozoic",0.195652173913044,-0.270537859153413,-0.0557551015492844,1,1,1.36361513483875,1.19114379040138,1,1,0.715190945053152,0.571536273347976,0.214782757604129,-0.214782757604129,0.172471344437372,0.172471344437372,0,0,0,0,0,0.0874707536641361,0.143654671705177,0.643363609200564
"per_cell_balanced_resampling_OLS","median_resampled_slope","collection10_k1_tropical_temperate","collection",NA,10,1,"tropical_temperate",291.81,"Sakmarian","Paleozoic",0.883838383838384,0.0635505928299701,-0.565837712247782,1,0.5,1.13759291798904,1.44616570135661,1,1,0.211189481706688,1.23667823839297,0.629388305077752,0.629388305077752,0.30857278336757,-0.30857278336757,0.287682072451781,0.5,0.5,0,0,0.613388916478849,-1.02548875668628,0.723933860049827
"per_cell_balanced_resampling_OLS","median_resampled_slope","collection10_k1_tropical_temperate","collection",NA,10,1,"tropical_temperate",296.21,"Asselian","Paleozoic",1.66666666666667,0.20231511257285,-0.780324455747963,0,0,1.36122781945955,1.71498585142509,1,1,0.177171564343491,0.523233043184299,0.982639568320813,0.982639568320813,0.353758031965543,-0.353758031965543,0,0,0,0,0,0.257720496332963,-0.346061478840808,0.350202303763895
"per_cell_balanced_resampling_OLS","median_resampled_slope","collection10_k1_tropical_temperate","collection",NA,10,1,"tropical_temperate",326.85,"Serpukhovian","Paleozoic",0.333333333333333,-1.38888340848724,-0.860378810795518,0,0,1.58578241961277,1.62697843363992,1,1,0.408549142225448,0.839962858291824,0.528504597691718,-0.528504597691718,0.0411960140271475,-0.0411960140271475,0,0,0,0,0,0.267185188221611,-0.431413716066376,0.624256000258636
"per_cell_balanced_resampling_OLS","median_resampled_slope","collection10_k1_tropical_temperate","collection",NA,10,1,"tropical_temperate",402.045,"Emsian","Paleozoic",3.64285714285714,0.231894949651965,-0.0282206916339298,0,1,2.5162139283084,0.796550999585406,1,1,0.348529333833651,0.201080510249995,0.260115641285895,0.260115641285895,1.719662928723,1.719662928723,0.693147180559945,1,-1,0,0,0.115793039433965,0.147448823583656,0.274804922041823
"per_cell_balanced_resampling_OLS","median_resampled_slope","collection10_k1_tropical_temperate","collection",NA,10,1,"tropical_temperate",463.8,"Darriwilian","Paleozoic",1.07142857142857,-0.144759871357915,0.136324030251583,0,1.5,1.79434887219572,0.965391768063381,1,1,0.178851304262861,0.55429085210001,0.281083901609498,-0.281083901609498,0.828957104132341,0.828957104132341,0.916290731874155,1.5,-1.5,0,0,0.27647890456276,-0.375439547837149,0.366571078181435
"per_cell_balanced_resampling_OLS","median_resampled_slope","occurrence5_k2_tropical_temperate","occurrence",5,NA,2,"tropical_temperate",1.29585,"Pleistocene","Cenozoic",0.217582417582418,-0.363077259135101,-0.241989054199127,3.5,1,0.747817954235568,0.956411671700011,1,1,0.568517543407604,0.166777626986074,0.121088204935974,-0.121088204935974,0.208593717464443,-0.208593717464443,0.810930216216329,2.5,2.5,0,0,0.295885149267256,0.40173991642153,0.367647585196839
"per_cell_balanced_resampling_OLS","median_resampled_slope","occurrence5_k2_tropical_temperate","occurrence",5,NA,2,"tropical_temperate",3.09,"Piacenzian","Cenozoic",1.44444444444444,-0.809788394739922,-0.956252988479485,1,0,1.28623938856882,1.71498585142509,1,1,1.2888125150199,0.882695592104666,0.146464593739563,0.146464593739563,0.428746462856272,-0.428746462856272,0.693147180559945,1,1,0,0,0.195328555195239,0.406116922915233,1.08575405356228
"per_cell_balanced_resampling_OLS","median_resampled_slope","occurrence5_k2_tropical_temperate","occurrence",5,NA,2,"tropical_temperate",18.215,"Burdigalian","Cenozoic",0.65891472868217,0.158702976129035,-0.109823224350815,3,0,0.826539395231907,1.8470962903656,1,1,0.496974081118064,0.621975670242999,0.268526200479851,0.268526200479851,1.02055689513369,-1.02055689513369,1.38629436111989,3,3,0,0,0.0801991643253211,-0.125001589124935,0.559474875680531
"per_cell_balanced_resampling_OLS","median_resampled_slope","occurrence5_k2_tropical_temperate","occurrence",5,NA,2,"tropical_temperate",91.85,"Turonian","Mesozoic",0.257142857142857,-0.0828852461270176,-0.300579338470887,3,0,0.890283686257817,1.48715348185512,1,1,0.129767854064571,0.228046407503205,0.217694092343869,0.217694092343869,0.596869795597302,-0.596869795597302,1.38629436111989,3,3,0,0,0.0834124473993922,-0.0982785534386348,0.178907130783888
"per_cell_balanced_resampling_OLS","median_resampled_slope","occurrence5_k2_tropical_temperate","occurrence",5,NA,2,"tropical_temperate",97.2,"Cenomanian","Mesozoic",1.23607594936709,-0.0457193395791513,0.0411521493205399,3.5,1,0.925156673409692,0.8102287258764,1,1,0.603728169485985,0.21366617550836,0.0868714888996912,-0.0868714888996912,0.114927947533292,0.114927947533292,0.810930216216329,2.5,2.5,0,0,0.278685348851841,0.390061993977625,0.408697172497172
"per_cell_balanced_resampling_OLS","median_resampled_slope","occurrence5_k2_tropical_temperate","occurrence",5,NA,2,"tropical_temperate",106.85,"Albian","Mesozoic",0.151111111111111,-0.147712264153037,0.047748094513451,2,1,0.81457314697006,0.992110050821569,1,1,0.328372684102531,0.36481468437533,0.195460358666488,-0.195460358666488,0.17753690385151,-0.17753690385151,0.405465108108164,1,1,0,0,0.0270640097551754,-0.0364420002727989,0.346593684238931
"per_cell_balanced_resampling_OLS","median_resampled_slope","occurrence5_k2_tropical_temperate","occurrence",5,NA,2,"tropical_temperate",169.55,"Bajocian","Mesozoic",1.5,-0.174668992131453,-0.352031159364308,1,0.5,1.21608087646506,1.18222123937253,1,1,0.121571885086178,0.117398142588288,0.177362167232854,0.177362167232854,0.0338596370925288,0.0338596370925288,0.287682072451781,0.5,0.5,0,0,0.00372827441269545,0.00417374249789071,0.119485013837233
"per_cell_balanced_resampling_OLS","median_resampled_slope","occurrence5_k2_tropical_temperate","occurrence",5,NA,2,"tropical_temperate",188.55,"Pliensbachian","Mesozoic",0.130769230769231,-0.0758890245969537,-0.615248106271076,1.5,0.5,1.04972772562527,1.14430443886195,1,1,0.270059723574892,0.400015275997461,0.539359081674122,0.539359081674122,0.094576713236683,-0.094576713236683,0.510825623765991,1,1,0,0,0.0974192221867267,-0.129955552422569,0.335037499786176
"per_cell_balanced_resampling_OLS","median_resampled_slope","occurrence5_k2_tropical_temperate","occurrence",5,NA,2,"tropical_temperate",248.3,"Olenekian","Mesozoic",0.607142857142857,-0.0753060757414205,-0.454915667683477,2,1,0.791014288768464,1.12911910974246,1,1,0.558850453004591,0.13996771026079,0.379609591942056,0.379609591942056,0.338104820973991,-0.338104820973991,0.405465108108164,1,1,0,0,0.312948722852977,0.4188827427438,0.349409081632691
"per_cell_balanced_resampling_OLS","median_resampled_slope","occurrence5_k2_tropical_temperate","occurrence",5,NA,2,"tropical_temperate",253.021,"Changhsingian","Paleozoic",0.107142857142857,-0.455091409707199,0.124045031690422,1,0,1.28990912324027,1.27331203144075,1,1,0.65709008873166,0.692441385815751,0.579136441397622,-0.579136441397622,0.0165970917995242,0.0165970917995242,0.693147180559945,1,1,0,0,0.0211089879424459,-0.0353512970840918,0.674765737273705
"per_cell_balanced_resampling_OLS","median_resampled_slope","occurrence5_k2_tropical_temperate","occurrence",5,NA,2,"tropical_temperate",256.825,"Wuchiapingian","Paleozoic",0.278260869565218,-0.79542022885156,-0.436305021377679,2,1,1.22440435233382,0.986973984995969,1,1,0.902542695222765,0.731142042101101,0.359115207473881,-0.359115207473881,0.237430367337855,0.237430367337855,0.405465108108164,1,1,0,0,0.0944099214873009,0.171400653121664,0.816842368661933
"per_cell_balanced_resampling_OLS","median_resampled_slope","occurrence5_k2_tropical_temperate","occurrence",5,NA,2,"tropical_temperate",265.59,"Wordian","Paleozoic",0.419790104947526,-0.191894082535522,-0.36660929479569,1,1,0.840565011483328,0.906714131847329,1,1,0.223971913129931,0.48893186148242,0.174715212260167,0.174715212260167,0.0661491203640009,-0.0661491203640009,0,0,0,0,0,0.195957754356246,-0.264959948352489,0.356451887306175
"per_cell_balanced_resampling_OLS","median_resampled_slope","occurrence5_k2_tropical_temperate","occurrence",5,NA,2,"tropical_temperate",270.65,"Roadian","Paleozoic",1.09285714285714,-0.689053779944679,0.0511664919776388,1.5,1,0.647462495495476,1.03943839301286,1,1,0.363033541015923,0.182063287489947,0.740220271922318,-0.740220271922318,0.39197589751738,-0.39197589751738,0.22314355131421,0.5,0.5,0,0,0.142451300374231,0.180970253525977,0.272548414252935
"per_cell_balanced_resampling_OLS","median_resampled_slope","occurrence5_k2_tropical_temperate","occurrence",5,NA,2,"tropical_temperate",278.85,"Kungurian","Paleozoic",0.647522522522522,-0.321710306183173,-0.023614526658184,2,1.5,0.825463780220329,1.09812674721144,1,1,0.589246135598255,0.634225488013795,0.298095779524989,-0.298095779524989,0.27266296699111,-0.27266296699111,0.182321556793955,0.5,0.5,0,0,0.027909209234385,-0.0449793524155393,0.611735811806025
"per_cell_balanced_resampling_OLS","median_resampled_slope","occurrence5_k2_tropical_temperate","occurrence",5,NA,2,"tropical_temperate",291.81,"Sakmarian","Paleozoic",0.594982078853047,-0.0201407333664402,-0.0327889946098549,1,1.5,1.03113078865462,1.01459931239178,1,1,0.273544252085272,0.68216816791304,0.0126482612434147,0.0126482612434147,0.0165314762628368,0.0165314762628368,0.22314355131421,0.5,-0.5,0,0,0.278279774244334,-0.408623915827767,0.477856209999156
"per_cell_balanced_resampling_OLS","median_resampled_slope","occurrence5_k2_tropical_temperate","occurrence",5,NA,2,"tropical_temperate",296.21,"Asselian","Paleozoic",1.25,-0.16379765769486,-0.383361976439353,1,1,1.34164078649987,1.13759291798904,1,1,0.355355628717709,0.578857707143192,0.219564318744493,0.219564318744493,0.204047868510832,0.204047868510832,0,0,0,0,0,0.152637738893194,-0.223502078425483,0.467106667930451
"per_cell_balanced_resampling_OLS","median_resampled_slope","occurrence5_k2_tropical_temperate","occurrence",5,NA,2,"tropical_temperate",402.045,"Emsian","Paleozoic",1.41289893617021,-0.476134594962609,-0.0701016700929609,0,3,1.48892973800172,0.559461911139841,1,1,0.708952544044949,0.427715278209618,0.406032924869648,-0.406032924869648,0.929467826861883,0.929467826861883,1.38629436111989,3,-3,0,0,0.179805176458374,0.281237265835331,0.568333911127283
"per_cell_balanced_resampling_OLS","median_resampled_slope","occurrence5_k2_tropical_temperate","occurrence",5,NA,2,"tropical_temperate",428.65,"Homerian","Paleozoic",0.265909090909091,-0.151080620889726,0.476805655508176,0,0.5,1.49963534702269,1.26862593569022,1,1,0.352871257271675,0.452356056157908,0.627886276397902,-0.627886276397902,0.231009411332471,0.231009411332471,0.405465108108164,0.5,-0.5,0,0,0.0709579129516405,-0.0994847988862333,0.402613656714791
"percentile_latbin_OLS","q75","occurrence5_k1_tropical_temperate","occurrence",5,NA,1,"tropical_temperate",0.00585,"Holocene","Cenozoic",0.240641711229947,-0.474299528272676,0.201662323822381,1,0,1.05709200980769,1.3906416855253,NA,NA,1.6225263509091,1.7689078073419,0.675961852095057,-0.675961852095057,0.333549675717612,-0.333549675717612,0.693147180559945,1,1,NA,NA,0.0543148398178681,-0.146381456432801,1.6957170791255
"percentile_latbin_OLS","q75","occurrence5_k1_tropical_temperate","occurrence",5,NA,1,"tropical_temperate",1.29585,"Pleistocene","Cenozoic",0.217582417582418,-0.337080944812917,-0.218621423544131,3.5,1,0.747817954235568,0.956411671700011,NA,NA,0.779846244499649,0.634455285828203,0.118459521268786,-0.118459521268786,0.208593717464443,-0.208593717464443,0.810930216216329,2.5,2.5,NA,NA,0.0852173907537627,0.145390958671446,0.707150765163926
"percentile_latbin_OLS","q75","occurrence5_k1_tropical_temperate","occurrence",5,NA,1,"tropical_temperate",3.09,"Piacenzian","Cenozoic",1.44444444444444,-0.827537466405618,-0.752981881361723,1,0,1.28623938856882,1.71498585142509,NA,NA,1.41213463070857,2.81462181350402,0.0745555850438956,-0.0745555850438956,0.428746462856272,-0.428746462856272,0.693147180559945,1,1,NA,NA,0.458329434018262,-1.40248718279545,2.1133782221063
"percentile_latbin_OLS","q75","occurrence5_k1_tropical_temperate","occurrence",5,NA,1,"tropical_temperate",4.4665,"Zanclean","Cenozoic",0.195121951219512,-0.310993431658484,-0.477123218232943,2,0,0.849240463104524,1.56261854292219,NA,NA,1.2457694153888,4.16233815642268,0.16612978657446,0.16612978657446,0.713378079817668,-0.713378079817668,1.09861228866811,2,2,NA,NA,0.832341421468565,-2.91656874103387,2.70405378590574
"percentile_latbin_OLS","q75","occurrence5_k1_tropical_temperate","occurrence",5,NA,1,"tropical_temperate",9.438,"Tortonian","Cenozoic",0.448717948717949,-0.575537032161125,-0.130433504978329,2,0,0.85617268947809,1.4142135623731,NA,NA,0.800222463421244,4.79166513264769,0.445103527182795,-0.445103527182795,0.558040872895006,-0.558040872895006,1.09861228866811,2,2,NA,NA,1.16850958986114,-3.99144266922644,2.79594379803447
"percentile_latbin_OLS","q75","occurrence5_k1_tropical_temperate","occurrence",5,NA,1,"tropical_temperate",12.725,"Serravallian","Cenozoic",0.7,0.0917204788178673,-0.0567450411835919,1.5,0,1.12219019106464,1.87491176262966,NA,NA,0.968559694490914,2.68507545591542,0.148465520001459,0.148465520001459,0.752721571565024,-0.752721571565024,0.916290731874155,1.5,1.5,NA,NA,0.626988846131267,-1.71651576142451,1.82681757520317
"percentile_latbin_OLS","q75","occurrence5_k1_tropical_temperate","occurrence",5,NA,1,"tropical_temperate",18.215,"Burdigalian","Cenozoic",0.65891472868217,0.149812706592416,-0.159763083060219,3,0,0.826539395231907,1.8470962903656,NA,NA,0.816922539516143,0.961338883385113,0.309575789652635,0.309575789652635,1.02055689513369,-1.02055689513369,1.38629436111989,3,3,NA,NA,0.0764831862721077,-0.14441634386897,0.889130711450628
"percentile_latbin_OLS","q75","occurrence5_k1_tropical_temperate","occurrence",5,NA,1,"tropical_temperate",25.17,"Chattian","Cenozoic",0.928571428571428,-0.00347341386167896,0.381058916403112,1,0,1.08898225556764,2.5162139283084,NA,NA,1.65045417382484,5.3051346199184,0.384532330264791,-0.384532330264791,1.42723167274077,-1.42723167274077,0.693147180559945,1,1,NA,NA,0.866633308822325,-3.65468044609355,3.47779439687162
"percentile_latbin_OLS","q75","occurrence5_k1_tropical_temperate","occurrence",5,NA,1,"tropical_temperate",30.6,"Rupelian","Cenozoic",0.4,0.251566163494624,0.392929369617649,1,0,1.13598775841772,2.46743496248992,NA,NA,1.62678609896346,2.35542451103003,0.141363206123025,-0.141363206123025,1.33144720407221,-1.33144720407221,0.693147180559945,1,1,NA,NA,0.244817209961209,-0.728638412066575,1.99110530499675
"percentile_latbin_OLS","q75","occurrence5_k1_tropical_temperate","occurrence",5,NA,1,"tropical_temperate",35.805,"Priabonian","Cenozoic",0.202702702702703,0.556643395264307,0.238393504846362,1,0,1.20872094229075,2.08637033540802,NA,NA,1.25285842068354,0.926813410547974,0.318249890417946,0.318249890417946,0.877649393117277,-0.877649393117277,0.693147180559945,1,1,NA,NA,0.156332263361983,0.326045010135563,1.08983591561576
"percentile_latbin_OLS","q75","occurrence5_k1_tropical_temperate","occurrence",5,NA,1,"tropical_temperate",39.37,"Bartonian","Cenozoic",0.8125,0.623758886198121,-0.260264204839614,1,0,1.47397533811605,1.92506684375924,NA,NA,2.46025073146615,2.60375445294475,0.884023091037734,0.884023091037734,0.451091505643198,-0.451091505643198,0.693147180559945,1,1,NA,NA,0.0406351534259019,-0.1435037214786,2.53200259220545
"percentile_latbin_OLS","q75","occurrence5_k1_tropical_temperate","occurrence",5,NA,1,"tropical_temperate",44.55,"Lutetian","Cenozoic",1.93333333333333,0.564926853668694,-0.0923077868437225,1,0,1.10825777421936,1.57181049598675,NA,NA,1.46765986952742,0.71932064116418,0.657234640512417,0.657234640512417,0.463552721767393,-0.463552721767393,0.693147180559945,1,1,NA,NA,0.361341043574317,0.748339228363244,1.0934902553458
"percentile_latbin_OLS","q75","occurrence5_k1_tropical_temperate","occurrence",5,NA,1,"tropical_temperate",52.035,"Ypresian","Cenozoic",2.05645161290323,0.445890172738234,0.185297581153539,1,0,1.3331139767735,1.92506684375924,NA,NA,1.67248866315182,0.432994575243007,0.260592591584696,0.260592591584696,0.591952866985741,-0.591952866985741,0.693147180559945,1,1,NA,NA,0.623243758625139,1.23949408790881,1.05274161919741
"percentile_latbin_OLS","q75","occurrence5_k1_tropical_temperate","occurrence",5,NA,1,"tropical_temperate",69.1,"Maastrichtian","Mesozoic",0.576923076923077,0.234887729849156,-0.0806864543839392,2,1,1.15015000076046,1.14430443886195,NA,NA,1.5392352247301,1.18015606542899,0.315574184233095,0.315574184233095,0.00584556189850916,0.00584556189850916,0.405465108108164,1,1,NA,NA,0.152466479182108,0.35907915930111,1.35969564507955
"percentile_latbin_OLS","q75","occurrence5_k1_tropical_temperate","occurrence",5,NA,1,"tropical_temperate",77.9,"Campanian","Mesozoic",0.333011583011583,-0.198779416507484,0.266632198038271,3.5,0.5,0.947194270573462,1.79434887219572,NA,NA,0.884291035440058,1.2119947569776,0.465411614545755,-0.465411614545755,0.84715460162226,-0.84715460162226,1.09861228866811,3,3,NA,NA,0.160343071760425,-0.32770372153754,1.04814289620883
"percentile_latbin_OLS","q75","occurrence5_k1_tropical_temperate","occurrence",5,NA,1,"tropical_temperate",87.75,"Coniacian","Mesozoic",2,-0.311476519124191,-0.533146354354759,1,0,1.33868622957292,1.78226557735801,NA,NA,1.28735246898475,2.96869242640814,0.221669835230568,0.221669835230568,0.443579347785091,-0.443579347785091,0.693147180559945,1,1,NA,NA,0.551041655167047,-1.68133995742339,2.12802244769644
"percentile_latbin_OLS","q75","occurrence5_k1_tropical_temperate","occurrence",5,NA,1,"tropical_temperate",91.85,"Turonian","Mesozoic",0.257142857142857,-0.0758676004551539,-0.369852122764042,3,0,0.890283686257817,1.48715348185512,NA,NA,0.400067320806041,0.917769195556485,0.293984522308888,0.293984522308888,0.596869795597302,-0.596869795597302,1.38629436111989,3,3,NA,NA,0.314642311467494,-0.517701874750444,0.658918258181263
"percentile_latbin_OLS","q75","occurrence5_k1_tropical_temperate","occurrence",5,NA,1,"tropical_temperate",97.2,"Cenomanian","Mesozoic",1.23607594936709,-0.192836714216118,0.0334862360771239,3.5,1,0.925156673409692,0.8102287258764,NA,NA,1.02520252077242,0.63151598101275,0.226322950293242,-0.226322950293242,0.114927947533292,0.114927947533292,0.810930216216329,2.5,2.5,NA,NA,0.216160073524299,0.393686539759671,0.828359250892585
"percentile_latbin_OLS","q75","occurrence5_k1_tropical_temperate","occurrence",5,NA,1,"tropical_temperate",106.85,"Albian","Mesozoic",0.151111111111111,-0.22943824108166,0.059178015906218,2,1,0.81457314697006,0.992110050821569,NA,NA,0.965640788460016,1.04568066960842,0.288616256987878,-0.288616256987878,0.17753690385151,-0.17753690385151,0.405465108108164,1,1,NA,NA,0.0399122867288748,-0.0800398811484082,1.00566072903422
"percentile_latbin_OLS","q75","occurrence5_k1_tropical_temperate","occurrence",5,NA,1,"tropical_temperate",117.3,"Aptian","Mesozoic",0.197368421052632,-0.284550193800835,0.063234102721468,1.5,1,1.00008146971377,1.02899151085505,NA,NA,1.4738284859252,0.715584424795435,0.347784296522303,-0.347784296522303,0.0289100411412837,-0.0289100411412837,0.22314355131421,0.5,0.5,NA,NA,0.366013149896633,0.758244061129767,1.09470645536032
"percentile_latbin_OLS","q75","occurrence5_k1_tropical_temperate","occurrence",5,NA,1,"tropical_temperate",123.585,"Barremian","Mesozoic",0.224137931034483,-0.0336305070169577,0.0147991579751845,1,0,1.04598072650151,1.99939966980488,NA,NA,0.613782254888004,0.541856126686784,0.0484296649921423,-0.0484296649921423,0.953418943303363,-0.953418943303363,0.693147180559945,1,1,NA,NA,0.045593682784496,0.0719261282012198,0.577819190787394
"percentile_latbin_OLS","q75","occurrence5_k1_tropical_temperate","occurrence",5,NA,1,"tropical_temperate",129.185,"Hauterivian","Mesozoic",0.185185185185185,-0.283397715174508,-0.315231028196994,1,0,1.23669388480168,1.78226557735801,NA,NA,1.41362200197242,2.61350311878241,0.031833313022486,0.031833313022486,0.545571692556329,-0.545571692556329,0.693147180559945,1,1,NA,NA,0.403549170179087,-1.19988111680999,2.01356256037742
"percentile_latbin_OLS","q75","occurrence5_k1_tropical_temperate","occurrence",5,NA,1,"tropical_temperate",134.825,"Valanginian","Mesozoic",0.757518796992481,0.0880539516024903,0.165392322270683,2,0,0.85801533844317,1.79434887219572,NA,NA,0.380878716198077,0.216240451203009,0.0773383706681923,-0.0773383706681923,0.936333533752552,-0.936333533752552,1.09861228866811,2,2,NA,NA,0.126955543925207,0.164638264995068,0.298559583700543
"percentile_latbin_OLS","q75","occurrence5_k1_tropical_temperate","occurrence",5,NA,1,"tropical_temperate",146.15,"Tithonian","Mesozoic",0.191176470588235,0.0511734317783459,-0.0179788974029605,1,0,0.975999386038186,1.5400534750074,NA,NA,1.44227350377578,0.836846381153802,0.0691523291813064,0.0691523291813064,0.564054088969209,-0.564054088969209,0.693147180559945,1,1,NA,NA,0.284879191437169,0.605427122621982,1.13955994246479
"percentile_latbin_OLS","q75","occurrence5_k1_tropical_temperate","occurrence",5,NA,1,"tropical_temperate",152,"Kimmeridgian","Mesozoic",0.615384615384615,-0.356884852811803,-0.213213965617356,1.5,0,1.08898225556764,1.48715348185512,NA,NA,1.4925372222501,1.36590054417833,0.143670887194447,-0.143670887194447,0.398171226287483,-0.398171226287483,0.916290731874155,1.5,1.5,NA,NA,0.0521424271983987,0.126636678071771,1.42921888321421
"percentile_latbin_OLS","q75","occurrence5_k1_tropical_temperate","occurrence",5,NA,1,"tropical_temperate",158.15,"Oxfordian","Mesozoic",1.275,-0.139527217571073,-0.326112050883077,1,0.5,1.33677280885692,1.30564385739486,NA,NA,1.11647118050392,0.733005050731097,0.186584833312004,0.186584833312004,0.031128951462053,0.031128951462053,0.287682072451781,0.5,0.5,NA,NA,0.199893239130986,0.383466129772822,0.924738115617508
"percentile_latbin_OLS","q75","occurrence5_k1_tropical_temperate","occurrence",5,NA,1,"tropical_temperate",163.4,"Callovian","Mesozoic",0.978260869565217,-0.775166876906704,-0.249416553503132,1,1,1.39560467837445,1.03287451148591,NA,NA,1.4170883312009,1.49037648279843,0.525750323403572,-0.525750323403572,0.362730166888539,0.362730166888539,0,0,0,NA,NA,0.0298702501038658,-0.0732881515975337,1.45373240699967
"percentile_latbin_OLS","q75","occurrence5_k1_tropical_temperate","occurrence",5,NA,1,"tropical_temperate",166.75,"Bathonian","Mesozoic",1.61538461538462,0.17398064569409,-0.803229544151749,2,0,1.20160320712774,1.32684929954252,NA,NA,2.17968600552011,2.46428166856648,0.977210189845839,0.977210189845839,0.125246092414779,-0.125246092414779,1.09861228866811,2,2,NA,NA,0.0857228489765679,-0.284595663046373,2.3219838370433
"percentile_latbin_OLS","q75","occurrence5_k1_tropical_temperate","occurrence",5,NA,1,"tropical_temperate",169.55,"Bajocian","Mesozoic",1.5,-0.172594022661183,-0.384928631018347,1,0.5,1.21608087646506,1.18222123937253,NA,NA,0.982360342738143,0.766825172119178,0.212334608357165,0.212334608357165,0.0338596370925288,0.0338596370925288,0.287682072451781,0.5,0.5,NA,NA,0.115103979087781,0.215535170618965,0.87459275742866
"percentile_latbin_OLS","q75","occurrence5_k1_tropical_temperate","occurrence",5,NA,1,"tropical_temperate",179.45,"Toarcian","Mesozoic",1,-0.340634823240518,-0.363625089019794,1,0,1.28058810019184,1.32684929954252,NA,NA,1.04203489213847,1.10835222343191,0.022990265779276,0.022990265779276,0.046261199350685,-0.046261199350685,0.693147180559945,1,1,NA,NA,0.0319598988021431,-0.0663173312934355,1.07519355778519
"percentile_latbin_OLS","q75","occurrence5_k1_tropical_temperate","occurrence",5,NA,1,"tropical_temperate",188.55,"Pliensbachian","Mesozoic",0.130769230769231,-0.0636719453660588,-0.512276799347669,1.5,0.5,1.04972772562527,1.14430443886195,NA,NA,1.10781963801091,1.83580614830876,0.44860485398161,0.44860485398161,0.094576713236683,-0.094576713236683,0.510825623765991,1,1,NA,NA,0.296672186120067,-0.727986510297844,1.47181289315984
"percentile_latbin_OLS","q75","occurrence5_k1_tropical_temperate","occurrence",5,NA,1,"tropical_temperate",196.2,"Sinemurian","Mesozoic",0.480434782608696,0.0315959071705553,-0.0519137921109777,1.5,0,1.01528406600445,1.5400534750074,NA,NA,0.626626922639488,1.06675830661577,0.0835096992815331,0.0835096992815331,0.524769409002944,-0.524769409002944,0.916290731874155,1.5,1.5,NA,NA,0.239472846215852,-0.440131383976282,0.846692614627628
"percentile_latbin_OLS","q75","occurrence5_k1_tropical_temperate","occurrence",5,NA,1,"tropical_temperate",200.45,"Hettangian","Mesozoic",0.727272727272727,0.36464273893199,0.0949865417211745,1,0.5,1.21333764274175,1.27234524442128,NA,NA,1.19084557053423,0.821318430182749,0.269656197210816,0.269656197210816,0.0590076016795298,-0.0590076016795298,0.287682072451781,0.5,0.5,NA,NA,0.184726923558557,0.369527140351481,1.00608200035849
"percentile_latbin_OLS","q75","occurrence5_k1_tropical_temperate","occurrence",5,NA,1,"tropical_temperate",203.55,"Rhaetian","Mesozoic",0.727272727272727,-0.192677617330335,-0.614287574982783,0.5,0,1.55126306998506,1.54348726628258,NA,NA,1.29785064741495,1.63658639059602,0.421609957652447,0.421609957652447,0.00777580370247799,0.00777580370247799,0.405465108108164,0.5,0.5,NA,NA,0.137510861710697,-0.338735743181069,1.46721851900548
"percentile_latbin_OLS","q75","occurrence5_k1_tropical_temperate","occurrence",5,NA,1,"tropical_temperate",216.5,"Norian","Mesozoic",0.230769230769231,-0.632504021545129,-0.53799936961689,2,0.5,0.454700476681744,1.15044748327106,NA,NA,0.767683093790085,1.55952061285948,0.0945046519282391,-0.0945046519282391,0.695747006589312,-0.695747006589312,0.693147180559945,1.5,1.5,NA,NA,0.370150277799054,-0.791837519069398,1.16360185332478
"percentile_latbin_OLS","q75","occurrence5_k1_tropical_temperate","occurrence",5,NA,1,"tropical_temperate",232.15,"Carnian","Mesozoic",2.18181818181818,-0.373372010460194,-0.13005780865328,1,0,0.955394632947723,1.49963534702269,NA,NA,1.11074387592136,0.439506748043386,0.243314201806914,-0.243314201806914,0.544240714074967,-0.544240714074967,0.693147180559945,1,1,NA,NA,0.382739914359578,0.671237127877977,0.775125311982374
"percentile_latbin_OLS","q75","occurrence5_k1_tropical_temperate","occurrence",5,NA,1,"tropical_temperate",244.082,"Anisian","Mesozoic",0.666023166023166,-0.0168048846822072,-0.0339012888376921,2,0,0.890373038279546,1.99939966980488,NA,NA,1.73852446424633,0.322716241182015,0.0170964041554848,0.0170964041554848,1.10902663152533,-1.10902663152533,1.09861228866811,2,2,NA,NA,0.727731877864863,1.41580822306432,1.03062035271417
"percentile_latbin_OLS","q75","occurrence5_k1_tropical_temperate","occurrence",5,NA,1,"tropical_temperate",248.3,"Olenekian","Mesozoic",0.607142857142857,-0.0861030000266002,-0.416736915893485,2,1,0.791014288768464,1.12911910974246,NA,NA,0.490494861303931,1.2659539201053,0.330633915866884,0.330633915866884,0.338104820973991,-0.338104820973991,0.405465108108164,1,1,NA,NA,0.418887640555095,-0.775459058801372,0.878224390704617
"percentile_latbin_OLS","q75","occurrence5_k1_tropical_temperate","occurrence",5,NA,1,"tropical_temperate",250.901,"Induan","Mesozoic",0.769230769230769,-0.376581841351918,0.713535406863323,2,1,1.01674117526194,1.04109770979986,NA,NA,1.0659170012251,1.23766074972454,1.09011724821524,-1.09011724821524,0.0243565345379189,-0.0243565345379189,0.405465108108164,1,1,NA,NA,0.0798568158048773,-0.17174374849944,1.15178887547482
"percentile_latbin_OLS","q75","occurrence5_k1_tropical_temperate","occurrence",5,NA,1,"tropical_temperate",253.021,"Changhsingian","Paleozoic",0.107142857142857,-0.615825691966288,0.340546788241778,1,0,1.28990912324027,1.27331203144075,NA,NA,1.69861457530598,0.859462910495143,0.956372480208066,-0.956372480208066,0.0165970917995242,0.0165970917995242,0.693147180559945,1,1,NA,NA,0.372450832833749,0.839151664810834,1.27903874290056
"percentile_latbin_OLS","q75","occurrence5_k1_tropical_temperate","occurrence",5,NA,1,"tropical_temperate",256.825,"Wuchiapingian","Paleozoic",0.278260869565218,-0.949170770121217,-0.413179331635012,2,1,1.22440435233382,0.986973984995969,NA,NA,1.16566378791505,0.725988290852729,0.535991438486204,-0.535991438486204,0.237430367337855,0.237430367337855,0.405465108108164,1,1,NA,NA,0.226927105301796,0.439675497062322,0.94582603938389
"percentile_latbin_OLS","q75","occurrence5_k1_tropical_temperate","occurrence",5,NA,1,"tropical_temperate",261.895,"Capitanian","Paleozoic",0.698529411764706,-0.44515092543706,-0.182187568261528,1,1,0.996316746232607,0.992747976415659,NA,NA,1.45117221410134,0.685662872655575,0.262963357175532,-0.262963357175532,0.00356876981694787,0.00356876981694787,0,0,0,NA,NA,0.374407482189827,0.765509341445761,1.06841754337846
"percentile_latbin_OLS","q75","occurrence5_k1_tropical_temperate","occurrence",5,NA,1,"tropical_temperate",265.59,"Wordian","Paleozoic",0.419790104947526,-0.224287422605912,-0.341425354131551,1,1,0.840565011483328,0.906714131847329,NA,NA,0.368089600743688,0.94008975874349,0.117137931525639,0.117137931525639,0.0661491203640009,-0.0661491203640009,0,0,0,NA,NA,0.349318924723347,-0.572000157999802,0.654089679743589
"percentile_latbin_OLS","q75","occurrence5_k1_tropical_temperate","occurrence",5,NA,1,"tropical_temperate",270.65,"Roadian","Paleozoic",1.09285714285714,-0.629073148866545,0.0503207650881107,1.5,1,0.647462495495476,1.03943839301286,NA,NA,1.0368872673897,0.66719126970781,0.679393913954656,-0.679393913954656,0.39197589751738,-0.39197589751738,0.22314355131421,0.5,0.5,NA,NA,0.200282457180187,0.36969599768189,0.852039268548755
"percentile_latbin_OLS","q75","occurrence5_k1_tropical_temperate","occurrence",5,NA,1,"tropical_temperate",278.85,"Kungurian","Paleozoic",0.647522522522522,-0.384749166823851,-0.0231280983426111,2,1.5,0.825463780220329,1.09812674721144,NA,NA,0.725456819406864,1.16758370537771,0.36162106848124,-0.36162106848124,0.27266296699111,-0.27266296699111,0.182321556793955,0.5,0.5,NA,NA,0.228121209056409,-0.442126885970849,0.946520262392288
"percentile_latbin_OLS","q75","occurrence5_k1_tropical_temperate","occurrence",5,NA,1,"tropical_temperate",286.7,"Artinskian","Paleozoic",1.05747126436782,-1.01732887230353,-0.223129103484693,1,1,1.29741674135237,1.39579199529072,NA,NA,2.41368608178844,0.989336953560039,0.794199768818832,-0.794199768818832,0.0983752539383447,-0.0983752539383447,0,0,0,NA,NA,0.539991275826808,1.4243491282284,1.70151151767424
"percentile_latbin_OLS","q75","occurrence5_k1_tropical_temperate","occurrence",5,NA,1,"tropical_temperate",291.81,"Sakmarian","Paleozoic",0.594982078853047,-0.0273652713729421,-0.173775840477527,1,1.5,1.03113078865462,1.01459931239178,NA,NA,1.01672880340727,1.08858454600233,0.146410569104584,0.146410569104584,0.0165314762628368,0.0165314762628368,0.22314355131421,0.5,-0.5,NA,NA,0.0350097913153847,-0.0718557425950612,1.0526566747048
"percentile_latbin_OLS","q75","occurrence5_k1_tropical_temperate","occurrence",5,NA,1,"tropical_temperate",296.21,"Asselian","Paleozoic",1.25,-0.173314004956253,-0.721714616704463,1,1,1.34164078649987,1.13759291798904,NA,NA,1.58532243113488,1.46459344248204,0.54840061174821,0.54840061174821,0.204047868510832,0.204047868510832,0,0,0,NA,NA,0.0478233699263814,0.120728988652841,1.52495793680846
"percentile_latbin_OLS","q75","occurrence5_k1_tropical_temperate","occurrence",5,NA,1,"tropical_temperate",301.3,"Gzhelian","Paleozoic",1.55555555555556,-0.946185541517722,-2.32130000613252,0,0,1.4142135623731,2.40880736904728,NA,NA,1.64049149380414,1.237621168933,1.3751144646148,1.3751144646148,0.994593806674183,-0.994593806674183,0,0,0,NA,NA,0.165551748312207,0.402870324871134,1.43905633136857
"percentile_latbin_OLS","q75","occurrence5_k1_tropical_temperate","occurrence",5,NA,1,"tropical_temperate",311.1,"Moscovian","Paleozoic",0.0326797385620915,-1.99563158956073,-0.461970116014789,0,0,1.23669388480168,1.83293700111903,NA,NA,3.52457280453795,2.47834999570218,1.53366147354594,-1.53366147354594,0.59624311631735,-0.59624311631735,0,0,0,NA,NA,0.262965122677447,1.04622280883577,3.00146140012007
"percentile_latbin_OLS","q75","occurrence5_k1_tropical_temperate","occurrence",5,NA,1,"tropical_temperate",319.3,"Bashkirian","Paleozoic",0.55,-0.242345090175769,-0.235978010852346,0,0,1.44058811519707,1.32842232831014,NA,NA,1.96782896496433,1.859249280036,0.00636707932342306,-0.00636707932342306,0.112165786886931,0.112165786886931,0,0,0,NA,NA,0.0372715964074847,0.108579684928334,1.91353912250016
"percentile_latbin_OLS","q75","occurrence5_k1_tropical_temperate","occurrence",5,NA,1,"tropical_temperate",326.85,"Serpukhovian","Paleozoic",1.19327731092437,-1.49266132625785,-1.2474744243612,0,1,1.51805740006635,1.25595818894936,NA,NA,0.837855343301179,2.38030099136484,0.245186901896646,-0.245186901896646,0.262099211116986,0.262099211116986,0.693147180559945,1,-1,NA,NA,0.609365438711763,-1.54244564806366,1.60907816733301
"percentile_latbin_OLS","q75","occurrence5_k1_tropical_temperate","occurrence",5,NA,1,"tropical_temperate",365.505,"Famennian","Paleozoic",1.375,1.01761839538815,-0.294463661006398,0,1.5,2.2129299183502,1.1176228712553,NA,NA,5.78534222831575,2.06650157307717,1.31208205639454,1.31208205639454,1.0953070470949,1.0953070470949,0.916290731874155,1.5,-1.5,NA,NA,0.79422737189913,3.71884065523858,3.92592190069646
"percentile_latbin_OLS","q75","occurrence5_k1_tropical_temperate","occurrence",5,NA,1,"tropical_temperate",377.23,"Frasnian","Paleozoic",0.4375,0.502328284512471,-0.243082017094808,0,3,2.66631650362049,0.760949484293839,NA,NA,1.05065218520864,1.61865864676135,0.745410301607279,0.745410301607279,1.90536701932665,1.90536701932665,1.38629436111989,3,-3,NA,NA,0.24450433810727,-0.568006461552712,1.334655415985
"percentile_latbin_OLS","q75","occurrence5_k1_tropical_temperate","occurrence",5,NA,1,"tropical_temperate",385.13,"Givetian","Paleozoic",0.803571428571429,0.0371495450596462,-0.411004912431362,0,2,2.18529407725405,0.915060071237724,NA,NA,5.30099906230412,1.13569220813313,0.448154457491008,0.448154457491008,1.27023400601633,1.27023400601633,1.09861228866811,2,-2,NA,NA,1.08191738874393,4.16530685417099,3.21834563521863
"percentile_latbin_OLS","q75","occurrence5_k1_tropical_temperate","occurrence",5,NA,1,"tropical_temperate",402.045,"Emsian","Paleozoic",1.41289893617021,-0.499706589747326,0.0190382161622522,0,3,1.48892973800172,0.559461911139841,NA,NA,1.56540086757002,0.999608597802866,0.518744805909578,-0.518744805909578,0.929467826861883,0.929467826861883,1.38629436111989,3,-3,NA,NA,0.249163289755326,0.565792269767157,1.28250473268644
"percentile_latbin_OLS","q75","occurrence5_k1_tropical_temperate","occurrence",5,NA,1,"tropical_temperate",423.85,"Ludfordian","Paleozoic",1.1437908496732,-0.450509939644359,-0.326789302915556,0,1,1.57181049598675,1.33301102013774,NA,NA,1.99769095924581,1.79916259432348,0.123720636728803,-0.123720636728803,0.238799475849007,0.238799475849007,0.693147180559945,1,-1,NA,NA,0.06852201306692,0.198528364922333,1.89842677678464
"percentile_latbin_OLS","q75","occurrence5_k1_tropical_temperate","occurrence",5,NA,1,"tropical_temperate",428.65,"Homerian","Paleozoic",0.265909090909091,-0.0962907529199827,0.543316187322527,0,0.5,1.49963534702269,1.26862593569022,NA,NA,1.15872268301415,2.12403813855649,0.639606940242509,-0.639606940242509,0.231009411332471,0.231009411332471,0.405465108108164,0.5,-0.5,NA,NA,0.369609743824616,-0.96531545554234,1.64138041078532
"percentile_latbin_OLS","q75","occurrence5_k1_tropical_temperate","occurrence",5,NA,1,"tropical_temperate",435.75,"Telychian","Paleozoic",0.433333333333333,-0.505610873284677,0.238020982613526,1,1,1.10825777421936,1.40928253772803,NA,NA,3.04540407219026,3.49290017778963,0.743631855898203,-0.743631855898203,0.301024763508667,-0.301024763508667,0,0,0,NA,NA,0.104916972808844,-0.447496105599369,3.26915212498994
"percentile_latbin_OLS","q75","occurrence5_k1_tropical_temperate","occurrence",5,NA,1,"tropical_temperate",441.8,"Rhuddanian","Paleozoic",1.75,-0.451893887251123,0.992664544011502,0,0,2.06824733985651,1.6007351252398,NA,NA,6.73859045038409,3.63743717841348,1.44455843126262,-1.44455843126262,0.467512214616712,0.467512214616712,0,0,0,NA,NA,0.512057677255641,3.1011532719706,5.18801381439878
"percentile_latbin_OLS","q75","occurrence5_k1_tropical_temperate","occurrence",5,NA,1,"tropical_temperate",463.8,"Darriwilian","Paleozoic",0.119298245614035,-0.107196018707274,0.146852133039876,0,2.5,1.63022914304202,0.695665014652904,NA,NA,1.43439335673852,0.691734492315687,0.25404815174715,-0.25404815174715,0.934564128389119,0.934564128389119,1.25276296849537,2.5,-2.5,NA,NA,0.363943261249961,0.74265886442283,1.0630639245271
"percentile_latbin_OLS","q75","occurrence5_k1_tropical_temperate","occurrence",5,NA,1,"tropical_temperate",474.2,"Floian","Paleozoic",0.0526315789473684,-0.285199433935203,0.59822352971662,0,2,1.57429655605513,0.59920566185447,NA,NA,3.09779334018308,0.821702686903708,0.883422963651823,-0.883422963651823,0.975090894200659,0.975090894200659,1.09861228866811,2,-2,NA,NA,0.8106770131154,2.27609065327937,1.95974801354339
"percentile_latbin_OLS","q75","occurrence10_k1_tropical_temperate","occurrence",10,NA,1,"tropical_temperate",0.00585,"Holocene","Cenozoic",0.288235294117647,-0.474299528272676,0.21306777462518,1,0,1.05709200980769,1.5400534750074,NA,NA,1.6225263509091,1.58392144859448,0.687367302897856,-0.687367302897856,0.482961465199703,-0.482961465199703,0.693147180559945,1,1,NA,NA,0.0148299229413801,0.038604902314616,1.60322389975179
"percentile_latbin_OLS","q75","occurrence10_k1_tropical_temperate","occurrence",10,NA,1,"tropical_temperate",1.29585,"Pleistocene","Cenozoic",0.25494071146245,-0.367734245963085,-0.229660652503737,3,1,0.75418134375678,0.997383433233078,NA,NA,0.848265599374869,0.802622026144473,0.138073593459348,-0.138073593459348,0.243202089476298,-0.243202089476298,0.693147180559945,2,2,NA,NA,0.0250053993351947,0.0456435732303961,0.825443812759671
"percentile_latbin_OLS","q75","occurrence10_k1_tropical_temperate","occurrence",10,NA,1,"tropical_temperate",3.09,"Piacenzian","Cenozoic",1.85714285714286,-0.827797831104934,-0.675583408506345,1,0,1.22440435233382,1.79434887219572,NA,NA,1.36899458449582,3.01537741436533,0.152214422598588,-0.152214422598588,0.569944519861898,-0.569944519861898,0.693147180559945,1,1,NA,NA,0.527665704881534,-1.64638282986952,2.19218599943057
"percentile_latbin_OLS","q75","occurrence10_k1_tropical_temperate","occurrence",10,NA,1,"tropical_temperate",4.4665,"Zanclean","Cenozoic",0.216216216216216,-0.242588909225358,-0.477123218232943,1.5,0,0.92111399659049,1.56261854292219,NA,NA,1.37283765611703,4.16233815642268,0.234534309007586,0.234534309007586,0.641504546331702,-0.641504546331702,0.916290731874155,1.5,1.5,NA,NA,0.777303045766929,-2.78950050030565,2.76758790626985
"percentile_latbin_OLS","q75","occurrence10_k1_tropical_temperate","occurrence",10,NA,1,"tropical_temperate",9.438,"Tortonian","Cenozoic",0.532094594594595,-0.570118537947437,-0.554269884270803,2,0,0.825463780220329,1.58578241961277,NA,NA,0.784234834726668,5.57309131835848,0.0158486536766341,-0.0158486536766341,0.760318639392444,-0.760318639392444,1.09861228866811,2,2,NA,NA,1.3039945828244,-4.78885648363181,3.17866307654257
"percentile_latbin_OLS","q75","occurrence10_k1_tropical_temperate","occurrence",10,NA,1,"tropical_temperate",12.725,"Serravallian","Cenozoic",0.7,0.107279254887443,-0.0567450411835919,1,0,1.18817705157201,1.87491176262966,NA,NA,0.947758115515351,2.68507545591542,0.164024296071035,0.164024296071035,0.686734711057651,-0.686734711057651,0.693147180559945,1,1,NA,NA,0.637611975104645,-1.73731734040007,1.81641678571539
"percentile_latbin_OLS","q75","occurrence10_k1_tropical_temperate","occurrence",10,NA,1,"tropical_temperate",18.215,"Burdigalian","Cenozoic",0.8125,0.172041227168736,-0.19396763734605,2,0,0.839117183150735,1.7583414645291,NA,NA,0.830811768633931,0.953218039848979,0.366008864514786,0.366008864514786,0.919224281378369,-0.919224281378369,1.09861228866811,2,2,NA,NA,0.0647188312966509,-0.122406271215048,0.892014904241455
"percentile_latbin_OLS","q75","occurrence10_k1_tropical_temperate","occurrence",10,NA,1,"tropical_temperate",30.6,"Rupelian","Cenozoic",0.21875,0.196647186866093,0.392929369617649,1,0,1.2586100526795,2.46743496248992,NA,NA,1.60396763782306,2.35542451103003,0.196282182751556,-0.196282182751556,1.20882490981043,-1.20882490981043,0.693147180559945,1,1,NA,NA,0.253541996879953,-0.75145687320697,1.97969607442655
"percentile_latbin_OLS","q75","occurrence10_k1_tropical_temperate","occurrence",10,NA,1,"tropical_temperate",35.805,"Priabonian","Cenozoic",0.67741935483871,0.617319152089413,0.238393504846362,1,0,1.1917263902382,2.08637033540802,NA,NA,1.57519103816546,0.926813410547974,0.378925647243052,0.378925647243052,0.894643945169818,-0.894643945169818,0.693147180559945,1,1,NA,NA,0.290056165182534,0.648377627617487,1.25100222435672
"percentile_latbin_OLS","q75","occurrence10_k1_tropical_temperate","occurrence",10,NA,1,"tropical_temperate",44.55,"Lutetian","Cenozoic",2.22782258064516,0.539251761461921,-0.03911131037604,1,0,1.17496690340305,1.76360259629177,NA,NA,1.55994765889826,0.857502503407298,0.57836307183796,0.57836307183796,0.588635692888717,-0.588635692888717,0.693147180559945,1,1,NA,NA,0.320753967201352,0.702445155490963,1.20872508115278
"percentile_latbin_OLS","q75","occurrence10_k1_tropical_temperate","occurrence",10,NA,1,"tropical_temperate",52.035,"Ypresian","Cenozoic",2.04310344827586,0.875775209672569,0.185297581153539,0.5,0,1.39829730889478,1.92506684375924,NA,NA,1.1755753327573,0.432994575243007,0.69047762851903,0.69047762851903,0.526769534864461,-0.526769534864461,0.405465108108164,0.5,0.5,NA,NA,0.417526787124822,0.74258075751429,0.804284954000152
"percentile_latbin_OLS","q75","occurrence10_k1_tropical_temperate","occurrence",10,NA,1,"tropical_temperate",69.1,"Maastrichtian","Mesozoic",0.636363636363636,0.137631979189046,-0.0728500151715661,1.5,0.5,1.21381905143008,1.27234524442128,NA,NA,1.74917637589002,1.22334938530932,0.210481994360613,0.210481994360613,0.0585261929912035,-0.0585261929912035,0.510825623765991,1,1,NA,NA,0.212286576130476,0.525826990580706,1.48626288059967
"percentile_latbin_OLS","q75","occurrence10_k1_tropical_temperate","occurrence",10,NA,1,"tropical_temperate",77.9,"Campanian","Mesozoic",0.516304347826087,-0.264529890356069,0.211745990884157,3,0,0.960581943041999,2.12132034355964,NA,NA,0.973430406493006,1.58364664216414,0.476275881240225,-0.476275881240225,1.16073840051764,-1.16073840051764,1.38629436111989,3,3,NA,NA,0.269428476683494,-0.610216235671135,1.27853852432857
"percentile_latbin_OLS","q75","occurrence10_k1_tropical_temperate","occurrence",10,NA,1,"tropical_temperate",87.75,"Coniacian","Mesozoic",1.83333333333333,-0.278463574907261,-0.533146354354759,0.5,0,1.48279448063065,1.78226557735801,NA,NA,1.95539439899962,2.96869242640814,0.254682779447498,0.254682779447498,0.299471096727365,-0.299471096727365,0.405465108108164,0.5,0.5,NA,NA,0.294804566511297,-1.01329802740852,2.46204341270388
"percentile_latbin_OLS","q75","occurrence10_k1_tropical_temperate","occurrence",10,NA,1,"tropical_temperate",91.85,"Turonian","Mesozoic",0.157407407407407,-0.0515346971213223,-0.398590808178175,1.5,0,1.05409255338946,1.54348726628258,NA,NA,0.407036731224637,1.1427964230452,0.347056111056852,0.347056111056852,0.48939471289312,-0.48939471289312,0.916290731874155,1.5,1.5,NA,NA,0.420625831882962,-0.735759691820568,0.774916577134921
"percentile_latbin_OLS","q75","occurrence10_k1_tropical_temperate","occurrence",10,NA,1,"tropical_temperate",97.2,"Cenomanian","Mesozoic",1.30769230769231,-0.242833285444737,0.209699752534459,2,1,0.958958319436484,1.04109770979986,NA,NA,1.20174020759311,0.921988013596826,0.452533037979196,-0.452533037979196,0.0821393903633716,-0.0821393903633716,0.405465108108164,1,1,NA,NA,0.135887977030723,0.279752193996286,1.06186411059497
"percentile_latbin_OLS","q75","occurrence10_k1_tropical_temperate","occurrence",10,NA,1,"tropical_temperate",106.85,"Albian","Mesozoic",0.157065217391304,-0.229281934324107,0.0630554045459882,2,1,0.733043614784598,0.997383433233078,NA,NA,1.03581112434078,1.39950664488078,0.292337338870095,-0.292337338870095,0.26433981844848,-0.26433981844848,0.405465108108164,1,1,NA,NA,0.164368825210038,-0.363695520539999,1.21765888461078
"percentile_latbin_OLS","q75","occurrence10_k1_tropical_temperate","occurrence",10,NA,1,"tropical_temperate",117.3,"Aptian","Mesozoic",0.240147783251232,-0.390330731660769,-0.00249612681805305,1,1,1.22555841361972,1.12911910974246,NA,NA,2.22553475845109,0.808081969242747,0.387834604842716,-0.387834604842716,0.0964393038772697,0.0964393038772697,0,0,0,NA,NA,0.578832155162826,1.41745278920834,1.51680836384692
"percentile_latbin_OLS","q75","occurrence10_k1_tropical_temperate","occurrence",10,NA,1,"tropical_temperate",123.585,"Barremian","Mesozoic",0.260869565217391,-0.127151405624362,-0.0108772307083818,1,0,1.06718592572556,1.78226557735801,NA,NA,1.61938022181651,0.745808262335986,0.11627417491598,-0.11627417491598,0.715079651632454,-0.715079651632454,0.693147180559945,1,1,NA,NA,0.40572009722928,0.873571959480525,1.18259424207625
"percentile_latbin_OLS","q75","occurrence10_k1_tropical_temperate","occurrence",10,NA,1,"tropical_temperate",129.185,"Hauterivian","Mesozoic",0.208333333333333,-0.201038875223741,-0.197499121771122,1,0,1.3853222177742,2.06824733985651,NA,NA,1.46603165880679,3.13855773247715,0.00353975345261839,-0.00353975345261839,0.682925122082312,-0.682925122082312,0.693147180559945,1,1,NA,NA,0.517737110562276,-1.67252607367036,2.30229469564197
"percentile_latbin_OLS","q75","occurrence10_k1_tropical_temperate","occurrence",10,NA,1,"tropical_temperate",134.825,"Valanginian","Mesozoic",0.191176470588235,0.100289450165104,0.325818094227963,2,0,0.849563770198344,2.06824733985651,NA,NA,0.371836537627359,0.516995086067697,0.225528644062859,-0.225528644062859,1.21868356965817,-1.21868356965817,1.09861228866811,2,2,NA,NA,0.100581080582966,-0.145158548440338,0.444415811847528
"percentile_latbin_OLS","q75","occurrence10_k1_tropical_temperate","occurrence",10,NA,1,"tropical_temperate",146.15,"Tithonian","Mesozoic",0.377777777777778,-0.06706673904311,-0.0179788974029605,1,0,1.10258164074585,1.5400534750074,NA,NA,1.69456742985311,0.836846381153802,0.0490878416401494,-0.0490878416401494,0.437471834261548,-0.437471834261548,0.693147180559945,1,1,NA,NA,0.383187505186804,0.85772104869931,1.26570690550346
"percentile_latbin_OLS","q75","occurrence10_k1_tropical_temperate","occurrence",10,NA,1,"tropical_temperate",152,"Kimmeridgian","Mesozoic",0.666666666666667,-0.340404684028509,-0.207077234495201,1,0,1.1879393923934,1.36122781945955,NA,NA,1.66581217165765,1.35556954836375,0.133327449533308,-0.133327449533308,0.173288427066145,-0.173288427066145,0.693147180559945,1,1,NA,NA,0.123726221365671,0.310242623293893,1.5106908600107
"percentile_latbin_OLS","q75","occurrence10_k1_tropical_temperate","occurrence",10,NA,1,"tropical_temperate",158.15,"Oxfordian","Mesozoic",1.275,-0.145769263449397,-0.326112050883077,1,0.5,1.37198868114007,1.30564385739486,NA,NA,1.13282699002889,0.733005050731097,0.18034278743368,0.18034278743368,0.0663448237452062,0.0663448237452062,0.287682072451781,0.5,0.5,NA,NA,0.207591399928946,0.399821939297793,0.932916020379994
"percentile_latbin_OLS","q75","occurrence10_k1_tropical_temperate","occurrence",10,NA,1,"tropical_temperate",163.4,"Callovian","Mesozoic",1.02272727272727,-1.09545330566678,-0.249448744235784,0.5,1,1.47314313795709,0.994393618223213,NA,NA,2.24991252423358,1.49585850563989,0.846004561431,-0.846004561431,0.478749519733877,0.478749519733877,0.287682072451781,0.5,-0.5,NA,NA,0.263995319904204,0.754054018593692,1.87288551493674
"percentile_latbin_OLS","q75","occurrence10_k1_tropical_temperate","occurrence",10,NA,1,"tropical_temperate",166.75,"Bathonian","Mesozoic",1.75,0.140937801893822,-0.852440022072566,1,0,1.28364907976135,1.36122781945955,NA,NA,2.24048352531003,2.47005917643502,0.993377823966388,0.993377823966388,0.0775787396981977,-0.0775787396981977,0.693147180559945,1,1,NA,NA,0.0684490926646041,-0.229575651124991,2.35527135087252
"percentile_latbin_OLS","q75","occurrence10_k1_tropical_temperate","occurrence",10,NA,1,"tropical_temperate",169.55,"Bajocian","Mesozoic",1.73076923076923,-0.0812823627183752,-0.359358324762428,1,0,1.33309017390599,1.32684929954252,NA,NA,1.80036830565969,0.936650801926881,0.278075962044052,0.278075962044052,0.00624087436346832,0.00624087436346832,0.693147180559945,1,1,NA,NA,0.368790855880413,0.863717503732811,1.36850955379329
"percentile_latbin_OLS","q75","occurrence10_k1_tropical_temperate","occurrence",10,NA,1,"tropical_temperate",179.45,"Toarcian","Mesozoic",0.923076923076923,0.00816889499740251,-0.363625089019794,1,0,1.41088207703341,1.32684929954252,NA,NA,1.29211734935414,1.10835222343191,0.371793984017197,0.371793984017197,0.08403277749089,0.08403277749089,0.693147180559945,1,1,NA,NA,0.0835692914496465,0.183765125922231,1.20023478639302
"percentile_latbin_OLS","q75","occurrence10_k1_tropical_temperate","occurrence",10,NA,1,"tropical_temperate",188.55,"Pliensbachian","Mesozoic",0.140350877192982,-0.0398231362462655,-0.915497241788099,1,0,1.07362957427915,1.26025207562521,NA,NA,1.18700175941383,1.32991818309859,0.875674105541834,0.875674105541834,0.186622501346061,-0.186622501346061,0.693147180559945,1,1,NA,NA,0.0633016062294629,-0.142916423684761,1.25845997125621
"percentile_latbin_OLS","q75","occurrence10_k1_tropical_temperate","occurrence",10,NA,1,"tropical_temperate",196.2,"Sinemurian","Mesozoic",0.611111111111111,0.196757761249935,0.0622622636846054,1.5,0,1.11143786045242,1.56261854292219,NA,NA,1.33960936168282,0.98807938798249,0.13449549756533,0.13449549756533,0.451180682469769,-0.451180682469769,0.916290731874155,1.5,1.5,NA,NA,0.162814934952025,0.351529973700334,1.16384437483266
"percentile_latbin_OLS","q75","occurrence10_k1_tropical_temperate","occurrence",10,NA,1,"tropical_temperate",200.45,"Hettangian","Mesozoic",0.304347826086956,0.405936799554794,0.0395384762877158,1,0,1.25348396942421,1.76360259629177,NA,NA,1.23048640754485,1.29964100054532,0.366398323267078,0.366398323267078,0.510118626867559,-0.510118626867559,0.693147180559945,1,1,NA,NA,0.0305333423702859,-0.0691545930004724,1.26506370404508
"percentile_latbin_OLS","q75","occurrence10_k1_tropical_temperate","occurrence",10,NA,1,"tropical_temperate",203.55,"Rhaetian","Mesozoic",0.260526315789474,-0.174552198567282,-0.917755957833932,0.5,0,1.63999626415914,1.77034393468016,NA,NA,1.27729964893284,1.5091420000898,0.74320375926665,0.74320375926665,0.130347670521022,-0.130347670521022,0.405465108108164,0.5,0.5,NA,NA,0.0969504855227525,-0.23184235115696,1.39322082451132
"percentile_latbin_OLS","q75","occurrence10_k1_tropical_temperate","occurrence",10,NA,1,"tropical_temperate",216.5,"Norian","Mesozoic",0.272727272727273,-0.668161321558293,-0.53799936961689,2,0.5,0.598978225751694,1.15044748327106,NA,NA,0.892431505970309,1.55952061285948,0.130161951941404,-0.130161951941404,0.551469257519361,-0.551469257519361,0.693147180559945,1.5,1.5,NA,NA,0.301957467033609,-0.667089106889173,1.2259760594149
"percentile_latbin_OLS","q75","occurrence10_k1_tropical_temperate","occurrence",10,NA,1,"tropical_temperate",232.15,"Carnian","Mesozoic",1.875,-0.396512890136601,-0.123016456139319,1,0,1.07016732488022,1.58578241961277,NA,NA,1.15103857432393,0.538128708002705,0.273496433997282,-0.273496433997282,0.515615094732549,-0.515615094732549,0.693147180559945,1,1,NA,NA,0.3353842304404,0.612909866321222,0.844583641163316
"percentile_latbin_OLS","q75","occurrence10_k1_tropical_temperate","occurrence",10,NA,1,"tropical_temperate",244.082,"Anisian","Mesozoic",0.961538461538461,0.0256346536465571,-0.0186057307490476,1,0,1.01365545896441,1.78226557735801,NA,NA,1.77793560567738,0.314333989670473,0.0442403843956048,0.0442403843956048,0.768610118393608,-0.768610118393608,0.693147180559945,1,1,NA,NA,0.748377998365638,1.46360161600691,1.04613479767393
"percentile_latbin_OLS","q75","occurrence10_k1_tropical_temperate","occurrence",10,NA,1,"tropical_temperate",248.3,"Olenekian","Mesozoic",0.607142857142857,-0.12815466881503,-0.416736915893485,2,1,0.808388920668031,1.12911910974246,NA,NA,0.752375672500325,1.2659539201053,0.288582247078455,0.288582247078455,0.320730189074425,-0.320730189074425,0.405465108108164,1,1,NA,NA,0.257023432581192,-0.513578247604978,1.00916479630281
"percentile_latbin_OLS","q75","occurrence10_k1_tropical_temperate","occurrence",10,NA,1,"tropical_temperate",250.901,"Induan","Mesozoic",0.946969696969697,-0.407801542802372,0.61927441258645,2,0,0.939336436627724,1.27234524442128,NA,NA,1.07185496817243,1.56260275728456,1.02707595538882,-1.02707595538882,0.33300880779356,-0.33300880779356,1.09861228866811,2,2,NA,NA,0.212579118172634,-0.490747789112125,1.31722886272849
"percentile_latbin_OLS","q75","occurrence10_k1_tropical_temperate","occurrence",10,NA,1,"tropical_temperate",253.021,"Changhsingian","Paleozoic",0.0982142857142857,-0.927216857002296,0.307667014954764,0,0,1.5,1.28990912324027,NA,NA,4.19975548195271,1.11017668605464,1.23488387195706,-1.23488387195706,0.210090876759728,0.210090876759728,0,0,0,NA,NA,0.901839920331537,3.08957879589808,2.65496608400367
"percentile_latbin_OLS","q75","occurrence10_k1_tropical_temperate","occurrence",10,NA,1,"tropical_temperate",256.825,"Wuchiapingian","Paleozoic",0.38804347826087,-1.08501156448313,-0.336780690165188,2,1,1.28726796881202,1.06718592572556,NA,NA,1.81116064272222,1.09006406458766,0.748230874317947,-0.748230874317947,0.220082043086456,0.220082043086456,0.405465108108164,1,1,NA,NA,0.296402719763051,0.721096578134558,1.45061235365494
"percentile_latbin_OLS","q75","occurrence10_k1_tropical_temperate","occurrence",10,NA,1,"tropical_temperate",261.895,"Capitanian","Paleozoic",0.763157894736842,-0.685859914094301,-0.208276993261758,1,1,1.23616673478421,1.21218305346265,NA,NA,1.87083815417532,0.683308373903813,0.477582920832543,-0.477582920832543,0.0239836813215595,0.0239836813215595,0,0,0,NA,NA,0.533842899793196,1.18752978027151,1.27707326403957
"percentile_latbin_OLS","q75","occurrence10_k1_tropical_temperate","occurrence",10,NA,1,"tropical_temperate",265.59,"Wordian","Paleozoic",0.501012145748988,-0.195232553968129,-0.362506170530441,1,1,1.00008146971377,0.926464372710492,NA,NA,0.409190916689678,0.938505007918253,0.167273616562312,0.167273616562312,0.0736170970032776,0.0736170970032776,0,0,0,NA,NA,0.318901339781177,-0.529314091228575,0.673847962303966
"percentile_latbin_OLS","q75","occurrence10_k1_tropical_temperate","occurrence",10,NA,1,"tropical_temperate",270.65,"Roadian","Paleozoic",0.824414715719063,-0.721376276638811,0.0481383467972342,1,1,0.830165693289809,1.16406783772901,NA,NA,1.08599569790095,0.670893602609218,0.769514623436045,-0.769514623436045,0.333902144439201,-0.333902144439201,0,0,0,NA,NA,0.221887719507657,0.415102095291732,0.878444650255084
"percentile_latbin_OLS","q75","occurrence10_k1_tropical_temperate","occurrence",10,NA,1,"tropical_temperate",278.85,"Kungurian","Paleozoic",0.096153846153846,-0.397279443917922,-0.0644929175990462,1,1,1.16868289140439,1.02899151085505,NA,NA,1.21588913374582,1.17130508438968,0.332786526318875,-0.332786526318875,0.139691380549339,0.139691380549339,0,0,0,NA,NA,0.0203253295866614,0.0445840493561425,1.19359710906775
"percentile_latbin_OLS","q75","occurrence10_k1_tropical_temperate","occurrence",10,NA,1,"tropical_temperate",286.7,"Artinskian","Paleozoic",1.03928571428571,-0.891995207076609,-0.169377429367347,1,1,1.33309017390599,1.48279448063065,NA,NA,3.68468654346738,0.99636320956318,0.722617777709261,-0.722617777709261,0.149704306724657,-0.149704306724657,0,0,0,NA,NA,0.852971876987674,2.6883233339042,2.34052487651528
"percentile_latbin_OLS","q75","occurrence10_k1_tropical_temperate","occurrence",10,NA,1,"tropical_temperate",291.81,"Sakmarian","Paleozoic",0.572121212121212,-0.0136367705621118,-0.317811355382722,1,1.5,0.960881947820365,1.11078156405008,NA,NA,1.19663313067071,1.07979443796571,0.30417458482061,0.30417458482061,0.149899616229716,-0.149899616229716,0.22314355131421,0.5,-0.5,NA,NA,0.0546567320354495,0.116838692704995,1.13821378431821
"percentile_latbin_OLS","q75","occurrence10_k1_tropical_temperate","occurrence",10,NA,1,"tropical_temperate",296.21,"Asselian","Paleozoic",1.28571428571429,0.158165346322021,-0.991122419292215,0,0.5,1.55374310845095,1.43276694840835,NA,NA,2.63495657569853,1.53969072095059,1.14928776561424,1.14928776561424,0.120976160042599,0.120976160042599,0.405465108108164,0.5,-0.5,NA,NA,0.358554854540009,1.09526585474794,2.08732364832456
"percentile_latbin_OLS","q75","occurrence10_k1_tropical_temperate","occurrence",10,NA,1,"tropical_temperate",301.3,"Gzhelian","Paleozoic",1.25,-1.22528037477934,-2.32130000613252,0,0,1.56261854292219,2.40880736904728,NA,NA,3.59491301732029,1.237621168933,1.09601963135318,1.09601963135318,0.846188826125086,-0.846188826125086,0,0,0,NA,NA,0.719536502360666,2.35729184838729,2.41626709312665
"percentile_latbin_OLS","q75","occurrence10_k1_tropical_temperate","occurrence",10,NA,1,"tropical_temperate",311.1,"Moscovian","Paleozoic",0,-1.97595731825078,-0.452982809969421,0,0,1.3853222177742,1.96335921618147,NA,NA,3.75047601668653,2.66889878389767,1.52297450828136,-1.52297450828136,0.578036998407268,-0.578036998407268,0,0,0,NA,NA,0.258353268908391,1.08157723278886,3.2096874002921
"percentile_latbin_OLS","q75","occurrence10_k1_tropical_temperate","occurrence",10,NA,1,"tropical_temperate",319.3,"Bashkirian","Paleozoic",0.540178571428571,-0.376855924819924,-0.220382281777158,0,0,1.56261854292219,1.27331203144075,NA,NA,1.78886226785573,1.8161053155807,0.156473643042766,-0.156473643042766,0.289306511481444,0.289306511481444,0,0,0,NA,NA,0.00972111322971322,-0.0272430477249697,1.80248379171822
"percentile_latbin_OLS","q75","occurrence10_k1_tropical_temperate","occurrence",10,NA,1,"tropical_temperate",326.85,"Serpukhovian","Paleozoic",1.04166666666667,-1.45946577642398,-1.15463394524157,0,0,1.65919895626492,1.48892973800172,NA,NA,1.00466758344586,3.37422297413695,0.304831831182419,-0.304831831182419,0.170269218263192,0.170269218263192,0,0,0,NA,NA,0.78025064490359,-2.36955539069109,2.18944527879141
"percentile_latbin_OLS","q75","occurrence10_k1_tropical_temperate","occurrence",10,NA,1,"tropical_temperate",365.505,"Famennian","Paleozoic",0.510714285714286,0.439114702217293,-0.457624706098911,0,1.5,2.06824733985651,1.17138757870477,NA,NA,10.0535643875707,2.13648921443999,0.896739408316204,0.896739408316204,0.896859761151743,0.896859761151743,0.916290731874155,1.5,-1.5,NA,NA,1.25964885513643,7.9170751731307,6.09502680100533
"percentile_latbin_OLS","q75","occurrence10_k1_tropical_temperate","occurrence",10,NA,1,"tropical_temperate",377.23,"Frasnian","Paleozoic",0.477272727272727,0.136042189464013,-0.242302941455023,0,3,2.52050415125042,0.82085126024381,NA,NA,2.39637589587127,1.69638754925775,0.378345130919037,0.378345130919037,1.69965289100661,1.69965289100661,1.38629436111989,3,-3,NA,NA,0.230796017710083,0.699988346613515,2.04638172256451
"percentile_latbin_OLS","q75","occurrence10_k1_tropical_temperate","occurrence",10,NA,1,"tropical_temperate",385.13,"Givetian","Paleozoic",0.897435897435897,0.011046416491795,-0.310922159167448,0,2,2.05798302171011,0.963753105691261,NA,NA,5.01111108350326,1.20485404728155,0.321968575659243,0.321968575659243,1.09422991601884,1.09422991601884,1.09861228866811,2,-2,NA,NA,1.00294828892442,3.80625703622171,3.10798256539241
"percentile_latbin_OLS","q75","occurrence10_k1_tropical_temperate","occurrence",10,NA,1,"tropical_temperate",402.045,"Emsian","Paleozoic",1.93611111111111,-0.640465315896396,0.0229749832682008,0,3,1.78226557735801,0.535778707611092,NA,NA,1.74721182399634,0.997598101672666,0.663440299164597,-0.663440299164597,1.24648686974692,1.24648686974692,1.38629436111989,3,-3,NA,NA,0.318641005490174,0.749613722323675,1.3724049628345
"percentile_latbin_OLS","q75","occurrence10_k1_tropical_temperate","occurrence",10,NA,1,"tropical_temperate",423.85,"Ludfordian","Paleozoic",0.944444444444444,-0.450509939644359,-0.264682268669583,0,0.5,1.57181049598675,1.32684929954252,NA,NA,1.99769095924581,2.0088843657781,0.185827670974776,-0.185827670974776,0.244961196444228,0.244961196444228,0.405465108108164,0.5,-0.5,NA,NA,0.0037270553964094,-0.0111934065322912,2.00328766251195
"percentile_latbin_OLS","q75","occurrence10_k1_tropical_temperate","occurrence",10,NA,1,"tropical_temperate",428.65,"Homerian","Paleozoic",0.325,-0.152675854871465,0.543316187322527,0,0.5,1.5400534750074,1.26862593569022,NA,NA,1.20893096978902,2.12403813855649,0.695992042193992,-0.695992042193992,0.271427539317177,0.271427539317177,0.405465108108164,0.5,-0.5,NA,NA,0.346617765727572,-0.915107168767466,1.66648455417275
"percentile_latbin_OLS","q75","occurrence10_k1_tropical_temperate","occurrence",10,NA,1,"tropical_temperate",435.75,"Telychian","Paleozoic",1.04571428571429,-1.085301804628,0.250347364180317,0.5,1,1.21218305346265,1.44293817893744,NA,NA,3.20027903278364,3.48110725774589,1.33564916880831,-1.33564916880831,0.230755125474787,-0.230755125474787,0.287682072451781,0.5,-0.5,NA,NA,0.064719212176213,-0.280828224962251,3.34069314526476
"percentile_latbin_OLS","q75","occurrence10_k1_tropical_temperate","occurrence",10,NA,1,"tropical_temperate",441.8,"Rhuddanian","Paleozoic",1.72222222222222,-0.451893887251123,1.00459100363438,0,0,2.06824733985651,1.53392997769474,NA,NA,6.73859045038409,3.69358179239765,1.45648489088551,-1.45648489088551,0.534317362161769,0.534317362161769,0,0,0,NA,NA,0.500023559282017,3.04500865798643,5.21608612139087
"percentile_latbin_OLS","q75","occurrence10_k1_tropical_temperate","occurrence",10,NA,1,"tropical_temperate",463.8,"Darriwilian","Paleozoic",0.299667036625971,-0.107115752300584,0.189631143727272,0,2.5,1.68287793971628,0.759171096302089,NA,NA,1.41909592032392,0.666708425746884,0.296746896027856,-0.296746896027856,0.923706843414193,0.923706843414193,1.25276296849537,2.5,-2.5,NA,NA,0.372543204824475,0.752387494577041,1.0429021730354
"percentile_latbin_OLS","q75","occurrence10_k1_tropical_temperate","occurrence",10,NA,1,"tropical_temperate",474.2,"Floian","Paleozoic",0.515151515151515,-0.793449497893633,0.572424175609113,0,2,1.68033610083361,0.654812779635034,NA,NA,3.65798872295332,0.851237986323448,1.36587367350275,-1.36587367350275,1.02552332119858,1.02552332119858,1.09861228866811,2,-2,NA,NA,0.92272915336867,2.80675073662987,2.25461335463838
"percentile_latbin_OLS","q75","collection5_k1_tropical_temperate","collection",NA,5,1,"tropical_temperate",1.29585,"Pleistocene","Cenozoic",0.283906882591093,-0.353005687546205,-0.256086620906183,3,1,0.777556750676182,0.945819166670041,NA,NA,1.00503495703099,1.01054190262476,0.0969190666400216,-0.0969190666400216,0.168262415993859,-0.168262415993859,0.693147180559945,2,2,NA,NA,0.00274279349572445,-0.0055069455937653,1.00778842982787
"percentile_latbin_OLS","q75","collection5_k1_tropical_temperate","collection",NA,5,1,"tropical_temperate",4.4665,"Zanclean","Cenozoic",0.232142857142857,-0.520532102294475,-1.55968560723227,1,0,1.10738002339147,2.06824733985651,NA,NA,1.67263630980554,2.03963661030811,1.03915350493779,1.03915350493779,0.960867316465045,-0.960867316465045,0.693147180559945,1,1,NA,NA,0.128672604969389,-0.367000300502576,1.85613646005683
"percentile_latbin_OLS","q75","collection5_k1_tropical_temperate","collection",NA,5,1,"tropical_temperate",9.438,"Tortonian","Cenozoic",0.630252100840336,-0.636408749038003,-0.33005717540151,2,0,0.887528076116224,1.79434887219572,NA,NA,0.766863950730574,6.76453680550366,0.306351573636493,-0.306351573636493,0.906820796079499,-0.906820796079499,1.09861228866811,2,2,NA,NA,1.48036060736414,-5.99767285477309,3.76570037811712
"percentile_latbin_OLS","q75","collection5_k1_tropical_temperate","collection",NA,5,1,"tropical_temperate",18.215,"Burdigalian","Cenozoic",0.733333333333333,0.14987057880372,-0.19396763734605,1.5,0,0.9576381510421,1.7583414645291,NA,NA,1.04845273845299,0.953218039848979,0.34383821614977,0.34383821614977,0.800703313487003,-0.800703313487003,0.916290731874155,1.5,1.5,NA,NA,0.0476064572333044,0.0952346986040143,1.00083538915099
"percentile_latbin_OLS","q75","collection5_k1_tropical_temperate","collection",NA,5,1,"tropical_temperate",44.55,"Lutetian","Cenozoic",2.34920634920635,0.548689535478978,-0.0567793269427029,1,0,1.31854544536897,1.99939966980488,NA,NA,2.12101280808771,1.21991642121247,0.605468862421681,0.605468862421681,0.680854224435901,-0.680854224435901,0.693147180559945,1,1,NA,NA,0.340688020048216,0.901096386875241,1.67046461465009
"percentile_latbin_OLS","q75","collection5_k1_tropical_temperate","collection",NA,5,1,"tropical_temperate",52.035,"Ypresian","Cenozoic",2.16071428571429,0.409256647755447,0.178778285051595,1,0,1.30861949931888,2.18529407725405,NA,NA,1.7164849331834,0.725840406237847,0.230478362703852,0.230478362703852,0.87667457793517,-0.87667457793517,0.693147180559945,1,1,NA,NA,0.453624616720566,0.990644526945552,1.22116266971062
"percentile_latbin_OLS","q75","collection5_k1_tropical_temperate","collection",NA,5,1,"tropical_temperate",69.1,"Maastrichtian","Mesozoic",0.681818181818182,0.28713221564023,-0.112152637243285,1.5,0,1.20200239191641,1.3906416855253,NA,NA,1.61398279434121,1.35991904772424,0.399284852883516,0.399284852883516,0.188639293608898,-0.188639293608898,0.916290731874155,1.5,1.5,NA,NA,0.10224771642404,0.254063746616975,1.48695092103273
"percentile_latbin_OLS","q75","collection5_k1_tropical_temperate","collection",NA,5,1,"tropical_temperate",77.9,"Campanian","Mesozoic",0.533816425120773,-0.278449799577182,0.358738428931395,3,0,0.964740325872117,1.97036873228756,NA,NA,0.941061307619135,2.13291618301278,0.637188228508576,-0.637188228508576,1.00562840641544,-1.00562840641544,1.38629436111989,3,3,NA,NA,0.478729369391463,-1.19185487539365,1.53698874531596
"percentile_latbin_OLS","q75","collection5_k1_tropical_temperate","collection",NA,5,1,"tropical_temperate",87.75,"Coniacian","Mesozoic",1.83333333333333,-0.525596961763592,-0.533146354354759,0.5,0,1.47637647637721,1.78226557735801,NA,NA,1.59840717508024,2.96869242640814,0.00754939259116727,0.00754939259116727,0.305889100980799,-0.305889100980799,0.405465108108164,0.5,0.5,NA,NA,0.423538044494888,-1.3702852513279,2.28354980074419
"percentile_latbin_OLS","q75","collection5_k1_tropical_temperate","collection",NA,5,1,"tropical_temperate",97.2,"Cenomanian","Mesozoic",0.459375,-0.182541249212202,0.0229579583450099,2.5,1,1.03550259536131,0.848528137423857,NA,NA,1.25048466857279,0.700349705744197,0.205499207557211,-0.205499207557211,0.186974457937449,0.186974457937449,0.559615787935423,1.5,1.5,NA,NA,0.28031166210566,0.550134962828591,0.975417187158493
"percentile_latbin_OLS","q75","collection5_k1_tropical_temperate","collection",NA,5,1,"tropical_temperate",106.85,"Albian","Mesozoic",0.192261904761905,-0.222262725079955,0.0901281570513145,2,1,0.8102287258764,1.10981650603639,NA,NA,0.980431366887347,1.50817136853867,0.312390882131269,-0.312390882131269,0.299587780159994,-0.299587780159994,0.405465108108164,1,1,NA,NA,0.236239266157528,-0.527740001651322,1.24430136771301
"percentile_latbin_OLS","q75","collection5_k1_tropical_temperate","collection",NA,5,1,"tropical_temperate",117.3,"Aptian","Mesozoic",0.21875,-0.0485586786859416,0.0704450838739018,1,0,1.16651347033396,1.3906416855253,NA,NA,1.94068539564691,0.968871531654023,0.119003762559843,-0.119003762559843,0.224128215191341,-0.224128215191341,0.693147180559945,1,1,NA,NA,0.401182129901078,0.971813863992888,1.45477846365047
"percentile_latbin_OLS","q75","collection5_k1_tropical_temperate","collection",NA,5,1,"tropical_temperate",123.585,"Barremian","Mesozoic",0.24,-0.102622468128701,0.0147991579751845,1,0,1.10825777421936,1.99939966980488,NA,NA,0.688480992387033,0.541856126686784,0.117421626103885,-0.117421626103885,0.891141895585517,-0.891141895585517,0.693147180559945,1,1,NA,NA,0.0908423359487737,0.146624865700248,0.615168559536909
"percentile_latbin_OLS","q75","collection5_k1_tropical_temperate","collection",NA,5,1,"tropical_temperate",129.185,"Hauterivian","Mesozoic",0.2,-0.286682630258511,-0.197499121771122,1,0,1.33309017390599,2.06824733985651,NA,NA,1.42667252602799,3.13855773247715,0.0891835084873888,-0.0891835084873888,0.735157165950519,-0.735157165950519,0.693147180559945,1,1,NA,NA,0.533826365233642,-1.71188520644916,2.28261512925257
"percentile_latbin_OLS","q75","collection5_k1_tropical_temperate","collection",NA,5,1,"tropical_temperate",134.825,"Valanginian","Mesozoic",0.196969696969697,0.103738045634371,0.325818094227963,2,0,0.82085126024381,2.06824733985651,NA,NA,0.526865748380351,0.516995086067697,0.222080048593592,-0.222080048593592,1.2473960796127,-1.2473960796127,1.09861228866811,2,2,NA,NA,0.00648564270778837,0.00987066231265377,0.521930417224024
"percentile_latbin_OLS","q75","collection5_k1_tropical_temperate","collection",NA,5,1,"tropical_temperate",146.15,"Tithonian","Mesozoic",0.393103448275862,-0.0688353388403512,-0.0179788974029605,1,0,1.08845030570361,1.5400534750074,NA,NA,1.69777670020994,0.836846381153802,0.0508564414373907,-0.0508564414373907,0.451603169303781,-0.451603169303781,0.693147180559945,1,1,NA,NA,0.384377811539044,0.860930319056135,1.26731154068187
"percentile_latbin_OLS","q75","collection5_k1_tropical_temperate","collection",NA,5,1,"tropical_temperate",152,"Kimmeridgian","Mesozoic",0.9375,-0.4267279465464,-0.167583103527296,1,0,0.996316746232607,1.3853222177742,NA,NA,1.72131030637876,1.51553266003033,0.259144843019104,-0.259144843019104,0.389005471541591,-0.389005471541591,0.693147180559945,1,1,NA,NA,0.0786289202201365,0.20577764634843,1.61842148320455
"percentile_latbin_OLS","q75","collection5_k1_tropical_temperate","collection",NA,5,1,"tropical_temperate",158.15,"Oxfordian","Mesozoic",1.33333333333333,-0.144880020957229,-0.363079788330795,1,0,1.3287902613814,1.32842232831014,NA,NA,1.1320670381943,0.640397632782984,0.218199767373566,0.218199767373566,0.000367933071259596,0.000367933071259596,0.693147180559945,1,1,NA,NA,0.262153278153526,0.49166940541132,0.886232335488645
"percentile_latbin_OLS","q75","collection5_k1_tropical_temperate","collection",NA,5,1,"tropical_temperate",163.4,"Callovian","Mesozoic",1.07142857142857,-0.872910435937796,-0.259006935991524,0.5,1,1.5138634342298,1.07016732488022,NA,NA,1.35278095944844,1.46196802107546,0.613903499946272,-0.613903499946272,0.443696109349578,0.443696109349578,0.287682072451781,0.5,-0.5,NA,NA,0.0453630231703192,-0.109187061627014,1.40737449026195
"percentile_latbin_OLS","q75","collection5_k1_tropical_temperate","collection",NA,5,1,"tropical_temperate",166.75,"Bathonian","Mesozoic",1.90909090909091,0.176868097220206,-0.801039592336918,1,0,1.23478981302606,1.49963534702269,NA,NA,2.18236235815422,2.74262266903649,0.977907689557123,0.977907689557123,0.264845533996626,-0.264845533996626,0.693147180559945,1,1,NA,NA,0.162162813156054,-0.560260310882272,2.46249251359535
"percentile_latbin_OLS","q75","collection5_k1_tropical_temperate","collection",NA,5,1,"tropical_temperate",169.55,"Bajocian","Mesozoic",2.1,-0.200546330509188,-0.456292543886158,1,0,1.35577197458084,1.5400534750074,NA,NA,1.47761825755641,1.13940109955773,0.25574621337697,0.25574621337697,0.184281500426557,-0.184281500426557,0.693147180559945,1,1,NA,NA,0.146771788853064,0.338217157998678,1.30850967855707
"percentile_latbin_OLS","q75","collection5_k1_tropical_temperate","collection",NA,5,1,"tropical_temperate",179.45,"Toarcian","Mesozoic",1.33333333333333,-0.332237621024337,-0.390427202816126,1,0,1.35332608488295,1.57181049598675,NA,NA,1.07050764745108,1.57822931098981,0.0581895817917891,0.0581895817917891,0.218484411103805,-0.218484411103805,0.693147180559945,1,1,NA,NA,0.219309032217395,-0.507721663538728,1.32436847922044
"percentile_latbin_OLS","q75","collection5_k1_tropical_temperate","collection",NA,5,1,"tropical_temperate",188.55,"Pliensbachian","Mesozoic",0.127272727272727,0.10964438671868,-0.512276799347669,1,0.5,1.22696965954931,1.14430443886195,NA,NA,1.1821807020885,1.83580614830876,0.621921186066348,0.621921186066348,0.0826652206873577,0.0826652206873577,0.287682072451781,0.5,0.5,NA,NA,0.262001553551533,-0.653625446220256,1.50899342519863
"percentile_latbin_OLS","q75","collection5_k1_tropical_temperate","collection",NA,5,1,"tropical_temperate",196.2,"Sinemurian","Mesozoic",0.315151515151515,0.518252940504378,-0.0519137921109777,1,0,1.09491244047604,1.5400534750074,NA,NA,1.57571038087255,1.06675830661577,0.570166732615356,0.570166732615356,0.445141034531359,-0.445141034531359,0.693147180559945,1,1,NA,NA,0.220144027825186,0.508952074256783,1.32123434374416
"percentile_latbin_OLS","q75","collection5_k1_tropical_temperate","collection",NA,5,1,"tropical_temperate",200.45,"Hettangian","Mesozoic",0.681818181818182,0.282467372836851,0.0949865417211745,1,0.5,1.30292666337414,1.27234524442128,NA,NA,1.58806814004266,0.821318430182749,0.187480831115676,0.187480831115676,0.0305814189528515,0.0305814189528515,0.287682072451781,0.5,0.5,NA,NA,0.351351054503108,0.766749709859907,1.2046932851127
"percentile_latbin_OLS","q75","collection5_k1_tropical_temperate","collection",NA,5,1,"tropical_temperate",203.55,"Rhaetian","Mesozoic",0.65625,-0.158261256804041,-0.609843321082104,0,0,1.96335921618147,1.69674686594031,NA,NA,1.73880593795263,1.84130718890339,0.451582064278064,0.451582064278064,0.266612350241156,0.266612350241156,0,0,0,NA,NA,0.0367421877127269,-0.102501250950753,1.79005656342801
"percentile_latbin_OLS","q75","collection5_k1_tropical_temperate","collection",NA,5,1,"tropical_temperate",216.5,"Norian","Mesozoic",0.264705882352941,-0.580163990618905,-0.579699568522868,2,0,0.571028617556058,1.27234524442128,NA,NA,0.989484247317899,1.67510927367713,0.000464422096036476,-0.000464422096036476,0.701316626865226,-0.701316626865226,1.09861228866811,2,2,NA,NA,0.296114796542969,-0.685625026359227,1.33229676049751
"percentile_latbin_OLS","q75","collection5_k1_tropical_temperate","collection",NA,5,1,"tropical_temperate",232.15,"Carnian","Mesozoic",1.66666666666667,-0.432573196860085,-0.0846499976471514,1,0,1.07066783188002,1.4142135623731,NA,NA,1.15460543769255,0.307138979991716,0.347923199212933,-0.347923199212933,0.343545730493079,-0.343545730493079,0.693147180559945,1,1,NA,NA,0.499766851133264,0.847466457700837,0.730872208842134
"percentile_latbin_OLS","q75","collection5_k1_tropical_temperate","collection",NA,5,1,"tropical_temperate",244.082,"Anisian","Mesozoic",1.015625,-0.0187124114988726,-0.0186057307490476,1,0,0.916304518480748,1.78226557735801,NA,NA,1.74928738039427,0.314333989670473,0.000106680749824926,-0.000106680749824926,0.865961058877266,-0.865961058877266,0.693147180559945,1,1,NA,NA,0.738011678099158,1.43495339072379,1.03181068503237
"percentile_latbin_OLS","q75","collection5_k1_tropical_temperate","collection",NA,5,1,"tropical_temperate",248.3,"Olenekian","Mesozoic",0.708333333333333,-0.15640741817291,-0.323563120920617,2,0.5,0.841902145245043,1.15044748327106,NA,NA,0.603463608141264,1.55701359992134,0.167155702747707,0.167155702747707,0.308545338026012,-0.308545338026012,0.693147180559945,1.5,1.5,NA,NA,0.466673970369318,-0.953549991780076,1.0802386040313
"percentile_latbin_OLS","q75","collection5_k1_tropical_temperate","collection",NA,5,1,"tropical_temperate",250.901,"Induan","Mesozoic",0.196428571428571,-0.382244379683144,0.716079788716045,2,1,0.907591035982307,1.02899151085505,NA,NA,1.07866112619757,1.23693263123573,1.09832416839919,-1.09832416839919,0.121400474872746,-0.121400474872746,0.405465108108164,1,1,NA,NA,0.0733815692516059,-0.15827150503816,1.15779687871665
"percentile_latbin_OLS","q75","collection5_k1_tropical_temperate","collection",NA,5,1,"tropical_temperate",253.021,"Changhsingian","Paleozoic",0.08,-0.629019412446045,0.331864145341049,1,0,1.31001571611587,1.25182220124481,NA,NA,1.74673706529043,0.851350625864319,0.960883557787094,-0.960883557787094,0.0581935148710611,0.0581935148710611,0.693147180559945,1,1,NA,NA,0.394498244736745,0.895386439426107,1.29904384557737
"percentile_latbin_OLS","q75","collection5_k1_tropical_temperate","collection",NA,5,1,"tropical_temperate",256.825,"Wuchiapingian","Paleozoic",0.0546341463414635,-1.34984930520687,-0.503727041577765,1.5,1,1.24908196683677,0.960881947820365,NA,NA,2.07663435844943,0.991545400641757,0.846122263629105,-0.846122263629105,0.288200019016409,0.288200019016409,0.22314355131421,0.5,0.5,NA,NA,0.434925338157098,1.08508895780767,1.53408987954559
"percentile_latbin_OLS","q75","collection5_k1_tropical_temperate","collection",NA,5,1,"tropical_temperate",261.895,"Capitanian","Paleozoic",1.01648351648352,-0.674350686688626,-0.225510665183131,1,1,1.02899151085505,1.14430443886195,NA,NA,1.58611070919588,0.690403809260403,0.448840021505494,-0.448840021505494,0.115312928006898,-0.115312928006898,0,0,0,NA,NA,0.425187649629875,0.895706899935474,1.13825725922814
"percentile_latbin_OLS","q75","collection5_k1_tropical_temperate","collection",NA,5,1,"tropical_temperate",265.59,"Wordian","Paleozoic",0.545808966861598,-0.272135923338312,-0.338305034021749,1,1,0.945819166670041,0.863190615806084,NA,NA,0.374495997728249,0.938264474717265,0.0661691106834365,0.0661691106834365,0.082628550863957,0.082628550863957,0,0,0,NA,NA,0.343705855203053,-0.563768476989016,0.656380236222757
"percentile_latbin_OLS","q75","collection5_k1_tropical_temperate","collection",NA,5,1,"tropical_temperate",270.65,"Roadian","Paleozoic",1.05571847507331,-0.69713277407194,0.0709383276245915,1.5,1,0.739994160140671,1.07066783188002,NA,NA,1.1611015350328,0.70985441322092,0.768071101696532,-0.768071101696532,0.330673671739345,-0.330673671739345,0.22314355131421,0.5,0.5,NA,NA,0.234209833205413,0.451247121811881,0.93547797412686
"percentile_latbin_OLS","q75","collection5_k1_tropical_temperate","collection",NA,5,1,"tropical_temperate",278.85,"Kungurian","Paleozoic",0.417130144605117,-0.414832205330182,-0.0448864802115549,1,1,1.04598072650151,1.06890590488909,NA,NA,0.931384314252902,1.18397920010186,0.369945725118627,-0.369945725118627,0.0229251783875775,-0.0229251783875775,0,0,0,NA,NA,0.122911526995625,-0.252594885848958,1.05768175717738
"percentile_latbin_OLS","q75","collection5_k1_tropical_temperate","collection",NA,5,1,"tropical_temperate",286.7,"Artinskian","Paleozoic",1.13365539452496,-1.02703377884729,-0.244157917888484,1,1,1.36361513483875,1.53818499274158,NA,NA,2.39511083535762,1.02804833662533,0.78287586095881,-0.78287586095881,0.174569857902833,-0.174569857902833,0,0,0,NA,NA,0.515262487049366,1.36706249873229,1.71157958599147
"percentile_latbin_OLS","q75","collection5_k1_tropical_temperate","collection",NA,5,1,"tropical_temperate",291.81,"Sakmarian","Paleozoic",0.594951923076923,0.00445197946694489,-0.327048746428713,1,1,1.16868289140439,1.08380457322396,NA,NA,1.3202284571872,1.10672594257173,0.331500725895658,0.331500725895658,0.0848783181804289,0.0848783181804289,0,0,0,NA,NA,0.0965305973640765,0.213502514615466,1.21347719987947
"percentile_latbin_OLS","q75","collection5_k1_tropical_temperate","collection",NA,5,1,"tropical_temperate",296.21,"Asselian","Paleozoic",1.28571428571429,-0.148331872022888,-0.760488316748468,1,0,1.39659027502157,1.56261854292219,NA,NA,1.58748064334,1.70796241650785,0.61215644472558,0.61215644472558,0.16602826790062,-0.16602826790062,0.693147180559945,1,1,NA,NA,0.0455117985351342,-0.120481773167856,1.64772152992393
"percentile_latbin_OLS","q75","collection5_k1_tropical_temperate","collection",NA,5,1,"tropical_temperate",301.3,"Gzhelian","Paleozoic",1.77777777777778,-0.946185541517722,-2.33442428043464,0,0,1.4142135623731,2.49705709138719,NA,NA,1.64049149380414,1.24501783388116,1.38823873891692,1.38823873891692,1.0828435290141,-1.0828435290141,0,0,0,NA,NA,0.162251606740885,0.395473659922974,1.44275466384265
"percentile_latbin_OLS","q75","collection5_k1_tropical_temperate","collection",NA,5,1,"tropical_temperate",311.1,"Moscovian","Paleozoic",0.321428571428571,-1.15123573394278,-0.626896327748361,0,0,1.56261854292219,2.18529407725405,NA,NA,3.87177344305436,3.62234697722232,0.524339406194423,-0.524339406194423,0.622675534331858,-0.622675534331858,0,0,0,NA,NA,0.0525554476590071,0.24942646583204,3.74706021013834
"percentile_latbin_OLS","q75","collection5_k1_tropical_temperate","collection",NA,5,1,"tropical_temperate",326.85,"Serpukhovian","Paleozoic",1.21457489878542,-1.45010608099899,-1.24406785179223,0,0.5,1.63178487966126,1.39659027502157,NA,NA,1.16824535722912,2.71808500425364,0.206038229206762,-0.206038229206762,0.235194604639692,0.235194604639692,0.405465108108164,0.5,-0.5,NA,NA,0.539290502608031,-1.54983964702452,1.94316518074138
"percentile_latbin_OLS","q75","collection5_k1_tropical_temperate","collection",NA,5,1,"tropical_temperate",365.505,"Famennian","Paleozoic",0.782608695652174,0.439114702217293,-1.6873933326754,0,0.5,2.06824733985651,1.25348396942421,NA,NA,10.0535643875707,1.36145623925174,2.1265080348927,2.1265080348927,0.814763370432302,0.814763370432302,0.405465108108164,0.5,-0.5,NA,NA,1.54347446568997,8.69210814831894,5.70751031341121
"percentile_latbin_OLS","q75","collection5_k1_tropical_temperate","collection",NA,5,1,"tropical_temperate",402.045,"Emsian","Paleozoic",2.56770833333333,-0.316505322151536,0.0775750650484929,0,2,1.97036873228756,0.564335241417619,NA,NA,3.87983562024106,1.09104922139185,0.394080387200029,-0.394080387200029,1.40603349086994,1.40603349086994,1.09861228866811,2,-2,NA,NA,0.847445575109244,2.78878639884921,2.48544242081645
"percentile_latbin_OLS","q75","collection5_k1_tropical_temperate","collection",NA,5,1,"tropical_temperate",428.65,"Homerian","Paleozoic",0.423076923076923,-0.677469081124566,0.860852136364331,0,0,1.99939966980488,1.40928253772803,NA,NA,1.35302407611468,2.9775420568847,1.5383212174889,-1.5383212174889,0.59011713207685,0.59011713207685,0,0,0,NA,NA,0.524962713086317,-1.62451798077002,2.16528306649969
"percentile_latbin_OLS","q75","collection5_k1_tropical_temperate","collection",NA,5,1,"tropical_temperate",463.8,"Darriwilian","Paleozoic",0.417348608837971,-0.170677490450831,0.21235330078585,0,2,1.56114499199865,0.821806232301786,NA,NA,1.10951728080363,0.709863198764094,0.38303079123668,-0.38303079123668,0.739338759696864,0.739338759696864,1.09861228866811,2,-2,NA,NA,0.210045777852648,0.399654082039532,0.90969023978386
"percentile_latbin_OLS","q75","collection5_k1_tropical_temperate","collection",NA,5,1,"tropical_temperate",474.2,"Floian","Paleozoic",0.32,-1.87569969303233,0.676331256633153,0,1,1.79659763930307,0.895163475047337,NA,NA,2.22946094990259,1.03819593616293,2.55203094966548,-2.55203094966548,0.901434164255732,0.901434164255732,0.693147180559945,1,-1,NA,NA,0.460250163157862,1.19126501373966,1.63382844303276
"percentile_latbin_OLS","q75","collection10_k1_tropical_temperate","collection",NA,10,1,"tropical_temperate",1.29585,"Pleistocene","Cenozoic",0.833333333333334,-0.427565660784582,-0.110357892618366,2,0.5,0.992747976415659,1.02899151085505,NA,NA,1.32754289851569,1.4514483966905,0.317207768166215,-0.317207768166215,0.0362435344393939,-0.0362435344393939,0.693147180559945,1.5,1.5,NA,NA,0.0518658710445851,-0.123905498174812,1.38949564760309
"percentile_latbin_OLS","q75","collection10_k1_tropical_temperate","collection",NA,10,1,"tropical_temperate",9.438,"Tortonian","Cenozoic",0.652173913043478,-0.644795458038456,-0.529554326216591,1,0,0.997383433233078,1.92506684375924,NA,NA,0.789998421262271,13.0944158442953,0.115241131821865,-0.115241131821865,0.927683410526166,-0.927683410526166,0.693147180559945,1,1,NA,NA,2.06356394165223,-12.304417423033,6.94220713277876
"percentile_latbin_OLS","q75","collection10_k1_tropical_temperate","collection",NA,10,1,"tropical_temperate",18.215,"Burdigalian","Cenozoic",0.8125,0.502411294920194,0.134769025560539,1,0,1.0914103126635,2.2129299183502,NA,NA,1.23338848289046,1.21493567487975,0.367642269359655,0.367642269359655,1.1215196056867,-1.1215196056867,0.693147180559945,1,1,NA,NA,0.00829656886640649,0.0184528080107125,1.22416207888511
"percentile_latbin_OLS","q75","collection10_k1_tropical_temperate","collection",NA,10,1,"tropical_temperate",87.75,"Coniacian","Mesozoic",1.16666666666667,0.00477061667283567,-1.33530662305779,0,0,1.67705098312484,2.30089496654211,NA,NA,3.84264015560067,13.1959113362281,1.34007723973063,1.34007723973063,0.623843983417269,-0.623843983417269,0,0,0,NA,NA,1.07549393037869,-9.35327118062739,8.51927574591437
"percentile_latbin_OLS","q75","collection10_k1_tropical_temperate","collection",NA,10,1,"tropical_temperate",97.2,"Cenomanian","Mesozoic",0.50297619047619,-0.0611302460914458,0.523599758748715,1,0,1.24732607161543,1.15044748327106,NA,NA,1.97537015240526,1.52253931528386,0.584730004840161,-0.584730004840161,0.0968785883443712,0.0968785883443712,0.693147180559945,1,1,NA,NA,0.165102393269359,0.4528308371214,1.74895473384456
"percentile_latbin_OLS","q75","collection10_k1_tropical_temperate","collection",NA,10,1,"tropical_temperate",106.85,"Albian","Mesozoic",0.232142857142857,-0.351373679855427,0.0908028565499019,1,1,0.991561030552797,1.18222123937253,NA,NA,1.28010683114333,1.66785438743145,0.442176536405329,-0.442176536405329,0.190660208819737,-0.190660208819737,0,0,0,NA,NA,0.157052251506211,-0.387747556288121,1.47398060928739
"percentile_latbin_OLS","q75","collection10_k1_tropical_temperate","collection",NA,10,1,"tropical_temperate",117.3,"Aptian","Mesozoic",0.25,-0.15867512151987,0.059608175651623,0.5,0,1.44425840933719,1.92506684375924,NA,NA,2.44161132181907,1.98702426459436,0.218283297171493,-0.218283297171493,0.480808434422059,-0.480808434422059,0.405465108108164,0.5,0.5,NA,NA,0.141662106621805,0.454587057224714,2.21431779320671
"percentile_latbin_OLS","q75","collection10_k1_tropical_temperate","collection",NA,10,1,"tropical_temperate",134.825,"Valanginian","Mesozoic",0.217391304347826,-0.0169264347935185,0.304594928999733,1,0,1.06718592572556,2.46743496248992,NA,NA,1.26116470840626,1.00378241336308,0.321521363793251,-0.321521363793251,1.40024903676436,-1.40024903676436,0.693147180559945,1,1,NA,NA,0.120843437073236,0.257382295043183,1.13247356088467
"percentile_latbin_OLS","q75","collection10_k1_tropical_temperate","collection",NA,10,1,"tropical_temperate",146.15,"Tithonian","Mesozoic",0.272727272727273,0.00449187310293009,-0.128523365167295,1,0,1.17583843006259,1.56261854292219,NA,NA,1.87821485740357,1.18111460087992,0.133015238270225,0.133015238270225,0.386780112859602,-0.386780112859602,0.693147180559945,1,1,NA,NA,0.277334229840819,0.697100256523652,1.52966472914174
"percentile_latbin_OLS","q75","collection10_k1_tropical_temperate","collection",NA,10,1,"tropical_temperate",158.15,"Oxfordian","Mesozoic",1.27272727272727,-0.148434259063161,-0.341940079895718,0,0,1.55126306998506,1.27234524442128,NA,NA,3.71979955538819,0.703471085786856,0.193505820832557,0.193505820832557,0.278917825563773,0.278917825563773,0,0,0,NA,NA,1.01909834705751,3.01632846960134,2.21163532058752
"percentile_latbin_OLS","q75","collection10_k1_tropical_temperate","collection",NA,10,1,"tropical_temperate",169.55,"Bajocian","Mesozoic",1.57142857142857,0.861243935893465,-0.513752200107949,0,0,1.67705098312484,1.79434887219572,NA,NA,4.41629510384269,1.49329853519322,1.37499613600141,1.37499613600141,0.11729788907088,-0.11729788907088,0,0,0,NA,NA,0.775805474793575,2.92299656864947,2.95479681951796
"percentile_latbin_OLS","q75","collection10_k1_tropical_temperate","collection",NA,10,1,"tropical_temperate",179.45,"Toarcian","Mesozoic",1.22222222222222,0.300773161770206,-0.390427202816126,0.5,0,1.56242646885805,1.57181049598675,NA,NA,1.00026423408564,1.57822931098981,0.691200364586332,0.691200364586332,0.00938402712870157,-0.00938402712870157,0.405465108108164,0.5,0.5,NA,NA,0.253823560866636,-0.577965076904167,1.28924677253772
"percentile_latbin_OLS","q75","collection10_k1_tropical_temperate","collection",NA,10,1,"tropical_temperate",188.55,"Pliensbachian","Mesozoic",0.153846153846154,1.01275248958664,-0.924218577572973,1,0,1.34560428342584,1.27234524442128,NA,NA,1.48454357963604,1.36026207317542,1.93697106715962,1.93697106715962,0.0732590390045542,0.0732590390045542,0.693147180559945,1,1,NA,NA,0.0513163116847378,0.124281506460613,1.42240282640573
"percentile_latbin_OLS","q75","collection10_k1_tropical_temperate","collection",NA,10,1,"tropical_temperate",196.2,"Sinemurian","Mesozoic",0.6,1.43753644206902,-0.22521448888384,1,0,1.41088207703341,1.65919895626492,NA,NA,2.89559413864833,0.950102811900866,1.66275093095286,1.66275093095286,0.248316879231503,-0.248316879231503,0.693147180559945,1,1,NA,NA,0.691964111258067,1.94549132674747,1.9228484752746
"percentile_latbin_OLS","q75","collection10_k1_tropical_temperate","collection",NA,10,1,"tropical_temperate",200.45,"Hettangian","Mesozoic",0.384615384615385,1.96908234920034,-0.00526917462603501,0,0,1.82739336647507,1.65919895626492,NA,NA,2.46057727031405,1.41198882505832,1.97435152382637,1.97435152382637,0.168194410210158,0.168194410210158,0,0,0,NA,NA,0.36098377049062,1.04858844525573,1.93628304768618
"percentile_latbin_OLS","q75","collection10_k1_tropical_temperate","collection",NA,10,1,"tropical_temperate",203.55,"Rhaetian","Mesozoic",0.5,0.922239906022688,-0.920372856945585,0,0,2.8491484796029,1.97036873228756,NA,NA,12.5195846851208,1.5872536218016,1.84261276296827,1.84261276296827,0.878779747315346,0.878779747315346,0,0,0,NA,NA,1.65354241615633,10.9323310633192,7.05341915346119
"percentile_latbin_OLS","q75","collection10_k1_tropical_temperate","collection",NA,10,1,"tropical_temperate",232.15,"Carnian","Mesozoic",1.5,-0.421358297255649,-0.217706776285819,0,0,1.32684929954252,1.92506684375924,NA,NA,1.57856072466333,1.35019155489112,0.20365152096983,-0.20365152096983,0.598217544216721,-0.598217544216721,0,0,0,NA,NA,0.0927345470611528,0.228369169772204,1.46437613977722
"percentile_latbin_OLS","q75","collection10_k1_tropical_temperate","collection",NA,10,1,"tropical_temperate",248.3,"Olenekian","Mesozoic",0.15,-0.181183697228092,0.00499460439379929,1,0,0.860423972100212,1.26862593569022,NA,NA,0.812194930656031,1.48409615527042,0.186178301621891,-0.186178301621891,0.408201963590007,-0.408201963590007,0.693147180559945,1,1,NA,NA,0.31537009371377,-0.671901224614388,1.14814554296323
"percentile_latbin_OLS","q75","collection10_k1_tropical_temperate","collection",NA,10,1,"tropical_temperate",253.021,"Changhsingian","Paleozoic",0.25,-0.825927144693152,0.232583040561681,0,0,1.52566760572861,1.3906416855253,NA,NA,4.24213569365425,1.66680233231929,1.05851018525483,-1.05851018525483,0.135025920203304,0.135025920203304,0,0,0,NA,NA,0.675848864084237,2.57533336133496,2.95446901298677
"percentile_latbin_OLS","q75","collection10_k1_tropical_temperate","collection",NA,10,1,"tropical_temperate",256.825,"Wuchiapingian","Paleozoic",0.121527777777778,-1.22399006671282,-0.489379674271051,1.5,1,1.21343581230662,1.18817705157201,NA,NA,2.13525740715419,1.13463980443012,0.734610392441773,-0.734610392441773,0.0252587607346144,0.0252587607346144,0.22314355131421,0.5,0.5,NA,NA,0.384413355680757,1.00061760272406,1.63494860579215
"percentile_latbin_OLS","q75","collection10_k1_tropical_temperate","collection",NA,10,1,"tropical_temperate",261.895,"Capitanian","Paleozoic",0.89375,-0.913621484717202,-0.227924267658634,1,0,1.21343581230662,1.26862593569022,NA,NA,1.89742841798636,1.34598370810677,0.685697217058568,-0.685697217058568,0.0551901233835954,-0.0551901233835954,0.693147180559945,1,1,NA,NA,0.211118785510273,0.55144470987959,1.62170606304657
"percentile_latbin_OLS","q75","collection10_k1_tropical_temperate","collection",NA,10,1,"tropical_temperate",265.59,"Wordian","Paleozoic",0.284090909090909,-0.304301636082334,-0.336898953275672,0.5,1,1.15044748327106,0.953972326031134,NA,NA,0.425341380413906,0.92561551984941,0.0325973171933382,0.0325973171933382,0.196475157239921,0.196475157239921,0.287682072451781,0.5,-0.5,NA,NA,0.300834316969356,-0.500274139435504,0.675478450131658
"percentile_latbin_OLS","q75","collection10_k1_tropical_temperate","collection",NA,10,1,"tropical_temperate",270.65,"Roadian","Paleozoic",1.6,-0.745067823394398,0.0402696639300342,1,0,0.970748649845299,1.3853222177742,NA,NA,1.30436213373671,0.932234573389835,0.785337487324432,-0.785337487324432,0.4145735679289,-0.4145735679289,0.693147180559945,1,1,NA,NA,0.176126763365579,0.372127560346872,1.11829835356327
"percentile_latbin_OLS","q75","collection10_k1_tropical_temperate","collection",NA,10,1,"tropical_temperate",278.85,"Kungurian","Paleozoic",0.195652173913044,-0.458052175666492,-0.13789899411749,1,1,1.36361513483875,1.19114379040138,NA,NA,1.34329885182813,0.799950002272322,0.320153181549003,-0.320153181549003,0.172471344437372,0.172471344437372,0,0,0,NA,NA,0.263800814320394,0.543348849555803,1.07162442705022
"percentile_latbin_OLS","q75","collection10_k1_tropical_temperate","collection",NA,10,1,"tropical_temperate",291.81,"Sakmarian","Paleozoic",0.883838383838384,0.0163115855063808,-0.526102767047296,1,0.5,1.13759291798904,1.44616570135661,NA,NA,1.47142756515194,1.56464131992642,0.542414352553677,0.542414352553677,0.30857278336757,-0.30857278336757,0.287682072451781,0.5,0.5,NA,NA,0.0370226872743527,-0.0932137547744876,1.51803444253918
"percentile_latbin_OLS","q75","collection10_k1_tropical_temperate","collection",NA,10,1,"tropical_temperate",296.21,"Asselian","Paleozoic",1.66666666666667,0.152465534572741,-0.731598547261587,0,0,1.36122781945955,1.71498585142509,NA,NA,2.66642300200955,4.1134623510662,0.884064081834327,0.884064081834327,0.353758031965543,-0.353758031965543,0,0,0,NA,NA,0.332660210657621,-1.44703934905664,3.38994267653788
"percentile_latbin_OLS","q75","collection10_k1_tropical_temperate","collection",NA,10,1,"tropical_temperate",326.85,"Serpukhovian","Paleozoic",0.333333333333333,-1.5635169313508,-0.931313475938383,0,0,1.58578241961277,1.62697843363992,NA,NA,1.92608826849452,5.13934216487378,0.632203455412418,-0.632203455412418,0.0411960140271475,-0.0411960140271475,0,0,0,NA,NA,0.741051128055341,-3.21325389637925,3.53271521668415
"percentile_latbin_OLS","q75","collection10_k1_tropical_temperate","collection",NA,10,1,"tropical_temperate",402.045,"Emsian","Paleozoic",3.64285714285714,0.130316480849889,-0.0116922208706538,0,1,2.5162139283084,0.796550999585406,NA,NA,13.6581240681791,1.56595920904256,0.142008701720542,0.142008701720542,1.719662928723,1.719662928723,0.693147180559945,1,-1,NA,NA,1.74266235630618,12.0921648591365,7.61204163861083
"percentile_latbin_OLS","q75","collection10_k1_tropical_temperate","collection",NA,10,1,"tropical_temperate",463.8,"Darriwilian","Paleozoic",1.07142857142857,-0.168600553757486,0.260233571862733,0,1.5,1.79434887219572,0.965391768063381,NA,NA,2.20071005912958,0.921006246410331,0.428834125620218,-0.428834125620218,0.828957104132341,0.828957104132341,0.916290731874155,1.5,-1.5,NA,NA,0.510523543242675,1.27970381271925,1.56085815276995
"percentile_latbin_OLS","q75","occurrence5_k2_tropical_temperate","occurrence",5,NA,2,"tropical_temperate",1.29585,"Pleistocene","Cenozoic",0.217582417582418,-0.337080944812917,-0.218621423544131,3.5,1,0.747817954235568,0.956411671700011,NA,NA,0.779846244499649,0.634455285828203,0.118459521268786,-0.118459521268786,0.208593717464443,-0.208593717464443,0.810930216216329,2.5,2.5,NA,NA,0.0852173907537627,0.145390958671446,0.707150765163926
"percentile_latbin_OLS","q75","occurrence5_k2_tropical_temperate","occurrence",5,NA,2,"tropical_temperate",3.09,"Piacenzian","Cenozoic",1.44444444444444,-0.827537466405618,-0.752981881361723,1,0,1.28623938856882,1.71498585142509,NA,NA,1.41213463070857,2.81462181350402,0.0745555850438956,-0.0745555850438956,0.428746462856272,-0.428746462856272,0.693147180559945,1,1,NA,NA,0.458329434018262,-1.40248718279545,2.1133782221063
"percentile_latbin_OLS","q75","occurrence5_k2_tropical_temperate","occurrence",5,NA,2,"tropical_temperate",18.215,"Burdigalian","Cenozoic",0.65891472868217,0.149812706592416,-0.159763083060219,3,0,0.826539395231907,1.8470962903656,NA,NA,0.816922539516143,0.961338883385113,0.309575789652635,0.309575789652635,1.02055689513369,-1.02055689513369,1.38629436111989,3,3,NA,NA,0.0764831862721077,-0.14441634386897,0.889130711450628
"percentile_latbin_OLS","q75","occurrence5_k2_tropical_temperate","occurrence",5,NA,2,"tropical_temperate",91.85,"Turonian","Mesozoic",0.257142857142857,-0.0758676004551539,-0.369852122764042,3,0,0.890283686257817,1.48715348185512,NA,NA,0.400067320806041,0.917769195556485,0.293984522308888,0.293984522308888,0.596869795597302,-0.596869795597302,1.38629436111989,3,3,NA,NA,0.314642311467494,-0.517701874750444,0.658918258181263
"percentile_latbin_OLS","q75","occurrence5_k2_tropical_temperate","occurrence",5,NA,2,"tropical_temperate",97.2,"Cenomanian","Mesozoic",1.23607594936709,-0.192836714216118,0.0334862360771239,3.5,1,0.925156673409692,0.8102287258764,NA,NA,1.02520252077242,0.63151598101275,0.226322950293242,-0.226322950293242,0.114927947533292,0.114927947533292,0.810930216216329,2.5,2.5,NA,NA,0.216160073524299,0.393686539759671,0.828359250892585
"percentile_latbin_OLS","q75","occurrence5_k2_tropical_temperate","occurrence",5,NA,2,"tropical_temperate",106.85,"Albian","Mesozoic",0.151111111111111,-0.22943824108166,0.059178015906218,2,1,0.81457314697006,0.992110050821569,NA,NA,0.965640788460016,1.04568066960842,0.288616256987878,-0.288616256987878,0.17753690385151,-0.17753690385151,0.405465108108164,1,1,NA,NA,0.0399122867288748,-0.0800398811484082,1.00566072903422
"percentile_latbin_OLS","q75","occurrence5_k2_tropical_temperate","occurrence",5,NA,2,"tropical_temperate",169.55,"Bajocian","Mesozoic",1.5,-0.172594022661183,-0.384928631018347,1,0.5,1.21608087646506,1.18222123937253,NA,NA,0.982360342738143,0.766825172119178,0.212334608357165,0.212334608357165,0.0338596370925288,0.0338596370925288,0.287682072451781,0.5,0.5,NA,NA,0.115103979087781,0.215535170618965,0.87459275742866
"percentile_latbin_OLS","q75","occurrence5_k2_tropical_temperate","occurrence",5,NA,2,"tropical_temperate",188.55,"Pliensbachian","Mesozoic",0.130769230769231,-0.0636719453660588,-0.512276799347669,1.5,0.5,1.04972772562527,1.14430443886195,NA,NA,1.10781963801091,1.83580614830876,0.44860485398161,0.44860485398161,0.094576713236683,-0.094576713236683,0.510825623765991,1,1,NA,NA,0.296672186120067,-0.727986510297844,1.47181289315984
"percentile_latbin_OLS","q75","occurrence5_k2_tropical_temperate","occurrence",5,NA,2,"tropical_temperate",248.3,"Olenekian","Mesozoic",0.607142857142857,-0.0861030000266002,-0.416736915893485,2,1,0.791014288768464,1.12911910974246,NA,NA,0.490494861303931,1.2659539201053,0.330633915866884,0.330633915866884,0.338104820973991,-0.338104820973991,0.405465108108164,1,1,NA,NA,0.418887640555095,-0.775459058801372,0.878224390704617
"percentile_latbin_OLS","q75","occurrence5_k2_tropical_temperate","occurrence",5,NA,2,"tropical_temperate",253.021,"Changhsingian","Paleozoic",0.107142857142857,-0.615825691966288,0.340546788241778,1,0,1.28990912324027,1.27331203144075,NA,NA,1.69861457530598,0.859462910495143,0.956372480208066,-0.956372480208066,0.0165970917995242,0.0165970917995242,0.693147180559945,1,1,NA,NA,0.372450832833749,0.839151664810834,1.27903874290056
"percentile_latbin_OLS","q75","occurrence5_k2_tropical_temperate","occurrence",5,NA,2,"tropical_temperate",256.825,"Wuchiapingian","Paleozoic",0.278260869565218,-0.949170770121217,-0.413179331635012,2,1,1.22440435233382,0.986973984995969,NA,NA,1.16566378791505,0.725988290852729,0.535991438486204,-0.535991438486204,0.237430367337855,0.237430367337855,0.405465108108164,1,1,NA,NA,0.226927105301796,0.439675497062322,0.94582603938389
"percentile_latbin_OLS","q75","occurrence5_k2_tropical_temperate","occurrence",5,NA,2,"tropical_temperate",265.59,"Wordian","Paleozoic",0.419790104947526,-0.224287422605912,-0.341425354131551,1,1,0.840565011483328,0.906714131847329,NA,NA,0.368089600743688,0.94008975874349,0.117137931525639,0.117137931525639,0.0661491203640009,-0.0661491203640009,0,0,0,NA,NA,0.349318924723347,-0.572000157999802,0.654089679743589
"percentile_latbin_OLS","q75","occurrence5_k2_tropical_temperate","occurrence",5,NA,2,"tropical_temperate",270.65,"Roadian","Paleozoic",1.09285714285714,-0.629073148866545,0.0503207650881107,1.5,1,0.647462495495476,1.03943839301286,NA,NA,1.0368872673897,0.66719126970781,0.679393913954656,-0.679393913954656,0.39197589751738,-0.39197589751738,0.22314355131421,0.5,0.5,NA,NA,0.200282457180187,0.36969599768189,0.852039268548755
"percentile_latbin_OLS","q75","occurrence5_k2_tropical_temperate","occurrence",5,NA,2,"tropical_temperate",278.85,"Kungurian","Paleozoic",0.647522522522522,-0.384749166823851,-0.0231280983426111,2,1.5,0.825463780220329,1.09812674721144,NA,NA,0.725456819406864,1.16758370537771,0.36162106848124,-0.36162106848124,0.27266296699111,-0.27266296699111,0.182321556793955,0.5,0.5,NA,NA,0.228121209056409,-0.442126885970849,0.946520262392288
"percentile_latbin_OLS","q75","occurrence5_k2_tropical_temperate","occurrence",5,NA,2,"tropical_temperate",291.81,"Sakmarian","Paleozoic",0.594982078853047,-0.0273652713729421,-0.173775840477527,1,1.5,1.03113078865462,1.01459931239178,NA,NA,1.01672880340727,1.08858454600233,0.146410569104584,0.146410569104584,0.0165314762628368,0.0165314762628368,0.22314355131421,0.5,-0.5,NA,NA,0.0350097913153847,-0.0718557425950612,1.0526566747048
"percentile_latbin_OLS","q75","occurrence5_k2_tropical_temperate","occurrence",5,NA,2,"tropical_temperate",296.21,"Asselian","Paleozoic",1.25,-0.173314004956253,-0.721714616704463,1,1,1.34164078649987,1.13759291798904,NA,NA,1.58532243113488,1.46459344248204,0.54840061174821,0.54840061174821,0.204047868510832,0.204047868510832,0,0,0,NA,NA,0.0478233699263814,0.120728988652841,1.52495793680846
"percentile_latbin_OLS","q75","occurrence5_k2_tropical_temperate","occurrence",5,NA,2,"tropical_temperate",402.045,"Emsian","Paleozoic",1.41289893617021,-0.499706589747326,0.0190382161622522,0,3,1.48892973800172,0.559461911139841,NA,NA,1.56540086757002,0.999608597802866,0.518744805909578,-0.518744805909578,0.929467826861883,0.929467826861883,1.38629436111989,3,-3,NA,NA,0.249163289755326,0.565792269767157,1.28250473268644
"percentile_latbin_OLS","q75","occurrence5_k2_tropical_temperate","occurrence",5,NA,2,"tropical_temperate",428.65,"Homerian","Paleozoic",0.265909090909091,-0.0962907529199827,0.543316187322527,0,0.5,1.49963534702269,1.26862593569022,NA,NA,1.15872268301415,2.12403813855649,0.639606940242509,-0.639606940242509,0.231009411332471,0.231009411332471,0.405465108108164,0.5,-0.5,NA,NA,0.369609743824616,-0.96531545554234,1.64138041078532
