"hemisphere","n_good_stage_hemisphere","n_reaches_60","n_reaches_66_5","n_reaches_70","n_reaches_75","prop_reaches_60","prop_reaches_66_5","prop_reaches_70","prop_reaches_75","median_max_abs_lat","mean_max_abs_lat","q25_max_abs_lat","q75_max_abs_lat","median_prop_cells_ge_60","median_prop_cells_ge_66_5","median_prop_cells_ge_70","median_prop_cells_ge_75"
"Northern",60,50,38,33,26,0.833333333333333,0.633333333333333,0.55,0.433333333333333,72.59652975,68.859646295,64.72239376,79.18997812,0.0717490842490842,0.0319669365721997,0.0116673450006783,0
"Southern",61,52,41,35,26,0.852459016393443,0.672131147540984,0.573770491803279,0.426229508196721,72.96308819,70.3862520878689,62.79923484,78.13514109,0.111111111111111,0.0655737704918033,0.025974025974026,0
