"hemisphere","good_count","greater_than_0","less_than_0","equal_to_0","reverse_LDG","normal_LDG","flat_LDG","median_slope","mean_slope","sd_slope"
"Northern",65,15,50,0,23.0769230769231,76.9230769230769,0,-0.248798604657243,-0.287283286775339,0.464665903593872
"Southern",66,29,37,0,43.9393939393939,56.0606060606061,0,-0.0698406503620075,-0.0600682240866712,0.566509991869569
