"hemisphere","good_count","greater_than_0","less_than_0","equal_to_0","reverse_LDG","normal_LDG","flat_LDG","median_slope","mean_slope","sd_slope"
"Northern",60,18,42,0,30,70,0,-0.187316503607695,-0.312427883100142,0.541073062218148
"Southern",61,27,34,0,44.2622950819672,55.7377049180328,0,-0.029634773599146,-0.0291658125277657,0.60704541553244
