"hemisphere","good_count","bad_count","total","greater_than_0","less_than_0","equal_to_0","na_count","reverse_LDG","normal_LDG","flat_LDG","na_LDG","good_stage","bad_stage"
"Northern",61,9,70,14,47,0,0,22.9508196721311,77.0491803278689,0,0,87.1428571428571,12.8571428571429
"Southern",67,7,74,30,37,0,0,44.7761194029851,55.2238805970149,0,0,90.5405405405405,9.45945945945946
