"hemisphere","good_count","greater_than_0","less_than_0","equal_to_0","reverse_LDG","normal_LDG","flat_LDG","median_slope","mean_slope","sd_slope"
"Northern",74,17,57,0,22.972972972973,77.027027027027,0,-0.260933261684578,-0.311641157209087,0.501445671548607
"Southern",64,27,37,0,42.1875,57.8125,0,-0.0785322528935341,-0.0598000800501538,0.557837817017154
