"hemisphere","good_count","greater_than_0","less_than_0","equal_to_0","reverse_LDG","normal_LDG","flat_LDG","median_slope","mean_slope","sd_slope"
"Northern",61,18,43,0,29.5081967213115,70.4918032786885,0,-0.216932192769364,-0.237171557229347,0.370476106264972
"Southern",63,26,37,0,41.2698412698413,58.7301587301587,0,-0.0878477480140471,-0.124574198443131,0.921142374448904
