"bin_midpoint","stage.x","hemisphere","slope","slope_mean","slope_sd","slope_lower_95","slope_upper_95","intercept","slope_se","p_value","r_squared","n_cells_model","n_resamples_valid","prop_negative","prop_positive","k_sample","slope_filter_id","slope_qc_type","slope_occurrence_min","slope_collection_min","method_group","slope_metric","quantile","n_cells","n_valid_lat_bins","min_abs_lat_bin_mid","max_abs_lat_bin_mid","lat_range_diagnostic","has_tropical","has_temperate","has_polar","sum_nT","mean_nT","median_nT","min_nT","max_nT","has_adjacent_tt","k_min","k_max","k_mean","k_median","k_cv","k_evenness","dominant_lat_bin_prop","pass_tropical","pass_temperate","pass_polar","pass_adjacent_tt","pass_n_lat_bins","label","color","qc_name","qc_type","occurrence_min","collection_min","min_cells_per_latbin","zone_requirement","require_tropical","require_temperate","require_polar","require_adjacent_tt","require_min_lat_bins","sampling_profile_dissim","slope_90deg","slope_sampled_range","interval_width","slope_direction","method","lat_range","min_abs_lat","max_abs_lat","bin","stage.y","short","bottom","top","dur","climate_state","climate_color"
0.00585,"Holocene","Northern",-0.69964771203344,-0.656042362577944,0.31932912365631,-1.24018544439222,-0.0234672034696602,56.1357350918254,0.53777176994147,0.24158539700643,0.219761730803967,8,100,1,0,1,"occurrence5","occurrence",5,NA,"per_cell_balanced_resampling_OLS","median_resampled_slope",NA,17,8,9.609479,76.366978,66.757499,TRUE,TRUE,TRUE,1250,73.5294117647059,34,11,365,TRUE,0,4,1.88888888888889,2,0.617647058823529,0,0.235294117647059,TRUE,TRUE,TRUE,TRUE,TRUE,"good","Northern","occurrence5_k1_tropical_temperate","occurrence",5,NA,1,"tropical_temperate",TRUE,TRUE,FALSE,TRUE,FALSE,0.106951871657754,-62.9682940830096,-46.7067314364246,1.21671824092255,"normal_LDG","grid_cell_balanced_resampling_OLS",66.757499,9.609479,76.366978,97,"Holocene","Hol",0.0117,0,0.0117,"Coldhouse","#B2CCC7"
1.29585,"Pleistocene","Northern",-0.43915130547583,-0.425419426657492,0.232830341565847,-0.857565800944382,0.0691017146497033,36.4420478721284,0.301911340137556,0.188179854002184,0.232965519842383,9,100,0.92,0.08,1,"occurrence5","occurrence",5,NA,"per_cell_balanced_resampling_OLS","median_resampled_slope",NA,70,9,3.189685,76.366978,73.177293,TRUE,TRUE,TRUE,14821,211.728571428571,97.5,7,2129,TRUE,1,16,7.77777777777778,6,0.625846365707581,0.128571428571429,0.228571428571429,TRUE,TRUE,TRUE,TRUE,TRUE,"good","Northern","occurrence5_k1_tropical_temperate","occurrence",5,NA,1,"tropical_temperate",TRUE,TRUE,FALSE,TRUE,FALSE,0.281868131868132,-39.5236174928247,-32.1359037521373,0.926667515594085,"normal_LDG","grid_cell_balanced_resampling_OLS",73.177293,3.189685,76.366978,96,"Pleistocene","Ple",2.58,0.0117,2.5683,"Coldhouse","#B2CCC7"
3.09,"Piacenzian","Northern",-0.580598895161928,-0.618626946645629,0.40176566533409,-1.28055924464368,-0.0242916902045167,56.9009682966931,0.416760566681766,0.219672378191243,0.238384064080425,8,100,0.99,0.01,1,"occurrence5","occurrence",5,NA,"per_cell_balanced_resampling_OLS","median_resampled_slope",NA,24,8,9.609479,76.366978,66.757499,TRUE,TRUE,TRUE,6968,290.333333333333,152.5,9,1309,TRUE,0,10,2.66666666666667,1,1.1709371246997,0,0.416666666666667,TRUE,TRUE,TRUE,TRUE,TRUE,"good","Northern","occurrence5_k1_tropical_temperate","occurrence",5,NA,1,"tropical_temperate",TRUE,TRUE,FALSE,TRUE,FALSE,0.388888888888889,-52.2539005645735,-38.7593301631735,1.25626755443916,"normal_LDG","grid_cell_balanced_resampling_OLS",66.757499,9.609479,76.366978,95,"Piacenzian","Pia",3.6,2.58,1.02,"Coldhouse","#B2CCC7"
4.4665,"Zanclean","Northern",-0.39731261611175,-0.383077572861628,0.176351759887704,-0.743259077940796,-0.0620450533229933,40.9540169185425,0.309000195999318,0.264161635905971,0.0772350616437757,18,100,0.99,0.01,2,"occurrence5","occurrence",5,NA,"per_cell_balanced_resampling_OLS","median_resampled_slope",NA,41,9,3.189685,76.366978,73.177293,TRUE,TRUE,TRUE,6893,168.121951219512,76,5,1162,TRUE,2,10,4.55555555555556,3,0.668621959115746,0.439024390243902,0.24390243902439,TRUE,TRUE,TRUE,TRUE,TRUE,"good","Northern","occurrence5_k1_tropical_temperate","occurrence",5,NA,1,"tropical_temperate",TRUE,TRUE,FALSE,TRUE,FALSE,0.313588850174216,-35.7581354500575,-29.0742617218061,0.681214024617803,"normal_LDG","grid_cell_balanced_resampling_OLS",73.177293,3.189685,76.366978,94,"Zanclean","Zan",5.333,3.6,1.733,"Coldhouse","#B2CCC7"
6.2895,"Messinian","Northern",0.0978181020217508,-0.452598939815674,1.15287576554963,-2.12882255923441,0.840670868845569,30.5290575323031,1.448037897254,0.652945643182308,0.0555716127465982,6,100,0.42,0.58,1,"occurrence5","occurrence",5,NA,"per_cell_balanced_resampling_OLS","median_resampled_slope",NA,10,6,9.609479,46.433937,36.824458,TRUE,TRUE,FALSE,4352,435.2,150,9,2298,TRUE,0,4,1.11111111111111,1,1.14236596587959,0,0.4,TRUE,TRUE,TRUE,TRUE,TRUE,"good","Northern","occurrence5_k1_tropical_temperate","occurrence",5,NA,1,"tropical_temperate",TRUE,TRUE,FALSE,TRUE,FALSE,0.6,8.80362918195758,3.60209858953968,2.96949342807997,"reverse_LDG","grid_cell_balanced_resampling_OLS",36.824458,9.609479,46.433937,93,"Messinian","Mes",7.246,5.333,1.913,"Coldhouse","#B2CCC7"
9.438,"Tortonian","Northern",-0.585052441438238,-0.62035481796948,0.226770850403215,-1.05983774635801,-0.283755086385482,45.7556898944184,0.292575863033397,0.0906515731357811,0.354655868941187,9,100,1,0,1,"occurrence5","occurrence",5,NA,"per_cell_balanced_resampling_OLS","median_resampled_slope",NA,39,9,3.189685,76.366978,73.177293,TRUE,TRUE,TRUE,10996,281.948717948718,89,8,4608,TRUE,1,11,4.33333333333333,4,0.782576536514454,0.230769230769231,0.282051282051282,TRUE,TRUE,TRUE,TRUE,TRUE,"good","Northern","occurrence5_k1_tropical_temperate","occurrence",5,NA,1,"tropical_temperate",TRUE,TRUE,FALSE,TRUE,FALSE,0.538461538461538,-52.6547197294414,-42.8125539274913,0.77608265997253,"normal_LDG","grid_cell_balanced_resampling_OLS",73.177293,3.189685,76.366978,92,"Tortonian","Tor",11.63,7.246,4.384,"Coolhouse","#B3D8D0"
12.725,"Serravallian","Northern",0.0698122420090614,0.140274727835815,0.23917900128848,-0.185870972749087,0.645508149572642,10.0952413271379,0.215411510208587,0.524718316735477,0.0345401447456356,14,100,0.31,0.69,2,"occurrence5","occurrence",5,NA,"per_cell_balanced_resampling_OLS","median_resampled_slope",NA,39,7,9.609479,56.895757,47.286278,TRUE,TRUE,FALSE,8851,226.948717948718,81,6,2716,TRUE,0,13,4.33333333333333,3,1.02556089430564,0,0.333333333333333,TRUE,TRUE,TRUE,TRUE,TRUE,"good","Northern","occurrence5_k1_tropical_temperate","occurrence",5,NA,1,"tropical_temperate",TRUE,TRUE,FALSE,TRUE,FALSE,0.4,6.28310178081553,3.30116108344376,0.831379122321729,"reverse_LDG","grid_cell_balanced_resampling_OLS",47.286278,9.609479,56.895757,91,"Serravallian","Ser",13.82,11.63,2.19,"Transitional","#E4E4E4"
14.9,"Langhian","Northern",-0.470882143380338,-0.389319018719988,0.484550889242194,-0.988652825796855,0.613286062908302,41.4915351943836,0.726227118585561,0.528007802044995,0.106429360537888,6,100,0.78,0.22,1,"occurrence5","occurrence",5,NA,"per_cell_balanced_resampling_OLS","median_resampled_slope",NA,17,6,9.609479,56.895757,47.286278,TRUE,TRUE,FALSE,2410,141.764705882353,79,7,978,TRUE,0,7,1.88888888888889,1,1.30874090948747,0,0.411764705882353,TRUE,TRUE,TRUE,TRUE,TRUE,"good","Northern","occurrence5_k1_tropical_temperate","occurrence",5,NA,1,"tropical_temperate",TRUE,TRUE,FALSE,TRUE,FALSE,0.352941176470588,-42.3793929042304,-22.2662639371185,1.60193888870516,"normal_LDG","grid_cell_balanced_resampling_OLS",47.286278,9.609479,56.895757,90,"Langhian","Lan",15.98,13.82,2.16,"Transitional","#E4E4E4"
18.215,"Burdigalian","Northern",0.0462482487759472,0.162701575794838,0.336091255051567,-0.185214734493764,1.15846100502413,8.54683818839816,0.246736663000317,0.521773408241882,0.0715819389503892,8,100,0.42,0.58,1,"occurrence5","occurrence",5,NA,"per_cell_balanced_resampling_OLS","median_resampled_slope",NA,43,8,3.189685,56.895757,53.706072,TRUE,TRUE,FALSE,9134,212.418604651163,72,6,1889,TRUE,0,12,4.77777777777778,5,0.738349203087793,0,0.27906976744186,TRUE,TRUE,TRUE,TRUE,TRUE,"good","Northern","occurrence5_k1_tropical_temperate","occurrence",5,NA,1,"tropical_temperate",TRUE,TRUE,FALSE,TRUE,FALSE,0.795865633074936,4.16234238983525,2.48381177863493,1.3436757395179,"reverse_LDG","grid_cell_balanced_resampling_OLS",53.706072,3.189685,56.895757,89,"Burdigalian","Bur",20.45,15.98,4.47,"Transitional","#E4E4E4"
21.745,"Aquitanian","Northern",-0.275178509583248,-0.400002347665635,0.914269763236229,-2.1226524819373,0.855165935176336,18.0257937270222,0.94513574005288,0.601040726154412,0.345050705907776,3,100,0.59,0.41,1,"occurrence5","occurrence",5,NA,"per_cell_balanced_resampling_OLS","median_resampled_slope",NA,7,3,9.609479,46.433937,36.824458,TRUE,TRUE,FALSE,620,88.5714285714286,39,5,392,TRUE,0,3,0.777777777777778,0,1.67362493055143,0,0.428571428571429,TRUE,TRUE,TRUE,TRUE,TRUE,"good","Northern","occurrence5_k1_tropical_temperate","occurrence",5,NA,1,"tropical_temperate",TRUE,TRUE,FALSE,TRUE,FALSE,0.642857142857143,-24.7660658624923,-10.1332994686509,2.97781841711364,"normal_LDG","grid_cell_balanced_resampling_OLS",36.824458,9.609479,46.433937,88,"Aquitanian","Aqu",23.04,20.45,2.59,"Coolhouse","#B3D8D0"
25.17,"Chattian","Northern",-0.104658993953798,-0.118474391075597,0.228764259913252,-0.532973224504455,0.284069042374868,32.5140261726666,0.367704409676833,0.662291574221454,0.0198502377609772,12,100,0.69,0.31,2,"occurrence5","occurrence",5,NA,"per_cell_balanced_resampling_OLS","median_resampled_slope",NA,30,6,9.609479,56.895757,47.286278,TRUE,TRUE,FALSE,3582,119.4,102.5,10,370,TRUE,0,10,3.33333333333333,2,1.07121426428143,0,0.333333333333333,TRUE,TRUE,TRUE,TRUE,TRUE,"good","Northern","occurrence5_k1_tropical_temperate","occurrence",5,NA,1,"tropical_temperate",TRUE,TRUE,FALSE,TRUE,FALSE,0.5,-9.4193094558418,-4.9489342832996,0.817042266879323,"normal_LDG","grid_cell_balanced_resampling_OLS",47.286278,9.609479,56.895757,87,"Chattian","Cht",27.3,23.04,4.26,"Transitional","#E4E4E4"
30.6,"Rupelian","Northern",0.179245574623258,0.188930250496134,0.253232299947789,-0.246969085835449,0.747842196309196,14.8036919738042,0.376304258106123,0.571803292463647,0.0562207489796794,8,100,0.23,0.77,1,"occurrence5","occurrence",5,NA,"per_cell_balanced_resampling_OLS","median_resampled_slope",NA,35,8,3.189685,56.895757,53.706072,TRUE,TRUE,FALSE,7300,208.571428571429,80,5,2478,TRUE,0,11,3.88888888888889,2,0.965950943107255,0,0.314285714285714,TRUE,TRUE,TRUE,TRUE,TRUE,"good","Northern","occurrence5_k1_tropical_temperate","occurrence",5,NA,1,"tropical_temperate",TRUE,TRUE,FALSE,TRUE,FALSE,0.228571428571429,16.1321017160932,9.62657573639808,0.994811282144645,"reverse_LDG","grid_cell_balanced_resampling_OLS",53.706072,3.189685,56.895757,86,"Rupelian","Rup",33.9,27.3,6.6,"Transitional","#E4E4E4"
35.805,"Priabonian","Northern",0.199323377367438,0.247799429119684,0.335949551612265,-0.178488674734209,0.891341398606349,12.4776867491515,0.290778205824168,0.455288094267916,0.0569068684946458,12,100,0.32,0.68,2,"occurrence5","occurrence",5,NA,"per_cell_balanced_resampling_OLS","median_resampled_slope",NA,37,6,3.189685,46.433937,43.244252,TRUE,TRUE,FALSE,3805,102.837837837838,58,5,551,TRUE,0,10,4.11111111111111,3,0.99881229687202,0,0.27027027027027,TRUE,TRUE,TRUE,TRUE,TRUE,"good","Northern","occurrence5_k1_tropical_temperate","occurrence",5,NA,1,"tropical_temperate",TRUE,TRUE,FALSE,TRUE,FALSE,0.608108108108108,17.9391039630695,8.61959036036861,1.06983007334056,"reverse_LDG","grid_cell_balanced_resampling_OLS",43.244252,3.189685,46.433937,85,"Priabonian","Prb",37.71,33.9,3.81,"Warmhouse","#DECABC"
39.37,"Bartonian","Northern",0.218825474985607,0.238641448590291,0.289648263128024,-0.118537037843875,0.96128148017272,12.6857258410524,0.544749419364924,0.651182518689218,0.0441341866681012,7,100,0.32,0.68,1,"occurrence5","occurrence",5,NA,"per_cell_balanced_resampling_OLS","median_resampled_slope",NA,34,7,9.609479,56.895757,47.286278,TRUE,TRUE,FALSE,10687,314.323529411765,81.5,5,2232,TRUE,0,11,3.77777777777778,2,1.08962550310839,0,0.323529411764706,TRUE,TRUE,TRUE,TRUE,TRUE,"good","Northern","occurrence5_k1_tropical_temperate","occurrence",5,NA,1,"tropical_temperate",TRUE,TRUE,FALSE,TRUE,FALSE,0.5625,19.6942927487046,10.3474422436514,1.0798185180166,"reverse_LDG","grid_cell_balanced_resampling_OLS",47.286278,9.609479,56.895757,84,"Bartonian","Brt",41.03,37.71,3.32,"Warmhouse","#DECABC"
44.55,"Lutetian","Northern",0.0954433366814355,0.19783469064207,0.206407979464029,0.019017298936648,0.621390013280658,3.65248996746162,0.207507656105993,0.56404468556283,0.0584508418778336,8,100,0,1,1,"occurrence5","occurrence",5,NA,"per_cell_balanced_resampling_OLS","median_resampled_slope",NA,35,8,3.189685,56.895757,53.706072,TRUE,TRUE,FALSE,6901,197.171428571429,52,5,816,TRUE,0,11,3.88888888888889,2,0.931095470674304,0,0.314285714285714,TRUE,TRUE,TRUE,TRUE,TRUE,"good","Northern","occurrence5_k1_tropical_temperate","occurrence",5,NA,1,"tropical_temperate",TRUE,TRUE,FALSE,TRUE,FALSE,1.24285714285714,8.58990030132919,5.12588671173342,0.60237271434401,"reverse_LDG","grid_cell_balanced_resampling_OLS",53.706072,3.189685,56.895757,83,"Lutetian","Lut",48.07,41.03,7.04,"Warmhouse","#DECABC"
52.035,"Ypresian","Northern",0.0946491588268363,0.175974704921279,0.271781620881506,-0.237734103287249,0.724154658748624,14.8571228046348,0.46518239244783,0.722399991715449,0.0350647959501325,6,100,0.28,0.72,1,"occurrence5","occurrence",5,NA,"per_cell_balanced_resampling_OLS","median_resampled_slope",NA,31,6,3.189685,56.895757,53.706072,TRUE,TRUE,FALSE,6548,211.225806451613,118,6,1098,TRUE,0,13,3.44444444444444,1,1.32336719333974,0,0.419354838709677,TRUE,TRUE,TRUE,TRUE,TRUE,"good","Northern","occurrence5_k1_tropical_temperate","occurrence",5,NA,1,"tropical_temperate",TRUE,TRUE,FALSE,TRUE,FALSE,1.74193548387097,8.51842429441527,5.08323453869351,0.961888762035873,"reverse_LDG","grid_cell_balanced_resampling_OLS",53.706072,3.189685,56.895757,82,"Ypresian","Ypr",56,48.07,7.93,"Hothouse","#D6B6B7"
57.62,"Thanetian","Northern",-0.00242873889259335,0.0399620037674637,0.0805773364655436,-0.0927146723516448,0.159226965282872,15.7952252693876,0.242835159505934,0.916235707275803,0.0043343673269515,5,100,0.51,0.49,1,"occurrence5","occurrence",5,NA,"per_cell_balanced_resampling_OLS","median_resampled_slope",NA,18,5,9.609479,76.366978,66.757499,TRUE,TRUE,TRUE,2397,133.166666666667,42.5,5,695,TRUE,0,12,2,1,1.92028643696715,0,0.666666666666667,TRUE,TRUE,TRUE,TRUE,TRUE,"good","Northern","occurrence5_k1_tropical_temperate","occurrence",5,NA,1,"tropical_temperate",TRUE,TRUE,FALSE,TRUE,FALSE,1.75,-0.218586500333402,-0.162136534193562,0.251941637634517,"normal_LDG","grid_cell_balanced_resampling_OLS",66.757499,9.609479,76.366978,81,"Thanetian","Th",59.24,56,3.24,"Warmhouse","#DECABC"
60.45,"Selandian","Northern",0.864196742307495,0.976339261931967,0.124602799582747,0.864196742307495,1.11340234147299,38.0472957958225,1.18309989086298,0.598374384193918,0.347922040768553,3,100,0,1,1,"occurrence5","occurrence",5,NA,"per_cell_balanced_resampling_OLS","median_resampled_slope",NA,4,3,37.779652,56.895757,19.116105,FALSE,TRUE,FALSE,1355,338.75,362,96,535,FALSE,0,2,0.444444444444444,0,1.63458710382775,0,0.5,FALSE,TRUE,TRUE,FALSE,TRUE,"bad","Bad hemisphere","occurrence5_k1_tropical_temperate","occurrence",5,NA,1,"tropical_temperate",TRUE,TRUE,FALSE,TRUE,FALSE,0.75,77.7777068076745,16.520075666608,0.249205599165495,"reverse_LDG","grid_cell_balanced_resampling_OLS",19.116105,37.779652,56.895757,80,"Selandian","Se",61.66,59.24,2.42,"Hothouse","#D6B6B7"
63.83,"Danian","Northern",-0.616123545074194,-0.565558273378995,0.389426522284064,-1.16519403906848,0.183270270582321,50.8463649188242,1.52339290884994,0.738940645065692,0.0168911782456384,9,100,0.89,0.11,3,"occurrence5","occurrence",5,NA,"per_cell_balanced_resampling_OLS","median_resampled_slope",NA,20,3,30.068394,46.433937,16.365543,FALSE,TRUE,FALSE,2294,114.7,35.5,5,1202,TRUE,0,14,2.22222222222222,0,2.07168409753997,0,0.7,FALSE,TRUE,TRUE,TRUE,TRUE,"bad","Bad hemisphere","occurrence5_k1_tropical_temperate","occurrence",5,NA,1,"tropical_temperate",TRUE,TRUE,FALSE,TRUE,FALSE,0.428571428571428,-55.4511190566775,-10.0831963702242,1.3484643096508,"normal_LDG","grid_cell_balanced_resampling_OLS",16.365543,30.068394,46.433937,79,"Danian","Dan",66,61.66,4.34,"Hothouse","#D6B6B7"
69.1,"Maastrichtian","Northern",0.198565337064907,0.196581252539662,0.32465501587241,-0.301004969280264,0.724095153106299,15.4079467242552,0.481355088121353,0.571672167684087,0.0562577546975425,8,100,0.34,0.66,1,"occurrence5","occurrence",5,NA,"per_cell_balanced_resampling_OLS","median_resampled_slope",NA,59,8,3.189685,56.895757,53.706072,TRUE,TRUE,FALSE,16908,286.576271186441,49,5,3040,TRUE,0,20,6.55555555555556,5,1.05163311253965,0,0.338983050847458,TRUE,TRUE,TRUE,TRUE,TRUE,"good","Northern","occurrence5_k1_tropical_temperate","occurrence",5,NA,1,"tropical_temperate",TRUE,TRUE,FALSE,TRUE,FALSE,0.479791395045632,17.8708803358417,10.6641642891122,1.02510012238656,"reverse_LDG","grid_cell_balanced_resampling_OLS",53.706072,3.189685,56.895757,78,"Maastrichtian","Maa",72.2,66,6.2,"Transitional","#E4E4E4"
77.9,"Campanian","Northern",-0.179104972769886,-0.174979180986821,0.0624102281083939,-0.284960701795016,-0.0521404951338324,22.7343085148195,0.231007647417989,0.434933209113328,0.0441168713547133,16,100,0.99,0.01,2,"occurrence5","occurrence",5,NA,"per_cell_balanced_resampling_OLS","median_resampled_slope",NA,74,8,3.189685,76.366978,73.177293,TRUE,TRUE,TRUE,8631,116.635135135135,58,5,852,TRUE,0,24,8.22222222222222,5,0.915758675519718,0,0.324324324324324,TRUE,TRUE,TRUE,TRUE,TRUE,"good","Northern","occurrence5_k1_tropical_temperate","occurrence",5,NA,1,"tropical_temperate",TRUE,TRUE,FALSE,TRUE,FALSE,0.19980694980695,-16.1194475492897,-13.106417070139,0.232820206661183,"normal_LDG","grid_cell_balanced_resampling_OLS",73.177293,3.189685,76.366978,77,"Campanian","Cam",83.6,72.2,11.4,"Warmhouse","#DECABC"
84.65,"Santonian","Northern",-0.0934246773022258,-0.0959190413718058,0.114938727844961,-0.461311529957213,0.0894779770425613,7.98203700281479,0.112006907127703,0.592313214701307,0.106350882815411,5,100,0.82,0.18,1,"occurrence5","occurrence",5,NA,"per_cell_balanced_resampling_OLS","median_resampled_slope",NA,29,5,9.609479,56.895757,47.286278,TRUE,TRUE,FALSE,1858,64.0689655172414,43,7,250,TRUE,0,10,3.22222222222222,1,1.21963718509154,0,0.344827586206897,TRUE,TRUE,TRUE,TRUE,TRUE,"good","Northern","occurrence5_k1_tropical_temperate","occurrence",5,NA,1,"tropical_temperate",TRUE,TRUE,FALSE,TRUE,FALSE,0.120689655172414,-8.40822095720032,-4.41770526297334,0.550789506999774,"normal_LDG","grid_cell_balanced_resampling_OLS",47.286278,9.609479,56.895757,76,"Santonian","San",85.7,83.6,2.1,"Hothouse","#D6B6B7"
87.75,"Coniacian","Northern",-0.209570587542156,-0.217339115925231,0.286261825745027,-0.623822747045276,0.520794175735319,24.1907758074593,0.329753205754911,0.499952907658293,0.120788176660232,6,100,0.81,0.19,1,"occurrence5","occurrence",5,NA,"per_cell_balanced_resampling_OLS","median_resampled_slope",NA,38,6,9.609479,56.895757,47.286278,TRUE,TRUE,FALSE,1339,35.2368421052632,15,5,190,TRUE,0,14,4.22222222222222,2,1.17097870848879,0,0.368421052631579,TRUE,TRUE,TRUE,TRUE,TRUE,"good","Northern","occurrence5_k1_tropical_temperate","occurrence",5,NA,1,"tropical_temperate",TRUE,TRUE,FALSE,TRUE,FALSE,1.56578947368421,-18.861352878794,-9.90981306314173,1.1446169227806,"normal_LDG","grid_cell_balanced_resampling_OLS",47.286278,9.609479,56.895757,75,"Coniacian","Con",89.8,85.7,4.1,"Hothouse","#D6B6B7"
91.85,"Turonian","Northern",-0.0707113908669705,-0.0648585125206007,0.0732853419671939,-0.165163812505402,0.120146395471803,11.5163137185019,0.1289486084124,0.601821302726533,0.0409007346512371,9,100,0.86,0.14,1,"occurrence5","occurrence",5,NA,"per_cell_balanced_resampling_OLS","median_resampled_slope",NA,70,9,3.189685,76.366978,73.177293,TRUE,TRUE,TRUE,4450,63.5714285714286,27,5,631,TRUE,1,21,7.77777777777778,7,0.746317490025771,0.128571428571429,0.3,TRUE,TRUE,TRUE,TRUE,TRUE,"good","Northern","occurrence5_k1_tropical_temperate","occurrence",5,NA,1,"tropical_temperate",TRUE,TRUE,FALSE,TRUE,FALSE,0.781318681318681,-6.36402517802734,-5.17446816790982,0.285310207977205,"normal_LDG","grid_cell_balanced_resampling_OLS",73.177293,3.189685,76.366978,74,"Turonian","Tur",93.9,89.8,4.1,"Hothouse","#D6B6B7"
97.2,"Cenomanian","Northern",-0.0996736526305039,-0.0596497321013301,0.152402838204275,-0.314748285042093,0.249315339641047,20.0791590515312,0.242424348312812,0.606322723340444,0.0122798121513879,24,100,0.64,0.36,3,"occurrence5","occurrence",5,NA,"per_cell_balanced_resampling_OLS","median_resampled_slope",NA,79,8,3.189685,56.895757,53.706072,TRUE,TRUE,FALSE,7269,92.0126582278481,27,5,1260,TRUE,0,23,8.77777777777778,7,0.842533205025334,0,0.291139240506329,TRUE,TRUE,TRUE,TRUE,TRUE,"good","Northern","occurrence5_k1_tropical_temperate","occurrence",5,NA,1,"tropical_temperate",TRUE,TRUE,FALSE,TRUE,FALSE,0.954113924050633,-8.97062873674535,-5.35308036467683,0.56406362468314,"normal_LDG","grid_cell_balanced_resampling_OLS",53.706072,3.189685,56.895757,73,"Cenomanian","Cen",100.5,93.9,6.6,"Hothouse","#D6B6B7"
106.85,"Albian","Northern",-0.281054449727484,-0.276578155967585,0.0511853204220587,-0.36571952790704,-0.153871181181236,29.3215942109205,0.22963640963763,0.244325357621331,0.083680338948358,18,100,1,0,2,"occurrence5","occurrence",5,NA,"per_cell_balanced_resampling_OLS","median_resampled_slope",NA,45,9,3.189685,76.366978,73.177293,TRUE,TRUE,TRUE,4343,96.5111111111111,41,5,635,TRUE,2,12,5,5,0.714142842854285,0.4,0.266666666666667,TRUE,TRUE,TRUE,TRUE,TRUE,"good","Northern","occurrence5_k1_tropical_temperate","occurrence",5,NA,1,"tropical_temperate",TRUE,TRUE,FALSE,TRUE,FALSE,0.02,-25.2949004754736,-20.5668038166619,0.211848346725804,"normal_LDG","grid_cell_balanced_resampling_OLS",73.177293,3.189685,76.366978,72,"Albian","Alb",113.2,100.5,12.7,"Warmhouse","#DECABC"
117.3,"Aptian","Northern",-0.238521115887278,-0.255476569013242,0.174147772026734,-0.566825175848683,0.128545300654878,31.8583539250546,0.382562696079709,0.502340462642489,0.0666738522598153,9,100,0.94,0.06,1,"occurrence5","occurrence",5,NA,"per_cell_balanced_resampling_OLS","median_resampled_slope",NA,38,9,3.189685,76.366978,73.177293,TRUE,TRUE,TRUE,3635,95.6578947368421,25,5,791,TRUE,1,13,4.22222222222222,3,0.907894736842105,0.236842105263158,0.342105263157895,TRUE,TRUE,TRUE,TRUE,TRUE,"good","Northern","occurrence5_k1_tropical_temperate","occurrence",5,NA,1,"tropical_temperate",TRUE,TRUE,FALSE,TRUE,FALSE,0.118421052631579,-21.466900429855,-17.4543295839703,0.695370476503561,"normal_LDG","grid_cell_balanced_resampling_OLS",73.177293,3.189685,76.366978,71,"Aptian","Apt",121.4,113.2,8.2,"Hothouse","#D6B6B7"
123.585,"Barremian","Northern",-0.0667459372979677,-0.06098923282644,0.0182107276516087,-0.0830284279548472,-0.0288286274894126,7.32621178860115,0.0805482620482937,0.436870727417819,0.0885147008781835,9,100,1,0,1,"occurrence5","occurrence",5,NA,"per_cell_balanced_resampling_OLS","median_resampled_slope",NA,29,9,3.189685,76.366978,73.177293,TRUE,TRUE,TRUE,2067,71.2758620689655,34,5,521,TRUE,1,9,3.22222222222222,2,0.94103821027553,0.310344827586207,0.310344827586207,TRUE,TRUE,TRUE,TRUE,TRUE,"good","Northern","occurrence5_k1_tropical_temperate","occurrence",5,NA,1,"tropical_temperate",TRUE,TRUE,FALSE,TRUE,FALSE,0.155172413793103,-6.00713435681709,-4.88428701021301,0.0541998004654346,"normal_LDG","grid_cell_balanced_resampling_OLS",73.177293,3.189685,76.366978,70,"Barremian","Bar",125.77,121.4,4.37,"Hothouse","#D6B6B7"
129.185,"Hauterivian","Northern",-0.365177546534333,-0.29079368984627,0.201920003517828,-0.60736669603731,0.0173664962919365,38.3301182812443,0.340197955510522,0.503940533541012,0.0943785301777818,7,100,0.94,0.06,1,"occurrence5","occurrence",5,NA,"per_cell_balanced_resampling_OLS","median_resampled_slope",NA,27,7,3.189685,76.366978,73.177293,TRUE,TRUE,TRUE,2492,92.2962962962963,36,6,672,TRUE,0,11,3,2,1.16666666666667,0,0.407407407407407,TRUE,TRUE,TRUE,TRUE,TRUE,"good","Northern","occurrence5_k1_tropical_temperate","occurrence",5,NA,1,"tropical_temperate",TRUE,TRUE,FALSE,TRUE,FALSE,0.12962962962963,-32.8659791880899,-26.722704319764,0.624733192329247,"normal_LDG","grid_cell_balanced_resampling_OLS",73.177293,3.189685,76.366978,69,"Hauterivian","Hau",132.6,125.77,6.83,"Warmhouse","#DECABC"
134.825,"Valanginian","Northern",0.0240876071909357,0.0465815363775721,0.090321598549054,-0.100791198681549,0.215782576288586,6.89656228002695,0.0901798990041724,0.652355390000695,0.0360864964878766,8,100,0.42,0.58,1,"occurrence5","occurrence",5,NA,"per_cell_balanced_resampling_OLS","median_resampled_slope",NA,38,8,3.189685,76.366978,73.177293,TRUE,TRUE,TRUE,3908,102.842105263158,38.5,5,1472,TRUE,0,10,4.22222222222222,4,0.801228281454649,0,0.263157894736842,TRUE,TRUE,TRUE,TRUE,TRUE,"good","Northern","occurrence5_k1_tropical_temperate","occurrence",5,NA,1,"tropical_temperate",TRUE,TRUE,FALSE,TRUE,FALSE,0.466165413533835,2.16788464718422,1.76266588908001,0.316573774970135,"reverse_LDG","grid_cell_balanced_resampling_OLS",73.177293,3.189685,76.366978,68,"Valanginian","Val",137.05,132.6,4.45,"Warmhouse","#DECABC"
140.075,"Berriasian","Northern",0.0232536062736718,0.0434433008983947,0.26636246105743,-0.419687757969352,0.616530309165145,22.8280657513502,0.265916376909848,0.612171207138098,0.0454852185352787,8,100,0.48,0.52,1,"occurrence5","occurrence",5,NA,"per_cell_balanced_resampling_OLS","median_resampled_slope",NA,37,8,3.189685,76.366978,73.177293,TRUE,TRUE,TRUE,1420,38.3783783783784,22,5,201,TRUE,0,10,4.11111111111111,4,0.855203639583608,0,0.27027027027027,TRUE,TRUE,TRUE,TRUE,TRUE,"good","Northern","occurrence5_k1_tropical_temperate","occurrence",5,NA,1,"tropical_temperate",TRUE,TRUE,FALSE,TRUE,FALSE,0.108108108108108,2.09282456463046,1.70163595959512,1.0362180671345,"reverse_LDG","grid_cell_balanced_resampling_OLS",73.177293,3.189685,76.366978,67,"Berriasian","Ber",143.1,137.05,6.05,"Warmhouse","#DECABC"
146.15,"Tithonian","Northern",0.085896572385676,0.0988214930537456,0.114628492114727,-0.055354077963048,0.35569893583605,8.59018468357094,0.159183308809198,0.730111607769332,0.0213167995458023,8,100,0.23,0.77,1,"occurrence5","occurrence",5,NA,"per_cell_balanced_resampling_OLS","median_resampled_slope",NA,34,8,3.189685,76.366978,73.177293,TRUE,TRUE,TRUE,4104,120.705882352941,47.5,5,1189,TRUE,0,10,3.77777777777778,3,0.905218435088964,0,0.294117647058824,TRUE,TRUE,TRUE,TRUE,TRUE,"good","Northern","occurrence5_k1_tropical_temperate","occurrence",5,NA,1,"tropical_temperate",TRUE,TRUE,FALSE,TRUE,FALSE,0.117647058823529,7.73069151471084,6.28567864516233,0.411053013799098,"reverse_LDG","grid_cell_balanced_resampling_OLS",73.177293,3.189685,76.366978,66,"Tithonian","Tit",149.2,143.1,6.1,"Warmhouse","#DECABC"
152,"Kimmeridgian","Northern",-0.213893541656856,-0.259669572649382,0.179181930531743,-0.587575757823092,0.000440983550122585,26.3449841579217,0.48664811123416,0.562749623113348,0.0903310947617949,6,100,0.97,0.03,1,"occurrence5","occurrence",5,NA,"per_cell_balanced_resampling_OLS","median_resampled_slope",NA,30,6,22.92951,76.366978,53.437468,TRUE,TRUE,TRUE,3750,125,29.5,7,1501,TRUE,0,7,3.33333333333333,4,0.924662100445346,0,0.233333333333333,TRUE,TRUE,TRUE,TRUE,TRUE,"good","Northern","occurrence5_k1_tropical_temperate","occurrence",5,NA,1,"tropical_temperate",TRUE,TRUE,FALSE,TRUE,FALSE,0.692307692307692,-19.250418749117,-11.4299292876949,0.588016741373215,"normal_LDG","grid_cell_balanced_resampling_OLS",53.437468,22.92951,76.366978,65,"Kimmeridgian","Kim",154.8,149.2,5.6,"Transitional","#E4E4E4"
158.15,"Oxfordian","Northern",-0.100692763788667,-0.0958857096206391,0.0941726296016538,-0.267441145779989,0.145064799496087,16.6840392666131,0.260082764537143,0.737112690377302,0.0245781970180542,7,100,0.88,0.12,1,"occurrence5","occurrence",5,NA,"per_cell_balanced_resampling_OLS","median_resampled_slope",NA,41,7,3.189685,76.366978,73.177293,TRUE,TRUE,TRUE,6960,169.756097560976,36,5,951,TRUE,0,13,4.55555555555556,2,1.10364169236573,0,0.317073170731707,TRUE,TRUE,TRUE,TRUE,TRUE,"good","Northern","occurrence5_k1_tropical_temperate","occurrence",5,NA,1,"tropical_temperate",TRUE,TRUE,FALSE,TRUE,FALSE,0.565243902439024,-9.06234874098003,-7.36842387874307,0.412505945276076,"normal_LDG","grid_cell_balanced_resampling_OLS",73.177293,3.189685,76.366978,64,"Oxfordian","Oxf",161.5,154.8,6.7,"Transitional","#E4E4E4"
163.4,"Callovian","Northern",-0.910396899893665,-0.908932211330954,0.048891846722065,-0.990619231127276,-0.818893744950484,59.1071527131799,0.354255441214818,0.0513471458380648,0.565070463372201,7,100,1,0,1,"occurrence5","occurrence",5,NA,"per_cell_balanced_resampling_OLS","median_resampled_slope",NA,27,7,9.609479,76.366978,66.757499,TRUE,TRUE,TRUE,2765,102.407407407407,55,5,452,TRUE,0,10,3,1,1.21335164821342,0,0.37037037037037,TRUE,TRUE,TRUE,TRUE,TRUE,"good","Northern","occurrence5_k1_tropical_temperate","occurrence",5,NA,1,"tropical_temperate",TRUE,TRUE,FALSE,TRUE,FALSE,0.782608695652174,-81.9357209904298,-60.7758201342544,0.171725486176792,"normal_LDG","grid_cell_balanced_resampling_OLS",66.757499,9.609479,76.366978,63,"Callovian","Cal",165.3,161.5,3.8,"Coolhouse","#B3D8D0"
166.75,"Bathonian","Northern",-0.100286697332661,-0.103194698241397,0.356304816194931,-0.593730325959001,0.653956338074248,21.5713435237211,0.478836528846311,0.624611331682982,0.0514977350173394,7,100,0.64,0.36,1,"occurrence5","occurrence",5,NA,"per_cell_balanced_resampling_OLS","median_resampled_slope",NA,33,7,9.609479,56.895757,47.286278,TRUE,TRUE,FALSE,2825,85.6060606060606,40,5,739,TRUE,0,14,3.66666666666667,3,1.16509141981603,0,0.424242424242424,TRUE,TRUE,TRUE,TRUE,TRUE,"good","Northern","occurrence5_k1_tropical_temperate","occurrence",5,NA,1,"tropical_temperate",TRUE,TRUE,FALSE,TRUE,FALSE,1.03846153846154,-9.02580275993945,-4.74218464977405,1.24768666403325,"normal_LDG","grid_cell_balanced_resampling_OLS",47.286278,9.609479,56.895757,62,"Bathonian","Bat",168.2,165.3,2.9,"Coldhouse","#B2CCC7"
169.55,"Bajocian","Northern",-0.193483985390995,-0.202335348063632,0.0756908118908968,-0.347509254344806,-0.0852900306271424,19.678924399485,0.166711438578488,0.255903465997892,0.247562640627621,7,100,1,0,1,"occurrence5","occurrence",5,NA,"per_cell_balanced_resampling_OLS","median_resampled_slope",NA,33,7,9.609479,76.366978,66.757499,TRUE,TRUE,TRUE,1972,59.7575757575758,22,5,444,TRUE,0,13,3.66666666666667,2,1.16509141981603,0,0.393939393939394,TRUE,TRUE,TRUE,TRUE,TRUE,"good","Northern","occurrence5_k1_tropical_temperate","occurrence",5,NA,1,"tropical_temperate",TRUE,TRUE,FALSE,TRUE,FALSE,0.9,-17.4135586851896,-12.9165069612554,0.262219223717664,"normal_LDG","grid_cell_balanced_resampling_OLS",66.757499,9.609479,76.366978,61,"Bajocian","Baj",170.9,168.2,2.7,"Coolhouse","#B3D8D0"
172.8,"Aalenian","Northern",-0.188424995693315,-0.204525132985685,0.157861220948432,-0.48161009842834,0.0123714381511685,24.3525834732231,0.219156366450067,0.55976844801681,0.0723404253591519,7,100,0.93,0.07,1,"occurrence5","occurrence",5,NA,"per_cell_balanced_resampling_OLS","median_resampled_slope",NA,25,7,16.155405,76.366978,60.211573,TRUE,TRUE,TRUE,1974,78.96,31,7,411,TRUE,0,9,2.77777777777778,2,1.12089250153616,0,0.36,TRUE,TRUE,TRUE,TRUE,TRUE,"good","Northern","occurrence5_k1_tropical_temperate","occurrence",5,NA,1,"tropical_temperate",TRUE,TRUE,FALSE,TRUE,FALSE,1,-16.9582496123984,-11.3453653832127,0.493981536579509,"normal_LDG","grid_cell_balanced_resampling_OLS",60.211573,16.155405,76.366978,60,"Aalenian","Aal",174.7,170.9,3.8,"Transitional","#E4E4E4"
179.45,"Toarcian","Northern",-0.259212269758737,-0.290337642900143,0.131879594965804,-0.58117434412304,-0.10272228544646,34.2390266624244,0.265485682480764,0.401410728266209,0.0593227458523978,14,100,1,0,2,"occurrence5","occurrence",5,NA,"per_cell_balanced_resampling_OLS","median_resampled_slope",NA,50,7,16.155405,76.366978,60.211573,TRUE,TRUE,TRUE,9427,188.54,61,5,2833,TRUE,0,19,5.55555555555556,3,1.25713961038542,0,0.38,TRUE,TRUE,TRUE,TRUE,TRUE,"good","Northern","occurrence5_k1_tropical_temperate","occurrence",5,NA,1,"tropical_temperate",TRUE,TRUE,FALSE,TRUE,FALSE,0.615384615384615,-23.3291042782864,-15.6075785030739,0.47845205867658,"normal_LDG","grid_cell_balanced_resampling_OLS",60.211573,16.155405,76.366978,59,"Toarcian","Toa",184.2,174.7,9.5,"Warmhouse","#DECABC"
188.55,"Pliensbachian","Northern",-0.0166931922283133,-0.0038844331260719,0.213954940872883,-0.377818368094839,0.39768844197695,27.3294993696216,0.355484873526198,0.657883805971925,0.0296552561806611,9,100,0.56,0.44,1,"occurrence5","occurrence",5,NA,"per_cell_balanced_resampling_OLS","median_resampled_slope",NA,65,9,3.189685,76.366978,73.177293,TRUE,TRUE,TRUE,8576,131.938461538462,43,6,1245,TRUE,1,22,7.22222222222222,3,1.01223287074437,0.138461538461538,0.338461538461538,TRUE,TRUE,TRUE,TRUE,TRUE,"good","Northern","occurrence5_k1_tropical_temperate","occurrence",5,NA,1,"tropical_temperate",TRUE,TRUE,FALSE,TRUE,FALSE,0.0692307692307692,-1.50238730054819,-1.2215626187966,0.775506810071789,"normal_LDG","grid_cell_balanced_resampling_OLS",73.177293,3.189685,76.366978,58,"Pliensbachian","Plb",192.9,184.2,8.7,"Transitional","#E4E4E4"
196.2,"Sinemurian","Northern",0.0279130296673037,0.0421573803996333,0.104149315825992,-0.145563001805656,0.236942061637279,11.6742928319608,0.166181472133965,0.636660723095716,0.0336484616787316,9,100,0.41,0.59,1,"occurrence5","occurrence",5,NA,"per_cell_balanced_resampling_OLS","median_resampled_slope",NA,46,9,3.189685,76.366978,73.177293,TRUE,TRUE,TRUE,2965,64.4565217391304,25,5,393,TRUE,1,14,5.11111111111111,3,0.945652173913043,0.195652173913043,0.304347826086957,TRUE,TRUE,TRUE,TRUE,TRUE,"good","Northern","occurrence5_k1_tropical_temperate","occurrence",5,NA,1,"tropical_temperate",TRUE,TRUE,FALSE,TRUE,FALSE,0.156521739130435,2.51217267005733,2.04259995048197,0.382505063442935,"reverse_LDG","grid_cell_balanced_resampling_OLS",73.177293,3.189685,76.366978,57,"Sinemurian","Sin",199.5,192.9,6.6,"Transitional","#E4E4E4"
200.45,"Hettangian","Northern",0.405405365837161,0.40840568823454,0.0797249435321356,0.272189852205629,0.551374846878184,11.0910422099984,0.341676703247127,0.274161396499672,0.167439352567089,9,100,0,1,1,"occurrence5","occurrence",5,NA,"per_cell_balanced_resampling_OLS","median_resampled_slope",NA,25,9,3.189685,76.366978,73.177293,TRUE,TRUE,TRUE,1300,52,27,8,182,TRUE,1,9,2.77777777777778,2,0.965608616365865,0.36,0.36,TRUE,TRUE,TRUE,TRUE,TRUE,"good","Northern","occurrence5_k1_tropical_temperate","occurrence",5,NA,1,"tropical_temperate",TRUE,TRUE,FALSE,TRUE,FALSE,0.229090909090909,36.4864829253445,29.6664672396381,0.279184994672555,"reverse_LDG","grid_cell_balanced_resampling_OLS",73.177293,3.189685,76.366978,56,"Hettangian","Het",201.4,199.5,1.9,"Transitional","#E4E4E4"
203.55,"Rhaetian","Northern",-0.165295327819977,-0.165473335790476,0.0342115640785062,-0.226650969545863,-0.0948480592156941,21.75907281171,0.182485477395826,0.417939029551236,0.134753364002864,7,100,1,0,1,"occurrence5","occurrence",5,NA,"per_cell_balanced_resampling_OLS","median_resampled_slope",NA,22,7,3.189685,76.366978,73.177293,TRUE,TRUE,TRUE,2160,98.1818181818182,22,5,1333,TRUE,0,7,2.44444444444444,1,1.00438089972656,0,0.318181818181818,TRUE,TRUE,TRUE,TRUE,TRUE,"good","Northern","occurrence5_k1_tropical_temperate","occurrence",5,NA,1,"tropical_temperate",TRUE,TRUE,FALSE,TRUE,FALSE,0.545454545454545,-14.8765795037979,-12.0958646354135,0.131802910330169,"normal_LDG","grid_cell_balanced_resampling_OLS",73.177293,3.189685,76.366978,55,"Rhaetian","Rha",205.7,201.4,4.3,"Coolhouse","#B3D8D0"
216.5,"Norian","Northern",-0.454345414144032,-0.465948684094591,0.160152831787786,-0.81409204356361,-0.208964086639955,39.7948767351038,0.285424784161185,0.127247372299235,0.299508532039559,9,100,1,0,1,"occurrence5","occurrence",5,NA,"per_cell_balanced_resampling_OLS","median_resampled_slope",NA,39,9,3.189685,76.366978,73.177293,TRUE,TRUE,TRUE,3314,84.974358974359,46,5,483,TRUE,1,7,4.33333333333333,4,0.399704032515895,0.230769230769231,0.17948717948718,TRUE,TRUE,TRUE,TRUE,TRUE,"good","Northern","occurrence5_k1_tropical_temperate","occurrence",5,NA,1,"tropical_temperate",TRUE,TRUE,FALSE,TRUE,FALSE,0.634615384615384,-40.8910872729628,-33.2477674940241,0.605127956923656,"normal_LDG","grid_cell_balanced_resampling_OLS",73.177293,3.189685,76.366978,54,"Norian","Nor",227.3,205.7,21.6,"Transitional","#E4E4E4"
232.15,"Carnian","Northern",-0.235245732079572,-0.371233121567523,0.297154833551731,-1.0770142491883,-0.0116308274705894,19.9509694034948,0.280521993426643,0.419122645145587,0.134125426201178,7,100,0.99,0.01,1,"occurrence5","occurrence",5,NA,"per_cell_balanced_resampling_OLS","median_resampled_slope",NA,29,7,9.609479,76.366978,66.757499,TRUE,TRUE,TRUE,4270,147.241379310345,15,5,2769,TRUE,0,7,3.22222222222222,3,0.817830429353891,0,0.241379310344828,TRUE,TRUE,TRUE,TRUE,TRUE,"good","Northern","occurrence5_k1_tropical_temperate","occurrence",5,NA,1,"tropical_temperate",TRUE,TRUE,FALSE,TRUE,FALSE,2.04545454545455,-21.1721158871615,-15.7044167240563,1.06538342171771,"normal_LDG","grid_cell_balanced_resampling_OLS",66.757499,9.609479,76.366978,53,"Carnian","Car",237,227.3,9.7,"Transitional","#E4E4E4"
239.232,"Ladinian","Northern",-0.0272690199368437,-0.0855368829372694,0.225469462429222,-0.594554166863277,0.194941592754344,9.86415291506395,0.22404892169975,0.567599211117542,0.0488685272672538,9,100,0.6,0.4,1,"occurrence5","occurrence",5,NA,"per_cell_balanced_resampling_OLS","median_resampled_slope",NA,26,9,3.189685,76.366978,73.177293,TRUE,TRUE,TRUE,1682,64.6923076923077,26.5,5,631,TRUE,1,6,2.88888888888889,2,0.610557994861059,0.346153846153846,0.230769230769231,TRUE,TRUE,TRUE,TRUE,TRUE,"good","Northern","occurrence5_k1_tropical_temperate","occurrence",5,NA,1,"tropical_temperate",TRUE,TRUE,FALSE,TRUE,FALSE,0.346153846153846,-2.45421179431594,-1.99547306174125,0.789495759617622,"normal_LDG","grid_cell_balanced_resampling_OLS",73.177293,3.189685,76.366978,52,"Ladinian","Lad",241.464,237,4.464,"Coolhouse","#B3D8D0"
244.082,"Anisian","Northern",0.186944542075992,0.155191531946589,0.303335114716248,-0.391552920731918,0.68158370247904,21.4140080768811,0.340613145843882,0.505026661457512,0.0658650053305479,9,100,0.33,0.67,1,"occurrence5","occurrence",5,NA,"per_cell_balanced_resampling_OLS","median_resampled_slope",NA,37,9,3.189685,76.366978,73.177293,TRUE,TRUE,TRUE,5604,151.459459459459,43,5,1370,TRUE,1,9,4.11111111111111,3,0.703352090793141,0.243243243243243,0.243243243243243,TRUE,TRUE,TRUE,TRUE,TRUE,"good","Northern","occurrence5_k1_tropical_temperate","occurrence",5,NA,1,"tropical_temperate",TRUE,TRUE,FALSE,TRUE,FALSE,0.0347490347490347,16.8250087868393,13.6800955302457,1.07313662321096,"reverse_LDG","grid_cell_balanced_resampling_OLS",73.177293,3.189685,76.366978,51,"Anisian","Ani",246.7,241.464,5.236,"Warmhouse","#DECABC"
248.3,"Olenekian","Northern",-0.0281241185255166,-0.0508597814304326,0.118797236853303,-0.275668898354723,0.130415181747716,20.6901451115969,0.163671189295013,0.639347439024248,0.0140598893629132,18,100,0.6,0.4,2,"occurrence5","occurrence",5,NA,"per_cell_balanced_resampling_OLS","median_resampled_slope",NA,37,9,3.189685,76.366978,73.177293,TRUE,TRUE,TRUE,4631,125.162162162162,60,5,864,TRUE,2,9,4.11111111111111,4,0.563207188761479,0.486486486486487,0.243243243243243,TRUE,TRUE,TRUE,TRUE,TRUE,"good","Northern","occurrence5_k1_tropical_temperate","occurrence",5,NA,1,"tropical_temperate",TRUE,TRUE,FALSE,TRUE,FALSE,0.3996138996139,-2.53117066729649,-2.05804686170846,0.406084080102439,"normal_LDG","grid_cell_balanced_resampling_OLS",73.177293,3.189685,76.366978,50,"Olenekian","Ole",249.9,246.7,3.2,"Warmhouse","#DECABC"
250.901,"Induan","Northern",-0.237895869086863,-0.297373354624985,0.328680576380737,-0.97529684204901,0.192567325820542,38.6740016527463,0.33524306385803,0.376846689874584,0.158224877044143,7,100,0.79,0.21,1,"occurrence5","occurrence",5,NA,"per_cell_balanced_resampling_OLS","median_resampled_slope",NA,39,7,3.189685,76.366978,73.177293,TRUE,TRUE,TRUE,3442,88.2564102564103,39,5,583,TRUE,0,11,4.33333333333333,4,0.87113474253124,0,0.282051282051282,TRUE,TRUE,TRUE,TRUE,TRUE,"good","Northern","occurrence5_k1_tropical_temperate","occurrence",5,NA,1,"tropical_temperate",TRUE,TRUE,FALSE,TRUE,FALSE,0.205128205128205,-21.4106282178177,-17.408575715659,1.16786416786955,"normal_LDG","grid_cell_balanced_resampling_OLS",73.177293,3.189685,76.366978,49,"Induan","Ind",251.902,249.9,2.002,"Hothouse","#D6B6B7"
253.021,"Changhsingian","Northern",-0.47703710159845,-0.489859980907568,0.188371070117608,-0.875991988464625,-0.178847141095121,36.981647373593,0.252189529479844,0.0707371090224862,0.29021912393958,12,100,1,0,2,"occurrence5","occurrence",5,NA,"per_cell_balanced_resampling_OLS","median_resampled_slope",NA,28,6,3.189685,76.366978,73.177293,TRUE,TRUE,TRUE,6457,230.607142857143,79,6,1116,TRUE,0,10,3.11111111111111,2,1.21808753581094,0,0.357142857142857,TRUE,TRUE,TRUE,TRUE,TRUE,"good","Northern","occurrence5_k1_tropical_temperate","occurrence",5,NA,1,"tropical_temperate",TRUE,TRUE,FALSE,TRUE,FALSE,0.25,-42.9333391438606,-34.9082837555406,0.697144847369504,"normal_LDG","grid_cell_balanced_resampling_OLS",73.177293,3.189685,76.366978,48,"Changhsingian","Chg",254.14,251.902,2.238,"Coldhouse","#B2CCC7"
256.825,"Wuchiapingian","Northern",-0.62618744704715,-0.64363369670687,0.296940806463006,-1.19892575128126,-0.01087829329542,42.6343403631564,0.367254093748656,0.140699049596491,0.324215991117465,8,100,0.98,0.02,1,"occurrence5","occurrence",5,NA,"per_cell_balanced_resampling_OLS","median_resampled_slope",NA,46,8,3.189685,76.366978,73.177293,TRUE,TRUE,TRUE,5748,124.95652173913,59,5,718,TRUE,0,19,5.11111111111111,3,1.16344974618987,0,0.41304347826087,TRUE,TRUE,TRUE,TRUE,TRUE,"good","Northern","occurrence5_k1_tropical_temperate","occurrence",5,NA,1,"tropical_temperate",TRUE,TRUE,FALSE,TRUE,FALSE,0.280434782608696,-56.3568702342435,-45.8227022854913,1.18804745798584,"normal_LDG","grid_cell_balanced_resampling_OLS",73.177293,3.189685,76.366978,47,"Wuchiapingian","Wuc",259.51,254.14,5.37,"Coolhouse","#B3D8D0"
261.895,"Capitanian","Northern",-0.244034977689134,-0.339430260329304,0.321326341710688,-1.09001653662639,0.0286609501981129,28.8211879656678,0.531259214892736,0.555262090840712,0.0739382118752837,7,100,0.93,0.07,1,"occurrence5","occurrence",5,NA,"per_cell_balanced_resampling_OLS","median_resampled_slope",NA,24,7,3.189685,76.366978,73.177293,TRUE,TRUE,TRUE,3526,146.916666666667,29,5,2276,TRUE,0,7,2.66666666666667,3,0.838525491562421,0,0.291666666666667,TRUE,TRUE,TRUE,TRUE,TRUE,"good","Northern","occurrence5_k1_tropical_temperate","occurrence",5,NA,1,"tropical_temperate",TRUE,TRUE,FALSE,TRUE,FALSE,0.253676470588235,-21.9631479920221,-17.8578190646062,1.1186774868245,"normal_LDG","grid_cell_balanced_resampling_OLS",73.177293,3.189685,76.366978,46,"Capitanian","Cap",264.28,259.51,4.77,"Coolhouse","#B3D8D0"
265.59,"Wordian","Northern",-0.139395022257879,-0.176707083193913,0.0851611915125879,-0.314705607867145,-0.0598575619066533,14.4092177103559,0.118529152149207,0.239476051547611,0.221274605698139,8,100,1,0,1,"occurrence5","occurrence",5,NA,"per_cell_balanced_resampling_OLS","median_resampled_slope",NA,23,8,3.189685,76.366978,73.177293,TRUE,TRUE,TRUE,2345,101.95652173913,25,6,726,TRUE,0,5,2.55555555555556,2,0.680889554928949,0,0.217391304347826,TRUE,TRUE,TRUE,TRUE,TRUE,"good","Northern","occurrence5_k1_tropical_temperate","occurrence",5,NA,1,"tropical_temperate",TRUE,TRUE,FALSE,TRUE,FALSE,0.512743628185907,-12.5455520032091,-10.2005503865064,0.254848045960492,"normal_LDG","grid_cell_balanced_resampling_OLS",73.177293,3.189685,76.366978,45,"Wordian","Wor",266.9,264.28,2.62,"Coolhouse","#B3D8D0"
270.65,"Roadian","Northern",-0.661970553380571,-0.560464622003264,0.293796418468034,-0.926770580653199,-0.068097263576639,40.1981030227859,0.329024476465356,0.116435803414751,0.314224078999305,9,100,1,0,1,"occurrence5","occurrence",5,NA,"per_cell_balanced_resampling_OLS","median_resampled_slope",NA,35,9,3.189685,76.366978,73.177293,TRUE,TRUE,TRUE,6652,190.057142857143,22,6,2859,TRUE,1,8,3.88888888888889,3,0.581342569982166,0.257142857142857,0.228571428571429,TRUE,TRUE,TRUE,TRUE,TRUE,"good","Northern","occurrence5_k1_tropical_temperate","occurrence",5,NA,1,"tropical_temperate",TRUE,TRUE,FALSE,TRUE,FALSE,0.578571428571429,-59.5773498042514,-48.4412131421022,0.85867331707656,"normal_LDG","grid_cell_balanced_resampling_OLS",73.177293,3.189685,76.366978,44,"Roadian","Roa",274.4,266.9,7.5,"Coldhouse","#B2CCC7"
278.85,"Kungurian","Northern",-0.264738715750979,-0.321842016170541,0.216854644312933,-0.879116513240029,-0.0533501564965926,23.9691616062649,0.215172665088151,0.214295490893866,0.21050215761958,9,100,1,0,1,"occurrence5","occurrence",5,NA,"per_cell_balanced_resampling_OLS","median_resampled_slope",NA,37,9,3.189685,76.366978,73.177293,TRUE,TRUE,TRUE,4132,111.675675675676,40,5,1068,TRUE,1,7,4.11111111111111,4,0.493196961916072,0.243243243243243,0.189189189189189,TRUE,TRUE,TRUE,TRUE,TRUE,"good","Northern","occurrence5_k1_tropical_temperate","occurrence",5,NA,1,"tropical_temperate",TRUE,TRUE,FALSE,TRUE,FALSE,0.773648648648649,-23.8264844175881,-19.3728625709531,0.825766356743436,"normal_LDG","grid_cell_balanced_resampling_OLS",73.177293,3.189685,76.366978,43,"Kungurian","Kun",283.3,274.4,8.9,"Coolhouse","#B3D8D0"
286.7,"Artinskian","Northern",-0.746827747397505,-0.765003204553821,0.164282441215245,-1.0241164032866,-0.467284730524471,51.9339383891166,0.723466865572727,0.368089923476463,0.163608766869784,7,100,1,0,1,"occurrence5","occurrence",5,NA,"per_cell_balanced_resampling_OLS","median_resampled_slope",NA,29,7,3.189685,56.895757,53.706072,TRUE,TRUE,FALSE,1866,64.3448275862069,51,6,180,TRUE,0,9,3.22222222222222,2,1.0837410434357,0,0.310344827586207,TRUE,TRUE,TRUE,TRUE,TRUE,"good","Northern","occurrence5_k1_tropical_temperate","occurrence",5,NA,1,"tropical_temperate",TRUE,TRUE,FALSE,TRUE,FALSE,0.744827586206896,-67.2144972657755,-40.1091847733282,0.556831672762125,"normal_LDG","grid_cell_balanced_resampling_OLS",53.706072,3.189685,56.895757,42,"Artinskian","Art",290.1,283.3,6.8,"Coolhouse","#B3D8D0"
291.81,"Sakmarian","Northern",-0.105241182887196,-0.121275093323827,0.087012926160917,-0.30270564044256,0.00354256233900861,25.1767807216096,0.253675599221468,0.693122491901612,0.0277996796939292,8,100,0.96,0.04,1,"occurrence5","occurrence",5,NA,"per_cell_balanced_resampling_OLS","median_resampled_slope",NA,31,8,3.189685,76.366978,73.177293,TRUE,TRUE,TRUE,1604,51.741935483871,22,5,487,TRUE,0,10,3.44444444444444,3,0.82258064516129,0,0.32258064516129,TRUE,TRUE,TRUE,TRUE,TRUE,"good","Northern","occurrence5_k1_tropical_temperate","occurrence",5,NA,1,"tropical_temperate",TRUE,TRUE,FALSE,TRUE,FALSE,0.334677419354839,-9.47170645984762,-7.70126487580291,0.306248202781569,"normal_LDG","grid_cell_balanced_resampling_OLS",73.177293,3.189685,76.366978,41,"Sakmarian","Sak",293.52,290.1,3.42,"Coolhouse","#B3D8D0"
296.21,"Asselian","Northern",-0.0770953354233192,-0.117798057690796,0.150616241746704,-0.394653232755345,0.0648310576972817,11.8194481709778,0.154828609213614,0.645617547712948,0.0580406340920956,6,100,0.77,0.23,1,"occurrence5","occurrence",5,NA,"per_cell_balanced_resampling_OLS","median_resampled_slope",NA,20,6,3.189685,76.366978,73.177293,TRUE,TRUE,TRUE,796,39.8,23,5,173,TRUE,0,8,2.22222222222222,1,1.18585412256314,0,0.4,TRUE,TRUE,TRUE,TRUE,TRUE,"good","Northern","occurrence5_k1_tropical_temperate","occurrence",5,NA,1,"tropical_temperate",TRUE,TRUE,FALSE,TRUE,FALSE,1.025,-6.93858018809873,-5.64162794920551,0.459484290452626,"normal_LDG","grid_cell_balanced_resampling_OLS",73.177293,3.189685,76.366978,40,"Asselian","Ass",298.9,293.52,5.38,"Coolhouse","#B3D8D0"
301.3,"Gzhelian","Northern",-0.652012060009402,-0.751206569420243,0.149873254462982,-0.946180820234158,-0.601270565726638,40.8126223824942,0.384673232099314,0.0965036620422473,0.539222686975962,6,100,1,0,1,"occurrence5","occurrence",5,NA,"per_cell_balanced_resampling_OLS","median_resampled_slope",NA,9,6,3.189685,56.895757,53.706072,TRUE,TRUE,FALSE,762,84.6666666666667,65,5,192,TRUE,0,2,1,1,0.866025403784439,0,0.222222222222222,TRUE,TRUE,TRUE,TRUE,TRUE,"good","Northern","occurrence5_k1_tropical_temperate","occurrence",5,NA,1,"tropical_temperate",TRUE,TRUE,FALSE,TRUE,FALSE,1.73333333333333,-58.6810854008462,-35.0170066397333,0.34491025450752,"normal_LDG","grid_cell_balanced_resampling_OLS",53.706072,3.189685,56.895757,39,"Gzhelian","Gzh",303.7,298.9,4.8,"Coldhouse","#B2CCC7"
305.35,"Kasimovian","Northern",-0.0300136930216872,-0.0300136930216872,0,-0.0300136930216872,-0.0300136930216872,3.32117610754114,0.0421044707855179,0.605747345443528,0.336931102714723,3,100,1,0,1,"occurrence5","occurrence",5,NA,"per_cell_balanced_resampling_OLS","median_resampled_slope",NA,3,3,3.189685,37.779652,34.589967,TRUE,TRUE,FALSE,21,7,7,6,8,TRUE,0,1,0.333333333333333,0,1.5,0,0.333333333333333,TRUE,TRUE,TRUE,TRUE,TRUE,"good","Northern","occurrence5_k1_tropical_temperate","occurrence",5,NA,1,"tropical_temperate",TRUE,TRUE,FALSE,TRUE,FALSE,0.733333333333333,-2.70123237195184,-1.03817265116829,0,"normal_LDG","grid_cell_balanced_resampling_OLS",34.589967,3.189685,37.779652,38,"Kasimovian","Kas",307,303.7,3.3,"Coldhouse","#B2CCC7"
311.1,"Moscovian","Northern",-2.38976156690422,-2.24829470379735,0.292685876363046,-2.58128679582224,-1.6561288118238,80.3840537434175,1.02655644433615,0.106883723800945,0.634181534174286,5,100,1,0,1,"occurrence5","occurrence",5,NA,"per_cell_balanced_resampling_OLS","median_resampled_slope",NA,9,5,3.189685,37.779652,34.589967,TRUE,TRUE,FALSE,605,67.2222222222222,44,8,185,TRUE,0,3,1,1,1.11803398874989,0,0.333333333333333,TRUE,TRUE,TRUE,TRUE,TRUE,"good","Northern","occurrence5_k1_tropical_temperate","occurrence",5,NA,1,"tropical_temperate",TRUE,TRUE,FALSE,TRUE,FALSE,0.372549019607843,-215.07854102138,-82.6617737370853,0.925157983998446,"normal_LDG","grid_cell_balanced_resampling_OLS",34.589967,3.189685,37.779652,37,"Moscovian","Mos",315.2,307,8.2,"Coldhouse","#B2CCC7"
319.3,"Bashkirian","Northern",-0.00336696122255081,-0.00634651325114014,0.266394943241594,-0.43870977216515,0.448314693714803,25.3342815026127,0.451928392629546,0.903644968166319,0.00413777129520671,6,100,0.53,0.47,1,"occurrence5","occurrence",5,NA,"per_cell_balanced_resampling_OLS","median_resampled_slope",NA,15,6,3.189685,56.895757,53.706072,TRUE,TRUE,FALSE,984,65.6,46,9,265,TRUE,0,7,1.66666666666667,1,1.34164078649987,0,0.466666666666667,TRUE,TRUE,TRUE,TRUE,TRUE,"good","Northern","occurrence5_k1_tropical_temperate","occurrence",5,NA,1,"tropical_temperate",TRUE,TRUE,FALSE,TRUE,FALSE,1.05,-0.303026510029573,-0.180826261839522,0.887024465879953,"normal_LDG","grid_cell_balanced_resampling_OLS",53.706072,3.189685,56.895757,36,"Bashkirian","Bas",323.4,315.2,8.2,"Coldhouse","#B2CCC7"
326.85,"Serpukhovian","Northern",-1.14961054412051,-1.14017174128159,0.319312086536169,-1.64676484948712,-0.547301937961778,38.161633373051,0.405438788478964,0.0144336011797266,0.547395779413589,10,100,1,0,2,"occurrence5","occurrence",5,NA,"per_cell_balanced_resampling_OLS","median_resampled_slope",NA,17,5,3.189685,30.068394,26.878709,TRUE,TRUE,FALSE,1276,75.0588235294118,37,5,573,TRUE,0,8,1.88888888888889,2,1.36122781945955,0,0.470588235294118,TRUE,TRUE,TRUE,TRUE,TRUE,"good","Northern","occurrence5_k1_tropical_temperate","occurrence",5,NA,1,"tropical_temperate",TRUE,TRUE,FALSE,TRUE,FALSE,1.14705882352941,-103.464948970846,-30.9000472787469,1.09946291152534,"normal_LDG","grid_cell_balanced_resampling_OLS",26.878709,3.189685,30.068394,35,"Serpukhovian","Ser",330.3,323.4,6.9,"Coldhouse","#B2CCC7"
338.5,"Visean","Northern",-0.442807816222373,-0.400524632688364,0.289759852666967,-0.909723188504897,-0.0333098327391398,20.2370050570979,0.368061964487779,0.601942797768507,0.158449536248364,4,100,1,0,1,"occurrence5","occurrence",5,NA,"per_cell_balanced_resampling_OLS","median_resampled_slope",NA,10,4,3.189685,30.068394,26.878709,TRUE,TRUE,FALSE,456,45.6,23.5,7,198,TRUE,0,3,1.11111111111111,0,1.3076696830622,0,0.3,TRUE,TRUE,TRUE,TRUE,TRUE,"good","Northern","occurrence5_k1_tropical_temperate","occurrence",5,NA,1,"tropical_temperate",TRUE,TRUE,FALSE,TRUE,FALSE,0.432352941176471,-39.8527034600136,-11.9021024351666,0.876413355765757,"normal_LDG","grid_cell_balanced_resampling_OLS",26.878709,3.189685,30.068394,34,"Visean","Vis",346.7,330.3,16.4,"Coldhouse","#B2CCC7"
352.78,"Tournaisian","Northern",NA,NA,NA,NA,NA,NA,NA,NA,NA,NA,0,NA,NA,NA,"occurrence5","occurrence",5,NA,"per_cell_balanced_resampling_OLS","median_resampled_slope",NA,3,2,3.189685,9.609479,6.419794,TRUE,FALSE,FALSE,323,107.666666666667,38,29,256,FALSE,0,2,0.333333333333333,0,2.12132034355964,0,0.666666666666667,TRUE,FALSE,TRUE,FALSE,TRUE,"bad","Bad hemisphere","occurrence5_k1_tropical_temperate","occurrence",5,NA,1,"tropical_temperate",TRUE,TRUE,FALSE,TRUE,FALSE,0.768939393939394,NA,NA,NA,NA,"grid_cell_balanced_resampling_OLS",6.419794,3.189685,9.609479,33,"Tournaisian","Tou",358.86,346.7,12.16,"Coolhouse","#B3D8D0"
365.505,"Famennian","Northern",1.51929229641134,1.20087921778096,0.58887557935869,0.265533349910767,1.81939146740169,7.9471753483834,0.456891546608304,0.185384646591971,0.917571655260779,3,100,0,1,1,"occurrence5","occurrence",5,NA,"per_cell_balanced_resampling_OLS","median_resampled_slope",NA,8,3,3.189685,30.068394,26.878709,TRUE,TRUE,FALSE,309,38.625,29.5,8,99,TRUE,0,4,0.888888888888889,0,1.72866458574242,0,0.5,TRUE,TRUE,TRUE,TRUE,TRUE,"good","Northern","occurrence5_k1_tropical_temperate","occurrence",5,NA,1,"tropical_temperate",TRUE,TRUE,FALSE,TRUE,FALSE,0.65625,136.73630667702,40.8366155211821,1.55385811749092,"reverse_LDG","grid_cell_balanced_resampling_OLS",26.878709,3.189685,30.068394,32,"Famennian","Fam",372.15,358.86,13.29,"Transitional","#E4E4E4"
377.23,"Frasnian","Northern",0.223300333151858,0.327101511359037,0.224231907042696,0.166081945358365,0.721910718980264,17.8693821149714,0.602766882315343,0.739102468740183,0.0308848755753736,6,100,0,1,3,"occurrence5","occurrence",5,NA,"per_cell_balanced_resampling_OLS","median_resampled_slope",NA,7,2,9.609479,30.068394,20.458915,TRUE,TRUE,FALSE,531,75.8571428571429,39,9,246,FALSE,0,4,0.777777777777778,0,2.01017818278147,0,0.571428571428571,TRUE,TRUE,TRUE,FALSE,TRUE,"bad","Bad hemisphere","occurrence5_k1_tropical_temperate","occurrence",5,NA,1,"tropical_temperate",TRUE,TRUE,FALSE,TRUE,FALSE,0.4375,20.0970299836672,4.56848253542555,0.555828773621899,"reverse_LDG","grid_cell_balanced_resampling_OLS",20.458915,9.609479,30.068394,31,"Frasnian","Fra",382.31,372.15,10.16,"Warmhouse","#DECABC"
385.13,"Givetian","Northern",-0.0819238477167214,-0.0055747066930301,0.159150689267609,-0.213263216802792,0.221098484047788,23.6062366174299,0.694155386568394,0.876283336691556,0.0153058127801748,4,100,0.53,0.47,1,"occurrence5","occurrence",5,NA,"per_cell_balanced_resampling_OLS","median_resampled_slope",NA,7,4,3.189685,37.779652,34.589967,TRUE,TRUE,FALSE,273,39,32,9,82,TRUE,0,3,0.777777777777778,0,1.40516539806471,0,0.428571428571429,TRUE,TRUE,TRUE,TRUE,TRUE,"good","Northern","occurrence5_k1_tropical_temperate","occurrence",5,NA,1,"tropical_temperate",TRUE,TRUE,FALSE,TRUE,FALSE,0.321428571428571,-7.37314629450492,-2.83374318903442,0.43436170085058,"normal_LDG","grid_cell_balanced_resampling_OLS",34.589967,3.189685,37.779652,30,"Givetian","Giv",387.95,382.31,5.64,"Warmhouse","#DECABC"
390.71,"Eifelian","Northern",NA,NA,NA,NA,NA,NA,NA,NA,NA,NA,0,NA,NA,NA,"occurrence5","occurrence",5,NA,"per_cell_balanced_resampling_OLS","median_resampled_slope",NA,6,1,3.189685,3.189685,0,TRUE,FALSE,FALSE,177,29.5,18,8,91,FALSE,0,6,0.666666666666667,0,3,0,1,TRUE,FALSE,TRUE,FALSE,TRUE,"bad","Bad hemisphere","occurrence5_k1_tropical_temperate","occurrence",5,NA,1,"tropical_temperate",TRUE,TRUE,FALSE,TRUE,FALSE,3.51219512195122,NA,NA,NA,NA,"grid_cell_balanced_resampling_OLS",0,3.189685,3.189685,29,"Eifelian","Eif",393.47,387.95,5.52,"Transitional","#E4E4E4"
402.045,"Emsian","Northern",-0.35891312189571,-0.326506025848209,0.283503883536755,-0.792095322679986,0.20758518635904,21.4375292832182,0.442599794738629,0.466061564507804,0.187770942592658,5,100,0.8,0.2,1,"occurrence5","occurrence",5,NA,"per_cell_balanced_resampling_OLS","median_resampled_slope",NA,16,5,3.189685,46.433937,43.244252,TRUE,TRUE,FALSE,1493,93.3125,30,5,367,TRUE,0,7,1.77777777777778,1,1.3125,0,0.4375,TRUE,TRUE,TRUE,TRUE,TRUE,"good","Northern","occurrence5_k1_tropical_temperate","occurrence",5,NA,1,"tropical_temperate",TRUE,TRUE,FALSE,TRUE,FALSE,1.58577127659574,-32.3021809706139,-15.5209294893648,0.999680509039026,"normal_LDG","grid_cell_balanced_resampling_OLS",43.244252,3.189685,46.433937,28,"Emsian","Ems",410.62,393.47,17.15,"Transitional","#E4E4E4"
411.82,"Pragian","Northern",NA,NA,NA,NA,NA,NA,NA,NA,NA,NA,0,NA,NA,NA,"occurrence5","occurrence",5,NA,"per_cell_balanced_resampling_OLS","median_resampled_slope",NA,4,2,3.189685,9.609479,6.419794,TRUE,FALSE,FALSE,460,115,101,62,196,FALSE,0,3,0.444444444444444,0,2.28103594886183,0,0.75,TRUE,FALSE,TRUE,FALSE,TRUE,"bad","Bad hemisphere","occurrence5_k1_tropical_temperate","occurrence",5,NA,1,"tropical_temperate",TRUE,TRUE,FALSE,TRUE,FALSE,3.09375,NA,NA,NA,NA,"grid_cell_balanced_resampling_OLS",6.419794,3.189685,9.609479,27,"Pragian","Pra",413.02,410.62,2.4,"Hothouse","#D6B6B7"
416.32,"Lochkovian","Northern",-1.74103276742804,-1.71736754659828,0.483980870371024,-2.38479226103851,-1.08387408791219,38.1564805956407,0.733937168969679,0.0772316325707012,0.583061041295785,6,100,1,0,2,"occurrence5","occurrence",5,NA,"per_cell_balanced_resampling_OLS","median_resampled_slope",NA,8,3,3.189685,16.155405,12.96572,TRUE,FALSE,FALSE,725,90.625,66,19,265,TRUE,0,4,0.888888888888889,0,1.63458710382775,0,0.5,TRUE,FALSE,TRUE,TRUE,TRUE,"bad","Bad hemisphere","occurrence5_k1_tropical_temperate","occurrence",5,NA,1,"tropical_temperate",TRUE,TRUE,FALSE,TRUE,FALSE,0.962962962962963,-156.692949068523,-22.573743373297,1.30091817312633,"normal_LDG","grid_cell_balanced_resampling_OLS",12.96572,3.189685,16.155405,26,"Lochkovian","Loc",419.62,413.02,6.6,"Hothouse","#D6B6B7"
421.16,"Pridoli","Northern",NA,NA,NA,NA,NA,NA,NA,NA,NA,NA,0,NA,NA,NA,"occurrence5","occurrence",5,NA,"per_cell_balanced_resampling_OLS","median_resampled_slope",NA,3,2,3.189685,9.609479,6.419794,TRUE,FALSE,FALSE,194,64.6666666666667,76,25,93,FALSE,0,2,0.333333333333333,0,2.12132034355964,0,0.666666666666667,TRUE,FALSE,TRUE,FALSE,TRUE,"bad","Bad hemisphere","occurrence5_k1_tropical_temperate","occurrence",5,NA,1,"tropical_temperate",TRUE,TRUE,FALSE,TRUE,FALSE,1.15151515151515,NA,NA,NA,NA,"grid_cell_balanced_resampling_OLS",6.419794,3.189685,9.609479,25,"Pridoli","Pri",422.7,419.62,3.08,"Hothouse","#D6B6B7"
423.85,"Ludfordian","Northern",-0.458002154897458,-0.376797632298379,0.27254512828217,-0.740821949147224,0.0182909902498954,28.8854847879976,0.226839098774949,0.249148365194308,0.404012832220886,5,100,0.87,0.13,1,"occurrence5","occurrence",5,NA,"per_cell_balanced_resampling_OLS","median_resampled_slope",NA,9,5,3.189685,46.433937,43.244252,TRUE,TRUE,FALSE,369,41,35,11,89,TRUE,0,4,1,1,1.3228756555323,0,0.444444444444444,TRUE,TRUE,TRUE,TRUE,TRUE,"good","Northern","occurrence5_k1_tropical_temperate","occurrence",5,NA,1,"tropical_temperate",TRUE,TRUE,FALSE,TRUE,FALSE,1.30718954248366,-41.2201939407712,-19.8059606029287,0.759112939397119,"normal_LDG","grid_cell_balanced_resampling_OLS",43.244252,3.189685,46.433937,24,"Ludfordian","Lud",425,422.7,2.3,"Hothouse","#D6B6B7"
425.85,"Gorstian","Northern",NA,NA,NA,NA,NA,NA,NA,NA,NA,NA,NA,NA,NA,NA,"occurrence5","occurrence",5,NA,"per_cell_balanced_resampling_OLS","median_resampled_slope",NA,NA,NA,NA,NA,NA,NA,NA,NA,NA,NA,NA,NA,NA,NA,NA,NA,NA,NA,NA,NA,NA,NA,NA,NA,NA,NA,"bad","Bad hemisphere","occurrence5_k1_tropical_temperate","occurrence",5,NA,1,"tropical_temperate",TRUE,TRUE,FALSE,TRUE,FALSE,0.5,NA,NA,NA,NA,"grid_cell_balanced_resampling_OLS",NA,NA,NA,23,"Gorstian","Gor",426.7,425,1.7,"Warmhouse","#DECABC"
428.65,"Homerian","Northern",-0.0124720516242951,-0.0743438455486198,0.210621980831847,-0.469524320086879,0.22327479943619,16.2332680315493,0.341220916967835,0.698941511219399,0.0906742541647417,4,100,0.51,0.49,1,"occurrence5","occurrence",5,NA,"per_cell_balanced_resampling_OLS","median_resampled_slope",NA,11,4,3.189685,37.779652,34.589967,TRUE,TRUE,FALSE,742,67.4545454545455,38,8,253,TRUE,0,5,1.22222222222222,0,1.46233708564958,0,0.454545454545455,TRUE,TRUE,TRUE,TRUE,TRUE,"good","Northern","occurrence5_k1_tropical_temperate","occurrence",5,NA,1,"tropical_temperate",TRUE,TRUE,FALSE,TRUE,FALSE,0.604545454545454,-1.12248464618656,-0.431407854106665,0.692799119523069,"normal_LDG","grid_cell_balanced_resampling_OLS",34.589967,3.189685,37.779652,22,"Homerian","Hom",430.6,426.7,3.9,"Coolhouse","#B3D8D0"
431.75,"Sheinwoodian","Northern",NA,NA,NA,NA,NA,NA,NA,NA,NA,NA,0,NA,NA,NA,"occurrence5","occurrence",5,NA,"per_cell_balanced_resampling_OLS","median_resampled_slope",NA,3,2,3.189685,9.609479,6.419794,TRUE,FALSE,FALSE,403,134.333333333333,42,30,331,FALSE,0,2,0.333333333333333,0,2.12132034355964,0,0.666666666666667,TRUE,FALSE,TRUE,FALSE,TRUE,"bad","Bad hemisphere","occurrence5_k1_tropical_temperate","occurrence",5,NA,1,"tropical_temperate",TRUE,TRUE,FALSE,TRUE,FALSE,2,NA,NA,NA,NA,"grid_cell_balanced_resampling_OLS",6.419794,3.189685,9.609479,21,"Sheinwoodian","She",432.9,430.6,2.3,"Coolhouse","#B3D8D0"
435.75,"Telychian","Northern",-0.0599997429585679,-0.394929158720151,0.690387033886366,-2.02335540705734,0.323127942841291,16.594193737344,0.273657523789024,0.448473563062328,0.149773089554411,6,100,0.55,0.45,1,"occurrence5","occurrence",5,NA,"per_cell_balanced_resampling_OLS","median_resampled_slope",NA,15,6,3.189685,37.779652,34.589967,TRUE,TRUE,FALSE,885,59,30,5,197,TRUE,0,4,1.66666666666667,1,0.99498743710662,0,0.266666666666667,TRUE,TRUE,TRUE,TRUE,TRUE,"good","Northern","occurrence5_k1_tropical_temperate","occurrence",5,NA,1,"tropical_temperate",TRUE,TRUE,FALSE,TRUE,FALSE,0.798717948717949,-5.39997686627111,-2.07538912894535,2.34648334989863,"normal_LDG","grid_cell_balanced_resampling_OLS",34.589967,3.189685,37.779652,20,"Telychian","Tel",438.6,432.9,5.7,"Transitional","#E4E4E4"
439.55,"Aeronian","Northern",NA,NA,NA,NA,NA,NA,NA,NA,NA,NA,0,NA,NA,NA,"occurrence5","occurrence",5,NA,"per_cell_balanced_resampling_OLS","median_resampled_slope",NA,3,2,3.189685,9.609479,6.419794,TRUE,FALSE,FALSE,194,64.6666666666667,73,8,113,FALSE,0,2,0.333333333333333,0,2.12132034355964,0,0.666666666666667,TRUE,FALSE,TRUE,FALSE,TRUE,"bad","Bad hemisphere","occurrence5_k1_tropical_temperate","occurrence",5,NA,1,"tropical_temperate",TRUE,TRUE,FALSE,TRUE,FALSE,1.38888888888889,NA,NA,NA,NA,"grid_cell_balanced_resampling_OLS",6.419794,3.189685,9.609479,19,"Aeronian","Aer",440.5,438.6,1.9,"Coolhouse","#B3D8D0"
441.8,"Rhuddanian","Northern",-0.299510819266492,-0.166039671237992,0.343971016518925,-0.573152077220215,0.288757686529202,29.2621244900616,0.658798902893514,0.544187532356029,0.430813101322062,3,100,0.71,0.29,1,"occurrence5","occurrence",5,NA,"per_cell_balanced_resampling_OLS","median_resampled_slope",NA,5,3,3.189685,30.068394,26.878709,TRUE,TRUE,FALSE,212,42.4,28,20,94,TRUE,0,2,0.555555555555556,0,1.58745078663875,0,0.4,TRUE,TRUE,TRUE,TRUE,TRUE,"good","Northern","occurrence5_k1_tropical_temperate","occurrence",5,NA,1,"tropical_temperate",TRUE,TRUE,FALSE,TRUE,FALSE,0.9,-26.9559737339843,-8.05046415341563,0.861909763749417,"normal_LDG","grid_cell_balanced_resampling_OLS",26.878709,3.189685,30.068394,18,"Rhuddanian","Rhu",443.1,440.5,2.6,"Coolhouse","#B3D8D0"
444.15,"Hirnantian","Northern",-0.728242121241499,-0.801064268100711,0.283573836288177,-1.16223911362748,-0.427880340639471,24.3713206997115,1.00700226918038,0.454519281708245,0.571198112629722,3,100,1,0,1,"occurrence5","occurrence",5,NA,"per_cell_balanced_resampling_OLS","median_resampled_slope",NA,6,3,3.189685,16.155405,12.96572,TRUE,FALSE,FALSE,278,46.3333333333333,34.5,22,101,TRUE,0,4,0.666666666666667,0,1.98431348329844,0,0.666666666666667,TRUE,FALSE,TRUE,TRUE,TRUE,"bad","Bad hemisphere","occurrence5_k1_tropical_temperate","occurrence",5,NA,1,"tropical_temperate",TRUE,TRUE,FALSE,TRUE,FALSE,0.583333333333333,-65.5417909117349,-9.44218343622332,0.73435877298801,"normal_LDG","grid_cell_balanced_resampling_OLS",12.96572,3.189685,16.155405,17,"Hirnantian","Hir",445.2,443.1,2.1,"Coolhouse","#B3D8D0"
449,"Katian","Northern",-0.392166536443857,-0.384104224048211,0.354254390497884,-0.986809208293678,0.30086931072393,21.7119324064581,0.51209387011064,0.446815085720329,0.0994386995808593,8,100,0.88,0.12,2,"occurrence5","occurrence",5,NA,"per_cell_balanced_resampling_OLS","median_resampled_slope",NA,25,4,3.189685,22.92951,19.739825,TRUE,FALSE,FALSE,2212,88.48,50,8,440,TRUE,0,10,2.77777777777778,0,1.39168962056918,0,0.4,TRUE,FALSE,TRUE,TRUE,TRUE,"bad","Bad hemisphere","occurrence5_k1_tropical_temperate","occurrence",5,NA,1,"tropical_temperate",TRUE,TRUE,FALSE,TRUE,FALSE,0.72,-35.2949882799472,-7.74129880025787,1.28767851901761,"normal_LDG","grid_cell_balanced_resampling_OLS",19.739825,3.189685,22.92951,16,"Katian","Kat",452.8,445.2,7.6,"Warmhouse","#DECABC"
455.5,"Sandbian","Northern",-0.720772223788863,-0.70484689449145,0.0962384038388939,-0.858476183558961,-0.519543184090935,23.2559556876502,0.694817265384155,0.34933096060493,0.125624458880483,9,100,1,0,3,"occurrence5","occurrence",5,NA,"per_cell_balanced_resampling_OLS","median_resampled_slope",NA,13,3,3.189685,16.155405,12.96572,TRUE,FALSE,FALSE,980,75.3846153846154,45,7,244,TRUE,0,7,1.44444444444444,0,1.69972152261418,0,0.538461538461538,TRUE,FALSE,TRUE,TRUE,TRUE,"bad","Bad hemisphere","occurrence5_k1_tropical_temperate","occurrence",5,NA,1,"tropical_temperate",TRUE,TRUE,FALSE,TRUE,FALSE,0.621794871794872,-64.8695001409976,-9.34533083742373,0.338932999468026,"normal_LDG","grid_cell_balanced_resampling_OLS",12.96572,3.189685,16.155405,15,"Sandbian","Sbd",458.2,452.8,5.4,"Warmhouse","#DECABC"
463.8,"Darriwilian","Northern",-0.0699289603935365,-0.0728055525130195,0.158684315143004,-0.398536742711931,0.141030139211908,9.29925182823298,0.33209135193255,0.717209491369766,0.0501724829433541,5,100,0.62,0.38,1,"occurrence5","occurrence",5,NA,"per_cell_balanced_resampling_OLS","median_resampled_slope",NA,20,5,3.189685,30.068394,26.878709,TRUE,TRUE,FALSE,1140,57,33.5,5,427,TRUE,0,8,2.22222222222222,1,1.50561449249135,0,0.4,TRUE,TRUE,TRUE,TRUE,TRUE,"good","Northern","occurrence5_k1_tropical_temperate","occurrence",5,NA,1,"tropical_temperate",TRUE,TRUE,FALSE,TRUE,FALSE,0.406578947368421,-6.29360643541829,-1.87960017709039,0.539566881923839,"normal_LDG","grid_cell_balanced_resampling_OLS",26.878709,3.189685,30.068394,14,"Darriwilian","Dar",469.4,458.2,11.2,"Hothouse","#D6B6B7"
470.35,"Dapingian","Northern",NA,NA,NA,NA,NA,NA,NA,NA,NA,NA,0,NA,NA,NA,"occurrence5","occurrence",5,NA,"per_cell_balanced_resampling_OLS","median_resampled_slope",NA,2,2,9.609479,22.92951,13.320031,TRUE,FALSE,FALSE,112,56,56,33,79,FALSE,0,1,0.222222222222222,0,1.98431348329844,0,0.5,TRUE,FALSE,TRUE,FALSE,TRUE,"bad","Bad hemisphere","occurrence5_k1_tropical_temperate","occurrence",5,NA,1,"tropical_temperate",TRUE,TRUE,FALSE,TRUE,FALSE,0.909090909090909,NA,NA,NA,NA,"grid_cell_balanced_resampling_OLS",13.320031,9.609479,22.92951,13,"Dapingian","Dap",471.3,469.4,1.9,"Hothouse","#D6B6B7"
474.2,"Floian","Northern",-0.732592231979662,-0.73493413134161,0.116395503586894,-0.924491726591135,-0.517677642526258,31.61655413143,0.988361325025443,0.516754446566807,0.151816789075052,5,100,1,0,1,"occurrence5","occurrence",5,NA,"per_cell_balanced_resampling_OLS","median_resampled_slope",NA,19,5,3.189685,30.068394,26.878709,TRUE,TRUE,FALSE,1275,67.1052631578947,36,9,193,TRUE,0,8,2.11111111111111,1,1.48748239590132,0,0.421052631578947,TRUE,TRUE,TRUE,TRUE,TRUE,"good","Northern","occurrence5_k1_tropical_temperate","occurrence",5,NA,1,"tropical_temperate",TRUE,TRUE,FALSE,TRUE,FALSE,0.320433436532508,-65.9333008781696,-19.6911334190418,0.406814084064877,"normal_LDG","grid_cell_balanced_resampling_OLS",26.878709,3.189685,30.068394,12,"Floian","Flo",477.1,471.3,5.8,"Hothouse","#D6B6B7"
481.975,"Tremadocian","Northern",NA,NA,NA,NA,NA,NA,NA,NA,NA,NA,0,NA,NA,NA,"occurrence5","occurrence",5,NA,"per_cell_balanced_resampling_OLS","median_resampled_slope",NA,1,1,9.609479,9.609479,0,TRUE,FALSE,FALSE,38,38,38,38,38,FALSE,0,1,0.111111111111111,0,3,0,1,TRUE,FALSE,TRUE,FALSE,TRUE,"bad","Bad hemisphere","occurrence5_k1_tropical_temperate","occurrence",5,NA,1,"tropical_temperate",TRUE,TRUE,FALSE,TRUE,FALSE,0.545454545454545,NA,NA,NA,NA,"grid_cell_balanced_resampling_OLS",0,9.609479,9.609479,11,"Tremadocian","Tre",486.85,477.1,9.75,"Hothouse","#D6B6B7"
0.00585,"Holocene","Southern",0.209329401652755,0.21109050035132,0.0609426546810142,0.0975875767599488,0.30528850293783,19.6204258928587,0.417084766674068,0.64157447801394,0.0594284412487071,6,100,0,1,1,"occurrence5","occurrence",5,NA,"per_cell_balanced_resampling_OLS","median_resampled_slope",NA,11,6,9.609479,56.895757,47.286278,TRUE,TRUE,FALSE,550,50,29,6,204,TRUE,0,3,1.22222222222222,1,0.983332166035633,0,0.272727272727273,TRUE,TRUE,TRUE,TRUE,TRUE,"good","Southern","occurrence5_k1_tropical_temperate","occurrence",5,NA,1,"tropical_temperate",TRUE,TRUE,FALSE,TRUE,FALSE,0.106951871657754,18.839646148748,9.89840828012584,0.207700926177882,"reverse_LDG","grid_cell_balanced_resampling_OLS",47.286278,9.609479,56.895757,97,"Holocene","Hol",0.0117,0,0.0117,"Coldhouse","#B2CCC7"
1.29585,"Pleistocene","Southern",-0.209843459483885,-0.237117836058938,0.0805593449346534,-0.392408753536369,-0.148583098600994,18.3871600691087,0.207607952201784,0.26585654662145,0.200534482325363,8,100,1,0,1,"occurrence5","occurrence",5,NA,"per_cell_balanced_resampling_OLS","median_resampled_slope",NA,26,8,3.189685,76.366978,73.177293,TRUE,TRUE,TRUE,2552,98.1538461538462,57.5,5,377,TRUE,0,7,2.88888888888889,2,0.89003357426201,0,0.269230769230769,TRUE,TRUE,TRUE,TRUE,TRUE,"good","Southern","occurrence5_k1_tropical_temperate","occurrence",5,NA,1,"tropical_temperate",TRUE,TRUE,FALSE,TRUE,FALSE,0.281868131868132,-18.8859113535496,-15.3557763187859,0.243825654935375,"normal_LDG","grid_cell_balanced_resampling_OLS",73.177293,3.189685,76.366978,96,"Pleistocene","Ple",2.58,0.0117,2.5683,"Coldhouse","#B2CCC7"
3.09,"Piacenzian","Southern",-0.716097998592056,-0.785016989050313,0.286477883832463,-1.24732483108092,-0.303501757187176,28.6975617869492,0.365054011105651,0.189534790932105,0.48782701635824,5,100,1,0,1,"occurrence5","occurrence",5,NA,"per_cell_balanced_resampling_OLS","median_resampled_slope",NA,9,5,9.609479,46.433937,36.824458,TRUE,TRUE,FALSE,720,80,84,5,158,TRUE,0,2,1,1,1,0,0.222222222222222,TRUE,TRUE,TRUE,TRUE,TRUE,"good","Southern","occurrence5_k1_tropical_temperate","occurrence",5,NA,1,"tropical_temperate",TRUE,TRUE,FALSE,TRUE,FALSE,0.388888888888889,-64.4488198732851,-26.3699206730372,0.943823073893741,"normal_LDG","grid_cell_balanced_resampling_OLS",36.824458,9.609479,46.433937,95,"Piacenzian","Pia",3.6,2.58,1.02,"Coldhouse","#B2CCC7"
4.4665,"Zanclean","Southern",-0.658808217240268,-0.350104434826219,0.397574707162751,-0.774649579120388,0.124069677911303,45.9273514909121,0.941162303563231,0.534330112096175,0.14039916941239,5,100,0.77,0.23,1,"occurrence5","occurrence",5,NA,"per_cell_balanced_resampling_OLS","median_resampled_slope",NA,7,5,3.189685,46.433937,43.244252,TRUE,TRUE,FALSE,767,109.571428571429,80,14,268,TRUE,0,2,0.777777777777778,1,1.07142857142857,0,0.285714285714286,TRUE,TRUE,TRUE,TRUE,TRUE,"good","Southern","occurrence5_k1_tropical_temperate","occurrence",5,NA,1,"tropical_temperate",TRUE,TRUE,FALSE,TRUE,FALSE,0.313588850174216,-59.2927395516241,-28.4896685660089,0.89871925703169,"normal_LDG","grid_cell_balanced_resampling_OLS",43.244252,3.189685,46.433937,94,"Zanclean","Zan",5.333,3.6,1.733,"Coldhouse","#B2CCC7"
6.2895,"Messinian","Southern",NA,NA,NA,NA,NA,NA,NA,NA,NA,NA,0,NA,NA,NA,"occurrence5","occurrence",5,NA,"per_cell_balanced_resampling_OLS","median_resampled_slope",NA,2,2,30.068394,46.433937,16.365543,FALSE,TRUE,FALSE,13,6.5,6.5,5,8,FALSE,0,1,0.222222222222222,0,1.98431348329844,0,0.5,FALSE,TRUE,TRUE,FALSE,TRUE,"bad","Bad hemisphere","occurrence5_k1_tropical_temperate","occurrence",5,NA,1,"tropical_temperate",TRUE,TRUE,FALSE,TRUE,FALSE,0.6,NA,NA,NA,NA,"grid_cell_balanced_resampling_OLS",16.365543,30.068394,46.433937,93,"Messinian","Mes",7.246,5.333,1.913,"Coldhouse","#B2CCC7"
9.438,"Tortonian","Southern",-0.316763329989125,-0.360848595189672,0.310106980961239,-0.774844204047766,0.0840048172360904,39.2491435584357,1.14912487746806,0.797883305714642,0.0183806115430292,6,100,0.74,0.26,1,"occurrence5","occurrence",5,NA,"per_cell_balanced_resampling_OLS","median_resampled_slope",NA,9,6,3.189685,46.433937,43.244252,TRUE,TRUE,FALSE,1068,118.666666666667,26,5,423,TRUE,0,2,1,1,0.866025403784439,0,0.222222222222222,TRUE,TRUE,TRUE,TRUE,TRUE,"good","Southern","occurrence5_k1_tropical_temperate","occurrence",5,NA,1,"tropical_temperate",TRUE,TRUE,FALSE,TRUE,FALSE,0.538461538461538,-28.5086996990213,-13.6981932664089,0.858849021283856,"normal_LDG","grid_cell_balanced_resampling_OLS",43.244252,3.189685,46.433937,92,"Tortonian","Tor",11.63,7.246,4.384,"Coolhouse","#B3D8D0"
12.725,"Serravallian","Southern",-0.0163484289576017,0.0611745836946673,0.618377011453937,-0.601419226343637,1.42080544874526,5.8635407252415,0.54918595195307,0.506651045389747,0.158619110311928,5,100,0.62,0.38,1,"occurrence5","occurrence",5,NA,"per_cell_balanced_resampling_OLS","median_resampled_slope",NA,10,5,3.189685,46.433937,43.244252,TRUE,TRUE,FALSE,1201,120.1,93,14,306,TRUE,0,5,1.11111111111111,1,1.4543039572249,0,0.5,TRUE,TRUE,TRUE,TRUE,TRUE,"good","Southern","occurrence5_k1_tropical_temperate","occurrence",5,NA,1,"tropical_temperate",TRUE,TRUE,FALSE,TRUE,FALSE,0.4,-1.47135860618415,-0.706975581646624,2.02222467508889,"normal_LDG","grid_cell_balanced_resampling_OLS",43.244252,3.189685,46.433937,91,"Serravallian","Ser",13.82,11.63,2.19,"Transitional","#E4E4E4"
14.9,"Langhian","Southern",NA,NA,NA,NA,NA,NA,NA,NA,NA,NA,0,NA,NA,NA,"occurrence5","occurrence",5,NA,"per_cell_balanced_resampling_OLS","median_resampled_slope",NA,1,1,46.433937,46.433937,0,FALSE,TRUE,FALSE,22,22,22,22,22,FALSE,0,1,0.111111111111111,0,3,0,1,FALSE,TRUE,TRUE,FALSE,TRUE,"bad","Bad hemisphere","occurrence5_k1_tropical_temperate","occurrence",5,NA,1,"tropical_temperate",TRUE,TRUE,FALSE,TRUE,FALSE,0.352941176470588,NA,NA,NA,NA,"grid_cell_balanced_resampling_OLS",0,46.433937,46.433937,90,"Langhian","Lan",15.98,13.82,2.16,"Transitional","#E4E4E4"
18.215,"Burdigalian","Southern",-0.0447357729445218,-0.0611847391250297,0.189886557202539,-0.384185990913526,0.349846879527743,11.9880273384144,0.244007345082367,0.646283245946708,0.0792843614183585,5,100,0.54,0.46,1,"occurrence5","occurrence",5,NA,"per_cell_balanced_resampling_OLS","median_resampled_slope",NA,18,5,3.189685,56.895757,53.706072,TRUE,TRUE,FALSE,2185,121.388888888889,75,5,537,TRUE,0,11,2,1,1.80277563773199,0,0.611111111111111,TRUE,TRUE,TRUE,TRUE,TRUE,"good","Southern","occurrence5_k1_tropical_temperate","occurrence",5,NA,1,"tropical_temperate",TRUE,TRUE,FALSE,TRUE,FALSE,0.795865633074936,-4.02621956500697,-2.40258264273414,0.734032870441269,"normal_LDG","grid_cell_balanced_resampling_OLS",53.706072,3.189685,56.895757,89,"Burdigalian","Bur",20.45,15.98,4.47,"Transitional","#E4E4E4"
21.745,"Aquitanian","Southern",NA,NA,NA,NA,NA,NA,NA,NA,NA,NA,0,NA,NA,NA,"occurrence5","occurrence",5,NA,"per_cell_balanced_resampling_OLS","median_resampled_slope",NA,2,1,46.433937,46.433937,0,FALSE,TRUE,FALSE,209,104.5,104.5,10,199,FALSE,0,2,0.222222222222222,0,3,0,1,FALSE,TRUE,TRUE,FALSE,TRUE,"bad","Bad hemisphere","occurrence5_k1_tropical_temperate","occurrence",5,NA,1,"tropical_temperate",TRUE,TRUE,FALSE,TRUE,FALSE,0.642857142857143,NA,NA,NA,NA,"grid_cell_balanced_resampling_OLS",0,46.433937,46.433937,88,"Aquitanian","Aqu",23.04,20.45,2.59,"Coolhouse","#B3D8D0"
25.17,"Chattian","Southern",-0.0810773727733863,0.140695696765627,0.261396333253218,-0.121164981906128,0.434158562031216,6.50775365244618,0.0573375852302707,0.29293777448613,0.499936990748627,4,100,0.54,0.46,1,"occurrence5","occurrence",5,NA,"per_cell_balanced_resampling_OLS","median_resampled_slope",NA,7,4,3.189685,56.895757,53.706072,TRUE,TRUE,FALSE,490,70,7,5,330,FALSE,0,4,0.777777777777778,0,1.67362493055143,0,0.571428571428571,TRUE,TRUE,TRUE,FALSE,TRUE,"bad","Bad hemisphere","occurrence5_k1_tropical_temperate","occurrence",5,NA,1,"tropical_temperate",TRUE,TRUE,FALSE,TRUE,FALSE,0.5,-7.29696354960477,-4.35434721973832,0.555323543937344,"normal_LDG","grid_cell_balanced_resampling_OLS",53.706072,3.189685,56.895757,87,"Chattian","Cht",27.3,23.04,4.26,"Transitional","#E4E4E4"
30.6,"Rupelian","Southern",0.457596168297749,0.391102901203117,0.0724065806924402,0.313045587657245,0.457596168297749,-3.28150313842509,0.153671307221574,0.206258158094588,0.898652592364066,3,100,0,1,1,"occurrence5","occurrence",5,NA,"per_cell_balanced_resampling_OLS","median_resampled_slope",NA,4,3,16.155405,56.895757,40.740352,TRUE,TRUE,FALSE,199,49.75,49.5,37,63,FALSE,0,2,0.444444444444444,0,1.63458710382775,0,0.5,TRUE,TRUE,TRUE,FALSE,TRUE,"bad","Bad hemisphere","occurrence5_k1_tropical_temperate","occurrence",5,NA,1,"tropical_temperate",TRUE,TRUE,FALSE,TRUE,FALSE,0.228571428571429,41.1836551467974,18.6426289703016,0.144550580640505,"reverse_LDG","grid_cell_balanced_resampling_OLS",40.740352,16.155405,56.895757,86,"Rupelian","Rup",33.9,27.3,6.6,"Transitional","#E4E4E4"
35.805,"Priabonian","Southern",0.222905228840053,0.221260297673277,0.0503109895480114,0.144976997506887,0.290671953477299,3.36596982326904,0.176293588901182,0.445670778018992,0.30728088634207,4,100,0,1,1,"occurrence5","occurrence",5,NA,"per_cell_balanced_resampling_OLS","median_resampled_slope",NA,9,4,16.155405,76.366978,60.211573,TRUE,TRUE,TRUE,530,58.8888888888889,34,11,241,FALSE,0,5,1,0,1.6583123951777,0,0.555555555555556,TRUE,TRUE,TRUE,FALSE,TRUE,"bad","Bad hemisphere","occurrence5_k1_tropical_temperate","occurrence",5,NA,1,"tropical_temperate",TRUE,TRUE,FALSE,TRUE,FALSE,0.608108108108108,20.0614705956048,13.4214744583846,0.145694955970412,"reverse_LDG","grid_cell_balanced_resampling_OLS",60.211573,16.155405,76.366978,85,"Priabonian","Prb",37.71,33.9,3.81,"Warmhouse","#DECABC"
39.37,"Bartonian","Southern",-0.361910372160777,-0.321473986273314,0.0958842838973003,-0.399060561457168,-0.143529466941879,34.7263812098957,0.356759609759924,0.406764333966474,0.351928555454241,4,100,1,0,1,"occurrence5","occurrence",5,NA,"per_cell_balanced_resampling_OLS","median_resampled_slope",NA,8,4,3.189685,76.366978,73.177293,TRUE,TRUE,TRUE,871,108.875,64,6,289,FALSE,0,5,0.888888888888889,0,1.81787994653112,0,0.625,TRUE,TRUE,TRUE,FALSE,TRUE,"bad","Bad hemisphere","occurrence5_k1_tropical_temperate","occurrence",5,NA,1,"tropical_temperate",TRUE,TRUE,FALSE,TRUE,FALSE,0.5625,-32.5719334944699,-26.4836213433482,0.255531094515289,"normal_LDG","grid_cell_balanced_resampling_OLS",73.177293,3.189685,76.366978,84,"Bartonian","Brt",41.03,37.71,3.32,"Warmhouse","#DECABC"
44.55,"Lutetian","Southern",0.00485950217404967,-0.0610237533926167,0.18583038458278,-0.336154045027728,0.168561866985239,6.71816655501201,0.131031373812575,0.530618104052463,0.142767167281292,5,100,0.43,0.57,1,"occurrence5","occurrence",5,NA,"per_cell_balanced_resampling_OLS","median_resampled_slope",NA,9,5,3.189685,76.366978,73.177293,TRUE,TRUE,TRUE,961,106.777777777778,45,5,266,TRUE,0,3,1,1,1.11803398874989,0,0.333333333333333,TRUE,TRUE,TRUE,TRUE,TRUE,"good","Southern","occurrence5_k1_tropical_temperate","occurrence",5,NA,1,"tropical_temperate",TRUE,TRUE,FALSE,TRUE,FALSE,1.24285714285714,0.43735519566447,0.35560521442457,0.504715912012967,"reverse_LDG","grid_cell_balanced_resampling_OLS",73.177293,3.189685,76.366978,83,"Lutetian","Lut",48.07,41.03,7.04,"Warmhouse","#DECABC"
52.035,"Ypresian","Southern",0.205055426133389,0.215141388101585,0.0492110921854098,0.133572936821025,0.297013918989714,5.74938871908146,0.0627014168928766,0.0982280892694921,0.813192578982551,4,100,0,1,1,"occurrence5","occurrence",5,NA,"per_cell_balanced_resampling_OLS","median_resampled_slope",NA,8,4,3.189685,76.366978,73.177293,TRUE,TRUE,TRUE,425,53.125,48,11,118,FALSE,0,4,0.888888888888889,0,1.53475364472608,0,0.5,TRUE,TRUE,TRUE,FALSE,TRUE,"bad","Bad hemisphere","occurrence5_k1_tropical_temperate","occurrence",5,NA,1,"tropical_temperate",TRUE,TRUE,FALSE,TRUE,FALSE,1.74193548387097,18.454988352005,15.0054009994029,0.163440982168689,"reverse_LDG","grid_cell_balanced_resampling_OLS",73.177293,3.189685,76.366978,82,"Ypresian","Ypr",56,48.07,7.93,"Hothouse","#D6B6B7"
57.62,"Thanetian","Southern",0.137318317560289,0.137318317560288,1.18053925880284e-16,0.137318317560288,0.137318317560289,50.735101300942,0.54257003182453,0.823838030145187,0.031033039623128,4,100,0,1,2,"occurrence5","occurrence",5,NA,"per_cell_balanced_resampling_OLS","median_resampled_slope",NA,4,2,3.189685,56.895757,53.706072,TRUE,TRUE,FALSE,395,98.75,118.5,31,127,FALSE,0,2,0.444444444444444,0,1.98431348329844,0,0.5,TRUE,TRUE,TRUE,FALSE,TRUE,"bad","Bad hemisphere","occurrence5_k1_tropical_temperate","occurrence",5,NA,1,"tropical_temperate",TRUE,TRUE,FALSE,TRUE,FALSE,1.75,12.358648580426,7.37482744981172,2.77555756156289e-16,"reverse_LDG","grid_cell_balanced_resampling_OLS",53.706072,3.189685,56.895757,81,"Thanetian","Th",59.24,56,3.24,"Warmhouse","#DECABC"
60.45,"Selandian","Southern",NA,NA,NA,NA,NA,NA,NA,NA,NA,NA,NA,NA,NA,NA,"occurrence5","occurrence",5,NA,"per_cell_balanced_resampling_OLS","median_resampled_slope",NA,NA,NA,NA,NA,NA,NA,NA,NA,NA,NA,NA,NA,NA,NA,NA,NA,NA,NA,NA,NA,NA,NA,NA,NA,NA,NA,"bad","Bad hemisphere","occurrence5_k1_tropical_temperate","occurrence",5,NA,1,"tropical_temperate",TRUE,TRUE,FALSE,TRUE,FALSE,0.75,NA,NA,NA,NA,"grid_cell_balanced_resampling_OLS",NA,NA,NA,80,"Selandian","Se",61.66,59.24,2.42,"Hothouse","#D6B6B7"
63.83,"Danian","Southern",0.374039960957652,0.384983562220689,0.0112209521814603,0.374039960957652,0.396373841086299,7.20673211185735,0.230502637692576,0.179971091712382,0.396973002239142,6,100,0,1,1,"occurrence5","occurrence",5,NA,"per_cell_balanced_resampling_OLS","median_resampled_slope",NA,7,6,3.189685,76.366978,73.177293,TRUE,TRUE,TRUE,1202,171.714285714286,88,28,561,TRUE,0,2,0.777777777777778,1,0.857142857142857,0,0.285714285714286,TRUE,TRUE,TRUE,TRUE,TRUE,"good","Southern","occurrence5_k1_tropical_temperate","occurrence",5,NA,1,"tropical_temperate",TRUE,TRUE,FALSE,TRUE,FALSE,0.428571428571428,33.6635964861887,27.3712318167067,0.022333880128647,"reverse_LDG","grid_cell_balanced_resampling_OLS",73.177293,3.189685,76.366978,79,"Danian","Dan",66,61.66,4.34,"Hothouse","#D6B6B7"
69.1,"Maastrichtian","Southern",-0.0630100138541228,-0.107215823497171,0.0706979461469852,-0.204205897674558,-0.0354955435865994,20.9432510508632,0.253972260804965,0.809480967856932,0.00773785670476521,10,100,1,0,2,"occurrence5","occurrence",5,NA,"per_cell_balanced_resampling_OLS","median_resampled_slope",NA,13,5,3.189685,56.895757,53.706072,TRUE,TRUE,FALSE,1979,152.230769230769,48,6,539,TRUE,0,4,1.44444444444444,2,1.04485213132355,0,0.307692307692308,TRUE,TRUE,TRUE,TRUE,TRUE,"good","Southern","occurrence5_k1_tropical_temperate","occurrence",5,NA,1,"tropical_temperate",TRUE,TRUE,FALSE,TRUE,FALSE,0.479791395045632,-5.67090124687105,-3.38402034077051,0.168710354087959,"normal_LDG","grid_cell_balanced_resampling_OLS",53.706072,3.189685,56.895757,78,"Maastrichtian","Maa",72.2,66,6.2,"Transitional","#E4E4E4"
77.9,"Campanian","Southern",0.254691862804105,0.20636463686076,0.130125749708397,-0.011536901595294,0.401194128299973,5.54249144937982,0.27222675611845,0.407362170744925,0.140525032710553,7,100,0.04,0.96,1,"occurrence5","occurrence",5,NA,"per_cell_balanced_resampling_OLS","median_resampled_slope",NA,14,7,3.189685,56.895757,53.706072,TRUE,TRUE,FALSE,687,49.0714285714286,25.5,7,255,TRUE,0,6,1.55555555555556,1,1.16386933834288,0,0.428571428571429,TRUE,TRUE,TRUE,TRUE,TRUE,"good","Southern","occurrence5_k1_tropical_temperate","occurrence",5,NA,1,"tropical_temperate",TRUE,TRUE,FALSE,TRUE,FALSE,0.19980694980695,22.9222676523695,13.6784995215714,0.412731029895267,"reverse_LDG","grid_cell_balanced_resampling_OLS",53.706072,3.189685,56.895757,77,"Campanian","Cam",83.6,72.2,11.4,"Warmhouse","#DECABC"
84.65,"Santonian","Southern",-0.085718528008718,-0.113068330277272,0.0356935877675463,-0.164553451483322,-0.0818630931747743,18.8828398129762,0.34542241500295,0.745459154438812,0.0647910420590045,4,100,1,0,1,"occurrence5","occurrence",5,NA,"per_cell_balanced_resampling_OLS","median_resampled_slope",NA,6,4,16.155405,76.366978,60.211573,TRUE,TRUE,TRUE,615,102.5,61.5,22,342,FALSE,0,2,0.666666666666667,0,1.29903810567666,0,0.333333333333333,TRUE,TRUE,TRUE,FALSE,TRUE,"bad","Bad hemisphere","occurrence5_k1_tropical_temperate","occurrence",5,NA,1,"tropical_temperate",TRUE,TRUE,FALSE,TRUE,FALSE,0.120689655172414,-7.71466752078462,-5.16124740664947,0.0826903583085473,"normal_LDG","grid_cell_balanced_resampling_OLS",60.211573,16.155405,76.366978,76,"Santonian","San",85.7,83.6,2.1,"Hothouse","#D6B6B7"
87.75,"Coniacian","Southern",-0.105702900870552,-0.507138186095569,0.632300575580135,-1.40723572279185,0.0510555001656227,25.4369794943197,0.266362151472142,0.916602455492524,0.0170632018635357,3,100,0.82,0.18,1,"occurrence5","occurrence",5,NA,"per_cell_balanced_resampling_OLS","median_resampled_slope",NA,6,3,9.609479,76.366978,66.757499,TRUE,TRUE,TRUE,278,46.3333333333333,27,10,144,FALSE,0,3,0.666666666666667,0,1.67705098312484,0,0.5,TRUE,TRUE,TRUE,FALSE,TRUE,"bad","Bad hemisphere","occurrence5_k1_tropical_temperate","occurrence",5,NA,1,"tropical_temperate",TRUE,TRUE,FALSE,TRUE,FALSE,1.56578947368421,-9.51326107834967,-7.05646129916296,1.45829122295748,"normal_LDG","grid_cell_balanced_resampling_OLS",66.757499,9.609479,76.366978,75,"Coniacian","Con",89.8,85.7,4.1,"Hothouse","#D6B6B7"
91.85,"Turonian","Southern",-0.230394100853851,-0.252225448747716,0.0956390809753256,-0.421395258547503,-0.0978727103778271,20.258156966262,0.237079688642807,0.346943590185023,0.292166517558862,5,100,1,0,1,"occurrence5","occurrence",5,NA,"per_cell_balanced_resampling_OLS","median_resampled_slope",NA,13,5,3.189685,76.366978,73.177293,TRUE,TRUE,TRUE,1072,82.4615384615385,43,5,586,TRUE,0,4,1.44444444444444,1,1.10069907855801,0,0.307692307692308,TRUE,TRUE,TRUE,TRUE,TRUE,"good","Southern","occurrence5_k1_tropical_temperate","occurrence",5,NA,1,"tropical_temperate",TRUE,TRUE,FALSE,TRUE,FALSE,0.781318681318681,-20.7354690768466,-16.8596166236538,0.323522548169676,"normal_LDG","grid_cell_balanced_resampling_OLS",73.177293,3.189685,76.366978,74,"Turonian","Tur",93.9,89.8,4.1,"Hothouse","#D6B6B7"
97.2,"Cenomanian","Southern",0.073940364948174,0.0752386078548297,0.134829798762902,-0.170829414752227,0.294668100499303,9.39951542038754,0.224228779893105,0.504725035657697,0.0936146124837773,7,100,0.31,0.69,1,"occurrence5","occurrence",5,NA,"per_cell_balanced_resampling_OLS","median_resampled_slope",NA,20,7,3.189685,76.366978,73.177293,TRUE,TRUE,TRUE,661,33.05,19.5,5,162,TRUE,0,5,2.22222222222222,2,0.772172260574025,0,0.25,TRUE,TRUE,TRUE,TRUE,TRUE,"good","Southern","occurrence5_k1_tropical_temperate","occurrence",5,NA,1,"tropical_temperate",TRUE,TRUE,FALSE,TRUE,FALSE,0.954113924050633,6.65463284533566,5.41075575033946,0.46549751525153,"reverse_LDG","grid_cell_balanced_resampling_OLS",73.177293,3.189685,76.366978,73,"Cenomanian","Cen",100.5,93.9,6.6,"Hothouse","#D6B6B7"
106.85,"Albian","Southern",0.0394674981022496,0.0523790096220482,0.117346922030535,-0.157859787405737,0.274950240654008,17.5773556552932,0.249960351658291,0.755731311918475,0.0173698838084153,8,100,0.37,0.63,1,"occurrence5","occurrence",5,NA,"per_cell_balanced_resampling_OLS","median_resampled_slope",NA,25,8,3.189685,76.366978,73.177293,TRUE,TRUE,TRUE,1770,70.8,35,5,291,TRUE,0,6,2.77777777777778,2,0.78,0,0.24,TRUE,TRUE,TRUE,TRUE,TRUE,"good","Southern","occurrence5_k1_tropical_temperate","occurrence",5,NA,1,"tropical_temperate",TRUE,TRUE,FALSE,TRUE,FALSE,0.02,3.55207482920247,2.88812467260527,0.432810028059744,"reverse_LDG","grid_cell_balanced_resampling_OLS",73.177293,3.189685,76.366978,72,"Albian","Alb",113.2,100.5,12.7,"Warmhouse","#DECABC"
117.3,"Aptian","Southern",0.0615008303021584,0.0678633453644436,0.0579064631920312,-0.0337847269344896,0.177932576587422,9.87723753040081,0.221282220846295,0.751743431621648,0.0218583538992977,7,100,0.14,0.86,1,"occurrence5","occurrence",5,NA,"per_cell_balanced_resampling_OLS","median_resampled_slope",NA,15,7,9.609479,76.366978,66.757499,TRUE,TRUE,TRUE,688,45.8666666666667,33,5,132,TRUE,0,4,1.66666666666667,2,0.734846922834953,0,0.266666666666667,TRUE,TRUE,TRUE,TRUE,TRUE,"good","Southern","occurrence5_k1_tropical_temperate","occurrence",5,NA,1,"tropical_temperate",TRUE,TRUE,FALSE,TRUE,FALSE,0.118421052631579,5.53507472719425,4.10564161739551,0.211717303521911,"reverse_LDG","grid_cell_balanced_resampling_OLS",66.757499,9.609479,76.366978,71,"Aptian","Apt",121.4,113.2,8.2,"Hothouse","#D6B6B7"
123.585,"Barremian","Southern",0.0222129152639205,0.0296930776654255,0.0662290265937387,-0.0746336344019317,0.11886897332022,0.654783620551188,0.0642101756950347,0.20534258046678,0.631480414419196,4,100,0.18,0.82,1,"occurrence5","occurrence",5,NA,"per_cell_balanced_resampling_OLS","median_resampled_slope",NA,7,4,22.92951,46.433937,23.504427,TRUE,TRUE,FALSE,211,30.1428571428571,24,7,56,TRUE,0,3,0.777777777777778,0,1.40516539806471,0,0.428571428571429,TRUE,TRUE,TRUE,TRUE,TRUE,"good","Southern","occurrence5_k1_tropical_temperate","occurrence",5,NA,1,"tropical_temperate",TRUE,TRUE,FALSE,TRUE,FALSE,0.155172413793103,1.99916237375284,0.522101845278005,0.193502607722151,"reverse_LDG","grid_cell_balanced_resampling_OLS",23.504427,22.92951,46.433937,70,"Barremian","Bar",125.77,121.4,4.37,"Hothouse","#D6B6B7"
129.185,"Hauterivian","Southern",-0.233653905262744,-0.202127459288504,0.263566240143591,-0.571380620578669,0.123839635454988,34.7274712175665,0.541715629958264,0.718956481117206,0.0789854595060232,4,100,0.71,0.29,1,"occurrence5","occurrence",5,NA,"per_cell_balanced_resampling_OLS","median_resampled_slope",NA,6,4,30.068394,76.366978,46.298584,FALSE,TRUE,TRUE,438,73,29,5,329,TRUE,0,2,0.666666666666667,0,1.29903810567666,0,0.333333333333333,FALSE,TRUE,TRUE,TRUE,TRUE,"bad","Bad hemisphere","occurrence5_k1_tropical_temperate","occurrence",5,NA,1,"tropical_temperate",TRUE,TRUE,FALSE,TRUE,FALSE,0.12962962962963,-21.028851473647,-10.8178449597352,0.695220256033657,"normal_LDG","grid_cell_balanced_resampling_OLS",46.298584,30.068394,76.366978,69,"Hauterivian","Hau",132.6,125.77,6.83,"Warmhouse","#DECABC"
134.825,"Valanginian","Southern",0.149256446723263,0.143500358988269,0.0447426003147586,0.0798431575675994,0.205811952991919,0.985051002711489,0.0547931407740426,0.231571700004876,0.873418309122825,3,100,0,1,1,"occurrence5","occurrence",5,NA,"per_cell_balanced_resampling_OLS","median_resampled_slope",NA,7,3,3.189685,37.779652,34.589967,TRUE,TRUE,FALSE,202,28.8571428571429,30,5,61,TRUE,0,3,0.777777777777778,0,1.67362493055143,0,0.428571428571429,TRUE,TRUE,TRUE,TRUE,TRUE,"good","Southern","occurrence5_k1_tropical_temperate","occurrence",5,NA,1,"tropical_temperate",TRUE,TRUE,FALSE,TRUE,FALSE,0.466165413533835,13.4330802050937,5.16277556669493,0.125968795424319,"reverse_LDG","grid_cell_balanced_resampling_OLS",34.589967,3.189685,37.779652,68,"Valanginian","Val",137.05,132.6,4.45,"Warmhouse","#DECABC"
140.075,"Berriasian","Southern",-2.25083294554726,-2.03413867323203,0.226678791176202,-2.25083294554726,-1.79938654489053,130.375482012339,2.17198118071048,0.488651280930696,0.517822749799047,3,100,1,0,1,"occurrence5","occurrence",5,NA,"per_cell_balanced_resampling_OLS","median_resampled_slope",NA,4,3,30.068394,56.895757,26.827363,FALSE,TRUE,FALSE,100,25,21,5,53,FALSE,0,2,0.444444444444444,0,1.63458710382775,0,0.5,FALSE,TRUE,TRUE,FALSE,TRUE,"bad","Bad hemisphere","occurrence5_k1_tropical_temperate","occurrence",5,NA,1,"tropical_temperate",TRUE,TRUE,FALSE,TRUE,FALSE,0.108108108108108,-202.574965099254,-60.3839124825557,0.451446400656731,"normal_LDG","grid_cell_balanced_resampling_OLS",26.827363,30.068394,56.895757,67,"Berriasian","Ber",143.1,137.05,6.05,"Warmhouse","#DECABC"
146.15,"Tithonian","Southern",0.0511906199669899,0.0394585335875921,0.0410588898505377,-0.0371302826848155,0.0902420271088866,5.88255264379289,0.0919494575514347,0.619635848685662,0.0920888374893523,5,100,0.25,0.75,1,"occurrence5","occurrence",5,NA,"per_cell_balanced_resampling_OLS","median_resampled_slope",NA,10,5,9.609479,76.366978,66.757499,TRUE,TRUE,TRUE,736,73.6,50,15,229,TRUE,0,4,1.11111111111111,1,1.22780291578087,0,0.4,TRUE,TRUE,TRUE,TRUE,TRUE,"good","Southern","occurrence5_k1_tropical_temperate","occurrence",5,NA,1,"tropical_temperate",TRUE,TRUE,FALSE,TRUE,FALSE,0.117647058823529,4.60715579702909,3.41735776125571,0.127372309793702,"reverse_LDG","grid_cell_balanced_resampling_OLS",66.757499,9.609479,76.366978,66,"Tithonian","Tit",149.2,143.1,6.1,"Warmhouse","#DECABC"
152,"Kimmeridgian","Southern",-0.28663306521537,-0.281324305400602,0.0397674779128116,-0.330577581605323,-0.220578536951167,31.3764156741878,0.371817216513207,0.478454531661262,0.178555389862363,5,100,1,0,1,"occurrence5","occurrence",5,NA,"per_cell_balanced_resampling_OLS","median_resampled_slope",NA,13,5,3.189685,76.366978,73.177293,TRUE,TRUE,TRUE,744,57.2307692307692,32,5,330,TRUE,0,6,1.44444444444444,1,1.38941475909142,0,0.461538461538462,TRUE,TRUE,TRUE,TRUE,TRUE,"good","Southern","occurrence5_k1_tropical_temperate","occurrence",5,NA,1,"tropical_temperate",TRUE,TRUE,FALSE,TRUE,FALSE,0.692307692307692,-25.7969758693833,-20.9750317967532,0.109999044654156,"normal_LDG","grid_cell_balanced_resampling_OLS",73.177293,3.189685,76.366978,65,"Kimmeridgian","Kim",154.8,149.2,5.6,"Transitional","#E4E4E4"
158.15,"Oxfordian","Southern",-0.276330685662301,-0.278842161023775,0.108039107471968,-0.459714430664529,-0.0624480925087666,28.3560011130612,0.211979899015744,0.235893641265348,0.326824434104328,6,100,1,0,1,"occurrence5","occurrence",5,NA,"per_cell_balanced_resampling_OLS","median_resampled_slope",NA,20,6,3.189685,76.366978,73.177293,TRUE,TRUE,TRUE,1824,91.2,73,10,262,TRUE,0,5,2.22222222222222,3,0.893728146585974,0,0.25,TRUE,TRUE,TRUE,TRUE,TRUE,"good","Southern","occurrence5_k1_tropical_temperate","occurrence",5,NA,1,"tropical_temperate",TRUE,TRUE,FALSE,TRUE,FALSE,0.565243902439024,-24.8697617096071,-20.2211315496011,0.397266338155763,"normal_LDG","grid_cell_balanced_resampling_OLS",73.177293,3.189685,76.366978,64,"Oxfordian","Oxf",161.5,154.8,6.7,"Transitional","#E4E4E4"
163.4,"Callovian","Southern",-0.255829368631646,-0.245406407244103,0.156067440726541,-0.503164218101689,0.0605163201713956,36.7989560835928,0.325601471090106,0.537354060266301,0.0805524089200978,7,100,0.95,0.05,1,"occurrence5","occurrence",5,NA,"per_cell_balanced_resampling_OLS","median_resampled_slope",NA,23,7,3.189685,76.366978,73.177293,TRUE,TRUE,TRUE,4769,207.347826086957,60,9,2271,TRUE,0,7,2.55555555555556,3,0.855318068387217,0,0.304347826086957,TRUE,TRUE,TRUE,TRUE,TRUE,"good","Southern","occurrence5_k1_tropical_temperate","occurrence",5,NA,1,"tropical_temperate",TRUE,TRUE,FALSE,TRUE,FALSE,0.782608695652174,-23.0246431768481,-18.720900666363,0.563680538273085,"normal_LDG","grid_cell_balanced_resampling_OLS",73.177293,3.189685,76.366978,63,"Callovian","Cal",165.3,161.5,3.8,"Coolhouse","#B3D8D0"
166.75,"Bathonian","Southern",-0.634045040214513,-0.657621010280116,0.187533528983895,-1.06886249480833,-0.42096780014679,41.6701926847465,0.437469315792635,0.134497382230304,0.388955851802626,7,100,1,0,1,"occurrence5","occurrence",5,NA,"per_cell_balanced_resampling_OLS","median_resampled_slope",NA,13,7,3.189685,76.366978,73.177293,TRUE,TRUE,TRUE,1237,95.1538461538462,42,7,476,TRUE,0,3,1.44444444444444,1,0.782576536514454,0,0.230769230769231,TRUE,TRUE,TRUE,TRUE,TRUE,"good","Southern","occurrence5_k1_tropical_temperate","occurrence",5,NA,1,"tropical_temperate",TRUE,TRUE,FALSE,TRUE,FALSE,1.03846153846154,-57.0640536193062,-46.3976996829742,0.647894694661542,"normal_LDG","grid_cell_balanced_resampling_OLS",73.177293,3.189685,76.366978,62,"Bathonian","Bat",168.2,165.3,2.9,"Coldhouse","#B2CCC7"
169.55,"Bajocian","Southern",-0.343323596042303,-0.350624067240787,0.0456004001591964,-0.458774803493041,-0.273062127166391,28.8980749828878,0.221276192809157,0.169332685779621,0.340110224910968,7,100,1,0,1,"occurrence5","occurrence",5,NA,"per_cell_balanced_resampling_OLS","median_resampled_slope",NA,15,7,3.189685,76.366978,73.177293,TRUE,TRUE,TRUE,684,45.6,22,5,169,TRUE,0,4,1.66666666666667,1,0.848528137423857,0,0.266666666666667,TRUE,TRUE,TRUE,TRUE,TRUE,"good","Southern","occurrence5_k1_tropical_temperate","occurrence",5,NA,1,"tropical_temperate",TRUE,TRUE,FALSE,TRUE,FALSE,0.9,-30.8991236438073,-25.1234913814013,0.18571267632665,"normal_LDG","grid_cell_balanced_resampling_OLS",73.177293,3.189685,76.366978,61,"Bajocian","Baj",170.9,168.2,2.7,"Coolhouse","#B3D8D0"
172.8,"Aalenian","Southern",-0.18351856478552,-0.18351856478552,0,-0.18351856478552,-0.18351856478552,22.6119852707806,0.511588830501725,0.75413112543243,0.0604515034811236,4,100,1,0,1,"occurrence5","occurrence",5,NA,"per_cell_balanced_resampling_OLS","median_resampled_slope",NA,4,4,9.609479,76.366978,66.757499,TRUE,TRUE,TRUE,128,32,24,6,74,TRUE,0,1,0.444444444444444,0,1.18585412256314,0,0.25,TRUE,TRUE,TRUE,TRUE,TRUE,"good","Southern","occurrence5_k1_tropical_temperate","occurrence",5,NA,1,"tropical_temperate",TRUE,TRUE,FALSE,TRUE,FALSE,1,-16.5166708306968,-12.2512404051508,0,"normal_LDG","grid_cell_balanced_resampling_OLS",66.757499,9.609479,76.366978,60,"Aalenian","Aal",174.7,170.9,3.8,"Transitional","#E4E4E4"
179.45,"Toarcian","Southern",-0.444703447553997,-0.40625258275898,0.10706695634726,-0.531267017230819,-0.201080319756357,46.0526205731941,0.304925887281732,0.244868369893865,0.316813419147649,6,100,1,0,1,"occurrence5","occurrence",5,NA,"per_cell_balanced_resampling_OLS","median_resampled_slope",NA,13,6,3.189685,76.366978,73.177293,TRUE,TRUE,TRUE,849,65.3076923076923,38,14,196,TRUE,0,3,1.44444444444444,2,0.8557152100495,0,0.230769230769231,TRUE,TRUE,TRUE,TRUE,TRUE,"good","Southern","occurrence5_k1_tropical_temperate","occurrence",5,NA,1,"tropical_temperate",TRUE,TRUE,FALSE,TRUE,FALSE,0.615384615384615,-40.0233102798598,-32.542194479769,0.330186697474462,"normal_LDG","grid_cell_balanced_resampling_OLS",73.177293,3.189685,76.366978,59,"Toarcian","Toa",184.2,174.7,9.5,"Warmhouse","#DECABC"
188.55,"Pliensbachian","Southern",-0.240563958572467,-0.374438401606642,0.19644100041833,-0.611111820826077,-0.132010916596421,33.6578169717964,0.474770802262218,0.565287589044868,0.0703863291524314,7,100,1,0,1,"occurrence5","occurrence",5,NA,"per_cell_balanced_resampling_OLS","median_resampled_slope",NA,13,7,16.155405,76.366978,60.211573,TRUE,TRUE,TRUE,2132,164,45,9,1068,TRUE,0,4,1.44444444444444,1,0.8557152100495,0,0.307692307692308,TRUE,TRUE,TRUE,TRUE,TRUE,"good","Southern","occurrence5_k1_tropical_temperate","occurrence",5,NA,1,"tropical_temperate",TRUE,TRUE,FALSE,TRUE,FALSE,0.0692307692307692,-21.6507562715221,-14.4847343527551,0.479100904229656,"normal_LDG","grid_cell_balanced_resampling_OLS",60.211573,16.155405,76.366978,58,"Pliensbachian","Plb",192.9,184.2,8.7,"Transitional","#E4E4E4"
196.2,"Sinemurian","Southern",-0.125420070401973,-0.08776187507268,0.0964461346383319,-0.20569866720442,0.085479942516912,18.4551303119048,0.251815580917634,0.612420998799833,0.0957372451712785,5,100,0.69,0.31,1,"occurrence5","occurrence",5,NA,"per_cell_balanced_resampling_OLS","median_resampled_slope",NA,10,5,3.189685,76.366978,73.177293,TRUE,TRUE,TRUE,1061,106.1,22.5,5,570,TRUE,0,4,1.11111111111111,1,1.22780291578087,0,0.4,TRUE,TRUE,TRUE,TRUE,TRUE,"good","Southern","occurrence5_k1_tropical_temperate","occurrence",5,NA,1,"tropical_temperate",TRUE,TRUE,FALSE,TRUE,FALSE,0.156521739130435,-11.2878063361776,-9.17790123988584,0.291178609721332,"normal_LDG","grid_cell_balanced_resampling_OLS",73.177293,3.189685,76.366978,57,"Sinemurian","Sin",199.5,192.9,6.6,"Transitional","#E4E4E4"
200.45,"Hettangian","Southern",0.0240376294824947,0.09848767666956,0.114899573944104,-0.0645213160747934,0.243324606182963,8.78027218341264,0.176445274520234,0.843562199013695,0.0109566799991848,6,100,0.31,0.69,1,"occurrence5","occurrence",5,NA,"per_cell_balanced_resampling_OLS","median_resampled_slope",NA,11,6,3.189685,76.366978,73.177293,TRUE,TRUE,TRUE,447,40.6363636363636,35,7,169,TRUE,0,4,1.22222222222222,1,1.06503404671454,0,0.363636363636364,TRUE,TRUE,TRUE,TRUE,TRUE,"good","Southern","occurrence5_k1_tropical_temperate","occurrence",5,NA,1,"tropical_temperate",TRUE,TRUE,FALSE,TRUE,FALSE,0.229090909090909,2.16338665342452,1.75900865566595,0.307845922257757,"reverse_LDG","grid_cell_balanced_resampling_OLS",73.177293,3.189685,76.366978,56,"Hettangian","Het",201.4,199.5,1.9,"Transitional","#E4E4E4"
203.55,"Rhaetian","Southern",-0.254044212840588,-0.475690001018844,0.259469235627009,-0.782280177113834,-0.19524632373459,28.4531444835992,0.323850996160972,0.461904671903843,0.0933006878919542,8,100,1,0,1,"occurrence5","occurrence",5,NA,"per_cell_balanced_resampling_OLS","median_resampled_slope",NA,12,8,3.189685,76.366978,73.177293,TRUE,TRUE,TRUE,1016,84.6666666666667,57,6,225,TRUE,0,4,1.33333333333333,1,0.838525491562421,0,0.333333333333333,TRUE,TRUE,TRUE,TRUE,TRUE,"good","Southern","occurrence5_k1_tropical_temperate","occurrence",5,NA,1,"tropical_temperate",TRUE,TRUE,FALSE,TRUE,FALSE,0.545454545454545,-22.8639791556529,-18.5902677979901,0.587033853379244,"normal_LDG","grid_cell_balanced_resampling_OLS",73.177293,3.189685,76.366978,55,"Rhaetian","Rha",205.7,201.4,4.3,"Coolhouse","#B3D8D0"
216.5,"Norian","Southern",-0.286843827999666,-0.379186201927201,0.236168051820686,-0.894358119521548,-0.0450234071713504,32.365840401977,0.363365615944259,0.306985595724387,0.254942054614086,6,100,1,0,1,"occurrence5","occurrence",5,NA,"per_cell_balanced_resampling_OLS","median_resampled_slope",NA,12,6,3.189685,76.366978,73.177293,TRUE,TRUE,TRUE,1164,97,82,10,196,TRUE,0,3,1.33333333333333,1,0.918558653543692,0,0.25,TRUE,TRUE,TRUE,TRUE,TRUE,"good","Southern","occurrence5_k1_tropical_temperate","occurrence",5,NA,1,"tropical_temperate",TRUE,TRUE,FALSE,TRUE,FALSE,0.634615384615384,-25.81594451997,-20.9904548467732,0.849334712350198,"normal_LDG","grid_cell_balanced_resampling_OLS",73.177293,3.189685,76.366978,54,"Norian","Nor",227.3,205.7,21.6,"Transitional","#E4E4E4"
232.15,"Carnian","Southern",-0.0444771720387912,-0.0864331658930803,0.0939382207391057,-0.22895994745399,0.0224613261568105,5.77896192406791,0.0548684040719439,0.461299075171157,0.150966363246768,6,100,0.69,0.31,1,"occurrence5","occurrence",5,NA,"per_cell_balanced_resampling_OLS","median_resampled_slope",NA,11,6,3.189685,76.366978,73.177293,TRUE,TRUE,TRUE,314,28.5454545454545,20,7,66,TRUE,0,5,1.22222222222222,1,1.27920429813366,0,0.454545454545455,TRUE,TRUE,TRUE,TRUE,TRUE,"good","Southern","occurrence5_k1_tropical_temperate","occurrence",5,NA,1,"tropical_temperate",TRUE,TRUE,FALSE,TRUE,FALSE,2.04545454545455,-4.00294548349121,-3.25471905009403,0.2514212736108,"normal_LDG","grid_cell_balanced_resampling_OLS",73.177293,3.189685,76.366978,53,"Carnian","Car",237,227.3,9.7,"Transitional","#E4E4E4"
239.232,"Ladinian","Southern",NA,NA,NA,NA,NA,NA,NA,NA,NA,NA,0,NA,NA,NA,"occurrence5","occurrence",5,NA,"per_cell_balanced_resampling_OLS","median_resampled_slope",NA,3,1,76.366978,76.366978,0,FALSE,FALSE,TRUE,421,140.333333333333,30,19,372,FALSE,0,3,0.333333333333333,0,3,0,1,FALSE,FALSE,TRUE,FALSE,TRUE,"bad","Bad hemisphere","occurrence5_k1_tropical_temperate","occurrence",5,NA,1,"tropical_temperate",TRUE,TRUE,FALSE,TRUE,FALSE,0.346153846153846,NA,NA,NA,NA,"grid_cell_balanced_resampling_OLS",0,76.366978,76.366978,52,"Ladinian","Lad",241.464,237,4.464,"Coolhouse","#B3D8D0"
244.082,"Anisian","Southern",-0.0413469637752667,-0.0417263864693481,0.0429105043087304,-0.0971848712225893,0.0291755746849258,10.9850401409122,0.0544504479376453,0.504469497833284,0.245550478577598,4,100,0.82,0.18,1,"occurrence5","occurrence",5,NA,"per_cell_balanced_resampling_OLS","median_resampled_slope",NA,7,4,3.189685,76.366978,73.177293,TRUE,TRUE,TRUE,318,45.4285714285714,27,5,139,TRUE,0,3,0.777777777777778,0,1.40516539806471,0,0.428571428571429,TRUE,TRUE,TRUE,TRUE,TRUE,"good","Southern","occurrence5_k1_tropical_temperate","occurrence",5,NA,1,"tropical_temperate",TRUE,TRUE,FALSE,TRUE,FALSE,0.0347490347490347,-3.721226739774,-3.02565888284308,0.126360445907515,"normal_LDG","grid_cell_balanced_resampling_OLS",73.177293,3.189685,76.366978,51,"Anisian","Ani",246.7,241.464,5.236,"Warmhouse","#DECABC"
248.3,"Olenekian","Southern",-0.519581691140796,-0.502274997515537,0.0601833881786591,-0.59817855435569,-0.389299645275583,38.5263068591358,0.258937843902298,0.0723680484113129,0.287427190599633,12,100,1,0,2,"occurrence5","occurrence",5,NA,"per_cell_balanced_resampling_OLS","median_resampled_slope",NA,14,6,3.189685,56.895757,53.706072,TRUE,TRUE,FALSE,1410,100.714285714286,73,10,393,TRUE,0,3,1.55555555555556,2,0.794592695045964,0,0.214285714285714,TRUE,TRUE,TRUE,TRUE,TRUE,"good","Southern","occurrence5_k1_tropical_temperate","occurrence",5,NA,1,"tropical_temperate",TRUE,TRUE,FALSE,TRUE,FALSE,0.3996138996139,-46.7623522026716,-27.9046917142893,0.208878909080107,"normal_LDG","grid_cell_balanced_resampling_OLS",53.706072,3.189685,56.895757,50,"Olenekian","Ole",249.9,246.7,3.2,"Warmhouse","#DECABC"
250.901,"Induan","Southern",0.520984255222289,0.507224855186158,0.260888514972447,0.0671129542538431,0.926213640417675,7.77327360472678,0.301271526693925,0.0888991256173618,0.47044745605312,7,100,0,1,1,"occurrence5","occurrence",5,NA,"per_cell_balanced_resampling_OLS","median_resampled_slope",NA,13,7,3.189685,56.895757,53.706072,TRUE,TRUE,FALSE,626,48.1538461538462,24,8,186,TRUE,0,2,1.44444444444444,2,0.610557994861059,0,0.153846153846154,TRUE,TRUE,TRUE,TRUE,TRUE,"good","Southern","occurrence5_k1_tropical_temperate","occurrence",5,NA,1,"tropical_temperate",TRUE,TRUE,FALSE,TRUE,FALSE,0.205128205128205,46.888582970006,27.9800179218346,0.859100686163832,"reverse_LDG","grid_cell_balanced_resampling_OLS",53.706072,3.189685,56.895757,49,"Induan","Ind",251.902,249.9,2.002,"Hothouse","#D6B6B7"
253.021,"Changhsingian","Southern",0.302263405954666,0.256374103586796,0.316666071303575,-0.234614720825226,0.676370639817203,21.7030606299891,0.251173595894574,0.448601211019139,0.151440067059497,6,100,0.28,0.72,1,"occurrence5","occurrence",5,NA,"per_cell_balanced_resampling_OLS","median_resampled_slope",NA,16,6,3.189685,76.366978,73.177293,TRUE,TRUE,TRUE,2679,167.4375,79.5,5,672,TRUE,0,6,1.77777777777778,1,1.15201928694792,0,0.375,TRUE,TRUE,TRUE,TRUE,TRUE,"good","Southern","occurrence5_k1_tropical_temperate","occurrence",5,NA,1,"tropical_temperate",TRUE,TRUE,FALSE,TRUE,FALSE,0.25,27.2037065359199,22.1188178207225,0.910985360642428,"reverse_LDG","grid_cell_balanced_resampling_OLS",73.177293,3.189685,76.366978,48,"Changhsingian","Chg",254.14,251.902,2.238,"Coldhouse","#B2CCC7"
256.825,"Wuchiapingian","Southern",-0.350576159767917,-0.383557625058353,0.265699634072269,-0.85761113691648,0.0647737781023712,44.3945445497827,0.288122616866214,0.305874707173507,0.206348288991649,7,100,0.95,0.05,1,"occurrence5","occurrence",5,NA,"per_cell_balanced_resampling_OLS","median_resampled_slope",NA,30,7,3.189685,76.366978,73.177293,TRUE,TRUE,TRUE,7061,235.366666666667,54.5,5,3383,TRUE,0,7,3.33333333333333,3,0.912414379544733,0,0.233333333333333,TRUE,TRUE,TRUE,TRUE,TRUE,"good","Southern","occurrence5_k1_tropical_temperate","occurrence",5,NA,1,"tropical_temperate",TRUE,TRUE,FALSE,TRUE,FALSE,0.280434782608696,-31.5518543791125,-25.6542143621517,0.922384915018851,"normal_LDG","grid_cell_balanced_resampling_OLS",73.177293,3.189685,76.366978,47,"Wuchiapingian","Wuc",259.51,254.14,5.37,"Coolhouse","#B3D8D0"
261.895,"Capitanian","Southern",-0.0829347094116786,-0.101180383145591,0.136716725493112,-0.351137616331031,0.116915489371996,23.6998870162431,0.226936916554806,0.653553616015107,0.0304555518294606,9,100,0.7,0.3,1,"occurrence5","occurrence",5,NA,"per_cell_balanced_resampling_OLS","median_resampled_slope",NA,17,9,3.189685,76.366978,73.177293,TRUE,TRUE,TRUE,1947,114.529411764706,59,7,707,TRUE,1,4,1.88888888888889,2,0.558048998853243,0.529411764705882,0.235294117647059,TRUE,TRUE,TRUE,TRUE,TRUE,"good","Southern","occurrence5_k1_tropical_temperate","occurrence",5,NA,1,"tropical_temperate",TRUE,TRUE,FALSE,TRUE,FALSE,0.253676470588235,-7.46412384705107,-6.06893753048826,0.468053105703027,"normal_LDG","grid_cell_balanced_resampling_OLS",73.177293,3.189685,76.366978,46,"Capitanian","Cap",264.28,259.51,4.77,"Coolhouse","#B3D8D0"
265.59,"Wordian","Southern",-0.200345248948167,-0.326366186738095,0.264778934714684,-0.87313267767634,-0.0376637202978696,19.2516469703737,0.235298012802741,0.225194400016881,0.201828120757591,9,100,0.99,0.01,1,"occurrence5","occurrence",5,NA,"per_cell_balanced_resampling_OLS","median_resampled_slope",NA,29,9,3.189685,76.366978,73.177293,TRUE,TRUE,TRUE,3363,115.965517241379,84,5,595,TRUE,1,8,3.22222222222222,3,0.672413793103448,0.310344827586207,0.275862068965517,TRUE,TRUE,TRUE,TRUE,TRUE,"good","Southern","occurrence5_k1_tropical_temperate","occurrence",5,NA,1,"tropical_temperate",TRUE,TRUE,FALSE,TRUE,FALSE,0.512743628185907,-18.031072405335,-14.660722983438,0.835468957378471,"normal_LDG","grid_cell_balanced_resampling_OLS",73.177293,3.189685,76.366978,45,"Wordian","Wor",266.9,264.28,2.62,"Coolhouse","#B3D8D0"
270.65,"Roadian","Southern",-0.0610664942388484,-0.0368805742690906,0.159145448116961,-0.273167184367432,0.298555623482086,18.6185806918004,0.178869765465535,0.541322271834811,0.0652979314305011,8,100,0.66,0.34,1,"occurrence5","occurrence",5,NA,"per_cell_balanced_resampling_OLS","median_resampled_slope",NA,28,8,3.189685,76.366978,73.177293,TRUE,TRUE,TRUE,1761,62.8928571428571,33,6,406,TRUE,0,6,3.11111111111111,2,0.761393057333137,0,0.214285714285714,TRUE,TRUE,TRUE,TRUE,TRUE,"good","Southern","occurrence5_k1_tropical_temperate","occurrence",5,NA,1,"tropical_temperate",TRUE,TRUE,FALSE,TRUE,FALSE,0.578571428571429,-5.49598448149635,-4.46868074139902,0.571722807849518,"normal_LDG","grid_cell_balanced_resampling_OLS",73.177293,3.189685,76.366978,44,"Roadian","Roa",274.4,266.9,7.5,"Coldhouse","#B2CCC7"
278.85,"Kungurian","Southern",-0.0626429474984223,-0.0971949324765347,0.268120380062567,-0.718340275578788,0.24851340426682,21.7629233879246,0.23623843153947,0.536002393991028,0.0669767478811017,8,100,0.62,0.38,1,"occurrence5","occurrence",5,NA,"per_cell_balanced_resampling_OLS","median_resampled_slope",NA,36,8,3.189685,76.366978,73.177293,TRUE,TRUE,TRUE,6206,172.388888888889,44.5,6,4063,TRUE,0,13,4,3,0.951971638232989,0,0.361111111111111,TRUE,TRUE,TRUE,TRUE,TRUE,"good","Southern","occurrence5_k1_tropical_temperate","occurrence",5,NA,1,"tropical_temperate",TRUE,TRUE,FALSE,TRUE,FALSE,0.773648648648649,-5.637865274858,-4.58404132347566,0.966853679845608,"normal_LDG","grid_cell_balanced_resampling_OLS",73.177293,3.189685,76.366978,43,"Kungurian","Kun",283.3,274.4,8.9,"Coolhouse","#B3D8D0"
286.7,"Artinskian","Southern",-0.216349493663638,-0.216887528137964,0.256621981918525,-0.738946141410877,0.201936662145669,26.1599539505087,0.300671673554331,0.421739047281458,0.132743467820504,7,100,0.78,0.22,1,"occurrence5","occurrence",5,NA,"per_cell_balanced_resampling_OLS","median_resampled_slope",NA,30,7,3.189685,76.366978,73.177293,TRUE,TRUE,TRUE,3464,115.466666666667,48.5,5,899,TRUE,0,13,3.33333333333333,2,1.2369316876853,0,0.433333333333333,TRUE,TRUE,TRUE,TRUE,TRUE,"good","Southern","occurrence5_k1_tropical_temperate","occurrence",5,NA,1,"tropical_temperate",TRUE,TRUE,FALSE,TRUE,FALSE,0.744827586206896,-19.4714544297274,-15.8318702882257,0.940882803556546,"normal_LDG","grid_cell_balanced_resampling_OLS",73.177293,3.189685,76.366978,42,"Artinskian","Art",290.1,283.3,6.8,"Coolhouse","#B3D8D0"
291.81,"Sakmarian","Southern",-0.135986614046826,-0.130144790199742,0.347049948431228,-0.787371179372574,0.443157478174734,30.7169157602084,0.295086020086398,0.336028817017156,0.154165279999716,8,100,0.6,0.4,1,"occurrence5","occurrence",5,NA,"per_cell_balanced_resampling_OLS","median_resampled_slope",NA,36,8,3.189685,76.366978,73.177293,TRUE,TRUE,TRUE,3005,83.4722222222222,38,5,597,TRUE,0,12,4,4,0.892678553567856,0,0.333333333333333,TRUE,TRUE,TRUE,TRUE,TRUE,"good","Southern","occurrence5_k1_tropical_temperate","occurrence",5,NA,1,"tropical_temperate",TRUE,TRUE,FALSE,TRUE,FALSE,0.334677419354839,-12.2387952642144,-9.95113230018254,1.23052865754731,"normal_LDG","grid_cell_balanced_resampling_OLS",73.177293,3.189685,76.366978,41,"Sakmarian","Sak",293.52,290.1,3.42,"Coolhouse","#B3D8D0"
296.21,"Asselian","Southern",-0.537103342580694,-0.606215724539963,0.237620492721669,-1.0225693898276,-0.30386219177822,38.160103955735,0.437037073639142,0.241515895766741,0.219592914370922,8,100,1,0,1,"occurrence5","occurrence",5,NA,"per_cell_balanced_resampling_OLS","median_resampled_slope",NA,18,8,3.189685,56.895757,53.706072,TRUE,TRUE,FALSE,2512,139.555555555556,37,5,767,TRUE,0,5,2,1,0.901387818865997,0,0.277777777777778,TRUE,TRUE,TRUE,TRUE,TRUE,"good","Southern","occurrence5_k1_tropical_temperate","occurrence",5,NA,1,"tropical_temperate",TRUE,TRUE,FALSE,TRUE,FALSE,1.025,-48.3393008322625,-28.8457107880794,0.718707198049375,"normal_LDG","grid_cell_balanced_resampling_OLS",53.706072,3.189685,56.895757,40,"Asselian","Ass",298.9,293.52,5.38,"Coolhouse","#B3D8D0"
301.3,"Gzhelian","Southern",-1.677843913093,-1.79038955920093,0.620525718626886,-2.80204323952459,-0.809469038907765,58.6200276648478,0.481580043499276,0.0613262264862938,0.881108453082461,4,100,1,0,2,"occurrence5","occurrence",5,NA,"per_cell_balanced_resampling_OLS","median_resampled_slope",NA,10,2,3.189685,30.068394,26.878709,TRUE,TRUE,FALSE,3479,347.9,212,10,1790,FALSE,0,8,1.11111111111111,0,2.4,0,0.8,TRUE,TRUE,TRUE,FALSE,TRUE,"bad","Bad hemisphere","occurrence5_k1_tropical_temperate","occurrence",5,NA,1,"tropical_temperate",TRUE,TRUE,FALSE,TRUE,FALSE,1.73333333333333,-151.00595217837,-45.098278287448,1.99257420061682,"normal_LDG","grid_cell_balanced_resampling_OLS",26.878709,3.189685,30.068394,39,"Gzhelian","Gzh",303.7,298.9,4.8,"Coldhouse","#B2CCC7"
305.35,"Kasimovian","Southern",-2.51579958839842,-2.85383690601181,5.03250765606459,-11.6568922491106,3.8890796506523,54.8923534436829,4.84203777384468,0.594160497588685,0.0771161819231997,6,100,0.58,0.42,3,"occurrence5","occurrence",5,NA,"per_cell_balanced_resampling_OLS","median_resampled_slope",NA,10,2,3.189685,9.609479,6.419794,TRUE,FALSE,FALSE,2016,201.6,193,43,386,FALSE,0,7,1.11111111111111,0,2.17887585695009,0,0.7,TRUE,FALSE,TRUE,FALSE,TRUE,"bad","Bad hemisphere","occurrence5_k1_tropical_temperate","occurrence",5,NA,1,"tropical_temperate",TRUE,TRUE,FALSE,TRUE,FALSE,0.733333333333333,-226.421962955858,-16.1509151028026,15.5459718997629,"normal_LDG","grid_cell_balanced_resampling_OLS",6.419794,3.189685,9.609479,38,"Kasimovian","Kas",307,303.7,3.3,"Coldhouse","#B2CCC7"
311.1,"Moscovian","Southern",-0.466259946844837,-0.453671222734196,0.3268636328856,-1.16956772269905,0.0664925849984018,25.903544064542,0.305158026729636,0.320329616280119,0.243142223665629,6,100,0.87,0.13,1,"occurrence5","occurrence",5,NA,"per_cell_balanced_resampling_OLS","median_resampled_slope",NA,17,6,3.189685,46.433937,43.244252,TRUE,TRUE,FALSE,2390,140.588235294118,119,5,576,TRUE,0,7,1.88888888888889,1,1.22580388142204,0,0.411764705882353,TRUE,TRUE,TRUE,TRUE,TRUE,"good","Southern","occurrence5_k1_tropical_temperate","occurrence",5,NA,1,"tropical_temperate",TRUE,TRUE,FALSE,TRUE,FALSE,0.372549019607843,-41.9633952160353,-20.1630626388647,1.23606030769745,"normal_LDG","grid_cell_balanced_resampling_OLS",43.244252,3.189685,46.433937,37,"Moscovian","Mos",315.2,307,8.2,"Coldhouse","#B2CCC7"
319.3,"Bashkirian","Southern",-0.349294522046225,-0.318269391800807,0.29896743029507,-0.81143158948391,0.232986302162955,40.6395729562478,0.477145766749752,0.526022545114199,0.107452430329074,6,100,0.83,0.17,1,"occurrence5","occurrence",5,NA,"per_cell_balanced_resampling_OLS","median_resampled_slope",NA,18,6,3.189685,56.895757,53.706072,TRUE,TRUE,FALSE,1480,82.2222222222222,52.5,8,440,TRUE,0,5,2,1,1,0,0.277777777777778,TRUE,TRUE,TRUE,TRUE,TRUE,"good","Southern","occurrence5_k1_tropical_temperate","occurrence",5,NA,1,"tropical_temperate",TRUE,TRUE,FALSE,TRUE,FALSE,1.05,-31.4365069841603,-18.7592367502202,1.04441789164687,"normal_LDG","grid_cell_balanced_resampling_OLS",53.706072,3.189685,56.895757,36,"Bashkirian","Bas",323.4,315.2,8.2,"Coldhouse","#B2CCC7"
326.85,"Serpukhovian","Southern",-0.945029437474868,-1.01122396625294,0.575844522474484,-1.90380051907145,0.0890063002380414,44.6545211292039,0.531686090011699,0.138092309149369,0.383541367308438,7,100,0.95,0.05,1,"occurrence5","occurrence",5,NA,"per_cell_balanced_resampling_OLS","median_resampled_slope",NA,21,7,3.189685,46.433937,43.244252,TRUE,TRUE,FALSE,2382,113.428571428571,59,5,468,TRUE,0,7,2.33333333333333,1,1.09264703862703,0,0.333333333333333,TRUE,TRUE,TRUE,TRUE,TRUE,"good","Southern","occurrence5_k1_tropical_temperate","occurrence",5,NA,1,"tropical_temperate",TRUE,TRUE,FALSE,TRUE,FALSE,1.14705882352941,-85.0526493727381,-40.8670911415815,1.99280681930949,"normal_LDG","grid_cell_balanced_resampling_OLS",43.244252,3.189685,46.433937,35,"Serpukhovian","Ser",330.3,323.4,6.9,"Coldhouse","#B2CCC7"
338.5,"Visean","Southern",-0.193942944695726,-0.229267792186325,0.556425375353546,-1.55896734110404,0.591582199140934,28.1319711320911,0.60130787187156,0.553050539006642,0.0747463606124726,7,100,0.6,0.4,1,"occurrence5","occurrence",5,NA,"per_cell_balanced_resampling_OLS","median_resampled_slope",NA,34,7,3.189685,46.433937,43.244252,TRUE,TRUE,FALSE,8670,255,63,5,1603,TRUE,0,14,3.77777777777778,2,1.18954136141583,0,0.411764705882353,TRUE,TRUE,TRUE,TRUE,TRUE,"good","Southern","occurrence5_k1_tropical_temperate","occurrence",5,NA,1,"tropical_temperate",TRUE,TRUE,FALSE,TRUE,FALSE,0.432352941176471,-17.4548650226153,-8.38691757404403,2.15054954024497,"normal_LDG","grid_cell_balanced_resampling_OLS",43.244252,3.189685,46.433937,34,"Visean","Vis",346.7,330.3,16.4,"Coldhouse","#B2CCC7"
352.78,"Tournaisian","Southern",-0.048887911298911,-0.113642243509795,0.318001233731092,-0.89661200342139,0.373001226935587,17.2665558793639,0.414176964068793,0.623458683653534,0.0518319028581625,7,100,0.63,0.37,1,"occurrence5","occurrence",5,NA,"per_cell_balanced_resampling_OLS","median_resampled_slope",NA,44,7,3.189685,46.433937,43.244252,TRUE,TRUE,FALSE,4194,95.3181818181818,49.5,5,384,TRUE,0,13,4.88888888888889,5,0.928625350355198,0,0.295454545454545,TRUE,TRUE,TRUE,TRUE,TRUE,"good","Southern","occurrence5_k1_tropical_temperate","occurrence",5,NA,1,"tropical_temperate",TRUE,TRUE,FALSE,TRUE,FALSE,0.768939393939394,-4.39991201690199,-2.11412115596376,1.26961323035698,"normal_LDG","grid_cell_balanced_resampling_OLS",43.244252,3.189685,46.433937,33,"Tournaisian","Tou",358.86,346.7,12.16,"Coolhouse","#B3D8D0"
365.505,"Famennian","Southern",-0.539040368562084,-0.438387034468651,0.269001594811374,-0.78467930557988,0.0616202688812003,36.4694093627194,0.493706567819725,0.27880434666018,0.0728309027174873,18,100,0.95,0.05,3,"occurrence5","occurrence",5,NA,"per_cell_balanced_resampling_OLS","median_resampled_slope",NA,32,6,3.189685,37.779652,34.589967,TRUE,TRUE,FALSE,3795,118.59375,50,8,474,TRUE,0,9,3.55555555555556,3,0.944505078731713,0,0.28125,TRUE,TRUE,TRUE,TRUE,TRUE,"good","Southern","occurrence5_k1_tropical_temperate","occurrence",5,NA,1,"tropical_temperate",TRUE,TRUE,FALSE,TRUE,FALSE,0.65625,-48.5136331705876,-18.6453885602303,0.84629957446108,"normal_LDG","grid_cell_balanced_resampling_OLS",34.589967,3.189685,37.779652,32,"Famennian","Fam",372.15,358.86,13.29,"Transitional","#E4E4E4"
377.23,"Frasnian","Southern",-0.161442048912993,-0.175301228235206,0.173794306686863,-0.52330778155865,0.115601893701902,30.835171656724,0.421915338928927,0.72114003013463,0.011013138366907,14,100,0.82,0.18,2,"occurrence5","occurrence",5,NA,"per_cell_balanced_resampling_OLS","median_resampled_slope",NA,48,7,3.189685,46.433937,43.244252,TRUE,TRUE,FALSE,5541,115.4375,49,6,1244,TRUE,0,10,5.33333333333333,6,0.707796978306633,0,0.208333333333333,TRUE,TRUE,TRUE,TRUE,TRUE,"good","Southern","occurrence5_k1_tropical_temperate","occurrence",5,NA,1,"tropical_temperate",TRUE,TRUE,FALSE,TRUE,FALSE,0.4375,-14.5297844021694,-6.98144064658981,0.638909675260552,"normal_LDG","grid_cell_balanced_resampling_OLS",43.244252,3.189685,46.433937,31,"Frasnian","Fra",382.31,372.15,10.16,"Warmhouse","#DECABC"
385.13,"Givetian","Southern",-0.246332045261808,-0.259995801439756,0.138325710049107,-0.543410381827211,-0.0427050781889573,25.3867502968046,0.247232002642595,0.35860356901845,0.12131812521398,9,100,0.99,0.01,1,"occurrence5","occurrence",5,NA,"per_cell_balanced_resampling_OLS","median_resampled_slope",NA,56,9,3.189685,76.366978,73.177293,TRUE,TRUE,TRUE,16407,292.982142857143,66.5,5,7237,TRUE,1,13,6.22222222222222,6,0.782307957134477,0.160714285714286,0.232142857142857,TRUE,TRUE,TRUE,TRUE,TRUE,"good","Southern","occurrence5_k1_tropical_temperate","occurrence",5,NA,1,"tropical_temperate",TRUE,TRUE,FALSE,TRUE,FALSE,0.321428571428571,-22.1698840735627,-18.0259122514126,0.500705303638254,"normal_LDG","grid_cell_balanced_resampling_OLS",73.177293,3.189685,76.366978,30,"Givetian","Giv",387.95,382.31,5.64,"Warmhouse","#DECABC"
390.71,"Eifelian","Southern",-0.15239765100187,-0.149996058264672,0.109730696877673,-0.37029039904322,0.0408809723301636,26.1010478462757,0.286952681517193,0.60512369747845,0.0195935187694818,16,100,0.91,0.09,2,"occurrence5","occurrence",5,NA,"per_cell_balanced_resampling_OLS","median_resampled_slope",NA,41,8,3.189685,76.366978,73.177293,TRUE,TRUE,TRUE,4223,103,53,5,644,TRUE,0,12,4.55555555555556,4,0.712241060997504,0,0.292682926829268,TRUE,TRUE,TRUE,TRUE,TRUE,"good","Southern","occurrence5_k1_tropical_temperate","occurrence",5,NA,1,"tropical_temperate",TRUE,TRUE,FALSE,TRUE,FALSE,3.51219512195122,-13.7157885901683,-11.1520475598756,0.411171371373384,"normal_LDG","grid_cell_balanced_resampling_OLS",73.177293,3.189685,76.366978,29,"Eifelian","Eif",393.47,387.95,5.52,"Transitional","#E4E4E4"
402.045,"Emsian","Southern",-0.108218332388219,-0.0761582048936071,0.208964090954919,-0.400516832498763,0.397124434484745,27.0642078602705,0.403489167812374,0.659071222067868,0.0294128951476581,9,100,0.73,0.27,1,"occurrence5","occurrence",5,NA,"per_cell_balanced_resampling_OLS","median_resampled_slope",NA,47,9,3.189685,76.366978,73.177293,TRUE,TRUE,TRUE,4918,104.63829787234,60,5,752,TRUE,1,8,5.22222222222222,6,0.456951736062011,0.191489361702128,0.170212765957447,TRUE,TRUE,TRUE,TRUE,TRUE,"good","Southern","occurrence5_k1_tropical_temperate","occurrence",5,NA,1,"tropical_temperate",TRUE,TRUE,FALSE,TRUE,FALSE,1.58577127659574,-9.73964991493972,-7.9191246171441,0.797641266983508,"normal_LDG","grid_cell_balanced_resampling_OLS",73.177293,3.189685,76.366978,28,"Emsian","Ems",410.62,393.47,17.15,"Transitional","#E4E4E4"
411.82,"Pragian","Southern",0.00205493101379561,0.0123774912657209,0.159725148819715,-0.264177952612702,0.267462787508533,13.8264451474069,0.494701990447642,0.64234447366733,0.032538221613287,9,100,0.48,0.52,1,"occurrence5","occurrence",5,NA,"per_cell_balanced_resampling_OLS","median_resampled_slope",NA,16,9,3.189685,76.366978,73.177293,TRUE,TRUE,TRUE,2204,137.75,77.5,5,651,TRUE,1,3,1.77777777777778,2,0.46875,0.5625,0.1875,TRUE,TRUE,TRUE,TRUE,TRUE,"good","Southern","occurrence5_k1_tropical_temperate","occurrence",5,NA,1,"tropical_temperate",TRUE,TRUE,FALSE,TRUE,FALSE,3.09375,0.184943791241605,0.150374288891308,0.531640740121235,"reverse_LDG","grid_cell_balanced_resampling_OLS",73.177293,3.189685,76.366978,27,"Pragian","Pra",413.02,410.62,2.4,"Hothouse","#D6B6B7"
416.32,"Lochkovian","Southern",-0.556155816458684,-0.590412126373581,0.251306729340131,-1.15129258008173,-0.181538397341322,52.041824404259,0.51029193682736,0.309834455728374,0.17014871617703,8,100,1,0,1,"occurrence5","occurrence",5,NA,"per_cell_balanced_resampling_OLS","median_resampled_slope",NA,27,8,3.189685,76.366978,73.177293,TRUE,TRUE,TRUE,3649,135.148148148148,65,5,477,TRUE,0,7,3,3,0.666666666666667,0,0.259259259259259,TRUE,TRUE,TRUE,TRUE,TRUE,"good","Southern","occurrence5_k1_tropical_temperate","occurrence",5,NA,1,"tropical_temperate",TRUE,TRUE,FALSE,TRUE,FALSE,0.962962962962963,-50.0540234812816,-40.6979771346514,0.969754182740412,"normal_LDG","grid_cell_balanced_resampling_OLS",73.177293,3.189685,76.366978,26,"Lochkovian","Loc",419.62,413.02,6.6,"Hothouse","#D6B6B7"
421.16,"Pridoli","Southern",0.172098328401646,0.156473608063336,0.173318738745401,-0.141302808584072,0.431733237659603,15.2798712535063,0.519545947094568,0.656046925682159,0.0352731774120659,8,100,0.22,0.78,1,"occurrence5","occurrence",5,NA,"per_cell_balanced_resampling_OLS","median_resampled_slope",NA,22,8,3.189685,76.366978,73.177293,TRUE,TRUE,TRUE,1436,65.2727272727273,33.5,5,216,TRUE,0,4,2.44444444444444,2,0.582545709908013,0,0.181818181818182,TRUE,TRUE,TRUE,TRUE,TRUE,"good","Southern","occurrence5_k1_tropical_temperate","occurrence",5,NA,1,"tropical_temperate",TRUE,TRUE,FALSE,TRUE,FALSE,1.15151515151515,15.4888495561481,12.5936898022574,0.573036046243676,"reverse_LDG","grid_cell_balanced_resampling_OLS",73.177293,3.189685,76.366978,25,"Pridoli","Pri",422.7,419.62,3.08,"Hothouse","#D6B6B7"
423.85,"Ludfordian","Southern",-0.205830377436563,-0.310680033009008,0.513924943256015,-1.30474882635574,0.507635105697048,41.0337431228377,0.506233104974075,0.436857353554514,0.124863013316955,7,100,0.7,0.3,1,"occurrence5","occurrence",5,NA,"per_cell_balanced_resampling_OLS","median_resampled_slope",NA,17,7,3.189685,56.895757,53.706072,TRUE,TRUE,FALSE,2283,134.294117647059,41,5,874,TRUE,0,5,1.88888888888889,2,0.895490432214019,0,0.294117647058824,TRUE,TRUE,TRUE,TRUE,TRUE,"good","Southern","occurrence5_k1_tropical_temperate","occurrence",5,NA,1,"tropical_temperate",TRUE,TRUE,FALSE,TRUE,FALSE,1.30718954248366,-18.5247339692907,-11.0543410703952,1.81238393205279,"normal_LDG","grid_cell_balanced_resampling_OLS",53.706072,3.189685,56.895757,24,"Ludfordian","Lud",425,422.7,2.3,"Hothouse","#D6B6B7"
425.85,"Gorstian","Southern",0.448218098880677,0.448218098880677,0,0.448218098880677,0.448218098880677,12.6165319825444,0.855005279798852,0.636386277851046,0.0839178505111815,5,100,0,1,1,"occurrence5","occurrence",5,NA,"per_cell_balanced_resampling_OLS","median_resampled_slope",NA,5,5,3.189685,76.366978,73.177293,TRUE,TRUE,TRUE,881,176.2,81,11,404,FALSE,0,1,0.555555555555556,1,0.948683298050514,0,0.2,TRUE,TRUE,TRUE,FALSE,TRUE,"bad","Bad hemisphere","occurrence5_k1_tropical_temperate","occurrence",5,NA,1,"tropical_temperate",TRUE,TRUE,FALSE,TRUE,FALSE,0.5,40.3396288992609,32.7993871496943,0,"reverse_LDG","grid_cell_balanced_resampling_OLS",73.177293,3.189685,76.366978,23,"Gorstian","Gor",426.7,425,1.7,"Warmhouse","#DECABC"
428.65,"Homerian","Southern",0.494964838299981,0.452373293999865,0.211465770471461,-0.0363092546861001,0.762079696173635,14.2741590380939,0.493034315835196,0.338591485764119,0.227683065182668,6,100,0.05,0.95,1,"occurrence5","occurrence",5,NA,"per_cell_balanced_resampling_OLS","median_resampled_slope",NA,20,6,3.189685,56.895757,53.706072,TRUE,TRUE,FALSE,3980,199,109,12,957,TRUE,0,8,2.22222222222222,2,1.1643131022195,0,0.4,TRUE,TRUE,TRUE,TRUE,TRUE,"good","Southern","occurrence5_k1_tropical_temperate","occurrence",5,NA,1,"tropical_temperate",TRUE,TRUE,FALSE,TRUE,FALSE,0.604545454545454,44.5468354469983,26.5826172432071,0.798388950859735,"reverse_LDG","grid_cell_balanced_resampling_OLS",53.706072,3.189685,56.895757,22,"Homerian","Hom",430.6,426.7,3.9,"Coolhouse","#B3D8D0"
431.75,"Sheinwoodian","Southern",-0.172465512766124,-0.131816420865702,0.388085847613141,-0.769297954900582,0.495856742015442,33.7251012301592,0.521560394866748,0.510579272967458,0.156451594735502,5,100,0.7,0.3,1,"occurrence5","occurrence",5,NA,"per_cell_balanced_resampling_OLS","median_resampled_slope",NA,9,5,9.609479,56.895757,47.286278,TRUE,TRUE,FALSE,1905,211.666666666667,128,26,823,TRUE,0,3,1,1,1.11803398874989,0,0.333333333333333,TRUE,TRUE,TRUE,TRUE,TRUE,"good","Southern","occurrence5_k1_tropical_temperate","occurrence",5,NA,1,"tropical_temperate",TRUE,TRUE,FALSE,TRUE,FALSE,2,-15.5218961489511,-8.15525218207147,1.26515469691602,"normal_LDG","grid_cell_balanced_resampling_OLS",47.286278,9.609479,56.895757,21,"Sheinwoodian","She",432.9,430.6,2.3,"Coolhouse","#B3D8D0"
435.75,"Telychian","Southern",0.140589124479196,0.187109831794539,0.215181351716935,-0.15871573750943,0.629825560909236,10.5391970457143,0.541244993620642,0.712001411518992,0.0296483375038487,7,100,0.15,0.85,1,"occurrence5","occurrence",5,NA,"per_cell_balanced_resampling_OLS","median_resampled_slope",NA,26,7,3.189685,46.433937,43.244252,TRUE,TRUE,FALSE,4194,161.307692307692,69.5,8,684,TRUE,0,13,2.88888888888889,1,1.41080991468894,0,0.5,TRUE,TRUE,TRUE,TRUE,TRUE,"good","Southern","occurrence5_k1_tropical_temperate","occurrence",5,NA,1,"tropical_temperate",TRUE,TRUE,FALSE,TRUE,FALSE,0.798717948717949,12.6530212031277,6.07967152743774,0.788541298418666,"reverse_LDG","grid_cell_balanced_resampling_OLS",43.244252,3.189685,46.433937,20,"Telychian","Tel",438.6,432.9,5.7,"Transitional","#E4E4E4"
439.55,"Aeronian","Southern",1.14710423948747,1.12953622069937,0.0509137881509543,1.04716235139493,1.1967486036249,4.55060516572458,0.170766740919268,0.0216760031887313,0.957236272669903,4,100,0,1,1,"occurrence5","occurrence",5,NA,"per_cell_balanced_resampling_OLS","median_resampled_slope",NA,9,4,3.189685,56.895757,53.706072,TRUE,TRUE,FALSE,1123,124.777777777778,88,25,315,TRUE,0,6,1,0,1.93649167310371,0,0.666666666666667,TRUE,TRUE,TRUE,TRUE,TRUE,"good","Southern","occurrence5_k1_tropical_temperate","occurrence",5,NA,1,"tropical_temperate",TRUE,TRUE,FALSE,TRUE,FALSE,1.38888888888889,103.239381553873,61.6064628774194,0.149586252229962,"reverse_LDG","grid_cell_balanced_resampling_OLS",53.706072,3.189685,56.895757,19,"Aeronian","Aer",440.5,438.6,1.9,"Coolhouse","#B3D8D0"
441.8,"Rhuddanian","Southern",0.352431532917324,0.52942202655098,0.382332054618323,0.128850394582006,1.26955078465903,28.5956481265424,1.1976796374403,0.76999312333582,0.0329970764062732,5,100,0,1,1,"occurrence5","occurrence",5,NA,"per_cell_balanced_resampling_OLS","median_resampled_slope",NA,20,5,3.189685,37.779652,34.589967,TRUE,TRUE,FALSE,2554,127.7,40,6,704,TRUE,0,10,2.22222222222222,1,1.50561449249135,0,0.5,TRUE,TRUE,TRUE,TRUE,TRUE,"good","Southern","occurrence5_k1_tropical_temperate","occurrence",5,NA,1,"tropical_temperate",TRUE,TRUE,FALSE,TRUE,FALSE,0.9,31.7188379625592,12.1905950933697,1.14070039007702,"reverse_LDG","grid_cell_balanced_resampling_OLS",34.589967,3.189685,37.779652,18,"Rhuddanian","Rhu",443.1,440.5,2.6,"Coolhouse","#B3D8D0"
444.15,"Hirnantian","Southern",0.954599949044009,0.966332185225713,0.167067992155595,0.663212769020856,1.28001254376006,6.19188245166804,0.481783462885161,0.108731505704446,0.514233789415216,6,100,0,1,1,"occurrence5","occurrence",5,NA,"per_cell_balanced_resampling_OLS","median_resampled_slope",NA,22,6,9.609479,56.895757,47.286278,TRUE,TRUE,FALSE,1651,75.0454545454545,49.5,5,243,TRUE,0,9,2.44444444444444,2,1.21202651145213,0,0.409090909090909,TRUE,TRUE,TRUE,TRUE,TRUE,"good","Southern","occurrence5_k1_tropical_temperate","occurrence",5,NA,1,"tropical_temperate",TRUE,TRUE,FALSE,TRUE,FALSE,0.583333333333333,85.9139954139608,45.1394785692809,0.6167997747392,"reverse_LDG","grid_cell_balanced_resampling_OLS",47.286278,9.609479,56.895757,17,"Hirnantian","Hir",445.2,443.1,2.1,"Coolhouse","#B3D8D0"
449,"Katian","Southern",0.157580226246256,0.149805883617608,0.113515600321757,-0.0696167307476612,0.350211936168022,16.381280861379,0.199014071601479,0.4317029324529,0.0390824158826632,18,100,0.12,0.88,2,"occurrence5","occurrence",5,NA,"per_cell_balanced_resampling_OLS","median_resampled_slope",NA,75,9,3.189685,76.366978,73.177293,TRUE,TRUE,TRUE,18250,243.333333333333,77,5,5663,TRUE,2,20,8.33333333333333,6,0.707389567353096,0.24,0.266666666666667,TRUE,TRUE,TRUE,TRUE,TRUE,"good","Southern","occurrence5_k1_tropical_temperate","occurrence",5,NA,1,"tropical_temperate",TRUE,TRUE,FALSE,TRUE,FALSE,0.72,14.1822203621631,11.5312943870286,0.419828666915684,"reverse_LDG","grid_cell_balanced_resampling_OLS",73.177293,3.189685,76.366978,16,"Katian","Kat",452.8,445.2,7.6,"Warmhouse","#DECABC"
455.5,"Sandbian","Southern",-0.140452388970196,-0.141213649860033,0.102916887912737,-0.324640641582627,0.0624677380234015,32.1642010218277,0.289678369264593,0.627751429178805,0.0150471321128868,18,100,0.89,0.11,2,"occurrence5","occurrence",5,NA,"per_cell_balanced_resampling_OLS","median_resampled_slope",NA,54,9,3.189685,76.366978,73.177293,TRUE,TRUE,TRUE,15188,281.259259259259,130.5,7,1698,TRUE,2,16,6,4,0.790569415042095,0.333333333333333,0.296296296296296,TRUE,TRUE,TRUE,TRUE,TRUE,"good","Southern","occurrence5_k1_tropical_temperate","occurrence",5,NA,1,"tropical_temperate",TRUE,TRUE,FALSE,TRUE,FALSE,0.621794871794872,-12.6407150073176,-10.277925620222,0.387108379606028,"normal_LDG","grid_cell_balanced_resampling_OLS",73.177293,3.189685,76.366978,15,"Sandbian","Sbd",458.2,452.8,5.4,"Warmhouse","#DECABC"
463.8,"Darriwilian","Southern",0.0869596193921986,0.13288226951223,0.224741844905687,-0.190404953553362,0.646790082106723,15.3140030689936,0.246493647733354,0.585795798766465,0.0445553232610799,9,100,0.32,0.68,1,"occurrence5","occurrence",5,NA,"per_cell_balanced_resampling_OLS","median_resampled_slope",NA,57,9,3.189685,76.366978,73.177293,TRUE,TRUE,TRUE,8927,156.614035087719,72,5,1695,TRUE,1,11,6.33333333333333,5,0.517692515076474,0.157894736842105,0.192982456140351,TRUE,TRUE,TRUE,TRUE,TRUE,"good","Southern","occurrence5_k1_tropical_temperate","occurrence",5,NA,1,"tropical_temperate",TRUE,TRUE,FALSE,TRUE,FALSE,0.406578947368421,7.82636574529787,6.3634695474314,0.837195035660085,"reverse_LDG","grid_cell_balanced_resampling_OLS",73.177293,3.189685,76.366978,14,"Darriwilian","Dar",469.4,458.2,11.2,"Hothouse","#D6B6B7"
470.35,"Dapingian","Southern",-1.17374437810451,-1.17465374673362,0.590081975894685,-2.36067918628878,0.0463635110793243,66.3919735802639,1.51804983782084,0.525405494272949,0.225239944866303,4,100,0.96,0.04,1,"occurrence5","occurrence",5,NA,"per_cell_balanced_resampling_OLS","median_resampled_slope",NA,11,4,3.189685,37.779652,34.589967,TRUE,TRUE,FALSE,1436,130.545454545455,38,10,770,TRUE,0,4,1.22222222222222,0,1.40394956468005,0,0.363636363636364,TRUE,TRUE,TRUE,TRUE,TRUE,"good","Southern","occurrence5_k1_tropical_temperate","occurrence",5,NA,1,"tropical_temperate",TRUE,TRUE,FALSE,TRUE,FALSE,0.909090909090909,-105.636994029406,-40.5997793050706,2.40704269736811,"normal_LDG","grid_cell_balanced_resampling_OLS",34.589967,3.189685,37.779652,13,"Dapingian","Dap",471.3,469.4,1.9,"Hothouse","#D6B6B7"
474.2,"Floian","Southern",0.4526376918994,0.515257990442122,0.192593300011436,0.24549270243149,0.853654970854356,5.2959049350495,0.234213109027804,0.0474919197593708,0.22361697170839,18,100,0,1,2,"occurrence5","occurrence",5,NA,"per_cell_balanced_resampling_OLS","median_resampled_slope",NA,34,9,3.189685,76.366978,73.177293,TRUE,TRUE,TRUE,2221,65.3235294117647,44.5,6,268,TRUE,2,7,3.77777777777778,3,0.491273326132061,0.529411764705882,0.205882352941176,TRUE,TRUE,TRUE,TRUE,TRUE,"good","Southern","occurrence5_k1_tropical_temperate","occurrence",5,NA,1,"tropical_temperate",TRUE,TRUE,FALSE,TRUE,FALSE,0.320433436532508,40.737392270946,33.1228010029661,0.608162268422866,"reverse_LDG","grid_cell_balanced_resampling_OLS",73.177293,3.189685,76.366978,12,"Floian","Flo",477.1,471.3,5.8,"Hothouse","#D6B6B7"
481.975,"Tremadocian","Southern",0.519698193020022,0.523189867602464,0.116730645790004,0.302491353247163,0.693213744690102,18.3954280960174,0.421888320846489,0.276611821603258,0.1926598248631,8,100,0,1,1,"occurrence5","occurrence",5,NA,"per_cell_balanced_resampling_OLS","median_resampled_slope",NA,22,8,3.189685,76.366978,73.177293,TRUE,TRUE,TRUE,1418,64.4545454545455,47.5,5,211,TRUE,0,6,2.44444444444444,2,0.795129803842541,0,0.272727272727273,TRUE,TRUE,TRUE,TRUE,TRUE,"good","Southern","occurrence5_k1_tropical_temperate","occurrence",5,NA,1,"tropical_temperate",TRUE,TRUE,FALSE,TRUE,FALSE,0.545454545454545,46.772837371802,38.0301069421967,0.390722391442938,"reverse_LDG","grid_cell_balanced_resampling_OLS",73.177293,3.189685,76.366978,11,"Tremadocian","Tre",486.85,477.1,9.75,"Hothouse","#D6B6B7"
