"hemisphere","good_count","bad_count","total","greater_than_0","less_than_0","equal_to_0","na_count","reverse_LDG","normal_LDG","flat_LDG","na_LDG","good_stage","bad_stage"
"Northern",62,15,77,17,45,0,0,27.4193548387097,72.5806451612903,0,0,80.5194805194805,19.4805194805195
"Southern",69,10,79,31,38,0,0,44.9275362318841,55.0724637681159,0,0,87.3417721518987,12.6582278481013
