"hemisphere","good_count","bad_count","total","greater_than_0","less_than_0","equal_to_0","na_count","reverse_LDG","normal_LDG","flat_LDG","na_LDG","good_stage","bad_stage"
"Northern",62,14,76,18,44,0,0,29.0322580645161,70.9677419354839,0,0,81.5789473684211,18.4210526315789
"Southern",67,6,73,30,37,0,0,44.7761194029851,55.2238805970149,0,0,91.7808219178082,8.21917808219178
