"hemisphere","good_count","greater_than_0","less_than_0","equal_to_0","reverse_LDG","normal_LDG","flat_LDG","median_slope","mean_slope","sd_slope"
"Northern",65,15,50,0,23.0769230769231,76.9230769230769,0,-0.248798604657243,-0.299360589664684,0.487892498632691
"Southern",59,26,33,0,44.0677966101695,55.9322033898305,0,-0.0691146000621318,-0.0375704570748251,0.536462415046016
