"hemisphere","good_count","greater_than_0","less_than_0","equal_to_0","reverse_LDG","normal_LDG","flat_LDG","median_slope","mean_slope","sd_slope"
"Northern",65,19,46,0,29.2307692307692,70.7692307692308,0,-0.19363656687395,-0.307158456510596,0.521907583713925
"Southern",66,28,38,0,42.4242424242424,57.5757575757576,0,-0.0625273194585802,-0.0374561878708705,0.587460901906035
