"hemisphere","n_good_stage_hemisphere","n_reaches_60","n_reaches_66_5","n_reaches_70","n_reaches_75","prop_reaches_60","prop_reaches_66_5","prop_reaches_70","prop_reaches_75","median_max_abs_lat","mean_max_abs_lat","q25_max_abs_lat","q75_max_abs_lat","median_prop_cells_ge_60","median_prop_cells_ge_66_5","median_prop_cells_ge_70","median_prop_cells_ge_75"
"Northern",61,50,38,33,26,0.819672131147541,0.622950819672131,0.540983606557377,0.426229508196721,71.71225682,68.7907496604918,64.72239376,79.18997812,0.0673076923076923,0.0288461538461538,0.010989010989011,0
"Southern",63,54,41,36,27,0.857142857142857,0.650793650793651,0.571428571428571,0.428571428571429,72.96308819,70.4878095255556,62.6724105,78.135141085,0.102564102564103,0.0526315789473684,0.025974025974026,0
