"hemisphere","good_count","greater_than_0","less_than_0","equal_to_0","reverse_LDG","normal_LDG","flat_LDG","median_slope","mean_slope","sd_slope"
"Northern",64,18,46,0,28.125,71.875,0,-0.200260825651783,-0.284059177864425,0.478113454948748
"Southern",59,23,36,0,38.9830508474576,61.0169491525424,0,-0.116869020718029,0.00320563062326398,0.554050152967561
