"bin_midpoint","stage","hemisphere","slope","slope_mean","slope_sd","slope_lower_95","slope_upper_95","intercept","slope_se","p_value","r_squared","n_cells_model","n_resamples_valid","prop_negative","prop_positive","k_sample","slope_filter_id","slope_qc_type","slope_occurrence_min","slope_collection_min","method_group","slope_metric","quantile","n_cells","n_valid_lat_bins","min_abs_lat_bin_mid","max_abs_lat_bin_mid","lat_range_diagnostic","has_tropical","has_temperate","has_polar","sum_nT","mean_nT","median_nT","min_nT","max_nT","has_adjacent_tt","k_min","k_max","k_mean","k_median","k_cv","k_evenness","dominant_lat_bin_prop","pass_tropical","pass_temperate","pass_polar","pass_adjacent_tt","pass_n_lat_bins","label","color","qc_name","qc_type","occurrence_min","collection_min","min_cells_per_latbin","zone_requirement","require_tropical","require_temperate","require_polar","require_adjacent_tt","require_min_lat_bins","sampling_profile_dissim","slope_90deg","slope_sampled_range","interval_width","slope_direction","method","lat_range","min_abs_lat","max_abs_lat"
0.00585,"Holocene","Northern",-1.19076856868913,-1.16857500830467,0.181953356157761,-1.46284303902823,-0.857310653663932,90.9348063920841,0.617798256462492,0.143795140162678,0.451481223289523,6,100,1,0,2,"occurrence5","occurrence",5,NA,"per_cell_balanced_resampling_OLS","median_resampled_slope",NA,14,3,9.73561,65.905157,56.169547,TRUE,TRUE,TRUE,1078,77,40,16,424,FALSE,2,10,4.66666666666667,2,0.989743318610787,0.428571428571429,0.714285714285714,TRUE,TRUE,TRUE,FALSE,TRUE,"bad","Bad hemisphere","occurrence5_k1_tropical_temperate","occurrence",5,NA,1,"tropical_temperate",TRUE,TRUE,FALSE,TRUE,FALSE,0.214285714285714,-107.169171182022,-66.8849310851068,0.605532385364295,"normal_LDG","grid_cell_balanced_resampling_OLS",56.169547,9.73561,65.905157
1.29585,"Pleistocene","Northern",-0.612236708050836,-0.615920447291252,0.0661972790100658,-0.753245531593933,-0.487549549070256,49.4588746495543,0.26003313128197,0.0300447561554925,0.261640714486255,18,100,1,0,6,"occurrence5","occurrence",5,NA,"per_cell_balanced_resampling_OLS","median_resampled_slope",NA,50,3,9.73561,65.905157,56.169547,TRUE,TRUE,TRUE,18257,365.14,118.5,6,5746,FALSE,6,26,16.6666666666667,18,0.60398675482166,0.36,0.52,TRUE,TRUE,TRUE,FALSE,TRUE,"bad","Bad hemisphere","occurrence5_k1_tropical_temperate","occurrence",5,NA,1,"tropical_temperate",TRUE,TRUE,FALSE,TRUE,FALSE,0.28875,-55.1013037245752,-34.3890585479867,0.265695982523677,"normal_LDG","grid_cell_balanced_resampling_OLS",56.169547,9.73561,65.905157
3.09,"Piacenzian","Northern",-0.873398149850392,-0.836138218783405,0.228541662633747,-1.15403185918122,-0.432428247729579,67.4087321048723,0.481405938240418,0.135482948074545,0.289025112242873,9,100,1,0,3,"occurrence5","occurrence",5,NA,"per_cell_balanced_resampling_OLS","median_resampled_slope",NA,20,3,9.73561,65.905157,56.169547,TRUE,TRUE,TRUE,6763,338.15,245,5,1228,FALSE,3,12,6.66666666666667,5,0.708872343937891,0.45,0.6,TRUE,TRUE,TRUE,FALSE,TRUE,"bad","Bad hemisphere","occurrence5_k1_tropical_temperate","occurrence",5,NA,1,"tropical_temperate",TRUE,TRUE,FALSE,TRUE,FALSE,0.225,-78.6058334865353,-49.0583784277346,0.721603611451637,"normal_LDG","grid_cell_balanced_resampling_OLS",56.169547,9.73561,65.905157
4.4665,"Zanclean","Northern",-0.759978397440092,-0.749712118664382,0.0969636476789776,-0.923509688850668,-0.577419583495635,58.6862778176215,0.281422923141367,0.0150948326542413,0.214079804221578,27,100,1,0,9,"occurrence5","occurrence",5,NA,"per_cell_balanced_resampling_OLS","median_resampled_slope",NA,34,3,9.73561,65.905157,56.169547,TRUE,TRUE,TRUE,7381,217.088235294118,114.5,5,961,FALSE,9,15,11.3333333333333,10,0.283636787088028,0.794117647058823,0.441176470588235,TRUE,TRUE,TRUE,FALSE,TRUE,"bad","Bad hemisphere","occurrence5_k1_tropical_temperate","occurrence",5,NA,1,"tropical_temperate",TRUE,TRUE,FALSE,TRUE,FALSE,0.225490196078431,-68.3980557696082,-42.6876423139959,0.346090105355034,"normal_LDG","grid_cell_balanced_resampling_OLS",56.169547,9.73561,65.905157
6.2895,"Messinian","Northern",-1.25877305395209,-1.57632501634517,0.697377856255879,-2.70787600895507,-0.781259762984854,74.9575388313015,0.953944199647203,0.257444914591673,0.303281676909771,6,100,1,0,2,"occurrence5","occurrence",5,NA,"per_cell_balanced_resampling_OLS","median_resampled_slope",NA,10,3,9.73561,65.905157,56.169547,TRUE,TRUE,TRUE,4045,404.5,237,14,1873,FALSE,2,5,3.33333333333333,3,0.458257569495584,0.6,0.5,TRUE,TRUE,TRUE,FALSE,TRUE,"bad","Bad hemisphere","occurrence5_k1_tropical_temperate","occurrence",5,NA,1,"tropical_temperate",TRUE,TRUE,FALSE,TRUE,FALSE,0.45,-113.289574855688,-70.7047122162956,1.92661624597022,"normal_LDG","grid_cell_balanced_resampling_OLS",56.169547,9.73561,65.905157
9.438,"Tortonian","Northern",-0.688497134179962,-0.699821969011954,0.0391383563274971,-0.768920439873249,-0.649287205446102,48.8975447882415,0.223441506411584,0.00591603172787287,0.296736905416675,24,100,1,0,8,"occurrence5","occurrence",5,NA,"per_cell_balanced_resampling_OLS","median_resampled_slope",NA,29,3,9.73561,65.905157,56.169547,TRUE,TRUE,TRUE,10358,357.172413793103,110,5,4595,FALSE,8,12,9.66666666666667,9,0.215344758565462,0.827586206896552,0.413793103448276,TRUE,TRUE,TRUE,FALSE,TRUE,"bad","Bad hemisphere","occurrence5_k1_tropical_temperate","occurrence",5,NA,1,"tropical_temperate",TRUE,TRUE,FALSE,TRUE,FALSE,0.336206896551724,-61.9647420761966,-38.6725721376867,0.119633234427147,"normal_LDG","grid_cell_balanced_resampling_OLS",56.169547,9.73561,65.905157
12.725,"Serravallian","Northern",0.534084321457249,0.545001048446314,0.119774871246917,0.328076358612548,0.745034979997295,7.15733785466338,0.307477062314953,0.0890964837043024,0.125759537814445,24,100,0,1,8,"occurrence5","occurrence",5,NA,"per_cell_balanced_resampling_OLS","median_resampled_slope",NA,31,3,9.73561,65.905157,56.169547,TRUE,TRUE,TRUE,8048,259.612903225806,75,6,2628,FALSE,8,13,10.3333333333333,10,0.243543046299056,0.774193548387097,0.419354838709677,TRUE,TRUE,TRUE,FALSE,TRUE,"bad","Bad hemisphere","occurrence5_k1_tropical_temperate","occurrence",5,NA,1,"tropical_temperate",TRUE,TRUE,FALSE,TRUE,FALSE,0.279569892473118,48.0675889311524,29.999274396056,0.416958621384747,"reverse_LDG","grid_cell_balanced_resampling_OLS",56.169547,9.73561,65.905157
14.9,"Langhian","Northern",-0.521734781178719,-0.42443693746868,0.447651670107388,-0.993530284537964,0.256762808379321,51.8842832854843,0.943146130291481,0.613429706776232,0.0797641880826448,6,100,0.71,0.29,2,"occurrence5","occurrence",5,NA,"per_cell_balanced_resampling_OLS","median_resampled_slope",NA,13,3,9.73561,65.905157,56.169547,TRUE,TRUE,TRUE,2273,174.846153846154,81,5,975,FALSE,2,7,4.33333333333333,4,0.580756495020827,0.461538461538462,0.538461538461538,TRUE,TRUE,TRUE,FALSE,TRUE,"bad","Bad hemisphere","occurrence5_k1_tropical_temperate","occurrence",5,NA,1,"tropical_temperate",TRUE,TRUE,FALSE,TRUE,FALSE,0.230769230769231,-46.9561303060847,-29.3056063129528,1.25029309291728,"normal_LDG","grid_cell_balanced_resampling_OLS",56.169547,9.73561,65.905157
18.215,"Burdigalian","Northern",0.27786555841324,0.283212588488208,0.0458918255666726,0.193524832111157,0.370415280893372,13.2177329700623,0.284405284061371,0.340017236804096,0.0364662256011766,27,100,0,1,9,"occurrence5","occurrence",5,NA,"per_cell_balanced_resampling_OLS","median_resampled_slope",NA,40,3,9.73561,65.905157,56.169547,TRUE,TRUE,TRUE,9291,232.275,98.5,7,1618,FALSE,9,21,13.3333333333333,10,0.499374608885954,0.675,0.525,TRUE,TRUE,TRUE,FALSE,TRUE,"bad","Bad hemisphere","occurrence5_k1_tropical_temperate","occurrence",5,NA,1,"tropical_temperate",TRUE,TRUE,FALSE,TRUE,FALSE,0.125,25.0079002571916,15.6075825429737,0.176890448782215,"reverse_LDG","grid_cell_balanced_resampling_OLS",56.169547,9.73561,65.905157
21.745,"Aquitanian","Northern",-1.07366637634147,-1.30006643828696,1.07634958447263,-2.88731359158938,0.243906739951163,47.6197744026199,0.783151847865657,0.489968965346976,0.515754104528566,3,100,0.84,0.16,1,"occurrence5","occurrence",5,NA,"per_cell_balanced_resampling_OLS","median_resampled_slope",NA,6,3,9.73561,65.905157,56.169547,TRUE,TRUE,TRUE,539,89.8333333333333,40,5,361,FALSE,1,3,2,2,0.5,0.5,0.5,TRUE,TRUE,TRUE,FALSE,TRUE,"bad","Bad hemisphere","occurrence5_k1_tropical_temperate","occurrence",5,NA,1,"tropical_temperate",TRUE,TRUE,FALSE,TRUE,FALSE,0.5,-96.6299738707326,-60.3073539882321,3.13122033154055,"normal_LDG","grid_cell_balanced_resampling_OLS",56.169547,9.73561,65.905157
25.17,"Chattian","Northern",-0.036577740818487,0.0793984478599661,0.398474655007067,-0.446237347804856,0.898268419211055,31.4241110243097,0.537789947973633,0.583483653180066,0.0450570545509836,9,100,0.55,0.45,3,"occurrence5","occurrence",5,NA,"per_cell_balanced_resampling_OLS","median_resampled_slope",NA,24,3,9.73561,65.905157,56.169547,TRUE,TRUE,TRUE,3432,143,119,13,676,FALSE,3,11,8,10,0.544862367942584,0.375,0.458333333333333,TRUE,TRUE,TRUE,FALSE,TRUE,"bad","Bad hemisphere","occurrence5_k1_tropical_temperate","occurrence",5,NA,1,"tropical_temperate",TRUE,TRUE,FALSE,TRUE,FALSE,0.1875,-3.29199667366383,-2.05455513205782,1.34450576701591,"normal_LDG","grid_cell_balanced_resampling_OLS",56.169547,9.73561,65.905157
30.6,"Rupelian","Northern",0.136331927979426,0.146458202966499,0.182438295921884,-0.174559657719745,0.486798861224496,28.7992983665381,0.44919885245082,0.721531218128056,0.0101087414022381,15,100,0.24,0.76,5,"occurrence5","occurrence",5,NA,"per_cell_balanced_resampling_OLS","median_resampled_slope",NA,27,3,9.73561,65.905157,56.169547,TRUE,TRUE,TRUE,6830,252.962962962963,87,5,2738,FALSE,5,11,9,11,0.38490017945975,0.555555555555556,0.407407407407407,TRUE,TRUE,TRUE,FALSE,TRUE,"bad","Bad hemisphere","occurrence5_k1_tropical_temperate","occurrence",5,NA,1,"tropical_temperate",TRUE,TRUE,FALSE,TRUE,FALSE,0.322222222222222,12.2698735181483,7.65770263624098,0.66135851894424,"reverse_LDG","grid_cell_balanced_resampling_OLS",56.169547,9.73561,65.905157
35.805,"Priabonian","Northern",0.00647855628994641,0.00441241066250188,0.207137936573095,-0.401918760071298,0.408499910309178,23.9200101071006,0.444221190502247,0.786690516878272,0.00766816863930365,12,100,0.47,0.53,4,"occurrence5","occurrence",5,NA,"per_cell_balanced_resampling_OLS","median_resampled_slope",NA,24,3,9.73561,65.905157,56.169547,TRUE,TRUE,TRUE,4516,188.166666666667,144.5,6,702,FALSE,4,13,8,7,0.57282196186948,0.5,0.541666666666667,TRUE,TRUE,TRUE,FALSE,TRUE,"bad","Bad hemisphere","occurrence5_k1_tropical_temperate","occurrence",5,NA,1,"tropical_temperate",TRUE,TRUE,FALSE,TRUE,FALSE,0.113636363636364,0.583070066095177,0.36389757202029,0.810418670380477,"reverse_LDG","grid_cell_balanced_resampling_OLS",56.169547,9.73561,65.905157
39.37,"Bartonian","Northern",-0.0577542482654078,0.294108805064083,0.807603947656505,-0.384084809550467,2.85908799265672,13.9219286520459,0.478179519800025,0.578701823964913,0.377631190914353,3,100,0.59,0.41,1,"occurrence5","occurrence",5,NA,"per_cell_balanced_resampling_OLS","median_resampled_slope",NA,26,3,9.73561,65.905157,56.169547,TRUE,TRUE,TRUE,10479,403.038461538462,81.5,5,3444,FALSE,1,15,8.66666666666667,10,0.818607563607414,0.115384615384615,0.576923076923077,TRUE,TRUE,TRUE,FALSE,TRUE,"bad","Bad hemisphere","occurrence5_k1_tropical_temperate","occurrence",5,NA,1,"tropical_temperate",TRUE,TRUE,FALSE,TRUE,FALSE,0.192307692307692,-5.1978823438867,-3.24402996239349,3.24317280220719,"normal_LDG","grid_cell_balanced_resampling_OLS",56.169547,9.73561,65.905157
44.55,"Lutetian","Northern",0.363647412723108,0.395996796426893,0.10455842209639,0.28506348118778,0.660740554619584,10.0431229722929,0.395067365200654,0.372393883095858,0.050005681286447,18,100,0,1,6,"occurrence5","occurrence",5,NA,"per_cell_balanced_resampling_OLS","median_resampled_slope",NA,31,3,9.73561,65.905157,56.169547,TRUE,TRUE,TRUE,7720,249.032258064516,66,13,1622,FALSE,6,18,10.3333333333333,7,0.644354334046393,0.580645161290323,0.580645161290323,TRUE,TRUE,TRUE,FALSE,TRUE,"bad","Bad hemisphere","occurrence5_k1_tropical_temperate","occurrence",5,NA,1,"tropical_temperate",TRUE,TRUE,FALSE,TRUE,FALSE,0.561290322580645,32.7282671450798,20.425910440379,0.375677073431804,"reverse_LDG","grid_cell_balanced_resampling_OLS",56.169547,9.73561,65.905157
52.035,"Ypresian","Northern",1.03184680971846,0.935000067003118,0.37985627156503,0.450835870702523,1.61983619128483,-1.07549004681299,0.530683906534823,0.122087189542995,0.488927276263545,6,100,0,1,2,"occurrence5","occurrence",5,NA,"per_cell_balanced_resampling_OLS","median_resampled_slope",NA,20,3,9.73561,65.905157,56.169547,TRUE,TRUE,TRUE,5798,289.9,138.5,5,1152,FALSE,2,14,6.66666666666667,4,0.964365076099295,0.3,0.7,TRUE,TRUE,TRUE,FALSE,TRUE,"bad","Bad hemisphere","occurrence5_k1_tropical_temperate","occurrence",5,NA,1,"tropical_temperate",TRUE,TRUE,FALSE,TRUE,FALSE,1.05,92.8662128746612,57.958367875281,1.16900032058231,"reverse_LDG","grid_cell_balanced_resampling_OLS",56.169547,9.73561,65.905157
57.62,"Thanetian","Northern",-0.539894761701684,-0.608506987515309,0.380044703825756,-1.23755478071512,0.069730096680083,63.416907547101,1.23036376885782,0.698997521159043,0.0414026763348265,6,100,0.96,0.04,3,"occurrence5","occurrence",5,NA,"per_cell_balanced_resampling_OLS","median_resampled_slope",NA,12,2,30.640768,65.905157,35.264389,FALSE,TRUE,TRUE,2075,172.916666666667,71,11,669,FALSE,0,9,4,3,1.14564392373896,0,0.75,FALSE,TRUE,TRUE,FALSE,TRUE,"bad","Bad hemisphere","occurrence5_k1_tropical_temperate","occurrence",5,NA,1,"tropical_temperate",TRUE,TRUE,FALSE,TRUE,FALSE,0.5,-48.5905285531515,-19.0390588957105,1.3072848773952,"normal_LDG","grid_cell_balanced_resampling_OLS",35.264389,30.640768,65.905157
60.45,"Selandian","Northern",0.970413555206409,0.970413555206409,2.67795869548738e-16,0.970413555206408,0.970413555206409,27.143364752681,0.983297226541029,0.427726027746601,0.327497499318684,4,100,0,1,2,"occurrence5","occurrence",5,NA,"per_cell_balanced_resampling_OLS","median_resampled_slope",NA,4,2,30.640768,65.905157,35.264389,FALSE,TRUE,TRUE,1152,288,271.5,70,539,FALSE,0,2,1.33333333333333,2,0.866025403784439,0,0.5,FALSE,TRUE,TRUE,FALSE,TRUE,"bad","Bad hemisphere","occurrence5_k1_tropical_temperate","occurrence",5,NA,1,"tropical_temperate",TRUE,TRUE,FALSE,TRUE,FALSE,0.5,87.3372199685768,34.2210411016718,6.66133814775094e-16,"reverse_LDG","grid_cell_balanced_resampling_OLS",35.264389,30.640768,65.905157
63.83,"Danian","Northern",1.29904692434511,1.30223378842578,0.231720127059005,0.861914990023678,1.80630634002882,-31.6871639484202,2.75056111063135,0.650444715495564,0.0364938164110774,8,100,0,1,4,"occurrence5","occurrence",5,NA,"per_cell_balanced_resampling_OLS","median_resampled_slope",NA,12,2,30.640768,65.905157,35.264389,FALSE,TRUE,TRUE,2496,208,64.5,12,1293,FALSE,0,8,4,4,1,0,0.666666666666667,FALSE,TRUE,TRUE,FALSE,TRUE,"bad","Bad hemisphere","occurrence5_k1_tropical_temperate","occurrence",5,NA,1,"tropical_temperate",TRUE,TRUE,FALSE,TRUE,FALSE,0.333333333333333,116.91422319106,45.8100960693594,0.944391350005145,"reverse_LDG","grid_cell_balanced_resampling_OLS",35.264389,30.640768,65.905157
69.1,"Maastrichtian","Northern",0.772729658956038,0.760579843485182,0.110798881647491,0.533339969865726,0.93947580172874,0.549406087383939,0.313981599989901,0.018950402727453,0.201198133523695,27,100,0,1,9,"occurrence5","occurrence",5,NA,"per_cell_balanced_resampling_OLS","median_resampled_slope",NA,38,3,9.73561,65.905157,56.169547,TRUE,TRUE,TRUE,15236,400.947368421053,88.5,5,4819,FALSE,9,18,12.6666666666667,11,0.373090707335732,0.710526315789474,0.473684210526316,TRUE,TRUE,TRUE,FALSE,TRUE,"bad","Bad hemisphere","occurrence5_k1_tropical_temperate","occurrence",5,NA,1,"tropical_temperate",TRUE,TRUE,FALSE,TRUE,FALSE,0.355263157894737,69.5456693060434,43.4038748970252,0.406135831863013,"reverse_LDG","grid_cell_balanced_resampling_OLS",56.169547,9.73561,65.905157
77.9,"Campanian","Northern",0.0423363110800292,0.0624387069461492,0.0927960035887533,-0.0702378711528096,0.306025291764882,10.4582340946383,0.139857688792376,0.748612675842769,0.00553483452175285,21,100,0.27,0.73,7,"occurrence5","occurrence",5,NA,"per_cell_balanced_resampling_OLS","median_resampled_slope",NA,52,3,9.73561,65.905157,56.169547,TRUE,TRUE,TRUE,6460,124.230769230769,49.5,5,636,FALSE,7,28,17.3333333333333,17,0.605998125253413,0.403846153846154,0.538461538461538,TRUE,TRUE,TRUE,FALSE,TRUE,"bad","Bad hemisphere","occurrence5_k1_tropical_temperate","occurrence",5,NA,1,"tropical_temperate",TRUE,TRUE,FALSE,TRUE,FALSE,0.343531468531469,3.81026799720263,2.37801141501632,0.376263162917692,"reverse_LDG","grid_cell_balanced_resampling_OLS",56.169547,9.73561,65.905157
84.65,"Santonian","Northern",-0.223388758978988,-0.183484970195096,0.414532438917859,-0.729804890845479,0.816941225088406,26.3593913513652,0.252231806294602,0.516056519524988,0.474789172778194,3,100,0.73,0.27,1,"occurrence5","occurrence",5,NA,"per_cell_balanced_resampling_OLS","median_resampled_slope",NA,21,3,9.73561,65.905157,56.169547,TRUE,TRUE,TRUE,1089,51.8571428571429,30,5,147,FALSE,1,14,7,6,0.936776932043143,0.142857142857143,0.666666666666667,TRUE,TRUE,TRUE,FALSE,TRUE,"bad","Bad hemisphere","occurrence5_k1_tropical_temperate","occurrence",5,NA,1,"tropical_temperate",TRUE,TRUE,FALSE,TRUE,FALSE,0.0714285714285714,-20.1049883081089,-12.547645396742,1.54674611593389,"normal_LDG","grid_cell_balanced_resampling_OLS",56.169547,9.73561,65.905157
87.75,"Coniacian","Northern",-0.473025889485127,-0.296270066854449,0.404891071842104,-0.62861573557305,0.66951795851842,28.1641451670291,0.19497874233355,0.0773181806944516,0.582850016305214,6,100,0.82,0.18,2,"occurrence5","occurrence",5,NA,"per_cell_balanced_resampling_OLS","median_resampled_slope",NA,22,3,9.73561,65.905157,56.169547,TRUE,TRUE,TRUE,626,28.4545454545455,17.5,5,108,FALSE,2,11,7.33333333333333,9,0.644429403579901,0.272727272727273,0.5,TRUE,TRUE,TRUE,FALSE,TRUE,"bad","Bad hemisphere","occurrence5_k1_tropical_temperate","occurrence",5,NA,1,"tropical_temperate",TRUE,TRUE,FALSE,TRUE,FALSE,0.613636363636364,-42.5723300536614,-26.5696499316516,1.29813369409147,"normal_LDG","grid_cell_balanced_resampling_OLS",56.169547,9.73561,65.905157
91.85,"Turonian","Northern",-0.0294426919010206,0.00639943240879655,0.231805978959802,-0.362540740536054,0.497641195006579,26.1503566322184,0.380056813500337,0.655523393480523,0.0157816070513187,15,100,0.55,0.45,5,"occurrence5","occurrence",5,NA,"per_cell_balanced_resampling_OLS","median_resampled_slope",NA,37,3,9.73561,65.905157,56.169547,TRUE,TRUE,TRUE,2681,72.4594594594595,31,5,557,FALSE,5,19,12.3333333333333,13,0.5694947974515,0.405405405405405,0.513513513513513,TRUE,TRUE,TRUE,FALSE,TRUE,"bad","Bad hemisphere","occurrence5_k1_tropical_temperate","occurrence",5,NA,1,"tropical_temperate",TRUE,TRUE,FALSE,TRUE,FALSE,0.797297297297297,-2.64984227109186,-1.6537826665409,0.860181935542634,"normal_LDG","grid_cell_balanced_resampling_OLS",56.169547,9.73561,65.905157
97.2,"Cenomanian","Northern",-0.327805216546982,-0.31131503092463,0.0977158895252953,-0.472289006515393,-0.1404476067299,33.2231072565191,0.264650301225029,0.267400157959822,0.0642999437326929,21,100,1,0,7,"occurrence5","occurrence",5,NA,"per_cell_balanced_resampling_OLS","median_resampled_slope",NA,40,3,9.73561,65.905157,56.169547,TRUE,TRUE,TRUE,4706,117.65,45,5,1097,FALSE,7,25,13.3333333333333,8,0.758699545274676,0.525,0.625,TRUE,TRUE,TRUE,FALSE,TRUE,"bad","Bad hemisphere","occurrence5_k1_tropical_temperate","occurrence",5,NA,1,"tropical_temperate",TRUE,TRUE,FALSE,TRUE,FALSE,0.45,-29.5024694892284,-18.4126705176809,0.331841399785493,"normal_LDG","grid_cell_balanced_resampling_OLS",56.169547,9.73561,65.905157
106.85,"Albian","Northern",-0.216081461425503,-0.199156323645968,0.10361494674775,-0.358753060751563,0.0921024490685568,17.7632321577587,0.239064021200422,0.3573395218712,0.121777825075133,9,100,0.93,0.07,3,"occurrence5","occurrence",5,NA,"per_cell_balanced_resampling_OLS","median_resampled_slope",NA,29,3,9.73561,65.905157,56.169547,TRUE,TRUE,TRUE,2334,80.4827586206897,34,5,360,FALSE,3,17,9.66666666666667,9,0.726596810541568,0.310344827586207,0.586206896551724,TRUE,TRUE,TRUE,FALSE,TRUE,"bad","Bad hemisphere","occurrence5_k1_tropical_temperate","occurrence",5,NA,1,"tropical_temperate",TRUE,TRUE,FALSE,TRUE,FALSE,0.511494252873563,-19.4473315282953,-12.1371978033685,0.45085550982012,"normal_LDG","grid_cell_balanced_resampling_OLS",56.169547,9.73561,65.905157
117.3,"Aptian","Northern",-0.332922043882858,-0.273718982217752,0.214814501365703,-0.534474146377813,0.337047565285807,36.1609253268009,0.477644006356176,0.548236458677432,0.0968653533814672,6,100,0.88,0.12,2,"occurrence5","occurrence",5,NA,"per_cell_balanced_resampling_OLS","median_resampled_slope",NA,17,3,9.73561,65.905157,56.169547,TRUE,TRUE,TRUE,1947,114.529411764706,48,5,629,FALSE,2,10,5.66666666666667,5,0.713197391351891,0.352941176470588,0.588235294117647,TRUE,TRUE,TRUE,FALSE,TRUE,"bad","Bad hemisphere","occurrence5_k1_tropical_temperate","occurrence",5,NA,1,"tropical_temperate",TRUE,TRUE,FALSE,TRUE,FALSE,0.198529411764706,-29.9629839494572,-18.7000803912143,0.87152171166362,"normal_LDG","grid_cell_balanced_resampling_OLS",56.169547,9.73561,65.905157
123.585,"Barremian","Northern",-0.236270994384708,-0.228311025351981,0.116492207450349,-0.410552225882364,-0.0314857334528282,34.4676291186974,0.434594830931953,0.606271107260384,0.0469479954596355,8,100,1,0,4,"occurrence5","occurrence",5,NA,"per_cell_balanced_resampling_OLS","median_resampled_slope",NA,10,2,30.640768,65.905157,35.264389,FALSE,TRUE,TRUE,146,14.6,9,6,45,FALSE,0,6,3.33333333333333,4,0.916515138991168,0,0.6,FALSE,TRUE,TRUE,FALSE,TRUE,"bad","Bad hemisphere","occurrence5_k1_tropical_temperate","occurrence",5,NA,1,"tropical_temperate",TRUE,TRUE,FALSE,TRUE,FALSE,0.0666666666666667,-21.2643894946238,-8.33195225539917,0.379066492429536,"normal_LDG","grid_cell_balanced_resampling_OLS",35.264389,30.640768,65.905157
129.185,"Hauterivian","Northern",-1.65918254236565,-1.55288621454857,0.734769588025166,-2.90682226741106,-0.0961493875135585,110.191217716426,1.18317199896937,0.229621716985492,0.174530083058893,10,100,1,0,5,"occurrence5","occurrence",5,NA,"per_cell_balanced_resampling_OLS","median_resampled_slope",NA,13,2,30.640768,65.905157,35.264389,FALSE,TRUE,TRUE,945,72.6923076923077,25,5,242,FALSE,0,8,4.33333333333333,5,0.932642742537088,0,0.615384615384615,FALSE,TRUE,TRUE,FALSE,TRUE,"bad","Bad hemisphere","occurrence5_k1_tropical_temperate","occurrence",5,NA,1,"tropical_temperate",TRUE,TRUE,FALSE,TRUE,FALSE,0.384615384615385,-149.326428812909,-58.5100585959914,2.81067287989751,"normal_LDG","grid_cell_balanced_resampling_OLS",35.264389,30.640768,65.905157
134.825,"Valanginian","Northern",-0.263862897896427,-0.221611333381171,0.24656753691479,-0.611332042580816,0.205264444051952,50.3691352778902,0.596004594459134,0.655540910844956,0.026122052883792,10,100,0.74,0.26,5,"occurrence5","occurrence",5,NA,"per_cell_balanced_resampling_OLS","median_resampled_slope",NA,13,2,30.640768,65.905157,35.264389,FALSE,TRUE,TRUE,899,69.1538461538462,32,6,311,FALSE,0,8,4.33333333333333,5,0.932642742537088,0,0.615384615384615,FALSE,TRUE,TRUE,FALSE,TRUE,"bad","Bad hemisphere","occurrence5_k1_tropical_temperate","occurrence",5,NA,1,"tropical_temperate",TRUE,TRUE,FALSE,TRUE,FALSE,0.25,-23.7476608106784,-9.30496387408689,0.816596486632768,"normal_LDG","grid_cell_balanced_resampling_OLS",35.264389,30.640768,65.905157
140.075,"Berriasian","Northern",0.289564114940615,0.21214006046488,0.553458654254461,-0.798270484875031,1.223677745897,23.21050086484,0.657223700094094,0.494515888174981,0.047872569290642,12,100,0.33,0.67,6,"occurrence5","occurrence",5,NA,"per_cell_balanced_resampling_OLS","median_resampled_slope",NA,24,2,30.640768,65.905157,35.264389,FALSE,TRUE,TRUE,653,27.2083333333333,14.5,5,98,FALSE,0,18,8,6,1.14564392373896,0,0.75,FALSE,TRUE,TRUE,FALSE,TRUE,"bad","Bad hemisphere","occurrence5_k1_tropical_temperate","occurrence",5,NA,1,"tropical_temperate",TRUE,TRUE,FALSE,TRUE,FALSE,0.25,26.0607703446554,10.2113015897066,2.02194823077204,"reverse_LDG","grid_cell_balanced_resampling_OLS",35.264389,30.640768,65.905157
146.15,"Tithonian","Northern",0.179598296278758,0.375929614314699,0.450032163496549,-0.0160276184445113,1.61602470440975,3.72052348613303,0.487387106922168,0.745809504528182,0.151131582381473,3,100,0.14,0.86,1,"occurrence5","occurrence",5,NA,"per_cell_balanced_resampling_OLS","median_resampled_slope",NA,18,3,9.73561,65.905157,56.169547,TRUE,TRUE,TRUE,2409,133.833333333333,12,5,1158,FALSE,1,13,6,4,1.04083299973307,0.166666666666667,0.722222222222222,TRUE,TRUE,TRUE,FALSE,TRUE,"bad","Bad hemisphere","occurrence5_k1_tropical_temperate","occurrence",5,NA,1,"tropical_temperate",TRUE,TRUE,FALSE,TRUE,FALSE,0.0833333333333333,16.1638466650882,10.0879549439496,1.63205232285426,"reverse_LDG","grid_cell_balanced_resampling_OLS",56.169547,9.73561,65.905157
152,"Kimmeridgian","Northern",-1.03595193195971,-1.07140270025255,0.121782303570378,-1.35429178190418,-0.977115791102572,74.5980613756231,1.05247872992836,0.370851447024982,0.134854009613482,8,100,1,0,4,"occurrence5","occurrence",5,NA,"per_cell_balanced_resampling_OLS","median_resampled_slope",NA,9,2,30.640768,65.905157,35.264389,FALSE,TRUE,TRUE,1852,205.777777777778,80,5,1097,FALSE,0,5,3,4,0.881917103688197,0,0.555555555555556,FALSE,TRUE,TRUE,FALSE,TRUE,"bad","Bad hemisphere","occurrence5_k1_tropical_temperate","occurrence",5,NA,1,"tropical_temperate",TRUE,TRUE,FALSE,TRUE,FALSE,1,-93.2356738763742,-36.5322119139289,0.377175990801605,"normal_LDG","grid_cell_balanced_resampling_OLS",35.264389,30.640768,65.905157
158.15,"Oxfordian","Northern",0.165908050718234,0.37159325086537,0.684796716898345,-0.443593402093632,1.72917191176774,20.2945245857257,0.76052741743277,0.660326417438939,0.25869253203284,3,100,0.44,0.56,1,"occurrence5","occurrence",5,NA,"per_cell_balanced_resampling_OLS","median_resampled_slope",NA,20,3,9.73561,65.905157,56.169547,TRUE,TRUE,TRUE,3516,175.8,41.5,6,795,FALSE,1,12,6.66666666666667,7,0.826135582092915,0.15,0.6,TRUE,TRUE,TRUE,FALSE,TRUE,"bad","Bad hemisphere","occurrence5_k1_tropical_temperate","occurrence",5,NA,1,"tropical_temperate",TRUE,TRUE,FALSE,TRUE,FALSE,0.743181818181818,14.9317245646411,9.31898005249624,2.17276531386137,"reverse_LDG","grid_cell_balanced_resampling_OLS",56.169547,9.73561,65.905157
163.4,"Callovian","Northern",-1.32306390277474,-1.33557563772819,0.333986096053184,-1.87304067110746,-0.650403788645816,81.118138468684,0.576179322628746,0.074989137967786,0.588586852545965,6,100,1,0,2,"occurrence5","occurrence",5,NA,"per_cell_balanced_resampling_OLS","median_resampled_slope",NA,21,3,9.73561,65.905157,56.169547,TRUE,TRUE,TRUE,1808,86.0952380952381,37,7,373,FALSE,2,13,7,6,0.795394908975717,0.285714285714286,0.619047619047619,TRUE,TRUE,TRUE,FALSE,TRUE,"bad","Bad hemisphere","occurrence5_k1_tropical_temperate","occurrence",5,NA,1,"tropical_temperate",TRUE,TRUE,FALSE,TRUE,FALSE,0.5,-119.075751249726,-74.3159000709091,1.22263688246165,"normal_LDG","grid_cell_balanced_resampling_OLS",56.169547,9.73561,65.905157
166.75,"Bathonian","Northern",-0.228934825761845,-0.188691049824597,0.110852243333449,-0.323394443330317,0.00405755039334207,31.9143560894899,0.33134116873316,0.50510393307239,0.0456123851944946,12,100,0.97,0.03,4,"occurrence5","occurrence",5,NA,"per_cell_balanced_resampling_OLS","median_resampled_slope",NA,21,3,9.73561,65.905157,56.169547,TRUE,TRUE,TRUE,2934,139.714285714286,48,5,804,FALSE,4,13,7,4,0.74230748895809,0.571428571428571,0.619047619047619,TRUE,TRUE,TRUE,FALSE,TRUE,"bad","Bad hemisphere","occurrence5_k1_tropical_temperate","occurrence",5,NA,1,"tropical_temperate",TRUE,TRUE,FALSE,TRUE,FALSE,0.464285714285714,-20.6041343185661,-12.8591654555668,0.327451993723659,"normal_LDG","grid_cell_balanced_resampling_OLS",56.169547,9.73561,65.905157
169.55,"Bajocian","Northern",-0.183921967093182,-0.105907190106688,0.255988119872996,-0.379457692697322,0.502396810521306,25.5398924813438,0.428253770855323,0.635250718358227,0.0616366197828495,6,100,0.75,0.25,2,"occurrence5","occurrence",5,NA,"per_cell_balanced_resampling_OLS","median_resampled_slope",NA,30,3,9.73561,65.905157,56.169547,TRUE,TRUE,TRUE,1649,54.9666666666667,27,5,384,FALSE,2,23,10,5,1.13578166916005,0.2,0.766666666666667,TRUE,TRUE,TRUE,FALSE,TRUE,"bad","Bad hemisphere","occurrence5_k1_tropical_temperate","occurrence",5,NA,1,"tropical_temperate",TRUE,TRUE,FALSE,TRUE,FALSE,0.0875,-16.5529770383864,-10.330813574973,0.881854503218628,"normal_LDG","grid_cell_balanced_resampling_OLS",56.169547,9.73561,65.905157
172.8,"Aalenian","Northern",0.0749852353484884,0.258714525621763,0.517886904590707,-0.12425612572957,1.21047975497101,5.20881880019681,0.178434603892928,0.659920799745047,0.259235023019819,3,100,0.4,0.6,1,"occurrence5","occurrence",5,NA,"per_cell_balanced_resampling_OLS","median_resampled_slope",NA,18,3,9.73561,65.905157,56.169547,TRUE,TRUE,TRUE,1158,64.3333333333333,31,5,416,FALSE,1,12,6,5,0.927960727138337,0.166666666666667,0.666666666666667,TRUE,TRUE,TRUE,FALSE,TRUE,"bad","Bad hemisphere","occurrence5_k1_tropical_temperate","occurrence",5,NA,1,"tropical_temperate",TRUE,TRUE,FALSE,TRUE,FALSE,0.0833333333333333,6.74867118136396,4.21188670121298,1.33473588070058,"reverse_LDG","grid_cell_balanced_resampling_OLS",56.169547,9.73561,65.905157
179.45,"Toarcian","Northern",-0.465138101744706,-0.394151601097592,0.409016035107176,-1.17487354222783,0.332394350676893,39.9655146267959,0.605454000707587,0.451625474385077,0.148148476699499,6,100,0.78,0.22,2,"occurrence5","occurrence",5,NA,"per_cell_balanced_resampling_OLS","median_resampled_slope",NA,28,3,9.73561,65.905157,56.169547,TRUE,TRUE,TRUE,5051,180.392857142857,30,5,2948,FALSE,2,18,9.33333333333333,8,0.866025403784439,0.214285714285714,0.642857142857143,TRUE,TRUE,TRUE,FALSE,TRUE,"bad","Bad hemisphere","occurrence5_k1_tropical_temperate","occurrence",5,NA,1,"tropical_temperate",TRUE,TRUE,FALSE,TRUE,FALSE,0.192857142857143,-41.8624291570235,-26.12659646744,1.50726789290472,"normal_LDG","grid_cell_balanced_resampling_OLS",56.169547,9.73561,65.905157
188.55,"Pliensbachian","Northern",-0.0563585666353567,0.00255662975451327,0.266611524507448,-0.376115910806357,0.626638240348358,25.2790950294298,0.453568019505815,0.762017936764578,0.025606683724203,6,100,0.62,0.38,2,"occurrence5","occurrence",5,NA,"per_cell_balanced_resampling_OLS","median_resampled_slope",NA,30,3,9.73561,65.905157,56.169547,TRUE,TRUE,TRUE,5013,167.1,36.5,6,1188,FALSE,2,20,10,8,0.916515138991168,0.2,0.666666666666667,TRUE,TRUE,TRUE,FALSE,TRUE,"bad","Bad hemisphere","occurrence5_k1_tropical_temperate","occurrence",5,NA,1,"tropical_temperate",TRUE,TRUE,FALSE,TRUE,FALSE,0.1,-5.0722709971821,-3.1656351574773,1.00275415115471,"normal_LDG","grid_cell_balanced_resampling_OLS",56.169547,9.73561,65.905157
196.2,"Sinemurian","Northern",-0.00502781468282559,-0.00742195160653012,0.119981778749829,-0.221012505064269,0.260202997229976,27.6894877957396,0.453413436817328,0.846843834096412,0.00570609198308274,9,100,0.5,0.5,3,"occurrence5","occurrence",5,NA,"per_cell_balanced_resampling_OLS","median_resampled_slope",NA,29,3,9.73561,65.905157,56.169547,TRUE,TRUE,TRUE,1402,48.3448275862069,21,5,360,FALSE,3,20,9.66666666666667,6,0.938666040608014,0.310344827586207,0.689655172413793,TRUE,TRUE,TRUE,FALSE,TRUE,"bad","Bad hemisphere","occurrence5_k1_tropical_temperate","occurrence",5,NA,1,"tropical_temperate",TRUE,TRUE,FALSE,TRUE,FALSE,0.144827586206897,-0.452503321454303,-0.282410073134262,0.481215502294245,"normal_LDG","grid_cell_balanced_resampling_OLS",56.169547,9.73561,65.905157
200.45,"Hettangian","Northern",0.392180431925903,0.411361111297262,0.334474145453564,-0.098869031776439,0.878237892316406,1.06390744125594,0.318835783615801,0.599600658876423,0.34608820637633,3,100,0.2,0.8,1,"occurrence5","occurrence",5,NA,"per_cell_balanced_resampling_OLS","median_resampled_slope",NA,13,3,9.73561,65.905157,56.169547,TRUE,TRUE,TRUE,647,49.7692307692308,24,6,191,FALSE,1,7,4.33333333333333,5,0.705011645377822,0.230769230769231,0.538461538461538,TRUE,TRUE,TRUE,FALSE,TRUE,"bad","Bad hemisphere","occurrence5_k1_tropical_temperate","occurrence",5,NA,1,"tropical_temperate",TRUE,TRUE,FALSE,TRUE,FALSE,0.134615384615385,35.2962388733313,22.0285972035423,0.977106924092845,"reverse_LDG","grid_cell_balanced_resampling_OLS",56.169547,9.73561,65.905157
203.55,"Rhaetian","Northern",0.0456166105586313,0.169888713357694,0.371074987619394,-0.275640786987297,1.18255396128611,13.3562199347979,0.34009879853254,0.830177275895832,0.0695467492976451,3,100,0.33,0.67,1,"occurrence5","occurrence",5,NA,"per_cell_balanced_resampling_OLS","median_resampled_slope",NA,17,3,9.73561,65.905157,56.169547,TRUE,TRUE,TRUE,1810,106.470588235294,17,9,1079,FALSE,1,11,5.66666666666667,5,0.888215815914206,0.176470588235294,0.647058823529412,TRUE,TRUE,TRUE,FALSE,TRUE,"bad","Bad hemisphere","occurrence5_k1_tropical_temperate","occurrence",5,NA,1,"tropical_temperate",TRUE,TRUE,FALSE,TRUE,FALSE,0.099264705882353,4.10549495027681,2.56226435075373,1.45819474827341,"reverse_LDG","grid_cell_balanced_resampling_OLS",56.169547,9.73561,65.905157
216.5,"Norian","Northern",-0.0944930105504761,-0.0863629694851606,0.0498353293171597,-0.169357597386906,0.00815912654238575,25.5507447000024,0.225137259929602,0.679095692106304,0.00920599788843063,21,100,0.95,0.05,7,"occurrence5","occurrence",5,NA,"per_cell_balanced_resampling_OLS","median_resampled_slope",NA,29,3,9.73561,65.905157,56.169547,TRUE,TRUE,TRUE,1608,55.448275862069,30,5,306,FALSE,7,11,9.66666666666667,11,0.238903559664673,0.724137931034483,0.379310344827586,TRUE,TRUE,TRUE,FALSE,TRUE,"bad","Bad hemisphere","occurrence5_k1_tropical_temperate","occurrence",5,NA,1,"tropical_temperate",TRUE,TRUE,FALSE,TRUE,FALSE,0.0159151193633952,-8.50437094954285,-5.30762959728647,0.177516723929292,"normal_LDG","grid_cell_balanced_resampling_OLS",56.169547,9.73561,65.905157
232.15,"Carnian","Northern",-0.19692659908938,-0.246215492642824,0.194773204586356,-0.606036916279733,0.0122199753490674,20.7155960523631,0.264882986803129,0.488067368981158,0.0710714909707954,9,100,0.93,0.07,3,"occurrence5","occurrence",5,NA,"per_cell_balanced_resampling_OLS","median_resampled_slope",NA,18,3,9.73561,65.905157,56.169547,TRUE,TRUE,TRUE,2819,156.611111111111,23.5,6,1912,FALSE,3,8,6,7,0.440958551844098,0.5,0.444444444444444,TRUE,TRUE,TRUE,FALSE,TRUE,"bad","Bad hemisphere","occurrence5_k1_tropical_temperate","occurrence",5,NA,1,"tropical_temperate",TRUE,TRUE,FALSE,TRUE,FALSE,0.583333333333333,-17.7233939180442,-11.0612778631011,0.6182568916288,"normal_LDG","grid_cell_balanced_resampling_OLS",56.169547,9.73561,65.905157
239.232,"Ladinian","Northern",0.0546898541516303,-0.0457752450217487,0.302775689703004,-0.703633215921152,0.408213377397058,17.7415440216275,0.5208677973431,0.798626353695664,0.0182597568694174,6,100,0.36,0.64,2,"occurrence5","occurrence",5,NA,"per_cell_balanced_resampling_OLS","median_resampled_slope",NA,18,3,9.73561,65.905157,56.169547,TRUE,TRUE,TRUE,1191,66.1666666666667,17.5,5,596,FALSE,2,9,6,7,0.600925212577332,0.333333333333333,0.5,TRUE,TRUE,TRUE,FALSE,TRUE,"bad","Bad hemisphere","occurrence5_k1_tropical_temperate","occurrence",5,NA,1,"tropical_temperate",TRUE,TRUE,FALSE,TRUE,FALSE,0,4.92208687364673,3.07190433319315,1.11184659331821,"reverse_LDG","grid_cell_balanced_resampling_OLS",56.169547,9.73561,65.905157
244.082,"Anisian","Northern",-0.247461535765167,-0.191176499651347,0.496785160158159,-1.12742616940321,0.670871896001851,45.7042745460511,0.473406703170787,0.465396114468201,0.139771854795887,6,100,0.69,0.31,2,"occurrence5","occurrence",5,NA,"per_cell_balanced_resampling_OLS","median_resampled_slope",NA,17,3,9.73561,65.905157,56.169547,TRUE,TRUE,TRUE,3426,201.529411764706,103,8,1191,FALSE,2,12,5.66666666666667,3,0.971924214226959,0.352941176470588,0.705882352941177,TRUE,TRUE,TRUE,FALSE,TRUE,"bad","Bad hemisphere","occurrence5_k1_tropical_temperate","occurrence",5,NA,1,"tropical_temperate",TRUE,TRUE,FALSE,TRUE,FALSE,0.871323529411765,-22.271538218865,-13.8998023638537,1.79829806540506,"normal_LDG","grid_cell_balanced_resampling_OLS",56.169547,9.73561,65.905157
248.3,"Olenekian","Northern",-0.00560329621863718,-0.0328671832453077,0.268117478489896,-0.480533551825131,0.559183927071116,52.8054711660673,0.389554149338233,0.650081041496484,0.0310700355292296,9,100,0.52,0.48,3,"occurrence5","occurrence",5,NA,"per_cell_balanced_resampling_OLS","median_resampled_slope",NA,20,3,9.73561,65.905157,56.169547,TRUE,TRUE,TRUE,1360,68,35.5,6,364,FALSE,3,12,6.66666666666667,5,0.708872343937891,0.45,0.6,TRUE,TRUE,TRUE,FALSE,TRUE,"bad","Bad hemisphere","occurrence5_k1_tropical_temperate","occurrence",5,NA,1,"tropical_temperate",TRUE,TRUE,FALSE,TRUE,FALSE,0.9,-0.504296659677346,-0.314734610307663,1.03971747889625,"normal_LDG","grid_cell_balanced_resampling_OLS",56.169547,9.73561,65.905157
250.901,"Induan","Northern",-0.0250540345375023,-0.0426290534146776,0.154246366089297,-0.350753797129589,0.221298701508157,33.9473499409003,0.245105027700369,0.638517977474833,0.0174904639343589,15,100,0.58,0.42,5,"occurrence5","occurrence",5,NA,"per_cell_balanced_resampling_OLS","median_resampled_slope",NA,31,3,9.73561,65.905157,56.169547,TRUE,TRUE,TRUE,3311,106.806451612903,51,5,608,FALSE,5,20,10.3333333333333,6,0.811596491961879,0.483870967741935,0.645161290322581,TRUE,TRUE,TRUE,FALSE,TRUE,"bad","Bad hemisphere","occurrence5_k1_tropical_temperate","occurrence",5,NA,1,"tropical_temperate",TRUE,TRUE,FALSE,TRUE,FALSE,0.405241935483871,-2.25486310837521,-1.40727377049386,0.572052498637745,"normal_LDG","grid_cell_balanced_resampling_OLS",56.169547,9.73561,65.905157
253.021,"Changhsingian","Northern",-0.444574291028487,-0.443603304360612,0.262197764466462,-0.900555631407095,-0.0195887090502191,43.0484568391779,0.218668681903259,0.193630348290298,0.37845790430047,6,100,1,0,2,"occurrence5","occurrence",5,NA,"per_cell_balanced_resampling_OLS","median_resampled_slope",NA,18,3,9.73561,65.905157,56.169547,TRUE,TRUE,TRUE,4236,235.333333333333,120,8,1060,FALSE,2,14,6,2,1.15470053837925,0.333333333333333,0.777777777777778,TRUE,TRUE,TRUE,FALSE,TRUE,"bad","Bad hemisphere","occurrence5_k1_tropical_temperate","occurrence",5,NA,1,"tropical_temperate",TRUE,TRUE,FALSE,TRUE,FALSE,0.716666666666667,-40.0116861925638,-24.9715365349163,0.880966922356876,"normal_LDG","grid_cell_balanced_resampling_OLS",56.169547,9.73561,65.905157
256.825,"Wuchiapingian","Northern",-0.538345528851638,-0.536894113645265,0.223968870349074,-0.96507510393654,-0.127366223938614,44.735379808127,0.224326034703168,0.040735263342544,0.355508425251524,12,100,1,0,4,"occurrence5","occurrence",5,NA,"per_cell_balanced_resampling_OLS","median_resampled_slope",NA,33,3,9.73561,65.905157,56.169547,TRUE,TRUE,TRUE,4922,149.151515151515,62,6,765,FALSE,4,21,11,8,0.808017674301417,0.363636363636364,0.636363636363636,TRUE,TRUE,TRUE,FALSE,TRUE,"bad","Bad hemisphere","occurrence5_k1_tropical_temperate","occurrence",5,NA,1,"tropical_temperate",TRUE,TRUE,FALSE,TRUE,FALSE,0.435314685314685,-48.4510975966474,-30.2386244850719,0.837708879997926,"normal_LDG","grid_cell_balanced_resampling_OLS",56.169547,9.73561,65.905157
261.895,"Capitanian","Northern",-0.371566800611582,-0.402687544413541,0.12307759016956,-0.635601479350625,-0.172351059446961,45.8659424217468,0.338222537691199,0.270729221428736,0.0923862292641891,15,100,1,0,5,"occurrence5","occurrence",5,NA,"per_cell_balanced_resampling_OLS","median_resampled_slope",NA,20,3,9.73561,65.905157,56.169547,TRUE,TRUE,TRUE,2431,121.55,35,6,1319,FALSE,5,8,6.66666666666667,7,0.229128784747792,0.75,0.4,TRUE,TRUE,TRUE,FALSE,TRUE,"bad","Bad hemisphere","occurrence5_k1_tropical_temperate","occurrence",5,NA,1,"tropical_temperate",TRUE,TRUE,FALSE,TRUE,FALSE,0.207692307692308,-33.4410120550424,-20.8707388705919,0.463250419903664,"normal_LDG","grid_cell_balanced_resampling_OLS",56.169547,9.73561,65.905157
265.59,"Wordian","Northern",-0.509392062609237,-0.488413096558907,0.0700613959006655,-0.58854685922517,-0.34315631401336,48.1022428551392,0.200091535291684,0.0248450566847078,0.2770187012464,18,100,1,0,6,"occurrence5","occurrence",5,NA,"per_cell_balanced_resampling_OLS","median_resampled_slope",NA,22,3,9.73561,65.905157,56.169547,TRUE,TRUE,TRUE,2384,108.363636363636,34.5,6,685,FALSE,6,9,7.33333333333333,7,0.208298895225265,0.818181818181818,0.409090909090909,TRUE,TRUE,TRUE,FALSE,TRUE,"bad","Bad hemisphere","occurrence5_k1_tropical_temperate","occurrence",5,NA,1,"tropical_temperate",TRUE,TRUE,FALSE,TRUE,FALSE,0.0996503496503497,-45.8452856348313,-28.6123214021565,0.245390545211811,"normal_LDG","grid_cell_balanced_resampling_OLS",56.169547,9.73561,65.905157
270.65,"Roadian","Northern",-0.566123642440884,-0.567810927630476,0.0157453718677722,-0.596974355051113,-0.542370763120951,41.6821708664142,0.230519659755035,0.023722238135781,0.241342645878585,21,100,1,0,7,"occurrence5","occurrence",5,NA,"per_cell_balanced_resampling_OLS","median_resampled_slope",NA,25,3,9.73561,65.905157,56.169547,TRUE,TRUE,TRUE,6639,265.56,57,5,2684,FALSE,7,11,8.33333333333333,7,0.27712812921102,0.84,0.44,TRUE,TRUE,TRUE,FALSE,TRUE,"bad","Bad hemisphere","occurrence5_k1_tropical_temperate","occurrence",5,NA,1,"tropical_temperate",TRUE,TRUE,FALSE,TRUE,FALSE,0.0175,-50.9511278196796,-31.7989085418944,0.0546035919301624,"normal_LDG","grid_cell_balanced_resampling_OLS",56.169547,9.73561,65.905157
278.85,"Kungurian","Northern",-0.306173762922211,-0.326012330978374,0.164321478656764,-0.589081941049896,-0.0764454419761153,31.971040111015,0.247219624556131,0.174402563219084,0.13721027737874,15,100,1,0,5,"occurrence5","occurrence",5,NA,"per_cell_balanced_resampling_OLS","median_resampled_slope",NA,28,3,9.73561,65.905157,56.169547,TRUE,TRUE,TRUE,3207,114.535714285714,63,5,1047,FALSE,5,13,9.33333333333333,10,0.433012701892219,0.535714285714286,0.464285714285714,TRUE,TRUE,TRUE,FALSE,TRUE,"bad","Bad hemisphere","occurrence5_k1_tropical_temperate","occurrence",5,NA,1,"tropical_temperate",TRUE,TRUE,FALSE,TRUE,FALSE,0.0945378151260504,-27.555638662999,-17.197641566626,0.512636499073781,"normal_LDG","grid_cell_balanced_resampling_OLS",56.169547,9.73561,65.905157
286.7,"Artinskian","Northern",-2.33321721799883,-1.29688256614318,1.35921077614184,-2.72900144180729,0.333068277148106,103.587861169652,0.623093815877189,0.426878994686964,0.613850697675647,3,100,0.58,0.42,1,"occurrence5","occurrence",5,NA,"per_cell_balanced_resampling_OLS","median_resampled_slope",NA,16,3,9.73561,65.905157,56.169547,TRUE,TRUE,TRUE,957,59.8125,30.5,5,176,FALSE,1,13,5.33333333333333,2,1.24843652221489,0.1875,0.8125,TRUE,TRUE,TRUE,FALSE,TRUE,"bad","Bad hemisphere","occurrence5_k1_tropical_temperate","occurrence",5,NA,1,"tropical_temperate",TRUE,TRUE,FALSE,TRUE,FALSE,0.334239130434783,-209.989549619895,-131.055754187595,3.06206971895539,"normal_LDG","grid_cell_balanced_resampling_OLS",56.169547,9.73561,65.905157
291.81,"Sakmarian","Northern",-0.141516402322652,-0.143893947182071,0.0417479195783893,-0.220641583406648,-0.0659492194420658,29.7910012208308,0.294380039323692,0.644487906501257,0.0321274376421247,9,100,1,0,3,"occurrence5","occurrence",5,NA,"per_cell_balanced_resampling_OLS","median_resampled_slope",NA,17,3,9.73561,65.905157,56.169547,TRUE,TRUE,TRUE,885,52.0588235294118,25,5,258,FALSE,3,9,5.66666666666667,5,0.539126552347746,0.529411764705882,0.529411764705882,TRUE,TRUE,TRUE,FALSE,TRUE,"bad","Bad hemisphere","occurrence5_k1_tropical_temperate","occurrence",5,NA,1,"tropical_temperate",TRUE,TRUE,FALSE,TRUE,FALSE,0.00315126050420167,-12.7364762090387,-7.94891221153311,0.154692363964582,"normal_LDG","grid_cell_balanced_resampling_OLS",56.169547,9.73561,65.905157
296.21,"Asselian","Northern",-0.161056499043252,-0.252553279474338,0.217934523297631,-0.674908551988665,-0.00795298091887317,20.0583798030027,0.297975887669597,0.72128594763301,0.179734202871356,3,100,0.97,0.03,1,"occurrence5","occurrence",5,NA,"per_cell_balanced_resampling_OLS","median_resampled_slope",NA,13,3,9.73561,65.905157,56.169547,TRUE,TRUE,TRUE,479,36.8461538461538,22,5,122,FALSE,1,8,4.33333333333333,4,0.810434904065595,0.230769230769231,0.615384615384615,TRUE,TRUE,TRUE,FALSE,TRUE,"bad","Bad hemisphere","occurrence5_k1_tropical_temperate","occurrence",5,NA,1,"tropical_temperate",TRUE,TRUE,FALSE,TRUE,FALSE,0.509615384615385,-14.4950849138927,-9.0464705926654,0.666955571069791,"normal_LDG","grid_cell_balanced_resampling_OLS",56.169547,9.73561,65.905157
301.3,"Gzhelian","Northern",-0.684432734549805,-0.703398100467309,0.147242412813303,-0.871326182810649,-0.530582870016099,43.9535017986083,0.274081192036204,0.258693266861907,0.843201946444969,3,100,1,0,1,"occurrence5","occurrence",5,NA,"per_cell_balanced_resampling_OLS","median_resampled_slope",NA,6,3,9.73561,65.905157,56.169547,TRUE,TRUE,TRUE,449,74.8333333333333,45.5,5,176,FALSE,1,3,2,2,0.5,0.5,0.5,TRUE,TRUE,TRUE,FALSE,TRUE,"bad","Bad hemisphere","occurrence5_k1_tropical_temperate","occurrence",5,NA,1,"tropical_temperate",TRUE,TRUE,FALSE,TRUE,FALSE,0.727272727272727,-61.5989461094825,-38.4442766516338,0.34074331279455,"normal_LDG","grid_cell_balanced_resampling_OLS",56.169547,9.73561,65.905157
305.35,"Kasimovian","Northern",NA,NA,NA,NA,NA,NA,NA,NA,NA,NA,0,NA,NA,NA,"occurrence5","occurrence",5,NA,"per_cell_balanced_resampling_OLS","median_resampled_slope",NA,2,1,30.640768,30.640768,0,FALSE,TRUE,FALSE,13,6.5,6.5,6,7,FALSE,0,2,0.666666666666667,0,1.73205080756888,0,1,FALSE,TRUE,TRUE,FALSE,TRUE,"bad","Bad hemisphere","occurrence5_k1_tropical_temperate","occurrence",5,NA,1,"tropical_temperate",TRUE,TRUE,FALSE,TRUE,FALSE,1,NA,NA,NA,NA,"grid_cell_balanced_resampling_OLS",0,30.640768,30.640768
311.1,"Moscovian","Northern",-0.129331837626299,-0.129331837626299,5.66901579483583e-17,-0.129331837626299,-0.129331837626299,8.31482329306819,0.131395504593615,0.380696904906075,0.194982347561701,6,100,1,0,3,"occurrence5","occurrence",5,NA,"per_cell_balanced_resampling_OLS","median_resampled_slope",NA,6,2,9.73561,30.640768,20.905158,TRUE,TRUE,FALSE,155,25.8333333333333,18,5,73,FALSE,0,3,2,3,0.866025403784439,0,0.5,TRUE,TRUE,TRUE,FALSE,TRUE,"bad","Bad hemisphere","occurrence5_k1_tropical_temperate","occurrence",5,NA,1,"tropical_temperate",TRUE,TRUE,FALSE,TRUE,FALSE,0.0576923076923077,-11.6398653863669,-2.70370250000812,1.66533453693773e-16,"normal_LDG","grid_cell_balanced_resampling_OLS",20.905158,9.73561,30.640768
319.3,"Bashkirian","Northern",-0.430226787109837,-0.34174485007102,0.312542305362903,-0.764899525322409,0.157923207797484,33.7777961220509,0.391480411616659,0.606070300028689,0.336451628653925,3,100,0.85,0.15,1,"occurrence5","occurrence",5,NA,"per_cell_balanced_resampling_OLS","median_resampled_slope",NA,7,3,9.73561,65.905157,56.169547,TRUE,TRUE,TRUE,483,69,28,6,336,FALSE,1,4,2.33333333333333,2,0.654653670707977,0.428571428571429,0.571428571428571,TRUE,TRUE,TRUE,FALSE,TRUE,"bad","Bad hemisphere","occurrence5_k1_tropical_temperate","occurrence",5,NA,1,"tropical_temperate",TRUE,TRUE,FALSE,TRUE,FALSE,0.0494505494505494,-38.7204108398854,-24.165643739225,0.922822733119893,"normal_LDG","grid_cell_balanced_resampling_OLS",56.169547,9.73561,65.905157
326.85,"Serpukhovian","Northern",NA,NA,NA,NA,NA,NA,NA,NA,NA,NA,0,NA,NA,NA,"occurrence5","occurrence",5,NA,"per_cell_balanced_resampling_OLS","median_resampled_slope",NA,7,2,9.73561,30.640768,20.905158,TRUE,TRUE,FALSE,579,82.7142857142857,56,5,182,FALSE,0,6,2.33333333333333,1,1.37766439442757,0,0.857142857142857,TRUE,TRUE,TRUE,FALSE,TRUE,"bad","Bad hemisphere","occurrence5_k1_tropical_temperate","occurrence",5,NA,1,"tropical_temperate",TRUE,TRUE,FALSE,TRUE,FALSE,0.0595238095238095,NA,NA,NA,NA,"grid_cell_balanced_resampling_OLS",20.905158,9.73561,30.640768
338.5,"Visean","Northern",-0.0520285977432819,-0.0467636954070851,0.0354548902916118,-0.0825640982456933,0.00238557169901855,5.06270133919171,0.191049955971169,0.851433275824865,0.0220720715321307,4,100,0.69,0.31,2,"occurrence5","occurrence",5,NA,"per_cell_balanced_resampling_OLS","median_resampled_slope",NA,5,2,9.73561,30.640768,20.905158,TRUE,TRUE,FALSE,55,11,10,5,18,FALSE,0,3,1.66666666666667,2,0.916515138991168,0,0.6,TRUE,TRUE,TRUE,FALSE,TRUE,"bad","Bad hemisphere","occurrence5_k1_tropical_temperate","occurrence",5,NA,1,"tropical_temperate",TRUE,TRUE,FALSE,TRUE,FALSE,0.1,-4.68257379689537,-1.08766605634175,0.0849496699447119,"normal_LDG","grid_cell_balanced_resampling_OLS",20.905158,9.73561,30.640768
352.78,"Tournaisian","Northern",NA,NA,NA,NA,NA,NA,NA,NA,NA,NA,0,NA,NA,NA,"occurrence5","occurrence",5,NA,"per_cell_balanced_resampling_OLS","median_resampled_slope",NA,2,1,9.73561,9.73561,0,TRUE,FALSE,FALSE,223,111.5,111.5,33,190,FALSE,0,2,0.666666666666667,0,1.73205080756888,0,1,TRUE,FALSE,TRUE,FALSE,TRUE,"bad","Bad hemisphere","occurrence5_k1_tropical_temperate","occurrence",5,NA,1,"tropical_temperate",TRUE,TRUE,FALSE,TRUE,FALSE,0.681818181818182,NA,NA,NA,NA,"grid_cell_balanced_resampling_OLS",0,9.73561,9.73561
365.505,"Famennian","Northern",NA,NA,NA,NA,NA,NA,NA,NA,NA,NA,0,NA,NA,NA,"occurrence5","occurrence",5,NA,"per_cell_balanced_resampling_OLS","median_resampled_slope",NA,2,1,9.73561,9.73561,0,TRUE,FALSE,FALSE,99,49.5,49.5,39,60,FALSE,0,2,0.666666666666667,0,1.73205080756888,0,1,TRUE,FALSE,TRUE,FALSE,TRUE,"bad","Bad hemisphere","occurrence5_k1_tropical_temperate","occurrence",5,NA,1,"tropical_temperate",TRUE,TRUE,FALSE,TRUE,FALSE,0.533333333333333,NA,NA,NA,NA,"grid_cell_balanced_resampling_OLS",0,9.73561,9.73561
377.23,"Frasnian","Northern",NA,NA,NA,NA,NA,NA,NA,NA,NA,NA,0,NA,NA,NA,"occurrence5","occurrence",5,NA,"per_cell_balanced_resampling_OLS","median_resampled_slope",NA,2,2,9.73561,30.640768,20.905158,TRUE,TRUE,FALSE,183,91.5,91.5,61,122,FALSE,0,1,0.666666666666667,1,0.866025403784439,0,0.5,TRUE,TRUE,TRUE,FALSE,TRUE,"bad","Bad hemisphere","occurrence5_k1_tropical_temperate","occurrence",5,NA,1,"tropical_temperate",TRUE,TRUE,FALSE,TRUE,FALSE,0.515625,NA,NA,NA,NA,"grid_cell_balanced_resampling_OLS",20.905158,9.73561,30.640768
385.13,"Givetian","Northern",0.550018613852992,0.550018613852992,7.0570407979945e-17,0.550018613852992,0.550018613852992,2.41642557587245,0.361026240352668,0.267097973947779,0.537145379791451,4,100,0,1,2,"occurrence5","occurrence",5,NA,"per_cell_balanced_resampling_OLS","median_resampled_slope",NA,4,2,9.73561,30.640768,20.905158,TRUE,TRUE,FALSE,116,29,28,11,49,FALSE,0,2,1.33333333333333,2,0.866025403784439,0,0.5,TRUE,TRUE,TRUE,FALSE,TRUE,"bad","Bad hemisphere","occurrence5_k1_tropical_temperate","occurrence",5,NA,1,"tropical_temperate",TRUE,TRUE,FALSE,TRUE,FALSE,0.522727272727273,49.5016752467693,11.4982260255378,1.11022302462516e-16,"reverse_LDG","grid_cell_balanced_resampling_OLS",20.905158,9.73561,30.640768
390.71,"Eifelian","Northern",NA,NA,NA,NA,NA,NA,NA,NA,NA,NA,0,NA,NA,NA,"occurrence5","occurrence",5,NA,"per_cell_balanced_resampling_OLS","median_resampled_slope",NA,3,1,9.73561,9.73561,0,TRUE,FALSE,FALSE,128,42.6666666666667,43,6,79,FALSE,0,3,1,0,1.73205080756888,0,1,TRUE,FALSE,TRUE,FALSE,TRUE,"bad","Bad hemisphere","occurrence5_k1_tropical_temperate","occurrence",5,NA,1,"tropical_temperate",TRUE,TRUE,FALSE,TRUE,FALSE,1.171875,NA,NA,NA,NA,"grid_cell_balanced_resampling_OLS",0,9.73561,9.73561
402.045,"Emsian","Northern",-0.335587649708072,-0.316056505003652,0.134590446780305,-0.559222771969962,-0.0631366625191321,24.9440763575827,0.217584820812144,0.244949302132989,0.216794113564412,8,100,1,0,4,"occurrence5","occurrence",5,NA,"per_cell_balanced_resampling_OLS","median_resampled_slope",NA,12,2,9.73561,30.640768,20.905158,TRUE,TRUE,FALSE,1070,89.1666666666667,53.5,6,401,FALSE,0,8,4,4,1,0,0.666666666666667,TRUE,TRUE,TRUE,FALSE,TRUE,"bad","Bad hemisphere","occurrence5_k1_tropical_temperate","occurrence",5,NA,1,"tropical_temperate",TRUE,TRUE,FALSE,TRUE,FALSE,0.772727272727273,-30.2028884737265,-7.0155128399959,0.49608610945083,"normal_LDG","grid_cell_balanced_resampling_OLS",20.905158,9.73561,30.640768
411.82,"Pragian","Northern",NA,NA,NA,NA,NA,NA,NA,NA,NA,NA,0,NA,NA,NA,"occurrence5","occurrence",5,NA,"per_cell_balanced_resampling_OLS","median_resampled_slope",NA,5,1,9.73561,9.73561,0,TRUE,FALSE,FALSE,443,88.6,70,56,178,FALSE,0,5,1.66666666666667,0,1.73205080756888,0,1,TRUE,FALSE,TRUE,FALSE,TRUE,"bad","Bad hemisphere","occurrence5_k1_tropical_temperate","occurrence",5,NA,1,"tropical_temperate",TRUE,TRUE,FALSE,TRUE,FALSE,1.17857142857143,NA,NA,NA,NA,"grid_cell_balanced_resampling_OLS",0,9.73561,9.73561
416.32,"Lochkovian","Northern",NA,NA,NA,NA,NA,NA,NA,NA,NA,NA,0,NA,NA,NA,"occurrence5","occurrence",5,NA,"per_cell_balanced_resampling_OLS","median_resampled_slope",NA,9,2,9.73561,30.640768,20.905158,TRUE,TRUE,FALSE,503,55.8888888888889,54,11,153,FALSE,0,8,3,1,1.45296631451356,0,0.888888888888889,TRUE,TRUE,TRUE,FALSE,TRUE,"bad","Bad hemisphere","occurrence5_k1_tropical_temperate","occurrence",5,NA,1,"tropical_temperate",TRUE,TRUE,FALSE,TRUE,FALSE,0.645833333333333,NA,NA,NA,NA,"grid_cell_balanced_resampling_OLS",20.905158,9.73561,30.640768
421.16,"Pridoli","Northern",NA,NA,NA,NA,NA,NA,NA,NA,NA,NA,0,NA,NA,NA,"occurrence5","occurrence",5,NA,"per_cell_balanced_resampling_OLS","median_resampled_slope",NA,3,1,9.73561,9.73561,0,TRUE,FALSE,FALSE,131,43.6666666666667,37,10,84,FALSE,0,3,1,0,1.73205080756888,0,1,TRUE,FALSE,TRUE,FALSE,TRUE,"bad","Bad hemisphere","occurrence5_k1_tropical_temperate","occurrence",5,NA,1,"tropical_temperate",TRUE,TRUE,FALSE,TRUE,FALSE,0.84375,NA,NA,NA,NA,"grid_cell_balanced_resampling_OLS",0,9.73561,9.73561
423.85,"Ludfordian","Northern",NA,NA,NA,NA,NA,NA,NA,NA,NA,NA,NA,NA,NA,NA,"occurrence5","occurrence",5,NA,"per_cell_balanced_resampling_OLS","median_resampled_slope",NA,NA,NA,NA,NA,NA,NA,NA,NA,NA,NA,NA,NA,NA,NA,NA,NA,NA,NA,NA,NA,NA,NA,NA,NA,NA,NA,"bad","Bad hemisphere","occurrence5_k1_tropical_temperate","occurrence",5,NA,1,"tropical_temperate",TRUE,TRUE,FALSE,TRUE,FALSE,0.642857142857143,NA,NA,NA,NA,"grid_cell_balanced_resampling_OLS",NA,NA,NA
425.85,"Gorstian","Northern",NA,NA,NA,NA,NA,NA,NA,NA,NA,NA,0,NA,NA,NA,"occurrence5","occurrence",5,NA,"per_cell_balanced_resampling_OLS","median_resampled_slope",NA,1,1,9.73561,9.73561,0,TRUE,FALSE,FALSE,80,80,80,80,80,FALSE,0,1,0.333333333333333,0,1.73205080756888,0,1,TRUE,FALSE,TRUE,FALSE,TRUE,"bad","Bad hemisphere","occurrence5_k1_tropical_temperate","occurrence",5,NA,1,"tropical_temperate",TRUE,TRUE,FALSE,TRUE,FALSE,1,NA,NA,NA,NA,"grid_cell_balanced_resampling_OLS",0,9.73561,9.73561
428.65,"Homerian","Northern",-0.531100927225888,-0.571310867860505,0.293201973594116,-1.14688555019749,-0.210823107462306,30.8248750468869,0.466712428370491,0.411973898378654,0.173070588836284,6,100,1,0,3,"occurrence5","occurrence",5,NA,"per_cell_balanced_resampling_OLS","median_resampled_slope",NA,8,2,9.73561,30.640768,20.905158,TRUE,TRUE,FALSE,605,75.625,52.5,8,216,FALSE,0,5,2.66666666666667,3,0.943729304408844,0,0.625,TRUE,TRUE,TRUE,FALSE,TRUE,"bad","Bad hemisphere","occurrence5_k1_tropical_temperate","occurrence",5,NA,1,"tropical_temperate",TRUE,TRUE,FALSE,TRUE,FALSE,0.5,-47.7990834503299,-11.1027487976037,0.936062442735182,"normal_LDG","grid_cell_balanced_resampling_OLS",20.905158,9.73561,30.640768
431.75,"Sheinwoodian","Northern",NA,NA,NA,NA,NA,NA,NA,NA,NA,NA,0,NA,NA,NA,"occurrence5","occurrence",5,NA,"per_cell_balanced_resampling_OLS","median_resampled_slope",NA,1,1,9.73561,9.73561,0,TRUE,FALSE,FALSE,334,334,334,334,334,FALSE,0,1,0.333333333333333,0,1.73205080756888,0,1,TRUE,FALSE,TRUE,FALSE,TRUE,"bad","Bad hemisphere","occurrence5_k1_tropical_temperate","occurrence",5,NA,1,"tropical_temperate",TRUE,TRUE,FALSE,TRUE,FALSE,0.75,NA,NA,NA,NA,"grid_cell_balanced_resampling_OLS",0,9.73561,9.73561
435.75,"Telychian","Northern",-0.652183669613326,-0.847676568983636,0.538242716065168,-2.03469864988947,-0.173929779275796,32.6224603972424,0.725875401318833,0.273714120379683,0.286576043746542,6,100,1,0,3,"occurrence5","occurrence",5,NA,"per_cell_balanced_resampling_OLS","median_resampled_slope",NA,10,2,9.73561,30.640768,20.905158,TRUE,TRUE,FALSE,550,55,23.5,7,190,FALSE,0,7,3.33333333333333,3,1.05356537528527,0,0.7,TRUE,TRUE,TRUE,FALSE,TRUE,"bad","Bad hemisphere","occurrence5_k1_tropical_temperate","occurrence",5,NA,1,"tropical_temperate",TRUE,TRUE,FALSE,TRUE,FALSE,0.621428571428571,-58.6965302651993,-13.6340026582864,1.86076887061367,"normal_LDG","grid_cell_balanced_resampling_OLS",20.905158,9.73561,30.640768
439.55,"Aeronian","Northern",NA,NA,NA,NA,NA,NA,NA,NA,NA,NA,0,NA,NA,NA,"occurrence5","occurrence",5,NA,"per_cell_balanced_resampling_OLS","median_resampled_slope",NA,3,1,9.73561,9.73561,0,TRUE,FALSE,FALSE,55,18.3333333333333,23,8,24,FALSE,0,3,1,0,1.73205080756888,0,1,TRUE,FALSE,TRUE,FALSE,TRUE,"bad","Bad hemisphere","occurrence5_k1_tropical_temperate","occurrence",5,NA,1,"tropical_temperate",TRUE,TRUE,FALSE,TRUE,FALSE,1.36363636363636,NA,NA,NA,NA,"grid_cell_balanced_resampling_OLS",0,9.73561,9.73561
441.8,"Rhuddanian","Northern",NA,NA,NA,NA,NA,NA,NA,NA,NA,NA,0,NA,NA,NA,"occurrence5","occurrence",5,NA,"per_cell_balanced_resampling_OLS","median_resampled_slope",NA,5,2,9.73561,30.640768,20.905158,TRUE,TRUE,FALSE,397,79.4,61,17,192,FALSE,0,4,1.66666666666667,1,1.24899959967968,0,0.8,TRUE,TRUE,TRUE,FALSE,TRUE,"bad","Bad hemisphere","occurrence5_k1_tropical_temperate","occurrence",5,NA,1,"tropical_temperate",TRUE,TRUE,FALSE,TRUE,FALSE,0.564705882352941,NA,NA,NA,NA,"grid_cell_balanced_resampling_OLS",20.905158,9.73561,30.640768
444.15,"Hirnantian","Northern",NA,NA,NA,NA,NA,NA,NA,NA,NA,NA,0,NA,NA,NA,"occurrence5","occurrence",5,NA,"per_cell_balanced_resampling_OLS","median_resampled_slope",NA,8,1,9.73561,9.73561,0,TRUE,FALSE,FALSE,318,39.75,34,11,108,FALSE,0,8,2.66666666666667,0,1.73205080756888,0,1,TRUE,FALSE,TRUE,FALSE,TRUE,"bad","Bad hemisphere","occurrence5_k1_tropical_temperate","occurrence",5,NA,1,"tropical_temperate",TRUE,TRUE,FALSE,TRUE,FALSE,1.34210526315789,NA,NA,NA,NA,"grid_cell_balanced_resampling_OLS",0,9.73561,9.73561
449,"Katian","Northern",-0.906548216901842,-0.902649180210806,0.779007450617353,-2.47623752626187,0.328405157804965,35.6319652874231,0.748625653374806,0.37222053135451,0.201255469424278,6,100,0.92,0.08,3,"occurrence5","occurrence",5,NA,"per_cell_balanced_resampling_OLS","median_resampled_slope",NA,19,2,9.73561,30.640768,20.905158,TRUE,TRUE,FALSE,1783,93.8421052631579,51,7,479,FALSE,0,16,6.33333333333333,3,1.34287903391296,0,0.842105263157895,TRUE,TRUE,TRUE,FALSE,TRUE,"bad","Bad hemisphere","occurrence5_k1_tropical_temperate","occurrence",5,NA,1,"tropical_temperate",TRUE,TRUE,FALSE,TRUE,FALSE,0.772773279352227,-81.5893395211658,-18.9515337089513,2.80464268406683,"normal_LDG","grid_cell_balanced_resampling_OLS",20.905158,9.73561,30.640768
455.5,"Sandbian","Northern",NA,NA,NA,NA,NA,NA,NA,NA,NA,NA,0,NA,NA,NA,"occurrence5","occurrence",5,NA,"per_cell_balanced_resampling_OLS","median_resampled_slope",NA,13,1,9.73561,9.73561,0,TRUE,FALSE,FALSE,1102,84.7692307692308,68,6,193,FALSE,0,13,4.33333333333333,0,1.73205080756888,0,1,TRUE,FALSE,TRUE,FALSE,TRUE,"bad","Bad hemisphere","occurrence5_k1_tropical_temperate","occurrence",5,NA,1,"tropical_temperate",TRUE,TRUE,FALSE,TRUE,FALSE,1.31707317073171,NA,NA,NA,NA,"grid_cell_balanced_resampling_OLS",0,9.73561,9.73561
463.8,"Darriwilian","Northern",NA,NA,NA,NA,NA,NA,NA,NA,NA,NA,0,NA,NA,NA,"occurrence5","occurrence",5,NA,"per_cell_balanced_resampling_OLS","median_resampled_slope",NA,13,2,9.73561,30.640768,20.905158,TRUE,TRUE,FALSE,1048,80.6153846153846,62,12,378,FALSE,0,12,4.33333333333333,1,1.53653725811063,0,0.923076923076923,TRUE,TRUE,TRUE,FALSE,TRUE,"bad","Bad hemisphere","occurrence5_k1_tropical_temperate","occurrence",5,NA,1,"tropical_temperate",TRUE,TRUE,FALSE,TRUE,FALSE,0.986656200941915,NA,NA,NA,NA,"grid_cell_balanced_resampling_OLS",20.905158,9.73561,30.640768
470.35,"Dapingian","Northern",NA,NA,NA,NA,NA,NA,NA,NA,NA,NA,0,NA,NA,NA,"occurrence5","occurrence",5,NA,"per_cell_balanced_resampling_OLS","median_resampled_slope",NA,3,2,9.73561,30.640768,20.905158,TRUE,TRUE,FALSE,129,43,33,20,76,FALSE,0,2,1,1,1,0,0.666666666666667,TRUE,TRUE,TRUE,FALSE,TRUE,"bad","Bad hemisphere","occurrence5_k1_tropical_temperate","occurrence",5,NA,1,"tropical_temperate",TRUE,TRUE,FALSE,TRUE,FALSE,0.380952380952381,NA,NA,NA,NA,"grid_cell_balanced_resampling_OLS",20.905158,9.73561,30.640768
474.2,"Floian","Northern",-1.54118157176119,-1.67677845337686,0.928799127882602,-3.26036823410591,-0.244089277445347,52.693182133485,1.03651538692656,0.158498985577303,0.232154423805401,10,100,1,0,5,"occurrence5","occurrence",5,NA,"per_cell_balanced_resampling_OLS","median_resampled_slope",NA,15,2,9.73561,30.640768,20.905158,TRUE,TRUE,FALSE,1279,85.2666666666667,67,5,443,FALSE,0,10,5,5,1,0,0.666666666666667,TRUE,TRUE,TRUE,FALSE,TRUE,"bad","Bad hemisphere","occurrence5_k1_tropical_temperate","occurrence",5,NA,1,"tropical_temperate",TRUE,TRUE,FALSE,TRUE,FALSE,0.590909090909091,-138.706341458507,-32.218644264356,3.01627895666056,"normal_LDG","grid_cell_balanced_resampling_OLS",20.905158,9.73561,30.640768
481.975,"Tremadocian","Northern",-0.157960441843954,-0.247868339280293,0.453733944507846,-1.40727164958295,0.287634729435788,29.4508634127196,0.68243888799837,0.785849624076311,0.0133330017090859,8,100,0.73,0.27,4,"occurrence5","occurrence",5,NA,"per_cell_balanced_resampling_OLS","median_resampled_slope",NA,14,2,9.73561,30.640768,20.905158,TRUE,TRUE,FALSE,539,38.5,34,5,133,FALSE,0,10,4.66666666666667,4,1.07854777646725,0,0.714285714285714,TRUE,TRUE,TRUE,FALSE,TRUE,"bad","Bad hemisphere","occurrence5_k1_tropical_temperate","occurrence",5,NA,1,"tropical_temperate",TRUE,TRUE,FALSE,TRUE,FALSE,0.559233449477352,-14.2164397659558,-3.30218799449766,1.69490637901874,"normal_LDG","grid_cell_balanced_resampling_OLS",20.905158,9.73561,30.640768
0.00585,"Holocene","Southern",0.360338366113009,0.190729580191737,0.193686826510817,-0.0266816587466912,0.362399047982695,19.1853501350486,0.330261837825574,0.423483488355518,0.165470909814591,6,100,0.44,0.56,2,"occurrence5","occurrence",5,NA,"per_cell_balanced_resampling_OLS","median_resampled_slope",NA,7,3,9.73561,65.905157,56.169547,TRUE,TRUE,TRUE,456,65.1428571428571,44,20,227,FALSE,2,3,2.33333333333333,2,0.247435829652697,0.857142857142857,0.428571428571429,TRUE,TRUE,TRUE,FALSE,TRUE,"bad","Bad hemisphere","occurrence5_k1_tropical_temperate","occurrence",5,NA,1,"tropical_temperate",TRUE,TRUE,FALSE,TRUE,FALSE,0.214285714285714,32.4304529501708,20.2400427912879,0.389080706729386,"reverse_LDG","grid_cell_balanced_resampling_OLS",56.169547,9.73561,65.905157
1.29585,"Pleistocene","Southern",-0.178803437013076,-0.168894211148036,0.0546615330299503,-0.277132028011362,-0.0794820919578817,19.9588482657834,0.262540851664271,0.486496583114534,0.127860244316191,6,100,1,0,2,"occurrence5","occurrence",5,NA,"per_cell_balanced_resampling_OLS","median_resampled_slope",NA,16,3,9.73561,65.905157,56.169547,TRUE,TRUE,TRUE,1848,115.5,84,7,303,FALSE,2,9,5.33333333333333,5,0.658478359553296,0.375,0.5625,TRUE,TRUE,TRUE,FALSE,TRUE,"bad","Bad hemisphere","occurrence5_k1_tropical_temperate","occurrence",5,NA,1,"tropical_temperate",TRUE,TRUE,FALSE,TRUE,FALSE,0.28875,-16.0923093311768,-10.0433080590675,0.19764993605348,"normal_LDG","grid_cell_balanced_resampling_OLS",56.169547,9.73561,65.905157
3.09,"Piacenzian","Southern",-0.81287583185918,-0.692043744539233,0.263782269882002,-0.968030605904707,-0.186509751556092,39.8780625356378,0.287505084020234,0.0844227025119061,0.56598158959055,6,100,1,0,2,"occurrence5","occurrence",5,NA,"per_cell_balanced_resampling_OLS","median_resampled_slope",NA,10,3,9.73561,65.905157,56.169547,TRUE,TRUE,TRUE,765,76.5,74,5,156,FALSE,2,4,3.33333333333333,4,0.346410161513775,0.6,0.4,TRUE,TRUE,TRUE,FALSE,TRUE,"bad","Bad hemisphere","occurrence5_k1_tropical_temperate","occurrence",5,NA,1,"tropical_temperate",TRUE,TRUE,FALSE,TRUE,FALSE,0.225,-73.1588248673262,-45.6588672427783,0.781520854348615,"normal_LDG","grid_cell_balanced_resampling_OLS",56.169547,9.73561,65.905157
4.4665,"Zanclean","Southern",-0.68846045668165,-0.443681246185717,0.549848415364707,-0.85910478323048,0.669125353227475,48.2575916671854,0.215649567640648,0.263970860112185,0.836906454950822,3,100,0.76,0.24,1,"occurrence5","occurrence",5,NA,"per_cell_balanced_resampling_OLS","median_resampled_slope",NA,9,3,9.73561,65.905157,56.169547,TRUE,TRUE,TRUE,1161,129,104,42,309,FALSE,1,4,3,4,0.577350269189626,0.333333333333333,0.444444444444444,TRUE,TRUE,TRUE,FALSE,TRUE,"bad","Bad hemisphere","occurrence5_k1_tropical_temperate","occurrence",5,NA,1,"tropical_temperate",TRUE,TRUE,FALSE,TRUE,FALSE,0.225490196078431,-61.9614411013485,-38.6705119792214,1.52823013645796,"normal_LDG","grid_cell_balanced_resampling_OLS",56.169547,9.73561,65.905157
6.2895,"Messinian","Southern",NA,NA,NA,NA,NA,NA,NA,NA,NA,NA,0,NA,NA,NA,"occurrence5","occurrence",5,NA,"per_cell_balanced_resampling_OLS","median_resampled_slope",NA,1,1,30.640768,30.640768,0,FALSE,TRUE,FALSE,8,8,8,8,8,FALSE,0,1,0.333333333333333,0,1.73205080756888,0,1,FALSE,TRUE,TRUE,FALSE,TRUE,"bad","Bad hemisphere","occurrence5_k1_tropical_temperate","occurrence",5,NA,1,"tropical_temperate",TRUE,TRUE,FALSE,TRUE,FALSE,0.45,NA,NA,NA,NA,"grid_cell_balanced_resampling_OLS",0,30.640768,30.640768
9.438,"Tortonian","Southern",0.267353938094625,0.030607375086533,0.847285334545405,-1.52756888067336,1.1293514738732,2.01459876156761,0.718543713737461,0.556306131020606,0.412015064114666,3,100,0.36,0.64,1,"occurrence5","occurrence",5,NA,"per_cell_balanced_resampling_OLS","median_resampled_slope",NA,8,3,9.73561,65.905157,56.169547,TRUE,TRUE,TRUE,1064,133,100.5,6,423,FALSE,1,4,2.66666666666667,3,0.57282196186948,0.375,0.5,TRUE,TRUE,TRUE,FALSE,TRUE,"bad","Bad hemisphere","occurrence5_k1_tropical_temperate","occurrence",5,NA,1,"tropical_temperate",TRUE,TRUE,FALSE,TRUE,FALSE,0.336206896551724,24.0618544285162,15.0171495914411,2.65692035454656,"reverse_LDG","grid_cell_balanced_resampling_OLS",56.169547,9.73561,65.905157
12.725,"Serravallian","Southern",-0.291770709496844,-0.690656829069525,1.07569261250496,-2.59204472429004,0.8132801757707,23.4062838127924,0.356797323027185,0.283037500670522,0.815021193757375,3,100,0.72,0.28,1,"occurrence5","occurrence",5,NA,"per_cell_balanced_resampling_OLS","median_resampled_slope",NA,9,3,9.73561,65.905157,56.169547,TRUE,TRUE,TRUE,951,105.666666666667,91,22,212,FALSE,1,4,3,4,0.577350269189626,0.333333333333333,0.444444444444444,TRUE,TRUE,TRUE,FALSE,TRUE,"bad","Bad hemisphere","occurrence5_k1_tropical_temperate","occurrence",5,NA,1,"tropical_temperate",TRUE,TRUE,FALSE,TRUE,FALSE,0.279569892473118,-26.259363854716,-16.3886285803063,3.40532490006074,"normal_LDG","grid_cell_balanced_resampling_OLS",56.169547,9.73561,65.905157
14.9,"Langhian","Southern",NA,NA,NA,NA,NA,NA,NA,NA,NA,NA,NA,NA,NA,NA,"occurrence5","occurrence",5,NA,"per_cell_balanced_resampling_OLS","median_resampled_slope",NA,NA,NA,NA,NA,NA,NA,NA,NA,NA,NA,NA,NA,NA,NA,NA,NA,NA,NA,NA,NA,NA,NA,NA,NA,NA,NA,"bad","Bad hemisphere","occurrence5_k1_tropical_temperate","occurrence",5,NA,1,"tropical_temperate",TRUE,TRUE,FALSE,TRUE,FALSE,0.230769230769231,NA,NA,NA,NA,"grid_cell_balanced_resampling_OLS",NA,NA,NA
18.215,"Burdigalian","Southern",0.0952382250801343,0.0990771885336933,0.491431117132712,-0.630446552937041,1.18756964950999,19.8069127820712,0.265816602646294,0.349582276910967,0.727579695203815,3,100,0.42,0.58,1,"occurrence5","occurrence",5,NA,"per_cell_balanced_resampling_OLS","median_resampled_slope",NA,15,3,9.73561,65.905157,56.169547,TRUE,TRUE,TRUE,2406,160.4,106,5,460,FALSE,1,9,5,5,0.8,0.2,0.6,TRUE,TRUE,TRUE,FALSE,TRUE,"bad","Bad hemisphere","occurrence5_k1_tropical_temperate","occurrence",5,NA,1,"tropical_temperate",TRUE,TRUE,FALSE,TRUE,FALSE,0.125,8.57144025721208,5.34948795983518,1.81801620244703,"reverse_LDG","grid_cell_balanced_resampling_OLS",56.169547,9.73561,65.905157
21.745,"Aquitanian","Southern",NA,NA,NA,NA,NA,NA,NA,NA,NA,NA,0,NA,NA,NA,"occurrence5","occurrence",5,NA,"per_cell_balanced_resampling_OLS","median_resampled_slope",NA,2,1,65.905157,65.905157,0,FALSE,FALSE,TRUE,190,95,95,7,183,FALSE,0,2,0.666666666666667,0,1.73205080756888,0,1,FALSE,FALSE,TRUE,FALSE,TRUE,"bad","Bad hemisphere","occurrence5_k1_tropical_temperate","occurrence",5,NA,1,"tropical_temperate",TRUE,TRUE,FALSE,TRUE,FALSE,0.5,NA,NA,NA,NA,"grid_cell_balanced_resampling_OLS",0,65.905157,65.905157
25.17,"Chattian","Southern",NA,NA,NA,NA,NA,NA,NA,NA,NA,NA,0,NA,NA,NA,"occurrence5","occurrence",5,NA,"per_cell_balanced_resampling_OLS","median_resampled_slope",NA,3,1,65.905157,65.905157,0,FALSE,FALSE,TRUE,513,171,47,8,458,FALSE,0,3,1,0,1.73205080756888,0,1,FALSE,FALSE,TRUE,FALSE,TRUE,"bad","Bad hemisphere","occurrence5_k1_tropical_temperate","occurrence",5,NA,1,"tropical_temperate",TRUE,TRUE,FALSE,TRUE,FALSE,0.1875,NA,NA,NA,NA,"grid_cell_balanced_resampling_OLS",0,65.905157,65.905157
30.6,"Rupelian","Southern",0.230738260997571,0.214276570995074,0.101616384674653,0.0858852803012271,0.333201771729634,2.68035610473187,0.176739983528671,0.496256792352224,0.25375721925127,4,100,0,1,2,"occurrence5","occurrence",5,NA,"per_cell_balanced_resampling_OLS","median_resampled_slope",NA,5,2,9.73561,65.905157,56.169547,TRUE,FALSE,TRUE,148,29.6,26,8,59,FALSE,0,3,1.66666666666667,2,0.916515138991168,0,0.6,TRUE,FALSE,TRUE,FALSE,TRUE,"bad","Bad hemisphere","occurrence5_k1_tropical_temperate","occurrence",5,NA,1,"tropical_temperate",TRUE,TRUE,FALSE,TRUE,FALSE,0.322222222222222,20.7664434897814,12.9604635958013,0.247316491428407,"reverse_LDG","grid_cell_balanced_resampling_OLS",56.169547,9.73561,65.905157
35.805,"Priabonian","Southern",NA,NA,NA,NA,NA,NA,NA,NA,NA,NA,0,NA,NA,NA,"occurrence5","occurrence",5,NA,"per_cell_balanced_resampling_OLS","median_resampled_slope",NA,11,2,9.73561,65.905157,56.169547,TRUE,FALSE,TRUE,824,74.9090909090909,53,6,271,FALSE,0,10,3.66666666666667,1,1.50206469471439,0,0.909090909090909,TRUE,FALSE,TRUE,FALSE,TRUE,"bad","Bad hemisphere","occurrence5_k1_tropical_temperate","occurrence",5,NA,1,"tropical_temperate",TRUE,TRUE,FALSE,TRUE,FALSE,0.113636363636364,NA,NA,NA,NA,"grid_cell_balanced_resampling_OLS",56.169547,9.73561,65.905157
39.37,"Bartonian","Southern",NA,NA,NA,NA,NA,NA,NA,NA,NA,NA,0,NA,NA,NA,"occurrence5","occurrence",5,NA,"per_cell_balanced_resampling_OLS","median_resampled_slope",NA,6,2,9.73561,65.905157,56.169547,TRUE,FALSE,TRUE,632,105.333333333333,61.5,6,304,FALSE,0,5,2,1,1.3228756555323,0,0.833333333333333,TRUE,FALSE,TRUE,FALSE,TRUE,"bad","Bad hemisphere","occurrence5_k1_tropical_temperate","occurrence",5,NA,1,"tropical_temperate",TRUE,TRUE,FALSE,TRUE,FALSE,0.192307692307692,NA,NA,NA,NA,"grid_cell_balanced_resampling_OLS",56.169547,9.73561,65.905157
44.55,"Lutetian","Southern",-0.00921887676073115,-0.0234772859697129,0.0424724952083918,-0.074485081738367,0.0259236188476685,8.18038924517298,0.15141010238218,0.907155309796444,0.00862013649899425,4,100,0.7,0.3,2,"occurrence5","occurrence",5,NA,"per_cell_balanced_resampling_OLS","median_resampled_slope",NA,5,2,9.73561,65.905157,56.169547,TRUE,FALSE,TRUE,452,90.4,55,34,259,FALSE,0,3,1.66666666666667,2,0.916515138991168,0,0.6,TRUE,FALSE,TRUE,FALSE,TRUE,"bad","Bad hemisphere","occurrence5_k1_tropical_temperate","occurrence",5,NA,1,"tropical_temperate",TRUE,TRUE,FALSE,TRUE,FALSE,0.561290322580645,-0.829698908465803,-0.517820131499096,0.100408700586035,"normal_LDG","grid_cell_balanced_resampling_OLS",56.169547,9.73561,65.905157
52.035,"Ypresian","Southern",NA,NA,NA,NA,NA,NA,NA,NA,NA,NA,0,NA,NA,NA,"occurrence5","occurrence",5,NA,"per_cell_balanced_resampling_OLS","median_resampled_slope",NA,5,2,9.73561,65.905157,56.169547,TRUE,FALSE,TRUE,508,101.6,45,10,347,FALSE,0,4,1.66666666666667,1,1.24899959967968,0,0.8,TRUE,FALSE,TRUE,FALSE,TRUE,"bad","Bad hemisphere","occurrence5_k1_tropical_temperate","occurrence",5,NA,1,"tropical_temperate",TRUE,TRUE,FALSE,TRUE,FALSE,1.05,NA,NA,NA,NA,"grid_cell_balanced_resampling_OLS",56.169547,9.73561,65.905157
57.62,"Thanetian","Southern",NA,NA,NA,NA,NA,NA,NA,NA,NA,NA,0,NA,NA,NA,"occurrence5","occurrence",5,NA,"per_cell_balanced_resampling_OLS","median_resampled_slope",NA,3,2,9.73561,65.905157,56.169547,TRUE,FALSE,TRUE,192,64,71,7,114,FALSE,0,2,1,1,1,0,0.666666666666667,TRUE,FALSE,TRUE,FALSE,TRUE,"bad","Bad hemisphere","occurrence5_k1_tropical_temperate","occurrence",5,NA,1,"tropical_temperate",TRUE,TRUE,FALSE,TRUE,FALSE,0.5,NA,NA,NA,NA,"grid_cell_balanced_resampling_OLS",56.169547,9.73561,65.905157
60.45,"Selandian","Southern",NA,NA,NA,NA,NA,NA,NA,NA,NA,NA,NA,NA,NA,NA,"occurrence5","occurrence",5,NA,"per_cell_balanced_resampling_OLS","median_resampled_slope",NA,NA,NA,NA,NA,NA,NA,NA,NA,NA,NA,NA,NA,NA,NA,NA,NA,NA,NA,NA,NA,NA,NA,NA,NA,NA,NA,"bad","Bad hemisphere","occurrence5_k1_tropical_temperate","occurrence",5,NA,1,"tropical_temperate",TRUE,TRUE,FALSE,TRUE,FALSE,0.5,NA,NA,NA,NA,"grid_cell_balanced_resampling_OLS",NA,NA,NA
63.83,"Danian","Southern",0.1075330504504,0.101120816637038,0.0762638859708797,-0.0282695433941514,0.232775030305793,-1.18749406800307,0.0944832318581287,0.265266128384488,0.539833862099119,4,100,0.14,0.86,2,"occurrence5","occurrence",5,NA,"per_cell_balanced_resampling_OLS","median_resampled_slope",NA,6,2,30.640768,65.905157,35.264389,FALSE,TRUE,TRUE,1103,183.833333333333,150.5,5,551,FALSE,0,4,2,2,1,0,0.666666666666667,FALSE,TRUE,TRUE,FALSE,TRUE,"bad","Bad hemisphere","occurrence5_k1_tropical_temperate","occurrence",5,NA,1,"tropical_temperate",TRUE,TRUE,FALSE,TRUE,FALSE,0.333333333333333,9.67797454053597,3.79208732143952,0.261044573699945,"reverse_LDG","grid_cell_balanced_resampling_OLS",35.264389,30.640768,65.905157
69.1,"Maastrichtian","Southern",0.617982035750723,0.617982035750723,3.05171119901482e-16,0.617982035750723,0.617982035750724,-8.11804096168604,0.42006463089728,0.215211710550486,0.351103369508516,6,100,0,1,3,"occurrence5","occurrence",5,NA,"per_cell_balanced_resampling_OLS","median_resampled_slope",NA,6,2,30.640768,65.905157,35.264389,FALSE,TRUE,TRUE,1265,210.833333333333,145,23,640,FALSE,0,3,2,3,0.866025403784439,0,0.5,FALSE,TRUE,TRUE,FALSE,TRUE,"bad","Bad hemisphere","occurrence5_k1_tropical_temperate","occurrence",5,NA,1,"tropical_temperate",TRUE,TRUE,FALSE,TRUE,FALSE,0.355263157894737,55.6183832175651,21.7927589037254,8.88178419700125e-16,"reverse_LDG","grid_cell_balanced_resampling_OLS",35.264389,30.640768,65.905157
77.9,"Campanian","Southern",0.135767921867041,0.120348740536654,0.208918196715301,-0.246852166442341,0.467030928077733,3.84303671885644,0.169615798721359,0.595478246014835,0.352261985994451,3,100,0.21,0.79,1,"occurrence5","occurrence",5,NA,"per_cell_balanced_resampling_OLS","median_resampled_slope",NA,11,3,9.73561,65.905157,56.169547,TRUE,TRUE,TRUE,344,31.2727272727273,29,5,115,FALSE,1,6,3.66666666666667,4,0.686348585024614,0.272727272727273,0.545454545454545,TRUE,TRUE,TRUE,FALSE,TRUE,"bad","Bad hemisphere","occurrence5_k1_tropical_temperate","occurrence",5,NA,1,"tropical_temperate",TRUE,TRUE,FALSE,TRUE,FALSE,0.343531468531469,12.2191129680337,7.62602266840311,0.713883094520074,"reverse_LDG","grid_cell_balanced_resampling_OLS",56.169547,9.73561,65.905157
84.65,"Santonian","Southern",NA,NA,NA,NA,NA,NA,NA,NA,NA,NA,0,NA,NA,NA,"occurrence5","occurrence",5,NA,"per_cell_balanced_resampling_OLS","median_resampled_slope",NA,3,2,30.640768,65.905157,35.264389,FALSE,TRUE,TRUE,408,136,88,22,298,FALSE,0,2,1,1,1,0,0.666666666666667,FALSE,TRUE,TRUE,FALSE,TRUE,"bad","Bad hemisphere","occurrence5_k1_tropical_temperate","occurrence",5,NA,1,"tropical_temperate",TRUE,TRUE,FALSE,TRUE,FALSE,0.0714285714285714,NA,NA,NA,NA,"grid_cell_balanced_resampling_OLS",35.264389,30.640768,65.905157
87.75,"Coniacian","Southern",-0.643104866726818,-0.643104866726818,8.04626449179534e-17,-0.643104866726818,-0.643104866726818,47.322266053322,0.514469024424442,0.337723076113773,0.438610723912203,4,100,1,0,2,"occurrence5","occurrence",5,NA,"per_cell_balanced_resampling_OLS","median_resampled_slope",NA,4,2,9.73561,65.905157,56.169547,TRUE,FALSE,TRUE,160,40,14,5,127,FALSE,0,2,1.33333333333333,2,0.866025403784439,0,0.5,TRUE,FALSE,TRUE,FALSE,TRUE,"bad","Bad hemisphere","occurrence5_k1_tropical_temperate","occurrence",5,NA,1,"tropical_temperate",TRUE,TRUE,FALSE,TRUE,FALSE,0.613636363636364,-57.8794380054136,-36.1229090375407,2.22044604925031e-16,"normal_LDG","grid_cell_balanced_resampling_OLS",56.169547,9.73561,65.905157
91.85,"Turonian","Southern",-0.979988966909699,-0.925202516588476,0.326025490966744,-1.47435432855256,-0.385614671092084,74.7693602925404,0.538773987418948,0.175559444239258,0.679702229983081,4,100,1,0,2,"occurrence5","occurrence",5,NA,"per_cell_balanced_resampling_OLS","median_resampled_slope",NA,6,2,9.73561,65.905157,56.169547,TRUE,FALSE,TRUE,668,111.333333333333,64.5,6,443,FALSE,0,4,2,2,1,0,0.666666666666667,TRUE,FALSE,TRUE,FALSE,TRUE,"bad","Bad hemisphere","occurrence5_k1_tropical_temperate","occurrence",5,NA,1,"tropical_temperate",TRUE,TRUE,FALSE,TRUE,FALSE,0.797297297297297,-88.199007021873,-55.0455363363158,1.08873965746048,"normal_LDG","grid_cell_balanced_resampling_OLS",56.169547,9.73561,65.905157
97.2,"Cenomanian","Southern",-0.171506534269834,0.0274405468416357,0.470073679631581,-0.46295163409254,1.07451028355223,18.5994174801737,0.151615573500551,0.225490443953119,0.879702205002075,3,100,0.71,0.29,1,"occurrence5","occurrence",5,NA,"per_cell_balanced_resampling_OLS","median_resampled_slope",NA,8,3,9.73561,65.905157,56.169547,TRUE,TRUE,TRUE,317,39.625,27,5,119,FALSE,1,4,2.66666666666667,3,0.57282196186948,0.375,0.5,TRUE,TRUE,TRUE,FALSE,TRUE,"bad","Bad hemisphere","occurrence5_k1_tropical_temperate","occurrence",5,NA,1,"tropical_temperate",TRUE,TRUE,FALSE,TRUE,FALSE,0.45,-15.4355880842851,-9.63344433747656,1.53746191764477,"normal_LDG","grid_cell_balanced_resampling_OLS",56.169547,9.73561,65.905157
106.85,"Albian","Southern",0.0205645232712871,0.0395779397766082,0.154113810270202,-0.162001294739796,0.501931971795151,8.69789754551499,0.151532333264042,0.72013112967481,0.0356992733840599,6,100,0.43,0.57,2,"occurrence5","occurrence",5,NA,"per_cell_balanced_resampling_OLS","median_resampled_slope",NA,18,3,9.73561,65.905157,56.169547,TRUE,TRUE,TRUE,984,54.6666666666667,42.5,9,162,FALSE,2,8,6,8,0.577350269189626,0.333333333333333,0.444444444444444,TRUE,TRUE,TRUE,FALSE,TRUE,"bad","Bad hemisphere","occurrence5_k1_tropical_temperate","occurrence",5,NA,1,"tropical_temperate",TRUE,TRUE,FALSE,TRUE,FALSE,0.511494252873563,1.85080709441584,1.15509995641915,0.663933266534947,"reverse_LDG","grid_cell_balanced_resampling_OLS",56.169547,9.73561,65.905157
117.3,"Aptian","Southern",0.0124623924062844,0.0150293903558878,0.146096463180759,-0.228662249392199,0.312453582081567,10.0623903350475,0.176552991914226,0.640157311661183,0.28838331150154,3,100,0.4,0.6,1,"occurrence5","occurrence",5,NA,"per_cell_balanced_resampling_OLS","median_resampled_slope",NA,8,3,9.73561,65.905157,56.169547,TRUE,TRUE,TRUE,312,39,26.5,13,123,FALSE,1,5,2.66666666666667,2,0.7806247497998,0.375,0.625,TRUE,TRUE,TRUE,FALSE,TRUE,"bad","Bad hemisphere","occurrence5_k1_tropical_temperate","occurrence",5,NA,1,"tropical_temperate",TRUE,TRUE,FALSE,TRUE,FALSE,0.198529411764706,1.1216153165656,0.700006935997236,0.541115831473766,"reverse_LDG","grid_cell_balanced_resampling_OLS",56.169547,9.73561,65.905157
123.585,"Barremian","Southern",NA,NA,NA,NA,NA,NA,NA,NA,NA,NA,0,NA,NA,NA,"occurrence5","occurrence",5,NA,"per_cell_balanced_resampling_OLS","median_resampled_slope",NA,3,2,30.640768,65.905157,35.264389,FALSE,TRUE,TRUE,72,24,22,15,35,FALSE,0,2,1,1,1,0,0.666666666666667,FALSE,TRUE,TRUE,FALSE,TRUE,"bad","Bad hemisphere","occurrence5_k1_tropical_temperate","occurrence",5,NA,1,"tropical_temperate",TRUE,TRUE,FALSE,TRUE,FALSE,0.0666666666666667,NA,NA,NA,NA,"grid_cell_balanced_resampling_OLS",35.264389,30.640768,65.905157
129.185,"Hauterivian","Southern",NA,NA,NA,NA,NA,NA,NA,NA,NA,NA,0,NA,NA,NA,"occurrence5","occurrence",5,NA,"per_cell_balanced_resampling_OLS","median_resampled_slope",NA,3,1,30.640768,30.640768,0,FALSE,TRUE,FALSE,230,76.6666666666667,66,43,121,FALSE,0,3,1,0,1.73205080756888,0,1,FALSE,TRUE,TRUE,FALSE,TRUE,"bad","Bad hemisphere","occurrence5_k1_tropical_temperate","occurrence",5,NA,1,"tropical_temperate",TRUE,TRUE,FALSE,TRUE,FALSE,0.384615384615385,NA,NA,NA,NA,"grid_cell_balanced_resampling_OLS",0,30.640768,30.640768
134.825,"Valanginian","Southern",0.394100104106087,0.339052005176437,0.0878352495290867,0.234474559855957,0.450401152188511,9.97697258661228,0.608172769569527,0.594189529460414,0.35419711756724,3,100,0,1,1,"occurrence5","occurrence",5,NA,"per_cell_balanced_resampling_OLS","median_resampled_slope",NA,6,3,9.73561,65.905157,56.169547,TRUE,TRUE,TRUE,130,21.6666666666667,13,5,69,FALSE,1,4,2,1,0.866025403784439,0.5,0.666666666666667,TRUE,TRUE,TRUE,FALSE,TRUE,"bad","Bad hemisphere","occurrence5_k1_tropical_temperate","occurrence",5,NA,1,"tropical_temperate",TRUE,TRUE,FALSE,TRUE,FALSE,0.25,35.4690093695478,22.1364243202917,0.215926592332555,"reverse_LDG","grid_cell_balanced_resampling_OLS",56.169547,9.73561,65.905157
140.075,"Berriasian","Southern",NA,NA,NA,NA,NA,NA,NA,NA,NA,NA,NA,NA,NA,NA,"occurrence5","occurrence",5,NA,"per_cell_balanced_resampling_OLS","median_resampled_slope",NA,NA,NA,NA,NA,NA,NA,NA,NA,NA,NA,NA,NA,NA,NA,NA,NA,NA,NA,NA,NA,NA,NA,NA,NA,NA,NA,"bad","Bad hemisphere","occurrence5_k1_tropical_temperate","occurrence",5,NA,1,"tropical_temperate",TRUE,TRUE,FALSE,TRUE,FALSE,0.25,NA,NA,NA,NA,"grid_cell_balanced_resampling_OLS",NA,NA,NA
146.15,"Tithonian","Southern",NA,NA,NA,NA,NA,NA,NA,NA,NA,NA,0,NA,NA,NA,"occurrence5","occurrence",5,NA,"per_cell_balanced_resampling_OLS","median_resampled_slope",NA,5,2,30.640768,65.905157,35.264389,FALSE,TRUE,TRUE,300,60,23,15,132,FALSE,0,4,1.66666666666667,1,1.24899959967968,0,0.8,FALSE,TRUE,TRUE,FALSE,TRUE,"bad","Bad hemisphere","occurrence5_k1_tropical_temperate","occurrence",5,NA,1,"tropical_temperate",TRUE,TRUE,FALSE,TRUE,FALSE,0.0833333333333333,NA,NA,NA,NA,"grid_cell_balanced_resampling_OLS",35.264389,30.640768,65.905157
152,"Kimmeridgian","Southern",-0.344135256037665,-0.293814607013221,0.107568582560508,-0.392026767269139,-0.111151449491648,34.2755820309346,0.0853348105237473,0.154740650102023,0.942073296343775,3,100,1,0,1,"occurrence5","occurrence",5,NA,"per_cell_balanced_resampling_OLS","median_resampled_slope",NA,6,3,9.73561,65.905157,56.169547,TRUE,TRUE,TRUE,569,94.8333333333333,47.5,22,299,FALSE,1,4,2,1,0.866025403784439,0.5,0.666666666666667,TRUE,TRUE,TRUE,FALSE,TRUE,"bad","Bad hemisphere","occurrence5_k1_tropical_temperate","occurrence",5,NA,1,"tropical_temperate",TRUE,TRUE,FALSE,TRUE,FALSE,1,-30.9721730433899,-19.3299214383647,0.280875317777491,"normal_LDG","grid_cell_balanced_resampling_OLS",56.169547,9.73561,65.905157
158.15,"Oxfordian","Southern",-0.53210544320353,-0.570101521811275,0.302310645631545,-1.09740763662933,-0.135809229328445,63.2993740597356,0.553474009367936,0.600823066701601,0.344262428126033,3,100,1,0,1,"occurrence5","occurrence",5,NA,"per_cell_balanced_resampling_OLS","median_resampled_slope",NA,11,3,9.73561,65.905157,56.169547,TRUE,TRUE,TRUE,1413,128.454545454545,165,5,234,FALSE,1,6,3.66666666666667,4,0.686348585024614,0.272727272727273,0.545454545454545,TRUE,TRUE,TRUE,FALSE,TRUE,"bad","Bad hemisphere","occurrence5_k1_tropical_temperate","occurrence",5,NA,1,"tropical_temperate",TRUE,TRUE,FALSE,TRUE,FALSE,0.743181818181818,-47.8894898883177,-29.8881217009765,0.961598407300888,"normal_LDG","grid_cell_balanced_resampling_OLS",56.169547,9.73561,65.905157
163.4,"Callovian","Southern",-0.303634427657183,-0.315498771576542,0.150479479988085,-0.585306866378753,-0.0379811918487872,53.92168459391,0.356221234458123,0.436675653211123,0.0885986869123524,9,100,0.99,0.01,3,"occurrence5","occurrence",5,NA,"per_cell_balanced_resampling_OLS","median_resampled_slope",NA,14,3,9.73561,65.905157,56.169547,TRUE,TRUE,TRUE,3770,269.285714285714,67.5,5,2143,FALSE,3,6,4.66666666666667,5,0.327326835353989,0.642857142857143,0.428571428571429,TRUE,TRUE,TRUE,FALSE,TRUE,"bad","Bad hemisphere","occurrence5_k1_tropical_temperate","occurrence",5,NA,1,"tropical_temperate",TRUE,TRUE,FALSE,TRUE,FALSE,0.5,-27.3270984891465,-17.0550082551083,0.547325674529966,"normal_LDG","grid_cell_balanced_resampling_OLS",56.169547,9.73561,65.905157
166.75,"Bathonian","Southern",-0.890360922241664,-0.765301442037104,0.21382802042214,-0.964185570636019,-0.440839885826068,75.1153325730924,0.695817111343152,0.422306981150953,0.620831759296853,3,100,1,0,1,"occurrence5","occurrence",5,NA,"per_cell_balanced_resampling_OLS","median_resampled_slope",NA,6,3,9.73561,65.905157,56.169547,TRUE,TRUE,TRUE,904,150.666666666667,36.5,7,572,FALSE,1,3,2,2,0.5,0.5,0.5,TRUE,TRUE,TRUE,FALSE,TRUE,"bad","Bad hemisphere","occurrence5_k1_tropical_temperate","occurrence",5,NA,1,"tropical_temperate",TRUE,TRUE,FALSE,TRUE,FALSE,0.464285714285714,-80.1324830017498,-50.0111696688165,0.523345684809951,"normal_LDG","grid_cell_balanced_resampling_OLS",56.169547,9.73561,65.905157
169.55,"Bajocian","Southern",-0.683781915197985,-0.669795559583928,0.186427928738135,-0.956298494843395,-0.336081508473997,53.637035370159,0.344817359180342,0.284360285137876,0.813404920972421,3,100,1,0,1,"occurrence5","occurrence",5,NA,"per_cell_balanced_resampling_OLS","median_resampled_slope",NA,8,3,9.73561,65.905157,56.169547,TRUE,TRUE,TRUE,490,61.25,34,5,239,FALSE,1,4,2.66666666666667,3,0.57282196186948,0.375,0.5,TRUE,TRUE,TRUE,FALSE,TRUE,"bad","Bad hemisphere","occurrence5_k1_tropical_temperate","occurrence",5,NA,1,"tropical_temperate",TRUE,TRUE,FALSE,TRUE,FALSE,0.0875,-61.5403723678187,-38.4077204234632,0.620216986369398,"normal_LDG","grid_cell_balanced_resampling_OLS",56.169547,9.73561,65.905157
172.8,"Aalenian","Southern",NA,NA,NA,NA,NA,NA,NA,NA,NA,NA,0,NA,NA,NA,"occurrence5","occurrence",5,NA,"per_cell_balanced_resampling_OLS","median_resampled_slope",NA,4,2,30.640768,65.905157,35.264389,FALSE,TRUE,TRUE,188,47,31,7,119,FALSE,0,3,1.33333333333333,1,1.14564392373896,0,0.75,FALSE,TRUE,TRUE,FALSE,TRUE,"bad","Bad hemisphere","occurrence5_k1_tropical_temperate","occurrence",5,NA,1,"tropical_temperate",TRUE,TRUE,FALSE,TRUE,FALSE,0.0833333333333333,NA,NA,NA,NA,"grid_cell_balanced_resampling_OLS",35.264389,30.640768,65.905157
179.45,"Toarcian","Southern",-0.822484318716241,-0.558073708324602,0.351186728136618,-0.96990459829943,-0.116618187224805,67.3571028952186,0.245804702739482,0.209651557267486,0.894524201513626,3,100,1,0,1,"occurrence5","occurrence",5,NA,"per_cell_balanced_resampling_OLS","median_resampled_slope",NA,10,3,9.73561,65.905157,56.169547,TRUE,TRUE,TRUE,990,99,44.5,22,405,FALSE,1,7,3.33333333333333,2,0.964365076099295,0.3,0.7,TRUE,TRUE,TRUE,FALSE,TRUE,"bad","Bad hemisphere","occurrence5_k1_tropical_temperate","occurrence",5,NA,1,"tropical_temperate",TRUE,TRUE,FALSE,TRUE,FALSE,0.192857142857143,-74.0235886844617,-46.1985715968949,0.853286411074625,"normal_LDG","grid_cell_balanced_resampling_OLS",56.169547,9.73561,65.905157
188.55,"Pliensbachian","Southern",-0.835320007939674,-0.811423071759067,0.119876660538687,-0.99282976535405,-0.599691389064597,67.606698925851,0.298530924981792,0.126282951703713,0.763381480483576,4,100,1,0,2,"occurrence5","occurrence",5,NA,"per_cell_balanced_resampling_OLS","median_resampled_slope",NA,7,2,30.640768,65.905157,35.264389,FALSE,TRUE,TRUE,1677,239.571428571429,163,19,838,FALSE,0,5,2.33333333333333,2,1.07854777646725,0,0.714285714285714,FALSE,TRUE,TRUE,FALSE,TRUE,"bad","Bad hemisphere","occurrence5_k1_tropical_temperate","occurrence",5,NA,1,"tropical_temperate",TRUE,TRUE,FALSE,TRUE,FALSE,0.1,-75.1788007145707,-29.4570496994678,0.393138376289453,"normal_LDG","grid_cell_balanced_resampling_OLS",35.264389,30.640768,65.905157
196.2,"Sinemurian","Southern",0.174327677695567,0.132234789251061,0.194303594717167,-0.120186033141276,0.34580511805146,25.704922132186,0.766899166194392,0.832446892867831,0.0776828326455978,3,100,0.31,0.69,1,"occurrence5","occurrence",5,NA,"per_cell_balanced_resampling_OLS","median_resampled_slope",NA,5,3,9.73561,65.905157,56.169547,TRUE,TRUE,TRUE,1010,202,156,7,635,FALSE,1,2,1.66666666666667,2,0.346410161513775,0.6,0.4,TRUE,TRUE,TRUE,FALSE,TRUE,"bad","Bad hemisphere","occurrence5_k1_tropical_temperate","occurrence",5,NA,1,"tropical_temperate",TRUE,TRUE,FALSE,TRUE,FALSE,0.144827586206897,15.689490992601,9.79190668572202,0.465991151192735,"reverse_LDG","grid_cell_balanced_resampling_OLS",56.169547,9.73561,65.905157
200.45,"Hettangian","Southern",0.07846560999121,0.0758508683070945,0.0641580247557063,-0.0100095034405526,0.163327788731094,7.97868877008916,0.244861708030783,0.819993330690433,0.0778416507311945,3,100,0.18,0.82,1,"occurrence5","occurrence",5,NA,"per_cell_balanced_resampling_OLS","median_resampled_slope",NA,6,3,9.73561,65.905157,56.169547,TRUE,TRUE,TRUE,172,28.6666666666667,30,7,54,FALSE,1,3,2,2,0.5,0.5,0.5,TRUE,TRUE,TRUE,FALSE,TRUE,"bad","Bad hemisphere","occurrence5_k1_tropical_temperate","occurrence",5,NA,1,"tropical_temperate",TRUE,TRUE,FALSE,TRUE,FALSE,0.134615384615385,7.0619048992089,4.40737776828494,0.173337292171647,"reverse_LDG","grid_cell_balanced_resampling_OLS",56.169547,9.73561,65.905157
203.55,"Rhaetian","Southern",-0.802996447283008,-0.883723262878026,0.179522139573673,-1.12114555899161,-0.624789273864888,60.3406262790935,0.357858207186244,0.31295725184688,0.777187627455172,3,100,1,0,1,"occurrence5","occurrence",5,NA,"per_cell_balanced_resampling_OLS","median_resampled_slope",NA,8,3,9.73561,65.905157,56.169547,TRUE,TRUE,TRUE,937,117.125,96.5,23,345,FALSE,1,4,2.66666666666667,3,0.57282196186948,0.375,0.5,TRUE,TRUE,TRUE,FALSE,TRUE,"bad","Bad hemisphere","occurrence5_k1_tropical_temperate","occurrence",5,NA,1,"tropical_temperate",TRUE,TRUE,FALSE,TRUE,FALSE,0.099264705882353,-72.2696802554707,-45.1039466864959,0.496356285126725,"normal_LDG","grid_cell_balanced_resampling_OLS",56.169547,9.73561,65.905157
216.5,"Norian","Southern",-0.319245424811075,-0.319361527998303,0.0491229436719,-0.395586999923405,-0.217488633868893,34.7195170283145,0.255080746985556,0.230276164756657,0.197847617098396,9,100,1,0,3,"occurrence5","occurrence",5,NA,"per_cell_balanced_resampling_OLS","median_resampled_slope",NA,13,3,9.73561,65.905157,56.169547,TRUE,TRUE,TRUE,1077,82.8461538461538,52,5,266,FALSE,3,6,4.33333333333333,4,0.352505822688911,0.692307692307692,0.461538461538462,TRUE,TRUE,TRUE,FALSE,TRUE,"bad","Bad hemisphere","occurrence5_k1_tropical_temperate","occurrence",5,NA,1,"tropical_temperate",TRUE,TRUE,FALSE,TRUE,FALSE,0.0159151193633952,-28.7320882329968,-17.9318708934606,0.178098366054512,"normal_LDG","grid_cell_balanced_resampling_OLS",56.169547,9.73561,65.905157
232.15,"Carnian","Southern",0.251777366467711,0.251777366467711,4.89562337162684e-17,0.251777366467711,0.251777366467711,-4.7365426673384,0.102287622747662,0.0695817960618002,0.602338574163591,6,100,0,1,3,"occurrence5","occurrence",5,NA,"per_cell_balanced_resampling_OLS","median_resampled_slope",NA,6,2,30.640768,65.905157,35.264389,FALSE,TRUE,TRUE,170,28.3333333333333,26,5,59,FALSE,0,3,2,3,0.866025403784439,0,0.5,FALSE,TRUE,TRUE,FALSE,TRUE,"bad","Bad hemisphere","occurrence5_k1_tropical_temperate","occurrence",5,NA,1,"tropical_temperate",TRUE,TRUE,FALSE,TRUE,FALSE,0.583333333333333,22.659962982094,8.87877499251293,1.66533453693773e-16,"reverse_LDG","grid_cell_balanced_resampling_OLS",35.264389,30.640768,65.905157
239.232,"Ladinian","Southern",-0.0967728146360432,-0.0967728146360432,3.76846143805773e-17,-0.0967728146360433,-0.0967728146360432,9.56875915976074,0.0424236209025387,0.150085174306438,0.722355210933718,4,100,1,0,2,"occurrence5","occurrence",5,NA,"per_cell_balanced_resampling_OLS","median_resampled_slope",NA,4,2,9.73561,65.905157,56.169547,TRUE,FALSE,TRUE,431,107.75,35,8,353,FALSE,0,2,1.33333333333333,2,0.866025403784439,0,0.5,TRUE,FALSE,TRUE,FALSE,TRUE,"bad","Bad hemisphere","occurrence5_k1_tropical_temperate","occurrence",5,NA,1,"tropical_temperate",TRUE,TRUE,FALSE,TRUE,FALSE,0,-8.70955331724389,-5.43568516002152,8.32667268468867e-17,"normal_LDG","grid_cell_balanced_resampling_OLS",56.169547,9.73561,65.905157
244.082,"Anisian","Southern",-1.11719832424142,-1.30010482988479,0.386769232222345,-1.96906362789086,-0.942267683511866,80.4715739661974,0.477818919831115,0.26013763388439,0.842115921746751,3,100,1,0,1,"occurrence5","occurrence",5,NA,"per_cell_balanced_resampling_OLS","median_resampled_slope",NA,8,3,9.73561,65.905157,56.169547,TRUE,TRUE,TRUE,295,36.875,20.5,10,103,FALSE,1,6,2.66666666666667,1,1.08253175473055,0.375,0.75,TRUE,TRUE,TRUE,FALSE,TRUE,"bad","Bad hemisphere","occurrence5_k1_tropical_temperate","occurrence",5,NA,1,"tropical_temperate",TRUE,TRUE,FALSE,TRUE,FALSE,0.871323529411765,-100.547849181728,-62.7525237817996,1.02679594437899,"normal_LDG","grid_cell_balanced_resampling_OLS",56.169547,9.73561,65.905157
248.3,"Olenekian","Southern",NA,NA,NA,NA,NA,NA,NA,NA,NA,NA,0,NA,NA,NA,"occurrence5","occurrence",5,NA,"per_cell_balanced_resampling_OLS","median_resampled_slope",NA,2,2,30.640768,65.905157,35.264389,FALSE,TRUE,TRUE,40,20,20,15,25,FALSE,0,1,0.666666666666667,1,0.866025403784439,0,0.5,FALSE,TRUE,TRUE,FALSE,TRUE,"bad","Bad hemisphere","occurrence5_k1_tropical_temperate","occurrence",5,NA,1,"tropical_temperate",TRUE,TRUE,FALSE,TRUE,FALSE,0.9,NA,NA,NA,NA,"grid_cell_balanced_resampling_OLS",35.264389,30.640768,65.905157
250.901,"Induan","Southern",0.391284534776982,0.431636992187336,0.126622588131532,0.281968380115663,0.624650918514093,6.26647647985689,0.307945285578103,0.291408858903769,0.269351832615839,6,100,0,1,2,"occurrence5","occurrence",5,NA,"per_cell_balanced_resampling_OLS","median_resampled_slope",NA,8,3,9.73561,65.905157,56.169547,TRUE,TRUE,TRUE,206,25.75,21.5,8,74,FALSE,2,3,2.66666666666667,3,0.21650635094611,0.75,0.375,TRUE,TRUE,TRUE,FALSE,TRUE,"bad","Bad hemisphere","occurrence5_k1_tropical_temperate","occurrence",5,NA,1,"tropical_temperate",TRUE,TRUE,FALSE,TRUE,FALSE,0.405241935483871,35.2156081299284,21.9782750665288,0.34268253839843,"reverse_LDG","grid_cell_balanced_resampling_OLS",56.169547,9.73561,65.905157
253.021,"Changhsingian","Southern",0.626879443159446,0.507304722468874,0.251103182367506,0.0472154278655023,0.781626201852528,13.3870027521632,0.17972637461099,0.0198035758982287,0.779310578229582,6,100,0,1,3,"occurrence5","occurrence",5,NA,"per_cell_balanced_resampling_OLS","median_resampled_slope",NA,10,2,9.73561,65.905157,56.169547,TRUE,FALSE,TRUE,1594,159.4,58,31,713,FALSE,0,7,3.33333333333333,3,1.05356537528527,0,0.7,TRUE,FALSE,TRUE,FALSE,TRUE,"bad","Bad hemisphere","occurrence5_k1_tropical_temperate","occurrence",5,NA,1,"tropical_temperate",TRUE,TRUE,FALSE,TRUE,FALSE,0.716666666666667,56.4191498843501,35.2115343458783,0.734410773987025,"reverse_LDG","grid_cell_balanced_resampling_OLS",56.169547,9.73561,65.905157
256.825,"Wuchiapingian","Southern",-0.192581148785642,-0.15284177571074,0.446581117948563,-0.993436757845265,0.817246908455998,37.4453029987001,0.433094512814986,0.453100059732206,0.146983016186463,6,100,0.63,0.37,2,"occurrence5","occurrence",5,NA,"per_cell_balanced_resampling_OLS","median_resampled_slope",NA,26,3,9.73561,65.905157,56.169547,TRUE,TRUE,TRUE,6805,261.730769230769,71.5,5,3293,FALSE,2,15,8.66666666666667,9,0.750739280613198,0.230769230769231,0.576923076923077,TRUE,TRUE,TRUE,FALSE,TRUE,"bad","Bad hemisphere","occurrence5_k1_tropical_temperate","occurrence",5,NA,1,"tropical_temperate",TRUE,TRUE,FALSE,TRUE,FALSE,0.435314685314685,-17.3323033907078,-10.8171958880291,1.81068366630126,"normal_LDG","grid_cell_balanced_resampling_OLS",56.169547,9.73561,65.905157
261.895,"Capitanian","Southern",-0.0499818290808286,-0.076917662460284,0.172761787655604,-0.422405753256773,0.27887872438675,32.2369043715944,0.362325534727588,0.864509394319058,0.0044741435708993,9,100,0.74,0.26,3,"occurrence5","occurrence",5,NA,"per_cell_balanced_resampling_OLS","median_resampled_slope",NA,13,3,9.73561,65.905157,56.169547,TRUE,TRUE,TRUE,1134,87.2307692307692,64,6,245,FALSE,3,7,4.33333333333333,3,0.532938710021193,0.692307692307692,0.538461538461538,TRUE,TRUE,TRUE,FALSE,TRUE,"bad","Bad hemisphere","occurrence5_k1_tropical_temperate","occurrence",5,NA,1,"tropical_temperate",TRUE,TRUE,FALSE,TRUE,FALSE,0.207692307692308,-4.49836461727458,-2.80745669770157,0.701284477643522,"normal_LDG","grid_cell_balanced_resampling_OLS",56.169547,9.73561,65.905157
265.59,"Wordian","Southern",-0.256234182749623,-0.258143265694649,0.110962996641129,-0.456677698355241,-0.0685781188151682,36.3035450681758,0.162477042945418,0.125885499972406,0.118861888761366,21,100,1,0,7,"occurrence5","occurrence",5,NA,"per_cell_balanced_resampling_OLS","median_resampled_slope",NA,26,3,9.73561,65.905157,56.169547,TRUE,TRUE,TRUE,2518,96.8461538461538,51,5,573,FALSE,7,10,8.66666666666667,9,0.176252911344455,0.807692307692308,0.384615384615385,TRUE,TRUE,TRUE,FALSE,TRUE,"bad","Bad hemisphere","occurrence5_k1_tropical_temperate","occurrence",5,NA,1,"tropical_temperate",TRUE,TRUE,FALSE,TRUE,FALSE,0.0996503496503497,-23.061076447466,-14.3925579709615,0.388099579540073,"normal_LDG","grid_cell_balanced_resampling_OLS",56.169547,9.73561,65.905157
270.65,"Roadian","Southern",-0.073370801944804,-0.0789526167372972,0.0448799305949204,-0.174025055707294,-0.00182720194727201,23.3004058878468,0.152982167050324,0.631322220957616,0.0147383311630184,18,100,0.99,0.01,6,"occurrence5","occurrence",5,NA,"per_cell_balanced_resampling_OLS","median_resampled_slope",NA,24,3,9.73561,65.905157,56.169547,TRUE,TRUE,TRUE,1462,60.9166666666667,33,5,420,FALSE,6,11,8,7,0.330718913883074,0.75,0.458333333333333,TRUE,TRUE,TRUE,FALSE,TRUE,"bad","Bad hemisphere","occurrence5_k1_tropical_temperate","occurrence",5,NA,1,"tropical_temperate",TRUE,TRUE,FALSE,TRUE,FALSE,0.0175,-6.60337217503236,-4.12120470826636,0.172197853760022,"normal_LDG","grid_cell_balanced_resampling_OLS",56.169547,9.73561,65.905157
278.85,"Kungurian","Southern",-0.367962649384817,-0.373009132843271,0.0388959171022453,-0.446229143222625,-0.313751520267051,35.4209381685878,0.198538922529316,0.0833039826001972,0.213023705761198,15,100,1,0,5,"occurrence5","occurrence",5,NA,"per_cell_balanced_resampling_OLS","median_resampled_slope",NA,17,3,9.73561,65.905157,56.169547,TRUE,TRUE,TRUE,5033,296.058823529412,55,9,3907,FALSE,5,7,5.66666666666667,5,0.203770683243397,0.88235294117647,0.411764705882353,TRUE,TRUE,TRUE,FALSE,TRUE,"bad","Bad hemisphere","occurrence5_k1_tropical_temperate","occurrence",5,NA,1,"tropical_temperate",TRUE,TRUE,FALSE,TRUE,FALSE,0.0945378151260504,-33.1166384446336,-20.668295328865,0.132477622955574,"normal_LDG","grid_cell_balanced_resampling_OLS",56.169547,9.73561,65.905157
286.7,"Artinskian","Southern",-0.0621336713817098,-0.103172733812659,0.382944550050751,-0.828420550131772,0.652854680843123,33.7957636603679,0.390488272383789,0.48817595461248,0.126945148579015,6,100,0.6,0.4,2,"occurrence5","occurrence",5,NA,"per_cell_balanced_resampling_OLS","median_resampled_slope",NA,23,3,9.73561,65.905157,56.169547,TRUE,TRUE,TRUE,3178,138.173913043478,32,10,1082,FALSE,2,13,7.66666666666667,8,0.718378767037318,0.260869565217391,0.565217391304348,TRUE,TRUE,TRUE,FALSE,TRUE,"bad","Bad hemisphere","occurrence5_k1_tropical_temperate","occurrence",5,NA,1,"tropical_temperate",TRUE,TRUE,FALSE,TRUE,FALSE,0.334239130434783,-5.59203042435388,-3.4900201749575,1.48127523097489,"normal_LDG","grid_cell_balanced_resampling_OLS",56.169547,9.73561,65.905157
291.81,"Sakmarian","Southern",-0.153187695894461,-0.137435088995484,0.18184995064943,-0.421750656438075,0.188396991177839,45.0796461883191,0.299905833561535,0.589526525461989,0.023001723018745,15,100,0.75,0.25,5,"occurrence5","occurrence",5,NA,"per_cell_balanced_resampling_OLS","median_resampled_slope",NA,28,3,9.73561,65.905157,56.169547,TRUE,TRUE,TRUE,2713,96.8928571428571,60,7,528,FALSE,5,17,9.33333333333333,6,0.713392298408506,0.535714285714286,0.607142857142857,TRUE,TRUE,TRUE,FALSE,TRUE,"bad","Bad hemisphere","occurrence5_k1_tropical_temperate","occurrence",5,NA,1,"tropical_temperate",TRUE,TRUE,FALSE,TRUE,FALSE,0.00315126050420167,-13.7868926305015,-8.60448348436566,0.610147647615913,"normal_LDG","grid_cell_balanced_resampling_OLS",56.169547,9.73561,65.905157
296.21,"Asselian","Southern",-0.470434235551416,-0.690405004287659,0.618499789412892,-1.72221887801291,0.101572689036992,35.8336013672437,0.300027251406051,0.329197726484771,0.755604612544483,3,100,0.78,0.22,1,"occurrence5","occurrence",5,NA,"per_cell_balanced_resampling_OLS","median_resampled_slope",NA,12,3,9.73561,65.905157,56.169547,TRUE,TRUE,TRUE,2161,180.083333333333,37,5,693,FALSE,1,6,4,5,0.661437827766148,0.25,0.5,TRUE,TRUE,TRUE,FALSE,TRUE,"bad","Bad hemisphere","occurrence5_k1_tropical_temperate","occurrence",5,NA,1,"tropical_temperate",TRUE,TRUE,FALSE,TRUE,FALSE,0.509615384615385,-42.3390811996275,-26.4240779042144,1.8237915670499,"normal_LDG","grid_cell_balanced_resampling_OLS",56.169547,9.73561,65.905157
301.3,"Gzhelian","Southern",-1.54585912674809,-1.44876052128291,0.691373310765958,-2.45172179599101,-0.369624007835304,57.3733886201556,0.671635870549267,0.229608455484206,0.59350313186143,4,100,1,0,2,"occurrence5","occurrence",5,NA,"per_cell_balanced_resampling_OLS","median_resampled_slope",NA,11,2,9.73561,30.640768,20.905158,TRUE,TRUE,FALSE,2746,249.636363636364,113,8,1122,FALSE,0,9,3.66666666666667,2,1.2888588071598,0,0.818181818181818,TRUE,TRUE,TRUE,FALSE,TRUE,"bad","Bad hemisphere","occurrence5_k1_tropical_temperate","occurrence",5,NA,1,"tropical_temperate",TRUE,TRUE,FALSE,TRUE,FALSE,0.727272727272727,-139.127321407328,-32.3164292904109,2.0820977881557,"normal_LDG","grid_cell_balanced_resampling_OLS",20.905158,9.73561,30.640768
305.35,"Kasimovian","Southern",NA,NA,NA,NA,NA,NA,NA,NA,NA,NA,0,NA,NA,NA,"occurrence5","occurrence",5,NA,"per_cell_balanced_resampling_OLS","median_resampled_slope",NA,6,1,9.73561,9.73561,0,TRUE,FALSE,FALSE,1656,276,204.5,72,574,FALSE,0,6,2,0,1.73205080756888,0,1,TRUE,FALSE,TRUE,FALSE,TRUE,"bad","Bad hemisphere","occurrence5_k1_tropical_temperate","occurrence",5,NA,1,"tropical_temperate",TRUE,TRUE,FALSE,TRUE,FALSE,1,NA,NA,NA,NA,"grid_cell_balanced_resampling_OLS",0,9.73561,9.73561
311.1,"Moscovian","Southern",-0.605947605348627,-0.677548014642282,0.453633175424878,-1.58921616763153,-0.114746521316297,35.7129173350257,0.295107983022864,0.140949869245844,0.456165556643749,6,100,1,0,2,"occurrence5","occurrence",5,NA,"per_cell_balanced_resampling_OLS","median_resampled_slope",NA,13,3,9.73561,65.905157,56.169547,TRUE,TRUE,TRUE,2174,167.230769230769,83,5,546,FALSE,2,7,4.33333333333333,4,0.580756495020827,0.461538461538462,0.538461538461538,TRUE,TRUE,TRUE,FALSE,TRUE,"bad","Bad hemisphere","occurrence5_k1_tropical_temperate","occurrence",5,NA,1,"tropical_temperate",TRUE,TRUE,FALSE,TRUE,FALSE,0.0576923076923077,-54.5352844813765,-34.0358024981672,1.47446964631523,"normal_LDG","grid_cell_balanced_resampling_OLS",56.169547,9.73561,65.905157
319.3,"Bashkirian","Southern",-0.564019481809758,-0.751486008064524,0.919440253999674,-2.52656263069162,0.632743268157532,45.055353069044,0.594981577483959,0.489635194841521,0.516258481920635,3,100,0.76,0.24,1,"occurrence5","occurrence",5,NA,"per_cell_balanced_resampling_OLS","median_resampled_slope",NA,13,3,9.73561,65.905157,56.169547,TRUE,TRUE,TRUE,908,69.8461538461538,68,7,192,FALSE,1,7,4.33333333333333,5,0.705011645377822,0.230769230769231,0.538461538461538,TRUE,TRUE,TRUE,FALSE,TRUE,"bad","Bad hemisphere","occurrence5_k1_tropical_temperate","occurrence",5,NA,1,"tropical_temperate",TRUE,TRUE,FALSE,TRUE,FALSE,0.0494505494505494,-50.7617533628783,-31.6807187924289,3.15930589884916,"normal_LDG","grid_cell_balanced_resampling_OLS",56.169547,9.73561,65.905157
326.85,"Serpukhovian","Southern",NA,NA,NA,NA,NA,NA,NA,NA,NA,NA,0,NA,NA,NA,"occurrence5","occurrence",5,NA,"per_cell_balanced_resampling_OLS","median_resampled_slope",NA,12,2,9.73561,30.640768,20.905158,TRUE,TRUE,FALSE,1752,146,100,6,436,FALSE,0,11,4,1,1.52069063257455,0,0.916666666666667,TRUE,TRUE,TRUE,FALSE,TRUE,"bad","Bad hemisphere","occurrence5_k1_tropical_temperate","occurrence",5,NA,1,"tropical_temperate",TRUE,TRUE,FALSE,TRUE,FALSE,0.0595238095238095,NA,NA,NA,NA,"grid_cell_balanced_resampling_OLS",20.905158,9.73561,30.640768
338.5,"Visean","Southern",-0.255187461154812,-0.288953831346701,0.539172308367498,-1.53596747162021,0.472742919063876,31.8831017388444,0.489214034606423,0.433264163333834,0.159199091065481,6,100,0.61,0.39,2,"occurrence5","occurrence",5,NA,"per_cell_balanced_resampling_OLS","median_resampled_slope",NA,21,3,9.73561,65.905157,56.169547,TRUE,TRUE,TRUE,5398,257.047619047619,56,6,1630,FALSE,2,14,7,5,0.892142571199771,0.285714285714286,0.666666666666667,TRUE,TRUE,TRUE,FALSE,TRUE,"bad","Bad hemisphere","occurrence5_k1_tropical_temperate","occurrence",5,NA,1,"tropical_temperate",TRUE,TRUE,FALSE,TRUE,FALSE,0.1,-22.9668715039331,-14.3337640931459,2.00871039068409,"normal_LDG","grid_cell_balanced_resampling_OLS",56.169547,9.73561,65.905157
352.78,"Tournaisian","Southern",-0.405968733562027,-0.459671112709874,0.244813057884245,-0.955700885067499,-0.0856047012540396,30.8209385765368,0.369112424038233,0.21553172123682,0.209431391029077,9,100,0.99,0.01,3,"occurrence5","occurrence",5,NA,"per_cell_balanced_resampling_OLS","median_resampled_slope",NA,33,3,9.73561,65.905157,56.169547,TRUE,TRUE,TRUE,2968,89.9393939393939,51,5,386,FALSE,3,18,11,12,0.686348585024614,0.272727272727273,0.545454545454545,TRUE,TRUE,TRUE,FALSE,TRUE,"bad","Bad hemisphere","occurrence5_k1_tropical_temperate","occurrence",5,NA,1,"tropical_temperate",TRUE,TRUE,FALSE,TRUE,FALSE,0.681818181818182,-36.5371860205824,-22.8030798603427,0.87009618381346,"normal_LDG","grid_cell_balanced_resampling_OLS",56.169547,9.73561,65.905157
365.505,"Famennian","Southern",-0.326758628825836,-0.333621357077686,0.051634080190152,-0.435435594430456,-0.21338653782627,31.5396851101521,0.432509759365034,0.456747426516396,0.0214807357895349,28,100,1,0,14,"occurrence5","occurrence",5,NA,"per_cell_balanced_resampling_OLS","median_resampled_slope",NA,30,2,9.73561,30.640768,20.905158,TRUE,TRUE,FALSE,2580,86,24,8,563,FALSE,0,16,10,14,0.871779788708135,0,0.533333333333333,TRUE,TRUE,TRUE,FALSE,TRUE,"bad","Bad hemisphere","occurrence5_k1_tropical_temperate","occurrence",5,NA,1,"tropical_temperate",TRUE,TRUE,FALSE,TRUE,FALSE,0.533333333333333,-29.4082765943253,-6.83094076346746,0.222049056604186,"normal_LDG","grid_cell_balanced_resampling_OLS",20.905158,9.73561,30.640768
377.23,"Frasnian","Southern",-0.30297585756789,-0.450620499472181,0.521399206369647,-1.68033105928257,0.251649220586536,54.973661688585,0.778791103865385,0.659872585126595,0.0532929349371862,6,100,0.83,0.17,2,"occurrence5","occurrence",5,NA,"per_cell_balanced_resampling_OLS","median_resampled_slope",NA,32,3,9.73561,65.905157,56.169547,TRUE,TRUE,TRUE,4478,139.9375,62.5,6,1429,FALSE,2,25,10.6666666666667,5,1.17218745834444,0.1875,0.78125,TRUE,TRUE,TRUE,FALSE,TRUE,"bad","Bad hemisphere","occurrence5_k1_tropical_temperate","occurrence",5,NA,1,"tropical_temperate",TRUE,TRUE,FALSE,TRUE,FALSE,0.515625,-27.2678271811101,-17.0180166715249,1.93198027986911,"normal_LDG","grid_cell_balanced_resampling_OLS",56.169547,9.73561,65.905157
385.13,"Givetian","Southern",-0.139185777223685,-0.145020405818929,0.0556379017683691,-0.25208527424851,-0.0574558698687274,21.0231436937015,0.189670553784999,0.488749065934836,0.0375826722522853,15,100,1,0,5,"occurrence5","occurrence",5,NA,"per_cell_balanced_resampling_OLS","median_resampled_slope",NA,33,3,9.73561,65.905157,56.169547,TRUE,TRUE,TRUE,12079,366.030303030303,53,5,8188,FALSE,5,22,11,6,0.867217455833587,0.454545454545455,0.666666666666667,TRUE,TRUE,TRUE,FALSE,TRUE,"bad","Bad hemisphere","occurrence5_k1_tropical_temperate","occurrence",5,NA,1,"tropical_temperate",TRUE,TRUE,FALSE,TRUE,FALSE,0.522727272727273,-12.5267199501316,-7.8180020554973,0.194629404379783,"normal_LDG","grid_cell_balanced_resampling_OLS",56.169547,9.73561,65.905157
390.71,"Eifelian","Southern",0.0929418541234144,0.0894964973349151,0.0596734859422763,-0.0101600385189475,0.197519080829815,15.87947740684,0.213421696585027,0.649679190215515,0.0110884901779595,21,100,0.06,0.94,7,"occurrence5","occurrence",5,NA,"per_cell_balanced_resampling_OLS","median_resampled_slope",NA,32,3,9.73561,65.905157,56.169547,TRUE,TRUE,TRUE,4300,134.375,39.5,6,1262,FALSE,7,16,10.6666666666667,9,0.443045214961182,0.65625,0.5,TRUE,TRUE,TRUE,FALSE,TRUE,"bad","Bad hemisphere","occurrence5_k1_tropical_temperate","occurrence",5,NA,1,"tropical_temperate",TRUE,TRUE,FALSE,TRUE,FALSE,1.171875,8.3647668711073,5.22050184345227,0.207679119348763,"reverse_LDG","grid_cell_balanced_resampling_OLS",56.169547,9.73561,65.905157
402.045,"Emsian","Southern",-0.155917279420792,-0.0986696099223757,0.173592200676905,-0.335576211268687,0.291211575789165,37.6864451810728,0.326422033308747,0.610651529446198,0.0205080684622677,15,100,0.74,0.26,5,"occurrence5","occurrence",5,NA,"per_cell_balanced_resampling_OLS","median_resampled_slope",NA,33,3,9.73561,65.905157,56.169547,TRUE,TRUE,TRUE,3910,118.484848484848,109,6,446,FALSE,5,19,11,9,0.655554777357089,0.454545454545455,0.575757575757576,TRUE,TRUE,TRUE,FALSE,TRUE,"bad","Bad hemisphere","occurrence5_k1_tropical_temperate","occurrence",5,NA,1,"tropical_temperate",TRUE,TRUE,FALSE,TRUE,FALSE,0.772727272727273,-14.0325551478713,-8.75780295453833,0.626787787057853,"normal_LDG","grid_cell_balanced_resampling_OLS",56.169547,9.73561,65.905157
411.82,"Pragian","Southern",0.242827909905737,0.276105128557875,0.221398656856266,-0.0538548098369507,0.693812343638929,19.9616595395221,0.576892719039712,0.67440630916965,0.0267067169699562,9,100,0.11,0.89,3,"occurrence5","occurrence",5,NA,"per_cell_balanced_resampling_OLS","median_resampled_slope",NA,14,3,9.73561,65.905157,56.169547,TRUE,TRUE,TRUE,1817,129.785714285714,76.5,14,389,FALSE,3,6,4.66666666666667,5,0.327326835353989,0.642857142857143,0.428571428571429,TRUE,TRUE,TRUE,FALSE,TRUE,"bad","Bad hemisphere","occurrence5_k1_tropical_temperate","occurrence",5,NA,1,"tropical_temperate",TRUE,TRUE,FALSE,TRUE,FALSE,1.17857142857143,21.8545118915163,13.6395336983621,0.74766715347588,"reverse_LDG","grid_cell_balanced_resampling_OLS",56.169547,9.73561,65.905157
416.32,"Lochkovian","Southern",0.265959335765673,0.269591222769241,0.19549512599682,-0.174087270962549,0.607687114583387,27.6198368331121,0.34821621277359,0.445897431786154,0.0367723998993005,18,100,0.09,0.91,6,"occurrence5","occurrence",5,NA,"per_cell_balanced_resampling_OLS","median_resampled_slope",NA,24,3,9.73561,65.905157,56.169547,TRUE,TRUE,TRUE,2828,117.833333333333,79,5,457,FALSE,6,11,8,7,0.330718913883074,0.75,0.458333333333333,TRUE,TRUE,TRUE,FALSE,TRUE,"bad","Bad hemisphere","occurrence5_k1_tropical_temperate","occurrence",5,NA,1,"tropical_temperate",TRUE,TRUE,FALSE,TRUE,FALSE,0.645833333333333,23.9363402189106,14.9388154103788,0.781774385545936,"reverse_LDG","grid_cell_balanced_resampling_OLS",56.169547,9.73561,65.905157
421.16,"Pridoli","Southern",0.0471170178769562,0.0389838350461025,0.155766244713334,-0.211141067639993,0.269402963530568,36.852759795372,0.466807977964799,0.769652117340011,0.00897298951807731,12,100,0.41,0.59,4,"occurrence5","occurrence",5,NA,"per_cell_balanced_resampling_OLS","median_resampled_slope",NA,16,3,9.73561,65.905157,56.169547,TRUE,TRUE,TRUE,1183,73.9375,41.5,7,269,FALSE,4,7,5.33333333333333,5,0.28641098093474,0.75,0.4375,TRUE,TRUE,TRUE,FALSE,TRUE,"bad","Bad hemisphere","occurrence5_k1_tropical_temperate","occurrence",5,NA,1,"tropical_temperate",TRUE,TRUE,FALSE,TRUE,FALSE,0.84375,4.24053160892606,2.64654155013953,0.48054403117056,"reverse_LDG","grid_cell_balanced_resampling_OLS",56.169547,9.73561,65.905157
423.85,"Ludfordian","Southern",0.287889608945352,0.222758537033368,0.172481491363214,-0.0280121492666616,0.371988258006225,38.4069069854745,0.752256763313418,0.780831252928364,0.0216605182714176,6,100,0.31,0.69,2,"occurrence5","occurrence",5,NA,"per_cell_balanced_resampling_OLS","median_resampled_slope",NA,7,3,9.73561,65.905157,56.169547,TRUE,TRUE,TRUE,1412,201.714285714286,81,22,459,FALSE,2,3,2.33333333333333,2,0.247435829652697,0.857142857142857,0.428571428571429,TRUE,TRUE,TRUE,FALSE,TRUE,"bad","Bad hemisphere","occurrence5_k1_tropical_temperate","occurrence",5,NA,1,"tropical_temperate",TRUE,TRUE,FALSE,TRUE,FALSE,0.642857142857143,25.9100648050817,16.1706289204676,0.400000407272887,"reverse_LDG","grid_cell_balanced_resampling_OLS",56.169547,9.73561,65.905157
425.85,"Gorstian","Southern",1.68191760357387,1.68191760357387,2.23163224623948e-16,1.68191760357387,1.68191760357388,-10.7347860376136,0.494148671408547,0.0271853550948574,0.743342136469473,6,100,0,1,2,"occurrence5","occurrence",5,NA,"per_cell_balanced_resampling_OLS","median_resampled_slope",NA,6,3,9.73561,65.905157,56.169547,TRUE,TRUE,TRUE,841,140.166666666667,90.5,27,312,FALSE,2,2,2,2,0,1,0.333333333333333,TRUE,TRUE,TRUE,FALSE,TRUE,"bad","Bad hemisphere","occurrence5_k1_tropical_temperate","occurrence",5,NA,1,"tropical_temperate",TRUE,TRUE,FALSE,TRUE,FALSE,1,151.372584321649,94.4725498840701,4.44089209850063e-16,"reverse_LDG","grid_cell_balanced_resampling_OLS",56.169547,9.73561,65.905157
428.65,"Homerian","Southern",1.79750168638765,1.78272235327666,0.306317130072472,1.22727334247696,2.30292461169243,-5.11190848968927,0.497922501234879,0.0138531457028345,0.814235788106621,6,100,0,1,2,"occurrence5","occurrence",5,NA,"per_cell_balanced_resampling_OLS","median_resampled_slope",NA,24,3,9.73561,65.905157,56.169547,TRUE,TRUE,TRUE,3573,148.875,98,8,616,FALSE,2,15,8,7,0.81967981553775,0.25,0.625,TRUE,TRUE,TRUE,FALSE,TRUE,"bad","Bad hemisphere","occurrence5_k1_tropical_temperate","occurrence",5,NA,1,"tropical_temperate",TRUE,TRUE,FALSE,TRUE,FALSE,0.5,161.775151774889,100.96485545613,1.07565126921548,"reverse_LDG","grid_cell_balanced_resampling_OLS",56.169547,9.73561,65.905157
431.75,"Sheinwoodian","Southern",0.76418848286092,0.595861322511798,0.29331061534083,0.2170201193226,0.965937305696057,13.8578353137438,0.740713654099431,0.311247747508383,0.251115182048483,6,100,0,1,2,"occurrence5","occurrence",5,NA,"per_cell_balanced_resampling_OLS","median_resampled_slope",NA,8,3,9.73561,65.905157,56.169547,TRUE,TRUE,TRUE,1267,158.375,38,9,578,FALSE,2,4,2.66666666666667,2,0.433012701892219,0.75,0.5,TRUE,TRUE,TRUE,FALSE,TRUE,"bad","Bad hemisphere","occurrence5_k1_tropical_temperate","occurrence",5,NA,1,"tropical_temperate",TRUE,TRUE,FALSE,TRUE,FALSE,0.75,68.7769634574828,42.9241209049151,0.748917186373457,"reverse_LDG","grid_cell_balanced_resampling_OLS",56.169547,9.73561,65.905157
435.75,"Telychian","Southern",-0.518187413603631,-0.377574076084968,0.465872089853175,-1.04822129902757,0.520540241380071,39.0054941215451,0.75694098696868,0.653578331987492,0.268207801247769,3,100,0.73,0.27,1,"occurrence5","occurrence",5,NA,"per_cell_balanced_resampling_OLS","median_resampled_slope",NA,21,3,9.73561,65.905157,56.169547,TRUE,TRUE,TRUE,4111,195.761904761905,137,9,646,FALSE,1,14,7,6,0.936776932043143,0.142857142857143,0.666666666666667,TRUE,TRUE,TRUE,FALSE,TRUE,"bad","Bad hemisphere","occurrence5_k1_tropical_temperate","occurrence",5,NA,1,"tropical_temperate",TRUE,TRUE,FALSE,TRUE,FALSE,0.621428571428571,-46.6368672243268,-29.1063522832176,1.56876154040765,"normal_LDG","grid_cell_balanced_resampling_OLS",56.169547,9.73561,65.905157
439.55,"Aeronian","Southern",1.22575709236782,1.2107224564405,0.0390949043628823,1.13985994595044,1.25307531845344,2.80550902224694,0.292506295256068,0.145992387353951,0.94832581273034,3,100,0,1,1,"occurrence5","occurrence",5,NA,"per_cell_balanced_resampling_OLS","median_resampled_slope",NA,11,3,9.73561,65.905157,56.169547,TRUE,TRUE,TRUE,1295,117.727272727273,96,5,295,FALSE,1,9,3.66666666666667,1,1.25967331459555,0.272727272727273,0.818181818181818,TRUE,TRUE,TRUE,FALSE,TRUE,"bad","Bad hemisphere","occurrence5_k1_tropical_temperate","occurrence",5,NA,1,"tropical_temperate",TRUE,TRUE,FALSE,TRUE,FALSE,1.36363636363636,110.318138313104,68.8502206103376,0.113215372503004,"reverse_LDG","grid_cell_balanced_resampling_OLS",56.169547,9.73561,65.905157
441.8,"Rhuddanian","Southern",1.03856233127881,1.06636656804692,0.420961173284763,0.397336268416362,1.90466219478723,16.4207845864033,0.729188839380198,0.226357122746204,0.23242884779763,8,100,0,1,4,"occurrence5","occurrence",5,NA,"per_cell_balanced_resampling_OLS","median_resampled_slope",NA,17,2,9.73561,30.640768,20.905158,TRUE,TRUE,FALSE,2561,150.647058823529,40,6,1309,FALSE,0,13,5.66666666666667,4,1.17499907973166,0,0.764705882352941,TRUE,TRUE,TRUE,FALSE,TRUE,"bad","Bad hemisphere","occurrence5_k1_tropical_temperate","occurrence",5,NA,1,"tropical_temperate",TRUE,TRUE,FALSE,TRUE,FALSE,0.564705882352941,93.4706098150926,21.7113096282318,1.50732592637087,"reverse_LDG","grid_cell_balanced_resampling_OLS",20.905158,9.73561,30.640768
444.15,"Hirnantian","Southern",0.0035578020639273,-0.0222591739646097,0.0936985744831024,-0.255104596093641,0.0875052031557092,23.2403128289709,0.291382092549473,0.874158176336189,0.0070715943757606,6,100,0.48,0.52,2,"occurrence5","occurrence",5,NA,"per_cell_balanced_resampling_OLS","median_resampled_slope",NA,19,3,9.73561,65.905157,56.169547,TRUE,TRUE,TRUE,1832,96.421052631579,29,6,542,FALSE,2,15,6.33333333333333,2,1.18508739465239,0.315789473684211,0.789473684210526,TRUE,TRUE,TRUE,FALSE,TRUE,"bad","Bad hemisphere","occurrence5_k1_tropical_temperate","occurrence",5,NA,1,"tropical_temperate",TRUE,TRUE,FALSE,TRUE,FALSE,1.34210526315789,0.320202185753457,0.199840130246462,0.34260979924935,"reverse_LDG","grid_cell_balanced_resampling_OLS",56.169547,9.73561,65.905157
449,"Katian","Southern",0.105872790427492,0.101449437937548,0.0785363273711575,-0.056825792532119,0.244136064084905,29.1516806796018,0.216540976714495,0.638236966916294,0.0102291509762511,24,100,0.11,0.89,8,"occurrence5","occurrence",5,NA,"per_cell_balanced_resampling_OLS","median_resampled_slope",NA,52,3,9.73561,65.905157,56.169547,TRUE,TRUE,TRUE,17492,336.384615384615,134,6,6811,FALSE,8,27,17.3333333333333,17,0.548329901130125,0.461538461538462,0.519230769230769,TRUE,TRUE,TRUE,FALSE,TRUE,"bad","Bad hemisphere","occurrence5_k1_tropical_temperate","occurrence",5,NA,1,"tropical_temperate",TRUE,TRUE,FALSE,TRUE,FALSE,0.772773279352227,9.52855113847428,5.94682667793816,0.300961856617024,"reverse_LDG","grid_cell_balanced_resampling_OLS",56.169547,9.73561,65.905157
455.5,"Sandbian","Southern",0.0575044609152363,0.0607730297510067,0.0851929164644423,-0.0798769472454154,0.223215648558995,41.1921039999001,0.292015303526013,0.804994555062635,0.00486433455423773,15,100,0.28,0.72,5,"occurrence5","occurrence",5,NA,"per_cell_balanced_resampling_OLS","median_resampled_slope",NA,41,3,9.73561,65.905157,56.169547,TRUE,TRUE,TRUE,13472,328.585365853659,161,5,1765,FALSE,5,28,13.6666666666667,8,0.914878016268832,0.365853658536585,0.682926829268293,TRUE,TRUE,TRUE,FALSE,TRUE,"bad","Bad hemisphere","occurrence5_k1_tropical_temperate","occurrence",5,NA,1,"tropical_temperate",TRUE,TRUE,FALSE,TRUE,FALSE,1.31707317073171,5.17540148237127,3.22999952008803,0.303092595804411,"reverse_LDG","grid_cell_balanced_resampling_OLS",56.169547,9.73561,65.905157
463.8,"Darriwilian","Southern",0.155344088931401,0.152029513791382,0.0253991259155041,0.07917693648896,0.188683103427859,16.7196826045333,0.118466694342968,0.194106912795948,0.0451391081455647,39,100,0,1,13,"occurrence5","occurrence",5,NA,"per_cell_balanced_resampling_OLS","median_resampled_slope",NA,49,3,9.73561,65.905157,56.169547,TRUE,TRUE,TRUE,9342,190.65306122449,61,6,1549,FALSE,13,22,16.3333333333333,14,0.302013236468342,0.795918367346939,0.448979591836735,TRUE,TRUE,TRUE,FALSE,TRUE,"bad","Bad hemisphere","occurrence5_k1_tropical_temperate","occurrence",5,NA,1,"tropical_temperate",TRUE,TRUE,FALSE,TRUE,FALSE,0.986656200941915,13.9809680038261,8.72560710440451,0.109506166938899,"reverse_LDG","grid_cell_balanced_resampling_OLS",56.169547,9.73561,65.905157
470.35,"Dapingian","Southern",-1.95063172842771,-1.7917303367406,0.830673395391096,-3.17617336441897,-0.285333330528448,74.7447157801499,1.04142631538828,0.0946896543371321,0.819586821964221,4,100,1,0,2,"occurrence5","occurrence",5,NA,"per_cell_balanced_resampling_OLS","median_resampled_slope",NA,7,2,9.73561,30.640768,20.905158,TRUE,TRUE,FALSE,462,66,21,5,269,FALSE,0,5,2.33333333333333,2,1.07854777646725,0,0.714285714285714,TRUE,TRUE,TRUE,FALSE,TRUE,"bad","Bad hemisphere","occurrence5_k1_tropical_temperate","occurrence",5,NA,1,"tropical_temperate",TRUE,TRUE,FALSE,TRUE,FALSE,0.380952380952381,-175.556855558494,-40.7782644825943,2.89084003389053,"normal_LDG","grid_cell_balanced_resampling_OLS",20.905158,9.73561,30.640768
474.2,"Floian","Southern",0.478751043817192,0.465763830792642,0.086608482543771,0.343054562955999,0.629224216676605,19.5631375768021,0.237157835544105,0.0555877450334795,0.138867078215904,27,100,0,1,9,"occurrence5","occurrence",5,NA,"per_cell_balanced_resampling_OLS","median_resampled_slope",NA,33,3,9.73561,65.905157,56.169547,TRUE,TRUE,TRUE,2352,71.2727272727273,48,5,264,FALSE,9,14,11,10,0.240522846460417,0.818181818181818,0.424242424242424,TRUE,TRUE,TRUE,FALSE,TRUE,"bad","Bad hemisphere","occurrence5_k1_tropical_temperate","occurrence",5,NA,1,"tropical_temperate",TRUE,TRUE,FALSE,TRUE,FALSE,0.590909090909091,43.0875939435473,26.8912292569889,0.286169653720606,"reverse_LDG","grid_cell_balanced_resampling_OLS",56.169547,9.73561,65.905157
481.975,"Tremadocian","Southern",0.112460049966672,0.130450564426254,0.0692373563850749,0.0268365916449722,0.265765510229873,28.4719409479532,0.195627100242861,0.566242108614476,0.0107276843793593,33,100,0,1,11,"occurrence5","occurrence",5,NA,"per_cell_balanced_resampling_OLS","median_resampled_slope",NA,41,3,9.73561,65.905157,56.169547,TRUE,TRUE,TRUE,4024,98.1463414634146,45,5,839,FALSE,11,16,13.6666666666667,14,0.184142303299287,0.804878048780488,0.390243902439024,TRUE,TRUE,TRUE,FALSE,TRUE,"bad","Bad hemisphere","occurrence5_k1_tropical_temperate","occurrence",5,NA,1,"tropical_temperate",TRUE,TRUE,FALSE,TRUE,FALSE,0.559233449477352,10.1214044970005,6.31683006222534,0.238928918584901,"reverse_LDG","grid_cell_balanced_resampling_OLS",56.169547,9.73561,65.905157
