"method_group","slope_metric","qc_name","hemisphere","group1","group2","n1","n2","median1","median2","median_diff","p_value","w_statistic","iqr1","iqr2","test_note","p_adjusted"
"per_cell_all_cells_OLS","all_cells_slope","occurrence5_k1_tropical_temperate","Northern","Coldhouse","Coolhouse",0,0,NA,NA,NA,NA,NA,NA,NA,"Skipped: n < 2",NA
"per_cell_all_cells_OLS","all_cells_slope","occurrence5_k1_tropical_temperate","Northern","Coldhouse","Transitional",0,0,NA,NA,NA,NA,NA,NA,NA,"Skipped: n < 2",NA
"per_cell_all_cells_OLS","all_cells_slope","occurrence5_k1_tropical_temperate","Northern","Coldhouse","Warmhouse",0,0,NA,NA,NA,NA,NA,NA,NA,"Skipped: n < 2",NA
"per_cell_all_cells_OLS","all_cells_slope","occurrence5_k1_tropical_temperate","Northern","Coldhouse","Hothouse",0,0,NA,NA,NA,NA,NA,NA,NA,"Skipped: n < 2",NA
"per_cell_all_cells_OLS","all_cells_slope","occurrence5_k1_tropical_temperate","Northern","Coolhouse","Transitional",0,0,NA,NA,NA,NA,NA,NA,NA,"Skipped: n < 2",NA
"per_cell_all_cells_OLS","all_cells_slope","occurrence5_k1_tropical_temperate","Northern","Coolhouse","Warmhouse",0,0,NA,NA,NA,NA,NA,NA,NA,"Skipped: n < 2",NA
"per_cell_all_cells_OLS","all_cells_slope","occurrence5_k1_tropical_temperate","Northern","Coolhouse","Hothouse",0,0,NA,NA,NA,NA,NA,NA,NA,"Skipped: n < 2",NA
"per_cell_all_cells_OLS","all_cells_slope","occurrence5_k1_tropical_temperate","Northern","Transitional","Warmhouse",0,0,NA,NA,NA,NA,NA,NA,NA,"Skipped: n < 2",NA
"per_cell_all_cells_OLS","all_cells_slope","occurrence5_k1_tropical_temperate","Northern","Transitional","Hothouse",0,0,NA,NA,NA,NA,NA,NA,NA,"Skipped: n < 2",NA
"per_cell_all_cells_OLS","all_cells_slope","occurrence5_k1_tropical_temperate","Northern","Warmhouse","Hothouse",0,0,NA,NA,NA,NA,NA,NA,NA,"Skipped: n < 2",NA
"per_cell_all_cells_OLS","all_cells_slope","occurrence5_k1_tropical_temperate","Southern","Coldhouse","Coolhouse",0,0,NA,NA,NA,NA,NA,NA,NA,"Skipped: n < 2",NA
"per_cell_all_cells_OLS","all_cells_slope","occurrence5_k1_tropical_temperate","Southern","Coldhouse","Transitional",0,0,NA,NA,NA,NA,NA,NA,NA,"Skipped: n < 2",NA
"per_cell_all_cells_OLS","all_cells_slope","occurrence5_k1_tropical_temperate","Southern","Coldhouse","Warmhouse",0,0,NA,NA,NA,NA,NA,NA,NA,"Skipped: n < 2",NA
"per_cell_all_cells_OLS","all_cells_slope","occurrence5_k1_tropical_temperate","Southern","Coldhouse","Hothouse",0,0,NA,NA,NA,NA,NA,NA,NA,"Skipped: n < 2",NA
"per_cell_all_cells_OLS","all_cells_slope","occurrence5_k1_tropical_temperate","Southern","Coolhouse","Transitional",0,0,NA,NA,NA,NA,NA,NA,NA,"Skipped: n < 2",NA
"per_cell_all_cells_OLS","all_cells_slope","occurrence5_k1_tropical_temperate","Southern","Coolhouse","Warmhouse",0,0,NA,NA,NA,NA,NA,NA,NA,"Skipped: n < 2",NA
"per_cell_all_cells_OLS","all_cells_slope","occurrence5_k1_tropical_temperate","Southern","Coolhouse","Hothouse",0,0,NA,NA,NA,NA,NA,NA,NA,"Skipped: n < 2",NA
"per_cell_all_cells_OLS","all_cells_slope","occurrence5_k1_tropical_temperate","Southern","Transitional","Warmhouse",0,0,NA,NA,NA,NA,NA,NA,NA,"Skipped: n < 2",NA
"per_cell_all_cells_OLS","all_cells_slope","occurrence5_k1_tropical_temperate","Southern","Transitional","Hothouse",0,0,NA,NA,NA,NA,NA,NA,NA,"Skipped: n < 2",NA
"per_cell_all_cells_OLS","all_cells_slope","occurrence5_k1_tropical_temperate","Southern","Warmhouse","Hothouse",0,0,NA,NA,NA,NA,NA,NA,NA,"Skipped: n < 2",NA
"per_cell_all_cells_OLS","all_cells_slope","occurrence5_k1_tropical_temperate_polar","Northern","Coldhouse","Coolhouse",0,0,NA,NA,NA,NA,NA,NA,NA,"Skipped: n < 2",NA
"per_cell_all_cells_OLS","all_cells_slope","occurrence5_k1_tropical_temperate_polar","Northern","Coldhouse","Transitional",0,0,NA,NA,NA,NA,NA,NA,NA,"Skipped: n < 2",NA
"per_cell_all_cells_OLS","all_cells_slope","occurrence5_k1_tropical_temperate_polar","Northern","Coldhouse","Warmhouse",0,0,NA,NA,NA,NA,NA,NA,NA,"Skipped: n < 2",NA
"per_cell_all_cells_OLS","all_cells_slope","occurrence5_k1_tropical_temperate_polar","Northern","Coldhouse","Hothouse",0,0,NA,NA,NA,NA,NA,NA,NA,"Skipped: n < 2",NA
"per_cell_all_cells_OLS","all_cells_slope","occurrence5_k1_tropical_temperate_polar","Northern","Coolhouse","Transitional",0,0,NA,NA,NA,NA,NA,NA,NA,"Skipped: n < 2",NA
"per_cell_all_cells_OLS","all_cells_slope","occurrence5_k1_tropical_temperate_polar","Northern","Coolhouse","Warmhouse",0,0,NA,NA,NA,NA,NA,NA,NA,"Skipped: n < 2",NA
"per_cell_all_cells_OLS","all_cells_slope","occurrence5_k1_tropical_temperate_polar","Northern","Coolhouse","Hothouse",0,0,NA,NA,NA,NA,NA,NA,NA,"Skipped: n < 2",NA
"per_cell_all_cells_OLS","all_cells_slope","occurrence5_k1_tropical_temperate_polar","Northern","Transitional","Warmhouse",0,0,NA,NA,NA,NA,NA,NA,NA,"Skipped: n < 2",NA
"per_cell_all_cells_OLS","all_cells_slope","occurrence5_k1_tropical_temperate_polar","Northern","Transitional","Hothouse",0,0,NA,NA,NA,NA,NA,NA,NA,"Skipped: n < 2",NA
"per_cell_all_cells_OLS","all_cells_slope","occurrence5_k1_tropical_temperate_polar","Northern","Warmhouse","Hothouse",0,0,NA,NA,NA,NA,NA,NA,NA,"Skipped: n < 2",NA
"per_cell_all_cells_OLS","all_cells_slope","occurrence5_k1_tropical_temperate_polar","Southern","Coldhouse","Coolhouse",0,0,NA,NA,NA,NA,NA,NA,NA,"Skipped: n < 2",NA
"per_cell_all_cells_OLS","all_cells_slope","occurrence5_k1_tropical_temperate_polar","Southern","Coldhouse","Transitional",0,0,NA,NA,NA,NA,NA,NA,NA,"Skipped: n < 2",NA
"per_cell_all_cells_OLS","all_cells_slope","occurrence5_k1_tropical_temperate_polar","Southern","Coldhouse","Warmhouse",0,0,NA,NA,NA,NA,NA,NA,NA,"Skipped: n < 2",NA
"per_cell_all_cells_OLS","all_cells_slope","occurrence5_k1_tropical_temperate_polar","Southern","Coldhouse","Hothouse",0,0,NA,NA,NA,NA,NA,NA,NA,"Skipped: n < 2",NA
"per_cell_all_cells_OLS","all_cells_slope","occurrence5_k1_tropical_temperate_polar","Southern","Coolhouse","Transitional",0,0,NA,NA,NA,NA,NA,NA,NA,"Skipped: n < 2",NA
"per_cell_all_cells_OLS","all_cells_slope","occurrence5_k1_tropical_temperate_polar","Southern","Coolhouse","Warmhouse",0,0,NA,NA,NA,NA,NA,NA,NA,"Skipped: n < 2",NA
"per_cell_all_cells_OLS","all_cells_slope","occurrence5_k1_tropical_temperate_polar","Southern","Coolhouse","Hothouse",0,0,NA,NA,NA,NA,NA,NA,NA,"Skipped: n < 2",NA
"per_cell_all_cells_OLS","all_cells_slope","occurrence5_k1_tropical_temperate_polar","Southern","Transitional","Warmhouse",0,0,NA,NA,NA,NA,NA,NA,NA,"Skipped: n < 2",NA
"per_cell_all_cells_OLS","all_cells_slope","occurrence5_k1_tropical_temperate_polar","Southern","Transitional","Hothouse",0,0,NA,NA,NA,NA,NA,NA,NA,"Skipped: n < 2",NA
"per_cell_all_cells_OLS","all_cells_slope","occurrence5_k1_tropical_temperate_polar","Southern","Warmhouse","Hothouse",0,0,NA,NA,NA,NA,NA,NA,NA,"Skipped: n < 2",NA
"per_cell_all_cells_OLS","all_cells_slope","occurrence5_k2_tropical_temperate","Northern","Coldhouse","Coolhouse",0,0,NA,NA,NA,NA,NA,NA,NA,"Skipped: n < 2",NA
"per_cell_all_cells_OLS","all_cells_slope","occurrence5_k2_tropical_temperate","Northern","Coldhouse","Transitional",0,0,NA,NA,NA,NA,NA,NA,NA,"Skipped: n < 2",NA
"per_cell_all_cells_OLS","all_cells_slope","occurrence5_k2_tropical_temperate","Northern","Coldhouse","Warmhouse",0,0,NA,NA,NA,NA,NA,NA,NA,"Skipped: n < 2",NA
"per_cell_all_cells_OLS","all_cells_slope","occurrence5_k2_tropical_temperate","Northern","Coldhouse","Hothouse",0,0,NA,NA,NA,NA,NA,NA,NA,"Skipped: n < 2",NA
"per_cell_all_cells_OLS","all_cells_slope","occurrence5_k2_tropical_temperate","Northern","Coolhouse","Transitional",0,0,NA,NA,NA,NA,NA,NA,NA,"Skipped: n < 2",NA
"per_cell_all_cells_OLS","all_cells_slope","occurrence5_k2_tropical_temperate","Northern","Coolhouse","Warmhouse",0,0,NA,NA,NA,NA,NA,NA,NA,"Skipped: n < 2",NA
"per_cell_all_cells_OLS","all_cells_slope","occurrence5_k2_tropical_temperate","Northern","Coolhouse","Hothouse",0,0,NA,NA,NA,NA,NA,NA,NA,"Skipped: n < 2",NA
"per_cell_all_cells_OLS","all_cells_slope","occurrence5_k2_tropical_temperate","Northern","Transitional","Warmhouse",0,0,NA,NA,NA,NA,NA,NA,NA,"Skipped: n < 2",NA
"per_cell_all_cells_OLS","all_cells_slope","occurrence5_k2_tropical_temperate","Northern","Transitional","Hothouse",0,0,NA,NA,NA,NA,NA,NA,NA,"Skipped: n < 2",NA
"per_cell_all_cells_OLS","all_cells_slope","occurrence5_k2_tropical_temperate","Northern","Warmhouse","Hothouse",0,0,NA,NA,NA,NA,NA,NA,NA,"Skipped: n < 2",NA
"per_cell_all_cells_OLS","all_cells_slope","occurrence5_k2_tropical_temperate","Southern","Coldhouse","Coolhouse",0,0,NA,NA,NA,NA,NA,NA,NA,"Skipped: n < 2",NA
"per_cell_all_cells_OLS","all_cells_slope","occurrence5_k2_tropical_temperate","Southern","Coldhouse","Transitional",0,0,NA,NA,NA,NA,NA,NA,NA,"Skipped: n < 2",NA
"per_cell_all_cells_OLS","all_cells_slope","occurrence5_k2_tropical_temperate","Southern","Coldhouse","Warmhouse",0,0,NA,NA,NA,NA,NA,NA,NA,"Skipped: n < 2",NA
"per_cell_all_cells_OLS","all_cells_slope","occurrence5_k2_tropical_temperate","Southern","Coldhouse","Hothouse",0,0,NA,NA,NA,NA,NA,NA,NA,"Skipped: n < 2",NA
"per_cell_all_cells_OLS","all_cells_slope","occurrence5_k2_tropical_temperate","Southern","Coolhouse","Transitional",0,0,NA,NA,NA,NA,NA,NA,NA,"Skipped: n < 2",NA
"per_cell_all_cells_OLS","all_cells_slope","occurrence5_k2_tropical_temperate","Southern","Coolhouse","Warmhouse",0,0,NA,NA,NA,NA,NA,NA,NA,"Skipped: n < 2",NA
"per_cell_all_cells_OLS","all_cells_slope","occurrence5_k2_tropical_temperate","Southern","Coolhouse","Hothouse",0,0,NA,NA,NA,NA,NA,NA,NA,"Skipped: n < 2",NA
"per_cell_all_cells_OLS","all_cells_slope","occurrence5_k2_tropical_temperate","Southern","Transitional","Warmhouse",0,0,NA,NA,NA,NA,NA,NA,NA,"Skipped: n < 2",NA
"per_cell_all_cells_OLS","all_cells_slope","occurrence5_k2_tropical_temperate","Southern","Transitional","Hothouse",0,0,NA,NA,NA,NA,NA,NA,NA,"Skipped: n < 2",NA
"per_cell_all_cells_OLS","all_cells_slope","occurrence5_k2_tropical_temperate","Southern","Warmhouse","Hothouse",0,0,NA,NA,NA,NA,NA,NA,NA,"Skipped: n < 2",NA
"per_cell_all_cells_OLS","all_cells_slope","occurrence5_k2_tropical_temperate_polar","Northern","Coldhouse","Coolhouse",0,0,NA,NA,NA,NA,NA,NA,NA,"Skipped: n < 2",NA
"per_cell_all_cells_OLS","all_cells_slope","occurrence5_k2_tropical_temperate_polar","Northern","Coldhouse","Transitional",0,0,NA,NA,NA,NA,NA,NA,NA,"Skipped: n < 2",NA
"per_cell_all_cells_OLS","all_cells_slope","occurrence5_k2_tropical_temperate_polar","Northern","Coldhouse","Warmhouse",0,0,NA,NA,NA,NA,NA,NA,NA,"Skipped: n < 2",NA
"per_cell_all_cells_OLS","all_cells_slope","occurrence5_k2_tropical_temperate_polar","Northern","Coldhouse","Hothouse",0,0,NA,NA,NA,NA,NA,NA,NA,"Skipped: n < 2",NA
"per_cell_all_cells_OLS","all_cells_slope","occurrence5_k2_tropical_temperate_polar","Northern","Coolhouse","Transitional",0,0,NA,NA,NA,NA,NA,NA,NA,"Skipped: n < 2",NA
"per_cell_all_cells_OLS","all_cells_slope","occurrence5_k2_tropical_temperate_polar","Northern","Coolhouse","Warmhouse",0,0,NA,NA,NA,NA,NA,NA,NA,"Skipped: n < 2",NA
"per_cell_all_cells_OLS","all_cells_slope","occurrence5_k2_tropical_temperate_polar","Northern","Coolhouse","Hothouse",0,0,NA,NA,NA,NA,NA,NA,NA,"Skipped: n < 2",NA
"per_cell_all_cells_OLS","all_cells_slope","occurrence5_k2_tropical_temperate_polar","Northern","Transitional","Warmhouse",0,0,NA,NA,NA,NA,NA,NA,NA,"Skipped: n < 2",NA
"per_cell_all_cells_OLS","all_cells_slope","occurrence5_k2_tropical_temperate_polar","Northern","Transitional","Hothouse",0,0,NA,NA,NA,NA,NA,NA,NA,"Skipped: n < 2",NA
"per_cell_all_cells_OLS","all_cells_slope","occurrence5_k2_tropical_temperate_polar","Northern","Warmhouse","Hothouse",0,0,NA,NA,NA,NA,NA,NA,NA,"Skipped: n < 2",NA
"per_cell_all_cells_OLS","all_cells_slope","occurrence5_k2_tropical_temperate_polar","Southern","Coldhouse","Coolhouse",0,0,NA,NA,NA,NA,NA,NA,NA,"Skipped: n < 2",NA
"per_cell_all_cells_OLS","all_cells_slope","occurrence5_k2_tropical_temperate_polar","Southern","Coldhouse","Transitional",0,0,NA,NA,NA,NA,NA,NA,NA,"Skipped: n < 2",NA
"per_cell_all_cells_OLS","all_cells_slope","occurrence5_k2_tropical_temperate_polar","Southern","Coldhouse","Warmhouse",0,0,NA,NA,NA,NA,NA,NA,NA,"Skipped: n < 2",NA
"per_cell_all_cells_OLS","all_cells_slope","occurrence5_k2_tropical_temperate_polar","Southern","Coldhouse","Hothouse",0,0,NA,NA,NA,NA,NA,NA,NA,"Skipped: n < 2",NA
"per_cell_all_cells_OLS","all_cells_slope","occurrence5_k2_tropical_temperate_polar","Southern","Coolhouse","Transitional",0,0,NA,NA,NA,NA,NA,NA,NA,"Skipped: n < 2",NA
"per_cell_all_cells_OLS","all_cells_slope","occurrence5_k2_tropical_temperate_polar","Southern","Coolhouse","Warmhouse",0,0,NA,NA,NA,NA,NA,NA,NA,"Skipped: n < 2",NA
"per_cell_all_cells_OLS","all_cells_slope","occurrence5_k2_tropical_temperate_polar","Southern","Coolhouse","Hothouse",0,0,NA,NA,NA,NA,NA,NA,NA,"Skipped: n < 2",NA
"per_cell_all_cells_OLS","all_cells_slope","occurrence5_k2_tropical_temperate_polar","Southern","Transitional","Warmhouse",0,0,NA,NA,NA,NA,NA,NA,NA,"Skipped: n < 2",NA
"per_cell_all_cells_OLS","all_cells_slope","occurrence5_k2_tropical_temperate_polar","Southern","Transitional","Hothouse",0,0,NA,NA,NA,NA,NA,NA,NA,"Skipped: n < 2",NA
"per_cell_all_cells_OLS","all_cells_slope","occurrence5_k2_tropical_temperate_polar","Southern","Warmhouse","Hothouse",0,0,NA,NA,NA,NA,NA,NA,NA,"Skipped: n < 2",NA
"per_cell_all_cells_OLS","all_cells_slope","occurrence5_k3_tropical_temperate","Northern","Coldhouse","Coolhouse",0,0,NA,NA,NA,NA,NA,NA,NA,"Skipped: n < 2",NA
"per_cell_all_cells_OLS","all_cells_slope","occurrence5_k3_tropical_temperate","Northern","Coldhouse","Transitional",0,0,NA,NA,NA,NA,NA,NA,NA,"Skipped: n < 2",NA
"per_cell_all_cells_OLS","all_cells_slope","occurrence5_k3_tropical_temperate","Northern","Coldhouse","Warmhouse",0,0,NA,NA,NA,NA,NA,NA,NA,"Skipped: n < 2",NA
"per_cell_all_cells_OLS","all_cells_slope","occurrence5_k3_tropical_temperate","Northern","Coldhouse","Hothouse",0,0,NA,NA,NA,NA,NA,NA,NA,"Skipped: n < 2",NA
"per_cell_all_cells_OLS","all_cells_slope","occurrence5_k3_tropical_temperate","Northern","Coolhouse","Transitional",0,0,NA,NA,NA,NA,NA,NA,NA,"Skipped: n < 2",NA
"per_cell_all_cells_OLS","all_cells_slope","occurrence5_k3_tropical_temperate","Northern","Coolhouse","Warmhouse",0,0,NA,NA,NA,NA,NA,NA,NA,"Skipped: n < 2",NA
"per_cell_all_cells_OLS","all_cells_slope","occurrence5_k3_tropical_temperate","Northern","Coolhouse","Hothouse",0,0,NA,NA,NA,NA,NA,NA,NA,"Skipped: n < 2",NA
"per_cell_all_cells_OLS","all_cells_slope","occurrence5_k3_tropical_temperate","Northern","Transitional","Warmhouse",0,0,NA,NA,NA,NA,NA,NA,NA,"Skipped: n < 2",NA
"per_cell_all_cells_OLS","all_cells_slope","occurrence5_k3_tropical_temperate","Northern","Transitional","Hothouse",0,0,NA,NA,NA,NA,NA,NA,NA,"Skipped: n < 2",NA
"per_cell_all_cells_OLS","all_cells_slope","occurrence5_k3_tropical_temperate","Northern","Warmhouse","Hothouse",0,0,NA,NA,NA,NA,NA,NA,NA,"Skipped: n < 2",NA
"per_cell_all_cells_OLS","all_cells_slope","occurrence5_k3_tropical_temperate","Southern","Coldhouse","Coolhouse",0,0,NA,NA,NA,NA,NA,NA,NA,"Skipped: n < 2",NA
"per_cell_all_cells_OLS","all_cells_slope","occurrence5_k3_tropical_temperate","Southern","Coldhouse","Transitional",0,0,NA,NA,NA,NA,NA,NA,NA,"Skipped: n < 2",NA
"per_cell_all_cells_OLS","all_cells_slope","occurrence5_k3_tropical_temperate","Southern","Coldhouse","Warmhouse",0,0,NA,NA,NA,NA,NA,NA,NA,"Skipped: n < 2",NA
"per_cell_all_cells_OLS","all_cells_slope","occurrence5_k3_tropical_temperate","Southern","Coldhouse","Hothouse",0,0,NA,NA,NA,NA,NA,NA,NA,"Skipped: n < 2",NA
"per_cell_all_cells_OLS","all_cells_slope","occurrence5_k3_tropical_temperate","Southern","Coolhouse","Transitional",0,0,NA,NA,NA,NA,NA,NA,NA,"Skipped: n < 2",NA
"per_cell_all_cells_OLS","all_cells_slope","occurrence5_k3_tropical_temperate","Southern","Coolhouse","Warmhouse",0,0,NA,NA,NA,NA,NA,NA,NA,"Skipped: n < 2",NA
"per_cell_all_cells_OLS","all_cells_slope","occurrence5_k3_tropical_temperate","Southern","Coolhouse","Hothouse",0,0,NA,NA,NA,NA,NA,NA,NA,"Skipped: n < 2",NA
"per_cell_all_cells_OLS","all_cells_slope","occurrence5_k3_tropical_temperate","Southern","Transitional","Warmhouse",0,0,NA,NA,NA,NA,NA,NA,NA,"Skipped: n < 2",NA
"per_cell_all_cells_OLS","all_cells_slope","occurrence5_k3_tropical_temperate","Southern","Transitional","Hothouse",0,0,NA,NA,NA,NA,NA,NA,NA,"Skipped: n < 2",NA
"per_cell_all_cells_OLS","all_cells_slope","occurrence5_k3_tropical_temperate","Southern","Warmhouse","Hothouse",0,0,NA,NA,NA,NA,NA,NA,NA,"Skipped: n < 2",NA
"per_cell_all_cells_OLS","all_cells_slope","occurrence5_k3_tropical_temperate_polar","Northern","Coldhouse","Coolhouse",0,0,NA,NA,NA,NA,NA,NA,NA,"Skipped: n < 2",NA
"per_cell_all_cells_OLS","all_cells_slope","occurrence5_k3_tropical_temperate_polar","Northern","Coldhouse","Transitional",0,0,NA,NA,NA,NA,NA,NA,NA,"Skipped: n < 2",NA
"per_cell_all_cells_OLS","all_cells_slope","occurrence5_k3_tropical_temperate_polar","Northern","Coldhouse","Warmhouse",0,0,NA,NA,NA,NA,NA,NA,NA,"Skipped: n < 2",NA
"per_cell_all_cells_OLS","all_cells_slope","occurrence5_k3_tropical_temperate_polar","Northern","Coldhouse","Hothouse",0,0,NA,NA,NA,NA,NA,NA,NA,"Skipped: n < 2",NA
"per_cell_all_cells_OLS","all_cells_slope","occurrence5_k3_tropical_temperate_polar","Northern","Coolhouse","Transitional",0,0,NA,NA,NA,NA,NA,NA,NA,"Skipped: n < 2",NA
"per_cell_all_cells_OLS","all_cells_slope","occurrence5_k3_tropical_temperate_polar","Northern","Coolhouse","Warmhouse",0,0,NA,NA,NA,NA,NA,NA,NA,"Skipped: n < 2",NA
"per_cell_all_cells_OLS","all_cells_slope","occurrence5_k3_tropical_temperate_polar","Northern","Coolhouse","Hothouse",0,0,NA,NA,NA,NA,NA,NA,NA,"Skipped: n < 2",NA
"per_cell_all_cells_OLS","all_cells_slope","occurrence5_k3_tropical_temperate_polar","Northern","Transitional","Warmhouse",0,0,NA,NA,NA,NA,NA,NA,NA,"Skipped: n < 2",NA
"per_cell_all_cells_OLS","all_cells_slope","occurrence5_k3_tropical_temperate_polar","Northern","Transitional","Hothouse",0,0,NA,NA,NA,NA,NA,NA,NA,"Skipped: n < 2",NA
"per_cell_all_cells_OLS","all_cells_slope","occurrence5_k3_tropical_temperate_polar","Northern","Warmhouse","Hothouse",0,0,NA,NA,NA,NA,NA,NA,NA,"Skipped: n < 2",NA
"per_cell_all_cells_OLS","all_cells_slope","occurrence5_k3_tropical_temperate_polar","Southern","Coldhouse","Coolhouse",0,0,NA,NA,NA,NA,NA,NA,NA,"Skipped: n < 2",NA
"per_cell_all_cells_OLS","all_cells_slope","occurrence5_k3_tropical_temperate_polar","Southern","Coldhouse","Transitional",0,0,NA,NA,NA,NA,NA,NA,NA,"Skipped: n < 2",NA
"per_cell_all_cells_OLS","all_cells_slope","occurrence5_k3_tropical_temperate_polar","Southern","Coldhouse","Warmhouse",0,0,NA,NA,NA,NA,NA,NA,NA,"Skipped: n < 2",NA
"per_cell_all_cells_OLS","all_cells_slope","occurrence5_k3_tropical_temperate_polar","Southern","Coldhouse","Hothouse",0,0,NA,NA,NA,NA,NA,NA,NA,"Skipped: n < 2",NA
"per_cell_all_cells_OLS","all_cells_slope","occurrence5_k3_tropical_temperate_polar","Southern","Coolhouse","Transitional",0,0,NA,NA,NA,NA,NA,NA,NA,"Skipped: n < 2",NA
"per_cell_all_cells_OLS","all_cells_slope","occurrence5_k3_tropical_temperate_polar","Southern","Coolhouse","Warmhouse",0,0,NA,NA,NA,NA,NA,NA,NA,"Skipped: n < 2",NA
"per_cell_all_cells_OLS","all_cells_slope","occurrence5_k3_tropical_temperate_polar","Southern","Coolhouse","Hothouse",0,0,NA,NA,NA,NA,NA,NA,NA,"Skipped: n < 2",NA
"per_cell_all_cells_OLS","all_cells_slope","occurrence5_k3_tropical_temperate_polar","Southern","Transitional","Warmhouse",0,0,NA,NA,NA,NA,NA,NA,NA,"Skipped: n < 2",NA
"per_cell_all_cells_OLS","all_cells_slope","occurrence5_k3_tropical_temperate_polar","Southern","Transitional","Hothouse",0,0,NA,NA,NA,NA,NA,NA,NA,"Skipped: n < 2",NA
"per_cell_all_cells_OLS","all_cells_slope","occurrence5_k3_tropical_temperate_polar","Southern","Warmhouse","Hothouse",0,0,NA,NA,NA,NA,NA,NA,NA,"Skipped: n < 2",NA
"per_cell_all_cells_OLS","all_cells_slope","occurrence10_k1_tropical_temperate","Northern","Coldhouse","Coolhouse",0,0,NA,NA,NA,NA,NA,NA,NA,"Skipped: n < 2",NA
"per_cell_all_cells_OLS","all_cells_slope","occurrence10_k1_tropical_temperate","Northern","Coldhouse","Transitional",0,0,NA,NA,NA,NA,NA,NA,NA,"Skipped: n < 2",NA
"per_cell_all_cells_OLS","all_cells_slope","occurrence10_k1_tropical_temperate","Northern","Coldhouse","Warmhouse",0,0,NA,NA,NA,NA,NA,NA,NA,"Skipped: n < 2",NA
"per_cell_all_cells_OLS","all_cells_slope","occurrence10_k1_tropical_temperate","Northern","Coldhouse","Hothouse",0,0,NA,NA,NA,NA,NA,NA,NA,"Skipped: n < 2",NA
"per_cell_all_cells_OLS","all_cells_slope","occurrence10_k1_tropical_temperate","Northern","Coolhouse","Transitional",0,0,NA,NA,NA,NA,NA,NA,NA,"Skipped: n < 2",NA
"per_cell_all_cells_OLS","all_cells_slope","occurrence10_k1_tropical_temperate","Northern","Coolhouse","Warmhouse",0,0,NA,NA,NA,NA,NA,NA,NA,"Skipped: n < 2",NA
"per_cell_all_cells_OLS","all_cells_slope","occurrence10_k1_tropical_temperate","Northern","Coolhouse","Hothouse",0,0,NA,NA,NA,NA,NA,NA,NA,"Skipped: n < 2",NA
"per_cell_all_cells_OLS","all_cells_slope","occurrence10_k1_tropical_temperate","Northern","Transitional","Warmhouse",0,0,NA,NA,NA,NA,NA,NA,NA,"Skipped: n < 2",NA
"per_cell_all_cells_OLS","all_cells_slope","occurrence10_k1_tropical_temperate","Northern","Transitional","Hothouse",0,0,NA,NA,NA,NA,NA,NA,NA,"Skipped: n < 2",NA
"per_cell_all_cells_OLS","all_cells_slope","occurrence10_k1_tropical_temperate","Northern","Warmhouse","Hothouse",0,0,NA,NA,NA,NA,NA,NA,NA,"Skipped: n < 2",NA
"per_cell_all_cells_OLS","all_cells_slope","occurrence10_k1_tropical_temperate","Southern","Coldhouse","Coolhouse",0,0,NA,NA,NA,NA,NA,NA,NA,"Skipped: n < 2",NA
"per_cell_all_cells_OLS","all_cells_slope","occurrence10_k1_tropical_temperate","Southern","Coldhouse","Transitional",0,0,NA,NA,NA,NA,NA,NA,NA,"Skipped: n < 2",NA
"per_cell_all_cells_OLS","all_cells_slope","occurrence10_k1_tropical_temperate","Southern","Coldhouse","Warmhouse",0,0,NA,NA,NA,NA,NA,NA,NA,"Skipped: n < 2",NA
"per_cell_all_cells_OLS","all_cells_slope","occurrence10_k1_tropical_temperate","Southern","Coldhouse","Hothouse",0,0,NA,NA,NA,NA,NA,NA,NA,"Skipped: n < 2",NA
"per_cell_all_cells_OLS","all_cells_slope","occurrence10_k1_tropical_temperate","Southern","Coolhouse","Transitional",0,0,NA,NA,NA,NA,NA,NA,NA,"Skipped: n < 2",NA
"per_cell_all_cells_OLS","all_cells_slope","occurrence10_k1_tropical_temperate","Southern","Coolhouse","Warmhouse",0,0,NA,NA,NA,NA,NA,NA,NA,"Skipped: n < 2",NA
"per_cell_all_cells_OLS","all_cells_slope","occurrence10_k1_tropical_temperate","Southern","Coolhouse","Hothouse",0,0,NA,NA,NA,NA,NA,NA,NA,"Skipped: n < 2",NA
"per_cell_all_cells_OLS","all_cells_slope","occurrence10_k1_tropical_temperate","Southern","Transitional","Warmhouse",0,0,NA,NA,NA,NA,NA,NA,NA,"Skipped: n < 2",NA
"per_cell_all_cells_OLS","all_cells_slope","occurrence10_k1_tropical_temperate","Southern","Transitional","Hothouse",0,0,NA,NA,NA,NA,NA,NA,NA,"Skipped: n < 2",NA
"per_cell_all_cells_OLS","all_cells_slope","occurrence10_k1_tropical_temperate","Southern","Warmhouse","Hothouse",0,0,NA,NA,NA,NA,NA,NA,NA,"Skipped: n < 2",NA
"per_cell_all_cells_OLS","all_cells_slope","occurrence10_k1_tropical_temperate_polar","Northern","Coldhouse","Coolhouse",0,0,NA,NA,NA,NA,NA,NA,NA,"Skipped: n < 2",NA
"per_cell_all_cells_OLS","all_cells_slope","occurrence10_k1_tropical_temperate_polar","Northern","Coldhouse","Transitional",0,0,NA,NA,NA,NA,NA,NA,NA,"Skipped: n < 2",NA
"per_cell_all_cells_OLS","all_cells_slope","occurrence10_k1_tropical_temperate_polar","Northern","Coldhouse","Warmhouse",0,0,NA,NA,NA,NA,NA,NA,NA,"Skipped: n < 2",NA
"per_cell_all_cells_OLS","all_cells_slope","occurrence10_k1_tropical_temperate_polar","Northern","Coldhouse","Hothouse",0,0,NA,NA,NA,NA,NA,NA,NA,"Skipped: n < 2",NA
"per_cell_all_cells_OLS","all_cells_slope","occurrence10_k1_tropical_temperate_polar","Northern","Coolhouse","Transitional",0,0,NA,NA,NA,NA,NA,NA,NA,"Skipped: n < 2",NA
"per_cell_all_cells_OLS","all_cells_slope","occurrence10_k1_tropical_temperate_polar","Northern","Coolhouse","Warmhouse",0,0,NA,NA,NA,NA,NA,NA,NA,"Skipped: n < 2",NA
"per_cell_all_cells_OLS","all_cells_slope","occurrence10_k1_tropical_temperate_polar","Northern","Coolhouse","Hothouse",0,0,NA,NA,NA,NA,NA,NA,NA,"Skipped: n < 2",NA
"per_cell_all_cells_OLS","all_cells_slope","occurrence10_k1_tropical_temperate_polar","Northern","Transitional","Warmhouse",0,0,NA,NA,NA,NA,NA,NA,NA,"Skipped: n < 2",NA
"per_cell_all_cells_OLS","all_cells_slope","occurrence10_k1_tropical_temperate_polar","Northern","Transitional","Hothouse",0,0,NA,NA,NA,NA,NA,NA,NA,"Skipped: n < 2",NA
"per_cell_all_cells_OLS","all_cells_slope","occurrence10_k1_tropical_temperate_polar","Northern","Warmhouse","Hothouse",0,0,NA,NA,NA,NA,NA,NA,NA,"Skipped: n < 2",NA
"per_cell_all_cells_OLS","all_cells_slope","occurrence10_k1_tropical_temperate_polar","Southern","Coldhouse","Coolhouse",0,0,NA,NA,NA,NA,NA,NA,NA,"Skipped: n < 2",NA
"per_cell_all_cells_OLS","all_cells_slope","occurrence10_k1_tropical_temperate_polar","Southern","Coldhouse","Transitional",0,0,NA,NA,NA,NA,NA,NA,NA,"Skipped: n < 2",NA
"per_cell_all_cells_OLS","all_cells_slope","occurrence10_k1_tropical_temperate_polar","Southern","Coldhouse","Warmhouse",0,0,NA,NA,NA,NA,NA,NA,NA,"Skipped: n < 2",NA
"per_cell_all_cells_OLS","all_cells_slope","occurrence10_k1_tropical_temperate_polar","Southern","Coldhouse","Hothouse",0,0,NA,NA,NA,NA,NA,NA,NA,"Skipped: n < 2",NA
"per_cell_all_cells_OLS","all_cells_slope","occurrence10_k1_tropical_temperate_polar","Southern","Coolhouse","Transitional",0,0,NA,NA,NA,NA,NA,NA,NA,"Skipped: n < 2",NA
"per_cell_all_cells_OLS","all_cells_slope","occurrence10_k1_tropical_temperate_polar","Southern","Coolhouse","Warmhouse",0,0,NA,NA,NA,NA,NA,NA,NA,"Skipped: n < 2",NA
"per_cell_all_cells_OLS","all_cells_slope","occurrence10_k1_tropical_temperate_polar","Southern","Coolhouse","Hothouse",0,0,NA,NA,NA,NA,NA,NA,NA,"Skipped: n < 2",NA
"per_cell_all_cells_OLS","all_cells_slope","occurrence10_k1_tropical_temperate_polar","Southern","Transitional","Warmhouse",0,0,NA,NA,NA,NA,NA,NA,NA,"Skipped: n < 2",NA
"per_cell_all_cells_OLS","all_cells_slope","occurrence10_k1_tropical_temperate_polar","Southern","Transitional","Hothouse",0,0,NA,NA,NA,NA,NA,NA,NA,"Skipped: n < 2",NA
"per_cell_all_cells_OLS","all_cells_slope","occurrence10_k1_tropical_temperate_polar","Southern","Warmhouse","Hothouse",0,0,NA,NA,NA,NA,NA,NA,NA,"Skipped: n < 2",NA
"per_cell_all_cells_OLS","all_cells_slope","occurrence10_k2_tropical_temperate","Northern","Coldhouse","Coolhouse",0,0,NA,NA,NA,NA,NA,NA,NA,"Skipped: n < 2",NA
"per_cell_all_cells_OLS","all_cells_slope","occurrence10_k2_tropical_temperate","Northern","Coldhouse","Transitional",0,0,NA,NA,NA,NA,NA,NA,NA,"Skipped: n < 2",NA
"per_cell_all_cells_OLS","all_cells_slope","occurrence10_k2_tropical_temperate","Northern","Coldhouse","Warmhouse",0,0,NA,NA,NA,NA,NA,NA,NA,"Skipped: n < 2",NA
"per_cell_all_cells_OLS","all_cells_slope","occurrence10_k2_tropical_temperate","Northern","Coldhouse","Hothouse",0,0,NA,NA,NA,NA,NA,NA,NA,"Skipped: n < 2",NA
"per_cell_all_cells_OLS","all_cells_slope","occurrence10_k2_tropical_temperate","Northern","Coolhouse","Transitional",0,0,NA,NA,NA,NA,NA,NA,NA,"Skipped: n < 2",NA
"per_cell_all_cells_OLS","all_cells_slope","occurrence10_k2_tropical_temperate","Northern","Coolhouse","Warmhouse",0,0,NA,NA,NA,NA,NA,NA,NA,"Skipped: n < 2",NA
"per_cell_all_cells_OLS","all_cells_slope","occurrence10_k2_tropical_temperate","Northern","Coolhouse","Hothouse",0,0,NA,NA,NA,NA,NA,NA,NA,"Skipped: n < 2",NA
"per_cell_all_cells_OLS","all_cells_slope","occurrence10_k2_tropical_temperate","Northern","Transitional","Warmhouse",0,0,NA,NA,NA,NA,NA,NA,NA,"Skipped: n < 2",NA
"per_cell_all_cells_OLS","all_cells_slope","occurrence10_k2_tropical_temperate","Northern","Transitional","Hothouse",0,0,NA,NA,NA,NA,NA,NA,NA,"Skipped: n < 2",NA
"per_cell_all_cells_OLS","all_cells_slope","occurrence10_k2_tropical_temperate","Northern","Warmhouse","Hothouse",0,0,NA,NA,NA,NA,NA,NA,NA,"Skipped: n < 2",NA
"per_cell_all_cells_OLS","all_cells_slope","occurrence10_k2_tropical_temperate","Southern","Coldhouse","Coolhouse",0,0,NA,NA,NA,NA,NA,NA,NA,"Skipped: n < 2",NA
"per_cell_all_cells_OLS","all_cells_slope","occurrence10_k2_tropical_temperate","Southern","Coldhouse","Transitional",0,0,NA,NA,NA,NA,NA,NA,NA,"Skipped: n < 2",NA
"per_cell_all_cells_OLS","all_cells_slope","occurrence10_k2_tropical_temperate","Southern","Coldhouse","Warmhouse",0,0,NA,NA,NA,NA,NA,NA,NA,"Skipped: n < 2",NA
"per_cell_all_cells_OLS","all_cells_slope","occurrence10_k2_tropical_temperate","Southern","Coldhouse","Hothouse",0,0,NA,NA,NA,NA,NA,NA,NA,"Skipped: n < 2",NA
"per_cell_all_cells_OLS","all_cells_slope","occurrence10_k2_tropical_temperate","Southern","Coolhouse","Transitional",0,0,NA,NA,NA,NA,NA,NA,NA,"Skipped: n < 2",NA
"per_cell_all_cells_OLS","all_cells_slope","occurrence10_k2_tropical_temperate","Southern","Coolhouse","Warmhouse",0,0,NA,NA,NA,NA,NA,NA,NA,"Skipped: n < 2",NA
"per_cell_all_cells_OLS","all_cells_slope","occurrence10_k2_tropical_temperate","Southern","Coolhouse","Hothouse",0,0,NA,NA,NA,NA,NA,NA,NA,"Skipped: n < 2",NA
"per_cell_all_cells_OLS","all_cells_slope","occurrence10_k2_tropical_temperate","Southern","Transitional","Warmhouse",0,0,NA,NA,NA,NA,NA,NA,NA,"Skipped: n < 2",NA
"per_cell_all_cells_OLS","all_cells_slope","occurrence10_k2_tropical_temperate","Southern","Transitional","Hothouse",0,0,NA,NA,NA,NA,NA,NA,NA,"Skipped: n < 2",NA
"per_cell_all_cells_OLS","all_cells_slope","occurrence10_k2_tropical_temperate","Southern","Warmhouse","Hothouse",0,0,NA,NA,NA,NA,NA,NA,NA,"Skipped: n < 2",NA
"per_cell_all_cells_OLS","all_cells_slope","occurrence10_k2_tropical_temperate_polar","Northern","Coldhouse","Coolhouse",0,0,NA,NA,NA,NA,NA,NA,NA,"Skipped: n < 2",NA
"per_cell_all_cells_OLS","all_cells_slope","occurrence10_k2_tropical_temperate_polar","Northern","Coldhouse","Transitional",0,0,NA,NA,NA,NA,NA,NA,NA,"Skipped: n < 2",NA
"per_cell_all_cells_OLS","all_cells_slope","occurrence10_k2_tropical_temperate_polar","Northern","Coldhouse","Warmhouse",0,0,NA,NA,NA,NA,NA,NA,NA,"Skipped: n < 2",NA
"per_cell_all_cells_OLS","all_cells_slope","occurrence10_k2_tropical_temperate_polar","Northern","Coldhouse","Hothouse",0,0,NA,NA,NA,NA,NA,NA,NA,"Skipped: n < 2",NA
"per_cell_all_cells_OLS","all_cells_slope","occurrence10_k2_tropical_temperate_polar","Northern","Coolhouse","Transitional",0,0,NA,NA,NA,NA,NA,NA,NA,"Skipped: n < 2",NA
"per_cell_all_cells_OLS","all_cells_slope","occurrence10_k2_tropical_temperate_polar","Northern","Coolhouse","Warmhouse",0,0,NA,NA,NA,NA,NA,NA,NA,"Skipped: n < 2",NA
"per_cell_all_cells_OLS","all_cells_slope","occurrence10_k2_tropical_temperate_polar","Northern","Coolhouse","Hothouse",0,0,NA,NA,NA,NA,NA,NA,NA,"Skipped: n < 2",NA
"per_cell_all_cells_OLS","all_cells_slope","occurrence10_k2_tropical_temperate_polar","Northern","Transitional","Warmhouse",0,0,NA,NA,NA,NA,NA,NA,NA,"Skipped: n < 2",NA
"per_cell_all_cells_OLS","all_cells_slope","occurrence10_k2_tropical_temperate_polar","Northern","Transitional","Hothouse",0,0,NA,NA,NA,NA,NA,NA,NA,"Skipped: n < 2",NA
"per_cell_all_cells_OLS","all_cells_slope","occurrence10_k2_tropical_temperate_polar","Northern","Warmhouse","Hothouse",0,0,NA,NA,NA,NA,NA,NA,NA,"Skipped: n < 2",NA
"per_cell_all_cells_OLS","all_cells_slope","occurrence10_k2_tropical_temperate_polar","Southern","Coldhouse","Coolhouse",0,0,NA,NA,NA,NA,NA,NA,NA,"Skipped: n < 2",NA
"per_cell_all_cells_OLS","all_cells_slope","occurrence10_k2_tropical_temperate_polar","Southern","Coldhouse","Transitional",0,0,NA,NA,NA,NA,NA,NA,NA,"Skipped: n < 2",NA
"per_cell_all_cells_OLS","all_cells_slope","occurrence10_k2_tropical_temperate_polar","Southern","Coldhouse","Warmhouse",0,0,NA,NA,NA,NA,NA,NA,NA,"Skipped: n < 2",NA
"per_cell_all_cells_OLS","all_cells_slope","occurrence10_k2_tropical_temperate_polar","Southern","Coldhouse","Hothouse",0,0,NA,NA,NA,NA,NA,NA,NA,"Skipped: n < 2",NA
"per_cell_all_cells_OLS","all_cells_slope","occurrence10_k2_tropical_temperate_polar","Southern","Coolhouse","Transitional",0,0,NA,NA,NA,NA,NA,NA,NA,"Skipped: n < 2",NA
"per_cell_all_cells_OLS","all_cells_slope","occurrence10_k2_tropical_temperate_polar","Southern","Coolhouse","Warmhouse",0,0,NA,NA,NA,NA,NA,NA,NA,"Skipped: n < 2",NA
"per_cell_all_cells_OLS","all_cells_slope","occurrence10_k2_tropical_temperate_polar","Southern","Coolhouse","Hothouse",0,0,NA,NA,NA,NA,NA,NA,NA,"Skipped: n < 2",NA
"per_cell_all_cells_OLS","all_cells_slope","occurrence10_k2_tropical_temperate_polar","Southern","Transitional","Warmhouse",0,0,NA,NA,NA,NA,NA,NA,NA,"Skipped: n < 2",NA
"per_cell_all_cells_OLS","all_cells_slope","occurrence10_k2_tropical_temperate_polar","Southern","Transitional","Hothouse",0,0,NA,NA,NA,NA,NA,NA,NA,"Skipped: n < 2",NA
"per_cell_all_cells_OLS","all_cells_slope","occurrence10_k2_tropical_temperate_polar","Southern","Warmhouse","Hothouse",0,0,NA,NA,NA,NA,NA,NA,NA,"Skipped: n < 2",NA
"per_cell_all_cells_OLS","all_cells_slope","occurrence10_k3_tropical_temperate","Northern","Coldhouse","Coolhouse",0,0,NA,NA,NA,NA,NA,NA,NA,"Skipped: n < 2",NA
"per_cell_all_cells_OLS","all_cells_slope","occurrence10_k3_tropical_temperate","Northern","Coldhouse","Transitional",0,0,NA,NA,NA,NA,NA,NA,NA,"Skipped: n < 2",NA
"per_cell_all_cells_OLS","all_cells_slope","occurrence10_k3_tropical_temperate","Northern","Coldhouse","Warmhouse",0,0,NA,NA,NA,NA,NA,NA,NA,"Skipped: n < 2",NA
"per_cell_all_cells_OLS","all_cells_slope","occurrence10_k3_tropical_temperate","Northern","Coldhouse","Hothouse",0,0,NA,NA,NA,NA,NA,NA,NA,"Skipped: n < 2",NA
"per_cell_all_cells_OLS","all_cells_slope","occurrence10_k3_tropical_temperate","Northern","Coolhouse","Transitional",0,0,NA,NA,NA,NA,NA,NA,NA,"Skipped: n < 2",NA
"per_cell_all_cells_OLS","all_cells_slope","occurrence10_k3_tropical_temperate","Northern","Coolhouse","Warmhouse",0,0,NA,NA,NA,NA,NA,NA,NA,"Skipped: n < 2",NA
"per_cell_all_cells_OLS","all_cells_slope","occurrence10_k3_tropical_temperate","Northern","Coolhouse","Hothouse",0,0,NA,NA,NA,NA,NA,NA,NA,"Skipped: n < 2",NA
"per_cell_all_cells_OLS","all_cells_slope","occurrence10_k3_tropical_temperate","Northern","Transitional","Warmhouse",0,0,NA,NA,NA,NA,NA,NA,NA,"Skipped: n < 2",NA
"per_cell_all_cells_OLS","all_cells_slope","occurrence10_k3_tropical_temperate","Northern","Transitional","Hothouse",0,0,NA,NA,NA,NA,NA,NA,NA,"Skipped: n < 2",NA
"per_cell_all_cells_OLS","all_cells_slope","occurrence10_k3_tropical_temperate","Northern","Warmhouse","Hothouse",0,0,NA,NA,NA,NA,NA,NA,NA,"Skipped: n < 2",NA
"per_cell_all_cells_OLS","all_cells_slope","occurrence10_k3_tropical_temperate","Southern","Coldhouse","Coolhouse",0,0,NA,NA,NA,NA,NA,NA,NA,"Skipped: n < 2",NA
"per_cell_all_cells_OLS","all_cells_slope","occurrence10_k3_tropical_temperate","Southern","Coldhouse","Transitional",0,0,NA,NA,NA,NA,NA,NA,NA,"Skipped: n < 2",NA
"per_cell_all_cells_OLS","all_cells_slope","occurrence10_k3_tropical_temperate","Southern","Coldhouse","Warmhouse",0,0,NA,NA,NA,NA,NA,NA,NA,"Skipped: n < 2",NA
"per_cell_all_cells_OLS","all_cells_slope","occurrence10_k3_tropical_temperate","Southern","Coldhouse","Hothouse",0,0,NA,NA,NA,NA,NA,NA,NA,"Skipped: n < 2",NA
"per_cell_all_cells_OLS","all_cells_slope","occurrence10_k3_tropical_temperate","Southern","Coolhouse","Transitional",0,0,NA,NA,NA,NA,NA,NA,NA,"Skipped: n < 2",NA
"per_cell_all_cells_OLS","all_cells_slope","occurrence10_k3_tropical_temperate","Southern","Coolhouse","Warmhouse",0,0,NA,NA,NA,NA,NA,NA,NA,"Skipped: n < 2",NA
"per_cell_all_cells_OLS","all_cells_slope","occurrence10_k3_tropical_temperate","Southern","Coolhouse","Hothouse",0,0,NA,NA,NA,NA,NA,NA,NA,"Skipped: n < 2",NA
"per_cell_all_cells_OLS","all_cells_slope","occurrence10_k3_tropical_temperate","Southern","Transitional","Warmhouse",0,0,NA,NA,NA,NA,NA,NA,NA,"Skipped: n < 2",NA
"per_cell_all_cells_OLS","all_cells_slope","occurrence10_k3_tropical_temperate","Southern","Transitional","Hothouse",0,0,NA,NA,NA,NA,NA,NA,NA,"Skipped: n < 2",NA
"per_cell_all_cells_OLS","all_cells_slope","occurrence10_k3_tropical_temperate","Southern","Warmhouse","Hothouse",0,0,NA,NA,NA,NA,NA,NA,NA,"Skipped: n < 2",NA
"per_cell_all_cells_OLS","all_cells_slope","occurrence10_k3_tropical_temperate_polar","Northern","Coldhouse","Coolhouse",0,0,NA,NA,NA,NA,NA,NA,NA,"Skipped: n < 2",NA
"per_cell_all_cells_OLS","all_cells_slope","occurrence10_k3_tropical_temperate_polar","Northern","Coldhouse","Transitional",0,0,NA,NA,NA,NA,NA,NA,NA,"Skipped: n < 2",NA
"per_cell_all_cells_OLS","all_cells_slope","occurrence10_k3_tropical_temperate_polar","Northern","Coldhouse","Warmhouse",0,0,NA,NA,NA,NA,NA,NA,NA,"Skipped: n < 2",NA
"per_cell_all_cells_OLS","all_cells_slope","occurrence10_k3_tropical_temperate_polar","Northern","Coldhouse","Hothouse",0,0,NA,NA,NA,NA,NA,NA,NA,"Skipped: n < 2",NA
"per_cell_all_cells_OLS","all_cells_slope","occurrence10_k3_tropical_temperate_polar","Northern","Coolhouse","Transitional",0,0,NA,NA,NA,NA,NA,NA,NA,"Skipped: n < 2",NA
"per_cell_all_cells_OLS","all_cells_slope","occurrence10_k3_tropical_temperate_polar","Northern","Coolhouse","Warmhouse",0,0,NA,NA,NA,NA,NA,NA,NA,"Skipped: n < 2",NA
"per_cell_all_cells_OLS","all_cells_slope","occurrence10_k3_tropical_temperate_polar","Northern","Coolhouse","Hothouse",0,0,NA,NA,NA,NA,NA,NA,NA,"Skipped: n < 2",NA
"per_cell_all_cells_OLS","all_cells_slope","occurrence10_k3_tropical_temperate_polar","Northern","Transitional","Warmhouse",0,0,NA,NA,NA,NA,NA,NA,NA,"Skipped: n < 2",NA
"per_cell_all_cells_OLS","all_cells_slope","occurrence10_k3_tropical_temperate_polar","Northern","Transitional","Hothouse",0,0,NA,NA,NA,NA,NA,NA,NA,"Skipped: n < 2",NA
"per_cell_all_cells_OLS","all_cells_slope","occurrence10_k3_tropical_temperate_polar","Northern","Warmhouse","Hothouse",0,0,NA,NA,NA,NA,NA,NA,NA,"Skipped: n < 2",NA
"per_cell_all_cells_OLS","all_cells_slope","occurrence10_k3_tropical_temperate_polar","Southern","Coldhouse","Coolhouse",0,0,NA,NA,NA,NA,NA,NA,NA,"Skipped: n < 2",NA
"per_cell_all_cells_OLS","all_cells_slope","occurrence10_k3_tropical_temperate_polar","Southern","Coldhouse","Transitional",0,0,NA,NA,NA,NA,NA,NA,NA,"Skipped: n < 2",NA
"per_cell_all_cells_OLS","all_cells_slope","occurrence10_k3_tropical_temperate_polar","Southern","Coldhouse","Warmhouse",0,0,NA,NA,NA,NA,NA,NA,NA,"Skipped: n < 2",NA
"per_cell_all_cells_OLS","all_cells_slope","occurrence10_k3_tropical_temperate_polar","Southern","Coldhouse","Hothouse",0,0,NA,NA,NA,NA,NA,NA,NA,"Skipped: n < 2",NA
"per_cell_all_cells_OLS","all_cells_slope","occurrence10_k3_tropical_temperate_polar","Southern","Coolhouse","Transitional",0,0,NA,NA,NA,NA,NA,NA,NA,"Skipped: n < 2",NA
"per_cell_all_cells_OLS","all_cells_slope","occurrence10_k3_tropical_temperate_polar","Southern","Coolhouse","Warmhouse",0,0,NA,NA,NA,NA,NA,NA,NA,"Skipped: n < 2",NA
"per_cell_all_cells_OLS","all_cells_slope","occurrence10_k3_tropical_temperate_polar","Southern","Coolhouse","Hothouse",0,0,NA,NA,NA,NA,NA,NA,NA,"Skipped: n < 2",NA
"per_cell_all_cells_OLS","all_cells_slope","occurrence10_k3_tropical_temperate_polar","Southern","Transitional","Warmhouse",0,0,NA,NA,NA,NA,NA,NA,NA,"Skipped: n < 2",NA
"per_cell_all_cells_OLS","all_cells_slope","occurrence10_k3_tropical_temperate_polar","Southern","Transitional","Hothouse",0,0,NA,NA,NA,NA,NA,NA,NA,"Skipped: n < 2",NA
"per_cell_all_cells_OLS","all_cells_slope","occurrence10_k3_tropical_temperate_polar","Southern","Warmhouse","Hothouse",0,0,NA,NA,NA,NA,NA,NA,NA,"Skipped: n < 2",NA
"per_cell_all_cells_OLS","all_cells_slope","collection5_k1_tropical_temperate","Northern","Coldhouse","Coolhouse",0,0,NA,NA,NA,NA,NA,NA,NA,"Skipped: n < 2",NA
"per_cell_all_cells_OLS","all_cells_slope","collection5_k1_tropical_temperate","Northern","Coldhouse","Transitional",0,0,NA,NA,NA,NA,NA,NA,NA,"Skipped: n < 2",NA
"per_cell_all_cells_OLS","all_cells_slope","collection5_k1_tropical_temperate","Northern","Coldhouse","Warmhouse",0,0,NA,NA,NA,NA,NA,NA,NA,"Skipped: n < 2",NA
"per_cell_all_cells_OLS","all_cells_slope","collection5_k1_tropical_temperate","Northern","Coldhouse","Hothouse",0,0,NA,NA,NA,NA,NA,NA,NA,"Skipped: n < 2",NA
"per_cell_all_cells_OLS","all_cells_slope","collection5_k1_tropical_temperate","Northern","Coolhouse","Transitional",0,0,NA,NA,NA,NA,NA,NA,NA,"Skipped: n < 2",NA
"per_cell_all_cells_OLS","all_cells_slope","collection5_k1_tropical_temperate","Northern","Coolhouse","Warmhouse",0,0,NA,NA,NA,NA,NA,NA,NA,"Skipped: n < 2",NA
"per_cell_all_cells_OLS","all_cells_slope","collection5_k1_tropical_temperate","Northern","Coolhouse","Hothouse",0,0,NA,NA,NA,NA,NA,NA,NA,"Skipped: n < 2",NA
"per_cell_all_cells_OLS","all_cells_slope","collection5_k1_tropical_temperate","Northern","Transitional","Warmhouse",0,0,NA,NA,NA,NA,NA,NA,NA,"Skipped: n < 2",NA
"per_cell_all_cells_OLS","all_cells_slope","collection5_k1_tropical_temperate","Northern","Transitional","Hothouse",0,0,NA,NA,NA,NA,NA,NA,NA,"Skipped: n < 2",NA
"per_cell_all_cells_OLS","all_cells_slope","collection5_k1_tropical_temperate","Northern","Warmhouse","Hothouse",0,0,NA,NA,NA,NA,NA,NA,NA,"Skipped: n < 2",NA
"per_cell_all_cells_OLS","all_cells_slope","collection5_k1_tropical_temperate","Southern","Coldhouse","Coolhouse",0,0,NA,NA,NA,NA,NA,NA,NA,"Skipped: n < 2",NA
"per_cell_all_cells_OLS","all_cells_slope","collection5_k1_tropical_temperate","Southern","Coldhouse","Transitional",0,0,NA,NA,NA,NA,NA,NA,NA,"Skipped: n < 2",NA
"per_cell_all_cells_OLS","all_cells_slope","collection5_k1_tropical_temperate","Southern","Coldhouse","Warmhouse",0,0,NA,NA,NA,NA,NA,NA,NA,"Skipped: n < 2",NA
"per_cell_all_cells_OLS","all_cells_slope","collection5_k1_tropical_temperate","Southern","Coldhouse","Hothouse",0,0,NA,NA,NA,NA,NA,NA,NA,"Skipped: n < 2",NA
"per_cell_all_cells_OLS","all_cells_slope","collection5_k1_tropical_temperate","Southern","Coolhouse","Transitional",0,0,NA,NA,NA,NA,NA,NA,NA,"Skipped: n < 2",NA
"per_cell_all_cells_OLS","all_cells_slope","collection5_k1_tropical_temperate","Southern","Coolhouse","Warmhouse",0,0,NA,NA,NA,NA,NA,NA,NA,"Skipped: n < 2",NA
"per_cell_all_cells_OLS","all_cells_slope","collection5_k1_tropical_temperate","Southern","Coolhouse","Hothouse",0,0,NA,NA,NA,NA,NA,NA,NA,"Skipped: n < 2",NA
"per_cell_all_cells_OLS","all_cells_slope","collection5_k1_tropical_temperate","Southern","Transitional","Warmhouse",0,0,NA,NA,NA,NA,NA,NA,NA,"Skipped: n < 2",NA
"per_cell_all_cells_OLS","all_cells_slope","collection5_k1_tropical_temperate","Southern","Transitional","Hothouse",0,0,NA,NA,NA,NA,NA,NA,NA,"Skipped: n < 2",NA
"per_cell_all_cells_OLS","all_cells_slope","collection5_k1_tropical_temperate","Southern","Warmhouse","Hothouse",0,0,NA,NA,NA,NA,NA,NA,NA,"Skipped: n < 2",NA
"per_cell_all_cells_OLS","all_cells_slope","collection5_k1_tropical_temperate_polar","Northern","Coldhouse","Coolhouse",0,0,NA,NA,NA,NA,NA,NA,NA,"Skipped: n < 2",NA
"per_cell_all_cells_OLS","all_cells_slope","collection5_k1_tropical_temperate_polar","Northern","Coldhouse","Transitional",0,0,NA,NA,NA,NA,NA,NA,NA,"Skipped: n < 2",NA
"per_cell_all_cells_OLS","all_cells_slope","collection5_k1_tropical_temperate_polar","Northern","Coldhouse","Warmhouse",0,0,NA,NA,NA,NA,NA,NA,NA,"Skipped: n < 2",NA
"per_cell_all_cells_OLS","all_cells_slope","collection5_k1_tropical_temperate_polar","Northern","Coldhouse","Hothouse",0,0,NA,NA,NA,NA,NA,NA,NA,"Skipped: n < 2",NA
"per_cell_all_cells_OLS","all_cells_slope","collection5_k1_tropical_temperate_polar","Northern","Coolhouse","Transitional",0,0,NA,NA,NA,NA,NA,NA,NA,"Skipped: n < 2",NA
"per_cell_all_cells_OLS","all_cells_slope","collection5_k1_tropical_temperate_polar","Northern","Coolhouse","Warmhouse",0,0,NA,NA,NA,NA,NA,NA,NA,"Skipped: n < 2",NA
"per_cell_all_cells_OLS","all_cells_slope","collection5_k1_tropical_temperate_polar","Northern","Coolhouse","Hothouse",0,0,NA,NA,NA,NA,NA,NA,NA,"Skipped: n < 2",NA
"per_cell_all_cells_OLS","all_cells_slope","collection5_k1_tropical_temperate_polar","Northern","Transitional","Warmhouse",0,0,NA,NA,NA,NA,NA,NA,NA,"Skipped: n < 2",NA
"per_cell_all_cells_OLS","all_cells_slope","collection5_k1_tropical_temperate_polar","Northern","Transitional","Hothouse",0,0,NA,NA,NA,NA,NA,NA,NA,"Skipped: n < 2",NA
"per_cell_all_cells_OLS","all_cells_slope","collection5_k1_tropical_temperate_polar","Northern","Warmhouse","Hothouse",0,0,NA,NA,NA,NA,NA,NA,NA,"Skipped: n < 2",NA
"per_cell_all_cells_OLS","all_cells_slope","collection5_k1_tropical_temperate_polar","Southern","Coldhouse","Coolhouse",0,0,NA,NA,NA,NA,NA,NA,NA,"Skipped: n < 2",NA
"per_cell_all_cells_OLS","all_cells_slope","collection5_k1_tropical_temperate_polar","Southern","Coldhouse","Transitional",0,0,NA,NA,NA,NA,NA,NA,NA,"Skipped: n < 2",NA
"per_cell_all_cells_OLS","all_cells_slope","collection5_k1_tropical_temperate_polar","Southern","Coldhouse","Warmhouse",0,0,NA,NA,NA,NA,NA,NA,NA,"Skipped: n < 2",NA
"per_cell_all_cells_OLS","all_cells_slope","collection5_k1_tropical_temperate_polar","Southern","Coldhouse","Hothouse",0,0,NA,NA,NA,NA,NA,NA,NA,"Skipped: n < 2",NA
"per_cell_all_cells_OLS","all_cells_slope","collection5_k1_tropical_temperate_polar","Southern","Coolhouse","Transitional",0,0,NA,NA,NA,NA,NA,NA,NA,"Skipped: n < 2",NA
"per_cell_all_cells_OLS","all_cells_slope","collection5_k1_tropical_temperate_polar","Southern","Coolhouse","Warmhouse",0,0,NA,NA,NA,NA,NA,NA,NA,"Skipped: n < 2",NA
"per_cell_all_cells_OLS","all_cells_slope","collection5_k1_tropical_temperate_polar","Southern","Coolhouse","Hothouse",0,0,NA,NA,NA,NA,NA,NA,NA,"Skipped: n < 2",NA
"per_cell_all_cells_OLS","all_cells_slope","collection5_k1_tropical_temperate_polar","Southern","Transitional","Warmhouse",0,0,NA,NA,NA,NA,NA,NA,NA,"Skipped: n < 2",NA
"per_cell_all_cells_OLS","all_cells_slope","collection5_k1_tropical_temperate_polar","Southern","Transitional","Hothouse",0,0,NA,NA,NA,NA,NA,NA,NA,"Skipped: n < 2",NA
"per_cell_all_cells_OLS","all_cells_slope","collection5_k1_tropical_temperate_polar","Southern","Warmhouse","Hothouse",0,0,NA,NA,NA,NA,NA,NA,NA,"Skipped: n < 2",NA
"per_cell_all_cells_OLS","all_cells_slope","collection5_k2_tropical_temperate","Northern","Coldhouse","Coolhouse",0,0,NA,NA,NA,NA,NA,NA,NA,"Skipped: n < 2",NA
"per_cell_all_cells_OLS","all_cells_slope","collection5_k2_tropical_temperate","Northern","Coldhouse","Transitional",0,0,NA,NA,NA,NA,NA,NA,NA,"Skipped: n < 2",NA
"per_cell_all_cells_OLS","all_cells_slope","collection5_k2_tropical_temperate","Northern","Coldhouse","Warmhouse",0,0,NA,NA,NA,NA,NA,NA,NA,"Skipped: n < 2",NA
"per_cell_all_cells_OLS","all_cells_slope","collection5_k2_tropical_temperate","Northern","Coldhouse","Hothouse",0,0,NA,NA,NA,NA,NA,NA,NA,"Skipped: n < 2",NA
"per_cell_all_cells_OLS","all_cells_slope","collection5_k2_tropical_temperate","Northern","Coolhouse","Transitional",0,0,NA,NA,NA,NA,NA,NA,NA,"Skipped: n < 2",NA
"per_cell_all_cells_OLS","all_cells_slope","collection5_k2_tropical_temperate","Northern","Coolhouse","Warmhouse",0,0,NA,NA,NA,NA,NA,NA,NA,"Skipped: n < 2",NA
"per_cell_all_cells_OLS","all_cells_slope","collection5_k2_tropical_temperate","Northern","Coolhouse","Hothouse",0,0,NA,NA,NA,NA,NA,NA,NA,"Skipped: n < 2",NA
"per_cell_all_cells_OLS","all_cells_slope","collection5_k2_tropical_temperate","Northern","Transitional","Warmhouse",0,0,NA,NA,NA,NA,NA,NA,NA,"Skipped: n < 2",NA
"per_cell_all_cells_OLS","all_cells_slope","collection5_k2_tropical_temperate","Northern","Transitional","Hothouse",0,0,NA,NA,NA,NA,NA,NA,NA,"Skipped: n < 2",NA
"per_cell_all_cells_OLS","all_cells_slope","collection5_k2_tropical_temperate","Northern","Warmhouse","Hothouse",0,0,NA,NA,NA,NA,NA,NA,NA,"Skipped: n < 2",NA
"per_cell_all_cells_OLS","all_cells_slope","collection5_k2_tropical_temperate","Southern","Coldhouse","Coolhouse",0,0,NA,NA,NA,NA,NA,NA,NA,"Skipped: n < 2",NA
"per_cell_all_cells_OLS","all_cells_slope","collection5_k2_tropical_temperate","Southern","Coldhouse","Transitional",0,0,NA,NA,NA,NA,NA,NA,NA,"Skipped: n < 2",NA
"per_cell_all_cells_OLS","all_cells_slope","collection5_k2_tropical_temperate","Southern","Coldhouse","Warmhouse",0,0,NA,NA,NA,NA,NA,NA,NA,"Skipped: n < 2",NA
"per_cell_all_cells_OLS","all_cells_slope","collection5_k2_tropical_temperate","Southern","Coldhouse","Hothouse",0,0,NA,NA,NA,NA,NA,NA,NA,"Skipped: n < 2",NA
"per_cell_all_cells_OLS","all_cells_slope","collection5_k2_tropical_temperate","Southern","Coolhouse","Transitional",0,0,NA,NA,NA,NA,NA,NA,NA,"Skipped: n < 2",NA
"per_cell_all_cells_OLS","all_cells_slope","collection5_k2_tropical_temperate","Southern","Coolhouse","Warmhouse",0,0,NA,NA,NA,NA,NA,NA,NA,"Skipped: n < 2",NA
"per_cell_all_cells_OLS","all_cells_slope","collection5_k2_tropical_temperate","Southern","Coolhouse","Hothouse",0,0,NA,NA,NA,NA,NA,NA,NA,"Skipped: n < 2",NA
"per_cell_all_cells_OLS","all_cells_slope","collection5_k2_tropical_temperate","Southern","Transitional","Warmhouse",0,0,NA,NA,NA,NA,NA,NA,NA,"Skipped: n < 2",NA
"per_cell_all_cells_OLS","all_cells_slope","collection5_k2_tropical_temperate","Southern","Transitional","Hothouse",0,0,NA,NA,NA,NA,NA,NA,NA,"Skipped: n < 2",NA
"per_cell_all_cells_OLS","all_cells_slope","collection5_k2_tropical_temperate","Southern","Warmhouse","Hothouse",0,0,NA,NA,NA,NA,NA,NA,NA,"Skipped: n < 2",NA
"per_cell_all_cells_OLS","all_cells_slope","collection5_k2_tropical_temperate_polar","Northern","Coldhouse","Coolhouse",0,0,NA,NA,NA,NA,NA,NA,NA,"Skipped: n < 2",NA
"per_cell_all_cells_OLS","all_cells_slope","collection5_k2_tropical_temperate_polar","Northern","Coldhouse","Transitional",0,0,NA,NA,NA,NA,NA,NA,NA,"Skipped: n < 2",NA
"per_cell_all_cells_OLS","all_cells_slope","collection5_k2_tropical_temperate_polar","Northern","Coldhouse","Warmhouse",0,0,NA,NA,NA,NA,NA,NA,NA,"Skipped: n < 2",NA
"per_cell_all_cells_OLS","all_cells_slope","collection5_k2_tropical_temperate_polar","Northern","Coldhouse","Hothouse",0,0,NA,NA,NA,NA,NA,NA,NA,"Skipped: n < 2",NA
"per_cell_all_cells_OLS","all_cells_slope","collection5_k2_tropical_temperate_polar","Northern","Coolhouse","Transitional",0,0,NA,NA,NA,NA,NA,NA,NA,"Skipped: n < 2",NA
"per_cell_all_cells_OLS","all_cells_slope","collection5_k2_tropical_temperate_polar","Northern","Coolhouse","Warmhouse",0,0,NA,NA,NA,NA,NA,NA,NA,"Skipped: n < 2",NA
"per_cell_all_cells_OLS","all_cells_slope","collection5_k2_tropical_temperate_polar","Northern","Coolhouse","Hothouse",0,0,NA,NA,NA,NA,NA,NA,NA,"Skipped: n < 2",NA
"per_cell_all_cells_OLS","all_cells_slope","collection5_k2_tropical_temperate_polar","Northern","Transitional","Warmhouse",0,0,NA,NA,NA,NA,NA,NA,NA,"Skipped: n < 2",NA
"per_cell_all_cells_OLS","all_cells_slope","collection5_k2_tropical_temperate_polar","Northern","Transitional","Hothouse",0,0,NA,NA,NA,NA,NA,NA,NA,"Skipped: n < 2",NA
"per_cell_all_cells_OLS","all_cells_slope","collection5_k2_tropical_temperate_polar","Northern","Warmhouse","Hothouse",0,0,NA,NA,NA,NA,NA,NA,NA,"Skipped: n < 2",NA
"per_cell_all_cells_OLS","all_cells_slope","collection5_k2_tropical_temperate_polar","Southern","Coldhouse","Coolhouse",0,0,NA,NA,NA,NA,NA,NA,NA,"Skipped: n < 2",NA
"per_cell_all_cells_OLS","all_cells_slope","collection5_k2_tropical_temperate_polar","Southern","Coldhouse","Transitional",0,0,NA,NA,NA,NA,NA,NA,NA,"Skipped: n < 2",NA
"per_cell_all_cells_OLS","all_cells_slope","collection5_k2_tropical_temperate_polar","Southern","Coldhouse","Warmhouse",0,0,NA,NA,NA,NA,NA,NA,NA,"Skipped: n < 2",NA
"per_cell_all_cells_OLS","all_cells_slope","collection5_k2_tropical_temperate_polar","Southern","Coldhouse","Hothouse",0,0,NA,NA,NA,NA,NA,NA,NA,"Skipped: n < 2",NA
"per_cell_all_cells_OLS","all_cells_slope","collection5_k2_tropical_temperate_polar","Southern","Coolhouse","Transitional",0,0,NA,NA,NA,NA,NA,NA,NA,"Skipped: n < 2",NA
"per_cell_all_cells_OLS","all_cells_slope","collection5_k2_tropical_temperate_polar","Southern","Coolhouse","Warmhouse",0,0,NA,NA,NA,NA,NA,NA,NA,"Skipped: n < 2",NA
"per_cell_all_cells_OLS","all_cells_slope","collection5_k2_tropical_temperate_polar","Southern","Coolhouse","Hothouse",0,0,NA,NA,NA,NA,NA,NA,NA,"Skipped: n < 2",NA
"per_cell_all_cells_OLS","all_cells_slope","collection5_k2_tropical_temperate_polar","Southern","Transitional","Warmhouse",0,0,NA,NA,NA,NA,NA,NA,NA,"Skipped: n < 2",NA
"per_cell_all_cells_OLS","all_cells_slope","collection5_k2_tropical_temperate_polar","Southern","Transitional","Hothouse",0,0,NA,NA,NA,NA,NA,NA,NA,"Skipped: n < 2",NA
"per_cell_all_cells_OLS","all_cells_slope","collection5_k2_tropical_temperate_polar","Southern","Warmhouse","Hothouse",0,0,NA,NA,NA,NA,NA,NA,NA,"Skipped: n < 2",NA
"per_cell_all_cells_OLS","all_cells_slope","collection5_k3_tropical_temperate","Northern","Coldhouse","Coolhouse",0,0,NA,NA,NA,NA,NA,NA,NA,"Skipped: n < 2",NA
"per_cell_all_cells_OLS","all_cells_slope","collection5_k3_tropical_temperate","Northern","Coldhouse","Transitional",0,0,NA,NA,NA,NA,NA,NA,NA,"Skipped: n < 2",NA
"per_cell_all_cells_OLS","all_cells_slope","collection5_k3_tropical_temperate","Northern","Coldhouse","Warmhouse",0,0,NA,NA,NA,NA,NA,NA,NA,"Skipped: n < 2",NA
"per_cell_all_cells_OLS","all_cells_slope","collection5_k3_tropical_temperate","Northern","Coldhouse","Hothouse",0,0,NA,NA,NA,NA,NA,NA,NA,"Skipped: n < 2",NA
"per_cell_all_cells_OLS","all_cells_slope","collection5_k3_tropical_temperate","Northern","Coolhouse","Transitional",0,0,NA,NA,NA,NA,NA,NA,NA,"Skipped: n < 2",NA
"per_cell_all_cells_OLS","all_cells_slope","collection5_k3_tropical_temperate","Northern","Coolhouse","Warmhouse",0,0,NA,NA,NA,NA,NA,NA,NA,"Skipped: n < 2",NA
"per_cell_all_cells_OLS","all_cells_slope","collection5_k3_tropical_temperate","Northern","Coolhouse","Hothouse",0,0,NA,NA,NA,NA,NA,NA,NA,"Skipped: n < 2",NA
"per_cell_all_cells_OLS","all_cells_slope","collection5_k3_tropical_temperate","Northern","Transitional","Warmhouse",0,0,NA,NA,NA,NA,NA,NA,NA,"Skipped: n < 2",NA
"per_cell_all_cells_OLS","all_cells_slope","collection5_k3_tropical_temperate","Northern","Transitional","Hothouse",0,0,NA,NA,NA,NA,NA,NA,NA,"Skipped: n < 2",NA
"per_cell_all_cells_OLS","all_cells_slope","collection5_k3_tropical_temperate","Northern","Warmhouse","Hothouse",0,0,NA,NA,NA,NA,NA,NA,NA,"Skipped: n < 2",NA
"per_cell_all_cells_OLS","all_cells_slope","collection5_k3_tropical_temperate","Southern","Coldhouse","Coolhouse",0,0,NA,NA,NA,NA,NA,NA,NA,"Skipped: n < 2",NA
"per_cell_all_cells_OLS","all_cells_slope","collection5_k3_tropical_temperate","Southern","Coldhouse","Transitional",0,0,NA,NA,NA,NA,NA,NA,NA,"Skipped: n < 2",NA
"per_cell_all_cells_OLS","all_cells_slope","collection5_k3_tropical_temperate","Southern","Coldhouse","Warmhouse",0,0,NA,NA,NA,NA,NA,NA,NA,"Skipped: n < 2",NA
"per_cell_all_cells_OLS","all_cells_slope","collection5_k3_tropical_temperate","Southern","Coldhouse","Hothouse",0,0,NA,NA,NA,NA,NA,NA,NA,"Skipped: n < 2",NA
"per_cell_all_cells_OLS","all_cells_slope","collection5_k3_tropical_temperate","Southern","Coolhouse","Transitional",0,0,NA,NA,NA,NA,NA,NA,NA,"Skipped: n < 2",NA
"per_cell_all_cells_OLS","all_cells_slope","collection5_k3_tropical_temperate","Southern","Coolhouse","Warmhouse",0,0,NA,NA,NA,NA,NA,NA,NA,"Skipped: n < 2",NA
"per_cell_all_cells_OLS","all_cells_slope","collection5_k3_tropical_temperate","Southern","Coolhouse","Hothouse",0,0,NA,NA,NA,NA,NA,NA,NA,"Skipped: n < 2",NA
"per_cell_all_cells_OLS","all_cells_slope","collection5_k3_tropical_temperate","Southern","Transitional","Warmhouse",0,0,NA,NA,NA,NA,NA,NA,NA,"Skipped: n < 2",NA
"per_cell_all_cells_OLS","all_cells_slope","collection5_k3_tropical_temperate","Southern","Transitional","Hothouse",0,0,NA,NA,NA,NA,NA,NA,NA,"Skipped: n < 2",NA
"per_cell_all_cells_OLS","all_cells_slope","collection5_k3_tropical_temperate","Southern","Warmhouse","Hothouse",0,0,NA,NA,NA,NA,NA,NA,NA,"Skipped: n < 2",NA
"per_cell_all_cells_OLS","all_cells_slope","collection5_k3_tropical_temperate_polar","Northern","Coldhouse","Coolhouse",0,0,NA,NA,NA,NA,NA,NA,NA,"Skipped: n < 2",NA
"per_cell_all_cells_OLS","all_cells_slope","collection5_k3_tropical_temperate_polar","Northern","Coldhouse","Transitional",0,0,NA,NA,NA,NA,NA,NA,NA,"Skipped: n < 2",NA
"per_cell_all_cells_OLS","all_cells_slope","collection5_k3_tropical_temperate_polar","Northern","Coldhouse","Warmhouse",0,0,NA,NA,NA,NA,NA,NA,NA,"Skipped: n < 2",NA
"per_cell_all_cells_OLS","all_cells_slope","collection5_k3_tropical_temperate_polar","Northern","Coldhouse","Hothouse",0,0,NA,NA,NA,NA,NA,NA,NA,"Skipped: n < 2",NA
"per_cell_all_cells_OLS","all_cells_slope","collection5_k3_tropical_temperate_polar","Northern","Coolhouse","Transitional",0,0,NA,NA,NA,NA,NA,NA,NA,"Skipped: n < 2",NA
"per_cell_all_cells_OLS","all_cells_slope","collection5_k3_tropical_temperate_polar","Northern","Coolhouse","Warmhouse",0,0,NA,NA,NA,NA,NA,NA,NA,"Skipped: n < 2",NA
"per_cell_all_cells_OLS","all_cells_slope","collection5_k3_tropical_temperate_polar","Northern","Coolhouse","Hothouse",0,0,NA,NA,NA,NA,NA,NA,NA,"Skipped: n < 2",NA
"per_cell_all_cells_OLS","all_cells_slope","collection5_k3_tropical_temperate_polar","Northern","Transitional","Warmhouse",0,0,NA,NA,NA,NA,NA,NA,NA,"Skipped: n < 2",NA
"per_cell_all_cells_OLS","all_cells_slope","collection5_k3_tropical_temperate_polar","Northern","Transitional","Hothouse",0,0,NA,NA,NA,NA,NA,NA,NA,"Skipped: n < 2",NA
"per_cell_all_cells_OLS","all_cells_slope","collection5_k3_tropical_temperate_polar","Northern","Warmhouse","Hothouse",0,0,NA,NA,NA,NA,NA,NA,NA,"Skipped: n < 2",NA
"per_cell_all_cells_OLS","all_cells_slope","collection5_k3_tropical_temperate_polar","Southern","Coldhouse","Coolhouse",0,0,NA,NA,NA,NA,NA,NA,NA,"Skipped: n < 2",NA
"per_cell_all_cells_OLS","all_cells_slope","collection5_k3_tropical_temperate_polar","Southern","Coldhouse","Transitional",0,0,NA,NA,NA,NA,NA,NA,NA,"Skipped: n < 2",NA
"per_cell_all_cells_OLS","all_cells_slope","collection5_k3_tropical_temperate_polar","Southern","Coldhouse","Warmhouse",0,0,NA,NA,NA,NA,NA,NA,NA,"Skipped: n < 2",NA
"per_cell_all_cells_OLS","all_cells_slope","collection5_k3_tropical_temperate_polar","Southern","Coldhouse","Hothouse",0,0,NA,NA,NA,NA,NA,NA,NA,"Skipped: n < 2",NA
"per_cell_all_cells_OLS","all_cells_slope","collection5_k3_tropical_temperate_polar","Southern","Coolhouse","Transitional",0,0,NA,NA,NA,NA,NA,NA,NA,"Skipped: n < 2",NA
"per_cell_all_cells_OLS","all_cells_slope","collection5_k3_tropical_temperate_polar","Southern","Coolhouse","Warmhouse",0,0,NA,NA,NA,NA,NA,NA,NA,"Skipped: n < 2",NA
"per_cell_all_cells_OLS","all_cells_slope","collection5_k3_tropical_temperate_polar","Southern","Coolhouse","Hothouse",0,0,NA,NA,NA,NA,NA,NA,NA,"Skipped: n < 2",NA
"per_cell_all_cells_OLS","all_cells_slope","collection5_k3_tropical_temperate_polar","Southern","Transitional","Warmhouse",0,0,NA,NA,NA,NA,NA,NA,NA,"Skipped: n < 2",NA
"per_cell_all_cells_OLS","all_cells_slope","collection5_k3_tropical_temperate_polar","Southern","Transitional","Hothouse",0,0,NA,NA,NA,NA,NA,NA,NA,"Skipped: n < 2",NA
"per_cell_all_cells_OLS","all_cells_slope","collection5_k3_tropical_temperate_polar","Southern","Warmhouse","Hothouse",0,0,NA,NA,NA,NA,NA,NA,NA,"Skipped: n < 2",NA
"per_cell_all_cells_OLS","all_cells_slope","collection10_k1_tropical_temperate","Northern","Coldhouse","Coolhouse",0,0,NA,NA,NA,NA,NA,NA,NA,"Skipped: n < 2",NA
"per_cell_all_cells_OLS","all_cells_slope","collection10_k1_tropical_temperate","Northern","Coldhouse","Transitional",0,0,NA,NA,NA,NA,NA,NA,NA,"Skipped: n < 2",NA
"per_cell_all_cells_OLS","all_cells_slope","collection10_k1_tropical_temperate","Northern","Coldhouse","Warmhouse",0,0,NA,NA,NA,NA,NA,NA,NA,"Skipped: n < 2",NA
"per_cell_all_cells_OLS","all_cells_slope","collection10_k1_tropical_temperate","Northern","Coldhouse","Hothouse",0,0,NA,NA,NA,NA,NA,NA,NA,"Skipped: n < 2",NA
"per_cell_all_cells_OLS","all_cells_slope","collection10_k1_tropical_temperate","Northern","Coolhouse","Transitional",0,0,NA,NA,NA,NA,NA,NA,NA,"Skipped: n < 2",NA
"per_cell_all_cells_OLS","all_cells_slope","collection10_k1_tropical_temperate","Northern","Coolhouse","Warmhouse",0,0,NA,NA,NA,NA,NA,NA,NA,"Skipped: n < 2",NA
"per_cell_all_cells_OLS","all_cells_slope","collection10_k1_tropical_temperate","Northern","Coolhouse","Hothouse",0,0,NA,NA,NA,NA,NA,NA,NA,"Skipped: n < 2",NA
"per_cell_all_cells_OLS","all_cells_slope","collection10_k1_tropical_temperate","Northern","Transitional","Warmhouse",0,0,NA,NA,NA,NA,NA,NA,NA,"Skipped: n < 2",NA
"per_cell_all_cells_OLS","all_cells_slope","collection10_k1_tropical_temperate","Northern","Transitional","Hothouse",0,0,NA,NA,NA,NA,NA,NA,NA,"Skipped: n < 2",NA
"per_cell_all_cells_OLS","all_cells_slope","collection10_k1_tropical_temperate","Northern","Warmhouse","Hothouse",0,0,NA,NA,NA,NA,NA,NA,NA,"Skipped: n < 2",NA
"per_cell_all_cells_OLS","all_cells_slope","collection10_k1_tropical_temperate","Southern","Coldhouse","Coolhouse",0,0,NA,NA,NA,NA,NA,NA,NA,"Skipped: n < 2",NA
"per_cell_all_cells_OLS","all_cells_slope","collection10_k1_tropical_temperate","Southern","Coldhouse","Transitional",0,0,NA,NA,NA,NA,NA,NA,NA,"Skipped: n < 2",NA
"per_cell_all_cells_OLS","all_cells_slope","collection10_k1_tropical_temperate","Southern","Coldhouse","Warmhouse",0,0,NA,NA,NA,NA,NA,NA,NA,"Skipped: n < 2",NA
"per_cell_all_cells_OLS","all_cells_slope","collection10_k1_tropical_temperate","Southern","Coldhouse","Hothouse",0,0,NA,NA,NA,NA,NA,NA,NA,"Skipped: n < 2",NA
"per_cell_all_cells_OLS","all_cells_slope","collection10_k1_tropical_temperate","Southern","Coolhouse","Transitional",0,0,NA,NA,NA,NA,NA,NA,NA,"Skipped: n < 2",NA
"per_cell_all_cells_OLS","all_cells_slope","collection10_k1_tropical_temperate","Southern","Coolhouse","Warmhouse",0,0,NA,NA,NA,NA,NA,NA,NA,"Skipped: n < 2",NA
"per_cell_all_cells_OLS","all_cells_slope","collection10_k1_tropical_temperate","Southern","Coolhouse","Hothouse",0,0,NA,NA,NA,NA,NA,NA,NA,"Skipped: n < 2",NA
"per_cell_all_cells_OLS","all_cells_slope","collection10_k1_tropical_temperate","Southern","Transitional","Warmhouse",0,0,NA,NA,NA,NA,NA,NA,NA,"Skipped: n < 2",NA
"per_cell_all_cells_OLS","all_cells_slope","collection10_k1_tropical_temperate","Southern","Transitional","Hothouse",0,0,NA,NA,NA,NA,NA,NA,NA,"Skipped: n < 2",NA
"per_cell_all_cells_OLS","all_cells_slope","collection10_k1_tropical_temperate","Southern","Warmhouse","Hothouse",0,0,NA,NA,NA,NA,NA,NA,NA,"Skipped: n < 2",NA
"per_cell_all_cells_OLS","all_cells_slope","collection10_k1_tropical_temperate_polar","Northern","Coldhouse","Coolhouse",0,0,NA,NA,NA,NA,NA,NA,NA,"Skipped: n < 2",NA
"per_cell_all_cells_OLS","all_cells_slope","collection10_k1_tropical_temperate_polar","Northern","Coldhouse","Transitional",0,0,NA,NA,NA,NA,NA,NA,NA,"Skipped: n < 2",NA
"per_cell_all_cells_OLS","all_cells_slope","collection10_k1_tropical_temperate_polar","Northern","Coldhouse","Warmhouse",0,0,NA,NA,NA,NA,NA,NA,NA,"Skipped: n < 2",NA
"per_cell_all_cells_OLS","all_cells_slope","collection10_k1_tropical_temperate_polar","Northern","Coldhouse","Hothouse",0,0,NA,NA,NA,NA,NA,NA,NA,"Skipped: n < 2",NA
"per_cell_all_cells_OLS","all_cells_slope","collection10_k1_tropical_temperate_polar","Northern","Coolhouse","Transitional",0,0,NA,NA,NA,NA,NA,NA,NA,"Skipped: n < 2",NA
"per_cell_all_cells_OLS","all_cells_slope","collection10_k1_tropical_temperate_polar","Northern","Coolhouse","Warmhouse",0,0,NA,NA,NA,NA,NA,NA,NA,"Skipped: n < 2",NA
"per_cell_all_cells_OLS","all_cells_slope","collection10_k1_tropical_temperate_polar","Northern","Coolhouse","Hothouse",0,0,NA,NA,NA,NA,NA,NA,NA,"Skipped: n < 2",NA
"per_cell_all_cells_OLS","all_cells_slope","collection10_k1_tropical_temperate_polar","Northern","Transitional","Warmhouse",0,0,NA,NA,NA,NA,NA,NA,NA,"Skipped: n < 2",NA
"per_cell_all_cells_OLS","all_cells_slope","collection10_k1_tropical_temperate_polar","Northern","Transitional","Hothouse",0,0,NA,NA,NA,NA,NA,NA,NA,"Skipped: n < 2",NA
"per_cell_all_cells_OLS","all_cells_slope","collection10_k1_tropical_temperate_polar","Northern","Warmhouse","Hothouse",0,0,NA,NA,NA,NA,NA,NA,NA,"Skipped: n < 2",NA
"per_cell_all_cells_OLS","all_cells_slope","collection10_k1_tropical_temperate_polar","Southern","Coldhouse","Coolhouse",0,0,NA,NA,NA,NA,NA,NA,NA,"Skipped: n < 2",NA
"per_cell_all_cells_OLS","all_cells_slope","collection10_k1_tropical_temperate_polar","Southern","Coldhouse","Transitional",0,0,NA,NA,NA,NA,NA,NA,NA,"Skipped: n < 2",NA
"per_cell_all_cells_OLS","all_cells_slope","collection10_k1_tropical_temperate_polar","Southern","Coldhouse","Warmhouse",0,0,NA,NA,NA,NA,NA,NA,NA,"Skipped: n < 2",NA
"per_cell_all_cells_OLS","all_cells_slope","collection10_k1_tropical_temperate_polar","Southern","Coldhouse","Hothouse",0,0,NA,NA,NA,NA,NA,NA,NA,"Skipped: n < 2",NA
"per_cell_all_cells_OLS","all_cells_slope","collection10_k1_tropical_temperate_polar","Southern","Coolhouse","Transitional",0,0,NA,NA,NA,NA,NA,NA,NA,"Skipped: n < 2",NA
"per_cell_all_cells_OLS","all_cells_slope","collection10_k1_tropical_temperate_polar","Southern","Coolhouse","Warmhouse",0,0,NA,NA,NA,NA,NA,NA,NA,"Skipped: n < 2",NA
"per_cell_all_cells_OLS","all_cells_slope","collection10_k1_tropical_temperate_polar","Southern","Coolhouse","Hothouse",0,0,NA,NA,NA,NA,NA,NA,NA,"Skipped: n < 2",NA
"per_cell_all_cells_OLS","all_cells_slope","collection10_k1_tropical_temperate_polar","Southern","Transitional","Warmhouse",0,0,NA,NA,NA,NA,NA,NA,NA,"Skipped: n < 2",NA
"per_cell_all_cells_OLS","all_cells_slope","collection10_k1_tropical_temperate_polar","Southern","Transitional","Hothouse",0,0,NA,NA,NA,NA,NA,NA,NA,"Skipped: n < 2",NA
"per_cell_all_cells_OLS","all_cells_slope","collection10_k1_tropical_temperate_polar","Southern","Warmhouse","Hothouse",0,0,NA,NA,NA,NA,NA,NA,NA,"Skipped: n < 2",NA
"per_cell_all_cells_OLS","all_cells_slope","collection10_k2_tropical_temperate","Northern","Coldhouse","Coolhouse",0,0,NA,NA,NA,NA,NA,NA,NA,"Skipped: n < 2",NA
"per_cell_all_cells_OLS","all_cells_slope","collection10_k2_tropical_temperate","Northern","Coldhouse","Transitional",0,0,NA,NA,NA,NA,NA,NA,NA,"Skipped: n < 2",NA
"per_cell_all_cells_OLS","all_cells_slope","collection10_k2_tropical_temperate","Northern","Coldhouse","Warmhouse",0,0,NA,NA,NA,NA,NA,NA,NA,"Skipped: n < 2",NA
"per_cell_all_cells_OLS","all_cells_slope","collection10_k2_tropical_temperate","Northern","Coldhouse","Hothouse",0,0,NA,NA,NA,NA,NA,NA,NA,"Skipped: n < 2",NA
"per_cell_all_cells_OLS","all_cells_slope","collection10_k2_tropical_temperate","Northern","Coolhouse","Transitional",0,0,NA,NA,NA,NA,NA,NA,NA,"Skipped: n < 2",NA
"per_cell_all_cells_OLS","all_cells_slope","collection10_k2_tropical_temperate","Northern","Coolhouse","Warmhouse",0,0,NA,NA,NA,NA,NA,NA,NA,"Skipped: n < 2",NA
"per_cell_all_cells_OLS","all_cells_slope","collection10_k2_tropical_temperate","Northern","Coolhouse","Hothouse",0,0,NA,NA,NA,NA,NA,NA,NA,"Skipped: n < 2",NA
"per_cell_all_cells_OLS","all_cells_slope","collection10_k2_tropical_temperate","Northern","Transitional","Warmhouse",0,0,NA,NA,NA,NA,NA,NA,NA,"Skipped: n < 2",NA
"per_cell_all_cells_OLS","all_cells_slope","collection10_k2_tropical_temperate","Northern","Transitional","Hothouse",0,0,NA,NA,NA,NA,NA,NA,NA,"Skipped: n < 2",NA
"per_cell_all_cells_OLS","all_cells_slope","collection10_k2_tropical_temperate","Northern","Warmhouse","Hothouse",0,0,NA,NA,NA,NA,NA,NA,NA,"Skipped: n < 2",NA
"per_cell_all_cells_OLS","all_cells_slope","collection10_k2_tropical_temperate","Southern","Coldhouse","Coolhouse",0,0,NA,NA,NA,NA,NA,NA,NA,"Skipped: n < 2",NA
"per_cell_all_cells_OLS","all_cells_slope","collection10_k2_tropical_temperate","Southern","Coldhouse","Transitional",0,0,NA,NA,NA,NA,NA,NA,NA,"Skipped: n < 2",NA
"per_cell_all_cells_OLS","all_cells_slope","collection10_k2_tropical_temperate","Southern","Coldhouse","Warmhouse",0,0,NA,NA,NA,NA,NA,NA,NA,"Skipped: n < 2",NA
"per_cell_all_cells_OLS","all_cells_slope","collection10_k2_tropical_temperate","Southern","Coldhouse","Hothouse",0,0,NA,NA,NA,NA,NA,NA,NA,"Skipped: n < 2",NA
"per_cell_all_cells_OLS","all_cells_slope","collection10_k2_tropical_temperate","Southern","Coolhouse","Transitional",0,0,NA,NA,NA,NA,NA,NA,NA,"Skipped: n < 2",NA
"per_cell_all_cells_OLS","all_cells_slope","collection10_k2_tropical_temperate","Southern","Coolhouse","Warmhouse",0,0,NA,NA,NA,NA,NA,NA,NA,"Skipped: n < 2",NA
"per_cell_all_cells_OLS","all_cells_slope","collection10_k2_tropical_temperate","Southern","Coolhouse","Hothouse",0,0,NA,NA,NA,NA,NA,NA,NA,"Skipped: n < 2",NA
"per_cell_all_cells_OLS","all_cells_slope","collection10_k2_tropical_temperate","Southern","Transitional","Warmhouse",0,0,NA,NA,NA,NA,NA,NA,NA,"Skipped: n < 2",NA
"per_cell_all_cells_OLS","all_cells_slope","collection10_k2_tropical_temperate","Southern","Transitional","Hothouse",0,0,NA,NA,NA,NA,NA,NA,NA,"Skipped: n < 2",NA
"per_cell_all_cells_OLS","all_cells_slope","collection10_k2_tropical_temperate","Southern","Warmhouse","Hothouse",0,0,NA,NA,NA,NA,NA,NA,NA,"Skipped: n < 2",NA
"per_cell_all_cells_OLS","all_cells_slope","collection10_k2_tropical_temperate_polar","Northern","Coldhouse","Coolhouse",0,0,NA,NA,NA,NA,NA,NA,NA,"Skipped: n < 2",NA
"per_cell_all_cells_OLS","all_cells_slope","collection10_k2_tropical_temperate_polar","Northern","Coldhouse","Transitional",0,0,NA,NA,NA,NA,NA,NA,NA,"Skipped: n < 2",NA
"per_cell_all_cells_OLS","all_cells_slope","collection10_k2_tropical_temperate_polar","Northern","Coldhouse","Warmhouse",0,0,NA,NA,NA,NA,NA,NA,NA,"Skipped: n < 2",NA
"per_cell_all_cells_OLS","all_cells_slope","collection10_k2_tropical_temperate_polar","Northern","Coldhouse","Hothouse",0,0,NA,NA,NA,NA,NA,NA,NA,"Skipped: n < 2",NA
"per_cell_all_cells_OLS","all_cells_slope","collection10_k2_tropical_temperate_polar","Northern","Coolhouse","Transitional",0,0,NA,NA,NA,NA,NA,NA,NA,"Skipped: n < 2",NA
"per_cell_all_cells_OLS","all_cells_slope","collection10_k2_tropical_temperate_polar","Northern","Coolhouse","Warmhouse",0,0,NA,NA,NA,NA,NA,NA,NA,"Skipped: n < 2",NA
"per_cell_all_cells_OLS","all_cells_slope","collection10_k2_tropical_temperate_polar","Northern","Coolhouse","Hothouse",0,0,NA,NA,NA,NA,NA,NA,NA,"Skipped: n < 2",NA
"per_cell_all_cells_OLS","all_cells_slope","collection10_k2_tropical_temperate_polar","Northern","Transitional","Warmhouse",0,0,NA,NA,NA,NA,NA,NA,NA,"Skipped: n < 2",NA
"per_cell_all_cells_OLS","all_cells_slope","collection10_k2_tropical_temperate_polar","Northern","Transitional","Hothouse",0,0,NA,NA,NA,NA,NA,NA,NA,"Skipped: n < 2",NA
"per_cell_all_cells_OLS","all_cells_slope","collection10_k2_tropical_temperate_polar","Northern","Warmhouse","Hothouse",0,0,NA,NA,NA,NA,NA,NA,NA,"Skipped: n < 2",NA
"per_cell_all_cells_OLS","all_cells_slope","collection10_k2_tropical_temperate_polar","Southern","Coldhouse","Coolhouse",0,0,NA,NA,NA,NA,NA,NA,NA,"Skipped: n < 2",NA
"per_cell_all_cells_OLS","all_cells_slope","collection10_k2_tropical_temperate_polar","Southern","Coldhouse","Transitional",0,0,NA,NA,NA,NA,NA,NA,NA,"Skipped: n < 2",NA
"per_cell_all_cells_OLS","all_cells_slope","collection10_k2_tropical_temperate_polar","Southern","Coldhouse","Warmhouse",0,0,NA,NA,NA,NA,NA,NA,NA,"Skipped: n < 2",NA
"per_cell_all_cells_OLS","all_cells_slope","collection10_k2_tropical_temperate_polar","Southern","Coldhouse","Hothouse",0,0,NA,NA,NA,NA,NA,NA,NA,"Skipped: n < 2",NA
"per_cell_all_cells_OLS","all_cells_slope","collection10_k2_tropical_temperate_polar","Southern","Coolhouse","Transitional",0,0,NA,NA,NA,NA,NA,NA,NA,"Skipped: n < 2",NA
"per_cell_all_cells_OLS","all_cells_slope","collection10_k2_tropical_temperate_polar","Southern","Coolhouse","Warmhouse",0,0,NA,NA,NA,NA,NA,NA,NA,"Skipped: n < 2",NA
"per_cell_all_cells_OLS","all_cells_slope","collection10_k2_tropical_temperate_polar","Southern","Coolhouse","Hothouse",0,0,NA,NA,NA,NA,NA,NA,NA,"Skipped: n < 2",NA
"per_cell_all_cells_OLS","all_cells_slope","collection10_k2_tropical_temperate_polar","Southern","Transitional","Warmhouse",0,0,NA,NA,NA,NA,NA,NA,NA,"Skipped: n < 2",NA
"per_cell_all_cells_OLS","all_cells_slope","collection10_k2_tropical_temperate_polar","Southern","Transitional","Hothouse",0,0,NA,NA,NA,NA,NA,NA,NA,"Skipped: n < 2",NA
"per_cell_all_cells_OLS","all_cells_slope","collection10_k2_tropical_temperate_polar","Southern","Warmhouse","Hothouse",0,0,NA,NA,NA,NA,NA,NA,NA,"Skipped: n < 2",NA
"per_cell_all_cells_OLS","all_cells_slope","collection10_k3_tropical_temperate","Northern","Coldhouse","Coolhouse",0,0,NA,NA,NA,NA,NA,NA,NA,"Skipped: n < 2",NA
"per_cell_all_cells_OLS","all_cells_slope","collection10_k3_tropical_temperate","Northern","Coldhouse","Transitional",0,0,NA,NA,NA,NA,NA,NA,NA,"Skipped: n < 2",NA
"per_cell_all_cells_OLS","all_cells_slope","collection10_k3_tropical_temperate","Northern","Coldhouse","Warmhouse",0,0,NA,NA,NA,NA,NA,NA,NA,"Skipped: n < 2",NA
"per_cell_all_cells_OLS","all_cells_slope","collection10_k3_tropical_temperate","Northern","Coldhouse","Hothouse",0,0,NA,NA,NA,NA,NA,NA,NA,"Skipped: n < 2",NA
"per_cell_all_cells_OLS","all_cells_slope","collection10_k3_tropical_temperate","Northern","Coolhouse","Transitional",0,0,NA,NA,NA,NA,NA,NA,NA,"Skipped: n < 2",NA
"per_cell_all_cells_OLS","all_cells_slope","collection10_k3_tropical_temperate","Northern","Coolhouse","Warmhouse",0,0,NA,NA,NA,NA,NA,NA,NA,"Skipped: n < 2",NA
"per_cell_all_cells_OLS","all_cells_slope","collection10_k3_tropical_temperate","Northern","Coolhouse","Hothouse",0,0,NA,NA,NA,NA,NA,NA,NA,"Skipped: n < 2",NA
"per_cell_all_cells_OLS","all_cells_slope","collection10_k3_tropical_temperate","Northern","Transitional","Warmhouse",0,0,NA,NA,NA,NA,NA,NA,NA,"Skipped: n < 2",NA
"per_cell_all_cells_OLS","all_cells_slope","collection10_k3_tropical_temperate","Northern","Transitional","Hothouse",0,0,NA,NA,NA,NA,NA,NA,NA,"Skipped: n < 2",NA
"per_cell_all_cells_OLS","all_cells_slope","collection10_k3_tropical_temperate","Northern","Warmhouse","Hothouse",0,0,NA,NA,NA,NA,NA,NA,NA,"Skipped: n < 2",NA
"per_cell_all_cells_OLS","all_cells_slope","collection10_k3_tropical_temperate","Southern","Coldhouse","Coolhouse",0,0,NA,NA,NA,NA,NA,NA,NA,"Skipped: n < 2",NA
"per_cell_all_cells_OLS","all_cells_slope","collection10_k3_tropical_temperate","Southern","Coldhouse","Transitional",0,0,NA,NA,NA,NA,NA,NA,NA,"Skipped: n < 2",NA
"per_cell_all_cells_OLS","all_cells_slope","collection10_k3_tropical_temperate","Southern","Coldhouse","Warmhouse",0,0,NA,NA,NA,NA,NA,NA,NA,"Skipped: n < 2",NA
"per_cell_all_cells_OLS","all_cells_slope","collection10_k3_tropical_temperate","Southern","Coldhouse","Hothouse",0,0,NA,NA,NA,NA,NA,NA,NA,"Skipped: n < 2",NA
"per_cell_all_cells_OLS","all_cells_slope","collection10_k3_tropical_temperate","Southern","Coolhouse","Transitional",0,0,NA,NA,NA,NA,NA,NA,NA,"Skipped: n < 2",NA
"per_cell_all_cells_OLS","all_cells_slope","collection10_k3_tropical_temperate","Southern","Coolhouse","Warmhouse",0,0,NA,NA,NA,NA,NA,NA,NA,"Skipped: n < 2",NA
"per_cell_all_cells_OLS","all_cells_slope","collection10_k3_tropical_temperate","Southern","Coolhouse","Hothouse",0,0,NA,NA,NA,NA,NA,NA,NA,"Skipped: n < 2",NA
"per_cell_all_cells_OLS","all_cells_slope","collection10_k3_tropical_temperate","Southern","Transitional","Warmhouse",0,0,NA,NA,NA,NA,NA,NA,NA,"Skipped: n < 2",NA
"per_cell_all_cells_OLS","all_cells_slope","collection10_k3_tropical_temperate","Southern","Transitional","Hothouse",0,0,NA,NA,NA,NA,NA,NA,NA,"Skipped: n < 2",NA
"per_cell_all_cells_OLS","all_cells_slope","collection10_k3_tropical_temperate","Southern","Warmhouse","Hothouse",0,0,NA,NA,NA,NA,NA,NA,NA,"Skipped: n < 2",NA
"per_cell_all_cells_OLS","all_cells_slope","collection10_k3_tropical_temperate_polar","Northern","Coldhouse","Coolhouse",0,0,NA,NA,NA,NA,NA,NA,NA,"Skipped: n < 2",NA
"per_cell_all_cells_OLS","all_cells_slope","collection10_k3_tropical_temperate_polar","Northern","Coldhouse","Transitional",0,0,NA,NA,NA,NA,NA,NA,NA,"Skipped: n < 2",NA
"per_cell_all_cells_OLS","all_cells_slope","collection10_k3_tropical_temperate_polar","Northern","Coldhouse","Warmhouse",0,0,NA,NA,NA,NA,NA,NA,NA,"Skipped: n < 2",NA
"per_cell_all_cells_OLS","all_cells_slope","collection10_k3_tropical_temperate_polar","Northern","Coldhouse","Hothouse",0,0,NA,NA,NA,NA,NA,NA,NA,"Skipped: n < 2",NA
"per_cell_all_cells_OLS","all_cells_slope","collection10_k3_tropical_temperate_polar","Northern","Coolhouse","Transitional",0,0,NA,NA,NA,NA,NA,NA,NA,"Skipped: n < 2",NA
"per_cell_all_cells_OLS","all_cells_slope","collection10_k3_tropical_temperate_polar","Northern","Coolhouse","Warmhouse",0,0,NA,NA,NA,NA,NA,NA,NA,"Skipped: n < 2",NA
"per_cell_all_cells_OLS","all_cells_slope","collection10_k3_tropical_temperate_polar","Northern","Coolhouse","Hothouse",0,0,NA,NA,NA,NA,NA,NA,NA,"Skipped: n < 2",NA
"per_cell_all_cells_OLS","all_cells_slope","collection10_k3_tropical_temperate_polar","Northern","Transitional","Warmhouse",0,0,NA,NA,NA,NA,NA,NA,NA,"Skipped: n < 2",NA
"per_cell_all_cells_OLS","all_cells_slope","collection10_k3_tropical_temperate_polar","Northern","Transitional","Hothouse",0,0,NA,NA,NA,NA,NA,NA,NA,"Skipped: n < 2",NA
"per_cell_all_cells_OLS","all_cells_slope","collection10_k3_tropical_temperate_polar","Northern","Warmhouse","Hothouse",0,0,NA,NA,NA,NA,NA,NA,NA,"Skipped: n < 2",NA
"per_cell_all_cells_OLS","all_cells_slope","collection10_k3_tropical_temperate_polar","Southern","Coldhouse","Coolhouse",0,0,NA,NA,NA,NA,NA,NA,NA,"Skipped: n < 2",NA
"per_cell_all_cells_OLS","all_cells_slope","collection10_k3_tropical_temperate_polar","Southern","Coldhouse","Transitional",0,0,NA,NA,NA,NA,NA,NA,NA,"Skipped: n < 2",NA
"per_cell_all_cells_OLS","all_cells_slope","collection10_k3_tropical_temperate_polar","Southern","Coldhouse","Warmhouse",0,0,NA,NA,NA,NA,NA,NA,NA,"Skipped: n < 2",NA
"per_cell_all_cells_OLS","all_cells_slope","collection10_k3_tropical_temperate_polar","Southern","Coldhouse","Hothouse",0,0,NA,NA,NA,NA,NA,NA,NA,"Skipped: n < 2",NA
"per_cell_all_cells_OLS","all_cells_slope","collection10_k3_tropical_temperate_polar","Southern","Coolhouse","Transitional",0,0,NA,NA,NA,NA,NA,NA,NA,"Skipped: n < 2",NA
"per_cell_all_cells_OLS","all_cells_slope","collection10_k3_tropical_temperate_polar","Southern","Coolhouse","Warmhouse",0,0,NA,NA,NA,NA,NA,NA,NA,"Skipped: n < 2",NA
"per_cell_all_cells_OLS","all_cells_slope","collection10_k3_tropical_temperate_polar","Southern","Coolhouse","Hothouse",0,0,NA,NA,NA,NA,NA,NA,NA,"Skipped: n < 2",NA
"per_cell_all_cells_OLS","all_cells_slope","collection10_k3_tropical_temperate_polar","Southern","Transitional","Warmhouse",0,0,NA,NA,NA,NA,NA,NA,NA,"Skipped: n < 2",NA
"per_cell_all_cells_OLS","all_cells_slope","collection10_k3_tropical_temperate_polar","Southern","Transitional","Hothouse",0,0,NA,NA,NA,NA,NA,NA,NA,"Skipped: n < 2",NA
"per_cell_all_cells_OLS","all_cells_slope","collection10_k3_tropical_temperate_polar","Southern","Warmhouse","Hothouse",0,0,NA,NA,NA,NA,NA,NA,NA,"Skipped: n < 2",NA
"per_cell_balanced_resampling_OLS","median_resampled_slope","occurrence5_k1_tropical_temperate","Northern","Coldhouse","Coolhouse",0,0,NA,NA,NA,NA,NA,NA,NA,"Skipped: n < 2",NA
"per_cell_balanced_resampling_OLS","median_resampled_slope","occurrence5_k1_tropical_temperate","Northern","Coldhouse","Transitional",0,0,NA,NA,NA,NA,NA,NA,NA,"Skipped: n < 2",NA
"per_cell_balanced_resampling_OLS","median_resampled_slope","occurrence5_k1_tropical_temperate","Northern","Coldhouse","Warmhouse",0,0,NA,NA,NA,NA,NA,NA,NA,"Skipped: n < 2",NA
"per_cell_balanced_resampling_OLS","median_resampled_slope","occurrence5_k1_tropical_temperate","Northern","Coldhouse","Hothouse",0,0,NA,NA,NA,NA,NA,NA,NA,"Skipped: n < 2",NA
"per_cell_balanced_resampling_OLS","median_resampled_slope","occurrence5_k1_tropical_temperate","Northern","Coolhouse","Transitional",0,0,NA,NA,NA,NA,NA,NA,NA,"Skipped: n < 2",NA
"per_cell_balanced_resampling_OLS","median_resampled_slope","occurrence5_k1_tropical_temperate","Northern","Coolhouse","Warmhouse",0,0,NA,NA,NA,NA,NA,NA,NA,"Skipped: n < 2",NA
"per_cell_balanced_resampling_OLS","median_resampled_slope","occurrence5_k1_tropical_temperate","Northern","Coolhouse","Hothouse",0,0,NA,NA,NA,NA,NA,NA,NA,"Skipped: n < 2",NA
"per_cell_balanced_resampling_OLS","median_resampled_slope","occurrence5_k1_tropical_temperate","Northern","Transitional","Warmhouse",0,0,NA,NA,NA,NA,NA,NA,NA,"Skipped: n < 2",NA
"per_cell_balanced_resampling_OLS","median_resampled_slope","occurrence5_k1_tropical_temperate","Northern","Transitional","Hothouse",0,0,NA,NA,NA,NA,NA,NA,NA,"Skipped: n < 2",NA
"per_cell_balanced_resampling_OLS","median_resampled_slope","occurrence5_k1_tropical_temperate","Northern","Warmhouse","Hothouse",0,0,NA,NA,NA,NA,NA,NA,NA,"Skipped: n < 2",NA
"per_cell_balanced_resampling_OLS","median_resampled_slope","occurrence5_k1_tropical_temperate","Southern","Coldhouse","Coolhouse",0,0,NA,NA,NA,NA,NA,NA,NA,"Skipped: n < 2",NA
"per_cell_balanced_resampling_OLS","median_resampled_slope","occurrence5_k1_tropical_temperate","Southern","Coldhouse","Transitional",0,0,NA,NA,NA,NA,NA,NA,NA,"Skipped: n < 2",NA
"per_cell_balanced_resampling_OLS","median_resampled_slope","occurrence5_k1_tropical_temperate","Southern","Coldhouse","Warmhouse",0,0,NA,NA,NA,NA,NA,NA,NA,"Skipped: n < 2",NA
"per_cell_balanced_resampling_OLS","median_resampled_slope","occurrence5_k1_tropical_temperate","Southern","Coldhouse","Hothouse",0,0,NA,NA,NA,NA,NA,NA,NA,"Skipped: n < 2",NA
"per_cell_balanced_resampling_OLS","median_resampled_slope","occurrence5_k1_tropical_temperate","Southern","Coolhouse","Transitional",0,0,NA,NA,NA,NA,NA,NA,NA,"Skipped: n < 2",NA
"per_cell_balanced_resampling_OLS","median_resampled_slope","occurrence5_k1_tropical_temperate","Southern","Coolhouse","Warmhouse",0,0,NA,NA,NA,NA,NA,NA,NA,"Skipped: n < 2",NA
"per_cell_balanced_resampling_OLS","median_resampled_slope","occurrence5_k1_tropical_temperate","Southern","Coolhouse","Hothouse",0,0,NA,NA,NA,NA,NA,NA,NA,"Skipped: n < 2",NA
"per_cell_balanced_resampling_OLS","median_resampled_slope","occurrence5_k1_tropical_temperate","Southern","Transitional","Warmhouse",0,0,NA,NA,NA,NA,NA,NA,NA,"Skipped: n < 2",NA
"per_cell_balanced_resampling_OLS","median_resampled_slope","occurrence5_k1_tropical_temperate","Southern","Transitional","Hothouse",0,0,NA,NA,NA,NA,NA,NA,NA,"Skipped: n < 2",NA
"per_cell_balanced_resampling_OLS","median_resampled_slope","occurrence5_k1_tropical_temperate","Southern","Warmhouse","Hothouse",0,0,NA,NA,NA,NA,NA,NA,NA,"Skipped: n < 2",NA
"per_cell_balanced_resampling_OLS","median_resampled_slope","occurrence5_k1_tropical_temperate_polar","Northern","Coldhouse","Coolhouse",0,0,NA,NA,NA,NA,NA,NA,NA,"Skipped: n < 2",NA
"per_cell_balanced_resampling_OLS","median_resampled_slope","occurrence5_k1_tropical_temperate_polar","Northern","Coldhouse","Transitional",0,0,NA,NA,NA,NA,NA,NA,NA,"Skipped: n < 2",NA
"per_cell_balanced_resampling_OLS","median_resampled_slope","occurrence5_k1_tropical_temperate_polar","Northern","Coldhouse","Warmhouse",0,0,NA,NA,NA,NA,NA,NA,NA,"Skipped: n < 2",NA
"per_cell_balanced_resampling_OLS","median_resampled_slope","occurrence5_k1_tropical_temperate_polar","Northern","Coldhouse","Hothouse",0,0,NA,NA,NA,NA,NA,NA,NA,"Skipped: n < 2",NA
"per_cell_balanced_resampling_OLS","median_resampled_slope","occurrence5_k1_tropical_temperate_polar","Northern","Coolhouse","Transitional",0,0,NA,NA,NA,NA,NA,NA,NA,"Skipped: n < 2",NA
"per_cell_balanced_resampling_OLS","median_resampled_slope","occurrence5_k1_tropical_temperate_polar","Northern","Coolhouse","Warmhouse",0,0,NA,NA,NA,NA,NA,NA,NA,"Skipped: n < 2",NA
"per_cell_balanced_resampling_OLS","median_resampled_slope","occurrence5_k1_tropical_temperate_polar","Northern","Coolhouse","Hothouse",0,0,NA,NA,NA,NA,NA,NA,NA,"Skipped: n < 2",NA
"per_cell_balanced_resampling_OLS","median_resampled_slope","occurrence5_k1_tropical_temperate_polar","Northern","Transitional","Warmhouse",0,0,NA,NA,NA,NA,NA,NA,NA,"Skipped: n < 2",NA
"per_cell_balanced_resampling_OLS","median_resampled_slope","occurrence5_k1_tropical_temperate_polar","Northern","Transitional","Hothouse",0,0,NA,NA,NA,NA,NA,NA,NA,"Skipped: n < 2",NA
"per_cell_balanced_resampling_OLS","median_resampled_slope","occurrence5_k1_tropical_temperate_polar","Northern","Warmhouse","Hothouse",0,0,NA,NA,NA,NA,NA,NA,NA,"Skipped: n < 2",NA
"per_cell_balanced_resampling_OLS","median_resampled_slope","occurrence5_k1_tropical_temperate_polar","Southern","Coldhouse","Coolhouse",0,0,NA,NA,NA,NA,NA,NA,NA,"Skipped: n < 2",NA
"per_cell_balanced_resampling_OLS","median_resampled_slope","occurrence5_k1_tropical_temperate_polar","Southern","Coldhouse","Transitional",0,0,NA,NA,NA,NA,NA,NA,NA,"Skipped: n < 2",NA
"per_cell_balanced_resampling_OLS","median_resampled_slope","occurrence5_k1_tropical_temperate_polar","Southern","Coldhouse","Warmhouse",0,0,NA,NA,NA,NA,NA,NA,NA,"Skipped: n < 2",NA
"per_cell_balanced_resampling_OLS","median_resampled_slope","occurrence5_k1_tropical_temperate_polar","Southern","Coldhouse","Hothouse",0,0,NA,NA,NA,NA,NA,NA,NA,"Skipped: n < 2",NA
"per_cell_balanced_resampling_OLS","median_resampled_slope","occurrence5_k1_tropical_temperate_polar","Southern","Coolhouse","Transitional",0,0,NA,NA,NA,NA,NA,NA,NA,"Skipped: n < 2",NA
"per_cell_balanced_resampling_OLS","median_resampled_slope","occurrence5_k1_tropical_temperate_polar","Southern","Coolhouse","Warmhouse",0,0,NA,NA,NA,NA,NA,NA,NA,"Skipped: n < 2",NA
"per_cell_balanced_resampling_OLS","median_resampled_slope","occurrence5_k1_tropical_temperate_polar","Southern","Coolhouse","Hothouse",0,0,NA,NA,NA,NA,NA,NA,NA,"Skipped: n < 2",NA
"per_cell_balanced_resampling_OLS","median_resampled_slope","occurrence5_k1_tropical_temperate_polar","Southern","Transitional","Warmhouse",0,0,NA,NA,NA,NA,NA,NA,NA,"Skipped: n < 2",NA
"per_cell_balanced_resampling_OLS","median_resampled_slope","occurrence5_k1_tropical_temperate_polar","Southern","Transitional","Hothouse",0,0,NA,NA,NA,NA,NA,NA,NA,"Skipped: n < 2",NA
"per_cell_balanced_resampling_OLS","median_resampled_slope","occurrence5_k1_tropical_temperate_polar","Southern","Warmhouse","Hothouse",0,0,NA,NA,NA,NA,NA,NA,NA,"Skipped: n < 2",NA
"per_cell_balanced_resampling_OLS","median_resampled_slope","occurrence5_k2_tropical_temperate","Northern","Coldhouse","Coolhouse",0,0,NA,NA,NA,NA,NA,NA,NA,"Skipped: n < 2",NA
"per_cell_balanced_resampling_OLS","median_resampled_slope","occurrence5_k2_tropical_temperate","Northern","Coldhouse","Transitional",0,0,NA,NA,NA,NA,NA,NA,NA,"Skipped: n < 2",NA
"per_cell_balanced_resampling_OLS","median_resampled_slope","occurrence5_k2_tropical_temperate","Northern","Coldhouse","Warmhouse",0,0,NA,NA,NA,NA,NA,NA,NA,"Skipped: n < 2",NA
"per_cell_balanced_resampling_OLS","median_resampled_slope","occurrence5_k2_tropical_temperate","Northern","Coldhouse","Hothouse",0,0,NA,NA,NA,NA,NA,NA,NA,"Skipped: n < 2",NA
"per_cell_balanced_resampling_OLS","median_resampled_slope","occurrence5_k2_tropical_temperate","Northern","Coolhouse","Transitional",0,0,NA,NA,NA,NA,NA,NA,NA,"Skipped: n < 2",NA
"per_cell_balanced_resampling_OLS","median_resampled_slope","occurrence5_k2_tropical_temperate","Northern","Coolhouse","Warmhouse",0,0,NA,NA,NA,NA,NA,NA,NA,"Skipped: n < 2",NA
"per_cell_balanced_resampling_OLS","median_resampled_slope","occurrence5_k2_tropical_temperate","Northern","Coolhouse","Hothouse",0,0,NA,NA,NA,NA,NA,NA,NA,"Skipped: n < 2",NA
"per_cell_balanced_resampling_OLS","median_resampled_slope","occurrence5_k2_tropical_temperate","Northern","Transitional","Warmhouse",0,0,NA,NA,NA,NA,NA,NA,NA,"Skipped: n < 2",NA
"per_cell_balanced_resampling_OLS","median_resampled_slope","occurrence5_k2_tropical_temperate","Northern","Transitional","Hothouse",0,0,NA,NA,NA,NA,NA,NA,NA,"Skipped: n < 2",NA
"per_cell_balanced_resampling_OLS","median_resampled_slope","occurrence5_k2_tropical_temperate","Northern","Warmhouse","Hothouse",0,0,NA,NA,NA,NA,NA,NA,NA,"Skipped: n < 2",NA
"per_cell_balanced_resampling_OLS","median_resampled_slope","occurrence5_k2_tropical_temperate","Southern","Coldhouse","Coolhouse",0,0,NA,NA,NA,NA,NA,NA,NA,"Skipped: n < 2",NA
"per_cell_balanced_resampling_OLS","median_resampled_slope","occurrence5_k2_tropical_temperate","Southern","Coldhouse","Transitional",0,0,NA,NA,NA,NA,NA,NA,NA,"Skipped: n < 2",NA
"per_cell_balanced_resampling_OLS","median_resampled_slope","occurrence5_k2_tropical_temperate","Southern","Coldhouse","Warmhouse",0,0,NA,NA,NA,NA,NA,NA,NA,"Skipped: n < 2",NA
"per_cell_balanced_resampling_OLS","median_resampled_slope","occurrence5_k2_tropical_temperate","Southern","Coldhouse","Hothouse",0,0,NA,NA,NA,NA,NA,NA,NA,"Skipped: n < 2",NA
"per_cell_balanced_resampling_OLS","median_resampled_slope","occurrence5_k2_tropical_temperate","Southern","Coolhouse","Transitional",0,0,NA,NA,NA,NA,NA,NA,NA,"Skipped: n < 2",NA
"per_cell_balanced_resampling_OLS","median_resampled_slope","occurrence5_k2_tropical_temperate","Southern","Coolhouse","Warmhouse",0,0,NA,NA,NA,NA,NA,NA,NA,"Skipped: n < 2",NA
"per_cell_balanced_resampling_OLS","median_resampled_slope","occurrence5_k2_tropical_temperate","Southern","Coolhouse","Hothouse",0,0,NA,NA,NA,NA,NA,NA,NA,"Skipped: n < 2",NA
"per_cell_balanced_resampling_OLS","median_resampled_slope","occurrence5_k2_tropical_temperate","Southern","Transitional","Warmhouse",0,0,NA,NA,NA,NA,NA,NA,NA,"Skipped: n < 2",NA
"per_cell_balanced_resampling_OLS","median_resampled_slope","occurrence5_k2_tropical_temperate","Southern","Transitional","Hothouse",0,0,NA,NA,NA,NA,NA,NA,NA,"Skipped: n < 2",NA
"per_cell_balanced_resampling_OLS","median_resampled_slope","occurrence5_k2_tropical_temperate","Southern","Warmhouse","Hothouse",0,0,NA,NA,NA,NA,NA,NA,NA,"Skipped: n < 2",NA
"per_cell_balanced_resampling_OLS","median_resampled_slope","occurrence5_k2_tropical_temperate_polar","Northern","Coldhouse","Coolhouse",0,0,NA,NA,NA,NA,NA,NA,NA,"Skipped: n < 2",NA
"per_cell_balanced_resampling_OLS","median_resampled_slope","occurrence5_k2_tropical_temperate_polar","Northern","Coldhouse","Transitional",0,0,NA,NA,NA,NA,NA,NA,NA,"Skipped: n < 2",NA
"per_cell_balanced_resampling_OLS","median_resampled_slope","occurrence5_k2_tropical_temperate_polar","Northern","Coldhouse","Warmhouse",0,0,NA,NA,NA,NA,NA,NA,NA,"Skipped: n < 2",NA
"per_cell_balanced_resampling_OLS","median_resampled_slope","occurrence5_k2_tropical_temperate_polar","Northern","Coldhouse","Hothouse",0,0,NA,NA,NA,NA,NA,NA,NA,"Skipped: n < 2",NA
"per_cell_balanced_resampling_OLS","median_resampled_slope","occurrence5_k2_tropical_temperate_polar","Northern","Coolhouse","Transitional",0,0,NA,NA,NA,NA,NA,NA,NA,"Skipped: n < 2",NA
"per_cell_balanced_resampling_OLS","median_resampled_slope","occurrence5_k2_tropical_temperate_polar","Northern","Coolhouse","Warmhouse",0,0,NA,NA,NA,NA,NA,NA,NA,"Skipped: n < 2",NA
"per_cell_balanced_resampling_OLS","median_resampled_slope","occurrence5_k2_tropical_temperate_polar","Northern","Coolhouse","Hothouse",0,0,NA,NA,NA,NA,NA,NA,NA,"Skipped: n < 2",NA
"per_cell_balanced_resampling_OLS","median_resampled_slope","occurrence5_k2_tropical_temperate_polar","Northern","Transitional","Warmhouse",0,0,NA,NA,NA,NA,NA,NA,NA,"Skipped: n < 2",NA
"per_cell_balanced_resampling_OLS","median_resampled_slope","occurrence5_k2_tropical_temperate_polar","Northern","Transitional","Hothouse",0,0,NA,NA,NA,NA,NA,NA,NA,"Skipped: n < 2",NA
"per_cell_balanced_resampling_OLS","median_resampled_slope","occurrence5_k2_tropical_temperate_polar","Northern","Warmhouse","Hothouse",0,0,NA,NA,NA,NA,NA,NA,NA,"Skipped: n < 2",NA
"per_cell_balanced_resampling_OLS","median_resampled_slope","occurrence5_k2_tropical_temperate_polar","Southern","Coldhouse","Coolhouse",0,0,NA,NA,NA,NA,NA,NA,NA,"Skipped: n < 2",NA
"per_cell_balanced_resampling_OLS","median_resampled_slope","occurrence5_k2_tropical_temperate_polar","Southern","Coldhouse","Transitional",0,0,NA,NA,NA,NA,NA,NA,NA,"Skipped: n < 2",NA
"per_cell_balanced_resampling_OLS","median_resampled_slope","occurrence5_k2_tropical_temperate_polar","Southern","Coldhouse","Warmhouse",0,0,NA,NA,NA,NA,NA,NA,NA,"Skipped: n < 2",NA
"per_cell_balanced_resampling_OLS","median_resampled_slope","occurrence5_k2_tropical_temperate_polar","Southern","Coldhouse","Hothouse",0,0,NA,NA,NA,NA,NA,NA,NA,"Skipped: n < 2",NA
"per_cell_balanced_resampling_OLS","median_resampled_slope","occurrence5_k2_tropical_temperate_polar","Southern","Coolhouse","Transitional",0,0,NA,NA,NA,NA,NA,NA,NA,"Skipped: n < 2",NA
"per_cell_balanced_resampling_OLS","median_resampled_slope","occurrence5_k2_tropical_temperate_polar","Southern","Coolhouse","Warmhouse",0,0,NA,NA,NA,NA,NA,NA,NA,"Skipped: n < 2",NA
"per_cell_balanced_resampling_OLS","median_resampled_slope","occurrence5_k2_tropical_temperate_polar","Southern","Coolhouse","Hothouse",0,0,NA,NA,NA,NA,NA,NA,NA,"Skipped: n < 2",NA
"per_cell_balanced_resampling_OLS","median_resampled_slope","occurrence5_k2_tropical_temperate_polar","Southern","Transitional","Warmhouse",0,0,NA,NA,NA,NA,NA,NA,NA,"Skipped: n < 2",NA
"per_cell_balanced_resampling_OLS","median_resampled_slope","occurrence5_k2_tropical_temperate_polar","Southern","Transitional","Hothouse",0,0,NA,NA,NA,NA,NA,NA,NA,"Skipped: n < 2",NA
"per_cell_balanced_resampling_OLS","median_resampled_slope","occurrence5_k2_tropical_temperate_polar","Southern","Warmhouse","Hothouse",0,0,NA,NA,NA,NA,NA,NA,NA,"Skipped: n < 2",NA
"per_cell_balanced_resampling_OLS","median_resampled_slope","occurrence5_k3_tropical_temperate","Northern","Coldhouse","Coolhouse",0,0,NA,NA,NA,NA,NA,NA,NA,"Skipped: n < 2",NA
"per_cell_balanced_resampling_OLS","median_resampled_slope","occurrence5_k3_tropical_temperate","Northern","Coldhouse","Transitional",0,0,NA,NA,NA,NA,NA,NA,NA,"Skipped: n < 2",NA
"per_cell_balanced_resampling_OLS","median_resampled_slope","occurrence5_k3_tropical_temperate","Northern","Coldhouse","Warmhouse",0,0,NA,NA,NA,NA,NA,NA,NA,"Skipped: n < 2",NA
"per_cell_balanced_resampling_OLS","median_resampled_slope","occurrence5_k3_tropical_temperate","Northern","Coldhouse","Hothouse",0,0,NA,NA,NA,NA,NA,NA,NA,"Skipped: n < 2",NA
"per_cell_balanced_resampling_OLS","median_resampled_slope","occurrence5_k3_tropical_temperate","Northern","Coolhouse","Transitional",0,0,NA,NA,NA,NA,NA,NA,NA,"Skipped: n < 2",NA
"per_cell_balanced_resampling_OLS","median_resampled_slope","occurrence5_k3_tropical_temperate","Northern","Coolhouse","Warmhouse",0,0,NA,NA,NA,NA,NA,NA,NA,"Skipped: n < 2",NA
"per_cell_balanced_resampling_OLS","median_resampled_slope","occurrence5_k3_tropical_temperate","Northern","Coolhouse","Hothouse",0,0,NA,NA,NA,NA,NA,NA,NA,"Skipped: n < 2",NA
"per_cell_balanced_resampling_OLS","median_resampled_slope","occurrence5_k3_tropical_temperate","Northern","Transitional","Warmhouse",0,0,NA,NA,NA,NA,NA,NA,NA,"Skipped: n < 2",NA
"per_cell_balanced_resampling_OLS","median_resampled_slope","occurrence5_k3_tropical_temperate","Northern","Transitional","Hothouse",0,0,NA,NA,NA,NA,NA,NA,NA,"Skipped: n < 2",NA
"per_cell_balanced_resampling_OLS","median_resampled_slope","occurrence5_k3_tropical_temperate","Northern","Warmhouse","Hothouse",0,0,NA,NA,NA,NA,NA,NA,NA,"Skipped: n < 2",NA
"per_cell_balanced_resampling_OLS","median_resampled_slope","occurrence5_k3_tropical_temperate","Southern","Coldhouse","Coolhouse",0,0,NA,NA,NA,NA,NA,NA,NA,"Skipped: n < 2",NA
"per_cell_balanced_resampling_OLS","median_resampled_slope","occurrence5_k3_tropical_temperate","Southern","Coldhouse","Transitional",0,0,NA,NA,NA,NA,NA,NA,NA,"Skipped: n < 2",NA
"per_cell_balanced_resampling_OLS","median_resampled_slope","occurrence5_k3_tropical_temperate","Southern","Coldhouse","Warmhouse",0,0,NA,NA,NA,NA,NA,NA,NA,"Skipped: n < 2",NA
"per_cell_balanced_resampling_OLS","median_resampled_slope","occurrence5_k3_tropical_temperate","Southern","Coldhouse","Hothouse",0,0,NA,NA,NA,NA,NA,NA,NA,"Skipped: n < 2",NA
"per_cell_balanced_resampling_OLS","median_resampled_slope","occurrence5_k3_tropical_temperate","Southern","Coolhouse","Transitional",0,0,NA,NA,NA,NA,NA,NA,NA,"Skipped: n < 2",NA
"per_cell_balanced_resampling_OLS","median_resampled_slope","occurrence5_k3_tropical_temperate","Southern","Coolhouse","Warmhouse",0,0,NA,NA,NA,NA,NA,NA,NA,"Skipped: n < 2",NA
"per_cell_balanced_resampling_OLS","median_resampled_slope","occurrence5_k3_tropical_temperate","Southern","Coolhouse","Hothouse",0,0,NA,NA,NA,NA,NA,NA,NA,"Skipped: n < 2",NA
"per_cell_balanced_resampling_OLS","median_resampled_slope","occurrence5_k3_tropical_temperate","Southern","Transitional","Warmhouse",0,0,NA,NA,NA,NA,NA,NA,NA,"Skipped: n < 2",NA
"per_cell_balanced_resampling_OLS","median_resampled_slope","occurrence5_k3_tropical_temperate","Southern","Transitional","Hothouse",0,0,NA,NA,NA,NA,NA,NA,NA,"Skipped: n < 2",NA
"per_cell_balanced_resampling_OLS","median_resampled_slope","occurrence5_k3_tropical_temperate","Southern","Warmhouse","Hothouse",0,0,NA,NA,NA,NA,NA,NA,NA,"Skipped: n < 2",NA
"per_cell_balanced_resampling_OLS","median_resampled_slope","occurrence5_k3_tropical_temperate_polar","Northern","Coldhouse","Coolhouse",0,0,NA,NA,NA,NA,NA,NA,NA,"Skipped: n < 2",NA
"per_cell_balanced_resampling_OLS","median_resampled_slope","occurrence5_k3_tropical_temperate_polar","Northern","Coldhouse","Transitional",0,0,NA,NA,NA,NA,NA,NA,NA,"Skipped: n < 2",NA
"per_cell_balanced_resampling_OLS","median_resampled_slope","occurrence5_k3_tropical_temperate_polar","Northern","Coldhouse","Warmhouse",0,0,NA,NA,NA,NA,NA,NA,NA,"Skipped: n < 2",NA
"per_cell_balanced_resampling_OLS","median_resampled_slope","occurrence5_k3_tropical_temperate_polar","Northern","Coldhouse","Hothouse",0,0,NA,NA,NA,NA,NA,NA,NA,"Skipped: n < 2",NA
"per_cell_balanced_resampling_OLS","median_resampled_slope","occurrence5_k3_tropical_temperate_polar","Northern","Coolhouse","Transitional",0,0,NA,NA,NA,NA,NA,NA,NA,"Skipped: n < 2",NA
"per_cell_balanced_resampling_OLS","median_resampled_slope","occurrence5_k3_tropical_temperate_polar","Northern","Coolhouse","Warmhouse",0,0,NA,NA,NA,NA,NA,NA,NA,"Skipped: n < 2",NA
"per_cell_balanced_resampling_OLS","median_resampled_slope","occurrence5_k3_tropical_temperate_polar","Northern","Coolhouse","Hothouse",0,0,NA,NA,NA,NA,NA,NA,NA,"Skipped: n < 2",NA
"per_cell_balanced_resampling_OLS","median_resampled_slope","occurrence5_k3_tropical_temperate_polar","Northern","Transitional","Warmhouse",0,0,NA,NA,NA,NA,NA,NA,NA,"Skipped: n < 2",NA
"per_cell_balanced_resampling_OLS","median_resampled_slope","occurrence5_k3_tropical_temperate_polar","Northern","Transitional","Hothouse",0,0,NA,NA,NA,NA,NA,NA,NA,"Skipped: n < 2",NA
"per_cell_balanced_resampling_OLS","median_resampled_slope","occurrence5_k3_tropical_temperate_polar","Northern","Warmhouse","Hothouse",0,0,NA,NA,NA,NA,NA,NA,NA,"Skipped: n < 2",NA
"per_cell_balanced_resampling_OLS","median_resampled_slope","occurrence5_k3_tropical_temperate_polar","Southern","Coldhouse","Coolhouse",0,0,NA,NA,NA,NA,NA,NA,NA,"Skipped: n < 2",NA
"per_cell_balanced_resampling_OLS","median_resampled_slope","occurrence5_k3_tropical_temperate_polar","Southern","Coldhouse","Transitional",0,0,NA,NA,NA,NA,NA,NA,NA,"Skipped: n < 2",NA
"per_cell_balanced_resampling_OLS","median_resampled_slope","occurrence5_k3_tropical_temperate_polar","Southern","Coldhouse","Warmhouse",0,0,NA,NA,NA,NA,NA,NA,NA,"Skipped: n < 2",NA
"per_cell_balanced_resampling_OLS","median_resampled_slope","occurrence5_k3_tropical_temperate_polar","Southern","Coldhouse","Hothouse",0,0,NA,NA,NA,NA,NA,NA,NA,"Skipped: n < 2",NA
"per_cell_balanced_resampling_OLS","median_resampled_slope","occurrence5_k3_tropical_temperate_polar","Southern","Coolhouse","Transitional",0,0,NA,NA,NA,NA,NA,NA,NA,"Skipped: n < 2",NA
"per_cell_balanced_resampling_OLS","median_resampled_slope","occurrence5_k3_tropical_temperate_polar","Southern","Coolhouse","Warmhouse",0,0,NA,NA,NA,NA,NA,NA,NA,"Skipped: n < 2",NA
"per_cell_balanced_resampling_OLS","median_resampled_slope","occurrence5_k3_tropical_temperate_polar","Southern","Coolhouse","Hothouse",0,0,NA,NA,NA,NA,NA,NA,NA,"Skipped: n < 2",NA
"per_cell_balanced_resampling_OLS","median_resampled_slope","occurrence5_k3_tropical_temperate_polar","Southern","Transitional","Warmhouse",0,0,NA,NA,NA,NA,NA,NA,NA,"Skipped: n < 2",NA
"per_cell_balanced_resampling_OLS","median_resampled_slope","occurrence5_k3_tropical_temperate_polar","Southern","Transitional","Hothouse",0,0,NA,NA,NA,NA,NA,NA,NA,"Skipped: n < 2",NA
"per_cell_balanced_resampling_OLS","median_resampled_slope","occurrence5_k3_tropical_temperate_polar","Southern","Warmhouse","Hothouse",0,0,NA,NA,NA,NA,NA,NA,NA,"Skipped: n < 2",NA
"per_cell_balanced_resampling_OLS","median_resampled_slope","occurrence10_k1_tropical_temperate","Northern","Coldhouse","Coolhouse",0,0,NA,NA,NA,NA,NA,NA,NA,"Skipped: n < 2",NA
"per_cell_balanced_resampling_OLS","median_resampled_slope","occurrence10_k1_tropical_temperate","Northern","Coldhouse","Transitional",0,0,NA,NA,NA,NA,NA,NA,NA,"Skipped: n < 2",NA
"per_cell_balanced_resampling_OLS","median_resampled_slope","occurrence10_k1_tropical_temperate","Northern","Coldhouse","Warmhouse",0,0,NA,NA,NA,NA,NA,NA,NA,"Skipped: n < 2",NA
"per_cell_balanced_resampling_OLS","median_resampled_slope","occurrence10_k1_tropical_temperate","Northern","Coldhouse","Hothouse",0,0,NA,NA,NA,NA,NA,NA,NA,"Skipped: n < 2",NA
"per_cell_balanced_resampling_OLS","median_resampled_slope","occurrence10_k1_tropical_temperate","Northern","Coolhouse","Transitional",0,0,NA,NA,NA,NA,NA,NA,NA,"Skipped: n < 2",NA
"per_cell_balanced_resampling_OLS","median_resampled_slope","occurrence10_k1_tropical_temperate","Northern","Coolhouse","Warmhouse",0,0,NA,NA,NA,NA,NA,NA,NA,"Skipped: n < 2",NA
"per_cell_balanced_resampling_OLS","median_resampled_slope","occurrence10_k1_tropical_temperate","Northern","Coolhouse","Hothouse",0,0,NA,NA,NA,NA,NA,NA,NA,"Skipped: n < 2",NA
"per_cell_balanced_resampling_OLS","median_resampled_slope","occurrence10_k1_tropical_temperate","Northern","Transitional","Warmhouse",0,0,NA,NA,NA,NA,NA,NA,NA,"Skipped: n < 2",NA
"per_cell_balanced_resampling_OLS","median_resampled_slope","occurrence10_k1_tropical_temperate","Northern","Transitional","Hothouse",0,0,NA,NA,NA,NA,NA,NA,NA,"Skipped: n < 2",NA
"per_cell_balanced_resampling_OLS","median_resampled_slope","occurrence10_k1_tropical_temperate","Northern","Warmhouse","Hothouse",0,0,NA,NA,NA,NA,NA,NA,NA,"Skipped: n < 2",NA
"per_cell_balanced_resampling_OLS","median_resampled_slope","occurrence10_k1_tropical_temperate","Southern","Coldhouse","Coolhouse",0,0,NA,NA,NA,NA,NA,NA,NA,"Skipped: n < 2",NA
"per_cell_balanced_resampling_OLS","median_resampled_slope","occurrence10_k1_tropical_temperate","Southern","Coldhouse","Transitional",0,0,NA,NA,NA,NA,NA,NA,NA,"Skipped: n < 2",NA
"per_cell_balanced_resampling_OLS","median_resampled_slope","occurrence10_k1_tropical_temperate","Southern","Coldhouse","Warmhouse",0,0,NA,NA,NA,NA,NA,NA,NA,"Skipped: n < 2",NA
"per_cell_balanced_resampling_OLS","median_resampled_slope","occurrence10_k1_tropical_temperate","Southern","Coldhouse","Hothouse",0,0,NA,NA,NA,NA,NA,NA,NA,"Skipped: n < 2",NA
"per_cell_balanced_resampling_OLS","median_resampled_slope","occurrence10_k1_tropical_temperate","Southern","Coolhouse","Transitional",0,0,NA,NA,NA,NA,NA,NA,NA,"Skipped: n < 2",NA
"per_cell_balanced_resampling_OLS","median_resampled_slope","occurrence10_k1_tropical_temperate","Southern","Coolhouse","Warmhouse",0,0,NA,NA,NA,NA,NA,NA,NA,"Skipped: n < 2",NA
"per_cell_balanced_resampling_OLS","median_resampled_slope","occurrence10_k1_tropical_temperate","Southern","Coolhouse","Hothouse",0,0,NA,NA,NA,NA,NA,NA,NA,"Skipped: n < 2",NA
"per_cell_balanced_resampling_OLS","median_resampled_slope","occurrence10_k1_tropical_temperate","Southern","Transitional","Warmhouse",0,0,NA,NA,NA,NA,NA,NA,NA,"Skipped: n < 2",NA
"per_cell_balanced_resampling_OLS","median_resampled_slope","occurrence10_k1_tropical_temperate","Southern","Transitional","Hothouse",0,0,NA,NA,NA,NA,NA,NA,NA,"Skipped: n < 2",NA
"per_cell_balanced_resampling_OLS","median_resampled_slope","occurrence10_k1_tropical_temperate","Southern","Warmhouse","Hothouse",0,0,NA,NA,NA,NA,NA,NA,NA,"Skipped: n < 2",NA
"per_cell_balanced_resampling_OLS","median_resampled_slope","occurrence10_k1_tropical_temperate_polar","Northern","Coldhouse","Coolhouse",0,0,NA,NA,NA,NA,NA,NA,NA,"Skipped: n < 2",NA
"per_cell_balanced_resampling_OLS","median_resampled_slope","occurrence10_k1_tropical_temperate_polar","Northern","Coldhouse","Transitional",0,0,NA,NA,NA,NA,NA,NA,NA,"Skipped: n < 2",NA
"per_cell_balanced_resampling_OLS","median_resampled_slope","occurrence10_k1_tropical_temperate_polar","Northern","Coldhouse","Warmhouse",0,0,NA,NA,NA,NA,NA,NA,NA,"Skipped: n < 2",NA
"per_cell_balanced_resampling_OLS","median_resampled_slope","occurrence10_k1_tropical_temperate_polar","Northern","Coldhouse","Hothouse",0,0,NA,NA,NA,NA,NA,NA,NA,"Skipped: n < 2",NA
"per_cell_balanced_resampling_OLS","median_resampled_slope","occurrence10_k1_tropical_temperate_polar","Northern","Coolhouse","Transitional",0,0,NA,NA,NA,NA,NA,NA,NA,"Skipped: n < 2",NA
"per_cell_balanced_resampling_OLS","median_resampled_slope","occurrence10_k1_tropical_temperate_polar","Northern","Coolhouse","Warmhouse",0,0,NA,NA,NA,NA,NA,NA,NA,"Skipped: n < 2",NA
"per_cell_balanced_resampling_OLS","median_resampled_slope","occurrence10_k1_tropical_temperate_polar","Northern","Coolhouse","Hothouse",0,0,NA,NA,NA,NA,NA,NA,NA,"Skipped: n < 2",NA
"per_cell_balanced_resampling_OLS","median_resampled_slope","occurrence10_k1_tropical_temperate_polar","Northern","Transitional","Warmhouse",0,0,NA,NA,NA,NA,NA,NA,NA,"Skipped: n < 2",NA
"per_cell_balanced_resampling_OLS","median_resampled_slope","occurrence10_k1_tropical_temperate_polar","Northern","Transitional","Hothouse",0,0,NA,NA,NA,NA,NA,NA,NA,"Skipped: n < 2",NA
"per_cell_balanced_resampling_OLS","median_resampled_slope","occurrence10_k1_tropical_temperate_polar","Northern","Warmhouse","Hothouse",0,0,NA,NA,NA,NA,NA,NA,NA,"Skipped: n < 2",NA
"per_cell_balanced_resampling_OLS","median_resampled_slope","occurrence10_k1_tropical_temperate_polar","Southern","Coldhouse","Coolhouse",0,0,NA,NA,NA,NA,NA,NA,NA,"Skipped: n < 2",NA
"per_cell_balanced_resampling_OLS","median_resampled_slope","occurrence10_k1_tropical_temperate_polar","Southern","Coldhouse","Transitional",0,0,NA,NA,NA,NA,NA,NA,NA,"Skipped: n < 2",NA
"per_cell_balanced_resampling_OLS","median_resampled_slope","occurrence10_k1_tropical_temperate_polar","Southern","Coldhouse","Warmhouse",0,0,NA,NA,NA,NA,NA,NA,NA,"Skipped: n < 2",NA
"per_cell_balanced_resampling_OLS","median_resampled_slope","occurrence10_k1_tropical_temperate_polar","Southern","Coldhouse","Hothouse",0,0,NA,NA,NA,NA,NA,NA,NA,"Skipped: n < 2",NA
"per_cell_balanced_resampling_OLS","median_resampled_slope","occurrence10_k1_tropical_temperate_polar","Southern","Coolhouse","Transitional",0,0,NA,NA,NA,NA,NA,NA,NA,"Skipped: n < 2",NA
"per_cell_balanced_resampling_OLS","median_resampled_slope","occurrence10_k1_tropical_temperate_polar","Southern","Coolhouse","Warmhouse",0,0,NA,NA,NA,NA,NA,NA,NA,"Skipped: n < 2",NA
"per_cell_balanced_resampling_OLS","median_resampled_slope","occurrence10_k1_tropical_temperate_polar","Southern","Coolhouse","Hothouse",0,0,NA,NA,NA,NA,NA,NA,NA,"Skipped: n < 2",NA
"per_cell_balanced_resampling_OLS","median_resampled_slope","occurrence10_k1_tropical_temperate_polar","Southern","Transitional","Warmhouse",0,0,NA,NA,NA,NA,NA,NA,NA,"Skipped: n < 2",NA
"per_cell_balanced_resampling_OLS","median_resampled_slope","occurrence10_k1_tropical_temperate_polar","Southern","Transitional","Hothouse",0,0,NA,NA,NA,NA,NA,NA,NA,"Skipped: n < 2",NA
"per_cell_balanced_resampling_OLS","median_resampled_slope","occurrence10_k1_tropical_temperate_polar","Southern","Warmhouse","Hothouse",0,0,NA,NA,NA,NA,NA,NA,NA,"Skipped: n < 2",NA
"per_cell_balanced_resampling_OLS","median_resampled_slope","occurrence10_k2_tropical_temperate","Northern","Coldhouse","Coolhouse",0,0,NA,NA,NA,NA,NA,NA,NA,"Skipped: n < 2",NA
"per_cell_balanced_resampling_OLS","median_resampled_slope","occurrence10_k2_tropical_temperate","Northern","Coldhouse","Transitional",0,0,NA,NA,NA,NA,NA,NA,NA,"Skipped: n < 2",NA
"per_cell_balanced_resampling_OLS","median_resampled_slope","occurrence10_k2_tropical_temperate","Northern","Coldhouse","Warmhouse",0,0,NA,NA,NA,NA,NA,NA,NA,"Skipped: n < 2",NA
"per_cell_balanced_resampling_OLS","median_resampled_slope","occurrence10_k2_tropical_temperate","Northern","Coldhouse","Hothouse",0,0,NA,NA,NA,NA,NA,NA,NA,"Skipped: n < 2",NA
"per_cell_balanced_resampling_OLS","median_resampled_slope","occurrence10_k2_tropical_temperate","Northern","Coolhouse","Transitional",0,0,NA,NA,NA,NA,NA,NA,NA,"Skipped: n < 2",NA
"per_cell_balanced_resampling_OLS","median_resampled_slope","occurrence10_k2_tropical_temperate","Northern","Coolhouse","Warmhouse",0,0,NA,NA,NA,NA,NA,NA,NA,"Skipped: n < 2",NA
"per_cell_balanced_resampling_OLS","median_resampled_slope","occurrence10_k2_tropical_temperate","Northern","Coolhouse","Hothouse",0,0,NA,NA,NA,NA,NA,NA,NA,"Skipped: n < 2",NA
"per_cell_balanced_resampling_OLS","median_resampled_slope","occurrence10_k2_tropical_temperate","Northern","Transitional","Warmhouse",0,0,NA,NA,NA,NA,NA,NA,NA,"Skipped: n < 2",NA
"per_cell_balanced_resampling_OLS","median_resampled_slope","occurrence10_k2_tropical_temperate","Northern","Transitional","Hothouse",0,0,NA,NA,NA,NA,NA,NA,NA,"Skipped: n < 2",NA
"per_cell_balanced_resampling_OLS","median_resampled_slope","occurrence10_k2_tropical_temperate","Northern","Warmhouse","Hothouse",0,0,NA,NA,NA,NA,NA,NA,NA,"Skipped: n < 2",NA
"per_cell_balanced_resampling_OLS","median_resampled_slope","occurrence10_k2_tropical_temperate","Southern","Coldhouse","Coolhouse",0,0,NA,NA,NA,NA,NA,NA,NA,"Skipped: n < 2",NA
"per_cell_balanced_resampling_OLS","median_resampled_slope","occurrence10_k2_tropical_temperate","Southern","Coldhouse","Transitional",0,0,NA,NA,NA,NA,NA,NA,NA,"Skipped: n < 2",NA
"per_cell_balanced_resampling_OLS","median_resampled_slope","occurrence10_k2_tropical_temperate","Southern","Coldhouse","Warmhouse",0,0,NA,NA,NA,NA,NA,NA,NA,"Skipped: n < 2",NA
"per_cell_balanced_resampling_OLS","median_resampled_slope","occurrence10_k2_tropical_temperate","Southern","Coldhouse","Hothouse",0,0,NA,NA,NA,NA,NA,NA,NA,"Skipped: n < 2",NA
"per_cell_balanced_resampling_OLS","median_resampled_slope","occurrence10_k2_tropical_temperate","Southern","Coolhouse","Transitional",0,0,NA,NA,NA,NA,NA,NA,NA,"Skipped: n < 2",NA
"per_cell_balanced_resampling_OLS","median_resampled_slope","occurrence10_k2_tropical_temperate","Southern","Coolhouse","Warmhouse",0,0,NA,NA,NA,NA,NA,NA,NA,"Skipped: n < 2",NA
"per_cell_balanced_resampling_OLS","median_resampled_slope","occurrence10_k2_tropical_temperate","Southern","Coolhouse","Hothouse",0,0,NA,NA,NA,NA,NA,NA,NA,"Skipped: n < 2",NA
"per_cell_balanced_resampling_OLS","median_resampled_slope","occurrence10_k2_tropical_temperate","Southern","Transitional","Warmhouse",0,0,NA,NA,NA,NA,NA,NA,NA,"Skipped: n < 2",NA
"per_cell_balanced_resampling_OLS","median_resampled_slope","occurrence10_k2_tropical_temperate","Southern","Transitional","Hothouse",0,0,NA,NA,NA,NA,NA,NA,NA,"Skipped: n < 2",NA
"per_cell_balanced_resampling_OLS","median_resampled_slope","occurrence10_k2_tropical_temperate","Southern","Warmhouse","Hothouse",0,0,NA,NA,NA,NA,NA,NA,NA,"Skipped: n < 2",NA
"per_cell_balanced_resampling_OLS","median_resampled_slope","occurrence10_k2_tropical_temperate_polar","Northern","Coldhouse","Coolhouse",0,0,NA,NA,NA,NA,NA,NA,NA,"Skipped: n < 2",NA
"per_cell_balanced_resampling_OLS","median_resampled_slope","occurrence10_k2_tropical_temperate_polar","Northern","Coldhouse","Transitional",0,0,NA,NA,NA,NA,NA,NA,NA,"Skipped: n < 2",NA
"per_cell_balanced_resampling_OLS","median_resampled_slope","occurrence10_k2_tropical_temperate_polar","Northern","Coldhouse","Warmhouse",0,0,NA,NA,NA,NA,NA,NA,NA,"Skipped: n < 2",NA
"per_cell_balanced_resampling_OLS","median_resampled_slope","occurrence10_k2_tropical_temperate_polar","Northern","Coldhouse","Hothouse",0,0,NA,NA,NA,NA,NA,NA,NA,"Skipped: n < 2",NA
"per_cell_balanced_resampling_OLS","median_resampled_slope","occurrence10_k2_tropical_temperate_polar","Northern","Coolhouse","Transitional",0,0,NA,NA,NA,NA,NA,NA,NA,"Skipped: n < 2",NA
"per_cell_balanced_resampling_OLS","median_resampled_slope","occurrence10_k2_tropical_temperate_polar","Northern","Coolhouse","Warmhouse",0,0,NA,NA,NA,NA,NA,NA,NA,"Skipped: n < 2",NA
"per_cell_balanced_resampling_OLS","median_resampled_slope","occurrence10_k2_tropical_temperate_polar","Northern","Coolhouse","Hothouse",0,0,NA,NA,NA,NA,NA,NA,NA,"Skipped: n < 2",NA
"per_cell_balanced_resampling_OLS","median_resampled_slope","occurrence10_k2_tropical_temperate_polar","Northern","Transitional","Warmhouse",0,0,NA,NA,NA,NA,NA,NA,NA,"Skipped: n < 2",NA
"per_cell_balanced_resampling_OLS","median_resampled_slope","occurrence10_k2_tropical_temperate_polar","Northern","Transitional","Hothouse",0,0,NA,NA,NA,NA,NA,NA,NA,"Skipped: n < 2",NA
"per_cell_balanced_resampling_OLS","median_resampled_slope","occurrence10_k2_tropical_temperate_polar","Northern","Warmhouse","Hothouse",0,0,NA,NA,NA,NA,NA,NA,NA,"Skipped: n < 2",NA
"per_cell_balanced_resampling_OLS","median_resampled_slope","occurrence10_k2_tropical_temperate_polar","Southern","Coldhouse","Coolhouse",0,0,NA,NA,NA,NA,NA,NA,NA,"Skipped: n < 2",NA
"per_cell_balanced_resampling_OLS","median_resampled_slope","occurrence10_k2_tropical_temperate_polar","Southern","Coldhouse","Transitional",0,0,NA,NA,NA,NA,NA,NA,NA,"Skipped: n < 2",NA
"per_cell_balanced_resampling_OLS","median_resampled_slope","occurrence10_k2_tropical_temperate_polar","Southern","Coldhouse","Warmhouse",0,0,NA,NA,NA,NA,NA,NA,NA,"Skipped: n < 2",NA
"per_cell_balanced_resampling_OLS","median_resampled_slope","occurrence10_k2_tropical_temperate_polar","Southern","Coldhouse","Hothouse",0,0,NA,NA,NA,NA,NA,NA,NA,"Skipped: n < 2",NA
"per_cell_balanced_resampling_OLS","median_resampled_slope","occurrence10_k2_tropical_temperate_polar","Southern","Coolhouse","Transitional",0,0,NA,NA,NA,NA,NA,NA,NA,"Skipped: n < 2",NA
"per_cell_balanced_resampling_OLS","median_resampled_slope","occurrence10_k2_tropical_temperate_polar","Southern","Coolhouse","Warmhouse",0,0,NA,NA,NA,NA,NA,NA,NA,"Skipped: n < 2",NA
"per_cell_balanced_resampling_OLS","median_resampled_slope","occurrence10_k2_tropical_temperate_polar","Southern","Coolhouse","Hothouse",0,0,NA,NA,NA,NA,NA,NA,NA,"Skipped: n < 2",NA
"per_cell_balanced_resampling_OLS","median_resampled_slope","occurrence10_k2_tropical_temperate_polar","Southern","Transitional","Warmhouse",0,0,NA,NA,NA,NA,NA,NA,NA,"Skipped: n < 2",NA
"per_cell_balanced_resampling_OLS","median_resampled_slope","occurrence10_k2_tropical_temperate_polar","Southern","Transitional","Hothouse",0,0,NA,NA,NA,NA,NA,NA,NA,"Skipped: n < 2",NA
"per_cell_balanced_resampling_OLS","median_resampled_slope","occurrence10_k2_tropical_temperate_polar","Southern","Warmhouse","Hothouse",0,0,NA,NA,NA,NA,NA,NA,NA,"Skipped: n < 2",NA
"per_cell_balanced_resampling_OLS","median_resampled_slope","occurrence10_k3_tropical_temperate","Northern","Coldhouse","Coolhouse",0,0,NA,NA,NA,NA,NA,NA,NA,"Skipped: n < 2",NA
"per_cell_balanced_resampling_OLS","median_resampled_slope","occurrence10_k3_tropical_temperate","Northern","Coldhouse","Transitional",0,0,NA,NA,NA,NA,NA,NA,NA,"Skipped: n < 2",NA
"per_cell_balanced_resampling_OLS","median_resampled_slope","occurrence10_k3_tropical_temperate","Northern","Coldhouse","Warmhouse",0,0,NA,NA,NA,NA,NA,NA,NA,"Skipped: n < 2",NA
"per_cell_balanced_resampling_OLS","median_resampled_slope","occurrence10_k3_tropical_temperate","Northern","Coldhouse","Hothouse",0,0,NA,NA,NA,NA,NA,NA,NA,"Skipped: n < 2",NA
"per_cell_balanced_resampling_OLS","median_resampled_slope","occurrence10_k3_tropical_temperate","Northern","Coolhouse","Transitional",0,0,NA,NA,NA,NA,NA,NA,NA,"Skipped: n < 2",NA
"per_cell_balanced_resampling_OLS","median_resampled_slope","occurrence10_k3_tropical_temperate","Northern","Coolhouse","Warmhouse",0,0,NA,NA,NA,NA,NA,NA,NA,"Skipped: n < 2",NA
"per_cell_balanced_resampling_OLS","median_resampled_slope","occurrence10_k3_tropical_temperate","Northern","Coolhouse","Hothouse",0,0,NA,NA,NA,NA,NA,NA,NA,"Skipped: n < 2",NA
"per_cell_balanced_resampling_OLS","median_resampled_slope","occurrence10_k3_tropical_temperate","Northern","Transitional","Warmhouse",0,0,NA,NA,NA,NA,NA,NA,NA,"Skipped: n < 2",NA
"per_cell_balanced_resampling_OLS","median_resampled_slope","occurrence10_k3_tropical_temperate","Northern","Transitional","Hothouse",0,0,NA,NA,NA,NA,NA,NA,NA,"Skipped: n < 2",NA
"per_cell_balanced_resampling_OLS","median_resampled_slope","occurrence10_k3_tropical_temperate","Northern","Warmhouse","Hothouse",0,0,NA,NA,NA,NA,NA,NA,NA,"Skipped: n < 2",NA
"per_cell_balanced_resampling_OLS","median_resampled_slope","occurrence10_k3_tropical_temperate","Southern","Coldhouse","Coolhouse",0,0,NA,NA,NA,NA,NA,NA,NA,"Skipped: n < 2",NA
"per_cell_balanced_resampling_OLS","median_resampled_slope","occurrence10_k3_tropical_temperate","Southern","Coldhouse","Transitional",0,0,NA,NA,NA,NA,NA,NA,NA,"Skipped: n < 2",NA
"per_cell_balanced_resampling_OLS","median_resampled_slope","occurrence10_k3_tropical_temperate","Southern","Coldhouse","Warmhouse",0,0,NA,NA,NA,NA,NA,NA,NA,"Skipped: n < 2",NA
"per_cell_balanced_resampling_OLS","median_resampled_slope","occurrence10_k3_tropical_temperate","Southern","Coldhouse","Hothouse",0,0,NA,NA,NA,NA,NA,NA,NA,"Skipped: n < 2",NA
"per_cell_balanced_resampling_OLS","median_resampled_slope","occurrence10_k3_tropical_temperate","Southern","Coolhouse","Transitional",0,0,NA,NA,NA,NA,NA,NA,NA,"Skipped: n < 2",NA
"per_cell_balanced_resampling_OLS","median_resampled_slope","occurrence10_k3_tropical_temperate","Southern","Coolhouse","Warmhouse",0,0,NA,NA,NA,NA,NA,NA,NA,"Skipped: n < 2",NA
"per_cell_balanced_resampling_OLS","median_resampled_slope","occurrence10_k3_tropical_temperate","Southern","Coolhouse","Hothouse",0,0,NA,NA,NA,NA,NA,NA,NA,"Skipped: n < 2",NA
"per_cell_balanced_resampling_OLS","median_resampled_slope","occurrence10_k3_tropical_temperate","Southern","Transitional","Warmhouse",0,0,NA,NA,NA,NA,NA,NA,NA,"Skipped: n < 2",NA
"per_cell_balanced_resampling_OLS","median_resampled_slope","occurrence10_k3_tropical_temperate","Southern","Transitional","Hothouse",0,0,NA,NA,NA,NA,NA,NA,NA,"Skipped: n < 2",NA
"per_cell_balanced_resampling_OLS","median_resampled_slope","occurrence10_k3_tropical_temperate","Southern","Warmhouse","Hothouse",0,0,NA,NA,NA,NA,NA,NA,NA,"Skipped: n < 2",NA
"per_cell_balanced_resampling_OLS","median_resampled_slope","occurrence10_k3_tropical_temperate_polar","Northern","Coldhouse","Coolhouse",0,0,NA,NA,NA,NA,NA,NA,NA,"Skipped: n < 2",NA
"per_cell_balanced_resampling_OLS","median_resampled_slope","occurrence10_k3_tropical_temperate_polar","Northern","Coldhouse","Transitional",0,0,NA,NA,NA,NA,NA,NA,NA,"Skipped: n < 2",NA
"per_cell_balanced_resampling_OLS","median_resampled_slope","occurrence10_k3_tropical_temperate_polar","Northern","Coldhouse","Warmhouse",0,0,NA,NA,NA,NA,NA,NA,NA,"Skipped: n < 2",NA
"per_cell_balanced_resampling_OLS","median_resampled_slope","occurrence10_k3_tropical_temperate_polar","Northern","Coldhouse","Hothouse",0,0,NA,NA,NA,NA,NA,NA,NA,"Skipped: n < 2",NA
"per_cell_balanced_resampling_OLS","median_resampled_slope","occurrence10_k3_tropical_temperate_polar","Northern","Coolhouse","Transitional",0,0,NA,NA,NA,NA,NA,NA,NA,"Skipped: n < 2",NA
"per_cell_balanced_resampling_OLS","median_resampled_slope","occurrence10_k3_tropical_temperate_polar","Northern","Coolhouse","Warmhouse",0,0,NA,NA,NA,NA,NA,NA,NA,"Skipped: n < 2",NA
"per_cell_balanced_resampling_OLS","median_resampled_slope","occurrence10_k3_tropical_temperate_polar","Northern","Coolhouse","Hothouse",0,0,NA,NA,NA,NA,NA,NA,NA,"Skipped: n < 2",NA
"per_cell_balanced_resampling_OLS","median_resampled_slope","occurrence10_k3_tropical_temperate_polar","Northern","Transitional","Warmhouse",0,0,NA,NA,NA,NA,NA,NA,NA,"Skipped: n < 2",NA
"per_cell_balanced_resampling_OLS","median_resampled_slope","occurrence10_k3_tropical_temperate_polar","Northern","Transitional","Hothouse",0,0,NA,NA,NA,NA,NA,NA,NA,"Skipped: n < 2",NA
"per_cell_balanced_resampling_OLS","median_resampled_slope","occurrence10_k3_tropical_temperate_polar","Northern","Warmhouse","Hothouse",0,0,NA,NA,NA,NA,NA,NA,NA,"Skipped: n < 2",NA
"per_cell_balanced_resampling_OLS","median_resampled_slope","occurrence10_k3_tropical_temperate_polar","Southern","Coldhouse","Coolhouse",0,0,NA,NA,NA,NA,NA,NA,NA,"Skipped: n < 2",NA
"per_cell_balanced_resampling_OLS","median_resampled_slope","occurrence10_k3_tropical_temperate_polar","Southern","Coldhouse","Transitional",0,0,NA,NA,NA,NA,NA,NA,NA,"Skipped: n < 2",NA
"per_cell_balanced_resampling_OLS","median_resampled_slope","occurrence10_k3_tropical_temperate_polar","Southern","Coldhouse","Warmhouse",0,0,NA,NA,NA,NA,NA,NA,NA,"Skipped: n < 2",NA
"per_cell_balanced_resampling_OLS","median_resampled_slope","occurrence10_k3_tropical_temperate_polar","Southern","Coldhouse","Hothouse",0,0,NA,NA,NA,NA,NA,NA,NA,"Skipped: n < 2",NA
"per_cell_balanced_resampling_OLS","median_resampled_slope","occurrence10_k3_tropical_temperate_polar","Southern","Coolhouse","Transitional",0,0,NA,NA,NA,NA,NA,NA,NA,"Skipped: n < 2",NA
"per_cell_balanced_resampling_OLS","median_resampled_slope","occurrence10_k3_tropical_temperate_polar","Southern","Coolhouse","Warmhouse",0,0,NA,NA,NA,NA,NA,NA,NA,"Skipped: n < 2",NA
"per_cell_balanced_resampling_OLS","median_resampled_slope","occurrence10_k3_tropical_temperate_polar","Southern","Coolhouse","Hothouse",0,0,NA,NA,NA,NA,NA,NA,NA,"Skipped: n < 2",NA
"per_cell_balanced_resampling_OLS","median_resampled_slope","occurrence10_k3_tropical_temperate_polar","Southern","Transitional","Warmhouse",0,0,NA,NA,NA,NA,NA,NA,NA,"Skipped: n < 2",NA
"per_cell_balanced_resampling_OLS","median_resampled_slope","occurrence10_k3_tropical_temperate_polar","Southern","Transitional","Hothouse",0,0,NA,NA,NA,NA,NA,NA,NA,"Skipped: n < 2",NA
"per_cell_balanced_resampling_OLS","median_resampled_slope","occurrence10_k3_tropical_temperate_polar","Southern","Warmhouse","Hothouse",0,0,NA,NA,NA,NA,NA,NA,NA,"Skipped: n < 2",NA
"per_cell_balanced_resampling_OLS","median_resampled_slope","collection5_k1_tropical_temperate","Northern","Coldhouse","Coolhouse",0,0,NA,NA,NA,NA,NA,NA,NA,"Skipped: n < 2",NA
"per_cell_balanced_resampling_OLS","median_resampled_slope","collection5_k1_tropical_temperate","Northern","Coldhouse","Transitional",0,0,NA,NA,NA,NA,NA,NA,NA,"Skipped: n < 2",NA
"per_cell_balanced_resampling_OLS","median_resampled_slope","collection5_k1_tropical_temperate","Northern","Coldhouse","Warmhouse",0,0,NA,NA,NA,NA,NA,NA,NA,"Skipped: n < 2",NA
"per_cell_balanced_resampling_OLS","median_resampled_slope","collection5_k1_tropical_temperate","Northern","Coldhouse","Hothouse",0,0,NA,NA,NA,NA,NA,NA,NA,"Skipped: n < 2",NA
"per_cell_balanced_resampling_OLS","median_resampled_slope","collection5_k1_tropical_temperate","Northern","Coolhouse","Transitional",0,0,NA,NA,NA,NA,NA,NA,NA,"Skipped: n < 2",NA
"per_cell_balanced_resampling_OLS","median_resampled_slope","collection5_k1_tropical_temperate","Northern","Coolhouse","Warmhouse",0,0,NA,NA,NA,NA,NA,NA,NA,"Skipped: n < 2",NA
"per_cell_balanced_resampling_OLS","median_resampled_slope","collection5_k1_tropical_temperate","Northern","Coolhouse","Hothouse",0,0,NA,NA,NA,NA,NA,NA,NA,"Skipped: n < 2",NA
"per_cell_balanced_resampling_OLS","median_resampled_slope","collection5_k1_tropical_temperate","Northern","Transitional","Warmhouse",0,0,NA,NA,NA,NA,NA,NA,NA,"Skipped: n < 2",NA
"per_cell_balanced_resampling_OLS","median_resampled_slope","collection5_k1_tropical_temperate","Northern","Transitional","Hothouse",0,0,NA,NA,NA,NA,NA,NA,NA,"Skipped: n < 2",NA
"per_cell_balanced_resampling_OLS","median_resampled_slope","collection5_k1_tropical_temperate","Northern","Warmhouse","Hothouse",0,0,NA,NA,NA,NA,NA,NA,NA,"Skipped: n < 2",NA
"per_cell_balanced_resampling_OLS","median_resampled_slope","collection5_k1_tropical_temperate","Southern","Coldhouse","Coolhouse",0,0,NA,NA,NA,NA,NA,NA,NA,"Skipped: n < 2",NA
"per_cell_balanced_resampling_OLS","median_resampled_slope","collection5_k1_tropical_temperate","Southern","Coldhouse","Transitional",0,0,NA,NA,NA,NA,NA,NA,NA,"Skipped: n < 2",NA
"per_cell_balanced_resampling_OLS","median_resampled_slope","collection5_k1_tropical_temperate","Southern","Coldhouse","Warmhouse",0,0,NA,NA,NA,NA,NA,NA,NA,"Skipped: n < 2",NA
"per_cell_balanced_resampling_OLS","median_resampled_slope","collection5_k1_tropical_temperate","Southern","Coldhouse","Hothouse",0,0,NA,NA,NA,NA,NA,NA,NA,"Skipped: n < 2",NA
"per_cell_balanced_resampling_OLS","median_resampled_slope","collection5_k1_tropical_temperate","Southern","Coolhouse","Transitional",0,0,NA,NA,NA,NA,NA,NA,NA,"Skipped: n < 2",NA
"per_cell_balanced_resampling_OLS","median_resampled_slope","collection5_k1_tropical_temperate","Southern","Coolhouse","Warmhouse",0,0,NA,NA,NA,NA,NA,NA,NA,"Skipped: n < 2",NA
"per_cell_balanced_resampling_OLS","median_resampled_slope","collection5_k1_tropical_temperate","Southern","Coolhouse","Hothouse",0,0,NA,NA,NA,NA,NA,NA,NA,"Skipped: n < 2",NA
"per_cell_balanced_resampling_OLS","median_resampled_slope","collection5_k1_tropical_temperate","Southern","Transitional","Warmhouse",0,0,NA,NA,NA,NA,NA,NA,NA,"Skipped: n < 2",NA
"per_cell_balanced_resampling_OLS","median_resampled_slope","collection5_k1_tropical_temperate","Southern","Transitional","Hothouse",0,0,NA,NA,NA,NA,NA,NA,NA,"Skipped: n < 2",NA
"per_cell_balanced_resampling_OLS","median_resampled_slope","collection5_k1_tropical_temperate","Southern","Warmhouse","Hothouse",0,0,NA,NA,NA,NA,NA,NA,NA,"Skipped: n < 2",NA
"per_cell_balanced_resampling_OLS","median_resampled_slope","collection5_k1_tropical_temperate_polar","Northern","Coldhouse","Coolhouse",0,0,NA,NA,NA,NA,NA,NA,NA,"Skipped: n < 2",NA
"per_cell_balanced_resampling_OLS","median_resampled_slope","collection5_k1_tropical_temperate_polar","Northern","Coldhouse","Transitional",0,0,NA,NA,NA,NA,NA,NA,NA,"Skipped: n < 2",NA
"per_cell_balanced_resampling_OLS","median_resampled_slope","collection5_k1_tropical_temperate_polar","Northern","Coldhouse","Warmhouse",0,0,NA,NA,NA,NA,NA,NA,NA,"Skipped: n < 2",NA
"per_cell_balanced_resampling_OLS","median_resampled_slope","collection5_k1_tropical_temperate_polar","Northern","Coldhouse","Hothouse",0,0,NA,NA,NA,NA,NA,NA,NA,"Skipped: n < 2",NA
"per_cell_balanced_resampling_OLS","median_resampled_slope","collection5_k1_tropical_temperate_polar","Northern","Coolhouse","Transitional",0,0,NA,NA,NA,NA,NA,NA,NA,"Skipped: n < 2",NA
"per_cell_balanced_resampling_OLS","median_resampled_slope","collection5_k1_tropical_temperate_polar","Northern","Coolhouse","Warmhouse",0,0,NA,NA,NA,NA,NA,NA,NA,"Skipped: n < 2",NA
"per_cell_balanced_resampling_OLS","median_resampled_slope","collection5_k1_tropical_temperate_polar","Northern","Coolhouse","Hothouse",0,0,NA,NA,NA,NA,NA,NA,NA,"Skipped: n < 2",NA
"per_cell_balanced_resampling_OLS","median_resampled_slope","collection5_k1_tropical_temperate_polar","Northern","Transitional","Warmhouse",0,0,NA,NA,NA,NA,NA,NA,NA,"Skipped: n < 2",NA
"per_cell_balanced_resampling_OLS","median_resampled_slope","collection5_k1_tropical_temperate_polar","Northern","Transitional","Hothouse",0,0,NA,NA,NA,NA,NA,NA,NA,"Skipped: n < 2",NA
"per_cell_balanced_resampling_OLS","median_resampled_slope","collection5_k1_tropical_temperate_polar","Northern","Warmhouse","Hothouse",0,0,NA,NA,NA,NA,NA,NA,NA,"Skipped: n < 2",NA
"per_cell_balanced_resampling_OLS","median_resampled_slope","collection5_k1_tropical_temperate_polar","Southern","Coldhouse","Coolhouse",0,0,NA,NA,NA,NA,NA,NA,NA,"Skipped: n < 2",NA
"per_cell_balanced_resampling_OLS","median_resampled_slope","collection5_k1_tropical_temperate_polar","Southern","Coldhouse","Transitional",0,0,NA,NA,NA,NA,NA,NA,NA,"Skipped: n < 2",NA
"per_cell_balanced_resampling_OLS","median_resampled_slope","collection5_k1_tropical_temperate_polar","Southern","Coldhouse","Warmhouse",0,0,NA,NA,NA,NA,NA,NA,NA,"Skipped: n < 2",NA
"per_cell_balanced_resampling_OLS","median_resampled_slope","collection5_k1_tropical_temperate_polar","Southern","Coldhouse","Hothouse",0,0,NA,NA,NA,NA,NA,NA,NA,"Skipped: n < 2",NA
"per_cell_balanced_resampling_OLS","median_resampled_slope","collection5_k1_tropical_temperate_polar","Southern","Coolhouse","Transitional",0,0,NA,NA,NA,NA,NA,NA,NA,"Skipped: n < 2",NA
"per_cell_balanced_resampling_OLS","median_resampled_slope","collection5_k1_tropical_temperate_polar","Southern","Coolhouse","Warmhouse",0,0,NA,NA,NA,NA,NA,NA,NA,"Skipped: n < 2",NA
"per_cell_balanced_resampling_OLS","median_resampled_slope","collection5_k1_tropical_temperate_polar","Southern","Coolhouse","Hothouse",0,0,NA,NA,NA,NA,NA,NA,NA,"Skipped: n < 2",NA
"per_cell_balanced_resampling_OLS","median_resampled_slope","collection5_k1_tropical_temperate_polar","Southern","Transitional","Warmhouse",0,0,NA,NA,NA,NA,NA,NA,NA,"Skipped: n < 2",NA
"per_cell_balanced_resampling_OLS","median_resampled_slope","collection5_k1_tropical_temperate_polar","Southern","Transitional","Hothouse",0,0,NA,NA,NA,NA,NA,NA,NA,"Skipped: n < 2",NA
"per_cell_balanced_resampling_OLS","median_resampled_slope","collection5_k1_tropical_temperate_polar","Southern","Warmhouse","Hothouse",0,0,NA,NA,NA,NA,NA,NA,NA,"Skipped: n < 2",NA
"per_cell_balanced_resampling_OLS","median_resampled_slope","collection5_k2_tropical_temperate","Northern","Coldhouse","Coolhouse",0,0,NA,NA,NA,NA,NA,NA,NA,"Skipped: n < 2",NA
"per_cell_balanced_resampling_OLS","median_resampled_slope","collection5_k2_tropical_temperate","Northern","Coldhouse","Transitional",0,0,NA,NA,NA,NA,NA,NA,NA,"Skipped: n < 2",NA
"per_cell_balanced_resampling_OLS","median_resampled_slope","collection5_k2_tropical_temperate","Northern","Coldhouse","Warmhouse",0,0,NA,NA,NA,NA,NA,NA,NA,"Skipped: n < 2",NA
"per_cell_balanced_resampling_OLS","median_resampled_slope","collection5_k2_tropical_temperate","Northern","Coldhouse","Hothouse",0,0,NA,NA,NA,NA,NA,NA,NA,"Skipped: n < 2",NA
"per_cell_balanced_resampling_OLS","median_resampled_slope","collection5_k2_tropical_temperate","Northern","Coolhouse","Transitional",0,0,NA,NA,NA,NA,NA,NA,NA,"Skipped: n < 2",NA
"per_cell_balanced_resampling_OLS","median_resampled_slope","collection5_k2_tropical_temperate","Northern","Coolhouse","Warmhouse",0,0,NA,NA,NA,NA,NA,NA,NA,"Skipped: n < 2",NA
"per_cell_balanced_resampling_OLS","median_resampled_slope","collection5_k2_tropical_temperate","Northern","Coolhouse","Hothouse",0,0,NA,NA,NA,NA,NA,NA,NA,"Skipped: n < 2",NA
"per_cell_balanced_resampling_OLS","median_resampled_slope","collection5_k2_tropical_temperate","Northern","Transitional","Warmhouse",0,0,NA,NA,NA,NA,NA,NA,NA,"Skipped: n < 2",NA
"per_cell_balanced_resampling_OLS","median_resampled_slope","collection5_k2_tropical_temperate","Northern","Transitional","Hothouse",0,0,NA,NA,NA,NA,NA,NA,NA,"Skipped: n < 2",NA
"per_cell_balanced_resampling_OLS","median_resampled_slope","collection5_k2_tropical_temperate","Northern","Warmhouse","Hothouse",0,0,NA,NA,NA,NA,NA,NA,NA,"Skipped: n < 2",NA
"per_cell_balanced_resampling_OLS","median_resampled_slope","collection5_k2_tropical_temperate","Southern","Coldhouse","Coolhouse",0,0,NA,NA,NA,NA,NA,NA,NA,"Skipped: n < 2",NA
"per_cell_balanced_resampling_OLS","median_resampled_slope","collection5_k2_tropical_temperate","Southern","Coldhouse","Transitional",0,0,NA,NA,NA,NA,NA,NA,NA,"Skipped: n < 2",NA
"per_cell_balanced_resampling_OLS","median_resampled_slope","collection5_k2_tropical_temperate","Southern","Coldhouse","Warmhouse",0,0,NA,NA,NA,NA,NA,NA,NA,"Skipped: n < 2",NA
"per_cell_balanced_resampling_OLS","median_resampled_slope","collection5_k2_tropical_temperate","Southern","Coldhouse","Hothouse",0,0,NA,NA,NA,NA,NA,NA,NA,"Skipped: n < 2",NA
"per_cell_balanced_resampling_OLS","median_resampled_slope","collection5_k2_tropical_temperate","Southern","Coolhouse","Transitional",0,0,NA,NA,NA,NA,NA,NA,NA,"Skipped: n < 2",NA
"per_cell_balanced_resampling_OLS","median_resampled_slope","collection5_k2_tropical_temperate","Southern","Coolhouse","Warmhouse",0,0,NA,NA,NA,NA,NA,NA,NA,"Skipped: n < 2",NA
"per_cell_balanced_resampling_OLS","median_resampled_slope","collection5_k2_tropical_temperate","Southern","Coolhouse","Hothouse",0,0,NA,NA,NA,NA,NA,NA,NA,"Skipped: n < 2",NA
"per_cell_balanced_resampling_OLS","median_resampled_slope","collection5_k2_tropical_temperate","Southern","Transitional","Warmhouse",0,0,NA,NA,NA,NA,NA,NA,NA,"Skipped: n < 2",NA
"per_cell_balanced_resampling_OLS","median_resampled_slope","collection5_k2_tropical_temperate","Southern","Transitional","Hothouse",0,0,NA,NA,NA,NA,NA,NA,NA,"Skipped: n < 2",NA
"per_cell_balanced_resampling_OLS","median_resampled_slope","collection5_k2_tropical_temperate","Southern","Warmhouse","Hothouse",0,0,NA,NA,NA,NA,NA,NA,NA,"Skipped: n < 2",NA
"per_cell_balanced_resampling_OLS","median_resampled_slope","collection5_k2_tropical_temperate_polar","Northern","Coldhouse","Coolhouse",0,0,NA,NA,NA,NA,NA,NA,NA,"Skipped: n < 2",NA
"per_cell_balanced_resampling_OLS","median_resampled_slope","collection5_k2_tropical_temperate_polar","Northern","Coldhouse","Transitional",0,0,NA,NA,NA,NA,NA,NA,NA,"Skipped: n < 2",NA
"per_cell_balanced_resampling_OLS","median_resampled_slope","collection5_k2_tropical_temperate_polar","Northern","Coldhouse","Warmhouse",0,0,NA,NA,NA,NA,NA,NA,NA,"Skipped: n < 2",NA
"per_cell_balanced_resampling_OLS","median_resampled_slope","collection5_k2_tropical_temperate_polar","Northern","Coldhouse","Hothouse",0,0,NA,NA,NA,NA,NA,NA,NA,"Skipped: n < 2",NA
"per_cell_balanced_resampling_OLS","median_resampled_slope","collection5_k2_tropical_temperate_polar","Northern","Coolhouse","Transitional",0,0,NA,NA,NA,NA,NA,NA,NA,"Skipped: n < 2",NA
"per_cell_balanced_resampling_OLS","median_resampled_slope","collection5_k2_tropical_temperate_polar","Northern","Coolhouse","Warmhouse",0,0,NA,NA,NA,NA,NA,NA,NA,"Skipped: n < 2",NA
"per_cell_balanced_resampling_OLS","median_resampled_slope","collection5_k2_tropical_temperate_polar","Northern","Coolhouse","Hothouse",0,0,NA,NA,NA,NA,NA,NA,NA,"Skipped: n < 2",NA
"per_cell_balanced_resampling_OLS","median_resampled_slope","collection5_k2_tropical_temperate_polar","Northern","Transitional","Warmhouse",0,0,NA,NA,NA,NA,NA,NA,NA,"Skipped: n < 2",NA
"per_cell_balanced_resampling_OLS","median_resampled_slope","collection5_k2_tropical_temperate_polar","Northern","Transitional","Hothouse",0,0,NA,NA,NA,NA,NA,NA,NA,"Skipped: n < 2",NA
"per_cell_balanced_resampling_OLS","median_resampled_slope","collection5_k2_tropical_temperate_polar","Northern","Warmhouse","Hothouse",0,0,NA,NA,NA,NA,NA,NA,NA,"Skipped: n < 2",NA
"per_cell_balanced_resampling_OLS","median_resampled_slope","collection5_k2_tropical_temperate_polar","Southern","Coldhouse","Coolhouse",0,0,NA,NA,NA,NA,NA,NA,NA,"Skipped: n < 2",NA
"per_cell_balanced_resampling_OLS","median_resampled_slope","collection5_k2_tropical_temperate_polar","Southern","Coldhouse","Transitional",0,0,NA,NA,NA,NA,NA,NA,NA,"Skipped: n < 2",NA
"per_cell_balanced_resampling_OLS","median_resampled_slope","collection5_k2_tropical_temperate_polar","Southern","Coldhouse","Warmhouse",0,0,NA,NA,NA,NA,NA,NA,NA,"Skipped: n < 2",NA
"per_cell_balanced_resampling_OLS","median_resampled_slope","collection5_k2_tropical_temperate_polar","Southern","Coldhouse","Hothouse",0,0,NA,NA,NA,NA,NA,NA,NA,"Skipped: n < 2",NA
"per_cell_balanced_resampling_OLS","median_resampled_slope","collection5_k2_tropical_temperate_polar","Southern","Coolhouse","Transitional",0,0,NA,NA,NA,NA,NA,NA,NA,"Skipped: n < 2",NA
"per_cell_balanced_resampling_OLS","median_resampled_slope","collection5_k2_tropical_temperate_polar","Southern","Coolhouse","Warmhouse",0,0,NA,NA,NA,NA,NA,NA,NA,"Skipped: n < 2",NA
"per_cell_balanced_resampling_OLS","median_resampled_slope","collection5_k2_tropical_temperate_polar","Southern","Coolhouse","Hothouse",0,0,NA,NA,NA,NA,NA,NA,NA,"Skipped: n < 2",NA
"per_cell_balanced_resampling_OLS","median_resampled_slope","collection5_k2_tropical_temperate_polar","Southern","Transitional","Warmhouse",0,0,NA,NA,NA,NA,NA,NA,NA,"Skipped: n < 2",NA
"per_cell_balanced_resampling_OLS","median_resampled_slope","collection5_k2_tropical_temperate_polar","Southern","Transitional","Hothouse",0,0,NA,NA,NA,NA,NA,NA,NA,"Skipped: n < 2",NA
"per_cell_balanced_resampling_OLS","median_resampled_slope","collection5_k2_tropical_temperate_polar","Southern","Warmhouse","Hothouse",0,0,NA,NA,NA,NA,NA,NA,NA,"Skipped: n < 2",NA
"per_cell_balanced_resampling_OLS","median_resampled_slope","collection5_k3_tropical_temperate","Northern","Coldhouse","Coolhouse",0,0,NA,NA,NA,NA,NA,NA,NA,"Skipped: n < 2",NA
"per_cell_balanced_resampling_OLS","median_resampled_slope","collection5_k3_tropical_temperate","Northern","Coldhouse","Transitional",0,0,NA,NA,NA,NA,NA,NA,NA,"Skipped: n < 2",NA
"per_cell_balanced_resampling_OLS","median_resampled_slope","collection5_k3_tropical_temperate","Northern","Coldhouse","Warmhouse",0,0,NA,NA,NA,NA,NA,NA,NA,"Skipped: n < 2",NA
"per_cell_balanced_resampling_OLS","median_resampled_slope","collection5_k3_tropical_temperate","Northern","Coldhouse","Hothouse",0,0,NA,NA,NA,NA,NA,NA,NA,"Skipped: n < 2",NA
"per_cell_balanced_resampling_OLS","median_resampled_slope","collection5_k3_tropical_temperate","Northern","Coolhouse","Transitional",0,0,NA,NA,NA,NA,NA,NA,NA,"Skipped: n < 2",NA
"per_cell_balanced_resampling_OLS","median_resampled_slope","collection5_k3_tropical_temperate","Northern","Coolhouse","Warmhouse",0,0,NA,NA,NA,NA,NA,NA,NA,"Skipped: n < 2",NA
"per_cell_balanced_resampling_OLS","median_resampled_slope","collection5_k3_tropical_temperate","Northern","Coolhouse","Hothouse",0,0,NA,NA,NA,NA,NA,NA,NA,"Skipped: n < 2",NA
"per_cell_balanced_resampling_OLS","median_resampled_slope","collection5_k3_tropical_temperate","Northern","Transitional","Warmhouse",0,0,NA,NA,NA,NA,NA,NA,NA,"Skipped: n < 2",NA
"per_cell_balanced_resampling_OLS","median_resampled_slope","collection5_k3_tropical_temperate","Northern","Transitional","Hothouse",0,0,NA,NA,NA,NA,NA,NA,NA,"Skipped: n < 2",NA
"per_cell_balanced_resampling_OLS","median_resampled_slope","collection5_k3_tropical_temperate","Northern","Warmhouse","Hothouse",0,0,NA,NA,NA,NA,NA,NA,NA,"Skipped: n < 2",NA
"per_cell_balanced_resampling_OLS","median_resampled_slope","collection5_k3_tropical_temperate","Southern","Coldhouse","Coolhouse",0,0,NA,NA,NA,NA,NA,NA,NA,"Skipped: n < 2",NA
"per_cell_balanced_resampling_OLS","median_resampled_slope","collection5_k3_tropical_temperate","Southern","Coldhouse","Transitional",0,0,NA,NA,NA,NA,NA,NA,NA,"Skipped: n < 2",NA
"per_cell_balanced_resampling_OLS","median_resampled_slope","collection5_k3_tropical_temperate","Southern","Coldhouse","Warmhouse",0,0,NA,NA,NA,NA,NA,NA,NA,"Skipped: n < 2",NA
"per_cell_balanced_resampling_OLS","median_resampled_slope","collection5_k3_tropical_temperate","Southern","Coldhouse","Hothouse",0,0,NA,NA,NA,NA,NA,NA,NA,"Skipped: n < 2",NA
"per_cell_balanced_resampling_OLS","median_resampled_slope","collection5_k3_tropical_temperate","Southern","Coolhouse","Transitional",0,0,NA,NA,NA,NA,NA,NA,NA,"Skipped: n < 2",NA
"per_cell_balanced_resampling_OLS","median_resampled_slope","collection5_k3_tropical_temperate","Southern","Coolhouse","Warmhouse",0,0,NA,NA,NA,NA,NA,NA,NA,"Skipped: n < 2",NA
"per_cell_balanced_resampling_OLS","median_resampled_slope","collection5_k3_tropical_temperate","Southern","Coolhouse","Hothouse",0,0,NA,NA,NA,NA,NA,NA,NA,"Skipped: n < 2",NA
"per_cell_balanced_resampling_OLS","median_resampled_slope","collection5_k3_tropical_temperate","Southern","Transitional","Warmhouse",0,0,NA,NA,NA,NA,NA,NA,NA,"Skipped: n < 2",NA
"per_cell_balanced_resampling_OLS","median_resampled_slope","collection5_k3_tropical_temperate","Southern","Transitional","Hothouse",0,0,NA,NA,NA,NA,NA,NA,NA,"Skipped: n < 2",NA
"per_cell_balanced_resampling_OLS","median_resampled_slope","collection5_k3_tropical_temperate","Southern","Warmhouse","Hothouse",0,0,NA,NA,NA,NA,NA,NA,NA,"Skipped: n < 2",NA
"per_cell_balanced_resampling_OLS","median_resampled_slope","collection5_k3_tropical_temperate_polar","Northern","Coldhouse","Coolhouse",0,0,NA,NA,NA,NA,NA,NA,NA,"Skipped: n < 2",NA
"per_cell_balanced_resampling_OLS","median_resampled_slope","collection5_k3_tropical_temperate_polar","Northern","Coldhouse","Transitional",0,0,NA,NA,NA,NA,NA,NA,NA,"Skipped: n < 2",NA
"per_cell_balanced_resampling_OLS","median_resampled_slope","collection5_k3_tropical_temperate_polar","Northern","Coldhouse","Warmhouse",0,0,NA,NA,NA,NA,NA,NA,NA,"Skipped: n < 2",NA
"per_cell_balanced_resampling_OLS","median_resampled_slope","collection5_k3_tropical_temperate_polar","Northern","Coldhouse","Hothouse",0,0,NA,NA,NA,NA,NA,NA,NA,"Skipped: n < 2",NA
"per_cell_balanced_resampling_OLS","median_resampled_slope","collection5_k3_tropical_temperate_polar","Northern","Coolhouse","Transitional",0,0,NA,NA,NA,NA,NA,NA,NA,"Skipped: n < 2",NA
"per_cell_balanced_resampling_OLS","median_resampled_slope","collection5_k3_tropical_temperate_polar","Northern","Coolhouse","Warmhouse",0,0,NA,NA,NA,NA,NA,NA,NA,"Skipped: n < 2",NA
"per_cell_balanced_resampling_OLS","median_resampled_slope","collection5_k3_tropical_temperate_polar","Northern","Coolhouse","Hothouse",0,0,NA,NA,NA,NA,NA,NA,NA,"Skipped: n < 2",NA
"per_cell_balanced_resampling_OLS","median_resampled_slope","collection5_k3_tropical_temperate_polar","Northern","Transitional","Warmhouse",0,0,NA,NA,NA,NA,NA,NA,NA,"Skipped: n < 2",NA
"per_cell_balanced_resampling_OLS","median_resampled_slope","collection5_k3_tropical_temperate_polar","Northern","Transitional","Hothouse",0,0,NA,NA,NA,NA,NA,NA,NA,"Skipped: n < 2",NA
"per_cell_balanced_resampling_OLS","median_resampled_slope","collection5_k3_tropical_temperate_polar","Northern","Warmhouse","Hothouse",0,0,NA,NA,NA,NA,NA,NA,NA,"Skipped: n < 2",NA
"per_cell_balanced_resampling_OLS","median_resampled_slope","collection5_k3_tropical_temperate_polar","Southern","Coldhouse","Coolhouse",0,0,NA,NA,NA,NA,NA,NA,NA,"Skipped: n < 2",NA
"per_cell_balanced_resampling_OLS","median_resampled_slope","collection5_k3_tropical_temperate_polar","Southern","Coldhouse","Transitional",0,0,NA,NA,NA,NA,NA,NA,NA,"Skipped: n < 2",NA
"per_cell_balanced_resampling_OLS","median_resampled_slope","collection5_k3_tropical_temperate_polar","Southern","Coldhouse","Warmhouse",0,0,NA,NA,NA,NA,NA,NA,NA,"Skipped: n < 2",NA
"per_cell_balanced_resampling_OLS","median_resampled_slope","collection5_k3_tropical_temperate_polar","Southern","Coldhouse","Hothouse",0,0,NA,NA,NA,NA,NA,NA,NA,"Skipped: n < 2",NA
"per_cell_balanced_resampling_OLS","median_resampled_slope","collection5_k3_tropical_temperate_polar","Southern","Coolhouse","Transitional",0,0,NA,NA,NA,NA,NA,NA,NA,"Skipped: n < 2",NA
"per_cell_balanced_resampling_OLS","median_resampled_slope","collection5_k3_tropical_temperate_polar","Southern","Coolhouse","Warmhouse",0,0,NA,NA,NA,NA,NA,NA,NA,"Skipped: n < 2",NA
"per_cell_balanced_resampling_OLS","median_resampled_slope","collection5_k3_tropical_temperate_polar","Southern","Coolhouse","Hothouse",0,0,NA,NA,NA,NA,NA,NA,NA,"Skipped: n < 2",NA
"per_cell_balanced_resampling_OLS","median_resampled_slope","collection5_k3_tropical_temperate_polar","Southern","Transitional","Warmhouse",0,0,NA,NA,NA,NA,NA,NA,NA,"Skipped: n < 2",NA
"per_cell_balanced_resampling_OLS","median_resampled_slope","collection5_k3_tropical_temperate_polar","Southern","Transitional","Hothouse",0,0,NA,NA,NA,NA,NA,NA,NA,"Skipped: n < 2",NA
"per_cell_balanced_resampling_OLS","median_resampled_slope","collection5_k3_tropical_temperate_polar","Southern","Warmhouse","Hothouse",0,0,NA,NA,NA,NA,NA,NA,NA,"Skipped: n < 2",NA
"per_cell_balanced_resampling_OLS","median_resampled_slope","collection10_k1_tropical_temperate","Northern","Coldhouse","Coolhouse",0,0,NA,NA,NA,NA,NA,NA,NA,"Skipped: n < 2",NA
"per_cell_balanced_resampling_OLS","median_resampled_slope","collection10_k1_tropical_temperate","Northern","Coldhouse","Transitional",0,0,NA,NA,NA,NA,NA,NA,NA,"Skipped: n < 2",NA
"per_cell_balanced_resampling_OLS","median_resampled_slope","collection10_k1_tropical_temperate","Northern","Coldhouse","Warmhouse",0,0,NA,NA,NA,NA,NA,NA,NA,"Skipped: n < 2",NA
"per_cell_balanced_resampling_OLS","median_resampled_slope","collection10_k1_tropical_temperate","Northern","Coldhouse","Hothouse",0,0,NA,NA,NA,NA,NA,NA,NA,"Skipped: n < 2",NA
"per_cell_balanced_resampling_OLS","median_resampled_slope","collection10_k1_tropical_temperate","Northern","Coolhouse","Transitional",0,0,NA,NA,NA,NA,NA,NA,NA,"Skipped: n < 2",NA
"per_cell_balanced_resampling_OLS","median_resampled_slope","collection10_k1_tropical_temperate","Northern","Coolhouse","Warmhouse",0,0,NA,NA,NA,NA,NA,NA,NA,"Skipped: n < 2",NA
"per_cell_balanced_resampling_OLS","median_resampled_slope","collection10_k1_tropical_temperate","Northern","Coolhouse","Hothouse",0,0,NA,NA,NA,NA,NA,NA,NA,"Skipped: n < 2",NA
"per_cell_balanced_resampling_OLS","median_resampled_slope","collection10_k1_tropical_temperate","Northern","Transitional","Warmhouse",0,0,NA,NA,NA,NA,NA,NA,NA,"Skipped: n < 2",NA
"per_cell_balanced_resampling_OLS","median_resampled_slope","collection10_k1_tropical_temperate","Northern","Transitional","Hothouse",0,0,NA,NA,NA,NA,NA,NA,NA,"Skipped: n < 2",NA
"per_cell_balanced_resampling_OLS","median_resampled_slope","collection10_k1_tropical_temperate","Northern","Warmhouse","Hothouse",0,0,NA,NA,NA,NA,NA,NA,NA,"Skipped: n < 2",NA
"per_cell_balanced_resampling_OLS","median_resampled_slope","collection10_k1_tropical_temperate","Southern","Coldhouse","Coolhouse",0,0,NA,NA,NA,NA,NA,NA,NA,"Skipped: n < 2",NA
"per_cell_balanced_resampling_OLS","median_resampled_slope","collection10_k1_tropical_temperate","Southern","Coldhouse","Transitional",0,0,NA,NA,NA,NA,NA,NA,NA,"Skipped: n < 2",NA
"per_cell_balanced_resampling_OLS","median_resampled_slope","collection10_k1_tropical_temperate","Southern","Coldhouse","Warmhouse",0,0,NA,NA,NA,NA,NA,NA,NA,"Skipped: n < 2",NA
"per_cell_balanced_resampling_OLS","median_resampled_slope","collection10_k1_tropical_temperate","Southern","Coldhouse","Hothouse",0,0,NA,NA,NA,NA,NA,NA,NA,"Skipped: n < 2",NA
"per_cell_balanced_resampling_OLS","median_resampled_slope","collection10_k1_tropical_temperate","Southern","Coolhouse","Transitional",0,0,NA,NA,NA,NA,NA,NA,NA,"Skipped: n < 2",NA
"per_cell_balanced_resampling_OLS","median_resampled_slope","collection10_k1_tropical_temperate","Southern","Coolhouse","Warmhouse",0,0,NA,NA,NA,NA,NA,NA,NA,"Skipped: n < 2",NA
"per_cell_balanced_resampling_OLS","median_resampled_slope","collection10_k1_tropical_temperate","Southern","Coolhouse","Hothouse",0,0,NA,NA,NA,NA,NA,NA,NA,"Skipped: n < 2",NA
"per_cell_balanced_resampling_OLS","median_resampled_slope","collection10_k1_tropical_temperate","Southern","Transitional","Warmhouse",0,0,NA,NA,NA,NA,NA,NA,NA,"Skipped: n < 2",NA
"per_cell_balanced_resampling_OLS","median_resampled_slope","collection10_k1_tropical_temperate","Southern","Transitional","Hothouse",0,0,NA,NA,NA,NA,NA,NA,NA,"Skipped: n < 2",NA
"per_cell_balanced_resampling_OLS","median_resampled_slope","collection10_k1_tropical_temperate","Southern","Warmhouse","Hothouse",0,0,NA,NA,NA,NA,NA,NA,NA,"Skipped: n < 2",NA
"per_cell_balanced_resampling_OLS","median_resampled_slope","collection10_k1_tropical_temperate_polar","Northern","Coldhouse","Coolhouse",0,0,NA,NA,NA,NA,NA,NA,NA,"Skipped: n < 2",NA
"per_cell_balanced_resampling_OLS","median_resampled_slope","collection10_k1_tropical_temperate_polar","Northern","Coldhouse","Transitional",0,0,NA,NA,NA,NA,NA,NA,NA,"Skipped: n < 2",NA
"per_cell_balanced_resampling_OLS","median_resampled_slope","collection10_k1_tropical_temperate_polar","Northern","Coldhouse","Warmhouse",0,0,NA,NA,NA,NA,NA,NA,NA,"Skipped: n < 2",NA
"per_cell_balanced_resampling_OLS","median_resampled_slope","collection10_k1_tropical_temperate_polar","Northern","Coldhouse","Hothouse",0,0,NA,NA,NA,NA,NA,NA,NA,"Skipped: n < 2",NA
"per_cell_balanced_resampling_OLS","median_resampled_slope","collection10_k1_tropical_temperate_polar","Northern","Coolhouse","Transitional",0,0,NA,NA,NA,NA,NA,NA,NA,"Skipped: n < 2",NA
"per_cell_balanced_resampling_OLS","median_resampled_slope","collection10_k1_tropical_temperate_polar","Northern","Coolhouse","Warmhouse",0,0,NA,NA,NA,NA,NA,NA,NA,"Skipped: n < 2",NA
"per_cell_balanced_resampling_OLS","median_resampled_slope","collection10_k1_tropical_temperate_polar","Northern","Coolhouse","Hothouse",0,0,NA,NA,NA,NA,NA,NA,NA,"Skipped: n < 2",NA
"per_cell_balanced_resampling_OLS","median_resampled_slope","collection10_k1_tropical_temperate_polar","Northern","Transitional","Warmhouse",0,0,NA,NA,NA,NA,NA,NA,NA,"Skipped: n < 2",NA
"per_cell_balanced_resampling_OLS","median_resampled_slope","collection10_k1_tropical_temperate_polar","Northern","Transitional","Hothouse",0,0,NA,NA,NA,NA,NA,NA,NA,"Skipped: n < 2",NA
"per_cell_balanced_resampling_OLS","median_resampled_slope","collection10_k1_tropical_temperate_polar","Northern","Warmhouse","Hothouse",0,0,NA,NA,NA,NA,NA,NA,NA,"Skipped: n < 2",NA
"per_cell_balanced_resampling_OLS","median_resampled_slope","collection10_k1_tropical_temperate_polar","Southern","Coldhouse","Coolhouse",0,0,NA,NA,NA,NA,NA,NA,NA,"Skipped: n < 2",NA
"per_cell_balanced_resampling_OLS","median_resampled_slope","collection10_k1_tropical_temperate_polar","Southern","Coldhouse","Transitional",0,0,NA,NA,NA,NA,NA,NA,NA,"Skipped: n < 2",NA
"per_cell_balanced_resampling_OLS","median_resampled_slope","collection10_k1_tropical_temperate_polar","Southern","Coldhouse","Warmhouse",0,0,NA,NA,NA,NA,NA,NA,NA,"Skipped: n < 2",NA
"per_cell_balanced_resampling_OLS","median_resampled_slope","collection10_k1_tropical_temperate_polar","Southern","Coldhouse","Hothouse",0,0,NA,NA,NA,NA,NA,NA,NA,"Skipped: n < 2",NA
"per_cell_balanced_resampling_OLS","median_resampled_slope","collection10_k1_tropical_temperate_polar","Southern","Coolhouse","Transitional",0,0,NA,NA,NA,NA,NA,NA,NA,"Skipped: n < 2",NA
"per_cell_balanced_resampling_OLS","median_resampled_slope","collection10_k1_tropical_temperate_polar","Southern","Coolhouse","Warmhouse",0,0,NA,NA,NA,NA,NA,NA,NA,"Skipped: n < 2",NA
"per_cell_balanced_resampling_OLS","median_resampled_slope","collection10_k1_tropical_temperate_polar","Southern","Coolhouse","Hothouse",0,0,NA,NA,NA,NA,NA,NA,NA,"Skipped: n < 2",NA
"per_cell_balanced_resampling_OLS","median_resampled_slope","collection10_k1_tropical_temperate_polar","Southern","Transitional","Warmhouse",0,0,NA,NA,NA,NA,NA,NA,NA,"Skipped: n < 2",NA
"per_cell_balanced_resampling_OLS","median_resampled_slope","collection10_k1_tropical_temperate_polar","Southern","Transitional","Hothouse",0,0,NA,NA,NA,NA,NA,NA,NA,"Skipped: n < 2",NA
"per_cell_balanced_resampling_OLS","median_resampled_slope","collection10_k1_tropical_temperate_polar","Southern","Warmhouse","Hothouse",0,0,NA,NA,NA,NA,NA,NA,NA,"Skipped: n < 2",NA
"per_cell_balanced_resampling_OLS","median_resampled_slope","collection10_k2_tropical_temperate","Northern","Coldhouse","Coolhouse",0,0,NA,NA,NA,NA,NA,NA,NA,"Skipped: n < 2",NA
"per_cell_balanced_resampling_OLS","median_resampled_slope","collection10_k2_tropical_temperate","Northern","Coldhouse","Transitional",0,0,NA,NA,NA,NA,NA,NA,NA,"Skipped: n < 2",NA
"per_cell_balanced_resampling_OLS","median_resampled_slope","collection10_k2_tropical_temperate","Northern","Coldhouse","Warmhouse",0,0,NA,NA,NA,NA,NA,NA,NA,"Skipped: n < 2",NA
"per_cell_balanced_resampling_OLS","median_resampled_slope","collection10_k2_tropical_temperate","Northern","Coldhouse","Hothouse",0,0,NA,NA,NA,NA,NA,NA,NA,"Skipped: n < 2",NA
"per_cell_balanced_resampling_OLS","median_resampled_slope","collection10_k2_tropical_temperate","Northern","Coolhouse","Transitional",0,0,NA,NA,NA,NA,NA,NA,NA,"Skipped: n < 2",NA
"per_cell_balanced_resampling_OLS","median_resampled_slope","collection10_k2_tropical_temperate","Northern","Coolhouse","Warmhouse",0,0,NA,NA,NA,NA,NA,NA,NA,"Skipped: n < 2",NA
"per_cell_balanced_resampling_OLS","median_resampled_slope","collection10_k2_tropical_temperate","Northern","Coolhouse","Hothouse",0,0,NA,NA,NA,NA,NA,NA,NA,"Skipped: n < 2",NA
"per_cell_balanced_resampling_OLS","median_resampled_slope","collection10_k2_tropical_temperate","Northern","Transitional","Warmhouse",0,0,NA,NA,NA,NA,NA,NA,NA,"Skipped: n < 2",NA
"per_cell_balanced_resampling_OLS","median_resampled_slope","collection10_k2_tropical_temperate","Northern","Transitional","Hothouse",0,0,NA,NA,NA,NA,NA,NA,NA,"Skipped: n < 2",NA
"per_cell_balanced_resampling_OLS","median_resampled_slope","collection10_k2_tropical_temperate","Northern","Warmhouse","Hothouse",0,0,NA,NA,NA,NA,NA,NA,NA,"Skipped: n < 2",NA
"per_cell_balanced_resampling_OLS","median_resampled_slope","collection10_k2_tropical_temperate","Southern","Coldhouse","Coolhouse",0,0,NA,NA,NA,NA,NA,NA,NA,"Skipped: n < 2",NA
"per_cell_balanced_resampling_OLS","median_resampled_slope","collection10_k2_tropical_temperate","Southern","Coldhouse","Transitional",0,0,NA,NA,NA,NA,NA,NA,NA,"Skipped: n < 2",NA
"per_cell_balanced_resampling_OLS","median_resampled_slope","collection10_k2_tropical_temperate","Southern","Coldhouse","Warmhouse",0,0,NA,NA,NA,NA,NA,NA,NA,"Skipped: n < 2",NA
"per_cell_balanced_resampling_OLS","median_resampled_slope","collection10_k2_tropical_temperate","Southern","Coldhouse","Hothouse",0,0,NA,NA,NA,NA,NA,NA,NA,"Skipped: n < 2",NA
"per_cell_balanced_resampling_OLS","median_resampled_slope","collection10_k2_tropical_temperate","Southern","Coolhouse","Transitional",0,0,NA,NA,NA,NA,NA,NA,NA,"Skipped: n < 2",NA
"per_cell_balanced_resampling_OLS","median_resampled_slope","collection10_k2_tropical_temperate","Southern","Coolhouse","Warmhouse",0,0,NA,NA,NA,NA,NA,NA,NA,"Skipped: n < 2",NA
"per_cell_balanced_resampling_OLS","median_resampled_slope","collection10_k2_tropical_temperate","Southern","Coolhouse","Hothouse",0,0,NA,NA,NA,NA,NA,NA,NA,"Skipped: n < 2",NA
"per_cell_balanced_resampling_OLS","median_resampled_slope","collection10_k2_tropical_temperate","Southern","Transitional","Warmhouse",0,0,NA,NA,NA,NA,NA,NA,NA,"Skipped: n < 2",NA
"per_cell_balanced_resampling_OLS","median_resampled_slope","collection10_k2_tropical_temperate","Southern","Transitional","Hothouse",0,0,NA,NA,NA,NA,NA,NA,NA,"Skipped: n < 2",NA
"per_cell_balanced_resampling_OLS","median_resampled_slope","collection10_k2_tropical_temperate","Southern","Warmhouse","Hothouse",0,0,NA,NA,NA,NA,NA,NA,NA,"Skipped: n < 2",NA
"per_cell_balanced_resampling_OLS","median_resampled_slope","collection10_k2_tropical_temperate_polar","Northern","Coldhouse","Coolhouse",0,0,NA,NA,NA,NA,NA,NA,NA,"Skipped: n < 2",NA
"per_cell_balanced_resampling_OLS","median_resampled_slope","collection10_k2_tropical_temperate_polar","Northern","Coldhouse","Transitional",0,0,NA,NA,NA,NA,NA,NA,NA,"Skipped: n < 2",NA
"per_cell_balanced_resampling_OLS","median_resampled_slope","collection10_k2_tropical_temperate_polar","Northern","Coldhouse","Warmhouse",0,0,NA,NA,NA,NA,NA,NA,NA,"Skipped: n < 2",NA
"per_cell_balanced_resampling_OLS","median_resampled_slope","collection10_k2_tropical_temperate_polar","Northern","Coldhouse","Hothouse",0,0,NA,NA,NA,NA,NA,NA,NA,"Skipped: n < 2",NA
"per_cell_balanced_resampling_OLS","median_resampled_slope","collection10_k2_tropical_temperate_polar","Northern","Coolhouse","Transitional",0,0,NA,NA,NA,NA,NA,NA,NA,"Skipped: n < 2",NA
"per_cell_balanced_resampling_OLS","median_resampled_slope","collection10_k2_tropical_temperate_polar","Northern","Coolhouse","Warmhouse",0,0,NA,NA,NA,NA,NA,NA,NA,"Skipped: n < 2",NA
"per_cell_balanced_resampling_OLS","median_resampled_slope","collection10_k2_tropical_temperate_polar","Northern","Coolhouse","Hothouse",0,0,NA,NA,NA,NA,NA,NA,NA,"Skipped: n < 2",NA
"per_cell_balanced_resampling_OLS","median_resampled_slope","collection10_k2_tropical_temperate_polar","Northern","Transitional","Warmhouse",0,0,NA,NA,NA,NA,NA,NA,NA,"Skipped: n < 2",NA
"per_cell_balanced_resampling_OLS","median_resampled_slope","collection10_k2_tropical_temperate_polar","Northern","Transitional","Hothouse",0,0,NA,NA,NA,NA,NA,NA,NA,"Skipped: n < 2",NA
"per_cell_balanced_resampling_OLS","median_resampled_slope","collection10_k2_tropical_temperate_polar","Northern","Warmhouse","Hothouse",0,0,NA,NA,NA,NA,NA,NA,NA,"Skipped: n < 2",NA
"per_cell_balanced_resampling_OLS","median_resampled_slope","collection10_k2_tropical_temperate_polar","Southern","Coldhouse","Coolhouse",0,0,NA,NA,NA,NA,NA,NA,NA,"Skipped: n < 2",NA
"per_cell_balanced_resampling_OLS","median_resampled_slope","collection10_k2_tropical_temperate_polar","Southern","Coldhouse","Transitional",0,0,NA,NA,NA,NA,NA,NA,NA,"Skipped: n < 2",NA
"per_cell_balanced_resampling_OLS","median_resampled_slope","collection10_k2_tropical_temperate_polar","Southern","Coldhouse","Warmhouse",0,0,NA,NA,NA,NA,NA,NA,NA,"Skipped: n < 2",NA
"per_cell_balanced_resampling_OLS","median_resampled_slope","collection10_k2_tropical_temperate_polar","Southern","Coldhouse","Hothouse",0,0,NA,NA,NA,NA,NA,NA,NA,"Skipped: n < 2",NA
"per_cell_balanced_resampling_OLS","median_resampled_slope","collection10_k2_tropical_temperate_polar","Southern","Coolhouse","Transitional",0,0,NA,NA,NA,NA,NA,NA,NA,"Skipped: n < 2",NA
"per_cell_balanced_resampling_OLS","median_resampled_slope","collection10_k2_tropical_temperate_polar","Southern","Coolhouse","Warmhouse",0,0,NA,NA,NA,NA,NA,NA,NA,"Skipped: n < 2",NA
"per_cell_balanced_resampling_OLS","median_resampled_slope","collection10_k2_tropical_temperate_polar","Southern","Coolhouse","Hothouse",0,0,NA,NA,NA,NA,NA,NA,NA,"Skipped: n < 2",NA
"per_cell_balanced_resampling_OLS","median_resampled_slope","collection10_k2_tropical_temperate_polar","Southern","Transitional","Warmhouse",0,0,NA,NA,NA,NA,NA,NA,NA,"Skipped: n < 2",NA
"per_cell_balanced_resampling_OLS","median_resampled_slope","collection10_k2_tropical_temperate_polar","Southern","Transitional","Hothouse",0,0,NA,NA,NA,NA,NA,NA,NA,"Skipped: n < 2",NA
"per_cell_balanced_resampling_OLS","median_resampled_slope","collection10_k2_tropical_temperate_polar","Southern","Warmhouse","Hothouse",0,0,NA,NA,NA,NA,NA,NA,NA,"Skipped: n < 2",NA
"per_cell_balanced_resampling_OLS","median_resampled_slope","collection10_k3_tropical_temperate","Northern","Coldhouse","Coolhouse",0,0,NA,NA,NA,NA,NA,NA,NA,"Skipped: n < 2",NA
"per_cell_balanced_resampling_OLS","median_resampled_slope","collection10_k3_tropical_temperate","Northern","Coldhouse","Transitional",0,0,NA,NA,NA,NA,NA,NA,NA,"Skipped: n < 2",NA
"per_cell_balanced_resampling_OLS","median_resampled_slope","collection10_k3_tropical_temperate","Northern","Coldhouse","Warmhouse",0,0,NA,NA,NA,NA,NA,NA,NA,"Skipped: n < 2",NA
"per_cell_balanced_resampling_OLS","median_resampled_slope","collection10_k3_tropical_temperate","Northern","Coldhouse","Hothouse",0,0,NA,NA,NA,NA,NA,NA,NA,"Skipped: n < 2",NA
"per_cell_balanced_resampling_OLS","median_resampled_slope","collection10_k3_tropical_temperate","Northern","Coolhouse","Transitional",0,0,NA,NA,NA,NA,NA,NA,NA,"Skipped: n < 2",NA
"per_cell_balanced_resampling_OLS","median_resampled_slope","collection10_k3_tropical_temperate","Northern","Coolhouse","Warmhouse",0,0,NA,NA,NA,NA,NA,NA,NA,"Skipped: n < 2",NA
"per_cell_balanced_resampling_OLS","median_resampled_slope","collection10_k3_tropical_temperate","Northern","Coolhouse","Hothouse",0,0,NA,NA,NA,NA,NA,NA,NA,"Skipped: n < 2",NA
"per_cell_balanced_resampling_OLS","median_resampled_slope","collection10_k3_tropical_temperate","Northern","Transitional","Warmhouse",0,0,NA,NA,NA,NA,NA,NA,NA,"Skipped: n < 2",NA
"per_cell_balanced_resampling_OLS","median_resampled_slope","collection10_k3_tropical_temperate","Northern","Transitional","Hothouse",0,0,NA,NA,NA,NA,NA,NA,NA,"Skipped: n < 2",NA
"per_cell_balanced_resampling_OLS","median_resampled_slope","collection10_k3_tropical_temperate","Northern","Warmhouse","Hothouse",0,0,NA,NA,NA,NA,NA,NA,NA,"Skipped: n < 2",NA
"per_cell_balanced_resampling_OLS","median_resampled_slope","collection10_k3_tropical_temperate","Southern","Coldhouse","Coolhouse",0,0,NA,NA,NA,NA,NA,NA,NA,"Skipped: n < 2",NA
"per_cell_balanced_resampling_OLS","median_resampled_slope","collection10_k3_tropical_temperate","Southern","Coldhouse","Transitional",0,0,NA,NA,NA,NA,NA,NA,NA,"Skipped: n < 2",NA
"per_cell_balanced_resampling_OLS","median_resampled_slope","collection10_k3_tropical_temperate","Southern","Coldhouse","Warmhouse",0,0,NA,NA,NA,NA,NA,NA,NA,"Skipped: n < 2",NA
"per_cell_balanced_resampling_OLS","median_resampled_slope","collection10_k3_tropical_temperate","Southern","Coldhouse","Hothouse",0,0,NA,NA,NA,NA,NA,NA,NA,"Skipped: n < 2",NA
"per_cell_balanced_resampling_OLS","median_resampled_slope","collection10_k3_tropical_temperate","Southern","Coolhouse","Transitional",0,0,NA,NA,NA,NA,NA,NA,NA,"Skipped: n < 2",NA
"per_cell_balanced_resampling_OLS","median_resampled_slope","collection10_k3_tropical_temperate","Southern","Coolhouse","Warmhouse",0,0,NA,NA,NA,NA,NA,NA,NA,"Skipped: n < 2",NA
"per_cell_balanced_resampling_OLS","median_resampled_slope","collection10_k3_tropical_temperate","Southern","Coolhouse","Hothouse",0,0,NA,NA,NA,NA,NA,NA,NA,"Skipped: n < 2",NA
"per_cell_balanced_resampling_OLS","median_resampled_slope","collection10_k3_tropical_temperate","Southern","Transitional","Warmhouse",0,0,NA,NA,NA,NA,NA,NA,NA,"Skipped: n < 2",NA
"per_cell_balanced_resampling_OLS","median_resampled_slope","collection10_k3_tropical_temperate","Southern","Transitional","Hothouse",0,0,NA,NA,NA,NA,NA,NA,NA,"Skipped: n < 2",NA
"per_cell_balanced_resampling_OLS","median_resampled_slope","collection10_k3_tropical_temperate","Southern","Warmhouse","Hothouse",0,0,NA,NA,NA,NA,NA,NA,NA,"Skipped: n < 2",NA
"per_cell_balanced_resampling_OLS","median_resampled_slope","collection10_k3_tropical_temperate_polar","Northern","Coldhouse","Coolhouse",0,0,NA,NA,NA,NA,NA,NA,NA,"Skipped: n < 2",NA
"per_cell_balanced_resampling_OLS","median_resampled_slope","collection10_k3_tropical_temperate_polar","Northern","Coldhouse","Transitional",0,0,NA,NA,NA,NA,NA,NA,NA,"Skipped: n < 2",NA
"per_cell_balanced_resampling_OLS","median_resampled_slope","collection10_k3_tropical_temperate_polar","Northern","Coldhouse","Warmhouse",0,0,NA,NA,NA,NA,NA,NA,NA,"Skipped: n < 2",NA
"per_cell_balanced_resampling_OLS","median_resampled_slope","collection10_k3_tropical_temperate_polar","Northern","Coldhouse","Hothouse",0,0,NA,NA,NA,NA,NA,NA,NA,"Skipped: n < 2",NA
"per_cell_balanced_resampling_OLS","median_resampled_slope","collection10_k3_tropical_temperate_polar","Northern","Coolhouse","Transitional",0,0,NA,NA,NA,NA,NA,NA,NA,"Skipped: n < 2",NA
"per_cell_balanced_resampling_OLS","median_resampled_slope","collection10_k3_tropical_temperate_polar","Northern","Coolhouse","Warmhouse",0,0,NA,NA,NA,NA,NA,NA,NA,"Skipped: n < 2",NA
"per_cell_balanced_resampling_OLS","median_resampled_slope","collection10_k3_tropical_temperate_polar","Northern","Coolhouse","Hothouse",0,0,NA,NA,NA,NA,NA,NA,NA,"Skipped: n < 2",NA
"per_cell_balanced_resampling_OLS","median_resampled_slope","collection10_k3_tropical_temperate_polar","Northern","Transitional","Warmhouse",0,0,NA,NA,NA,NA,NA,NA,NA,"Skipped: n < 2",NA
"per_cell_balanced_resampling_OLS","median_resampled_slope","collection10_k3_tropical_temperate_polar","Northern","Transitional","Hothouse",0,0,NA,NA,NA,NA,NA,NA,NA,"Skipped: n < 2",NA
"per_cell_balanced_resampling_OLS","median_resampled_slope","collection10_k3_tropical_temperate_polar","Northern","Warmhouse","Hothouse",0,0,NA,NA,NA,NA,NA,NA,NA,"Skipped: n < 2",NA
"per_cell_balanced_resampling_OLS","median_resampled_slope","collection10_k3_tropical_temperate_polar","Southern","Coldhouse","Coolhouse",0,0,NA,NA,NA,NA,NA,NA,NA,"Skipped: n < 2",NA
"per_cell_balanced_resampling_OLS","median_resampled_slope","collection10_k3_tropical_temperate_polar","Southern","Coldhouse","Transitional",0,0,NA,NA,NA,NA,NA,NA,NA,"Skipped: n < 2",NA
"per_cell_balanced_resampling_OLS","median_resampled_slope","collection10_k3_tropical_temperate_polar","Southern","Coldhouse","Warmhouse",0,0,NA,NA,NA,NA,NA,NA,NA,"Skipped: n < 2",NA
"per_cell_balanced_resampling_OLS","median_resampled_slope","collection10_k3_tropical_temperate_polar","Southern","Coldhouse","Hothouse",0,0,NA,NA,NA,NA,NA,NA,NA,"Skipped: n < 2",NA
"per_cell_balanced_resampling_OLS","median_resampled_slope","collection10_k3_tropical_temperate_polar","Southern","Coolhouse","Transitional",0,0,NA,NA,NA,NA,NA,NA,NA,"Skipped: n < 2",NA
"per_cell_balanced_resampling_OLS","median_resampled_slope","collection10_k3_tropical_temperate_polar","Southern","Coolhouse","Warmhouse",0,0,NA,NA,NA,NA,NA,NA,NA,"Skipped: n < 2",NA
"per_cell_balanced_resampling_OLS","median_resampled_slope","collection10_k3_tropical_temperate_polar","Southern","Coolhouse","Hothouse",0,0,NA,NA,NA,NA,NA,NA,NA,"Skipped: n < 2",NA
"per_cell_balanced_resampling_OLS","median_resampled_slope","collection10_k3_tropical_temperate_polar","Southern","Transitional","Warmhouse",0,0,NA,NA,NA,NA,NA,NA,NA,"Skipped: n < 2",NA
"per_cell_balanced_resampling_OLS","median_resampled_slope","collection10_k3_tropical_temperate_polar","Southern","Transitional","Hothouse",0,0,NA,NA,NA,NA,NA,NA,NA,"Skipped: n < 2",NA
"per_cell_balanced_resampling_OLS","median_resampled_slope","collection10_k3_tropical_temperate_polar","Southern","Warmhouse","Hothouse",0,0,NA,NA,NA,NA,NA,NA,NA,"Skipped: n < 2",NA
"percentile_latbin_OLS","q50","occurrence5_k1_tropical_temperate","Northern","Coldhouse","Coolhouse",0,0,NA,NA,NA,NA,NA,NA,NA,"Skipped: n < 2",NA
"percentile_latbin_OLS","q50","occurrence5_k1_tropical_temperate","Northern","Coldhouse","Transitional",0,0,NA,NA,NA,NA,NA,NA,NA,"Skipped: n < 2",NA
"percentile_latbin_OLS","q50","occurrence5_k1_tropical_temperate","Northern","Coldhouse","Warmhouse",0,0,NA,NA,NA,NA,NA,NA,NA,"Skipped: n < 2",NA
"percentile_latbin_OLS","q50","occurrence5_k1_tropical_temperate","Northern","Coldhouse","Hothouse",0,0,NA,NA,NA,NA,NA,NA,NA,"Skipped: n < 2",NA
"percentile_latbin_OLS","q50","occurrence5_k1_tropical_temperate","Northern","Coolhouse","Transitional",0,0,NA,NA,NA,NA,NA,NA,NA,"Skipped: n < 2",NA
"percentile_latbin_OLS","q50","occurrence5_k1_tropical_temperate","Northern","Coolhouse","Warmhouse",0,0,NA,NA,NA,NA,NA,NA,NA,"Skipped: n < 2",NA
"percentile_latbin_OLS","q50","occurrence5_k1_tropical_temperate","Northern","Coolhouse","Hothouse",0,0,NA,NA,NA,NA,NA,NA,NA,"Skipped: n < 2",NA
"percentile_latbin_OLS","q50","occurrence5_k1_tropical_temperate","Northern","Transitional","Warmhouse",0,0,NA,NA,NA,NA,NA,NA,NA,"Skipped: n < 2",NA
"percentile_latbin_OLS","q50","occurrence5_k1_tropical_temperate","Northern","Transitional","Hothouse",0,0,NA,NA,NA,NA,NA,NA,NA,"Skipped: n < 2",NA
"percentile_latbin_OLS","q50","occurrence5_k1_tropical_temperate","Northern","Warmhouse","Hothouse",0,0,NA,NA,NA,NA,NA,NA,NA,"Skipped: n < 2",NA
"percentile_latbin_OLS","q50","occurrence5_k1_tropical_temperate","Southern","Coldhouse","Coolhouse",0,0,NA,NA,NA,NA,NA,NA,NA,"Skipped: n < 2",NA
"percentile_latbin_OLS","q50","occurrence5_k1_tropical_temperate","Southern","Coldhouse","Transitional",0,0,NA,NA,NA,NA,NA,NA,NA,"Skipped: n < 2",NA
"percentile_latbin_OLS","q50","occurrence5_k1_tropical_temperate","Southern","Coldhouse","Warmhouse",0,0,NA,NA,NA,NA,NA,NA,NA,"Skipped: n < 2",NA
"percentile_latbin_OLS","q50","occurrence5_k1_tropical_temperate","Southern","Coldhouse","Hothouse",0,0,NA,NA,NA,NA,NA,NA,NA,"Skipped: n < 2",NA
"percentile_latbin_OLS","q50","occurrence5_k1_tropical_temperate","Southern","Coolhouse","Transitional",0,0,NA,NA,NA,NA,NA,NA,NA,"Skipped: n < 2",NA
"percentile_latbin_OLS","q50","occurrence5_k1_tropical_temperate","Southern","Coolhouse","Warmhouse",0,0,NA,NA,NA,NA,NA,NA,NA,"Skipped: n < 2",NA
"percentile_latbin_OLS","q50","occurrence5_k1_tropical_temperate","Southern","Coolhouse","Hothouse",0,0,NA,NA,NA,NA,NA,NA,NA,"Skipped: n < 2",NA
"percentile_latbin_OLS","q50","occurrence5_k1_tropical_temperate","Southern","Transitional","Warmhouse",0,0,NA,NA,NA,NA,NA,NA,NA,"Skipped: n < 2",NA
"percentile_latbin_OLS","q50","occurrence5_k1_tropical_temperate","Southern","Transitional","Hothouse",0,0,NA,NA,NA,NA,NA,NA,NA,"Skipped: n < 2",NA
"percentile_latbin_OLS","q50","occurrence5_k1_tropical_temperate","Southern","Warmhouse","Hothouse",0,0,NA,NA,NA,NA,NA,NA,NA,"Skipped: n < 2",NA
"percentile_latbin_OLS","q50","occurrence5_k1_tropical_temperate_polar","Northern","Coldhouse","Coolhouse",0,0,NA,NA,NA,NA,NA,NA,NA,"Skipped: n < 2",NA
"percentile_latbin_OLS","q50","occurrence5_k1_tropical_temperate_polar","Northern","Coldhouse","Transitional",0,0,NA,NA,NA,NA,NA,NA,NA,"Skipped: n < 2",NA
"percentile_latbin_OLS","q50","occurrence5_k1_tropical_temperate_polar","Northern","Coldhouse","Warmhouse",0,0,NA,NA,NA,NA,NA,NA,NA,"Skipped: n < 2",NA
"percentile_latbin_OLS","q50","occurrence5_k1_tropical_temperate_polar","Northern","Coldhouse","Hothouse",0,0,NA,NA,NA,NA,NA,NA,NA,"Skipped: n < 2",NA
"percentile_latbin_OLS","q50","occurrence5_k1_tropical_temperate_polar","Northern","Coolhouse","Transitional",0,0,NA,NA,NA,NA,NA,NA,NA,"Skipped: n < 2",NA
"percentile_latbin_OLS","q50","occurrence5_k1_tropical_temperate_polar","Northern","Coolhouse","Warmhouse",0,0,NA,NA,NA,NA,NA,NA,NA,"Skipped: n < 2",NA
"percentile_latbin_OLS","q50","occurrence5_k1_tropical_temperate_polar","Northern","Coolhouse","Hothouse",0,0,NA,NA,NA,NA,NA,NA,NA,"Skipped: n < 2",NA
"percentile_latbin_OLS","q50","occurrence5_k1_tropical_temperate_polar","Northern","Transitional","Warmhouse",0,0,NA,NA,NA,NA,NA,NA,NA,"Skipped: n < 2",NA
"percentile_latbin_OLS","q50","occurrence5_k1_tropical_temperate_polar","Northern","Transitional","Hothouse",0,0,NA,NA,NA,NA,NA,NA,NA,"Skipped: n < 2",NA
"percentile_latbin_OLS","q50","occurrence5_k1_tropical_temperate_polar","Northern","Warmhouse","Hothouse",0,0,NA,NA,NA,NA,NA,NA,NA,"Skipped: n < 2",NA
"percentile_latbin_OLS","q50","occurrence5_k1_tropical_temperate_polar","Southern","Coldhouse","Coolhouse",0,0,NA,NA,NA,NA,NA,NA,NA,"Skipped: n < 2",NA
"percentile_latbin_OLS","q50","occurrence5_k1_tropical_temperate_polar","Southern","Coldhouse","Transitional",0,0,NA,NA,NA,NA,NA,NA,NA,"Skipped: n < 2",NA
"percentile_latbin_OLS","q50","occurrence5_k1_tropical_temperate_polar","Southern","Coldhouse","Warmhouse",0,0,NA,NA,NA,NA,NA,NA,NA,"Skipped: n < 2",NA
"percentile_latbin_OLS","q50","occurrence5_k1_tropical_temperate_polar","Southern","Coldhouse","Hothouse",0,0,NA,NA,NA,NA,NA,NA,NA,"Skipped: n < 2",NA
"percentile_latbin_OLS","q50","occurrence5_k1_tropical_temperate_polar","Southern","Coolhouse","Transitional",0,0,NA,NA,NA,NA,NA,NA,NA,"Skipped: n < 2",NA
"percentile_latbin_OLS","q50","occurrence5_k1_tropical_temperate_polar","Southern","Coolhouse","Warmhouse",0,0,NA,NA,NA,NA,NA,NA,NA,"Skipped: n < 2",NA
"percentile_latbin_OLS","q50","occurrence5_k1_tropical_temperate_polar","Southern","Coolhouse","Hothouse",0,0,NA,NA,NA,NA,NA,NA,NA,"Skipped: n < 2",NA
"percentile_latbin_OLS","q50","occurrence5_k1_tropical_temperate_polar","Southern","Transitional","Warmhouse",0,0,NA,NA,NA,NA,NA,NA,NA,"Skipped: n < 2",NA
"percentile_latbin_OLS","q50","occurrence5_k1_tropical_temperate_polar","Southern","Transitional","Hothouse",0,0,NA,NA,NA,NA,NA,NA,NA,"Skipped: n < 2",NA
"percentile_latbin_OLS","q50","occurrence5_k1_tropical_temperate_polar","Southern","Warmhouse","Hothouse",0,0,NA,NA,NA,NA,NA,NA,NA,"Skipped: n < 2",NA
"percentile_latbin_OLS","q50","occurrence5_k2_tropical_temperate","Northern","Coldhouse","Coolhouse",0,0,NA,NA,NA,NA,NA,NA,NA,"Skipped: n < 2",NA
"percentile_latbin_OLS","q50","occurrence5_k2_tropical_temperate","Northern","Coldhouse","Transitional",0,0,NA,NA,NA,NA,NA,NA,NA,"Skipped: n < 2",NA
"percentile_latbin_OLS","q50","occurrence5_k2_tropical_temperate","Northern","Coldhouse","Warmhouse",0,0,NA,NA,NA,NA,NA,NA,NA,"Skipped: n < 2",NA
"percentile_latbin_OLS","q50","occurrence5_k2_tropical_temperate","Northern","Coldhouse","Hothouse",0,0,NA,NA,NA,NA,NA,NA,NA,"Skipped: n < 2",NA
"percentile_latbin_OLS","q50","occurrence5_k2_tropical_temperate","Northern","Coolhouse","Transitional",0,0,NA,NA,NA,NA,NA,NA,NA,"Skipped: n < 2",NA
"percentile_latbin_OLS","q50","occurrence5_k2_tropical_temperate","Northern","Coolhouse","Warmhouse",0,0,NA,NA,NA,NA,NA,NA,NA,"Skipped: n < 2",NA
"percentile_latbin_OLS","q50","occurrence5_k2_tropical_temperate","Northern","Coolhouse","Hothouse",0,0,NA,NA,NA,NA,NA,NA,NA,"Skipped: n < 2",NA
"percentile_latbin_OLS","q50","occurrence5_k2_tropical_temperate","Northern","Transitional","Warmhouse",0,0,NA,NA,NA,NA,NA,NA,NA,"Skipped: n < 2",NA
"percentile_latbin_OLS","q50","occurrence5_k2_tropical_temperate","Northern","Transitional","Hothouse",0,0,NA,NA,NA,NA,NA,NA,NA,"Skipped: n < 2",NA
"percentile_latbin_OLS","q50","occurrence5_k2_tropical_temperate","Northern","Warmhouse","Hothouse",0,0,NA,NA,NA,NA,NA,NA,NA,"Skipped: n < 2",NA
"percentile_latbin_OLS","q50","occurrence5_k2_tropical_temperate","Southern","Coldhouse","Coolhouse",0,0,NA,NA,NA,NA,NA,NA,NA,"Skipped: n < 2",NA
"percentile_latbin_OLS","q50","occurrence5_k2_tropical_temperate","Southern","Coldhouse","Transitional",0,0,NA,NA,NA,NA,NA,NA,NA,"Skipped: n < 2",NA
"percentile_latbin_OLS","q50","occurrence5_k2_tropical_temperate","Southern","Coldhouse","Warmhouse",0,0,NA,NA,NA,NA,NA,NA,NA,"Skipped: n < 2",NA
"percentile_latbin_OLS","q50","occurrence5_k2_tropical_temperate","Southern","Coldhouse","Hothouse",0,0,NA,NA,NA,NA,NA,NA,NA,"Skipped: n < 2",NA
"percentile_latbin_OLS","q50","occurrence5_k2_tropical_temperate","Southern","Coolhouse","Transitional",0,0,NA,NA,NA,NA,NA,NA,NA,"Skipped: n < 2",NA
"percentile_latbin_OLS","q50","occurrence5_k2_tropical_temperate","Southern","Coolhouse","Warmhouse",0,0,NA,NA,NA,NA,NA,NA,NA,"Skipped: n < 2",NA
"percentile_latbin_OLS","q50","occurrence5_k2_tropical_temperate","Southern","Coolhouse","Hothouse",0,0,NA,NA,NA,NA,NA,NA,NA,"Skipped: n < 2",NA
"percentile_latbin_OLS","q50","occurrence5_k2_tropical_temperate","Southern","Transitional","Warmhouse",0,0,NA,NA,NA,NA,NA,NA,NA,"Skipped: n < 2",NA
"percentile_latbin_OLS","q50","occurrence5_k2_tropical_temperate","Southern","Transitional","Hothouse",0,0,NA,NA,NA,NA,NA,NA,NA,"Skipped: n < 2",NA
"percentile_latbin_OLS","q50","occurrence5_k2_tropical_temperate","Southern","Warmhouse","Hothouse",0,0,NA,NA,NA,NA,NA,NA,NA,"Skipped: n < 2",NA
"percentile_latbin_OLS","q50","occurrence5_k2_tropical_temperate_polar","Northern","Coldhouse","Coolhouse",0,0,NA,NA,NA,NA,NA,NA,NA,"Skipped: n < 2",NA
"percentile_latbin_OLS","q50","occurrence5_k2_tropical_temperate_polar","Northern","Coldhouse","Transitional",0,0,NA,NA,NA,NA,NA,NA,NA,"Skipped: n < 2",NA
"percentile_latbin_OLS","q50","occurrence5_k2_tropical_temperate_polar","Northern","Coldhouse","Warmhouse",0,0,NA,NA,NA,NA,NA,NA,NA,"Skipped: n < 2",NA
"percentile_latbin_OLS","q50","occurrence5_k2_tropical_temperate_polar","Northern","Coldhouse","Hothouse",0,0,NA,NA,NA,NA,NA,NA,NA,"Skipped: n < 2",NA
"percentile_latbin_OLS","q50","occurrence5_k2_tropical_temperate_polar","Northern","Coolhouse","Transitional",0,0,NA,NA,NA,NA,NA,NA,NA,"Skipped: n < 2",NA
"percentile_latbin_OLS","q50","occurrence5_k2_tropical_temperate_polar","Northern","Coolhouse","Warmhouse",0,0,NA,NA,NA,NA,NA,NA,NA,"Skipped: n < 2",NA
"percentile_latbin_OLS","q50","occurrence5_k2_tropical_temperate_polar","Northern","Coolhouse","Hothouse",0,0,NA,NA,NA,NA,NA,NA,NA,"Skipped: n < 2",NA
"percentile_latbin_OLS","q50","occurrence5_k2_tropical_temperate_polar","Northern","Transitional","Warmhouse",0,0,NA,NA,NA,NA,NA,NA,NA,"Skipped: n < 2",NA
"percentile_latbin_OLS","q50","occurrence5_k2_tropical_temperate_polar","Northern","Transitional","Hothouse",0,0,NA,NA,NA,NA,NA,NA,NA,"Skipped: n < 2",NA
"percentile_latbin_OLS","q50","occurrence5_k2_tropical_temperate_polar","Northern","Warmhouse","Hothouse",0,0,NA,NA,NA,NA,NA,NA,NA,"Skipped: n < 2",NA
"percentile_latbin_OLS","q50","occurrence5_k2_tropical_temperate_polar","Southern","Coldhouse","Coolhouse",0,0,NA,NA,NA,NA,NA,NA,NA,"Skipped: n < 2",NA
"percentile_latbin_OLS","q50","occurrence5_k2_tropical_temperate_polar","Southern","Coldhouse","Transitional",0,0,NA,NA,NA,NA,NA,NA,NA,"Skipped: n < 2",NA
"percentile_latbin_OLS","q50","occurrence5_k2_tropical_temperate_polar","Southern","Coldhouse","Warmhouse",0,0,NA,NA,NA,NA,NA,NA,NA,"Skipped: n < 2",NA
"percentile_latbin_OLS","q50","occurrence5_k2_tropical_temperate_polar","Southern","Coldhouse","Hothouse",0,0,NA,NA,NA,NA,NA,NA,NA,"Skipped: n < 2",NA
"percentile_latbin_OLS","q50","occurrence5_k2_tropical_temperate_polar","Southern","Coolhouse","Transitional",0,0,NA,NA,NA,NA,NA,NA,NA,"Skipped: n < 2",NA
"percentile_latbin_OLS","q50","occurrence5_k2_tropical_temperate_polar","Southern","Coolhouse","Warmhouse",0,0,NA,NA,NA,NA,NA,NA,NA,"Skipped: n < 2",NA
"percentile_latbin_OLS","q50","occurrence5_k2_tropical_temperate_polar","Southern","Coolhouse","Hothouse",0,0,NA,NA,NA,NA,NA,NA,NA,"Skipped: n < 2",NA
"percentile_latbin_OLS","q50","occurrence5_k2_tropical_temperate_polar","Southern","Transitional","Warmhouse",0,0,NA,NA,NA,NA,NA,NA,NA,"Skipped: n < 2",NA
"percentile_latbin_OLS","q50","occurrence5_k2_tropical_temperate_polar","Southern","Transitional","Hothouse",0,0,NA,NA,NA,NA,NA,NA,NA,"Skipped: n < 2",NA
"percentile_latbin_OLS","q50","occurrence5_k2_tropical_temperate_polar","Southern","Warmhouse","Hothouse",0,0,NA,NA,NA,NA,NA,NA,NA,"Skipped: n < 2",NA
"percentile_latbin_OLS","q50","occurrence5_k3_tropical_temperate","Northern","Coldhouse","Coolhouse",0,0,NA,NA,NA,NA,NA,NA,NA,"Skipped: n < 2",NA
"percentile_latbin_OLS","q50","occurrence5_k3_tropical_temperate","Northern","Coldhouse","Transitional",0,0,NA,NA,NA,NA,NA,NA,NA,"Skipped: n < 2",NA
"percentile_latbin_OLS","q50","occurrence5_k3_tropical_temperate","Northern","Coldhouse","Warmhouse",0,0,NA,NA,NA,NA,NA,NA,NA,"Skipped: n < 2",NA
"percentile_latbin_OLS","q50","occurrence5_k3_tropical_temperate","Northern","Coldhouse","Hothouse",0,0,NA,NA,NA,NA,NA,NA,NA,"Skipped: n < 2",NA
"percentile_latbin_OLS","q50","occurrence5_k3_tropical_temperate","Northern","Coolhouse","Transitional",0,0,NA,NA,NA,NA,NA,NA,NA,"Skipped: n < 2",NA
"percentile_latbin_OLS","q50","occurrence5_k3_tropical_temperate","Northern","Coolhouse","Warmhouse",0,0,NA,NA,NA,NA,NA,NA,NA,"Skipped: n < 2",NA
"percentile_latbin_OLS","q50","occurrence5_k3_tropical_temperate","Northern","Coolhouse","Hothouse",0,0,NA,NA,NA,NA,NA,NA,NA,"Skipped: n < 2",NA
"percentile_latbin_OLS","q50","occurrence5_k3_tropical_temperate","Northern","Transitional","Warmhouse",0,0,NA,NA,NA,NA,NA,NA,NA,"Skipped: n < 2",NA
"percentile_latbin_OLS","q50","occurrence5_k3_tropical_temperate","Northern","Transitional","Hothouse",0,0,NA,NA,NA,NA,NA,NA,NA,"Skipped: n < 2",NA
"percentile_latbin_OLS","q50","occurrence5_k3_tropical_temperate","Northern","Warmhouse","Hothouse",0,0,NA,NA,NA,NA,NA,NA,NA,"Skipped: n < 2",NA
"percentile_latbin_OLS","q50","occurrence5_k3_tropical_temperate","Southern","Coldhouse","Coolhouse",0,0,NA,NA,NA,NA,NA,NA,NA,"Skipped: n < 2",NA
"percentile_latbin_OLS","q50","occurrence5_k3_tropical_temperate","Southern","Coldhouse","Transitional",0,0,NA,NA,NA,NA,NA,NA,NA,"Skipped: n < 2",NA
"percentile_latbin_OLS","q50","occurrence5_k3_tropical_temperate","Southern","Coldhouse","Warmhouse",0,0,NA,NA,NA,NA,NA,NA,NA,"Skipped: n < 2",NA
"percentile_latbin_OLS","q50","occurrence5_k3_tropical_temperate","Southern","Coldhouse","Hothouse",0,0,NA,NA,NA,NA,NA,NA,NA,"Skipped: n < 2",NA
"percentile_latbin_OLS","q50","occurrence5_k3_tropical_temperate","Southern","Coolhouse","Transitional",0,0,NA,NA,NA,NA,NA,NA,NA,"Skipped: n < 2",NA
"percentile_latbin_OLS","q50","occurrence5_k3_tropical_temperate","Southern","Coolhouse","Warmhouse",0,0,NA,NA,NA,NA,NA,NA,NA,"Skipped: n < 2",NA
"percentile_latbin_OLS","q50","occurrence5_k3_tropical_temperate","Southern","Coolhouse","Hothouse",0,0,NA,NA,NA,NA,NA,NA,NA,"Skipped: n < 2",NA
"percentile_latbin_OLS","q50","occurrence5_k3_tropical_temperate","Southern","Transitional","Warmhouse",0,0,NA,NA,NA,NA,NA,NA,NA,"Skipped: n < 2",NA
"percentile_latbin_OLS","q50","occurrence5_k3_tropical_temperate","Southern","Transitional","Hothouse",0,0,NA,NA,NA,NA,NA,NA,NA,"Skipped: n < 2",NA
"percentile_latbin_OLS","q50","occurrence5_k3_tropical_temperate","Southern","Warmhouse","Hothouse",0,0,NA,NA,NA,NA,NA,NA,NA,"Skipped: n < 2",NA
"percentile_latbin_OLS","q50","occurrence5_k3_tropical_temperate_polar","Northern","Coldhouse","Coolhouse",0,0,NA,NA,NA,NA,NA,NA,NA,"Skipped: n < 2",NA
"percentile_latbin_OLS","q50","occurrence5_k3_tropical_temperate_polar","Northern","Coldhouse","Transitional",0,0,NA,NA,NA,NA,NA,NA,NA,"Skipped: n < 2",NA
"percentile_latbin_OLS","q50","occurrence5_k3_tropical_temperate_polar","Northern","Coldhouse","Warmhouse",0,0,NA,NA,NA,NA,NA,NA,NA,"Skipped: n < 2",NA
"percentile_latbin_OLS","q50","occurrence5_k3_tropical_temperate_polar","Northern","Coldhouse","Hothouse",0,0,NA,NA,NA,NA,NA,NA,NA,"Skipped: n < 2",NA
"percentile_latbin_OLS","q50","occurrence5_k3_tropical_temperate_polar","Northern","Coolhouse","Transitional",0,0,NA,NA,NA,NA,NA,NA,NA,"Skipped: n < 2",NA
"percentile_latbin_OLS","q50","occurrence5_k3_tropical_temperate_polar","Northern","Coolhouse","Warmhouse",0,0,NA,NA,NA,NA,NA,NA,NA,"Skipped: n < 2",NA
"percentile_latbin_OLS","q50","occurrence5_k3_tropical_temperate_polar","Northern","Coolhouse","Hothouse",0,0,NA,NA,NA,NA,NA,NA,NA,"Skipped: n < 2",NA
"percentile_latbin_OLS","q50","occurrence5_k3_tropical_temperate_polar","Northern","Transitional","Warmhouse",0,0,NA,NA,NA,NA,NA,NA,NA,"Skipped: n < 2",NA
"percentile_latbin_OLS","q50","occurrence5_k3_tropical_temperate_polar","Northern","Transitional","Hothouse",0,0,NA,NA,NA,NA,NA,NA,NA,"Skipped: n < 2",NA
"percentile_latbin_OLS","q50","occurrence5_k3_tropical_temperate_polar","Northern","Warmhouse","Hothouse",0,0,NA,NA,NA,NA,NA,NA,NA,"Skipped: n < 2",NA
"percentile_latbin_OLS","q50","occurrence5_k3_tropical_temperate_polar","Southern","Coldhouse","Coolhouse",0,0,NA,NA,NA,NA,NA,NA,NA,"Skipped: n < 2",NA
"percentile_latbin_OLS","q50","occurrence5_k3_tropical_temperate_polar","Southern","Coldhouse","Transitional",0,0,NA,NA,NA,NA,NA,NA,NA,"Skipped: n < 2",NA
"percentile_latbin_OLS","q50","occurrence5_k3_tropical_temperate_polar","Southern","Coldhouse","Warmhouse",0,0,NA,NA,NA,NA,NA,NA,NA,"Skipped: n < 2",NA
"percentile_latbin_OLS","q50","occurrence5_k3_tropical_temperate_polar","Southern","Coldhouse","Hothouse",0,0,NA,NA,NA,NA,NA,NA,NA,"Skipped: n < 2",NA
"percentile_latbin_OLS","q50","occurrence5_k3_tropical_temperate_polar","Southern","Coolhouse","Transitional",0,0,NA,NA,NA,NA,NA,NA,NA,"Skipped: n < 2",NA
"percentile_latbin_OLS","q50","occurrence5_k3_tropical_temperate_polar","Southern","Coolhouse","Warmhouse",0,0,NA,NA,NA,NA,NA,NA,NA,"Skipped: n < 2",NA
"percentile_latbin_OLS","q50","occurrence5_k3_tropical_temperate_polar","Southern","Coolhouse","Hothouse",0,0,NA,NA,NA,NA,NA,NA,NA,"Skipped: n < 2",NA
"percentile_latbin_OLS","q50","occurrence5_k3_tropical_temperate_polar","Southern","Transitional","Warmhouse",0,0,NA,NA,NA,NA,NA,NA,NA,"Skipped: n < 2",NA
"percentile_latbin_OLS","q50","occurrence5_k3_tropical_temperate_polar","Southern","Transitional","Hothouse",0,0,NA,NA,NA,NA,NA,NA,NA,"Skipped: n < 2",NA
"percentile_latbin_OLS","q50","occurrence5_k3_tropical_temperate_polar","Southern","Warmhouse","Hothouse",0,0,NA,NA,NA,NA,NA,NA,NA,"Skipped: n < 2",NA
"percentile_latbin_OLS","q50","occurrence10_k1_tropical_temperate","Northern","Coldhouse","Coolhouse",0,0,NA,NA,NA,NA,NA,NA,NA,"Skipped: n < 2",NA
"percentile_latbin_OLS","q50","occurrence10_k1_tropical_temperate","Northern","Coldhouse","Transitional",0,0,NA,NA,NA,NA,NA,NA,NA,"Skipped: n < 2",NA
"percentile_latbin_OLS","q50","occurrence10_k1_tropical_temperate","Northern","Coldhouse","Warmhouse",0,0,NA,NA,NA,NA,NA,NA,NA,"Skipped: n < 2",NA
"percentile_latbin_OLS","q50","occurrence10_k1_tropical_temperate","Northern","Coldhouse","Hothouse",0,0,NA,NA,NA,NA,NA,NA,NA,"Skipped: n < 2",NA
"percentile_latbin_OLS","q50","occurrence10_k1_tropical_temperate","Northern","Coolhouse","Transitional",0,0,NA,NA,NA,NA,NA,NA,NA,"Skipped: n < 2",NA
"percentile_latbin_OLS","q50","occurrence10_k1_tropical_temperate","Northern","Coolhouse","Warmhouse",0,0,NA,NA,NA,NA,NA,NA,NA,"Skipped: n < 2",NA
"percentile_latbin_OLS","q50","occurrence10_k1_tropical_temperate","Northern","Coolhouse","Hothouse",0,0,NA,NA,NA,NA,NA,NA,NA,"Skipped: n < 2",NA
"percentile_latbin_OLS","q50","occurrence10_k1_tropical_temperate","Northern","Transitional","Warmhouse",0,0,NA,NA,NA,NA,NA,NA,NA,"Skipped: n < 2",NA
"percentile_latbin_OLS","q50","occurrence10_k1_tropical_temperate","Northern","Transitional","Hothouse",0,0,NA,NA,NA,NA,NA,NA,NA,"Skipped: n < 2",NA
"percentile_latbin_OLS","q50","occurrence10_k1_tropical_temperate","Northern","Warmhouse","Hothouse",0,0,NA,NA,NA,NA,NA,NA,NA,"Skipped: n < 2",NA
"percentile_latbin_OLS","q50","occurrence10_k1_tropical_temperate","Southern","Coldhouse","Coolhouse",0,0,NA,NA,NA,NA,NA,NA,NA,"Skipped: n < 2",NA
"percentile_latbin_OLS","q50","occurrence10_k1_tropical_temperate","Southern","Coldhouse","Transitional",0,0,NA,NA,NA,NA,NA,NA,NA,"Skipped: n < 2",NA
"percentile_latbin_OLS","q50","occurrence10_k1_tropical_temperate","Southern","Coldhouse","Warmhouse",0,0,NA,NA,NA,NA,NA,NA,NA,"Skipped: n < 2",NA
"percentile_latbin_OLS","q50","occurrence10_k1_tropical_temperate","Southern","Coldhouse","Hothouse",0,0,NA,NA,NA,NA,NA,NA,NA,"Skipped: n < 2",NA
"percentile_latbin_OLS","q50","occurrence10_k1_tropical_temperate","Southern","Coolhouse","Transitional",0,0,NA,NA,NA,NA,NA,NA,NA,"Skipped: n < 2",NA
"percentile_latbin_OLS","q50","occurrence10_k1_tropical_temperate","Southern","Coolhouse","Warmhouse",0,0,NA,NA,NA,NA,NA,NA,NA,"Skipped: n < 2",NA
"percentile_latbin_OLS","q50","occurrence10_k1_tropical_temperate","Southern","Coolhouse","Hothouse",0,0,NA,NA,NA,NA,NA,NA,NA,"Skipped: n < 2",NA
"percentile_latbin_OLS","q50","occurrence10_k1_tropical_temperate","Southern","Transitional","Warmhouse",0,0,NA,NA,NA,NA,NA,NA,NA,"Skipped: n < 2",NA
"percentile_latbin_OLS","q50","occurrence10_k1_tropical_temperate","Southern","Transitional","Hothouse",0,0,NA,NA,NA,NA,NA,NA,NA,"Skipped: n < 2",NA
"percentile_latbin_OLS","q50","occurrence10_k1_tropical_temperate","Southern","Warmhouse","Hothouse",0,0,NA,NA,NA,NA,NA,NA,NA,"Skipped: n < 2",NA
"percentile_latbin_OLS","q50","occurrence10_k1_tropical_temperate_polar","Northern","Coldhouse","Coolhouse",0,0,NA,NA,NA,NA,NA,NA,NA,"Skipped: n < 2",NA
"percentile_latbin_OLS","q50","occurrence10_k1_tropical_temperate_polar","Northern","Coldhouse","Transitional",0,0,NA,NA,NA,NA,NA,NA,NA,"Skipped: n < 2",NA
"percentile_latbin_OLS","q50","occurrence10_k1_tropical_temperate_polar","Northern","Coldhouse","Warmhouse",0,0,NA,NA,NA,NA,NA,NA,NA,"Skipped: n < 2",NA
"percentile_latbin_OLS","q50","occurrence10_k1_tropical_temperate_polar","Northern","Coldhouse","Hothouse",0,0,NA,NA,NA,NA,NA,NA,NA,"Skipped: n < 2",NA
"percentile_latbin_OLS","q50","occurrence10_k1_tropical_temperate_polar","Northern","Coolhouse","Transitional",0,0,NA,NA,NA,NA,NA,NA,NA,"Skipped: n < 2",NA
"percentile_latbin_OLS","q50","occurrence10_k1_tropical_temperate_polar","Northern","Coolhouse","Warmhouse",0,0,NA,NA,NA,NA,NA,NA,NA,"Skipped: n < 2",NA
"percentile_latbin_OLS","q50","occurrence10_k1_tropical_temperate_polar","Northern","Coolhouse","Hothouse",0,0,NA,NA,NA,NA,NA,NA,NA,"Skipped: n < 2",NA
"percentile_latbin_OLS","q50","occurrence10_k1_tropical_temperate_polar","Northern","Transitional","Warmhouse",0,0,NA,NA,NA,NA,NA,NA,NA,"Skipped: n < 2",NA
"percentile_latbin_OLS","q50","occurrence10_k1_tropical_temperate_polar","Northern","Transitional","Hothouse",0,0,NA,NA,NA,NA,NA,NA,NA,"Skipped: n < 2",NA
"percentile_latbin_OLS","q50","occurrence10_k1_tropical_temperate_polar","Northern","Warmhouse","Hothouse",0,0,NA,NA,NA,NA,NA,NA,NA,"Skipped: n < 2",NA
"percentile_latbin_OLS","q50","occurrence10_k1_tropical_temperate_polar","Southern","Coldhouse","Coolhouse",0,0,NA,NA,NA,NA,NA,NA,NA,"Skipped: n < 2",NA
"percentile_latbin_OLS","q50","occurrence10_k1_tropical_temperate_polar","Southern","Coldhouse","Transitional",0,0,NA,NA,NA,NA,NA,NA,NA,"Skipped: n < 2",NA
"percentile_latbin_OLS","q50","occurrence10_k1_tropical_temperate_polar","Southern","Coldhouse","Warmhouse",0,0,NA,NA,NA,NA,NA,NA,NA,"Skipped: n < 2",NA
"percentile_latbin_OLS","q50","occurrence10_k1_tropical_temperate_polar","Southern","Coldhouse","Hothouse",0,0,NA,NA,NA,NA,NA,NA,NA,"Skipped: n < 2",NA
"percentile_latbin_OLS","q50","occurrence10_k1_tropical_temperate_polar","Southern","Coolhouse","Transitional",0,0,NA,NA,NA,NA,NA,NA,NA,"Skipped: n < 2",NA
"percentile_latbin_OLS","q50","occurrence10_k1_tropical_temperate_polar","Southern","Coolhouse","Warmhouse",0,0,NA,NA,NA,NA,NA,NA,NA,"Skipped: n < 2",NA
"percentile_latbin_OLS","q50","occurrence10_k1_tropical_temperate_polar","Southern","Coolhouse","Hothouse",0,0,NA,NA,NA,NA,NA,NA,NA,"Skipped: n < 2",NA
"percentile_latbin_OLS","q50","occurrence10_k1_tropical_temperate_polar","Southern","Transitional","Warmhouse",0,0,NA,NA,NA,NA,NA,NA,NA,"Skipped: n < 2",NA
"percentile_latbin_OLS","q50","occurrence10_k1_tropical_temperate_polar","Southern","Transitional","Hothouse",0,0,NA,NA,NA,NA,NA,NA,NA,"Skipped: n < 2",NA
"percentile_latbin_OLS","q50","occurrence10_k1_tropical_temperate_polar","Southern","Warmhouse","Hothouse",0,0,NA,NA,NA,NA,NA,NA,NA,"Skipped: n < 2",NA
"percentile_latbin_OLS","q50","occurrence10_k2_tropical_temperate","Northern","Coldhouse","Coolhouse",0,0,NA,NA,NA,NA,NA,NA,NA,"Skipped: n < 2",NA
"percentile_latbin_OLS","q50","occurrence10_k2_tropical_temperate","Northern","Coldhouse","Transitional",0,0,NA,NA,NA,NA,NA,NA,NA,"Skipped: n < 2",NA
"percentile_latbin_OLS","q50","occurrence10_k2_tropical_temperate","Northern","Coldhouse","Warmhouse",0,0,NA,NA,NA,NA,NA,NA,NA,"Skipped: n < 2",NA
"percentile_latbin_OLS","q50","occurrence10_k2_tropical_temperate","Northern","Coldhouse","Hothouse",0,0,NA,NA,NA,NA,NA,NA,NA,"Skipped: n < 2",NA
"percentile_latbin_OLS","q50","occurrence10_k2_tropical_temperate","Northern","Coolhouse","Transitional",0,0,NA,NA,NA,NA,NA,NA,NA,"Skipped: n < 2",NA
"percentile_latbin_OLS","q50","occurrence10_k2_tropical_temperate","Northern","Coolhouse","Warmhouse",0,0,NA,NA,NA,NA,NA,NA,NA,"Skipped: n < 2",NA
"percentile_latbin_OLS","q50","occurrence10_k2_tropical_temperate","Northern","Coolhouse","Hothouse",0,0,NA,NA,NA,NA,NA,NA,NA,"Skipped: n < 2",NA
"percentile_latbin_OLS","q50","occurrence10_k2_tropical_temperate","Northern","Transitional","Warmhouse",0,0,NA,NA,NA,NA,NA,NA,NA,"Skipped: n < 2",NA
"percentile_latbin_OLS","q50","occurrence10_k2_tropical_temperate","Northern","Transitional","Hothouse",0,0,NA,NA,NA,NA,NA,NA,NA,"Skipped: n < 2",NA
"percentile_latbin_OLS","q50","occurrence10_k2_tropical_temperate","Northern","Warmhouse","Hothouse",0,0,NA,NA,NA,NA,NA,NA,NA,"Skipped: n < 2",NA
"percentile_latbin_OLS","q50","occurrence10_k2_tropical_temperate","Southern","Coldhouse","Coolhouse",0,0,NA,NA,NA,NA,NA,NA,NA,"Skipped: n < 2",NA
"percentile_latbin_OLS","q50","occurrence10_k2_tropical_temperate","Southern","Coldhouse","Transitional",0,0,NA,NA,NA,NA,NA,NA,NA,"Skipped: n < 2",NA
"percentile_latbin_OLS","q50","occurrence10_k2_tropical_temperate","Southern","Coldhouse","Warmhouse",0,0,NA,NA,NA,NA,NA,NA,NA,"Skipped: n < 2",NA
"percentile_latbin_OLS","q50","occurrence10_k2_tropical_temperate","Southern","Coldhouse","Hothouse",0,0,NA,NA,NA,NA,NA,NA,NA,"Skipped: n < 2",NA
"percentile_latbin_OLS","q50","occurrence10_k2_tropical_temperate","Southern","Coolhouse","Transitional",0,0,NA,NA,NA,NA,NA,NA,NA,"Skipped: n < 2",NA
"percentile_latbin_OLS","q50","occurrence10_k2_tropical_temperate","Southern","Coolhouse","Warmhouse",0,0,NA,NA,NA,NA,NA,NA,NA,"Skipped: n < 2",NA
"percentile_latbin_OLS","q50","occurrence10_k2_tropical_temperate","Southern","Coolhouse","Hothouse",0,0,NA,NA,NA,NA,NA,NA,NA,"Skipped: n < 2",NA
"percentile_latbin_OLS","q50","occurrence10_k2_tropical_temperate","Southern","Transitional","Warmhouse",0,0,NA,NA,NA,NA,NA,NA,NA,"Skipped: n < 2",NA
"percentile_latbin_OLS","q50","occurrence10_k2_tropical_temperate","Southern","Transitional","Hothouse",0,0,NA,NA,NA,NA,NA,NA,NA,"Skipped: n < 2",NA
"percentile_latbin_OLS","q50","occurrence10_k2_tropical_temperate","Southern","Warmhouse","Hothouse",0,0,NA,NA,NA,NA,NA,NA,NA,"Skipped: n < 2",NA
"percentile_latbin_OLS","q50","occurrence10_k2_tropical_temperate_polar","Northern","Coldhouse","Coolhouse",0,0,NA,NA,NA,NA,NA,NA,NA,"Skipped: n < 2",NA
"percentile_latbin_OLS","q50","occurrence10_k2_tropical_temperate_polar","Northern","Coldhouse","Transitional",0,0,NA,NA,NA,NA,NA,NA,NA,"Skipped: n < 2",NA
"percentile_latbin_OLS","q50","occurrence10_k2_tropical_temperate_polar","Northern","Coldhouse","Warmhouse",0,0,NA,NA,NA,NA,NA,NA,NA,"Skipped: n < 2",NA
"percentile_latbin_OLS","q50","occurrence10_k2_tropical_temperate_polar","Northern","Coldhouse","Hothouse",0,0,NA,NA,NA,NA,NA,NA,NA,"Skipped: n < 2",NA
"percentile_latbin_OLS","q50","occurrence10_k2_tropical_temperate_polar","Northern","Coolhouse","Transitional",0,0,NA,NA,NA,NA,NA,NA,NA,"Skipped: n < 2",NA
"percentile_latbin_OLS","q50","occurrence10_k2_tropical_temperate_polar","Northern","Coolhouse","Warmhouse",0,0,NA,NA,NA,NA,NA,NA,NA,"Skipped: n < 2",NA
"percentile_latbin_OLS","q50","occurrence10_k2_tropical_temperate_polar","Northern","Coolhouse","Hothouse",0,0,NA,NA,NA,NA,NA,NA,NA,"Skipped: n < 2",NA
"percentile_latbin_OLS","q50","occurrence10_k2_tropical_temperate_polar","Northern","Transitional","Warmhouse",0,0,NA,NA,NA,NA,NA,NA,NA,"Skipped: n < 2",NA
"percentile_latbin_OLS","q50","occurrence10_k2_tropical_temperate_polar","Northern","Transitional","Hothouse",0,0,NA,NA,NA,NA,NA,NA,NA,"Skipped: n < 2",NA
"percentile_latbin_OLS","q50","occurrence10_k2_tropical_temperate_polar","Northern","Warmhouse","Hothouse",0,0,NA,NA,NA,NA,NA,NA,NA,"Skipped: n < 2",NA
"percentile_latbin_OLS","q50","occurrence10_k2_tropical_temperate_polar","Southern","Coldhouse","Coolhouse",0,0,NA,NA,NA,NA,NA,NA,NA,"Skipped: n < 2",NA
"percentile_latbin_OLS","q50","occurrence10_k2_tropical_temperate_polar","Southern","Coldhouse","Transitional",0,0,NA,NA,NA,NA,NA,NA,NA,"Skipped: n < 2",NA
"percentile_latbin_OLS","q50","occurrence10_k2_tropical_temperate_polar","Southern","Coldhouse","Warmhouse",0,0,NA,NA,NA,NA,NA,NA,NA,"Skipped: n < 2",NA
"percentile_latbin_OLS","q50","occurrence10_k2_tropical_temperate_polar","Southern","Coldhouse","Hothouse",0,0,NA,NA,NA,NA,NA,NA,NA,"Skipped: n < 2",NA
"percentile_latbin_OLS","q50","occurrence10_k2_tropical_temperate_polar","Southern","Coolhouse","Transitional",0,0,NA,NA,NA,NA,NA,NA,NA,"Skipped: n < 2",NA
"percentile_latbin_OLS","q50","occurrence10_k2_tropical_temperate_polar","Southern","Coolhouse","Warmhouse",0,0,NA,NA,NA,NA,NA,NA,NA,"Skipped: n < 2",NA
"percentile_latbin_OLS","q50","occurrence10_k2_tropical_temperate_polar","Southern","Coolhouse","Hothouse",0,0,NA,NA,NA,NA,NA,NA,NA,"Skipped: n < 2",NA
"percentile_latbin_OLS","q50","occurrence10_k2_tropical_temperate_polar","Southern","Transitional","Warmhouse",0,0,NA,NA,NA,NA,NA,NA,NA,"Skipped: n < 2",NA
"percentile_latbin_OLS","q50","occurrence10_k2_tropical_temperate_polar","Southern","Transitional","Hothouse",0,0,NA,NA,NA,NA,NA,NA,NA,"Skipped: n < 2",NA
"percentile_latbin_OLS","q50","occurrence10_k2_tropical_temperate_polar","Southern","Warmhouse","Hothouse",0,0,NA,NA,NA,NA,NA,NA,NA,"Skipped: n < 2",NA
"percentile_latbin_OLS","q50","occurrence10_k3_tropical_temperate","Northern","Coldhouse","Coolhouse",0,0,NA,NA,NA,NA,NA,NA,NA,"Skipped: n < 2",NA
"percentile_latbin_OLS","q50","occurrence10_k3_tropical_temperate","Northern","Coldhouse","Transitional",0,0,NA,NA,NA,NA,NA,NA,NA,"Skipped: n < 2",NA
"percentile_latbin_OLS","q50","occurrence10_k3_tropical_temperate","Northern","Coldhouse","Warmhouse",0,0,NA,NA,NA,NA,NA,NA,NA,"Skipped: n < 2",NA
"percentile_latbin_OLS","q50","occurrence10_k3_tropical_temperate","Northern","Coldhouse","Hothouse",0,0,NA,NA,NA,NA,NA,NA,NA,"Skipped: n < 2",NA
"percentile_latbin_OLS","q50","occurrence10_k3_tropical_temperate","Northern","Coolhouse","Transitional",0,0,NA,NA,NA,NA,NA,NA,NA,"Skipped: n < 2",NA
"percentile_latbin_OLS","q50","occurrence10_k3_tropical_temperate","Northern","Coolhouse","Warmhouse",0,0,NA,NA,NA,NA,NA,NA,NA,"Skipped: n < 2",NA
"percentile_latbin_OLS","q50","occurrence10_k3_tropical_temperate","Northern","Coolhouse","Hothouse",0,0,NA,NA,NA,NA,NA,NA,NA,"Skipped: n < 2",NA
"percentile_latbin_OLS","q50","occurrence10_k3_tropical_temperate","Northern","Transitional","Warmhouse",0,0,NA,NA,NA,NA,NA,NA,NA,"Skipped: n < 2",NA
"percentile_latbin_OLS","q50","occurrence10_k3_tropical_temperate","Northern","Transitional","Hothouse",0,0,NA,NA,NA,NA,NA,NA,NA,"Skipped: n < 2",NA
"percentile_latbin_OLS","q50","occurrence10_k3_tropical_temperate","Northern","Warmhouse","Hothouse",0,0,NA,NA,NA,NA,NA,NA,NA,"Skipped: n < 2",NA
"percentile_latbin_OLS","q50","occurrence10_k3_tropical_temperate","Southern","Coldhouse","Coolhouse",0,0,NA,NA,NA,NA,NA,NA,NA,"Skipped: n < 2",NA
"percentile_latbin_OLS","q50","occurrence10_k3_tropical_temperate","Southern","Coldhouse","Transitional",0,0,NA,NA,NA,NA,NA,NA,NA,"Skipped: n < 2",NA
"percentile_latbin_OLS","q50","occurrence10_k3_tropical_temperate","Southern","Coldhouse","Warmhouse",0,0,NA,NA,NA,NA,NA,NA,NA,"Skipped: n < 2",NA
"percentile_latbin_OLS","q50","occurrence10_k3_tropical_temperate","Southern","Coldhouse","Hothouse",0,0,NA,NA,NA,NA,NA,NA,NA,"Skipped: n < 2",NA
"percentile_latbin_OLS","q50","occurrence10_k3_tropical_temperate","Southern","Coolhouse","Transitional",0,0,NA,NA,NA,NA,NA,NA,NA,"Skipped: n < 2",NA
"percentile_latbin_OLS","q50","occurrence10_k3_tropical_temperate","Southern","Coolhouse","Warmhouse",0,0,NA,NA,NA,NA,NA,NA,NA,"Skipped: n < 2",NA
"percentile_latbin_OLS","q50","occurrence10_k3_tropical_temperate","Southern","Coolhouse","Hothouse",0,0,NA,NA,NA,NA,NA,NA,NA,"Skipped: n < 2",NA
"percentile_latbin_OLS","q50","occurrence10_k3_tropical_temperate","Southern","Transitional","Warmhouse",0,0,NA,NA,NA,NA,NA,NA,NA,"Skipped: n < 2",NA
"percentile_latbin_OLS","q50","occurrence10_k3_tropical_temperate","Southern","Transitional","Hothouse",0,0,NA,NA,NA,NA,NA,NA,NA,"Skipped: n < 2",NA
"percentile_latbin_OLS","q50","occurrence10_k3_tropical_temperate","Southern","Warmhouse","Hothouse",0,0,NA,NA,NA,NA,NA,NA,NA,"Skipped: n < 2",NA
"percentile_latbin_OLS","q50","occurrence10_k3_tropical_temperate_polar","Northern","Coldhouse","Coolhouse",0,0,NA,NA,NA,NA,NA,NA,NA,"Skipped: n < 2",NA
"percentile_latbin_OLS","q50","occurrence10_k3_tropical_temperate_polar","Northern","Coldhouse","Transitional",0,0,NA,NA,NA,NA,NA,NA,NA,"Skipped: n < 2",NA
"percentile_latbin_OLS","q50","occurrence10_k3_tropical_temperate_polar","Northern","Coldhouse","Warmhouse",0,0,NA,NA,NA,NA,NA,NA,NA,"Skipped: n < 2",NA
"percentile_latbin_OLS","q50","occurrence10_k3_tropical_temperate_polar","Northern","Coldhouse","Hothouse",0,0,NA,NA,NA,NA,NA,NA,NA,"Skipped: n < 2",NA
"percentile_latbin_OLS","q50","occurrence10_k3_tropical_temperate_polar","Northern","Coolhouse","Transitional",0,0,NA,NA,NA,NA,NA,NA,NA,"Skipped: n < 2",NA
"percentile_latbin_OLS","q50","occurrence10_k3_tropical_temperate_polar","Northern","Coolhouse","Warmhouse",0,0,NA,NA,NA,NA,NA,NA,NA,"Skipped: n < 2",NA
"percentile_latbin_OLS","q50","occurrence10_k3_tropical_temperate_polar","Northern","Coolhouse","Hothouse",0,0,NA,NA,NA,NA,NA,NA,NA,"Skipped: n < 2",NA
"percentile_latbin_OLS","q50","occurrence10_k3_tropical_temperate_polar","Northern","Transitional","Warmhouse",0,0,NA,NA,NA,NA,NA,NA,NA,"Skipped: n < 2",NA
"percentile_latbin_OLS","q50","occurrence10_k3_tropical_temperate_polar","Northern","Transitional","Hothouse",0,0,NA,NA,NA,NA,NA,NA,NA,"Skipped: n < 2",NA
"percentile_latbin_OLS","q50","occurrence10_k3_tropical_temperate_polar","Northern","Warmhouse","Hothouse",0,0,NA,NA,NA,NA,NA,NA,NA,"Skipped: n < 2",NA
"percentile_latbin_OLS","q50","occurrence10_k3_tropical_temperate_polar","Southern","Coldhouse","Coolhouse",0,0,NA,NA,NA,NA,NA,NA,NA,"Skipped: n < 2",NA
"percentile_latbin_OLS","q50","occurrence10_k3_tropical_temperate_polar","Southern","Coldhouse","Transitional",0,0,NA,NA,NA,NA,NA,NA,NA,"Skipped: n < 2",NA
"percentile_latbin_OLS","q50","occurrence10_k3_tropical_temperate_polar","Southern","Coldhouse","Warmhouse",0,0,NA,NA,NA,NA,NA,NA,NA,"Skipped: n < 2",NA
"percentile_latbin_OLS","q50","occurrence10_k3_tropical_temperate_polar","Southern","Coldhouse","Hothouse",0,0,NA,NA,NA,NA,NA,NA,NA,"Skipped: n < 2",NA
"percentile_latbin_OLS","q50","occurrence10_k3_tropical_temperate_polar","Southern","Coolhouse","Transitional",0,0,NA,NA,NA,NA,NA,NA,NA,"Skipped: n < 2",NA
"percentile_latbin_OLS","q50","occurrence10_k3_tropical_temperate_polar","Southern","Coolhouse","Warmhouse",0,0,NA,NA,NA,NA,NA,NA,NA,"Skipped: n < 2",NA
"percentile_latbin_OLS","q50","occurrence10_k3_tropical_temperate_polar","Southern","Coolhouse","Hothouse",0,0,NA,NA,NA,NA,NA,NA,NA,"Skipped: n < 2",NA
"percentile_latbin_OLS","q50","occurrence10_k3_tropical_temperate_polar","Southern","Transitional","Warmhouse",0,0,NA,NA,NA,NA,NA,NA,NA,"Skipped: n < 2",NA
"percentile_latbin_OLS","q50","occurrence10_k3_tropical_temperate_polar","Southern","Transitional","Hothouse",0,0,NA,NA,NA,NA,NA,NA,NA,"Skipped: n < 2",NA
"percentile_latbin_OLS","q50","occurrence10_k3_tropical_temperate_polar","Southern","Warmhouse","Hothouse",0,0,NA,NA,NA,NA,NA,NA,NA,"Skipped: n < 2",NA
"percentile_latbin_OLS","q50","collection5_k1_tropical_temperate","Northern","Coldhouse","Coolhouse",0,0,NA,NA,NA,NA,NA,NA,NA,"Skipped: n < 2",NA
"percentile_latbin_OLS","q50","collection5_k1_tropical_temperate","Northern","Coldhouse","Transitional",0,0,NA,NA,NA,NA,NA,NA,NA,"Skipped: n < 2",NA
"percentile_latbin_OLS","q50","collection5_k1_tropical_temperate","Northern","Coldhouse","Warmhouse",0,0,NA,NA,NA,NA,NA,NA,NA,"Skipped: n < 2",NA
"percentile_latbin_OLS","q50","collection5_k1_tropical_temperate","Northern","Coldhouse","Hothouse",0,0,NA,NA,NA,NA,NA,NA,NA,"Skipped: n < 2",NA
"percentile_latbin_OLS","q50","collection5_k1_tropical_temperate","Northern","Coolhouse","Transitional",0,0,NA,NA,NA,NA,NA,NA,NA,"Skipped: n < 2",NA
"percentile_latbin_OLS","q50","collection5_k1_tropical_temperate","Northern","Coolhouse","Warmhouse",0,0,NA,NA,NA,NA,NA,NA,NA,"Skipped: n < 2",NA
"percentile_latbin_OLS","q50","collection5_k1_tropical_temperate","Northern","Coolhouse","Hothouse",0,0,NA,NA,NA,NA,NA,NA,NA,"Skipped: n < 2",NA
"percentile_latbin_OLS","q50","collection5_k1_tropical_temperate","Northern","Transitional","Warmhouse",0,0,NA,NA,NA,NA,NA,NA,NA,"Skipped: n < 2",NA
"percentile_latbin_OLS","q50","collection5_k1_tropical_temperate","Northern","Transitional","Hothouse",0,0,NA,NA,NA,NA,NA,NA,NA,"Skipped: n < 2",NA
"percentile_latbin_OLS","q50","collection5_k1_tropical_temperate","Northern","Warmhouse","Hothouse",0,0,NA,NA,NA,NA,NA,NA,NA,"Skipped: n < 2",NA
"percentile_latbin_OLS","q50","collection5_k1_tropical_temperate","Southern","Coldhouse","Coolhouse",0,0,NA,NA,NA,NA,NA,NA,NA,"Skipped: n < 2",NA
"percentile_latbin_OLS","q50","collection5_k1_tropical_temperate","Southern","Coldhouse","Transitional",0,0,NA,NA,NA,NA,NA,NA,NA,"Skipped: n < 2",NA
"percentile_latbin_OLS","q50","collection5_k1_tropical_temperate","Southern","Coldhouse","Warmhouse",0,0,NA,NA,NA,NA,NA,NA,NA,"Skipped: n < 2",NA
"percentile_latbin_OLS","q50","collection5_k1_tropical_temperate","Southern","Coldhouse","Hothouse",0,0,NA,NA,NA,NA,NA,NA,NA,"Skipped: n < 2",NA
"percentile_latbin_OLS","q50","collection5_k1_tropical_temperate","Southern","Coolhouse","Transitional",0,0,NA,NA,NA,NA,NA,NA,NA,"Skipped: n < 2",NA
"percentile_latbin_OLS","q50","collection5_k1_tropical_temperate","Southern","Coolhouse","Warmhouse",0,0,NA,NA,NA,NA,NA,NA,NA,"Skipped: n < 2",NA
"percentile_latbin_OLS","q50","collection5_k1_tropical_temperate","Southern","Coolhouse","Hothouse",0,0,NA,NA,NA,NA,NA,NA,NA,"Skipped: n < 2",NA
"percentile_latbin_OLS","q50","collection5_k1_tropical_temperate","Southern","Transitional","Warmhouse",0,0,NA,NA,NA,NA,NA,NA,NA,"Skipped: n < 2",NA
"percentile_latbin_OLS","q50","collection5_k1_tropical_temperate","Southern","Transitional","Hothouse",0,0,NA,NA,NA,NA,NA,NA,NA,"Skipped: n < 2",NA
"percentile_latbin_OLS","q50","collection5_k1_tropical_temperate","Southern","Warmhouse","Hothouse",0,0,NA,NA,NA,NA,NA,NA,NA,"Skipped: n < 2",NA
"percentile_latbin_OLS","q50","collection5_k1_tropical_temperate_polar","Northern","Coldhouse","Coolhouse",0,0,NA,NA,NA,NA,NA,NA,NA,"Skipped: n < 2",NA
"percentile_latbin_OLS","q50","collection5_k1_tropical_temperate_polar","Northern","Coldhouse","Transitional",0,0,NA,NA,NA,NA,NA,NA,NA,"Skipped: n < 2",NA
"percentile_latbin_OLS","q50","collection5_k1_tropical_temperate_polar","Northern","Coldhouse","Warmhouse",0,0,NA,NA,NA,NA,NA,NA,NA,"Skipped: n < 2",NA
"percentile_latbin_OLS","q50","collection5_k1_tropical_temperate_polar","Northern","Coldhouse","Hothouse",0,0,NA,NA,NA,NA,NA,NA,NA,"Skipped: n < 2",NA
"percentile_latbin_OLS","q50","collection5_k1_tropical_temperate_polar","Northern","Coolhouse","Transitional",0,0,NA,NA,NA,NA,NA,NA,NA,"Skipped: n < 2",NA
"percentile_latbin_OLS","q50","collection5_k1_tropical_temperate_polar","Northern","Coolhouse","Warmhouse",0,0,NA,NA,NA,NA,NA,NA,NA,"Skipped: n < 2",NA
"percentile_latbin_OLS","q50","collection5_k1_tropical_temperate_polar","Northern","Coolhouse","Hothouse",0,0,NA,NA,NA,NA,NA,NA,NA,"Skipped: n < 2",NA
"percentile_latbin_OLS","q50","collection5_k1_tropical_temperate_polar","Northern","Transitional","Warmhouse",0,0,NA,NA,NA,NA,NA,NA,NA,"Skipped: n < 2",NA
"percentile_latbin_OLS","q50","collection5_k1_tropical_temperate_polar","Northern","Transitional","Hothouse",0,0,NA,NA,NA,NA,NA,NA,NA,"Skipped: n < 2",NA
"percentile_latbin_OLS","q50","collection5_k1_tropical_temperate_polar","Northern","Warmhouse","Hothouse",0,0,NA,NA,NA,NA,NA,NA,NA,"Skipped: n < 2",NA
"percentile_latbin_OLS","q50","collection5_k1_tropical_temperate_polar","Southern","Coldhouse","Coolhouse",0,0,NA,NA,NA,NA,NA,NA,NA,"Skipped: n < 2",NA
"percentile_latbin_OLS","q50","collection5_k1_tropical_temperate_polar","Southern","Coldhouse","Transitional",0,0,NA,NA,NA,NA,NA,NA,NA,"Skipped: n < 2",NA
"percentile_latbin_OLS","q50","collection5_k1_tropical_temperate_polar","Southern","Coldhouse","Warmhouse",0,0,NA,NA,NA,NA,NA,NA,NA,"Skipped: n < 2",NA
"percentile_latbin_OLS","q50","collection5_k1_tropical_temperate_polar","Southern","Coldhouse","Hothouse",0,0,NA,NA,NA,NA,NA,NA,NA,"Skipped: n < 2",NA
"percentile_latbin_OLS","q50","collection5_k1_tropical_temperate_polar","Southern","Coolhouse","Transitional",0,0,NA,NA,NA,NA,NA,NA,NA,"Skipped: n < 2",NA
"percentile_latbin_OLS","q50","collection5_k1_tropical_temperate_polar","Southern","Coolhouse","Warmhouse",0,0,NA,NA,NA,NA,NA,NA,NA,"Skipped: n < 2",NA
"percentile_latbin_OLS","q50","collection5_k1_tropical_temperate_polar","Southern","Coolhouse","Hothouse",0,0,NA,NA,NA,NA,NA,NA,NA,"Skipped: n < 2",NA
"percentile_latbin_OLS","q50","collection5_k1_tropical_temperate_polar","Southern","Transitional","Warmhouse",0,0,NA,NA,NA,NA,NA,NA,NA,"Skipped: n < 2",NA
"percentile_latbin_OLS","q50","collection5_k1_tropical_temperate_polar","Southern","Transitional","Hothouse",0,0,NA,NA,NA,NA,NA,NA,NA,"Skipped: n < 2",NA
"percentile_latbin_OLS","q50","collection5_k1_tropical_temperate_polar","Southern","Warmhouse","Hothouse",0,0,NA,NA,NA,NA,NA,NA,NA,"Skipped: n < 2",NA
"percentile_latbin_OLS","q50","collection5_k2_tropical_temperate","Northern","Coldhouse","Coolhouse",0,0,NA,NA,NA,NA,NA,NA,NA,"Skipped: n < 2",NA
"percentile_latbin_OLS","q50","collection5_k2_tropical_temperate","Northern","Coldhouse","Transitional",0,0,NA,NA,NA,NA,NA,NA,NA,"Skipped: n < 2",NA
"percentile_latbin_OLS","q50","collection5_k2_tropical_temperate","Northern","Coldhouse","Warmhouse",0,0,NA,NA,NA,NA,NA,NA,NA,"Skipped: n < 2",NA
"percentile_latbin_OLS","q50","collection5_k2_tropical_temperate","Northern","Coldhouse","Hothouse",0,0,NA,NA,NA,NA,NA,NA,NA,"Skipped: n < 2",NA
"percentile_latbin_OLS","q50","collection5_k2_tropical_temperate","Northern","Coolhouse","Transitional",0,0,NA,NA,NA,NA,NA,NA,NA,"Skipped: n < 2",NA
"percentile_latbin_OLS","q50","collection5_k2_tropical_temperate","Northern","Coolhouse","Warmhouse",0,0,NA,NA,NA,NA,NA,NA,NA,"Skipped: n < 2",NA
"percentile_latbin_OLS","q50","collection5_k2_tropical_temperate","Northern","Coolhouse","Hothouse",0,0,NA,NA,NA,NA,NA,NA,NA,"Skipped: n < 2",NA
"percentile_latbin_OLS","q50","collection5_k2_tropical_temperate","Northern","Transitional","Warmhouse",0,0,NA,NA,NA,NA,NA,NA,NA,"Skipped: n < 2",NA
"percentile_latbin_OLS","q50","collection5_k2_tropical_temperate","Northern","Transitional","Hothouse",0,0,NA,NA,NA,NA,NA,NA,NA,"Skipped: n < 2",NA
"percentile_latbin_OLS","q50","collection5_k2_tropical_temperate","Northern","Warmhouse","Hothouse",0,0,NA,NA,NA,NA,NA,NA,NA,"Skipped: n < 2",NA
"percentile_latbin_OLS","q50","collection5_k2_tropical_temperate","Southern","Coldhouse","Coolhouse",0,0,NA,NA,NA,NA,NA,NA,NA,"Skipped: n < 2",NA
"percentile_latbin_OLS","q50","collection5_k2_tropical_temperate","Southern","Coldhouse","Transitional",0,0,NA,NA,NA,NA,NA,NA,NA,"Skipped: n < 2",NA
"percentile_latbin_OLS","q50","collection5_k2_tropical_temperate","Southern","Coldhouse","Warmhouse",0,0,NA,NA,NA,NA,NA,NA,NA,"Skipped: n < 2",NA
"percentile_latbin_OLS","q50","collection5_k2_tropical_temperate","Southern","Coldhouse","Hothouse",0,0,NA,NA,NA,NA,NA,NA,NA,"Skipped: n < 2",NA
"percentile_latbin_OLS","q50","collection5_k2_tropical_temperate","Southern","Coolhouse","Transitional",0,0,NA,NA,NA,NA,NA,NA,NA,"Skipped: n < 2",NA
"percentile_latbin_OLS","q50","collection5_k2_tropical_temperate","Southern","Coolhouse","Warmhouse",0,0,NA,NA,NA,NA,NA,NA,NA,"Skipped: n < 2",NA
"percentile_latbin_OLS","q50","collection5_k2_tropical_temperate","Southern","Coolhouse","Hothouse",0,0,NA,NA,NA,NA,NA,NA,NA,"Skipped: n < 2",NA
"percentile_latbin_OLS","q50","collection5_k2_tropical_temperate","Southern","Transitional","Warmhouse",0,0,NA,NA,NA,NA,NA,NA,NA,"Skipped: n < 2",NA
"percentile_latbin_OLS","q50","collection5_k2_tropical_temperate","Southern","Transitional","Hothouse",0,0,NA,NA,NA,NA,NA,NA,NA,"Skipped: n < 2",NA
"percentile_latbin_OLS","q50","collection5_k2_tropical_temperate","Southern","Warmhouse","Hothouse",0,0,NA,NA,NA,NA,NA,NA,NA,"Skipped: n < 2",NA
"percentile_latbin_OLS","q50","collection5_k2_tropical_temperate_polar","Northern","Coldhouse","Coolhouse",0,0,NA,NA,NA,NA,NA,NA,NA,"Skipped: n < 2",NA
"percentile_latbin_OLS","q50","collection5_k2_tropical_temperate_polar","Northern","Coldhouse","Transitional",0,0,NA,NA,NA,NA,NA,NA,NA,"Skipped: n < 2",NA
"percentile_latbin_OLS","q50","collection5_k2_tropical_temperate_polar","Northern","Coldhouse","Warmhouse",0,0,NA,NA,NA,NA,NA,NA,NA,"Skipped: n < 2",NA
"percentile_latbin_OLS","q50","collection5_k2_tropical_temperate_polar","Northern","Coldhouse","Hothouse",0,0,NA,NA,NA,NA,NA,NA,NA,"Skipped: n < 2",NA
"percentile_latbin_OLS","q50","collection5_k2_tropical_temperate_polar","Northern","Coolhouse","Transitional",0,0,NA,NA,NA,NA,NA,NA,NA,"Skipped: n < 2",NA
"percentile_latbin_OLS","q50","collection5_k2_tropical_temperate_polar","Northern","Coolhouse","Warmhouse",0,0,NA,NA,NA,NA,NA,NA,NA,"Skipped: n < 2",NA
"percentile_latbin_OLS","q50","collection5_k2_tropical_temperate_polar","Northern","Coolhouse","Hothouse",0,0,NA,NA,NA,NA,NA,NA,NA,"Skipped: n < 2",NA
"percentile_latbin_OLS","q50","collection5_k2_tropical_temperate_polar","Northern","Transitional","Warmhouse",0,0,NA,NA,NA,NA,NA,NA,NA,"Skipped: n < 2",NA
"percentile_latbin_OLS","q50","collection5_k2_tropical_temperate_polar","Northern","Transitional","Hothouse",0,0,NA,NA,NA,NA,NA,NA,NA,"Skipped: n < 2",NA
"percentile_latbin_OLS","q50","collection5_k2_tropical_temperate_polar","Northern","Warmhouse","Hothouse",0,0,NA,NA,NA,NA,NA,NA,NA,"Skipped: n < 2",NA
"percentile_latbin_OLS","q50","collection5_k2_tropical_temperate_polar","Southern","Coldhouse","Coolhouse",0,0,NA,NA,NA,NA,NA,NA,NA,"Skipped: n < 2",NA
"percentile_latbin_OLS","q50","collection5_k2_tropical_temperate_polar","Southern","Coldhouse","Transitional",0,0,NA,NA,NA,NA,NA,NA,NA,"Skipped: n < 2",NA
"percentile_latbin_OLS","q50","collection5_k2_tropical_temperate_polar","Southern","Coldhouse","Warmhouse",0,0,NA,NA,NA,NA,NA,NA,NA,"Skipped: n < 2",NA
"percentile_latbin_OLS","q50","collection5_k2_tropical_temperate_polar","Southern","Coldhouse","Hothouse",0,0,NA,NA,NA,NA,NA,NA,NA,"Skipped: n < 2",NA
"percentile_latbin_OLS","q50","collection5_k2_tropical_temperate_polar","Southern","Coolhouse","Transitional",0,0,NA,NA,NA,NA,NA,NA,NA,"Skipped: n < 2",NA
"percentile_latbin_OLS","q50","collection5_k2_tropical_temperate_polar","Southern","Coolhouse","Warmhouse",0,0,NA,NA,NA,NA,NA,NA,NA,"Skipped: n < 2",NA
"percentile_latbin_OLS","q50","collection5_k2_tropical_temperate_polar","Southern","Coolhouse","Hothouse",0,0,NA,NA,NA,NA,NA,NA,NA,"Skipped: n < 2",NA
"percentile_latbin_OLS","q50","collection5_k2_tropical_temperate_polar","Southern","Transitional","Warmhouse",0,0,NA,NA,NA,NA,NA,NA,NA,"Skipped: n < 2",NA
"percentile_latbin_OLS","q50","collection5_k2_tropical_temperate_polar","Southern","Transitional","Hothouse",0,0,NA,NA,NA,NA,NA,NA,NA,"Skipped: n < 2",NA
"percentile_latbin_OLS","q50","collection5_k2_tropical_temperate_polar","Southern","Warmhouse","Hothouse",0,0,NA,NA,NA,NA,NA,NA,NA,"Skipped: n < 2",NA
"percentile_latbin_OLS","q50","collection5_k3_tropical_temperate","Northern","Coldhouse","Coolhouse",0,0,NA,NA,NA,NA,NA,NA,NA,"Skipped: n < 2",NA
"percentile_latbin_OLS","q50","collection5_k3_tropical_temperate","Northern","Coldhouse","Transitional",0,0,NA,NA,NA,NA,NA,NA,NA,"Skipped: n < 2",NA
"percentile_latbin_OLS","q50","collection5_k3_tropical_temperate","Northern","Coldhouse","Warmhouse",0,0,NA,NA,NA,NA,NA,NA,NA,"Skipped: n < 2",NA
"percentile_latbin_OLS","q50","collection5_k3_tropical_temperate","Northern","Coldhouse","Hothouse",0,0,NA,NA,NA,NA,NA,NA,NA,"Skipped: n < 2",NA
"percentile_latbin_OLS","q50","collection5_k3_tropical_temperate","Northern","Coolhouse","Transitional",0,0,NA,NA,NA,NA,NA,NA,NA,"Skipped: n < 2",NA
"percentile_latbin_OLS","q50","collection5_k3_tropical_temperate","Northern","Coolhouse","Warmhouse",0,0,NA,NA,NA,NA,NA,NA,NA,"Skipped: n < 2",NA
"percentile_latbin_OLS","q50","collection5_k3_tropical_temperate","Northern","Coolhouse","Hothouse",0,0,NA,NA,NA,NA,NA,NA,NA,"Skipped: n < 2",NA
"percentile_latbin_OLS","q50","collection5_k3_tropical_temperate","Northern","Transitional","Warmhouse",0,0,NA,NA,NA,NA,NA,NA,NA,"Skipped: n < 2",NA
"percentile_latbin_OLS","q50","collection5_k3_tropical_temperate","Northern","Transitional","Hothouse",0,0,NA,NA,NA,NA,NA,NA,NA,"Skipped: n < 2",NA
"percentile_latbin_OLS","q50","collection5_k3_tropical_temperate","Northern","Warmhouse","Hothouse",0,0,NA,NA,NA,NA,NA,NA,NA,"Skipped: n < 2",NA
"percentile_latbin_OLS","q50","collection5_k3_tropical_temperate","Southern","Coldhouse","Coolhouse",0,0,NA,NA,NA,NA,NA,NA,NA,"Skipped: n < 2",NA
"percentile_latbin_OLS","q50","collection5_k3_tropical_temperate","Southern","Coldhouse","Transitional",0,0,NA,NA,NA,NA,NA,NA,NA,"Skipped: n < 2",NA
"percentile_latbin_OLS","q50","collection5_k3_tropical_temperate","Southern","Coldhouse","Warmhouse",0,0,NA,NA,NA,NA,NA,NA,NA,"Skipped: n < 2",NA
"percentile_latbin_OLS","q50","collection5_k3_tropical_temperate","Southern","Coldhouse","Hothouse",0,0,NA,NA,NA,NA,NA,NA,NA,"Skipped: n < 2",NA
"percentile_latbin_OLS","q50","collection5_k3_tropical_temperate","Southern","Coolhouse","Transitional",0,0,NA,NA,NA,NA,NA,NA,NA,"Skipped: n < 2",NA
"percentile_latbin_OLS","q50","collection5_k3_tropical_temperate","Southern","Coolhouse","Warmhouse",0,0,NA,NA,NA,NA,NA,NA,NA,"Skipped: n < 2",NA
"percentile_latbin_OLS","q50","collection5_k3_tropical_temperate","Southern","Coolhouse","Hothouse",0,0,NA,NA,NA,NA,NA,NA,NA,"Skipped: n < 2",NA
"percentile_latbin_OLS","q50","collection5_k3_tropical_temperate","Southern","Transitional","Warmhouse",0,0,NA,NA,NA,NA,NA,NA,NA,"Skipped: n < 2",NA
"percentile_latbin_OLS","q50","collection5_k3_tropical_temperate","Southern","Transitional","Hothouse",0,0,NA,NA,NA,NA,NA,NA,NA,"Skipped: n < 2",NA
"percentile_latbin_OLS","q50","collection5_k3_tropical_temperate","Southern","Warmhouse","Hothouse",0,0,NA,NA,NA,NA,NA,NA,NA,"Skipped: n < 2",NA
"percentile_latbin_OLS","q50","collection5_k3_tropical_temperate_polar","Northern","Coldhouse","Coolhouse",0,0,NA,NA,NA,NA,NA,NA,NA,"Skipped: n < 2",NA
"percentile_latbin_OLS","q50","collection5_k3_tropical_temperate_polar","Northern","Coldhouse","Transitional",0,0,NA,NA,NA,NA,NA,NA,NA,"Skipped: n < 2",NA
"percentile_latbin_OLS","q50","collection5_k3_tropical_temperate_polar","Northern","Coldhouse","Warmhouse",0,0,NA,NA,NA,NA,NA,NA,NA,"Skipped: n < 2",NA
"percentile_latbin_OLS","q50","collection5_k3_tropical_temperate_polar","Northern","Coldhouse","Hothouse",0,0,NA,NA,NA,NA,NA,NA,NA,"Skipped: n < 2",NA
"percentile_latbin_OLS","q50","collection5_k3_tropical_temperate_polar","Northern","Coolhouse","Transitional",0,0,NA,NA,NA,NA,NA,NA,NA,"Skipped: n < 2",NA
"percentile_latbin_OLS","q50","collection5_k3_tropical_temperate_polar","Northern","Coolhouse","Warmhouse",0,0,NA,NA,NA,NA,NA,NA,NA,"Skipped: n < 2",NA
"percentile_latbin_OLS","q50","collection5_k3_tropical_temperate_polar","Northern","Coolhouse","Hothouse",0,0,NA,NA,NA,NA,NA,NA,NA,"Skipped: n < 2",NA
"percentile_latbin_OLS","q50","collection5_k3_tropical_temperate_polar","Northern","Transitional","Warmhouse",0,0,NA,NA,NA,NA,NA,NA,NA,"Skipped: n < 2",NA
"percentile_latbin_OLS","q50","collection5_k3_tropical_temperate_polar","Northern","Transitional","Hothouse",0,0,NA,NA,NA,NA,NA,NA,NA,"Skipped: n < 2",NA
"percentile_latbin_OLS","q50","collection5_k3_tropical_temperate_polar","Northern","Warmhouse","Hothouse",0,0,NA,NA,NA,NA,NA,NA,NA,"Skipped: n < 2",NA
"percentile_latbin_OLS","q50","collection5_k3_tropical_temperate_polar","Southern","Coldhouse","Coolhouse",0,0,NA,NA,NA,NA,NA,NA,NA,"Skipped: n < 2",NA
"percentile_latbin_OLS","q50","collection5_k3_tropical_temperate_polar","Southern","Coldhouse","Transitional",0,0,NA,NA,NA,NA,NA,NA,NA,"Skipped: n < 2",NA
"percentile_latbin_OLS","q50","collection5_k3_tropical_temperate_polar","Southern","Coldhouse","Warmhouse",0,0,NA,NA,NA,NA,NA,NA,NA,"Skipped: n < 2",NA
"percentile_latbin_OLS","q50","collection5_k3_tropical_temperate_polar","Southern","Coldhouse","Hothouse",0,0,NA,NA,NA,NA,NA,NA,NA,"Skipped: n < 2",NA
"percentile_latbin_OLS","q50","collection5_k3_tropical_temperate_polar","Southern","Coolhouse","Transitional",0,0,NA,NA,NA,NA,NA,NA,NA,"Skipped: n < 2",NA
"percentile_latbin_OLS","q50","collection5_k3_tropical_temperate_polar","Southern","Coolhouse","Warmhouse",0,0,NA,NA,NA,NA,NA,NA,NA,"Skipped: n < 2",NA
"percentile_latbin_OLS","q50","collection5_k3_tropical_temperate_polar","Southern","Coolhouse","Hothouse",0,0,NA,NA,NA,NA,NA,NA,NA,"Skipped: n < 2",NA
"percentile_latbin_OLS","q50","collection5_k3_tropical_temperate_polar","Southern","Transitional","Warmhouse",0,0,NA,NA,NA,NA,NA,NA,NA,"Skipped: n < 2",NA
"percentile_latbin_OLS","q50","collection5_k3_tropical_temperate_polar","Southern","Transitional","Hothouse",0,0,NA,NA,NA,NA,NA,NA,NA,"Skipped: n < 2",NA
"percentile_latbin_OLS","q50","collection5_k3_tropical_temperate_polar","Southern","Warmhouse","Hothouse",0,0,NA,NA,NA,NA,NA,NA,NA,"Skipped: n < 2",NA
"percentile_latbin_OLS","q50","collection10_k1_tropical_temperate","Northern","Coldhouse","Coolhouse",0,0,NA,NA,NA,NA,NA,NA,NA,"Skipped: n < 2",NA
"percentile_latbin_OLS","q50","collection10_k1_tropical_temperate","Northern","Coldhouse","Transitional",0,0,NA,NA,NA,NA,NA,NA,NA,"Skipped: n < 2",NA
"percentile_latbin_OLS","q50","collection10_k1_tropical_temperate","Northern","Coldhouse","Warmhouse",0,0,NA,NA,NA,NA,NA,NA,NA,"Skipped: n < 2",NA
"percentile_latbin_OLS","q50","collection10_k1_tropical_temperate","Northern","Coldhouse","Hothouse",0,0,NA,NA,NA,NA,NA,NA,NA,"Skipped: n < 2",NA
"percentile_latbin_OLS","q50","collection10_k1_tropical_temperate","Northern","Coolhouse","Transitional",0,0,NA,NA,NA,NA,NA,NA,NA,"Skipped: n < 2",NA
"percentile_latbin_OLS","q50","collection10_k1_tropical_temperate","Northern","Coolhouse","Warmhouse",0,0,NA,NA,NA,NA,NA,NA,NA,"Skipped: n < 2",NA
"percentile_latbin_OLS","q50","collection10_k1_tropical_temperate","Northern","Coolhouse","Hothouse",0,0,NA,NA,NA,NA,NA,NA,NA,"Skipped: n < 2",NA
"percentile_latbin_OLS","q50","collection10_k1_tropical_temperate","Northern","Transitional","Warmhouse",0,0,NA,NA,NA,NA,NA,NA,NA,"Skipped: n < 2",NA
"percentile_latbin_OLS","q50","collection10_k1_tropical_temperate","Northern","Transitional","Hothouse",0,0,NA,NA,NA,NA,NA,NA,NA,"Skipped: n < 2",NA
"percentile_latbin_OLS","q50","collection10_k1_tropical_temperate","Northern","Warmhouse","Hothouse",0,0,NA,NA,NA,NA,NA,NA,NA,"Skipped: n < 2",NA
"percentile_latbin_OLS","q50","collection10_k1_tropical_temperate","Southern","Coldhouse","Coolhouse",0,0,NA,NA,NA,NA,NA,NA,NA,"Skipped: n < 2",NA
"percentile_latbin_OLS","q50","collection10_k1_tropical_temperate","Southern","Coldhouse","Transitional",0,0,NA,NA,NA,NA,NA,NA,NA,"Skipped: n < 2",NA
"percentile_latbin_OLS","q50","collection10_k1_tropical_temperate","Southern","Coldhouse","Warmhouse",0,0,NA,NA,NA,NA,NA,NA,NA,"Skipped: n < 2",NA
"percentile_latbin_OLS","q50","collection10_k1_tropical_temperate","Southern","Coldhouse","Hothouse",0,0,NA,NA,NA,NA,NA,NA,NA,"Skipped: n < 2",NA
"percentile_latbin_OLS","q50","collection10_k1_tropical_temperate","Southern","Coolhouse","Transitional",0,0,NA,NA,NA,NA,NA,NA,NA,"Skipped: n < 2",NA
"percentile_latbin_OLS","q50","collection10_k1_tropical_temperate","Southern","Coolhouse","Warmhouse",0,0,NA,NA,NA,NA,NA,NA,NA,"Skipped: n < 2",NA
"percentile_latbin_OLS","q50","collection10_k1_tropical_temperate","Southern","Coolhouse","Hothouse",0,0,NA,NA,NA,NA,NA,NA,NA,"Skipped: n < 2",NA
"percentile_latbin_OLS","q50","collection10_k1_tropical_temperate","Southern","Transitional","Warmhouse",0,0,NA,NA,NA,NA,NA,NA,NA,"Skipped: n < 2",NA
"percentile_latbin_OLS","q50","collection10_k1_tropical_temperate","Southern","Transitional","Hothouse",0,0,NA,NA,NA,NA,NA,NA,NA,"Skipped: n < 2",NA
"percentile_latbin_OLS","q50","collection10_k1_tropical_temperate","Southern","Warmhouse","Hothouse",0,0,NA,NA,NA,NA,NA,NA,NA,"Skipped: n < 2",NA
"percentile_latbin_OLS","q50","collection10_k1_tropical_temperate_polar","Northern","Coldhouse","Coolhouse",0,0,NA,NA,NA,NA,NA,NA,NA,"Skipped: n < 2",NA
"percentile_latbin_OLS","q50","collection10_k1_tropical_temperate_polar","Northern","Coldhouse","Transitional",0,0,NA,NA,NA,NA,NA,NA,NA,"Skipped: n < 2",NA
"percentile_latbin_OLS","q50","collection10_k1_tropical_temperate_polar","Northern","Coldhouse","Warmhouse",0,0,NA,NA,NA,NA,NA,NA,NA,"Skipped: n < 2",NA
"percentile_latbin_OLS","q50","collection10_k1_tropical_temperate_polar","Northern","Coldhouse","Hothouse",0,0,NA,NA,NA,NA,NA,NA,NA,"Skipped: n < 2",NA
"percentile_latbin_OLS","q50","collection10_k1_tropical_temperate_polar","Northern","Coolhouse","Transitional",0,0,NA,NA,NA,NA,NA,NA,NA,"Skipped: n < 2",NA
"percentile_latbin_OLS","q50","collection10_k1_tropical_temperate_polar","Northern","Coolhouse","Warmhouse",0,0,NA,NA,NA,NA,NA,NA,NA,"Skipped: n < 2",NA
"percentile_latbin_OLS","q50","collection10_k1_tropical_temperate_polar","Northern","Coolhouse","Hothouse",0,0,NA,NA,NA,NA,NA,NA,NA,"Skipped: n < 2",NA
"percentile_latbin_OLS","q50","collection10_k1_tropical_temperate_polar","Northern","Transitional","Warmhouse",0,0,NA,NA,NA,NA,NA,NA,NA,"Skipped: n < 2",NA
"percentile_latbin_OLS","q50","collection10_k1_tropical_temperate_polar","Northern","Transitional","Hothouse",0,0,NA,NA,NA,NA,NA,NA,NA,"Skipped: n < 2",NA
"percentile_latbin_OLS","q50","collection10_k1_tropical_temperate_polar","Northern","Warmhouse","Hothouse",0,0,NA,NA,NA,NA,NA,NA,NA,"Skipped: n < 2",NA
"percentile_latbin_OLS","q50","collection10_k1_tropical_temperate_polar","Southern","Coldhouse","Coolhouse",0,0,NA,NA,NA,NA,NA,NA,NA,"Skipped: n < 2",NA
"percentile_latbin_OLS","q50","collection10_k1_tropical_temperate_polar","Southern","Coldhouse","Transitional",0,0,NA,NA,NA,NA,NA,NA,NA,"Skipped: n < 2",NA
"percentile_latbin_OLS","q50","collection10_k1_tropical_temperate_polar","Southern","Coldhouse","Warmhouse",0,0,NA,NA,NA,NA,NA,NA,NA,"Skipped: n < 2",NA
"percentile_latbin_OLS","q50","collection10_k1_tropical_temperate_polar","Southern","Coldhouse","Hothouse",0,0,NA,NA,NA,NA,NA,NA,NA,"Skipped: n < 2",NA
"percentile_latbin_OLS","q50","collection10_k1_tropical_temperate_polar","Southern","Coolhouse","Transitional",0,0,NA,NA,NA,NA,NA,NA,NA,"Skipped: n < 2",NA
"percentile_latbin_OLS","q50","collection10_k1_tropical_temperate_polar","Southern","Coolhouse","Warmhouse",0,0,NA,NA,NA,NA,NA,NA,NA,"Skipped: n < 2",NA
"percentile_latbin_OLS","q50","collection10_k1_tropical_temperate_polar","Southern","Coolhouse","Hothouse",0,0,NA,NA,NA,NA,NA,NA,NA,"Skipped: n < 2",NA
"percentile_latbin_OLS","q50","collection10_k1_tropical_temperate_polar","Southern","Transitional","Warmhouse",0,0,NA,NA,NA,NA,NA,NA,NA,"Skipped: n < 2",NA
"percentile_latbin_OLS","q50","collection10_k1_tropical_temperate_polar","Southern","Transitional","Hothouse",0,0,NA,NA,NA,NA,NA,NA,NA,"Skipped: n < 2",NA
"percentile_latbin_OLS","q50","collection10_k1_tropical_temperate_polar","Southern","Warmhouse","Hothouse",0,0,NA,NA,NA,NA,NA,NA,NA,"Skipped: n < 2",NA
"percentile_latbin_OLS","q50","collection10_k2_tropical_temperate","Northern","Coldhouse","Coolhouse",0,0,NA,NA,NA,NA,NA,NA,NA,"Skipped: n < 2",NA
"percentile_latbin_OLS","q50","collection10_k2_tropical_temperate","Northern","Coldhouse","Transitional",0,0,NA,NA,NA,NA,NA,NA,NA,"Skipped: n < 2",NA
"percentile_latbin_OLS","q50","collection10_k2_tropical_temperate","Northern","Coldhouse","Warmhouse",0,0,NA,NA,NA,NA,NA,NA,NA,"Skipped: n < 2",NA
"percentile_latbin_OLS","q50","collection10_k2_tropical_temperate","Northern","Coldhouse","Hothouse",0,0,NA,NA,NA,NA,NA,NA,NA,"Skipped: n < 2",NA
"percentile_latbin_OLS","q50","collection10_k2_tropical_temperate","Northern","Coolhouse","Transitional",0,0,NA,NA,NA,NA,NA,NA,NA,"Skipped: n < 2",NA
"percentile_latbin_OLS","q50","collection10_k2_tropical_temperate","Northern","Coolhouse","Warmhouse",0,0,NA,NA,NA,NA,NA,NA,NA,"Skipped: n < 2",NA
"percentile_latbin_OLS","q50","collection10_k2_tropical_temperate","Northern","Coolhouse","Hothouse",0,0,NA,NA,NA,NA,NA,NA,NA,"Skipped: n < 2",NA
"percentile_latbin_OLS","q50","collection10_k2_tropical_temperate","Northern","Transitional","Warmhouse",0,0,NA,NA,NA,NA,NA,NA,NA,"Skipped: n < 2",NA
"percentile_latbin_OLS","q50","collection10_k2_tropical_temperate","Northern","Transitional","Hothouse",0,0,NA,NA,NA,NA,NA,NA,NA,"Skipped: n < 2",NA
"percentile_latbin_OLS","q50","collection10_k2_tropical_temperate","Northern","Warmhouse","Hothouse",0,0,NA,NA,NA,NA,NA,NA,NA,"Skipped: n < 2",NA
"percentile_latbin_OLS","q50","collection10_k2_tropical_temperate","Southern","Coldhouse","Coolhouse",0,0,NA,NA,NA,NA,NA,NA,NA,"Skipped: n < 2",NA
"percentile_latbin_OLS","q50","collection10_k2_tropical_temperate","Southern","Coldhouse","Transitional",0,0,NA,NA,NA,NA,NA,NA,NA,"Skipped: n < 2",NA
"percentile_latbin_OLS","q50","collection10_k2_tropical_temperate","Southern","Coldhouse","Warmhouse",0,0,NA,NA,NA,NA,NA,NA,NA,"Skipped: n < 2",NA
"percentile_latbin_OLS","q50","collection10_k2_tropical_temperate","Southern","Coldhouse","Hothouse",0,0,NA,NA,NA,NA,NA,NA,NA,"Skipped: n < 2",NA
"percentile_latbin_OLS","q50","collection10_k2_tropical_temperate","Southern","Coolhouse","Transitional",0,0,NA,NA,NA,NA,NA,NA,NA,"Skipped: n < 2",NA
"percentile_latbin_OLS","q50","collection10_k2_tropical_temperate","Southern","Coolhouse","Warmhouse",0,0,NA,NA,NA,NA,NA,NA,NA,"Skipped: n < 2",NA
"percentile_latbin_OLS","q50","collection10_k2_tropical_temperate","Southern","Coolhouse","Hothouse",0,0,NA,NA,NA,NA,NA,NA,NA,"Skipped: n < 2",NA
"percentile_latbin_OLS","q50","collection10_k2_tropical_temperate","Southern","Transitional","Warmhouse",0,0,NA,NA,NA,NA,NA,NA,NA,"Skipped: n < 2",NA
"percentile_latbin_OLS","q50","collection10_k2_tropical_temperate","Southern","Transitional","Hothouse",0,0,NA,NA,NA,NA,NA,NA,NA,"Skipped: n < 2",NA
"percentile_latbin_OLS","q50","collection10_k2_tropical_temperate","Southern","Warmhouse","Hothouse",0,0,NA,NA,NA,NA,NA,NA,NA,"Skipped: n < 2",NA
"percentile_latbin_OLS","q50","collection10_k2_tropical_temperate_polar","Northern","Coldhouse","Coolhouse",0,0,NA,NA,NA,NA,NA,NA,NA,"Skipped: n < 2",NA
"percentile_latbin_OLS","q50","collection10_k2_tropical_temperate_polar","Northern","Coldhouse","Transitional",0,0,NA,NA,NA,NA,NA,NA,NA,"Skipped: n < 2",NA
"percentile_latbin_OLS","q50","collection10_k2_tropical_temperate_polar","Northern","Coldhouse","Warmhouse",0,0,NA,NA,NA,NA,NA,NA,NA,"Skipped: n < 2",NA
"percentile_latbin_OLS","q50","collection10_k2_tropical_temperate_polar","Northern","Coldhouse","Hothouse",0,0,NA,NA,NA,NA,NA,NA,NA,"Skipped: n < 2",NA
"percentile_latbin_OLS","q50","collection10_k2_tropical_temperate_polar","Northern","Coolhouse","Transitional",0,0,NA,NA,NA,NA,NA,NA,NA,"Skipped: n < 2",NA
"percentile_latbin_OLS","q50","collection10_k2_tropical_temperate_polar","Northern","Coolhouse","Warmhouse",0,0,NA,NA,NA,NA,NA,NA,NA,"Skipped: n < 2",NA
"percentile_latbin_OLS","q50","collection10_k2_tropical_temperate_polar","Northern","Coolhouse","Hothouse",0,0,NA,NA,NA,NA,NA,NA,NA,"Skipped: n < 2",NA
"percentile_latbin_OLS","q50","collection10_k2_tropical_temperate_polar","Northern","Transitional","Warmhouse",0,0,NA,NA,NA,NA,NA,NA,NA,"Skipped: n < 2",NA
"percentile_latbin_OLS","q50","collection10_k2_tropical_temperate_polar","Northern","Transitional","Hothouse",0,0,NA,NA,NA,NA,NA,NA,NA,"Skipped: n < 2",NA
"percentile_latbin_OLS","q50","collection10_k2_tropical_temperate_polar","Northern","Warmhouse","Hothouse",0,0,NA,NA,NA,NA,NA,NA,NA,"Skipped: n < 2",NA
"percentile_latbin_OLS","q50","collection10_k2_tropical_temperate_polar","Southern","Coldhouse","Coolhouse",0,0,NA,NA,NA,NA,NA,NA,NA,"Skipped: n < 2",NA
"percentile_latbin_OLS","q50","collection10_k2_tropical_temperate_polar","Southern","Coldhouse","Transitional",0,0,NA,NA,NA,NA,NA,NA,NA,"Skipped: n < 2",NA
"percentile_latbin_OLS","q50","collection10_k2_tropical_temperate_polar","Southern","Coldhouse","Warmhouse",0,0,NA,NA,NA,NA,NA,NA,NA,"Skipped: n < 2",NA
"percentile_latbin_OLS","q50","collection10_k2_tropical_temperate_polar","Southern","Coldhouse","Hothouse",0,0,NA,NA,NA,NA,NA,NA,NA,"Skipped: n < 2",NA
"percentile_latbin_OLS","q50","collection10_k2_tropical_temperate_polar","Southern","Coolhouse","Transitional",0,0,NA,NA,NA,NA,NA,NA,NA,"Skipped: n < 2",NA
"percentile_latbin_OLS","q50","collection10_k2_tropical_temperate_polar","Southern","Coolhouse","Warmhouse",0,0,NA,NA,NA,NA,NA,NA,NA,"Skipped: n < 2",NA
"percentile_latbin_OLS","q50","collection10_k2_tropical_temperate_polar","Southern","Coolhouse","Hothouse",0,0,NA,NA,NA,NA,NA,NA,NA,"Skipped: n < 2",NA
"percentile_latbin_OLS","q50","collection10_k2_tropical_temperate_polar","Southern","Transitional","Warmhouse",0,0,NA,NA,NA,NA,NA,NA,NA,"Skipped: n < 2",NA
"percentile_latbin_OLS","q50","collection10_k2_tropical_temperate_polar","Southern","Transitional","Hothouse",0,0,NA,NA,NA,NA,NA,NA,NA,"Skipped: n < 2",NA
"percentile_latbin_OLS","q50","collection10_k2_tropical_temperate_polar","Southern","Warmhouse","Hothouse",0,0,NA,NA,NA,NA,NA,NA,NA,"Skipped: n < 2",NA
"percentile_latbin_OLS","q50","collection10_k3_tropical_temperate","Northern","Coldhouse","Coolhouse",0,0,NA,NA,NA,NA,NA,NA,NA,"Skipped: n < 2",NA
"percentile_latbin_OLS","q50","collection10_k3_tropical_temperate","Northern","Coldhouse","Transitional",0,0,NA,NA,NA,NA,NA,NA,NA,"Skipped: n < 2",NA
"percentile_latbin_OLS","q50","collection10_k3_tropical_temperate","Northern","Coldhouse","Warmhouse",0,0,NA,NA,NA,NA,NA,NA,NA,"Skipped: n < 2",NA
"percentile_latbin_OLS","q50","collection10_k3_tropical_temperate","Northern","Coldhouse","Hothouse",0,0,NA,NA,NA,NA,NA,NA,NA,"Skipped: n < 2",NA
"percentile_latbin_OLS","q50","collection10_k3_tropical_temperate","Northern","Coolhouse","Transitional",0,0,NA,NA,NA,NA,NA,NA,NA,"Skipped: n < 2",NA
"percentile_latbin_OLS","q50","collection10_k3_tropical_temperate","Northern","Coolhouse","Warmhouse",0,0,NA,NA,NA,NA,NA,NA,NA,"Skipped: n < 2",NA
"percentile_latbin_OLS","q50","collection10_k3_tropical_temperate","Northern","Coolhouse","Hothouse",0,0,NA,NA,NA,NA,NA,NA,NA,"Skipped: n < 2",NA
"percentile_latbin_OLS","q50","collection10_k3_tropical_temperate","Northern","Transitional","Warmhouse",0,0,NA,NA,NA,NA,NA,NA,NA,"Skipped: n < 2",NA
"percentile_latbin_OLS","q50","collection10_k3_tropical_temperate","Northern","Transitional","Hothouse",0,0,NA,NA,NA,NA,NA,NA,NA,"Skipped: n < 2",NA
"percentile_latbin_OLS","q50","collection10_k3_tropical_temperate","Northern","Warmhouse","Hothouse",0,0,NA,NA,NA,NA,NA,NA,NA,"Skipped: n < 2",NA
"percentile_latbin_OLS","q50","collection10_k3_tropical_temperate","Southern","Coldhouse","Coolhouse",0,0,NA,NA,NA,NA,NA,NA,NA,"Skipped: n < 2",NA
"percentile_latbin_OLS","q50","collection10_k3_tropical_temperate","Southern","Coldhouse","Transitional",0,0,NA,NA,NA,NA,NA,NA,NA,"Skipped: n < 2",NA
"percentile_latbin_OLS","q50","collection10_k3_tropical_temperate","Southern","Coldhouse","Warmhouse",0,0,NA,NA,NA,NA,NA,NA,NA,"Skipped: n < 2",NA
"percentile_latbin_OLS","q50","collection10_k3_tropical_temperate","Southern","Coldhouse","Hothouse",0,0,NA,NA,NA,NA,NA,NA,NA,"Skipped: n < 2",NA
"percentile_latbin_OLS","q50","collection10_k3_tropical_temperate","Southern","Coolhouse","Transitional",0,0,NA,NA,NA,NA,NA,NA,NA,"Skipped: n < 2",NA
"percentile_latbin_OLS","q50","collection10_k3_tropical_temperate","Southern","Coolhouse","Warmhouse",0,0,NA,NA,NA,NA,NA,NA,NA,"Skipped: n < 2",NA
"percentile_latbin_OLS","q50","collection10_k3_tropical_temperate","Southern","Coolhouse","Hothouse",0,0,NA,NA,NA,NA,NA,NA,NA,"Skipped: n < 2",NA
"percentile_latbin_OLS","q50","collection10_k3_tropical_temperate","Southern","Transitional","Warmhouse",0,0,NA,NA,NA,NA,NA,NA,NA,"Skipped: n < 2",NA
"percentile_latbin_OLS","q50","collection10_k3_tropical_temperate","Southern","Transitional","Hothouse",0,0,NA,NA,NA,NA,NA,NA,NA,"Skipped: n < 2",NA
"percentile_latbin_OLS","q50","collection10_k3_tropical_temperate","Southern","Warmhouse","Hothouse",0,0,NA,NA,NA,NA,NA,NA,NA,"Skipped: n < 2",NA
"percentile_latbin_OLS","q50","collection10_k3_tropical_temperate_polar","Northern","Coldhouse","Coolhouse",0,0,NA,NA,NA,NA,NA,NA,NA,"Skipped: n < 2",NA
"percentile_latbin_OLS","q50","collection10_k3_tropical_temperate_polar","Northern","Coldhouse","Transitional",0,0,NA,NA,NA,NA,NA,NA,NA,"Skipped: n < 2",NA
"percentile_latbin_OLS","q50","collection10_k3_tropical_temperate_polar","Northern","Coldhouse","Warmhouse",0,0,NA,NA,NA,NA,NA,NA,NA,"Skipped: n < 2",NA
"percentile_latbin_OLS","q50","collection10_k3_tropical_temperate_polar","Northern","Coldhouse","Hothouse",0,0,NA,NA,NA,NA,NA,NA,NA,"Skipped: n < 2",NA
"percentile_latbin_OLS","q50","collection10_k3_tropical_temperate_polar","Northern","Coolhouse","Transitional",0,0,NA,NA,NA,NA,NA,NA,NA,"Skipped: n < 2",NA
"percentile_latbin_OLS","q50","collection10_k3_tropical_temperate_polar","Northern","Coolhouse","Warmhouse",0,0,NA,NA,NA,NA,NA,NA,NA,"Skipped: n < 2",NA
"percentile_latbin_OLS","q50","collection10_k3_tropical_temperate_polar","Northern","Coolhouse","Hothouse",0,0,NA,NA,NA,NA,NA,NA,NA,"Skipped: n < 2",NA
"percentile_latbin_OLS","q50","collection10_k3_tropical_temperate_polar","Northern","Transitional","Warmhouse",0,0,NA,NA,NA,NA,NA,NA,NA,"Skipped: n < 2",NA
"percentile_latbin_OLS","q50","collection10_k3_tropical_temperate_polar","Northern","Transitional","Hothouse",0,0,NA,NA,NA,NA,NA,NA,NA,"Skipped: n < 2",NA
"percentile_latbin_OLS","q50","collection10_k3_tropical_temperate_polar","Northern","Warmhouse","Hothouse",0,0,NA,NA,NA,NA,NA,NA,NA,"Skipped: n < 2",NA
"percentile_latbin_OLS","q50","collection10_k3_tropical_temperate_polar","Southern","Coldhouse","Coolhouse",0,0,NA,NA,NA,NA,NA,NA,NA,"Skipped: n < 2",NA
"percentile_latbin_OLS","q50","collection10_k3_tropical_temperate_polar","Southern","Coldhouse","Transitional",0,0,NA,NA,NA,NA,NA,NA,NA,"Skipped: n < 2",NA
"percentile_latbin_OLS","q50","collection10_k3_tropical_temperate_polar","Southern","Coldhouse","Warmhouse",0,0,NA,NA,NA,NA,NA,NA,NA,"Skipped: n < 2",NA
"percentile_latbin_OLS","q50","collection10_k3_tropical_temperate_polar","Southern","Coldhouse","Hothouse",0,0,NA,NA,NA,NA,NA,NA,NA,"Skipped: n < 2",NA
"percentile_latbin_OLS","q50","collection10_k3_tropical_temperate_polar","Southern","Coolhouse","Transitional",0,0,NA,NA,NA,NA,NA,NA,NA,"Skipped: n < 2",NA
"percentile_latbin_OLS","q50","collection10_k3_tropical_temperate_polar","Southern","Coolhouse","Warmhouse",0,0,NA,NA,NA,NA,NA,NA,NA,"Skipped: n < 2",NA
"percentile_latbin_OLS","q50","collection10_k3_tropical_temperate_polar","Southern","Coolhouse","Hothouse",0,0,NA,NA,NA,NA,NA,NA,NA,"Skipped: n < 2",NA
"percentile_latbin_OLS","q50","collection10_k3_tropical_temperate_polar","Southern","Transitional","Warmhouse",0,0,NA,NA,NA,NA,NA,NA,NA,"Skipped: n < 2",NA
"percentile_latbin_OLS","q50","collection10_k3_tropical_temperate_polar","Southern","Transitional","Hothouse",0,0,NA,NA,NA,NA,NA,NA,NA,"Skipped: n < 2",NA
"percentile_latbin_OLS","q50","collection10_k3_tropical_temperate_polar","Southern","Warmhouse","Hothouse",0,0,NA,NA,NA,NA,NA,NA,NA,"Skipped: n < 2",NA
"percentile_latbin_OLS","q60","occurrence5_k1_tropical_temperate","Northern","Coldhouse","Coolhouse",0,0,NA,NA,NA,NA,NA,NA,NA,"Skipped: n < 2",NA
"percentile_latbin_OLS","q60","occurrence5_k1_tropical_temperate","Northern","Coldhouse","Transitional",0,0,NA,NA,NA,NA,NA,NA,NA,"Skipped: n < 2",NA
"percentile_latbin_OLS","q60","occurrence5_k1_tropical_temperate","Northern","Coldhouse","Warmhouse",0,0,NA,NA,NA,NA,NA,NA,NA,"Skipped: n < 2",NA
"percentile_latbin_OLS","q60","occurrence5_k1_tropical_temperate","Northern","Coldhouse","Hothouse",0,0,NA,NA,NA,NA,NA,NA,NA,"Skipped: n < 2",NA
"percentile_latbin_OLS","q60","occurrence5_k1_tropical_temperate","Northern","Coolhouse","Transitional",0,0,NA,NA,NA,NA,NA,NA,NA,"Skipped: n < 2",NA
"percentile_latbin_OLS","q60","occurrence5_k1_tropical_temperate","Northern","Coolhouse","Warmhouse",0,0,NA,NA,NA,NA,NA,NA,NA,"Skipped: n < 2",NA
"percentile_latbin_OLS","q60","occurrence5_k1_tropical_temperate","Northern","Coolhouse","Hothouse",0,0,NA,NA,NA,NA,NA,NA,NA,"Skipped: n < 2",NA
"percentile_latbin_OLS","q60","occurrence5_k1_tropical_temperate","Northern","Transitional","Warmhouse",0,0,NA,NA,NA,NA,NA,NA,NA,"Skipped: n < 2",NA
"percentile_latbin_OLS","q60","occurrence5_k1_tropical_temperate","Northern","Transitional","Hothouse",0,0,NA,NA,NA,NA,NA,NA,NA,"Skipped: n < 2",NA
"percentile_latbin_OLS","q60","occurrence5_k1_tropical_temperate","Northern","Warmhouse","Hothouse",0,0,NA,NA,NA,NA,NA,NA,NA,"Skipped: n < 2",NA
"percentile_latbin_OLS","q60","occurrence5_k1_tropical_temperate","Southern","Coldhouse","Coolhouse",0,0,NA,NA,NA,NA,NA,NA,NA,"Skipped: n < 2",NA
"percentile_latbin_OLS","q60","occurrence5_k1_tropical_temperate","Southern","Coldhouse","Transitional",0,0,NA,NA,NA,NA,NA,NA,NA,"Skipped: n < 2",NA
"percentile_latbin_OLS","q60","occurrence5_k1_tropical_temperate","Southern","Coldhouse","Warmhouse",0,0,NA,NA,NA,NA,NA,NA,NA,"Skipped: n < 2",NA
"percentile_latbin_OLS","q60","occurrence5_k1_tropical_temperate","Southern","Coldhouse","Hothouse",0,0,NA,NA,NA,NA,NA,NA,NA,"Skipped: n < 2",NA
"percentile_latbin_OLS","q60","occurrence5_k1_tropical_temperate","Southern","Coolhouse","Transitional",0,0,NA,NA,NA,NA,NA,NA,NA,"Skipped: n < 2",NA
"percentile_latbin_OLS","q60","occurrence5_k1_tropical_temperate","Southern","Coolhouse","Warmhouse",0,0,NA,NA,NA,NA,NA,NA,NA,"Skipped: n < 2",NA
"percentile_latbin_OLS","q60","occurrence5_k1_tropical_temperate","Southern","Coolhouse","Hothouse",0,0,NA,NA,NA,NA,NA,NA,NA,"Skipped: n < 2",NA
"percentile_latbin_OLS","q60","occurrence5_k1_tropical_temperate","Southern","Transitional","Warmhouse",0,0,NA,NA,NA,NA,NA,NA,NA,"Skipped: n < 2",NA
"percentile_latbin_OLS","q60","occurrence5_k1_tropical_temperate","Southern","Transitional","Hothouse",0,0,NA,NA,NA,NA,NA,NA,NA,"Skipped: n < 2",NA
"percentile_latbin_OLS","q60","occurrence5_k1_tropical_temperate","Southern","Warmhouse","Hothouse",0,0,NA,NA,NA,NA,NA,NA,NA,"Skipped: n < 2",NA
"percentile_latbin_OLS","q60","occurrence5_k1_tropical_temperate_polar","Northern","Coldhouse","Coolhouse",0,0,NA,NA,NA,NA,NA,NA,NA,"Skipped: n < 2",NA
"percentile_latbin_OLS","q60","occurrence5_k1_tropical_temperate_polar","Northern","Coldhouse","Transitional",0,0,NA,NA,NA,NA,NA,NA,NA,"Skipped: n < 2",NA
"percentile_latbin_OLS","q60","occurrence5_k1_tropical_temperate_polar","Northern","Coldhouse","Warmhouse",0,0,NA,NA,NA,NA,NA,NA,NA,"Skipped: n < 2",NA
"percentile_latbin_OLS","q60","occurrence5_k1_tropical_temperate_polar","Northern","Coldhouse","Hothouse",0,0,NA,NA,NA,NA,NA,NA,NA,"Skipped: n < 2",NA
"percentile_latbin_OLS","q60","occurrence5_k1_tropical_temperate_polar","Northern","Coolhouse","Transitional",0,0,NA,NA,NA,NA,NA,NA,NA,"Skipped: n < 2",NA
"percentile_latbin_OLS","q60","occurrence5_k1_tropical_temperate_polar","Northern","Coolhouse","Warmhouse",0,0,NA,NA,NA,NA,NA,NA,NA,"Skipped: n < 2",NA
"percentile_latbin_OLS","q60","occurrence5_k1_tropical_temperate_polar","Northern","Coolhouse","Hothouse",0,0,NA,NA,NA,NA,NA,NA,NA,"Skipped: n < 2",NA
"percentile_latbin_OLS","q60","occurrence5_k1_tropical_temperate_polar","Northern","Transitional","Warmhouse",0,0,NA,NA,NA,NA,NA,NA,NA,"Skipped: n < 2",NA
"percentile_latbin_OLS","q60","occurrence5_k1_tropical_temperate_polar","Northern","Transitional","Hothouse",0,0,NA,NA,NA,NA,NA,NA,NA,"Skipped: n < 2",NA
"percentile_latbin_OLS","q60","occurrence5_k1_tropical_temperate_polar","Northern","Warmhouse","Hothouse",0,0,NA,NA,NA,NA,NA,NA,NA,"Skipped: n < 2",NA
"percentile_latbin_OLS","q60","occurrence5_k1_tropical_temperate_polar","Southern","Coldhouse","Coolhouse",0,0,NA,NA,NA,NA,NA,NA,NA,"Skipped: n < 2",NA
"percentile_latbin_OLS","q60","occurrence5_k1_tropical_temperate_polar","Southern","Coldhouse","Transitional",0,0,NA,NA,NA,NA,NA,NA,NA,"Skipped: n < 2",NA
"percentile_latbin_OLS","q60","occurrence5_k1_tropical_temperate_polar","Southern","Coldhouse","Warmhouse",0,0,NA,NA,NA,NA,NA,NA,NA,"Skipped: n < 2",NA
"percentile_latbin_OLS","q60","occurrence5_k1_tropical_temperate_polar","Southern","Coldhouse","Hothouse",0,0,NA,NA,NA,NA,NA,NA,NA,"Skipped: n < 2",NA
"percentile_latbin_OLS","q60","occurrence5_k1_tropical_temperate_polar","Southern","Coolhouse","Transitional",0,0,NA,NA,NA,NA,NA,NA,NA,"Skipped: n < 2",NA
"percentile_latbin_OLS","q60","occurrence5_k1_tropical_temperate_polar","Southern","Coolhouse","Warmhouse",0,0,NA,NA,NA,NA,NA,NA,NA,"Skipped: n < 2",NA
"percentile_latbin_OLS","q60","occurrence5_k1_tropical_temperate_polar","Southern","Coolhouse","Hothouse",0,0,NA,NA,NA,NA,NA,NA,NA,"Skipped: n < 2",NA
"percentile_latbin_OLS","q60","occurrence5_k1_tropical_temperate_polar","Southern","Transitional","Warmhouse",0,0,NA,NA,NA,NA,NA,NA,NA,"Skipped: n < 2",NA
"percentile_latbin_OLS","q60","occurrence5_k1_tropical_temperate_polar","Southern","Transitional","Hothouse",0,0,NA,NA,NA,NA,NA,NA,NA,"Skipped: n < 2",NA
"percentile_latbin_OLS","q60","occurrence5_k1_tropical_temperate_polar","Southern","Warmhouse","Hothouse",0,0,NA,NA,NA,NA,NA,NA,NA,"Skipped: n < 2",NA
"percentile_latbin_OLS","q60","occurrence5_k2_tropical_temperate","Northern","Coldhouse","Coolhouse",0,0,NA,NA,NA,NA,NA,NA,NA,"Skipped: n < 2",NA
"percentile_latbin_OLS","q60","occurrence5_k2_tropical_temperate","Northern","Coldhouse","Transitional",0,0,NA,NA,NA,NA,NA,NA,NA,"Skipped: n < 2",NA
"percentile_latbin_OLS","q60","occurrence5_k2_tropical_temperate","Northern","Coldhouse","Warmhouse",0,0,NA,NA,NA,NA,NA,NA,NA,"Skipped: n < 2",NA
"percentile_latbin_OLS","q60","occurrence5_k2_tropical_temperate","Northern","Coldhouse","Hothouse",0,0,NA,NA,NA,NA,NA,NA,NA,"Skipped: n < 2",NA
"percentile_latbin_OLS","q60","occurrence5_k2_tropical_temperate","Northern","Coolhouse","Transitional",0,0,NA,NA,NA,NA,NA,NA,NA,"Skipped: n < 2",NA
"percentile_latbin_OLS","q60","occurrence5_k2_tropical_temperate","Northern","Coolhouse","Warmhouse",0,0,NA,NA,NA,NA,NA,NA,NA,"Skipped: n < 2",NA
"percentile_latbin_OLS","q60","occurrence5_k2_tropical_temperate","Northern","Coolhouse","Hothouse",0,0,NA,NA,NA,NA,NA,NA,NA,"Skipped: n < 2",NA
"percentile_latbin_OLS","q60","occurrence5_k2_tropical_temperate","Northern","Transitional","Warmhouse",0,0,NA,NA,NA,NA,NA,NA,NA,"Skipped: n < 2",NA
"percentile_latbin_OLS","q60","occurrence5_k2_tropical_temperate","Northern","Transitional","Hothouse",0,0,NA,NA,NA,NA,NA,NA,NA,"Skipped: n < 2",NA
"percentile_latbin_OLS","q60","occurrence5_k2_tropical_temperate","Northern","Warmhouse","Hothouse",0,0,NA,NA,NA,NA,NA,NA,NA,"Skipped: n < 2",NA
"percentile_latbin_OLS","q60","occurrence5_k2_tropical_temperate","Southern","Coldhouse","Coolhouse",0,0,NA,NA,NA,NA,NA,NA,NA,"Skipped: n < 2",NA
"percentile_latbin_OLS","q60","occurrence5_k2_tropical_temperate","Southern","Coldhouse","Transitional",0,0,NA,NA,NA,NA,NA,NA,NA,"Skipped: n < 2",NA
"percentile_latbin_OLS","q60","occurrence5_k2_tropical_temperate","Southern","Coldhouse","Warmhouse",0,0,NA,NA,NA,NA,NA,NA,NA,"Skipped: n < 2",NA
"percentile_latbin_OLS","q60","occurrence5_k2_tropical_temperate","Southern","Coldhouse","Hothouse",0,0,NA,NA,NA,NA,NA,NA,NA,"Skipped: n < 2",NA
"percentile_latbin_OLS","q60","occurrence5_k2_tropical_temperate","Southern","Coolhouse","Transitional",0,0,NA,NA,NA,NA,NA,NA,NA,"Skipped: n < 2",NA
"percentile_latbin_OLS","q60","occurrence5_k2_tropical_temperate","Southern","Coolhouse","Warmhouse",0,0,NA,NA,NA,NA,NA,NA,NA,"Skipped: n < 2",NA
"percentile_latbin_OLS","q60","occurrence5_k2_tropical_temperate","Southern","Coolhouse","Hothouse",0,0,NA,NA,NA,NA,NA,NA,NA,"Skipped: n < 2",NA
"percentile_latbin_OLS","q60","occurrence5_k2_tropical_temperate","Southern","Transitional","Warmhouse",0,0,NA,NA,NA,NA,NA,NA,NA,"Skipped: n < 2",NA
"percentile_latbin_OLS","q60","occurrence5_k2_tropical_temperate","Southern","Transitional","Hothouse",0,0,NA,NA,NA,NA,NA,NA,NA,"Skipped: n < 2",NA
"percentile_latbin_OLS","q60","occurrence5_k2_tropical_temperate","Southern","Warmhouse","Hothouse",0,0,NA,NA,NA,NA,NA,NA,NA,"Skipped: n < 2",NA
"percentile_latbin_OLS","q60","occurrence5_k2_tropical_temperate_polar","Northern","Coldhouse","Coolhouse",0,0,NA,NA,NA,NA,NA,NA,NA,"Skipped: n < 2",NA
"percentile_latbin_OLS","q60","occurrence5_k2_tropical_temperate_polar","Northern","Coldhouse","Transitional",0,0,NA,NA,NA,NA,NA,NA,NA,"Skipped: n < 2",NA
"percentile_latbin_OLS","q60","occurrence5_k2_tropical_temperate_polar","Northern","Coldhouse","Warmhouse",0,0,NA,NA,NA,NA,NA,NA,NA,"Skipped: n < 2",NA
"percentile_latbin_OLS","q60","occurrence5_k2_tropical_temperate_polar","Northern","Coldhouse","Hothouse",0,0,NA,NA,NA,NA,NA,NA,NA,"Skipped: n < 2",NA
"percentile_latbin_OLS","q60","occurrence5_k2_tropical_temperate_polar","Northern","Coolhouse","Transitional",0,0,NA,NA,NA,NA,NA,NA,NA,"Skipped: n < 2",NA
"percentile_latbin_OLS","q60","occurrence5_k2_tropical_temperate_polar","Northern","Coolhouse","Warmhouse",0,0,NA,NA,NA,NA,NA,NA,NA,"Skipped: n < 2",NA
"percentile_latbin_OLS","q60","occurrence5_k2_tropical_temperate_polar","Northern","Coolhouse","Hothouse",0,0,NA,NA,NA,NA,NA,NA,NA,"Skipped: n < 2",NA
"percentile_latbin_OLS","q60","occurrence5_k2_tropical_temperate_polar","Northern","Transitional","Warmhouse",0,0,NA,NA,NA,NA,NA,NA,NA,"Skipped: n < 2",NA
"percentile_latbin_OLS","q60","occurrence5_k2_tropical_temperate_polar","Northern","Transitional","Hothouse",0,0,NA,NA,NA,NA,NA,NA,NA,"Skipped: n < 2",NA
"percentile_latbin_OLS","q60","occurrence5_k2_tropical_temperate_polar","Northern","Warmhouse","Hothouse",0,0,NA,NA,NA,NA,NA,NA,NA,"Skipped: n < 2",NA
"percentile_latbin_OLS","q60","occurrence5_k2_tropical_temperate_polar","Southern","Coldhouse","Coolhouse",0,0,NA,NA,NA,NA,NA,NA,NA,"Skipped: n < 2",NA
"percentile_latbin_OLS","q60","occurrence5_k2_tropical_temperate_polar","Southern","Coldhouse","Transitional",0,0,NA,NA,NA,NA,NA,NA,NA,"Skipped: n < 2",NA
"percentile_latbin_OLS","q60","occurrence5_k2_tropical_temperate_polar","Southern","Coldhouse","Warmhouse",0,0,NA,NA,NA,NA,NA,NA,NA,"Skipped: n < 2",NA
"percentile_latbin_OLS","q60","occurrence5_k2_tropical_temperate_polar","Southern","Coldhouse","Hothouse",0,0,NA,NA,NA,NA,NA,NA,NA,"Skipped: n < 2",NA
"percentile_latbin_OLS","q60","occurrence5_k2_tropical_temperate_polar","Southern","Coolhouse","Transitional",0,0,NA,NA,NA,NA,NA,NA,NA,"Skipped: n < 2",NA
"percentile_latbin_OLS","q60","occurrence5_k2_tropical_temperate_polar","Southern","Coolhouse","Warmhouse",0,0,NA,NA,NA,NA,NA,NA,NA,"Skipped: n < 2",NA
"percentile_latbin_OLS","q60","occurrence5_k2_tropical_temperate_polar","Southern","Coolhouse","Hothouse",0,0,NA,NA,NA,NA,NA,NA,NA,"Skipped: n < 2",NA
"percentile_latbin_OLS","q60","occurrence5_k2_tropical_temperate_polar","Southern","Transitional","Warmhouse",0,0,NA,NA,NA,NA,NA,NA,NA,"Skipped: n < 2",NA
"percentile_latbin_OLS","q60","occurrence5_k2_tropical_temperate_polar","Southern","Transitional","Hothouse",0,0,NA,NA,NA,NA,NA,NA,NA,"Skipped: n < 2",NA
"percentile_latbin_OLS","q60","occurrence5_k2_tropical_temperate_polar","Southern","Warmhouse","Hothouse",0,0,NA,NA,NA,NA,NA,NA,NA,"Skipped: n < 2",NA
"percentile_latbin_OLS","q60","occurrence5_k3_tropical_temperate","Northern","Coldhouse","Coolhouse",0,0,NA,NA,NA,NA,NA,NA,NA,"Skipped: n < 2",NA
"percentile_latbin_OLS","q60","occurrence5_k3_tropical_temperate","Northern","Coldhouse","Transitional",0,0,NA,NA,NA,NA,NA,NA,NA,"Skipped: n < 2",NA
"percentile_latbin_OLS","q60","occurrence5_k3_tropical_temperate","Northern","Coldhouse","Warmhouse",0,0,NA,NA,NA,NA,NA,NA,NA,"Skipped: n < 2",NA
"percentile_latbin_OLS","q60","occurrence5_k3_tropical_temperate","Northern","Coldhouse","Hothouse",0,0,NA,NA,NA,NA,NA,NA,NA,"Skipped: n < 2",NA
"percentile_latbin_OLS","q60","occurrence5_k3_tropical_temperate","Northern","Coolhouse","Transitional",0,0,NA,NA,NA,NA,NA,NA,NA,"Skipped: n < 2",NA
"percentile_latbin_OLS","q60","occurrence5_k3_tropical_temperate","Northern","Coolhouse","Warmhouse",0,0,NA,NA,NA,NA,NA,NA,NA,"Skipped: n < 2",NA
"percentile_latbin_OLS","q60","occurrence5_k3_tropical_temperate","Northern","Coolhouse","Hothouse",0,0,NA,NA,NA,NA,NA,NA,NA,"Skipped: n < 2",NA
"percentile_latbin_OLS","q60","occurrence5_k3_tropical_temperate","Northern","Transitional","Warmhouse",0,0,NA,NA,NA,NA,NA,NA,NA,"Skipped: n < 2",NA
"percentile_latbin_OLS","q60","occurrence5_k3_tropical_temperate","Northern","Transitional","Hothouse",0,0,NA,NA,NA,NA,NA,NA,NA,"Skipped: n < 2",NA
"percentile_latbin_OLS","q60","occurrence5_k3_tropical_temperate","Northern","Warmhouse","Hothouse",0,0,NA,NA,NA,NA,NA,NA,NA,"Skipped: n < 2",NA
"percentile_latbin_OLS","q60","occurrence5_k3_tropical_temperate","Southern","Coldhouse","Coolhouse",0,0,NA,NA,NA,NA,NA,NA,NA,"Skipped: n < 2",NA
"percentile_latbin_OLS","q60","occurrence5_k3_tropical_temperate","Southern","Coldhouse","Transitional",0,0,NA,NA,NA,NA,NA,NA,NA,"Skipped: n < 2",NA
"percentile_latbin_OLS","q60","occurrence5_k3_tropical_temperate","Southern","Coldhouse","Warmhouse",0,0,NA,NA,NA,NA,NA,NA,NA,"Skipped: n < 2",NA
"percentile_latbin_OLS","q60","occurrence5_k3_tropical_temperate","Southern","Coldhouse","Hothouse",0,0,NA,NA,NA,NA,NA,NA,NA,"Skipped: n < 2",NA
"percentile_latbin_OLS","q60","occurrence5_k3_tropical_temperate","Southern","Coolhouse","Transitional",0,0,NA,NA,NA,NA,NA,NA,NA,"Skipped: n < 2",NA
"percentile_latbin_OLS","q60","occurrence5_k3_tropical_temperate","Southern","Coolhouse","Warmhouse",0,0,NA,NA,NA,NA,NA,NA,NA,"Skipped: n < 2",NA
"percentile_latbin_OLS","q60","occurrence5_k3_tropical_temperate","Southern","Coolhouse","Hothouse",0,0,NA,NA,NA,NA,NA,NA,NA,"Skipped: n < 2",NA
"percentile_latbin_OLS","q60","occurrence5_k3_tropical_temperate","Southern","Transitional","Warmhouse",0,0,NA,NA,NA,NA,NA,NA,NA,"Skipped: n < 2",NA
"percentile_latbin_OLS","q60","occurrence5_k3_tropical_temperate","Southern","Transitional","Hothouse",0,0,NA,NA,NA,NA,NA,NA,NA,"Skipped: n < 2",NA
"percentile_latbin_OLS","q60","occurrence5_k3_tropical_temperate","Southern","Warmhouse","Hothouse",0,0,NA,NA,NA,NA,NA,NA,NA,"Skipped: n < 2",NA
"percentile_latbin_OLS","q60","occurrence5_k3_tropical_temperate_polar","Northern","Coldhouse","Coolhouse",0,0,NA,NA,NA,NA,NA,NA,NA,"Skipped: n < 2",NA
"percentile_latbin_OLS","q60","occurrence5_k3_tropical_temperate_polar","Northern","Coldhouse","Transitional",0,0,NA,NA,NA,NA,NA,NA,NA,"Skipped: n < 2",NA
"percentile_latbin_OLS","q60","occurrence5_k3_tropical_temperate_polar","Northern","Coldhouse","Warmhouse",0,0,NA,NA,NA,NA,NA,NA,NA,"Skipped: n < 2",NA
"percentile_latbin_OLS","q60","occurrence5_k3_tropical_temperate_polar","Northern","Coldhouse","Hothouse",0,0,NA,NA,NA,NA,NA,NA,NA,"Skipped: n < 2",NA
"percentile_latbin_OLS","q60","occurrence5_k3_tropical_temperate_polar","Northern","Coolhouse","Transitional",0,0,NA,NA,NA,NA,NA,NA,NA,"Skipped: n < 2",NA
"percentile_latbin_OLS","q60","occurrence5_k3_tropical_temperate_polar","Northern","Coolhouse","Warmhouse",0,0,NA,NA,NA,NA,NA,NA,NA,"Skipped: n < 2",NA
"percentile_latbin_OLS","q60","occurrence5_k3_tropical_temperate_polar","Northern","Coolhouse","Hothouse",0,0,NA,NA,NA,NA,NA,NA,NA,"Skipped: n < 2",NA
"percentile_latbin_OLS","q60","occurrence5_k3_tropical_temperate_polar","Northern","Transitional","Warmhouse",0,0,NA,NA,NA,NA,NA,NA,NA,"Skipped: n < 2",NA
"percentile_latbin_OLS","q60","occurrence5_k3_tropical_temperate_polar","Northern","Transitional","Hothouse",0,0,NA,NA,NA,NA,NA,NA,NA,"Skipped: n < 2",NA
"percentile_latbin_OLS","q60","occurrence5_k3_tropical_temperate_polar","Northern","Warmhouse","Hothouse",0,0,NA,NA,NA,NA,NA,NA,NA,"Skipped: n < 2",NA
"percentile_latbin_OLS","q60","occurrence5_k3_tropical_temperate_polar","Southern","Coldhouse","Coolhouse",0,0,NA,NA,NA,NA,NA,NA,NA,"Skipped: n < 2",NA
"percentile_latbin_OLS","q60","occurrence5_k3_tropical_temperate_polar","Southern","Coldhouse","Transitional",0,0,NA,NA,NA,NA,NA,NA,NA,"Skipped: n < 2",NA
"percentile_latbin_OLS","q60","occurrence5_k3_tropical_temperate_polar","Southern","Coldhouse","Warmhouse",0,0,NA,NA,NA,NA,NA,NA,NA,"Skipped: n < 2",NA
"percentile_latbin_OLS","q60","occurrence5_k3_tropical_temperate_polar","Southern","Coldhouse","Hothouse",0,0,NA,NA,NA,NA,NA,NA,NA,"Skipped: n < 2",NA
"percentile_latbin_OLS","q60","occurrence5_k3_tropical_temperate_polar","Southern","Coolhouse","Transitional",0,0,NA,NA,NA,NA,NA,NA,NA,"Skipped: n < 2",NA
"percentile_latbin_OLS","q60","occurrence5_k3_tropical_temperate_polar","Southern","Coolhouse","Warmhouse",0,0,NA,NA,NA,NA,NA,NA,NA,"Skipped: n < 2",NA
"percentile_latbin_OLS","q60","occurrence5_k3_tropical_temperate_polar","Southern","Coolhouse","Hothouse",0,0,NA,NA,NA,NA,NA,NA,NA,"Skipped: n < 2",NA
"percentile_latbin_OLS","q60","occurrence5_k3_tropical_temperate_polar","Southern","Transitional","Warmhouse",0,0,NA,NA,NA,NA,NA,NA,NA,"Skipped: n < 2",NA
"percentile_latbin_OLS","q60","occurrence5_k3_tropical_temperate_polar","Southern","Transitional","Hothouse",0,0,NA,NA,NA,NA,NA,NA,NA,"Skipped: n < 2",NA
"percentile_latbin_OLS","q60","occurrence5_k3_tropical_temperate_polar","Southern","Warmhouse","Hothouse",0,0,NA,NA,NA,NA,NA,NA,NA,"Skipped: n < 2",NA
"percentile_latbin_OLS","q60","occurrence10_k1_tropical_temperate","Northern","Coldhouse","Coolhouse",0,0,NA,NA,NA,NA,NA,NA,NA,"Skipped: n < 2",NA
"percentile_latbin_OLS","q60","occurrence10_k1_tropical_temperate","Northern","Coldhouse","Transitional",0,0,NA,NA,NA,NA,NA,NA,NA,"Skipped: n < 2",NA
"percentile_latbin_OLS","q60","occurrence10_k1_tropical_temperate","Northern","Coldhouse","Warmhouse",0,0,NA,NA,NA,NA,NA,NA,NA,"Skipped: n < 2",NA
"percentile_latbin_OLS","q60","occurrence10_k1_tropical_temperate","Northern","Coldhouse","Hothouse",0,0,NA,NA,NA,NA,NA,NA,NA,"Skipped: n < 2",NA
"percentile_latbin_OLS","q60","occurrence10_k1_tropical_temperate","Northern","Coolhouse","Transitional",0,0,NA,NA,NA,NA,NA,NA,NA,"Skipped: n < 2",NA
"percentile_latbin_OLS","q60","occurrence10_k1_tropical_temperate","Northern","Coolhouse","Warmhouse",0,0,NA,NA,NA,NA,NA,NA,NA,"Skipped: n < 2",NA
"percentile_latbin_OLS","q60","occurrence10_k1_tropical_temperate","Northern","Coolhouse","Hothouse",0,0,NA,NA,NA,NA,NA,NA,NA,"Skipped: n < 2",NA
"percentile_latbin_OLS","q60","occurrence10_k1_tropical_temperate","Northern","Transitional","Warmhouse",0,0,NA,NA,NA,NA,NA,NA,NA,"Skipped: n < 2",NA
"percentile_latbin_OLS","q60","occurrence10_k1_tropical_temperate","Northern","Transitional","Hothouse",0,0,NA,NA,NA,NA,NA,NA,NA,"Skipped: n < 2",NA
"percentile_latbin_OLS","q60","occurrence10_k1_tropical_temperate","Northern","Warmhouse","Hothouse",0,0,NA,NA,NA,NA,NA,NA,NA,"Skipped: n < 2",NA
"percentile_latbin_OLS","q60","occurrence10_k1_tropical_temperate","Southern","Coldhouse","Coolhouse",0,0,NA,NA,NA,NA,NA,NA,NA,"Skipped: n < 2",NA
"percentile_latbin_OLS","q60","occurrence10_k1_tropical_temperate","Southern","Coldhouse","Transitional",0,0,NA,NA,NA,NA,NA,NA,NA,"Skipped: n < 2",NA
"percentile_latbin_OLS","q60","occurrence10_k1_tropical_temperate","Southern","Coldhouse","Warmhouse",0,0,NA,NA,NA,NA,NA,NA,NA,"Skipped: n < 2",NA
"percentile_latbin_OLS","q60","occurrence10_k1_tropical_temperate","Southern","Coldhouse","Hothouse",0,0,NA,NA,NA,NA,NA,NA,NA,"Skipped: n < 2",NA
"percentile_latbin_OLS","q60","occurrence10_k1_tropical_temperate","Southern","Coolhouse","Transitional",0,0,NA,NA,NA,NA,NA,NA,NA,"Skipped: n < 2",NA
"percentile_latbin_OLS","q60","occurrence10_k1_tropical_temperate","Southern","Coolhouse","Warmhouse",0,0,NA,NA,NA,NA,NA,NA,NA,"Skipped: n < 2",NA
"percentile_latbin_OLS","q60","occurrence10_k1_tropical_temperate","Southern","Coolhouse","Hothouse",0,0,NA,NA,NA,NA,NA,NA,NA,"Skipped: n < 2",NA
"percentile_latbin_OLS","q60","occurrence10_k1_tropical_temperate","Southern","Transitional","Warmhouse",0,0,NA,NA,NA,NA,NA,NA,NA,"Skipped: n < 2",NA
"percentile_latbin_OLS","q60","occurrence10_k1_tropical_temperate","Southern","Transitional","Hothouse",0,0,NA,NA,NA,NA,NA,NA,NA,"Skipped: n < 2",NA
"percentile_latbin_OLS","q60","occurrence10_k1_tropical_temperate","Southern","Warmhouse","Hothouse",0,0,NA,NA,NA,NA,NA,NA,NA,"Skipped: n < 2",NA
"percentile_latbin_OLS","q60","occurrence10_k1_tropical_temperate_polar","Northern","Coldhouse","Coolhouse",0,0,NA,NA,NA,NA,NA,NA,NA,"Skipped: n < 2",NA
"percentile_latbin_OLS","q60","occurrence10_k1_tropical_temperate_polar","Northern","Coldhouse","Transitional",0,0,NA,NA,NA,NA,NA,NA,NA,"Skipped: n < 2",NA
"percentile_latbin_OLS","q60","occurrence10_k1_tropical_temperate_polar","Northern","Coldhouse","Warmhouse",0,0,NA,NA,NA,NA,NA,NA,NA,"Skipped: n < 2",NA
"percentile_latbin_OLS","q60","occurrence10_k1_tropical_temperate_polar","Northern","Coldhouse","Hothouse",0,0,NA,NA,NA,NA,NA,NA,NA,"Skipped: n < 2",NA
"percentile_latbin_OLS","q60","occurrence10_k1_tropical_temperate_polar","Northern","Coolhouse","Transitional",0,0,NA,NA,NA,NA,NA,NA,NA,"Skipped: n < 2",NA
"percentile_latbin_OLS","q60","occurrence10_k1_tropical_temperate_polar","Northern","Coolhouse","Warmhouse",0,0,NA,NA,NA,NA,NA,NA,NA,"Skipped: n < 2",NA
"percentile_latbin_OLS","q60","occurrence10_k1_tropical_temperate_polar","Northern","Coolhouse","Hothouse",0,0,NA,NA,NA,NA,NA,NA,NA,"Skipped: n < 2",NA
"percentile_latbin_OLS","q60","occurrence10_k1_tropical_temperate_polar","Northern","Transitional","Warmhouse",0,0,NA,NA,NA,NA,NA,NA,NA,"Skipped: n < 2",NA
"percentile_latbin_OLS","q60","occurrence10_k1_tropical_temperate_polar","Northern","Transitional","Hothouse",0,0,NA,NA,NA,NA,NA,NA,NA,"Skipped: n < 2",NA
"percentile_latbin_OLS","q60","occurrence10_k1_tropical_temperate_polar","Northern","Warmhouse","Hothouse",0,0,NA,NA,NA,NA,NA,NA,NA,"Skipped: n < 2",NA
"percentile_latbin_OLS","q60","occurrence10_k1_tropical_temperate_polar","Southern","Coldhouse","Coolhouse",0,0,NA,NA,NA,NA,NA,NA,NA,"Skipped: n < 2",NA
"percentile_latbin_OLS","q60","occurrence10_k1_tropical_temperate_polar","Southern","Coldhouse","Transitional",0,0,NA,NA,NA,NA,NA,NA,NA,"Skipped: n < 2",NA
"percentile_latbin_OLS","q60","occurrence10_k1_tropical_temperate_polar","Southern","Coldhouse","Warmhouse",0,0,NA,NA,NA,NA,NA,NA,NA,"Skipped: n < 2",NA
"percentile_latbin_OLS","q60","occurrence10_k1_tropical_temperate_polar","Southern","Coldhouse","Hothouse",0,0,NA,NA,NA,NA,NA,NA,NA,"Skipped: n < 2",NA
"percentile_latbin_OLS","q60","occurrence10_k1_tropical_temperate_polar","Southern","Coolhouse","Transitional",0,0,NA,NA,NA,NA,NA,NA,NA,"Skipped: n < 2",NA
"percentile_latbin_OLS","q60","occurrence10_k1_tropical_temperate_polar","Southern","Coolhouse","Warmhouse",0,0,NA,NA,NA,NA,NA,NA,NA,"Skipped: n < 2",NA
"percentile_latbin_OLS","q60","occurrence10_k1_tropical_temperate_polar","Southern","Coolhouse","Hothouse",0,0,NA,NA,NA,NA,NA,NA,NA,"Skipped: n < 2",NA
"percentile_latbin_OLS","q60","occurrence10_k1_tropical_temperate_polar","Southern","Transitional","Warmhouse",0,0,NA,NA,NA,NA,NA,NA,NA,"Skipped: n < 2",NA
"percentile_latbin_OLS","q60","occurrence10_k1_tropical_temperate_polar","Southern","Transitional","Hothouse",0,0,NA,NA,NA,NA,NA,NA,NA,"Skipped: n < 2",NA
"percentile_latbin_OLS","q60","occurrence10_k1_tropical_temperate_polar","Southern","Warmhouse","Hothouse",0,0,NA,NA,NA,NA,NA,NA,NA,"Skipped: n < 2",NA
"percentile_latbin_OLS","q60","occurrence10_k2_tropical_temperate","Northern","Coldhouse","Coolhouse",0,0,NA,NA,NA,NA,NA,NA,NA,"Skipped: n < 2",NA
"percentile_latbin_OLS","q60","occurrence10_k2_tropical_temperate","Northern","Coldhouse","Transitional",0,0,NA,NA,NA,NA,NA,NA,NA,"Skipped: n < 2",NA
"percentile_latbin_OLS","q60","occurrence10_k2_tropical_temperate","Northern","Coldhouse","Warmhouse",0,0,NA,NA,NA,NA,NA,NA,NA,"Skipped: n < 2",NA
"percentile_latbin_OLS","q60","occurrence10_k2_tropical_temperate","Northern","Coldhouse","Hothouse",0,0,NA,NA,NA,NA,NA,NA,NA,"Skipped: n < 2",NA
"percentile_latbin_OLS","q60","occurrence10_k2_tropical_temperate","Northern","Coolhouse","Transitional",0,0,NA,NA,NA,NA,NA,NA,NA,"Skipped: n < 2",NA
"percentile_latbin_OLS","q60","occurrence10_k2_tropical_temperate","Northern","Coolhouse","Warmhouse",0,0,NA,NA,NA,NA,NA,NA,NA,"Skipped: n < 2",NA
"percentile_latbin_OLS","q60","occurrence10_k2_tropical_temperate","Northern","Coolhouse","Hothouse",0,0,NA,NA,NA,NA,NA,NA,NA,"Skipped: n < 2",NA
"percentile_latbin_OLS","q60","occurrence10_k2_tropical_temperate","Northern","Transitional","Warmhouse",0,0,NA,NA,NA,NA,NA,NA,NA,"Skipped: n < 2",NA
"percentile_latbin_OLS","q60","occurrence10_k2_tropical_temperate","Northern","Transitional","Hothouse",0,0,NA,NA,NA,NA,NA,NA,NA,"Skipped: n < 2",NA
"percentile_latbin_OLS","q60","occurrence10_k2_tropical_temperate","Northern","Warmhouse","Hothouse",0,0,NA,NA,NA,NA,NA,NA,NA,"Skipped: n < 2",NA
"percentile_latbin_OLS","q60","occurrence10_k2_tropical_temperate","Southern","Coldhouse","Coolhouse",0,0,NA,NA,NA,NA,NA,NA,NA,"Skipped: n < 2",NA
"percentile_latbin_OLS","q60","occurrence10_k2_tropical_temperate","Southern","Coldhouse","Transitional",0,0,NA,NA,NA,NA,NA,NA,NA,"Skipped: n < 2",NA
"percentile_latbin_OLS","q60","occurrence10_k2_tropical_temperate","Southern","Coldhouse","Warmhouse",0,0,NA,NA,NA,NA,NA,NA,NA,"Skipped: n < 2",NA
"percentile_latbin_OLS","q60","occurrence10_k2_tropical_temperate","Southern","Coldhouse","Hothouse",0,0,NA,NA,NA,NA,NA,NA,NA,"Skipped: n < 2",NA
"percentile_latbin_OLS","q60","occurrence10_k2_tropical_temperate","Southern","Coolhouse","Transitional",0,0,NA,NA,NA,NA,NA,NA,NA,"Skipped: n < 2",NA
"percentile_latbin_OLS","q60","occurrence10_k2_tropical_temperate","Southern","Coolhouse","Warmhouse",0,0,NA,NA,NA,NA,NA,NA,NA,"Skipped: n < 2",NA
"percentile_latbin_OLS","q60","occurrence10_k2_tropical_temperate","Southern","Coolhouse","Hothouse",0,0,NA,NA,NA,NA,NA,NA,NA,"Skipped: n < 2",NA
"percentile_latbin_OLS","q60","occurrence10_k2_tropical_temperate","Southern","Transitional","Warmhouse",0,0,NA,NA,NA,NA,NA,NA,NA,"Skipped: n < 2",NA
"percentile_latbin_OLS","q60","occurrence10_k2_tropical_temperate","Southern","Transitional","Hothouse",0,0,NA,NA,NA,NA,NA,NA,NA,"Skipped: n < 2",NA
"percentile_latbin_OLS","q60","occurrence10_k2_tropical_temperate","Southern","Warmhouse","Hothouse",0,0,NA,NA,NA,NA,NA,NA,NA,"Skipped: n < 2",NA
"percentile_latbin_OLS","q60","occurrence10_k2_tropical_temperate_polar","Northern","Coldhouse","Coolhouse",0,0,NA,NA,NA,NA,NA,NA,NA,"Skipped: n < 2",NA
"percentile_latbin_OLS","q60","occurrence10_k2_tropical_temperate_polar","Northern","Coldhouse","Transitional",0,0,NA,NA,NA,NA,NA,NA,NA,"Skipped: n < 2",NA
"percentile_latbin_OLS","q60","occurrence10_k2_tropical_temperate_polar","Northern","Coldhouse","Warmhouse",0,0,NA,NA,NA,NA,NA,NA,NA,"Skipped: n < 2",NA
"percentile_latbin_OLS","q60","occurrence10_k2_tropical_temperate_polar","Northern","Coldhouse","Hothouse",0,0,NA,NA,NA,NA,NA,NA,NA,"Skipped: n < 2",NA
"percentile_latbin_OLS","q60","occurrence10_k2_tropical_temperate_polar","Northern","Coolhouse","Transitional",0,0,NA,NA,NA,NA,NA,NA,NA,"Skipped: n < 2",NA
"percentile_latbin_OLS","q60","occurrence10_k2_tropical_temperate_polar","Northern","Coolhouse","Warmhouse",0,0,NA,NA,NA,NA,NA,NA,NA,"Skipped: n < 2",NA
"percentile_latbin_OLS","q60","occurrence10_k2_tropical_temperate_polar","Northern","Coolhouse","Hothouse",0,0,NA,NA,NA,NA,NA,NA,NA,"Skipped: n < 2",NA
"percentile_latbin_OLS","q60","occurrence10_k2_tropical_temperate_polar","Northern","Transitional","Warmhouse",0,0,NA,NA,NA,NA,NA,NA,NA,"Skipped: n < 2",NA
"percentile_latbin_OLS","q60","occurrence10_k2_tropical_temperate_polar","Northern","Transitional","Hothouse",0,0,NA,NA,NA,NA,NA,NA,NA,"Skipped: n < 2",NA
"percentile_latbin_OLS","q60","occurrence10_k2_tropical_temperate_polar","Northern","Warmhouse","Hothouse",0,0,NA,NA,NA,NA,NA,NA,NA,"Skipped: n < 2",NA
"percentile_latbin_OLS","q60","occurrence10_k2_tropical_temperate_polar","Southern","Coldhouse","Coolhouse",0,0,NA,NA,NA,NA,NA,NA,NA,"Skipped: n < 2",NA
"percentile_latbin_OLS","q60","occurrence10_k2_tropical_temperate_polar","Southern","Coldhouse","Transitional",0,0,NA,NA,NA,NA,NA,NA,NA,"Skipped: n < 2",NA
"percentile_latbin_OLS","q60","occurrence10_k2_tropical_temperate_polar","Southern","Coldhouse","Warmhouse",0,0,NA,NA,NA,NA,NA,NA,NA,"Skipped: n < 2",NA
"percentile_latbin_OLS","q60","occurrence10_k2_tropical_temperate_polar","Southern","Coldhouse","Hothouse",0,0,NA,NA,NA,NA,NA,NA,NA,"Skipped: n < 2",NA
"percentile_latbin_OLS","q60","occurrence10_k2_tropical_temperate_polar","Southern","Coolhouse","Transitional",0,0,NA,NA,NA,NA,NA,NA,NA,"Skipped: n < 2",NA
"percentile_latbin_OLS","q60","occurrence10_k2_tropical_temperate_polar","Southern","Coolhouse","Warmhouse",0,0,NA,NA,NA,NA,NA,NA,NA,"Skipped: n < 2",NA
"percentile_latbin_OLS","q60","occurrence10_k2_tropical_temperate_polar","Southern","Coolhouse","Hothouse",0,0,NA,NA,NA,NA,NA,NA,NA,"Skipped: n < 2",NA
"percentile_latbin_OLS","q60","occurrence10_k2_tropical_temperate_polar","Southern","Transitional","Warmhouse",0,0,NA,NA,NA,NA,NA,NA,NA,"Skipped: n < 2",NA
"percentile_latbin_OLS","q60","occurrence10_k2_tropical_temperate_polar","Southern","Transitional","Hothouse",0,0,NA,NA,NA,NA,NA,NA,NA,"Skipped: n < 2",NA
"percentile_latbin_OLS","q60","occurrence10_k2_tropical_temperate_polar","Southern","Warmhouse","Hothouse",0,0,NA,NA,NA,NA,NA,NA,NA,"Skipped: n < 2",NA
"percentile_latbin_OLS","q60","occurrence10_k3_tropical_temperate","Northern","Coldhouse","Coolhouse",0,0,NA,NA,NA,NA,NA,NA,NA,"Skipped: n < 2",NA
"percentile_latbin_OLS","q60","occurrence10_k3_tropical_temperate","Northern","Coldhouse","Transitional",0,0,NA,NA,NA,NA,NA,NA,NA,"Skipped: n < 2",NA
"percentile_latbin_OLS","q60","occurrence10_k3_tropical_temperate","Northern","Coldhouse","Warmhouse",0,0,NA,NA,NA,NA,NA,NA,NA,"Skipped: n < 2",NA
"percentile_latbin_OLS","q60","occurrence10_k3_tropical_temperate","Northern","Coldhouse","Hothouse",0,0,NA,NA,NA,NA,NA,NA,NA,"Skipped: n < 2",NA
"percentile_latbin_OLS","q60","occurrence10_k3_tropical_temperate","Northern","Coolhouse","Transitional",0,0,NA,NA,NA,NA,NA,NA,NA,"Skipped: n < 2",NA
"percentile_latbin_OLS","q60","occurrence10_k3_tropical_temperate","Northern","Coolhouse","Warmhouse",0,0,NA,NA,NA,NA,NA,NA,NA,"Skipped: n < 2",NA
"percentile_latbin_OLS","q60","occurrence10_k3_tropical_temperate","Northern","Coolhouse","Hothouse",0,0,NA,NA,NA,NA,NA,NA,NA,"Skipped: n < 2",NA
"percentile_latbin_OLS","q60","occurrence10_k3_tropical_temperate","Northern","Transitional","Warmhouse",0,0,NA,NA,NA,NA,NA,NA,NA,"Skipped: n < 2",NA
"percentile_latbin_OLS","q60","occurrence10_k3_tropical_temperate","Northern","Transitional","Hothouse",0,0,NA,NA,NA,NA,NA,NA,NA,"Skipped: n < 2",NA
"percentile_latbin_OLS","q60","occurrence10_k3_tropical_temperate","Northern","Warmhouse","Hothouse",0,0,NA,NA,NA,NA,NA,NA,NA,"Skipped: n < 2",NA
"percentile_latbin_OLS","q60","occurrence10_k3_tropical_temperate","Southern","Coldhouse","Coolhouse",0,0,NA,NA,NA,NA,NA,NA,NA,"Skipped: n < 2",NA
"percentile_latbin_OLS","q60","occurrence10_k3_tropical_temperate","Southern","Coldhouse","Transitional",0,0,NA,NA,NA,NA,NA,NA,NA,"Skipped: n < 2",NA
"percentile_latbin_OLS","q60","occurrence10_k3_tropical_temperate","Southern","Coldhouse","Warmhouse",0,0,NA,NA,NA,NA,NA,NA,NA,"Skipped: n < 2",NA
"percentile_latbin_OLS","q60","occurrence10_k3_tropical_temperate","Southern","Coldhouse","Hothouse",0,0,NA,NA,NA,NA,NA,NA,NA,"Skipped: n < 2",NA
"percentile_latbin_OLS","q60","occurrence10_k3_tropical_temperate","Southern","Coolhouse","Transitional",0,0,NA,NA,NA,NA,NA,NA,NA,"Skipped: n < 2",NA
"percentile_latbin_OLS","q60","occurrence10_k3_tropical_temperate","Southern","Coolhouse","Warmhouse",0,0,NA,NA,NA,NA,NA,NA,NA,"Skipped: n < 2",NA
"percentile_latbin_OLS","q60","occurrence10_k3_tropical_temperate","Southern","Coolhouse","Hothouse",0,0,NA,NA,NA,NA,NA,NA,NA,"Skipped: n < 2",NA
"percentile_latbin_OLS","q60","occurrence10_k3_tropical_temperate","Southern","Transitional","Warmhouse",0,0,NA,NA,NA,NA,NA,NA,NA,"Skipped: n < 2",NA
"percentile_latbin_OLS","q60","occurrence10_k3_tropical_temperate","Southern","Transitional","Hothouse",0,0,NA,NA,NA,NA,NA,NA,NA,"Skipped: n < 2",NA
"percentile_latbin_OLS","q60","occurrence10_k3_tropical_temperate","Southern","Warmhouse","Hothouse",0,0,NA,NA,NA,NA,NA,NA,NA,"Skipped: n < 2",NA
"percentile_latbin_OLS","q60","occurrence10_k3_tropical_temperate_polar","Northern","Coldhouse","Coolhouse",0,0,NA,NA,NA,NA,NA,NA,NA,"Skipped: n < 2",NA
"percentile_latbin_OLS","q60","occurrence10_k3_tropical_temperate_polar","Northern","Coldhouse","Transitional",0,0,NA,NA,NA,NA,NA,NA,NA,"Skipped: n < 2",NA
"percentile_latbin_OLS","q60","occurrence10_k3_tropical_temperate_polar","Northern","Coldhouse","Warmhouse",0,0,NA,NA,NA,NA,NA,NA,NA,"Skipped: n < 2",NA
"percentile_latbin_OLS","q60","occurrence10_k3_tropical_temperate_polar","Northern","Coldhouse","Hothouse",0,0,NA,NA,NA,NA,NA,NA,NA,"Skipped: n < 2",NA
"percentile_latbin_OLS","q60","occurrence10_k3_tropical_temperate_polar","Northern","Coolhouse","Transitional",0,0,NA,NA,NA,NA,NA,NA,NA,"Skipped: n < 2",NA
"percentile_latbin_OLS","q60","occurrence10_k3_tropical_temperate_polar","Northern","Coolhouse","Warmhouse",0,0,NA,NA,NA,NA,NA,NA,NA,"Skipped: n < 2",NA
"percentile_latbin_OLS","q60","occurrence10_k3_tropical_temperate_polar","Northern","Coolhouse","Hothouse",0,0,NA,NA,NA,NA,NA,NA,NA,"Skipped: n < 2",NA
"percentile_latbin_OLS","q60","occurrence10_k3_tropical_temperate_polar","Northern","Transitional","Warmhouse",0,0,NA,NA,NA,NA,NA,NA,NA,"Skipped: n < 2",NA
"percentile_latbin_OLS","q60","occurrence10_k3_tropical_temperate_polar","Northern","Transitional","Hothouse",0,0,NA,NA,NA,NA,NA,NA,NA,"Skipped: n < 2",NA
"percentile_latbin_OLS","q60","occurrence10_k3_tropical_temperate_polar","Northern","Warmhouse","Hothouse",0,0,NA,NA,NA,NA,NA,NA,NA,"Skipped: n < 2",NA
"percentile_latbin_OLS","q60","occurrence10_k3_tropical_temperate_polar","Southern","Coldhouse","Coolhouse",0,0,NA,NA,NA,NA,NA,NA,NA,"Skipped: n < 2",NA
"percentile_latbin_OLS","q60","occurrence10_k3_tropical_temperate_polar","Southern","Coldhouse","Transitional",0,0,NA,NA,NA,NA,NA,NA,NA,"Skipped: n < 2",NA
"percentile_latbin_OLS","q60","occurrence10_k3_tropical_temperate_polar","Southern","Coldhouse","Warmhouse",0,0,NA,NA,NA,NA,NA,NA,NA,"Skipped: n < 2",NA
"percentile_latbin_OLS","q60","occurrence10_k3_tropical_temperate_polar","Southern","Coldhouse","Hothouse",0,0,NA,NA,NA,NA,NA,NA,NA,"Skipped: n < 2",NA
"percentile_latbin_OLS","q60","occurrence10_k3_tropical_temperate_polar","Southern","Coolhouse","Transitional",0,0,NA,NA,NA,NA,NA,NA,NA,"Skipped: n < 2",NA
"percentile_latbin_OLS","q60","occurrence10_k3_tropical_temperate_polar","Southern","Coolhouse","Warmhouse",0,0,NA,NA,NA,NA,NA,NA,NA,"Skipped: n < 2",NA
"percentile_latbin_OLS","q60","occurrence10_k3_tropical_temperate_polar","Southern","Coolhouse","Hothouse",0,0,NA,NA,NA,NA,NA,NA,NA,"Skipped: n < 2",NA
"percentile_latbin_OLS","q60","occurrence10_k3_tropical_temperate_polar","Southern","Transitional","Warmhouse",0,0,NA,NA,NA,NA,NA,NA,NA,"Skipped: n < 2",NA
"percentile_latbin_OLS","q60","occurrence10_k3_tropical_temperate_polar","Southern","Transitional","Hothouse",0,0,NA,NA,NA,NA,NA,NA,NA,"Skipped: n < 2",NA
"percentile_latbin_OLS","q60","occurrence10_k3_tropical_temperate_polar","Southern","Warmhouse","Hothouse",0,0,NA,NA,NA,NA,NA,NA,NA,"Skipped: n < 2",NA
"percentile_latbin_OLS","q60","collection5_k1_tropical_temperate","Northern","Coldhouse","Coolhouse",0,0,NA,NA,NA,NA,NA,NA,NA,"Skipped: n < 2",NA
"percentile_latbin_OLS","q60","collection5_k1_tropical_temperate","Northern","Coldhouse","Transitional",0,0,NA,NA,NA,NA,NA,NA,NA,"Skipped: n < 2",NA
"percentile_latbin_OLS","q60","collection5_k1_tropical_temperate","Northern","Coldhouse","Warmhouse",0,0,NA,NA,NA,NA,NA,NA,NA,"Skipped: n < 2",NA
"percentile_latbin_OLS","q60","collection5_k1_tropical_temperate","Northern","Coldhouse","Hothouse",0,0,NA,NA,NA,NA,NA,NA,NA,"Skipped: n < 2",NA
"percentile_latbin_OLS","q60","collection5_k1_tropical_temperate","Northern","Coolhouse","Transitional",0,0,NA,NA,NA,NA,NA,NA,NA,"Skipped: n < 2",NA
"percentile_latbin_OLS","q60","collection5_k1_tropical_temperate","Northern","Coolhouse","Warmhouse",0,0,NA,NA,NA,NA,NA,NA,NA,"Skipped: n < 2",NA
"percentile_latbin_OLS","q60","collection5_k1_tropical_temperate","Northern","Coolhouse","Hothouse",0,0,NA,NA,NA,NA,NA,NA,NA,"Skipped: n < 2",NA
"percentile_latbin_OLS","q60","collection5_k1_tropical_temperate","Northern","Transitional","Warmhouse",0,0,NA,NA,NA,NA,NA,NA,NA,"Skipped: n < 2",NA
"percentile_latbin_OLS","q60","collection5_k1_tropical_temperate","Northern","Transitional","Hothouse",0,0,NA,NA,NA,NA,NA,NA,NA,"Skipped: n < 2",NA
"percentile_latbin_OLS","q60","collection5_k1_tropical_temperate","Northern","Warmhouse","Hothouse",0,0,NA,NA,NA,NA,NA,NA,NA,"Skipped: n < 2",NA
"percentile_latbin_OLS","q60","collection5_k1_tropical_temperate","Southern","Coldhouse","Coolhouse",0,0,NA,NA,NA,NA,NA,NA,NA,"Skipped: n < 2",NA
"percentile_latbin_OLS","q60","collection5_k1_tropical_temperate","Southern","Coldhouse","Transitional",0,0,NA,NA,NA,NA,NA,NA,NA,"Skipped: n < 2",NA
"percentile_latbin_OLS","q60","collection5_k1_tropical_temperate","Southern","Coldhouse","Warmhouse",0,0,NA,NA,NA,NA,NA,NA,NA,"Skipped: n < 2",NA
"percentile_latbin_OLS","q60","collection5_k1_tropical_temperate","Southern","Coldhouse","Hothouse",0,0,NA,NA,NA,NA,NA,NA,NA,"Skipped: n < 2",NA
"percentile_latbin_OLS","q60","collection5_k1_tropical_temperate","Southern","Coolhouse","Transitional",0,0,NA,NA,NA,NA,NA,NA,NA,"Skipped: n < 2",NA
"percentile_latbin_OLS","q60","collection5_k1_tropical_temperate","Southern","Coolhouse","Warmhouse",0,0,NA,NA,NA,NA,NA,NA,NA,"Skipped: n < 2",NA
"percentile_latbin_OLS","q60","collection5_k1_tropical_temperate","Southern","Coolhouse","Hothouse",0,0,NA,NA,NA,NA,NA,NA,NA,"Skipped: n < 2",NA
"percentile_latbin_OLS","q60","collection5_k1_tropical_temperate","Southern","Transitional","Warmhouse",0,0,NA,NA,NA,NA,NA,NA,NA,"Skipped: n < 2",NA
"percentile_latbin_OLS","q60","collection5_k1_tropical_temperate","Southern","Transitional","Hothouse",0,0,NA,NA,NA,NA,NA,NA,NA,"Skipped: n < 2",NA
"percentile_latbin_OLS","q60","collection5_k1_tropical_temperate","Southern","Warmhouse","Hothouse",0,0,NA,NA,NA,NA,NA,NA,NA,"Skipped: n < 2",NA
"percentile_latbin_OLS","q60","collection5_k1_tropical_temperate_polar","Northern","Coldhouse","Coolhouse",0,0,NA,NA,NA,NA,NA,NA,NA,"Skipped: n < 2",NA
"percentile_latbin_OLS","q60","collection5_k1_tropical_temperate_polar","Northern","Coldhouse","Transitional",0,0,NA,NA,NA,NA,NA,NA,NA,"Skipped: n < 2",NA
"percentile_latbin_OLS","q60","collection5_k1_tropical_temperate_polar","Northern","Coldhouse","Warmhouse",0,0,NA,NA,NA,NA,NA,NA,NA,"Skipped: n < 2",NA
"percentile_latbin_OLS","q60","collection5_k1_tropical_temperate_polar","Northern","Coldhouse","Hothouse",0,0,NA,NA,NA,NA,NA,NA,NA,"Skipped: n < 2",NA
"percentile_latbin_OLS","q60","collection5_k1_tropical_temperate_polar","Northern","Coolhouse","Transitional",0,0,NA,NA,NA,NA,NA,NA,NA,"Skipped: n < 2",NA
"percentile_latbin_OLS","q60","collection5_k1_tropical_temperate_polar","Northern","Coolhouse","Warmhouse",0,0,NA,NA,NA,NA,NA,NA,NA,"Skipped: n < 2",NA
"percentile_latbin_OLS","q60","collection5_k1_tropical_temperate_polar","Northern","Coolhouse","Hothouse",0,0,NA,NA,NA,NA,NA,NA,NA,"Skipped: n < 2",NA
"percentile_latbin_OLS","q60","collection5_k1_tropical_temperate_polar","Northern","Transitional","Warmhouse",0,0,NA,NA,NA,NA,NA,NA,NA,"Skipped: n < 2",NA
"percentile_latbin_OLS","q60","collection5_k1_tropical_temperate_polar","Northern","Transitional","Hothouse",0,0,NA,NA,NA,NA,NA,NA,NA,"Skipped: n < 2",NA
"percentile_latbin_OLS","q60","collection5_k1_tropical_temperate_polar","Northern","Warmhouse","Hothouse",0,0,NA,NA,NA,NA,NA,NA,NA,"Skipped: n < 2",NA
"percentile_latbin_OLS","q60","collection5_k1_tropical_temperate_polar","Southern","Coldhouse","Coolhouse",0,0,NA,NA,NA,NA,NA,NA,NA,"Skipped: n < 2",NA
"percentile_latbin_OLS","q60","collection5_k1_tropical_temperate_polar","Southern","Coldhouse","Transitional",0,0,NA,NA,NA,NA,NA,NA,NA,"Skipped: n < 2",NA
"percentile_latbin_OLS","q60","collection5_k1_tropical_temperate_polar","Southern","Coldhouse","Warmhouse",0,0,NA,NA,NA,NA,NA,NA,NA,"Skipped: n < 2",NA
"percentile_latbin_OLS","q60","collection5_k1_tropical_temperate_polar","Southern","Coldhouse","Hothouse",0,0,NA,NA,NA,NA,NA,NA,NA,"Skipped: n < 2",NA
"percentile_latbin_OLS","q60","collection5_k1_tropical_temperate_polar","Southern","Coolhouse","Transitional",0,0,NA,NA,NA,NA,NA,NA,NA,"Skipped: n < 2",NA
"percentile_latbin_OLS","q60","collection5_k1_tropical_temperate_polar","Southern","Coolhouse","Warmhouse",0,0,NA,NA,NA,NA,NA,NA,NA,"Skipped: n < 2",NA
"percentile_latbin_OLS","q60","collection5_k1_tropical_temperate_polar","Southern","Coolhouse","Hothouse",0,0,NA,NA,NA,NA,NA,NA,NA,"Skipped: n < 2",NA
"percentile_latbin_OLS","q60","collection5_k1_tropical_temperate_polar","Southern","Transitional","Warmhouse",0,0,NA,NA,NA,NA,NA,NA,NA,"Skipped: n < 2",NA
"percentile_latbin_OLS","q60","collection5_k1_tropical_temperate_polar","Southern","Transitional","Hothouse",0,0,NA,NA,NA,NA,NA,NA,NA,"Skipped: n < 2",NA
"percentile_latbin_OLS","q60","collection5_k1_tropical_temperate_polar","Southern","Warmhouse","Hothouse",0,0,NA,NA,NA,NA,NA,NA,NA,"Skipped: n < 2",NA
"percentile_latbin_OLS","q60","collection5_k2_tropical_temperate","Northern","Coldhouse","Coolhouse",0,0,NA,NA,NA,NA,NA,NA,NA,"Skipped: n < 2",NA
"percentile_latbin_OLS","q60","collection5_k2_tropical_temperate","Northern","Coldhouse","Transitional",0,0,NA,NA,NA,NA,NA,NA,NA,"Skipped: n < 2",NA
"percentile_latbin_OLS","q60","collection5_k2_tropical_temperate","Northern","Coldhouse","Warmhouse",0,0,NA,NA,NA,NA,NA,NA,NA,"Skipped: n < 2",NA
"percentile_latbin_OLS","q60","collection5_k2_tropical_temperate","Northern","Coldhouse","Hothouse",0,0,NA,NA,NA,NA,NA,NA,NA,"Skipped: n < 2",NA
"percentile_latbin_OLS","q60","collection5_k2_tropical_temperate","Northern","Coolhouse","Transitional",0,0,NA,NA,NA,NA,NA,NA,NA,"Skipped: n < 2",NA
"percentile_latbin_OLS","q60","collection5_k2_tropical_temperate","Northern","Coolhouse","Warmhouse",0,0,NA,NA,NA,NA,NA,NA,NA,"Skipped: n < 2",NA
"percentile_latbin_OLS","q60","collection5_k2_tropical_temperate","Northern","Coolhouse","Hothouse",0,0,NA,NA,NA,NA,NA,NA,NA,"Skipped: n < 2",NA
"percentile_latbin_OLS","q60","collection5_k2_tropical_temperate","Northern","Transitional","Warmhouse",0,0,NA,NA,NA,NA,NA,NA,NA,"Skipped: n < 2",NA
"percentile_latbin_OLS","q60","collection5_k2_tropical_temperate","Northern","Transitional","Hothouse",0,0,NA,NA,NA,NA,NA,NA,NA,"Skipped: n < 2",NA
"percentile_latbin_OLS","q60","collection5_k2_tropical_temperate","Northern","Warmhouse","Hothouse",0,0,NA,NA,NA,NA,NA,NA,NA,"Skipped: n < 2",NA
"percentile_latbin_OLS","q60","collection5_k2_tropical_temperate","Southern","Coldhouse","Coolhouse",0,0,NA,NA,NA,NA,NA,NA,NA,"Skipped: n < 2",NA
"percentile_latbin_OLS","q60","collection5_k2_tropical_temperate","Southern","Coldhouse","Transitional",0,0,NA,NA,NA,NA,NA,NA,NA,"Skipped: n < 2",NA
"percentile_latbin_OLS","q60","collection5_k2_tropical_temperate","Southern","Coldhouse","Warmhouse",0,0,NA,NA,NA,NA,NA,NA,NA,"Skipped: n < 2",NA
"percentile_latbin_OLS","q60","collection5_k2_tropical_temperate","Southern","Coldhouse","Hothouse",0,0,NA,NA,NA,NA,NA,NA,NA,"Skipped: n < 2",NA
"percentile_latbin_OLS","q60","collection5_k2_tropical_temperate","Southern","Coolhouse","Transitional",0,0,NA,NA,NA,NA,NA,NA,NA,"Skipped: n < 2",NA
"percentile_latbin_OLS","q60","collection5_k2_tropical_temperate","Southern","Coolhouse","Warmhouse",0,0,NA,NA,NA,NA,NA,NA,NA,"Skipped: n < 2",NA
"percentile_latbin_OLS","q60","collection5_k2_tropical_temperate","Southern","Coolhouse","Hothouse",0,0,NA,NA,NA,NA,NA,NA,NA,"Skipped: n < 2",NA
"percentile_latbin_OLS","q60","collection5_k2_tropical_temperate","Southern","Transitional","Warmhouse",0,0,NA,NA,NA,NA,NA,NA,NA,"Skipped: n < 2",NA
"percentile_latbin_OLS","q60","collection5_k2_tropical_temperate","Southern","Transitional","Hothouse",0,0,NA,NA,NA,NA,NA,NA,NA,"Skipped: n < 2",NA
"percentile_latbin_OLS","q60","collection5_k2_tropical_temperate","Southern","Warmhouse","Hothouse",0,0,NA,NA,NA,NA,NA,NA,NA,"Skipped: n < 2",NA
"percentile_latbin_OLS","q60","collection5_k2_tropical_temperate_polar","Northern","Coldhouse","Coolhouse",0,0,NA,NA,NA,NA,NA,NA,NA,"Skipped: n < 2",NA
"percentile_latbin_OLS","q60","collection5_k2_tropical_temperate_polar","Northern","Coldhouse","Transitional",0,0,NA,NA,NA,NA,NA,NA,NA,"Skipped: n < 2",NA
"percentile_latbin_OLS","q60","collection5_k2_tropical_temperate_polar","Northern","Coldhouse","Warmhouse",0,0,NA,NA,NA,NA,NA,NA,NA,"Skipped: n < 2",NA
"percentile_latbin_OLS","q60","collection5_k2_tropical_temperate_polar","Northern","Coldhouse","Hothouse",0,0,NA,NA,NA,NA,NA,NA,NA,"Skipped: n < 2",NA
"percentile_latbin_OLS","q60","collection5_k2_tropical_temperate_polar","Northern","Coolhouse","Transitional",0,0,NA,NA,NA,NA,NA,NA,NA,"Skipped: n < 2",NA
"percentile_latbin_OLS","q60","collection5_k2_tropical_temperate_polar","Northern","Coolhouse","Warmhouse",0,0,NA,NA,NA,NA,NA,NA,NA,"Skipped: n < 2",NA
"percentile_latbin_OLS","q60","collection5_k2_tropical_temperate_polar","Northern","Coolhouse","Hothouse",0,0,NA,NA,NA,NA,NA,NA,NA,"Skipped: n < 2",NA
"percentile_latbin_OLS","q60","collection5_k2_tropical_temperate_polar","Northern","Transitional","Warmhouse",0,0,NA,NA,NA,NA,NA,NA,NA,"Skipped: n < 2",NA
"percentile_latbin_OLS","q60","collection5_k2_tropical_temperate_polar","Northern","Transitional","Hothouse",0,0,NA,NA,NA,NA,NA,NA,NA,"Skipped: n < 2",NA
"percentile_latbin_OLS","q60","collection5_k2_tropical_temperate_polar","Northern","Warmhouse","Hothouse",0,0,NA,NA,NA,NA,NA,NA,NA,"Skipped: n < 2",NA
"percentile_latbin_OLS","q60","collection5_k2_tropical_temperate_polar","Southern","Coldhouse","Coolhouse",0,0,NA,NA,NA,NA,NA,NA,NA,"Skipped: n < 2",NA
"percentile_latbin_OLS","q60","collection5_k2_tropical_temperate_polar","Southern","Coldhouse","Transitional",0,0,NA,NA,NA,NA,NA,NA,NA,"Skipped: n < 2",NA
"percentile_latbin_OLS","q60","collection5_k2_tropical_temperate_polar","Southern","Coldhouse","Warmhouse",0,0,NA,NA,NA,NA,NA,NA,NA,"Skipped: n < 2",NA
"percentile_latbin_OLS","q60","collection5_k2_tropical_temperate_polar","Southern","Coldhouse","Hothouse",0,0,NA,NA,NA,NA,NA,NA,NA,"Skipped: n < 2",NA
"percentile_latbin_OLS","q60","collection5_k2_tropical_temperate_polar","Southern","Coolhouse","Transitional",0,0,NA,NA,NA,NA,NA,NA,NA,"Skipped: n < 2",NA
"percentile_latbin_OLS","q60","collection5_k2_tropical_temperate_polar","Southern","Coolhouse","Warmhouse",0,0,NA,NA,NA,NA,NA,NA,NA,"Skipped: n < 2",NA
"percentile_latbin_OLS","q60","collection5_k2_tropical_temperate_polar","Southern","Coolhouse","Hothouse",0,0,NA,NA,NA,NA,NA,NA,NA,"Skipped: n < 2",NA
"percentile_latbin_OLS","q60","collection5_k2_tropical_temperate_polar","Southern","Transitional","Warmhouse",0,0,NA,NA,NA,NA,NA,NA,NA,"Skipped: n < 2",NA
"percentile_latbin_OLS","q60","collection5_k2_tropical_temperate_polar","Southern","Transitional","Hothouse",0,0,NA,NA,NA,NA,NA,NA,NA,"Skipped: n < 2",NA
"percentile_latbin_OLS","q60","collection5_k2_tropical_temperate_polar","Southern","Warmhouse","Hothouse",0,0,NA,NA,NA,NA,NA,NA,NA,"Skipped: n < 2",NA
"percentile_latbin_OLS","q60","collection5_k3_tropical_temperate","Northern","Coldhouse","Coolhouse",0,0,NA,NA,NA,NA,NA,NA,NA,"Skipped: n < 2",NA
"percentile_latbin_OLS","q60","collection5_k3_tropical_temperate","Northern","Coldhouse","Transitional",0,0,NA,NA,NA,NA,NA,NA,NA,"Skipped: n < 2",NA
"percentile_latbin_OLS","q60","collection5_k3_tropical_temperate","Northern","Coldhouse","Warmhouse",0,0,NA,NA,NA,NA,NA,NA,NA,"Skipped: n < 2",NA
"percentile_latbin_OLS","q60","collection5_k3_tropical_temperate","Northern","Coldhouse","Hothouse",0,0,NA,NA,NA,NA,NA,NA,NA,"Skipped: n < 2",NA
"percentile_latbin_OLS","q60","collection5_k3_tropical_temperate","Northern","Coolhouse","Transitional",0,0,NA,NA,NA,NA,NA,NA,NA,"Skipped: n < 2",NA
"percentile_latbin_OLS","q60","collection5_k3_tropical_temperate","Northern","Coolhouse","Warmhouse",0,0,NA,NA,NA,NA,NA,NA,NA,"Skipped: n < 2",NA
"percentile_latbin_OLS","q60","collection5_k3_tropical_temperate","Northern","Coolhouse","Hothouse",0,0,NA,NA,NA,NA,NA,NA,NA,"Skipped: n < 2",NA
"percentile_latbin_OLS","q60","collection5_k3_tropical_temperate","Northern","Transitional","Warmhouse",0,0,NA,NA,NA,NA,NA,NA,NA,"Skipped: n < 2",NA
"percentile_latbin_OLS","q60","collection5_k3_tropical_temperate","Northern","Transitional","Hothouse",0,0,NA,NA,NA,NA,NA,NA,NA,"Skipped: n < 2",NA
"percentile_latbin_OLS","q60","collection5_k3_tropical_temperate","Northern","Warmhouse","Hothouse",0,0,NA,NA,NA,NA,NA,NA,NA,"Skipped: n < 2",NA
"percentile_latbin_OLS","q60","collection5_k3_tropical_temperate","Southern","Coldhouse","Coolhouse",0,0,NA,NA,NA,NA,NA,NA,NA,"Skipped: n < 2",NA
"percentile_latbin_OLS","q60","collection5_k3_tropical_temperate","Southern","Coldhouse","Transitional",0,0,NA,NA,NA,NA,NA,NA,NA,"Skipped: n < 2",NA
"percentile_latbin_OLS","q60","collection5_k3_tropical_temperate","Southern","Coldhouse","Warmhouse",0,0,NA,NA,NA,NA,NA,NA,NA,"Skipped: n < 2",NA
"percentile_latbin_OLS","q60","collection5_k3_tropical_temperate","Southern","Coldhouse","Hothouse",0,0,NA,NA,NA,NA,NA,NA,NA,"Skipped: n < 2",NA
"percentile_latbin_OLS","q60","collection5_k3_tropical_temperate","Southern","Coolhouse","Transitional",0,0,NA,NA,NA,NA,NA,NA,NA,"Skipped: n < 2",NA
"percentile_latbin_OLS","q60","collection5_k3_tropical_temperate","Southern","Coolhouse","Warmhouse",0,0,NA,NA,NA,NA,NA,NA,NA,"Skipped: n < 2",NA
"percentile_latbin_OLS","q60","collection5_k3_tropical_temperate","Southern","Coolhouse","Hothouse",0,0,NA,NA,NA,NA,NA,NA,NA,"Skipped: n < 2",NA
"percentile_latbin_OLS","q60","collection5_k3_tropical_temperate","Southern","Transitional","Warmhouse",0,0,NA,NA,NA,NA,NA,NA,NA,"Skipped: n < 2",NA
"percentile_latbin_OLS","q60","collection5_k3_tropical_temperate","Southern","Transitional","Hothouse",0,0,NA,NA,NA,NA,NA,NA,NA,"Skipped: n < 2",NA
"percentile_latbin_OLS","q60","collection5_k3_tropical_temperate","Southern","Warmhouse","Hothouse",0,0,NA,NA,NA,NA,NA,NA,NA,"Skipped: n < 2",NA
"percentile_latbin_OLS","q60","collection5_k3_tropical_temperate_polar","Northern","Coldhouse","Coolhouse",0,0,NA,NA,NA,NA,NA,NA,NA,"Skipped: n < 2",NA
"percentile_latbin_OLS","q60","collection5_k3_tropical_temperate_polar","Northern","Coldhouse","Transitional",0,0,NA,NA,NA,NA,NA,NA,NA,"Skipped: n < 2",NA
"percentile_latbin_OLS","q60","collection5_k3_tropical_temperate_polar","Northern","Coldhouse","Warmhouse",0,0,NA,NA,NA,NA,NA,NA,NA,"Skipped: n < 2",NA
"percentile_latbin_OLS","q60","collection5_k3_tropical_temperate_polar","Northern","Coldhouse","Hothouse",0,0,NA,NA,NA,NA,NA,NA,NA,"Skipped: n < 2",NA
"percentile_latbin_OLS","q60","collection5_k3_tropical_temperate_polar","Northern","Coolhouse","Transitional",0,0,NA,NA,NA,NA,NA,NA,NA,"Skipped: n < 2",NA
"percentile_latbin_OLS","q60","collection5_k3_tropical_temperate_polar","Northern","Coolhouse","Warmhouse",0,0,NA,NA,NA,NA,NA,NA,NA,"Skipped: n < 2",NA
"percentile_latbin_OLS","q60","collection5_k3_tropical_temperate_polar","Northern","Coolhouse","Hothouse",0,0,NA,NA,NA,NA,NA,NA,NA,"Skipped: n < 2",NA
"percentile_latbin_OLS","q60","collection5_k3_tropical_temperate_polar","Northern","Transitional","Warmhouse",0,0,NA,NA,NA,NA,NA,NA,NA,"Skipped: n < 2",NA
"percentile_latbin_OLS","q60","collection5_k3_tropical_temperate_polar","Northern","Transitional","Hothouse",0,0,NA,NA,NA,NA,NA,NA,NA,"Skipped: n < 2",NA
"percentile_latbin_OLS","q60","collection5_k3_tropical_temperate_polar","Northern","Warmhouse","Hothouse",0,0,NA,NA,NA,NA,NA,NA,NA,"Skipped: n < 2",NA
"percentile_latbin_OLS","q60","collection5_k3_tropical_temperate_polar","Southern","Coldhouse","Coolhouse",0,0,NA,NA,NA,NA,NA,NA,NA,"Skipped: n < 2",NA
"percentile_latbin_OLS","q60","collection5_k3_tropical_temperate_polar","Southern","Coldhouse","Transitional",0,0,NA,NA,NA,NA,NA,NA,NA,"Skipped: n < 2",NA
"percentile_latbin_OLS","q60","collection5_k3_tropical_temperate_polar","Southern","Coldhouse","Warmhouse",0,0,NA,NA,NA,NA,NA,NA,NA,"Skipped: n < 2",NA
"percentile_latbin_OLS","q60","collection5_k3_tropical_temperate_polar","Southern","Coldhouse","Hothouse",0,0,NA,NA,NA,NA,NA,NA,NA,"Skipped: n < 2",NA
"percentile_latbin_OLS","q60","collection5_k3_tropical_temperate_polar","Southern","Coolhouse","Transitional",0,0,NA,NA,NA,NA,NA,NA,NA,"Skipped: n < 2",NA
"percentile_latbin_OLS","q60","collection5_k3_tropical_temperate_polar","Southern","Coolhouse","Warmhouse",0,0,NA,NA,NA,NA,NA,NA,NA,"Skipped: n < 2",NA
"percentile_latbin_OLS","q60","collection5_k3_tropical_temperate_polar","Southern","Coolhouse","Hothouse",0,0,NA,NA,NA,NA,NA,NA,NA,"Skipped: n < 2",NA
"percentile_latbin_OLS","q60","collection5_k3_tropical_temperate_polar","Southern","Transitional","Warmhouse",0,0,NA,NA,NA,NA,NA,NA,NA,"Skipped: n < 2",NA
"percentile_latbin_OLS","q60","collection5_k3_tropical_temperate_polar","Southern","Transitional","Hothouse",0,0,NA,NA,NA,NA,NA,NA,NA,"Skipped: n < 2",NA
"percentile_latbin_OLS","q60","collection5_k3_tropical_temperate_polar","Southern","Warmhouse","Hothouse",0,0,NA,NA,NA,NA,NA,NA,NA,"Skipped: n < 2",NA
"percentile_latbin_OLS","q60","collection10_k1_tropical_temperate","Northern","Coldhouse","Coolhouse",0,0,NA,NA,NA,NA,NA,NA,NA,"Skipped: n < 2",NA
"percentile_latbin_OLS","q60","collection10_k1_tropical_temperate","Northern","Coldhouse","Transitional",0,0,NA,NA,NA,NA,NA,NA,NA,"Skipped: n < 2",NA
"percentile_latbin_OLS","q60","collection10_k1_tropical_temperate","Northern","Coldhouse","Warmhouse",0,0,NA,NA,NA,NA,NA,NA,NA,"Skipped: n < 2",NA
"percentile_latbin_OLS","q60","collection10_k1_tropical_temperate","Northern","Coldhouse","Hothouse",0,0,NA,NA,NA,NA,NA,NA,NA,"Skipped: n < 2",NA
"percentile_latbin_OLS","q60","collection10_k1_tropical_temperate","Northern","Coolhouse","Transitional",0,0,NA,NA,NA,NA,NA,NA,NA,"Skipped: n < 2",NA
"percentile_latbin_OLS","q60","collection10_k1_tropical_temperate","Northern","Coolhouse","Warmhouse",0,0,NA,NA,NA,NA,NA,NA,NA,"Skipped: n < 2",NA
"percentile_latbin_OLS","q60","collection10_k1_tropical_temperate","Northern","Coolhouse","Hothouse",0,0,NA,NA,NA,NA,NA,NA,NA,"Skipped: n < 2",NA
"percentile_latbin_OLS","q60","collection10_k1_tropical_temperate","Northern","Transitional","Warmhouse",0,0,NA,NA,NA,NA,NA,NA,NA,"Skipped: n < 2",NA
"percentile_latbin_OLS","q60","collection10_k1_tropical_temperate","Northern","Transitional","Hothouse",0,0,NA,NA,NA,NA,NA,NA,NA,"Skipped: n < 2",NA
"percentile_latbin_OLS","q60","collection10_k1_tropical_temperate","Northern","Warmhouse","Hothouse",0,0,NA,NA,NA,NA,NA,NA,NA,"Skipped: n < 2",NA
"percentile_latbin_OLS","q60","collection10_k1_tropical_temperate","Southern","Coldhouse","Coolhouse",0,0,NA,NA,NA,NA,NA,NA,NA,"Skipped: n < 2",NA
"percentile_latbin_OLS","q60","collection10_k1_tropical_temperate","Southern","Coldhouse","Transitional",0,0,NA,NA,NA,NA,NA,NA,NA,"Skipped: n < 2",NA
"percentile_latbin_OLS","q60","collection10_k1_tropical_temperate","Southern","Coldhouse","Warmhouse",0,0,NA,NA,NA,NA,NA,NA,NA,"Skipped: n < 2",NA
"percentile_latbin_OLS","q60","collection10_k1_tropical_temperate","Southern","Coldhouse","Hothouse",0,0,NA,NA,NA,NA,NA,NA,NA,"Skipped: n < 2",NA
"percentile_latbin_OLS","q60","collection10_k1_tropical_temperate","Southern","Coolhouse","Transitional",0,0,NA,NA,NA,NA,NA,NA,NA,"Skipped: n < 2",NA
"percentile_latbin_OLS","q60","collection10_k1_tropical_temperate","Southern","Coolhouse","Warmhouse",0,0,NA,NA,NA,NA,NA,NA,NA,"Skipped: n < 2",NA
"percentile_latbin_OLS","q60","collection10_k1_tropical_temperate","Southern","Coolhouse","Hothouse",0,0,NA,NA,NA,NA,NA,NA,NA,"Skipped: n < 2",NA
"percentile_latbin_OLS","q60","collection10_k1_tropical_temperate","Southern","Transitional","Warmhouse",0,0,NA,NA,NA,NA,NA,NA,NA,"Skipped: n < 2",NA
"percentile_latbin_OLS","q60","collection10_k1_tropical_temperate","Southern","Transitional","Hothouse",0,0,NA,NA,NA,NA,NA,NA,NA,"Skipped: n < 2",NA
"percentile_latbin_OLS","q60","collection10_k1_tropical_temperate","Southern","Warmhouse","Hothouse",0,0,NA,NA,NA,NA,NA,NA,NA,"Skipped: n < 2",NA
"percentile_latbin_OLS","q60","collection10_k1_tropical_temperate_polar","Northern","Coldhouse","Coolhouse",0,0,NA,NA,NA,NA,NA,NA,NA,"Skipped: n < 2",NA
"percentile_latbin_OLS","q60","collection10_k1_tropical_temperate_polar","Northern","Coldhouse","Transitional",0,0,NA,NA,NA,NA,NA,NA,NA,"Skipped: n < 2",NA
"percentile_latbin_OLS","q60","collection10_k1_tropical_temperate_polar","Northern","Coldhouse","Warmhouse",0,0,NA,NA,NA,NA,NA,NA,NA,"Skipped: n < 2",NA
"percentile_latbin_OLS","q60","collection10_k1_tropical_temperate_polar","Northern","Coldhouse","Hothouse",0,0,NA,NA,NA,NA,NA,NA,NA,"Skipped: n < 2",NA
"percentile_latbin_OLS","q60","collection10_k1_tropical_temperate_polar","Northern","Coolhouse","Transitional",0,0,NA,NA,NA,NA,NA,NA,NA,"Skipped: n < 2",NA
"percentile_latbin_OLS","q60","collection10_k1_tropical_temperate_polar","Northern","Coolhouse","Warmhouse",0,0,NA,NA,NA,NA,NA,NA,NA,"Skipped: n < 2",NA
"percentile_latbin_OLS","q60","collection10_k1_tropical_temperate_polar","Northern","Coolhouse","Hothouse",0,0,NA,NA,NA,NA,NA,NA,NA,"Skipped: n < 2",NA
"percentile_latbin_OLS","q60","collection10_k1_tropical_temperate_polar","Northern","Transitional","Warmhouse",0,0,NA,NA,NA,NA,NA,NA,NA,"Skipped: n < 2",NA
"percentile_latbin_OLS","q60","collection10_k1_tropical_temperate_polar","Northern","Transitional","Hothouse",0,0,NA,NA,NA,NA,NA,NA,NA,"Skipped: n < 2",NA
"percentile_latbin_OLS","q60","collection10_k1_tropical_temperate_polar","Northern","Warmhouse","Hothouse",0,0,NA,NA,NA,NA,NA,NA,NA,"Skipped: n < 2",NA
"percentile_latbin_OLS","q60","collection10_k1_tropical_temperate_polar","Southern","Coldhouse","Coolhouse",0,0,NA,NA,NA,NA,NA,NA,NA,"Skipped: n < 2",NA
"percentile_latbin_OLS","q60","collection10_k1_tropical_temperate_polar","Southern","Coldhouse","Transitional",0,0,NA,NA,NA,NA,NA,NA,NA,"Skipped: n < 2",NA
"percentile_latbin_OLS","q60","collection10_k1_tropical_temperate_polar","Southern","Coldhouse","Warmhouse",0,0,NA,NA,NA,NA,NA,NA,NA,"Skipped: n < 2",NA
"percentile_latbin_OLS","q60","collection10_k1_tropical_temperate_polar","Southern","Coldhouse","Hothouse",0,0,NA,NA,NA,NA,NA,NA,NA,"Skipped: n < 2",NA
"percentile_latbin_OLS","q60","collection10_k1_tropical_temperate_polar","Southern","Coolhouse","Transitional",0,0,NA,NA,NA,NA,NA,NA,NA,"Skipped: n < 2",NA
"percentile_latbin_OLS","q60","collection10_k1_tropical_temperate_polar","Southern","Coolhouse","Warmhouse",0,0,NA,NA,NA,NA,NA,NA,NA,"Skipped: n < 2",NA
"percentile_latbin_OLS","q60","collection10_k1_tropical_temperate_polar","Southern","Coolhouse","Hothouse",0,0,NA,NA,NA,NA,NA,NA,NA,"Skipped: n < 2",NA
"percentile_latbin_OLS","q60","collection10_k1_tropical_temperate_polar","Southern","Transitional","Warmhouse",0,0,NA,NA,NA,NA,NA,NA,NA,"Skipped: n < 2",NA
"percentile_latbin_OLS","q60","collection10_k1_tropical_temperate_polar","Southern","Transitional","Hothouse",0,0,NA,NA,NA,NA,NA,NA,NA,"Skipped: n < 2",NA
"percentile_latbin_OLS","q60","collection10_k1_tropical_temperate_polar","Southern","Warmhouse","Hothouse",0,0,NA,NA,NA,NA,NA,NA,NA,"Skipped: n < 2",NA
"percentile_latbin_OLS","q60","collection10_k2_tropical_temperate","Northern","Coldhouse","Coolhouse",0,0,NA,NA,NA,NA,NA,NA,NA,"Skipped: n < 2",NA
"percentile_latbin_OLS","q60","collection10_k2_tropical_temperate","Northern","Coldhouse","Transitional",0,0,NA,NA,NA,NA,NA,NA,NA,"Skipped: n < 2",NA
"percentile_latbin_OLS","q60","collection10_k2_tropical_temperate","Northern","Coldhouse","Warmhouse",0,0,NA,NA,NA,NA,NA,NA,NA,"Skipped: n < 2",NA
"percentile_latbin_OLS","q60","collection10_k2_tropical_temperate","Northern","Coldhouse","Hothouse",0,0,NA,NA,NA,NA,NA,NA,NA,"Skipped: n < 2",NA
"percentile_latbin_OLS","q60","collection10_k2_tropical_temperate","Northern","Coolhouse","Transitional",0,0,NA,NA,NA,NA,NA,NA,NA,"Skipped: n < 2",NA
"percentile_latbin_OLS","q60","collection10_k2_tropical_temperate","Northern","Coolhouse","Warmhouse",0,0,NA,NA,NA,NA,NA,NA,NA,"Skipped: n < 2",NA
"percentile_latbin_OLS","q60","collection10_k2_tropical_temperate","Northern","Coolhouse","Hothouse",0,0,NA,NA,NA,NA,NA,NA,NA,"Skipped: n < 2",NA
"percentile_latbin_OLS","q60","collection10_k2_tropical_temperate","Northern","Transitional","Warmhouse",0,0,NA,NA,NA,NA,NA,NA,NA,"Skipped: n < 2",NA
"percentile_latbin_OLS","q60","collection10_k2_tropical_temperate","Northern","Transitional","Hothouse",0,0,NA,NA,NA,NA,NA,NA,NA,"Skipped: n < 2",NA
"percentile_latbin_OLS","q60","collection10_k2_tropical_temperate","Northern","Warmhouse","Hothouse",0,0,NA,NA,NA,NA,NA,NA,NA,"Skipped: n < 2",NA
"percentile_latbin_OLS","q60","collection10_k2_tropical_temperate","Southern","Coldhouse","Coolhouse",0,0,NA,NA,NA,NA,NA,NA,NA,"Skipped: n < 2",NA
"percentile_latbin_OLS","q60","collection10_k2_tropical_temperate","Southern","Coldhouse","Transitional",0,0,NA,NA,NA,NA,NA,NA,NA,"Skipped: n < 2",NA
"percentile_latbin_OLS","q60","collection10_k2_tropical_temperate","Southern","Coldhouse","Warmhouse",0,0,NA,NA,NA,NA,NA,NA,NA,"Skipped: n < 2",NA
"percentile_latbin_OLS","q60","collection10_k2_tropical_temperate","Southern","Coldhouse","Hothouse",0,0,NA,NA,NA,NA,NA,NA,NA,"Skipped: n < 2",NA
"percentile_latbin_OLS","q60","collection10_k2_tropical_temperate","Southern","Coolhouse","Transitional",0,0,NA,NA,NA,NA,NA,NA,NA,"Skipped: n < 2",NA
"percentile_latbin_OLS","q60","collection10_k2_tropical_temperate","Southern","Coolhouse","Warmhouse",0,0,NA,NA,NA,NA,NA,NA,NA,"Skipped: n < 2",NA
"percentile_latbin_OLS","q60","collection10_k2_tropical_temperate","Southern","Coolhouse","Hothouse",0,0,NA,NA,NA,NA,NA,NA,NA,"Skipped: n < 2",NA
"percentile_latbin_OLS","q60","collection10_k2_tropical_temperate","Southern","Transitional","Warmhouse",0,0,NA,NA,NA,NA,NA,NA,NA,"Skipped: n < 2",NA
"percentile_latbin_OLS","q60","collection10_k2_tropical_temperate","Southern","Transitional","Hothouse",0,0,NA,NA,NA,NA,NA,NA,NA,"Skipped: n < 2",NA
"percentile_latbin_OLS","q60","collection10_k2_tropical_temperate","Southern","Warmhouse","Hothouse",0,0,NA,NA,NA,NA,NA,NA,NA,"Skipped: n < 2",NA
"percentile_latbin_OLS","q60","collection10_k2_tropical_temperate_polar","Northern","Coldhouse","Coolhouse",0,0,NA,NA,NA,NA,NA,NA,NA,"Skipped: n < 2",NA
"percentile_latbin_OLS","q60","collection10_k2_tropical_temperate_polar","Northern","Coldhouse","Transitional",0,0,NA,NA,NA,NA,NA,NA,NA,"Skipped: n < 2",NA
"percentile_latbin_OLS","q60","collection10_k2_tropical_temperate_polar","Northern","Coldhouse","Warmhouse",0,0,NA,NA,NA,NA,NA,NA,NA,"Skipped: n < 2",NA
"percentile_latbin_OLS","q60","collection10_k2_tropical_temperate_polar","Northern","Coldhouse","Hothouse",0,0,NA,NA,NA,NA,NA,NA,NA,"Skipped: n < 2",NA
"percentile_latbin_OLS","q60","collection10_k2_tropical_temperate_polar","Northern","Coolhouse","Transitional",0,0,NA,NA,NA,NA,NA,NA,NA,"Skipped: n < 2",NA
"percentile_latbin_OLS","q60","collection10_k2_tropical_temperate_polar","Northern","Coolhouse","Warmhouse",0,0,NA,NA,NA,NA,NA,NA,NA,"Skipped: n < 2",NA
"percentile_latbin_OLS","q60","collection10_k2_tropical_temperate_polar","Northern","Coolhouse","Hothouse",0,0,NA,NA,NA,NA,NA,NA,NA,"Skipped: n < 2",NA
"percentile_latbin_OLS","q60","collection10_k2_tropical_temperate_polar","Northern","Transitional","Warmhouse",0,0,NA,NA,NA,NA,NA,NA,NA,"Skipped: n < 2",NA
"percentile_latbin_OLS","q60","collection10_k2_tropical_temperate_polar","Northern","Transitional","Hothouse",0,0,NA,NA,NA,NA,NA,NA,NA,"Skipped: n < 2",NA
"percentile_latbin_OLS","q60","collection10_k2_tropical_temperate_polar","Northern","Warmhouse","Hothouse",0,0,NA,NA,NA,NA,NA,NA,NA,"Skipped: n < 2",NA
"percentile_latbin_OLS","q60","collection10_k2_tropical_temperate_polar","Southern","Coldhouse","Coolhouse",0,0,NA,NA,NA,NA,NA,NA,NA,"Skipped: n < 2",NA
"percentile_latbin_OLS","q60","collection10_k2_tropical_temperate_polar","Southern","Coldhouse","Transitional",0,0,NA,NA,NA,NA,NA,NA,NA,"Skipped: n < 2",NA
"percentile_latbin_OLS","q60","collection10_k2_tropical_temperate_polar","Southern","Coldhouse","Warmhouse",0,0,NA,NA,NA,NA,NA,NA,NA,"Skipped: n < 2",NA
"percentile_latbin_OLS","q60","collection10_k2_tropical_temperate_polar","Southern","Coldhouse","Hothouse",0,0,NA,NA,NA,NA,NA,NA,NA,"Skipped: n < 2",NA
"percentile_latbin_OLS","q60","collection10_k2_tropical_temperate_polar","Southern","Coolhouse","Transitional",0,0,NA,NA,NA,NA,NA,NA,NA,"Skipped: n < 2",NA
"percentile_latbin_OLS","q60","collection10_k2_tropical_temperate_polar","Southern","Coolhouse","Warmhouse",0,0,NA,NA,NA,NA,NA,NA,NA,"Skipped: n < 2",NA
"percentile_latbin_OLS","q60","collection10_k2_tropical_temperate_polar","Southern","Coolhouse","Hothouse",0,0,NA,NA,NA,NA,NA,NA,NA,"Skipped: n < 2",NA
"percentile_latbin_OLS","q60","collection10_k2_tropical_temperate_polar","Southern","Transitional","Warmhouse",0,0,NA,NA,NA,NA,NA,NA,NA,"Skipped: n < 2",NA
"percentile_latbin_OLS","q60","collection10_k2_tropical_temperate_polar","Southern","Transitional","Hothouse",0,0,NA,NA,NA,NA,NA,NA,NA,"Skipped: n < 2",NA
"percentile_latbin_OLS","q60","collection10_k2_tropical_temperate_polar","Southern","Warmhouse","Hothouse",0,0,NA,NA,NA,NA,NA,NA,NA,"Skipped: n < 2",NA
"percentile_latbin_OLS","q60","collection10_k3_tropical_temperate","Northern","Coldhouse","Coolhouse",0,0,NA,NA,NA,NA,NA,NA,NA,"Skipped: n < 2",NA
"percentile_latbin_OLS","q60","collection10_k3_tropical_temperate","Northern","Coldhouse","Transitional",0,0,NA,NA,NA,NA,NA,NA,NA,"Skipped: n < 2",NA
"percentile_latbin_OLS","q60","collection10_k3_tropical_temperate","Northern","Coldhouse","Warmhouse",0,0,NA,NA,NA,NA,NA,NA,NA,"Skipped: n < 2",NA
"percentile_latbin_OLS","q60","collection10_k3_tropical_temperate","Northern","Coldhouse","Hothouse",0,0,NA,NA,NA,NA,NA,NA,NA,"Skipped: n < 2",NA
"percentile_latbin_OLS","q60","collection10_k3_tropical_temperate","Northern","Coolhouse","Transitional",0,0,NA,NA,NA,NA,NA,NA,NA,"Skipped: n < 2",NA
"percentile_latbin_OLS","q60","collection10_k3_tropical_temperate","Northern","Coolhouse","Warmhouse",0,0,NA,NA,NA,NA,NA,NA,NA,"Skipped: n < 2",NA
"percentile_latbin_OLS","q60","collection10_k3_tropical_temperate","Northern","Coolhouse","Hothouse",0,0,NA,NA,NA,NA,NA,NA,NA,"Skipped: n < 2",NA
"percentile_latbin_OLS","q60","collection10_k3_tropical_temperate","Northern","Transitional","Warmhouse",0,0,NA,NA,NA,NA,NA,NA,NA,"Skipped: n < 2",NA
"percentile_latbin_OLS","q60","collection10_k3_tropical_temperate","Northern","Transitional","Hothouse",0,0,NA,NA,NA,NA,NA,NA,NA,"Skipped: n < 2",NA
"percentile_latbin_OLS","q60","collection10_k3_tropical_temperate","Northern","Warmhouse","Hothouse",0,0,NA,NA,NA,NA,NA,NA,NA,"Skipped: n < 2",NA
"percentile_latbin_OLS","q60","collection10_k3_tropical_temperate","Southern","Coldhouse","Coolhouse",0,0,NA,NA,NA,NA,NA,NA,NA,"Skipped: n < 2",NA
"percentile_latbin_OLS","q60","collection10_k3_tropical_temperate","Southern","Coldhouse","Transitional",0,0,NA,NA,NA,NA,NA,NA,NA,"Skipped: n < 2",NA
"percentile_latbin_OLS","q60","collection10_k3_tropical_temperate","Southern","Coldhouse","Warmhouse",0,0,NA,NA,NA,NA,NA,NA,NA,"Skipped: n < 2",NA
"percentile_latbin_OLS","q60","collection10_k3_tropical_temperate","Southern","Coldhouse","Hothouse",0,0,NA,NA,NA,NA,NA,NA,NA,"Skipped: n < 2",NA
"percentile_latbin_OLS","q60","collection10_k3_tropical_temperate","Southern","Coolhouse","Transitional",0,0,NA,NA,NA,NA,NA,NA,NA,"Skipped: n < 2",NA
"percentile_latbin_OLS","q60","collection10_k3_tropical_temperate","Southern","Coolhouse","Warmhouse",0,0,NA,NA,NA,NA,NA,NA,NA,"Skipped: n < 2",NA
"percentile_latbin_OLS","q60","collection10_k3_tropical_temperate","Southern","Coolhouse","Hothouse",0,0,NA,NA,NA,NA,NA,NA,NA,"Skipped: n < 2",NA
"percentile_latbin_OLS","q60","collection10_k3_tropical_temperate","Southern","Transitional","Warmhouse",0,0,NA,NA,NA,NA,NA,NA,NA,"Skipped: n < 2",NA
"percentile_latbin_OLS","q60","collection10_k3_tropical_temperate","Southern","Transitional","Hothouse",0,0,NA,NA,NA,NA,NA,NA,NA,"Skipped: n < 2",NA
"percentile_latbin_OLS","q60","collection10_k3_tropical_temperate","Southern","Warmhouse","Hothouse",0,0,NA,NA,NA,NA,NA,NA,NA,"Skipped: n < 2",NA
"percentile_latbin_OLS","q60","collection10_k3_tropical_temperate_polar","Northern","Coldhouse","Coolhouse",0,0,NA,NA,NA,NA,NA,NA,NA,"Skipped: n < 2",NA
"percentile_latbin_OLS","q60","collection10_k3_tropical_temperate_polar","Northern","Coldhouse","Transitional",0,0,NA,NA,NA,NA,NA,NA,NA,"Skipped: n < 2",NA
"percentile_latbin_OLS","q60","collection10_k3_tropical_temperate_polar","Northern","Coldhouse","Warmhouse",0,0,NA,NA,NA,NA,NA,NA,NA,"Skipped: n < 2",NA
"percentile_latbin_OLS","q60","collection10_k3_tropical_temperate_polar","Northern","Coldhouse","Hothouse",0,0,NA,NA,NA,NA,NA,NA,NA,"Skipped: n < 2",NA
"percentile_latbin_OLS","q60","collection10_k3_tropical_temperate_polar","Northern","Coolhouse","Transitional",0,0,NA,NA,NA,NA,NA,NA,NA,"Skipped: n < 2",NA
"percentile_latbin_OLS","q60","collection10_k3_tropical_temperate_polar","Northern","Coolhouse","Warmhouse",0,0,NA,NA,NA,NA,NA,NA,NA,"Skipped: n < 2",NA
"percentile_latbin_OLS","q60","collection10_k3_tropical_temperate_polar","Northern","Coolhouse","Hothouse",0,0,NA,NA,NA,NA,NA,NA,NA,"Skipped: n < 2",NA
"percentile_latbin_OLS","q60","collection10_k3_tropical_temperate_polar","Northern","Transitional","Warmhouse",0,0,NA,NA,NA,NA,NA,NA,NA,"Skipped: n < 2",NA
"percentile_latbin_OLS","q60","collection10_k3_tropical_temperate_polar","Northern","Transitional","Hothouse",0,0,NA,NA,NA,NA,NA,NA,NA,"Skipped: n < 2",NA
"percentile_latbin_OLS","q60","collection10_k3_tropical_temperate_polar","Northern","Warmhouse","Hothouse",0,0,NA,NA,NA,NA,NA,NA,NA,"Skipped: n < 2",NA
"percentile_latbin_OLS","q60","collection10_k3_tropical_temperate_polar","Southern","Coldhouse","Coolhouse",0,0,NA,NA,NA,NA,NA,NA,NA,"Skipped: n < 2",NA
"percentile_latbin_OLS","q60","collection10_k3_tropical_temperate_polar","Southern","Coldhouse","Transitional",0,0,NA,NA,NA,NA,NA,NA,NA,"Skipped: n < 2",NA
"percentile_latbin_OLS","q60","collection10_k3_tropical_temperate_polar","Southern","Coldhouse","Warmhouse",0,0,NA,NA,NA,NA,NA,NA,NA,"Skipped: n < 2",NA
"percentile_latbin_OLS","q60","collection10_k3_tropical_temperate_polar","Southern","Coldhouse","Hothouse",0,0,NA,NA,NA,NA,NA,NA,NA,"Skipped: n < 2",NA
"percentile_latbin_OLS","q60","collection10_k3_tropical_temperate_polar","Southern","Coolhouse","Transitional",0,0,NA,NA,NA,NA,NA,NA,NA,"Skipped: n < 2",NA
"percentile_latbin_OLS","q60","collection10_k3_tropical_temperate_polar","Southern","Coolhouse","Warmhouse",0,0,NA,NA,NA,NA,NA,NA,NA,"Skipped: n < 2",NA
"percentile_latbin_OLS","q60","collection10_k3_tropical_temperate_polar","Southern","Coolhouse","Hothouse",0,0,NA,NA,NA,NA,NA,NA,NA,"Skipped: n < 2",NA
"percentile_latbin_OLS","q60","collection10_k3_tropical_temperate_polar","Southern","Transitional","Warmhouse",0,0,NA,NA,NA,NA,NA,NA,NA,"Skipped: n < 2",NA
"percentile_latbin_OLS","q60","collection10_k3_tropical_temperate_polar","Southern","Transitional","Hothouse",0,0,NA,NA,NA,NA,NA,NA,NA,"Skipped: n < 2",NA
"percentile_latbin_OLS","q60","collection10_k3_tropical_temperate_polar","Southern","Warmhouse","Hothouse",0,0,NA,NA,NA,NA,NA,NA,NA,"Skipped: n < 2",NA
"percentile_latbin_OLS","q75","occurrence5_k1_tropical_temperate","Northern","Coldhouse","Coolhouse",0,0,NA,NA,NA,NA,NA,NA,NA,"Skipped: n < 2",NA
"percentile_latbin_OLS","q75","occurrence5_k1_tropical_temperate","Northern","Coldhouse","Transitional",0,0,NA,NA,NA,NA,NA,NA,NA,"Skipped: n < 2",NA
"percentile_latbin_OLS","q75","occurrence5_k1_tropical_temperate","Northern","Coldhouse","Warmhouse",0,0,NA,NA,NA,NA,NA,NA,NA,"Skipped: n < 2",NA
"percentile_latbin_OLS","q75","occurrence5_k1_tropical_temperate","Northern","Coldhouse","Hothouse",0,0,NA,NA,NA,NA,NA,NA,NA,"Skipped: n < 2",NA
"percentile_latbin_OLS","q75","occurrence5_k1_tropical_temperate","Northern","Coolhouse","Transitional",0,0,NA,NA,NA,NA,NA,NA,NA,"Skipped: n < 2",NA
"percentile_latbin_OLS","q75","occurrence5_k1_tropical_temperate","Northern","Coolhouse","Warmhouse",0,0,NA,NA,NA,NA,NA,NA,NA,"Skipped: n < 2",NA
"percentile_latbin_OLS","q75","occurrence5_k1_tropical_temperate","Northern","Coolhouse","Hothouse",0,0,NA,NA,NA,NA,NA,NA,NA,"Skipped: n < 2",NA
"percentile_latbin_OLS","q75","occurrence5_k1_tropical_temperate","Northern","Transitional","Warmhouse",0,0,NA,NA,NA,NA,NA,NA,NA,"Skipped: n < 2",NA
"percentile_latbin_OLS","q75","occurrence5_k1_tropical_temperate","Northern","Transitional","Hothouse",0,0,NA,NA,NA,NA,NA,NA,NA,"Skipped: n < 2",NA
"percentile_latbin_OLS","q75","occurrence5_k1_tropical_temperate","Northern","Warmhouse","Hothouse",0,0,NA,NA,NA,NA,NA,NA,NA,"Skipped: n < 2",NA
"percentile_latbin_OLS","q75","occurrence5_k1_tropical_temperate","Southern","Coldhouse","Coolhouse",0,0,NA,NA,NA,NA,NA,NA,NA,"Skipped: n < 2",NA
"percentile_latbin_OLS","q75","occurrence5_k1_tropical_temperate","Southern","Coldhouse","Transitional",0,0,NA,NA,NA,NA,NA,NA,NA,"Skipped: n < 2",NA
"percentile_latbin_OLS","q75","occurrence5_k1_tropical_temperate","Southern","Coldhouse","Warmhouse",0,0,NA,NA,NA,NA,NA,NA,NA,"Skipped: n < 2",NA
"percentile_latbin_OLS","q75","occurrence5_k1_tropical_temperate","Southern","Coldhouse","Hothouse",0,0,NA,NA,NA,NA,NA,NA,NA,"Skipped: n < 2",NA
"percentile_latbin_OLS","q75","occurrence5_k1_tropical_temperate","Southern","Coolhouse","Transitional",0,0,NA,NA,NA,NA,NA,NA,NA,"Skipped: n < 2",NA
"percentile_latbin_OLS","q75","occurrence5_k1_tropical_temperate","Southern","Coolhouse","Warmhouse",0,0,NA,NA,NA,NA,NA,NA,NA,"Skipped: n < 2",NA
"percentile_latbin_OLS","q75","occurrence5_k1_tropical_temperate","Southern","Coolhouse","Hothouse",0,0,NA,NA,NA,NA,NA,NA,NA,"Skipped: n < 2",NA
"percentile_latbin_OLS","q75","occurrence5_k1_tropical_temperate","Southern","Transitional","Warmhouse",0,0,NA,NA,NA,NA,NA,NA,NA,"Skipped: n < 2",NA
"percentile_latbin_OLS","q75","occurrence5_k1_tropical_temperate","Southern","Transitional","Hothouse",0,0,NA,NA,NA,NA,NA,NA,NA,"Skipped: n < 2",NA
"percentile_latbin_OLS","q75","occurrence5_k1_tropical_temperate","Southern","Warmhouse","Hothouse",0,0,NA,NA,NA,NA,NA,NA,NA,"Skipped: n < 2",NA
"percentile_latbin_OLS","q75","occurrence5_k1_tropical_temperate_polar","Northern","Coldhouse","Coolhouse",0,0,NA,NA,NA,NA,NA,NA,NA,"Skipped: n < 2",NA
"percentile_latbin_OLS","q75","occurrence5_k1_tropical_temperate_polar","Northern","Coldhouse","Transitional",0,0,NA,NA,NA,NA,NA,NA,NA,"Skipped: n < 2",NA
"percentile_latbin_OLS","q75","occurrence5_k1_tropical_temperate_polar","Northern","Coldhouse","Warmhouse",0,0,NA,NA,NA,NA,NA,NA,NA,"Skipped: n < 2",NA
"percentile_latbin_OLS","q75","occurrence5_k1_tropical_temperate_polar","Northern","Coldhouse","Hothouse",0,0,NA,NA,NA,NA,NA,NA,NA,"Skipped: n < 2",NA
"percentile_latbin_OLS","q75","occurrence5_k1_tropical_temperate_polar","Northern","Coolhouse","Transitional",0,0,NA,NA,NA,NA,NA,NA,NA,"Skipped: n < 2",NA
"percentile_latbin_OLS","q75","occurrence5_k1_tropical_temperate_polar","Northern","Coolhouse","Warmhouse",0,0,NA,NA,NA,NA,NA,NA,NA,"Skipped: n < 2",NA
"percentile_latbin_OLS","q75","occurrence5_k1_tropical_temperate_polar","Northern","Coolhouse","Hothouse",0,0,NA,NA,NA,NA,NA,NA,NA,"Skipped: n < 2",NA
"percentile_latbin_OLS","q75","occurrence5_k1_tropical_temperate_polar","Northern","Transitional","Warmhouse",0,0,NA,NA,NA,NA,NA,NA,NA,"Skipped: n < 2",NA
"percentile_latbin_OLS","q75","occurrence5_k1_tropical_temperate_polar","Northern","Transitional","Hothouse",0,0,NA,NA,NA,NA,NA,NA,NA,"Skipped: n < 2",NA
"percentile_latbin_OLS","q75","occurrence5_k1_tropical_temperate_polar","Northern","Warmhouse","Hothouse",0,0,NA,NA,NA,NA,NA,NA,NA,"Skipped: n < 2",NA
"percentile_latbin_OLS","q75","occurrence5_k1_tropical_temperate_polar","Southern","Coldhouse","Coolhouse",0,0,NA,NA,NA,NA,NA,NA,NA,"Skipped: n < 2",NA
"percentile_latbin_OLS","q75","occurrence5_k1_tropical_temperate_polar","Southern","Coldhouse","Transitional",0,0,NA,NA,NA,NA,NA,NA,NA,"Skipped: n < 2",NA
"percentile_latbin_OLS","q75","occurrence5_k1_tropical_temperate_polar","Southern","Coldhouse","Warmhouse",0,0,NA,NA,NA,NA,NA,NA,NA,"Skipped: n < 2",NA
"percentile_latbin_OLS","q75","occurrence5_k1_tropical_temperate_polar","Southern","Coldhouse","Hothouse",0,0,NA,NA,NA,NA,NA,NA,NA,"Skipped: n < 2",NA
"percentile_latbin_OLS","q75","occurrence5_k1_tropical_temperate_polar","Southern","Coolhouse","Transitional",0,0,NA,NA,NA,NA,NA,NA,NA,"Skipped: n < 2",NA
"percentile_latbin_OLS","q75","occurrence5_k1_tropical_temperate_polar","Southern","Coolhouse","Warmhouse",0,0,NA,NA,NA,NA,NA,NA,NA,"Skipped: n < 2",NA
"percentile_latbin_OLS","q75","occurrence5_k1_tropical_temperate_polar","Southern","Coolhouse","Hothouse",0,0,NA,NA,NA,NA,NA,NA,NA,"Skipped: n < 2",NA
"percentile_latbin_OLS","q75","occurrence5_k1_tropical_temperate_polar","Southern","Transitional","Warmhouse",0,0,NA,NA,NA,NA,NA,NA,NA,"Skipped: n < 2",NA
"percentile_latbin_OLS","q75","occurrence5_k1_tropical_temperate_polar","Southern","Transitional","Hothouse",0,0,NA,NA,NA,NA,NA,NA,NA,"Skipped: n < 2",NA
"percentile_latbin_OLS","q75","occurrence5_k1_tropical_temperate_polar","Southern","Warmhouse","Hothouse",0,0,NA,NA,NA,NA,NA,NA,NA,"Skipped: n < 2",NA
"percentile_latbin_OLS","q75","occurrence5_k2_tropical_temperate","Northern","Coldhouse","Coolhouse",0,0,NA,NA,NA,NA,NA,NA,NA,"Skipped: n < 2",NA
"percentile_latbin_OLS","q75","occurrence5_k2_tropical_temperate","Northern","Coldhouse","Transitional",0,0,NA,NA,NA,NA,NA,NA,NA,"Skipped: n < 2",NA
"percentile_latbin_OLS","q75","occurrence5_k2_tropical_temperate","Northern","Coldhouse","Warmhouse",0,0,NA,NA,NA,NA,NA,NA,NA,"Skipped: n < 2",NA
"percentile_latbin_OLS","q75","occurrence5_k2_tropical_temperate","Northern","Coldhouse","Hothouse",0,0,NA,NA,NA,NA,NA,NA,NA,"Skipped: n < 2",NA
"percentile_latbin_OLS","q75","occurrence5_k2_tropical_temperate","Northern","Coolhouse","Transitional",0,0,NA,NA,NA,NA,NA,NA,NA,"Skipped: n < 2",NA
"percentile_latbin_OLS","q75","occurrence5_k2_tropical_temperate","Northern","Coolhouse","Warmhouse",0,0,NA,NA,NA,NA,NA,NA,NA,"Skipped: n < 2",NA
"percentile_latbin_OLS","q75","occurrence5_k2_tropical_temperate","Northern","Coolhouse","Hothouse",0,0,NA,NA,NA,NA,NA,NA,NA,"Skipped: n < 2",NA
"percentile_latbin_OLS","q75","occurrence5_k2_tropical_temperate","Northern","Transitional","Warmhouse",0,0,NA,NA,NA,NA,NA,NA,NA,"Skipped: n < 2",NA
"percentile_latbin_OLS","q75","occurrence5_k2_tropical_temperate","Northern","Transitional","Hothouse",0,0,NA,NA,NA,NA,NA,NA,NA,"Skipped: n < 2",NA
"percentile_latbin_OLS","q75","occurrence5_k2_tropical_temperate","Northern","Warmhouse","Hothouse",0,0,NA,NA,NA,NA,NA,NA,NA,"Skipped: n < 2",NA
"percentile_latbin_OLS","q75","occurrence5_k2_tropical_temperate","Southern","Coldhouse","Coolhouse",0,0,NA,NA,NA,NA,NA,NA,NA,"Skipped: n < 2",NA
"percentile_latbin_OLS","q75","occurrence5_k2_tropical_temperate","Southern","Coldhouse","Transitional",0,0,NA,NA,NA,NA,NA,NA,NA,"Skipped: n < 2",NA
"percentile_latbin_OLS","q75","occurrence5_k2_tropical_temperate","Southern","Coldhouse","Warmhouse",0,0,NA,NA,NA,NA,NA,NA,NA,"Skipped: n < 2",NA
"percentile_latbin_OLS","q75","occurrence5_k2_tropical_temperate","Southern","Coldhouse","Hothouse",0,0,NA,NA,NA,NA,NA,NA,NA,"Skipped: n < 2",NA
"percentile_latbin_OLS","q75","occurrence5_k2_tropical_temperate","Southern","Coolhouse","Transitional",0,0,NA,NA,NA,NA,NA,NA,NA,"Skipped: n < 2",NA
"percentile_latbin_OLS","q75","occurrence5_k2_tropical_temperate","Southern","Coolhouse","Warmhouse",0,0,NA,NA,NA,NA,NA,NA,NA,"Skipped: n < 2",NA
"percentile_latbin_OLS","q75","occurrence5_k2_tropical_temperate","Southern","Coolhouse","Hothouse",0,0,NA,NA,NA,NA,NA,NA,NA,"Skipped: n < 2",NA
"percentile_latbin_OLS","q75","occurrence5_k2_tropical_temperate","Southern","Transitional","Warmhouse",0,0,NA,NA,NA,NA,NA,NA,NA,"Skipped: n < 2",NA
"percentile_latbin_OLS","q75","occurrence5_k2_tropical_temperate","Southern","Transitional","Hothouse",0,0,NA,NA,NA,NA,NA,NA,NA,"Skipped: n < 2",NA
"percentile_latbin_OLS","q75","occurrence5_k2_tropical_temperate","Southern","Warmhouse","Hothouse",0,0,NA,NA,NA,NA,NA,NA,NA,"Skipped: n < 2",NA
"percentile_latbin_OLS","q75","occurrence5_k2_tropical_temperate_polar","Northern","Coldhouse","Coolhouse",0,0,NA,NA,NA,NA,NA,NA,NA,"Skipped: n < 2",NA
"percentile_latbin_OLS","q75","occurrence5_k2_tropical_temperate_polar","Northern","Coldhouse","Transitional",0,0,NA,NA,NA,NA,NA,NA,NA,"Skipped: n < 2",NA
"percentile_latbin_OLS","q75","occurrence5_k2_tropical_temperate_polar","Northern","Coldhouse","Warmhouse",0,0,NA,NA,NA,NA,NA,NA,NA,"Skipped: n < 2",NA
"percentile_latbin_OLS","q75","occurrence5_k2_tropical_temperate_polar","Northern","Coldhouse","Hothouse",0,0,NA,NA,NA,NA,NA,NA,NA,"Skipped: n < 2",NA
"percentile_latbin_OLS","q75","occurrence5_k2_tropical_temperate_polar","Northern","Coolhouse","Transitional",0,0,NA,NA,NA,NA,NA,NA,NA,"Skipped: n < 2",NA
"percentile_latbin_OLS","q75","occurrence5_k2_tropical_temperate_polar","Northern","Coolhouse","Warmhouse",0,0,NA,NA,NA,NA,NA,NA,NA,"Skipped: n < 2",NA
"percentile_latbin_OLS","q75","occurrence5_k2_tropical_temperate_polar","Northern","Coolhouse","Hothouse",0,0,NA,NA,NA,NA,NA,NA,NA,"Skipped: n < 2",NA
"percentile_latbin_OLS","q75","occurrence5_k2_tropical_temperate_polar","Northern","Transitional","Warmhouse",0,0,NA,NA,NA,NA,NA,NA,NA,"Skipped: n < 2",NA
"percentile_latbin_OLS","q75","occurrence5_k2_tropical_temperate_polar","Northern","Transitional","Hothouse",0,0,NA,NA,NA,NA,NA,NA,NA,"Skipped: n < 2",NA
"percentile_latbin_OLS","q75","occurrence5_k2_tropical_temperate_polar","Northern","Warmhouse","Hothouse",0,0,NA,NA,NA,NA,NA,NA,NA,"Skipped: n < 2",NA
"percentile_latbin_OLS","q75","occurrence5_k2_tropical_temperate_polar","Southern","Coldhouse","Coolhouse",0,0,NA,NA,NA,NA,NA,NA,NA,"Skipped: n < 2",NA
"percentile_latbin_OLS","q75","occurrence5_k2_tropical_temperate_polar","Southern","Coldhouse","Transitional",0,0,NA,NA,NA,NA,NA,NA,NA,"Skipped: n < 2",NA
"percentile_latbin_OLS","q75","occurrence5_k2_tropical_temperate_polar","Southern","Coldhouse","Warmhouse",0,0,NA,NA,NA,NA,NA,NA,NA,"Skipped: n < 2",NA
"percentile_latbin_OLS","q75","occurrence5_k2_tropical_temperate_polar","Southern","Coldhouse","Hothouse",0,0,NA,NA,NA,NA,NA,NA,NA,"Skipped: n < 2",NA
"percentile_latbin_OLS","q75","occurrence5_k2_tropical_temperate_polar","Southern","Coolhouse","Transitional",0,0,NA,NA,NA,NA,NA,NA,NA,"Skipped: n < 2",NA
"percentile_latbin_OLS","q75","occurrence5_k2_tropical_temperate_polar","Southern","Coolhouse","Warmhouse",0,0,NA,NA,NA,NA,NA,NA,NA,"Skipped: n < 2",NA
"percentile_latbin_OLS","q75","occurrence5_k2_tropical_temperate_polar","Southern","Coolhouse","Hothouse",0,0,NA,NA,NA,NA,NA,NA,NA,"Skipped: n < 2",NA
"percentile_latbin_OLS","q75","occurrence5_k2_tropical_temperate_polar","Southern","Transitional","Warmhouse",0,0,NA,NA,NA,NA,NA,NA,NA,"Skipped: n < 2",NA
"percentile_latbin_OLS","q75","occurrence5_k2_tropical_temperate_polar","Southern","Transitional","Hothouse",0,0,NA,NA,NA,NA,NA,NA,NA,"Skipped: n < 2",NA
"percentile_latbin_OLS","q75","occurrence5_k2_tropical_temperate_polar","Southern","Warmhouse","Hothouse",0,0,NA,NA,NA,NA,NA,NA,NA,"Skipped: n < 2",NA
"percentile_latbin_OLS","q75","occurrence5_k3_tropical_temperate","Northern","Coldhouse","Coolhouse",0,0,NA,NA,NA,NA,NA,NA,NA,"Skipped: n < 2",NA
"percentile_latbin_OLS","q75","occurrence5_k3_tropical_temperate","Northern","Coldhouse","Transitional",0,0,NA,NA,NA,NA,NA,NA,NA,"Skipped: n < 2",NA
"percentile_latbin_OLS","q75","occurrence5_k3_tropical_temperate","Northern","Coldhouse","Warmhouse",0,0,NA,NA,NA,NA,NA,NA,NA,"Skipped: n < 2",NA
"percentile_latbin_OLS","q75","occurrence5_k3_tropical_temperate","Northern","Coldhouse","Hothouse",0,0,NA,NA,NA,NA,NA,NA,NA,"Skipped: n < 2",NA
"percentile_latbin_OLS","q75","occurrence5_k3_tropical_temperate","Northern","Coolhouse","Transitional",0,0,NA,NA,NA,NA,NA,NA,NA,"Skipped: n < 2",NA
"percentile_latbin_OLS","q75","occurrence5_k3_tropical_temperate","Northern","Coolhouse","Warmhouse",0,0,NA,NA,NA,NA,NA,NA,NA,"Skipped: n < 2",NA
"percentile_latbin_OLS","q75","occurrence5_k3_tropical_temperate","Northern","Coolhouse","Hothouse",0,0,NA,NA,NA,NA,NA,NA,NA,"Skipped: n < 2",NA
"percentile_latbin_OLS","q75","occurrence5_k3_tropical_temperate","Northern","Transitional","Warmhouse",0,0,NA,NA,NA,NA,NA,NA,NA,"Skipped: n < 2",NA
"percentile_latbin_OLS","q75","occurrence5_k3_tropical_temperate","Northern","Transitional","Hothouse",0,0,NA,NA,NA,NA,NA,NA,NA,"Skipped: n < 2",NA
"percentile_latbin_OLS","q75","occurrence5_k3_tropical_temperate","Northern","Warmhouse","Hothouse",0,0,NA,NA,NA,NA,NA,NA,NA,"Skipped: n < 2",NA
"percentile_latbin_OLS","q75","occurrence5_k3_tropical_temperate","Southern","Coldhouse","Coolhouse",0,0,NA,NA,NA,NA,NA,NA,NA,"Skipped: n < 2",NA
"percentile_latbin_OLS","q75","occurrence5_k3_tropical_temperate","Southern","Coldhouse","Transitional",0,0,NA,NA,NA,NA,NA,NA,NA,"Skipped: n < 2",NA
"percentile_latbin_OLS","q75","occurrence5_k3_tropical_temperate","Southern","Coldhouse","Warmhouse",0,0,NA,NA,NA,NA,NA,NA,NA,"Skipped: n < 2",NA
"percentile_latbin_OLS","q75","occurrence5_k3_tropical_temperate","Southern","Coldhouse","Hothouse",0,0,NA,NA,NA,NA,NA,NA,NA,"Skipped: n < 2",NA
"percentile_latbin_OLS","q75","occurrence5_k3_tropical_temperate","Southern","Coolhouse","Transitional",0,0,NA,NA,NA,NA,NA,NA,NA,"Skipped: n < 2",NA
"percentile_latbin_OLS","q75","occurrence5_k3_tropical_temperate","Southern","Coolhouse","Warmhouse",0,0,NA,NA,NA,NA,NA,NA,NA,"Skipped: n < 2",NA
"percentile_latbin_OLS","q75","occurrence5_k3_tropical_temperate","Southern","Coolhouse","Hothouse",0,0,NA,NA,NA,NA,NA,NA,NA,"Skipped: n < 2",NA
"percentile_latbin_OLS","q75","occurrence5_k3_tropical_temperate","Southern","Transitional","Warmhouse",0,0,NA,NA,NA,NA,NA,NA,NA,"Skipped: n < 2",NA
"percentile_latbin_OLS","q75","occurrence5_k3_tropical_temperate","Southern","Transitional","Hothouse",0,0,NA,NA,NA,NA,NA,NA,NA,"Skipped: n < 2",NA
"percentile_latbin_OLS","q75","occurrence5_k3_tropical_temperate","Southern","Warmhouse","Hothouse",0,0,NA,NA,NA,NA,NA,NA,NA,"Skipped: n < 2",NA
"percentile_latbin_OLS","q75","occurrence5_k3_tropical_temperate_polar","Northern","Coldhouse","Coolhouse",0,0,NA,NA,NA,NA,NA,NA,NA,"Skipped: n < 2",NA
"percentile_latbin_OLS","q75","occurrence5_k3_tropical_temperate_polar","Northern","Coldhouse","Transitional",0,0,NA,NA,NA,NA,NA,NA,NA,"Skipped: n < 2",NA
"percentile_latbin_OLS","q75","occurrence5_k3_tropical_temperate_polar","Northern","Coldhouse","Warmhouse",0,0,NA,NA,NA,NA,NA,NA,NA,"Skipped: n < 2",NA
"percentile_latbin_OLS","q75","occurrence5_k3_tropical_temperate_polar","Northern","Coldhouse","Hothouse",0,0,NA,NA,NA,NA,NA,NA,NA,"Skipped: n < 2",NA
"percentile_latbin_OLS","q75","occurrence5_k3_tropical_temperate_polar","Northern","Coolhouse","Transitional",0,0,NA,NA,NA,NA,NA,NA,NA,"Skipped: n < 2",NA
"percentile_latbin_OLS","q75","occurrence5_k3_tropical_temperate_polar","Northern","Coolhouse","Warmhouse",0,0,NA,NA,NA,NA,NA,NA,NA,"Skipped: n < 2",NA
"percentile_latbin_OLS","q75","occurrence5_k3_tropical_temperate_polar","Northern","Coolhouse","Hothouse",0,0,NA,NA,NA,NA,NA,NA,NA,"Skipped: n < 2",NA
"percentile_latbin_OLS","q75","occurrence5_k3_tropical_temperate_polar","Northern","Transitional","Warmhouse",0,0,NA,NA,NA,NA,NA,NA,NA,"Skipped: n < 2",NA
"percentile_latbin_OLS","q75","occurrence5_k3_tropical_temperate_polar","Northern","Transitional","Hothouse",0,0,NA,NA,NA,NA,NA,NA,NA,"Skipped: n < 2",NA
"percentile_latbin_OLS","q75","occurrence5_k3_tropical_temperate_polar","Northern","Warmhouse","Hothouse",0,0,NA,NA,NA,NA,NA,NA,NA,"Skipped: n < 2",NA
"percentile_latbin_OLS","q75","occurrence5_k3_tropical_temperate_polar","Southern","Coldhouse","Coolhouse",0,0,NA,NA,NA,NA,NA,NA,NA,"Skipped: n < 2",NA
"percentile_latbin_OLS","q75","occurrence5_k3_tropical_temperate_polar","Southern","Coldhouse","Transitional",0,0,NA,NA,NA,NA,NA,NA,NA,"Skipped: n < 2",NA
"percentile_latbin_OLS","q75","occurrence5_k3_tropical_temperate_polar","Southern","Coldhouse","Warmhouse",0,0,NA,NA,NA,NA,NA,NA,NA,"Skipped: n < 2",NA
"percentile_latbin_OLS","q75","occurrence5_k3_tropical_temperate_polar","Southern","Coldhouse","Hothouse",0,0,NA,NA,NA,NA,NA,NA,NA,"Skipped: n < 2",NA
"percentile_latbin_OLS","q75","occurrence5_k3_tropical_temperate_polar","Southern","Coolhouse","Transitional",0,0,NA,NA,NA,NA,NA,NA,NA,"Skipped: n < 2",NA
"percentile_latbin_OLS","q75","occurrence5_k3_tropical_temperate_polar","Southern","Coolhouse","Warmhouse",0,0,NA,NA,NA,NA,NA,NA,NA,"Skipped: n < 2",NA
"percentile_latbin_OLS","q75","occurrence5_k3_tropical_temperate_polar","Southern","Coolhouse","Hothouse",0,0,NA,NA,NA,NA,NA,NA,NA,"Skipped: n < 2",NA
"percentile_latbin_OLS","q75","occurrence5_k3_tropical_temperate_polar","Southern","Transitional","Warmhouse",0,0,NA,NA,NA,NA,NA,NA,NA,"Skipped: n < 2",NA
"percentile_latbin_OLS","q75","occurrence5_k3_tropical_temperate_polar","Southern","Transitional","Hothouse",0,0,NA,NA,NA,NA,NA,NA,NA,"Skipped: n < 2",NA
"percentile_latbin_OLS","q75","occurrence5_k3_tropical_temperate_polar","Southern","Warmhouse","Hothouse",0,0,NA,NA,NA,NA,NA,NA,NA,"Skipped: n < 2",NA
"percentile_latbin_OLS","q75","occurrence10_k1_tropical_temperate","Northern","Coldhouse","Coolhouse",0,0,NA,NA,NA,NA,NA,NA,NA,"Skipped: n < 2",NA
"percentile_latbin_OLS","q75","occurrence10_k1_tropical_temperate","Northern","Coldhouse","Transitional",0,0,NA,NA,NA,NA,NA,NA,NA,"Skipped: n < 2",NA
"percentile_latbin_OLS","q75","occurrence10_k1_tropical_temperate","Northern","Coldhouse","Warmhouse",0,0,NA,NA,NA,NA,NA,NA,NA,"Skipped: n < 2",NA
"percentile_latbin_OLS","q75","occurrence10_k1_tropical_temperate","Northern","Coldhouse","Hothouse",0,0,NA,NA,NA,NA,NA,NA,NA,"Skipped: n < 2",NA
"percentile_latbin_OLS","q75","occurrence10_k1_tropical_temperate","Northern","Coolhouse","Transitional",0,0,NA,NA,NA,NA,NA,NA,NA,"Skipped: n < 2",NA
"percentile_latbin_OLS","q75","occurrence10_k1_tropical_temperate","Northern","Coolhouse","Warmhouse",0,0,NA,NA,NA,NA,NA,NA,NA,"Skipped: n < 2",NA
"percentile_latbin_OLS","q75","occurrence10_k1_tropical_temperate","Northern","Coolhouse","Hothouse",0,0,NA,NA,NA,NA,NA,NA,NA,"Skipped: n < 2",NA
"percentile_latbin_OLS","q75","occurrence10_k1_tropical_temperate","Northern","Transitional","Warmhouse",0,0,NA,NA,NA,NA,NA,NA,NA,"Skipped: n < 2",NA
"percentile_latbin_OLS","q75","occurrence10_k1_tropical_temperate","Northern","Transitional","Hothouse",0,0,NA,NA,NA,NA,NA,NA,NA,"Skipped: n < 2",NA
"percentile_latbin_OLS","q75","occurrence10_k1_tropical_temperate","Northern","Warmhouse","Hothouse",0,0,NA,NA,NA,NA,NA,NA,NA,"Skipped: n < 2",NA
"percentile_latbin_OLS","q75","occurrence10_k1_tropical_temperate","Southern","Coldhouse","Coolhouse",0,0,NA,NA,NA,NA,NA,NA,NA,"Skipped: n < 2",NA
"percentile_latbin_OLS","q75","occurrence10_k1_tropical_temperate","Southern","Coldhouse","Transitional",0,0,NA,NA,NA,NA,NA,NA,NA,"Skipped: n < 2",NA
"percentile_latbin_OLS","q75","occurrence10_k1_tropical_temperate","Southern","Coldhouse","Warmhouse",0,0,NA,NA,NA,NA,NA,NA,NA,"Skipped: n < 2",NA
"percentile_latbin_OLS","q75","occurrence10_k1_tropical_temperate","Southern","Coldhouse","Hothouse",0,0,NA,NA,NA,NA,NA,NA,NA,"Skipped: n < 2",NA
"percentile_latbin_OLS","q75","occurrence10_k1_tropical_temperate","Southern","Coolhouse","Transitional",0,0,NA,NA,NA,NA,NA,NA,NA,"Skipped: n < 2",NA
"percentile_latbin_OLS","q75","occurrence10_k1_tropical_temperate","Southern","Coolhouse","Warmhouse",0,0,NA,NA,NA,NA,NA,NA,NA,"Skipped: n < 2",NA
"percentile_latbin_OLS","q75","occurrence10_k1_tropical_temperate","Southern","Coolhouse","Hothouse",0,0,NA,NA,NA,NA,NA,NA,NA,"Skipped: n < 2",NA
"percentile_latbin_OLS","q75","occurrence10_k1_tropical_temperate","Southern","Transitional","Warmhouse",0,0,NA,NA,NA,NA,NA,NA,NA,"Skipped: n < 2",NA
"percentile_latbin_OLS","q75","occurrence10_k1_tropical_temperate","Southern","Transitional","Hothouse",0,0,NA,NA,NA,NA,NA,NA,NA,"Skipped: n < 2",NA
"percentile_latbin_OLS","q75","occurrence10_k1_tropical_temperate","Southern","Warmhouse","Hothouse",0,0,NA,NA,NA,NA,NA,NA,NA,"Skipped: n < 2",NA
"percentile_latbin_OLS","q75","occurrence10_k1_tropical_temperate_polar","Northern","Coldhouse","Coolhouse",0,0,NA,NA,NA,NA,NA,NA,NA,"Skipped: n < 2",NA
"percentile_latbin_OLS","q75","occurrence10_k1_tropical_temperate_polar","Northern","Coldhouse","Transitional",0,0,NA,NA,NA,NA,NA,NA,NA,"Skipped: n < 2",NA
"percentile_latbin_OLS","q75","occurrence10_k1_tropical_temperate_polar","Northern","Coldhouse","Warmhouse",0,0,NA,NA,NA,NA,NA,NA,NA,"Skipped: n < 2",NA
"percentile_latbin_OLS","q75","occurrence10_k1_tropical_temperate_polar","Northern","Coldhouse","Hothouse",0,0,NA,NA,NA,NA,NA,NA,NA,"Skipped: n < 2",NA
"percentile_latbin_OLS","q75","occurrence10_k1_tropical_temperate_polar","Northern","Coolhouse","Transitional",0,0,NA,NA,NA,NA,NA,NA,NA,"Skipped: n < 2",NA
"percentile_latbin_OLS","q75","occurrence10_k1_tropical_temperate_polar","Northern","Coolhouse","Warmhouse",0,0,NA,NA,NA,NA,NA,NA,NA,"Skipped: n < 2",NA
"percentile_latbin_OLS","q75","occurrence10_k1_tropical_temperate_polar","Northern","Coolhouse","Hothouse",0,0,NA,NA,NA,NA,NA,NA,NA,"Skipped: n < 2",NA
"percentile_latbin_OLS","q75","occurrence10_k1_tropical_temperate_polar","Northern","Transitional","Warmhouse",0,0,NA,NA,NA,NA,NA,NA,NA,"Skipped: n < 2",NA
"percentile_latbin_OLS","q75","occurrence10_k1_tropical_temperate_polar","Northern","Transitional","Hothouse",0,0,NA,NA,NA,NA,NA,NA,NA,"Skipped: n < 2",NA
"percentile_latbin_OLS","q75","occurrence10_k1_tropical_temperate_polar","Northern","Warmhouse","Hothouse",0,0,NA,NA,NA,NA,NA,NA,NA,"Skipped: n < 2",NA
"percentile_latbin_OLS","q75","occurrence10_k1_tropical_temperate_polar","Southern","Coldhouse","Coolhouse",0,0,NA,NA,NA,NA,NA,NA,NA,"Skipped: n < 2",NA
"percentile_latbin_OLS","q75","occurrence10_k1_tropical_temperate_polar","Southern","Coldhouse","Transitional",0,0,NA,NA,NA,NA,NA,NA,NA,"Skipped: n < 2",NA
"percentile_latbin_OLS","q75","occurrence10_k1_tropical_temperate_polar","Southern","Coldhouse","Warmhouse",0,0,NA,NA,NA,NA,NA,NA,NA,"Skipped: n < 2",NA
"percentile_latbin_OLS","q75","occurrence10_k1_tropical_temperate_polar","Southern","Coldhouse","Hothouse",0,0,NA,NA,NA,NA,NA,NA,NA,"Skipped: n < 2",NA
"percentile_latbin_OLS","q75","occurrence10_k1_tropical_temperate_polar","Southern","Coolhouse","Transitional",0,0,NA,NA,NA,NA,NA,NA,NA,"Skipped: n < 2",NA
"percentile_latbin_OLS","q75","occurrence10_k1_tropical_temperate_polar","Southern","Coolhouse","Warmhouse",0,0,NA,NA,NA,NA,NA,NA,NA,"Skipped: n < 2",NA
"percentile_latbin_OLS","q75","occurrence10_k1_tropical_temperate_polar","Southern","Coolhouse","Hothouse",0,0,NA,NA,NA,NA,NA,NA,NA,"Skipped: n < 2",NA
"percentile_latbin_OLS","q75","occurrence10_k1_tropical_temperate_polar","Southern","Transitional","Warmhouse",0,0,NA,NA,NA,NA,NA,NA,NA,"Skipped: n < 2",NA
"percentile_latbin_OLS","q75","occurrence10_k1_tropical_temperate_polar","Southern","Transitional","Hothouse",0,0,NA,NA,NA,NA,NA,NA,NA,"Skipped: n < 2",NA
"percentile_latbin_OLS","q75","occurrence10_k1_tropical_temperate_polar","Southern","Warmhouse","Hothouse",0,0,NA,NA,NA,NA,NA,NA,NA,"Skipped: n < 2",NA
"percentile_latbin_OLS","q75","occurrence10_k2_tropical_temperate","Northern","Coldhouse","Coolhouse",0,0,NA,NA,NA,NA,NA,NA,NA,"Skipped: n < 2",NA
"percentile_latbin_OLS","q75","occurrence10_k2_tropical_temperate","Northern","Coldhouse","Transitional",0,0,NA,NA,NA,NA,NA,NA,NA,"Skipped: n < 2",NA
"percentile_latbin_OLS","q75","occurrence10_k2_tropical_temperate","Northern","Coldhouse","Warmhouse",0,0,NA,NA,NA,NA,NA,NA,NA,"Skipped: n < 2",NA
"percentile_latbin_OLS","q75","occurrence10_k2_tropical_temperate","Northern","Coldhouse","Hothouse",0,0,NA,NA,NA,NA,NA,NA,NA,"Skipped: n < 2",NA
"percentile_latbin_OLS","q75","occurrence10_k2_tropical_temperate","Northern","Coolhouse","Transitional",0,0,NA,NA,NA,NA,NA,NA,NA,"Skipped: n < 2",NA
"percentile_latbin_OLS","q75","occurrence10_k2_tropical_temperate","Northern","Coolhouse","Warmhouse",0,0,NA,NA,NA,NA,NA,NA,NA,"Skipped: n < 2",NA
"percentile_latbin_OLS","q75","occurrence10_k2_tropical_temperate","Northern","Coolhouse","Hothouse",0,0,NA,NA,NA,NA,NA,NA,NA,"Skipped: n < 2",NA
"percentile_latbin_OLS","q75","occurrence10_k2_tropical_temperate","Northern","Transitional","Warmhouse",0,0,NA,NA,NA,NA,NA,NA,NA,"Skipped: n < 2",NA
"percentile_latbin_OLS","q75","occurrence10_k2_tropical_temperate","Northern","Transitional","Hothouse",0,0,NA,NA,NA,NA,NA,NA,NA,"Skipped: n < 2",NA
"percentile_latbin_OLS","q75","occurrence10_k2_tropical_temperate","Northern","Warmhouse","Hothouse",0,0,NA,NA,NA,NA,NA,NA,NA,"Skipped: n < 2",NA
"percentile_latbin_OLS","q75","occurrence10_k2_tropical_temperate","Southern","Coldhouse","Coolhouse",0,0,NA,NA,NA,NA,NA,NA,NA,"Skipped: n < 2",NA
"percentile_latbin_OLS","q75","occurrence10_k2_tropical_temperate","Southern","Coldhouse","Transitional",0,0,NA,NA,NA,NA,NA,NA,NA,"Skipped: n < 2",NA
"percentile_latbin_OLS","q75","occurrence10_k2_tropical_temperate","Southern","Coldhouse","Warmhouse",0,0,NA,NA,NA,NA,NA,NA,NA,"Skipped: n < 2",NA
"percentile_latbin_OLS","q75","occurrence10_k2_tropical_temperate","Southern","Coldhouse","Hothouse",0,0,NA,NA,NA,NA,NA,NA,NA,"Skipped: n < 2",NA
"percentile_latbin_OLS","q75","occurrence10_k2_tropical_temperate","Southern","Coolhouse","Transitional",0,0,NA,NA,NA,NA,NA,NA,NA,"Skipped: n < 2",NA
"percentile_latbin_OLS","q75","occurrence10_k2_tropical_temperate","Southern","Coolhouse","Warmhouse",0,0,NA,NA,NA,NA,NA,NA,NA,"Skipped: n < 2",NA
"percentile_latbin_OLS","q75","occurrence10_k2_tropical_temperate","Southern","Coolhouse","Hothouse",0,0,NA,NA,NA,NA,NA,NA,NA,"Skipped: n < 2",NA
"percentile_latbin_OLS","q75","occurrence10_k2_tropical_temperate","Southern","Transitional","Warmhouse",0,0,NA,NA,NA,NA,NA,NA,NA,"Skipped: n < 2",NA
"percentile_latbin_OLS","q75","occurrence10_k2_tropical_temperate","Southern","Transitional","Hothouse",0,0,NA,NA,NA,NA,NA,NA,NA,"Skipped: n < 2",NA
"percentile_latbin_OLS","q75","occurrence10_k2_tropical_temperate","Southern","Warmhouse","Hothouse",0,0,NA,NA,NA,NA,NA,NA,NA,"Skipped: n < 2",NA
"percentile_latbin_OLS","q75","occurrence10_k2_tropical_temperate_polar","Northern","Coldhouse","Coolhouse",0,0,NA,NA,NA,NA,NA,NA,NA,"Skipped: n < 2",NA
"percentile_latbin_OLS","q75","occurrence10_k2_tropical_temperate_polar","Northern","Coldhouse","Transitional",0,0,NA,NA,NA,NA,NA,NA,NA,"Skipped: n < 2",NA
"percentile_latbin_OLS","q75","occurrence10_k2_tropical_temperate_polar","Northern","Coldhouse","Warmhouse",0,0,NA,NA,NA,NA,NA,NA,NA,"Skipped: n < 2",NA
"percentile_latbin_OLS","q75","occurrence10_k2_tropical_temperate_polar","Northern","Coldhouse","Hothouse",0,0,NA,NA,NA,NA,NA,NA,NA,"Skipped: n < 2",NA
"percentile_latbin_OLS","q75","occurrence10_k2_tropical_temperate_polar","Northern","Coolhouse","Transitional",0,0,NA,NA,NA,NA,NA,NA,NA,"Skipped: n < 2",NA
"percentile_latbin_OLS","q75","occurrence10_k2_tropical_temperate_polar","Northern","Coolhouse","Warmhouse",0,0,NA,NA,NA,NA,NA,NA,NA,"Skipped: n < 2",NA
"percentile_latbin_OLS","q75","occurrence10_k2_tropical_temperate_polar","Northern","Coolhouse","Hothouse",0,0,NA,NA,NA,NA,NA,NA,NA,"Skipped: n < 2",NA
"percentile_latbin_OLS","q75","occurrence10_k2_tropical_temperate_polar","Northern","Transitional","Warmhouse",0,0,NA,NA,NA,NA,NA,NA,NA,"Skipped: n < 2",NA
"percentile_latbin_OLS","q75","occurrence10_k2_tropical_temperate_polar","Northern","Transitional","Hothouse",0,0,NA,NA,NA,NA,NA,NA,NA,"Skipped: n < 2",NA
"percentile_latbin_OLS","q75","occurrence10_k2_tropical_temperate_polar","Northern","Warmhouse","Hothouse",0,0,NA,NA,NA,NA,NA,NA,NA,"Skipped: n < 2",NA
"percentile_latbin_OLS","q75","occurrence10_k2_tropical_temperate_polar","Southern","Coldhouse","Coolhouse",0,0,NA,NA,NA,NA,NA,NA,NA,"Skipped: n < 2",NA
"percentile_latbin_OLS","q75","occurrence10_k2_tropical_temperate_polar","Southern","Coldhouse","Transitional",0,0,NA,NA,NA,NA,NA,NA,NA,"Skipped: n < 2",NA
"percentile_latbin_OLS","q75","occurrence10_k2_tropical_temperate_polar","Southern","Coldhouse","Warmhouse",0,0,NA,NA,NA,NA,NA,NA,NA,"Skipped: n < 2",NA
"percentile_latbin_OLS","q75","occurrence10_k2_tropical_temperate_polar","Southern","Coldhouse","Hothouse",0,0,NA,NA,NA,NA,NA,NA,NA,"Skipped: n < 2",NA
"percentile_latbin_OLS","q75","occurrence10_k2_tropical_temperate_polar","Southern","Coolhouse","Transitional",0,0,NA,NA,NA,NA,NA,NA,NA,"Skipped: n < 2",NA
"percentile_latbin_OLS","q75","occurrence10_k2_tropical_temperate_polar","Southern","Coolhouse","Warmhouse",0,0,NA,NA,NA,NA,NA,NA,NA,"Skipped: n < 2",NA
"percentile_latbin_OLS","q75","occurrence10_k2_tropical_temperate_polar","Southern","Coolhouse","Hothouse",0,0,NA,NA,NA,NA,NA,NA,NA,"Skipped: n < 2",NA
"percentile_latbin_OLS","q75","occurrence10_k2_tropical_temperate_polar","Southern","Transitional","Warmhouse",0,0,NA,NA,NA,NA,NA,NA,NA,"Skipped: n < 2",NA
"percentile_latbin_OLS","q75","occurrence10_k2_tropical_temperate_polar","Southern","Transitional","Hothouse",0,0,NA,NA,NA,NA,NA,NA,NA,"Skipped: n < 2",NA
"percentile_latbin_OLS","q75","occurrence10_k2_tropical_temperate_polar","Southern","Warmhouse","Hothouse",0,0,NA,NA,NA,NA,NA,NA,NA,"Skipped: n < 2",NA
"percentile_latbin_OLS","q75","occurrence10_k3_tropical_temperate","Northern","Coldhouse","Coolhouse",0,0,NA,NA,NA,NA,NA,NA,NA,"Skipped: n < 2",NA
"percentile_latbin_OLS","q75","occurrence10_k3_tropical_temperate","Northern","Coldhouse","Transitional",0,0,NA,NA,NA,NA,NA,NA,NA,"Skipped: n < 2",NA
"percentile_latbin_OLS","q75","occurrence10_k3_tropical_temperate","Northern","Coldhouse","Warmhouse",0,0,NA,NA,NA,NA,NA,NA,NA,"Skipped: n < 2",NA
"percentile_latbin_OLS","q75","occurrence10_k3_tropical_temperate","Northern","Coldhouse","Hothouse",0,0,NA,NA,NA,NA,NA,NA,NA,"Skipped: n < 2",NA
"percentile_latbin_OLS","q75","occurrence10_k3_tropical_temperate","Northern","Coolhouse","Transitional",0,0,NA,NA,NA,NA,NA,NA,NA,"Skipped: n < 2",NA
"percentile_latbin_OLS","q75","occurrence10_k3_tropical_temperate","Northern","Coolhouse","Warmhouse",0,0,NA,NA,NA,NA,NA,NA,NA,"Skipped: n < 2",NA
"percentile_latbin_OLS","q75","occurrence10_k3_tropical_temperate","Northern","Coolhouse","Hothouse",0,0,NA,NA,NA,NA,NA,NA,NA,"Skipped: n < 2",NA
"percentile_latbin_OLS","q75","occurrence10_k3_tropical_temperate","Northern","Transitional","Warmhouse",0,0,NA,NA,NA,NA,NA,NA,NA,"Skipped: n < 2",NA
"percentile_latbin_OLS","q75","occurrence10_k3_tropical_temperate","Northern","Transitional","Hothouse",0,0,NA,NA,NA,NA,NA,NA,NA,"Skipped: n < 2",NA
"percentile_latbin_OLS","q75","occurrence10_k3_tropical_temperate","Northern","Warmhouse","Hothouse",0,0,NA,NA,NA,NA,NA,NA,NA,"Skipped: n < 2",NA
"percentile_latbin_OLS","q75","occurrence10_k3_tropical_temperate","Southern","Coldhouse","Coolhouse",0,0,NA,NA,NA,NA,NA,NA,NA,"Skipped: n < 2",NA
"percentile_latbin_OLS","q75","occurrence10_k3_tropical_temperate","Southern","Coldhouse","Transitional",0,0,NA,NA,NA,NA,NA,NA,NA,"Skipped: n < 2",NA
"percentile_latbin_OLS","q75","occurrence10_k3_tropical_temperate","Southern","Coldhouse","Warmhouse",0,0,NA,NA,NA,NA,NA,NA,NA,"Skipped: n < 2",NA
"percentile_latbin_OLS","q75","occurrence10_k3_tropical_temperate","Southern","Coldhouse","Hothouse",0,0,NA,NA,NA,NA,NA,NA,NA,"Skipped: n < 2",NA
"percentile_latbin_OLS","q75","occurrence10_k3_tropical_temperate","Southern","Coolhouse","Transitional",0,0,NA,NA,NA,NA,NA,NA,NA,"Skipped: n < 2",NA
"percentile_latbin_OLS","q75","occurrence10_k3_tropical_temperate","Southern","Coolhouse","Warmhouse",0,0,NA,NA,NA,NA,NA,NA,NA,"Skipped: n < 2",NA
"percentile_latbin_OLS","q75","occurrence10_k3_tropical_temperate","Southern","Coolhouse","Hothouse",0,0,NA,NA,NA,NA,NA,NA,NA,"Skipped: n < 2",NA
"percentile_latbin_OLS","q75","occurrence10_k3_tropical_temperate","Southern","Transitional","Warmhouse",0,0,NA,NA,NA,NA,NA,NA,NA,"Skipped: n < 2",NA
"percentile_latbin_OLS","q75","occurrence10_k3_tropical_temperate","Southern","Transitional","Hothouse",0,0,NA,NA,NA,NA,NA,NA,NA,"Skipped: n < 2",NA
"percentile_latbin_OLS","q75","occurrence10_k3_tropical_temperate","Southern","Warmhouse","Hothouse",0,0,NA,NA,NA,NA,NA,NA,NA,"Skipped: n < 2",NA
"percentile_latbin_OLS","q75","occurrence10_k3_tropical_temperate_polar","Northern","Coldhouse","Coolhouse",0,0,NA,NA,NA,NA,NA,NA,NA,"Skipped: n < 2",NA
"percentile_latbin_OLS","q75","occurrence10_k3_tropical_temperate_polar","Northern","Coldhouse","Transitional",0,0,NA,NA,NA,NA,NA,NA,NA,"Skipped: n < 2",NA
"percentile_latbin_OLS","q75","occurrence10_k3_tropical_temperate_polar","Northern","Coldhouse","Warmhouse",0,0,NA,NA,NA,NA,NA,NA,NA,"Skipped: n < 2",NA
"percentile_latbin_OLS","q75","occurrence10_k3_tropical_temperate_polar","Northern","Coldhouse","Hothouse",0,0,NA,NA,NA,NA,NA,NA,NA,"Skipped: n < 2",NA
"percentile_latbin_OLS","q75","occurrence10_k3_tropical_temperate_polar","Northern","Coolhouse","Transitional",0,0,NA,NA,NA,NA,NA,NA,NA,"Skipped: n < 2",NA
"percentile_latbin_OLS","q75","occurrence10_k3_tropical_temperate_polar","Northern","Coolhouse","Warmhouse",0,0,NA,NA,NA,NA,NA,NA,NA,"Skipped: n < 2",NA
"percentile_latbin_OLS","q75","occurrence10_k3_tropical_temperate_polar","Northern","Coolhouse","Hothouse",0,0,NA,NA,NA,NA,NA,NA,NA,"Skipped: n < 2",NA
"percentile_latbin_OLS","q75","occurrence10_k3_tropical_temperate_polar","Northern","Transitional","Warmhouse",0,0,NA,NA,NA,NA,NA,NA,NA,"Skipped: n < 2",NA
"percentile_latbin_OLS","q75","occurrence10_k3_tropical_temperate_polar","Northern","Transitional","Hothouse",0,0,NA,NA,NA,NA,NA,NA,NA,"Skipped: n < 2",NA
"percentile_latbin_OLS","q75","occurrence10_k3_tropical_temperate_polar","Northern","Warmhouse","Hothouse",0,0,NA,NA,NA,NA,NA,NA,NA,"Skipped: n < 2",NA
"percentile_latbin_OLS","q75","occurrence10_k3_tropical_temperate_polar","Southern","Coldhouse","Coolhouse",0,0,NA,NA,NA,NA,NA,NA,NA,"Skipped: n < 2",NA
"percentile_latbin_OLS","q75","occurrence10_k3_tropical_temperate_polar","Southern","Coldhouse","Transitional",0,0,NA,NA,NA,NA,NA,NA,NA,"Skipped: n < 2",NA
"percentile_latbin_OLS","q75","occurrence10_k3_tropical_temperate_polar","Southern","Coldhouse","Warmhouse",0,0,NA,NA,NA,NA,NA,NA,NA,"Skipped: n < 2",NA
"percentile_latbin_OLS","q75","occurrence10_k3_tropical_temperate_polar","Southern","Coldhouse","Hothouse",0,0,NA,NA,NA,NA,NA,NA,NA,"Skipped: n < 2",NA
"percentile_latbin_OLS","q75","occurrence10_k3_tropical_temperate_polar","Southern","Coolhouse","Transitional",0,0,NA,NA,NA,NA,NA,NA,NA,"Skipped: n < 2",NA
"percentile_latbin_OLS","q75","occurrence10_k3_tropical_temperate_polar","Southern","Coolhouse","Warmhouse",0,0,NA,NA,NA,NA,NA,NA,NA,"Skipped: n < 2",NA
"percentile_latbin_OLS","q75","occurrence10_k3_tropical_temperate_polar","Southern","Coolhouse","Hothouse",0,0,NA,NA,NA,NA,NA,NA,NA,"Skipped: n < 2",NA
"percentile_latbin_OLS","q75","occurrence10_k3_tropical_temperate_polar","Southern","Transitional","Warmhouse",0,0,NA,NA,NA,NA,NA,NA,NA,"Skipped: n < 2",NA
"percentile_latbin_OLS","q75","occurrence10_k3_tropical_temperate_polar","Southern","Transitional","Hothouse",0,0,NA,NA,NA,NA,NA,NA,NA,"Skipped: n < 2",NA
"percentile_latbin_OLS","q75","occurrence10_k3_tropical_temperate_polar","Southern","Warmhouse","Hothouse",0,0,NA,NA,NA,NA,NA,NA,NA,"Skipped: n < 2",NA
"percentile_latbin_OLS","q75","collection5_k1_tropical_temperate","Northern","Coldhouse","Coolhouse",0,0,NA,NA,NA,NA,NA,NA,NA,"Skipped: n < 2",NA
"percentile_latbin_OLS","q75","collection5_k1_tropical_temperate","Northern","Coldhouse","Transitional",0,0,NA,NA,NA,NA,NA,NA,NA,"Skipped: n < 2",NA
"percentile_latbin_OLS","q75","collection5_k1_tropical_temperate","Northern","Coldhouse","Warmhouse",0,0,NA,NA,NA,NA,NA,NA,NA,"Skipped: n < 2",NA
"percentile_latbin_OLS","q75","collection5_k1_tropical_temperate","Northern","Coldhouse","Hothouse",0,0,NA,NA,NA,NA,NA,NA,NA,"Skipped: n < 2",NA
"percentile_latbin_OLS","q75","collection5_k1_tropical_temperate","Northern","Coolhouse","Transitional",0,0,NA,NA,NA,NA,NA,NA,NA,"Skipped: n < 2",NA
"percentile_latbin_OLS","q75","collection5_k1_tropical_temperate","Northern","Coolhouse","Warmhouse",0,0,NA,NA,NA,NA,NA,NA,NA,"Skipped: n < 2",NA
"percentile_latbin_OLS","q75","collection5_k1_tropical_temperate","Northern","Coolhouse","Hothouse",0,0,NA,NA,NA,NA,NA,NA,NA,"Skipped: n < 2",NA
"percentile_latbin_OLS","q75","collection5_k1_tropical_temperate","Northern","Transitional","Warmhouse",0,0,NA,NA,NA,NA,NA,NA,NA,"Skipped: n < 2",NA
"percentile_latbin_OLS","q75","collection5_k1_tropical_temperate","Northern","Transitional","Hothouse",0,0,NA,NA,NA,NA,NA,NA,NA,"Skipped: n < 2",NA
"percentile_latbin_OLS","q75","collection5_k1_tropical_temperate","Northern","Warmhouse","Hothouse",0,0,NA,NA,NA,NA,NA,NA,NA,"Skipped: n < 2",NA
"percentile_latbin_OLS","q75","collection5_k1_tropical_temperate","Southern","Coldhouse","Coolhouse",0,0,NA,NA,NA,NA,NA,NA,NA,"Skipped: n < 2",NA
"percentile_latbin_OLS","q75","collection5_k1_tropical_temperate","Southern","Coldhouse","Transitional",0,0,NA,NA,NA,NA,NA,NA,NA,"Skipped: n < 2",NA
"percentile_latbin_OLS","q75","collection5_k1_tropical_temperate","Southern","Coldhouse","Warmhouse",0,0,NA,NA,NA,NA,NA,NA,NA,"Skipped: n < 2",NA
"percentile_latbin_OLS","q75","collection5_k1_tropical_temperate","Southern","Coldhouse","Hothouse",0,0,NA,NA,NA,NA,NA,NA,NA,"Skipped: n < 2",NA
"percentile_latbin_OLS","q75","collection5_k1_tropical_temperate","Southern","Coolhouse","Transitional",0,0,NA,NA,NA,NA,NA,NA,NA,"Skipped: n < 2",NA
"percentile_latbin_OLS","q75","collection5_k1_tropical_temperate","Southern","Coolhouse","Warmhouse",0,0,NA,NA,NA,NA,NA,NA,NA,"Skipped: n < 2",NA
"percentile_latbin_OLS","q75","collection5_k1_tropical_temperate","Southern","Coolhouse","Hothouse",0,0,NA,NA,NA,NA,NA,NA,NA,"Skipped: n < 2",NA
"percentile_latbin_OLS","q75","collection5_k1_tropical_temperate","Southern","Transitional","Warmhouse",0,0,NA,NA,NA,NA,NA,NA,NA,"Skipped: n < 2",NA
"percentile_latbin_OLS","q75","collection5_k1_tropical_temperate","Southern","Transitional","Hothouse",0,0,NA,NA,NA,NA,NA,NA,NA,"Skipped: n < 2",NA
"percentile_latbin_OLS","q75","collection5_k1_tropical_temperate","Southern","Warmhouse","Hothouse",0,0,NA,NA,NA,NA,NA,NA,NA,"Skipped: n < 2",NA
"percentile_latbin_OLS","q75","collection5_k1_tropical_temperate_polar","Northern","Coldhouse","Coolhouse",0,0,NA,NA,NA,NA,NA,NA,NA,"Skipped: n < 2",NA
"percentile_latbin_OLS","q75","collection5_k1_tropical_temperate_polar","Northern","Coldhouse","Transitional",0,0,NA,NA,NA,NA,NA,NA,NA,"Skipped: n < 2",NA
"percentile_latbin_OLS","q75","collection5_k1_tropical_temperate_polar","Northern","Coldhouse","Warmhouse",0,0,NA,NA,NA,NA,NA,NA,NA,"Skipped: n < 2",NA
"percentile_latbin_OLS","q75","collection5_k1_tropical_temperate_polar","Northern","Coldhouse","Hothouse",0,0,NA,NA,NA,NA,NA,NA,NA,"Skipped: n < 2",NA
"percentile_latbin_OLS","q75","collection5_k1_tropical_temperate_polar","Northern","Coolhouse","Transitional",0,0,NA,NA,NA,NA,NA,NA,NA,"Skipped: n < 2",NA
"percentile_latbin_OLS","q75","collection5_k1_tropical_temperate_polar","Northern","Coolhouse","Warmhouse",0,0,NA,NA,NA,NA,NA,NA,NA,"Skipped: n < 2",NA
"percentile_latbin_OLS","q75","collection5_k1_tropical_temperate_polar","Northern","Coolhouse","Hothouse",0,0,NA,NA,NA,NA,NA,NA,NA,"Skipped: n < 2",NA
"percentile_latbin_OLS","q75","collection5_k1_tropical_temperate_polar","Northern","Transitional","Warmhouse",0,0,NA,NA,NA,NA,NA,NA,NA,"Skipped: n < 2",NA
"percentile_latbin_OLS","q75","collection5_k1_tropical_temperate_polar","Northern","Transitional","Hothouse",0,0,NA,NA,NA,NA,NA,NA,NA,"Skipped: n < 2",NA
"percentile_latbin_OLS","q75","collection5_k1_tropical_temperate_polar","Northern","Warmhouse","Hothouse",0,0,NA,NA,NA,NA,NA,NA,NA,"Skipped: n < 2",NA
"percentile_latbin_OLS","q75","collection5_k1_tropical_temperate_polar","Southern","Coldhouse","Coolhouse",0,0,NA,NA,NA,NA,NA,NA,NA,"Skipped: n < 2",NA
"percentile_latbin_OLS","q75","collection5_k1_tropical_temperate_polar","Southern","Coldhouse","Transitional",0,0,NA,NA,NA,NA,NA,NA,NA,"Skipped: n < 2",NA
"percentile_latbin_OLS","q75","collection5_k1_tropical_temperate_polar","Southern","Coldhouse","Warmhouse",0,0,NA,NA,NA,NA,NA,NA,NA,"Skipped: n < 2",NA
"percentile_latbin_OLS","q75","collection5_k1_tropical_temperate_polar","Southern","Coldhouse","Hothouse",0,0,NA,NA,NA,NA,NA,NA,NA,"Skipped: n < 2",NA
"percentile_latbin_OLS","q75","collection5_k1_tropical_temperate_polar","Southern","Coolhouse","Transitional",0,0,NA,NA,NA,NA,NA,NA,NA,"Skipped: n < 2",NA
"percentile_latbin_OLS","q75","collection5_k1_tropical_temperate_polar","Southern","Coolhouse","Warmhouse",0,0,NA,NA,NA,NA,NA,NA,NA,"Skipped: n < 2",NA
"percentile_latbin_OLS","q75","collection5_k1_tropical_temperate_polar","Southern","Coolhouse","Hothouse",0,0,NA,NA,NA,NA,NA,NA,NA,"Skipped: n < 2",NA
"percentile_latbin_OLS","q75","collection5_k1_tropical_temperate_polar","Southern","Transitional","Warmhouse",0,0,NA,NA,NA,NA,NA,NA,NA,"Skipped: n < 2",NA
"percentile_latbin_OLS","q75","collection5_k1_tropical_temperate_polar","Southern","Transitional","Hothouse",0,0,NA,NA,NA,NA,NA,NA,NA,"Skipped: n < 2",NA
"percentile_latbin_OLS","q75","collection5_k1_tropical_temperate_polar","Southern","Warmhouse","Hothouse",0,0,NA,NA,NA,NA,NA,NA,NA,"Skipped: n < 2",NA
"percentile_latbin_OLS","q75","collection5_k2_tropical_temperate","Northern","Coldhouse","Coolhouse",0,0,NA,NA,NA,NA,NA,NA,NA,"Skipped: n < 2",NA
"percentile_latbin_OLS","q75","collection5_k2_tropical_temperate","Northern","Coldhouse","Transitional",0,0,NA,NA,NA,NA,NA,NA,NA,"Skipped: n < 2",NA
"percentile_latbin_OLS","q75","collection5_k2_tropical_temperate","Northern","Coldhouse","Warmhouse",0,0,NA,NA,NA,NA,NA,NA,NA,"Skipped: n < 2",NA
"percentile_latbin_OLS","q75","collection5_k2_tropical_temperate","Northern","Coldhouse","Hothouse",0,0,NA,NA,NA,NA,NA,NA,NA,"Skipped: n < 2",NA
"percentile_latbin_OLS","q75","collection5_k2_tropical_temperate","Northern","Coolhouse","Transitional",0,0,NA,NA,NA,NA,NA,NA,NA,"Skipped: n < 2",NA
"percentile_latbin_OLS","q75","collection5_k2_tropical_temperate","Northern","Coolhouse","Warmhouse",0,0,NA,NA,NA,NA,NA,NA,NA,"Skipped: n < 2",NA
"percentile_latbin_OLS","q75","collection5_k2_tropical_temperate","Northern","Coolhouse","Hothouse",0,0,NA,NA,NA,NA,NA,NA,NA,"Skipped: n < 2",NA
"percentile_latbin_OLS","q75","collection5_k2_tropical_temperate","Northern","Transitional","Warmhouse",0,0,NA,NA,NA,NA,NA,NA,NA,"Skipped: n < 2",NA
"percentile_latbin_OLS","q75","collection5_k2_tropical_temperate","Northern","Transitional","Hothouse",0,0,NA,NA,NA,NA,NA,NA,NA,"Skipped: n < 2",NA
"percentile_latbin_OLS","q75","collection5_k2_tropical_temperate","Northern","Warmhouse","Hothouse",0,0,NA,NA,NA,NA,NA,NA,NA,"Skipped: n < 2",NA
"percentile_latbin_OLS","q75","collection5_k2_tropical_temperate","Southern","Coldhouse","Coolhouse",0,0,NA,NA,NA,NA,NA,NA,NA,"Skipped: n < 2",NA
"percentile_latbin_OLS","q75","collection5_k2_tropical_temperate","Southern","Coldhouse","Transitional",0,0,NA,NA,NA,NA,NA,NA,NA,"Skipped: n < 2",NA
"percentile_latbin_OLS","q75","collection5_k2_tropical_temperate","Southern","Coldhouse","Warmhouse",0,0,NA,NA,NA,NA,NA,NA,NA,"Skipped: n < 2",NA
"percentile_latbin_OLS","q75","collection5_k2_tropical_temperate","Southern","Coldhouse","Hothouse",0,0,NA,NA,NA,NA,NA,NA,NA,"Skipped: n < 2",NA
"percentile_latbin_OLS","q75","collection5_k2_tropical_temperate","Southern","Coolhouse","Transitional",0,0,NA,NA,NA,NA,NA,NA,NA,"Skipped: n < 2",NA
"percentile_latbin_OLS","q75","collection5_k2_tropical_temperate","Southern","Coolhouse","Warmhouse",0,0,NA,NA,NA,NA,NA,NA,NA,"Skipped: n < 2",NA
"percentile_latbin_OLS","q75","collection5_k2_tropical_temperate","Southern","Coolhouse","Hothouse",0,0,NA,NA,NA,NA,NA,NA,NA,"Skipped: n < 2",NA
"percentile_latbin_OLS","q75","collection5_k2_tropical_temperate","Southern","Transitional","Warmhouse",0,0,NA,NA,NA,NA,NA,NA,NA,"Skipped: n < 2",NA
"percentile_latbin_OLS","q75","collection5_k2_tropical_temperate","Southern","Transitional","Hothouse",0,0,NA,NA,NA,NA,NA,NA,NA,"Skipped: n < 2",NA
"percentile_latbin_OLS","q75","collection5_k2_tropical_temperate","Southern","Warmhouse","Hothouse",0,0,NA,NA,NA,NA,NA,NA,NA,"Skipped: n < 2",NA
"percentile_latbin_OLS","q75","collection5_k2_tropical_temperate_polar","Northern","Coldhouse","Coolhouse",0,0,NA,NA,NA,NA,NA,NA,NA,"Skipped: n < 2",NA
"percentile_latbin_OLS","q75","collection5_k2_tropical_temperate_polar","Northern","Coldhouse","Transitional",0,0,NA,NA,NA,NA,NA,NA,NA,"Skipped: n < 2",NA
"percentile_latbin_OLS","q75","collection5_k2_tropical_temperate_polar","Northern","Coldhouse","Warmhouse",0,0,NA,NA,NA,NA,NA,NA,NA,"Skipped: n < 2",NA
"percentile_latbin_OLS","q75","collection5_k2_tropical_temperate_polar","Northern","Coldhouse","Hothouse",0,0,NA,NA,NA,NA,NA,NA,NA,"Skipped: n < 2",NA
"percentile_latbin_OLS","q75","collection5_k2_tropical_temperate_polar","Northern","Coolhouse","Transitional",0,0,NA,NA,NA,NA,NA,NA,NA,"Skipped: n < 2",NA
"percentile_latbin_OLS","q75","collection5_k2_tropical_temperate_polar","Northern","Coolhouse","Warmhouse",0,0,NA,NA,NA,NA,NA,NA,NA,"Skipped: n < 2",NA
"percentile_latbin_OLS","q75","collection5_k2_tropical_temperate_polar","Northern","Coolhouse","Hothouse",0,0,NA,NA,NA,NA,NA,NA,NA,"Skipped: n < 2",NA
"percentile_latbin_OLS","q75","collection5_k2_tropical_temperate_polar","Northern","Transitional","Warmhouse",0,0,NA,NA,NA,NA,NA,NA,NA,"Skipped: n < 2",NA
"percentile_latbin_OLS","q75","collection5_k2_tropical_temperate_polar","Northern","Transitional","Hothouse",0,0,NA,NA,NA,NA,NA,NA,NA,"Skipped: n < 2",NA
"percentile_latbin_OLS","q75","collection5_k2_tropical_temperate_polar","Northern","Warmhouse","Hothouse",0,0,NA,NA,NA,NA,NA,NA,NA,"Skipped: n < 2",NA
"percentile_latbin_OLS","q75","collection5_k2_tropical_temperate_polar","Southern","Coldhouse","Coolhouse",0,0,NA,NA,NA,NA,NA,NA,NA,"Skipped: n < 2",NA
"percentile_latbin_OLS","q75","collection5_k2_tropical_temperate_polar","Southern","Coldhouse","Transitional",0,0,NA,NA,NA,NA,NA,NA,NA,"Skipped: n < 2",NA
"percentile_latbin_OLS","q75","collection5_k2_tropical_temperate_polar","Southern","Coldhouse","Warmhouse",0,0,NA,NA,NA,NA,NA,NA,NA,"Skipped: n < 2",NA
"percentile_latbin_OLS","q75","collection5_k2_tropical_temperate_polar","Southern","Coldhouse","Hothouse",0,0,NA,NA,NA,NA,NA,NA,NA,"Skipped: n < 2",NA
"percentile_latbin_OLS","q75","collection5_k2_tropical_temperate_polar","Southern","Coolhouse","Transitional",0,0,NA,NA,NA,NA,NA,NA,NA,"Skipped: n < 2",NA
"percentile_latbin_OLS","q75","collection5_k2_tropical_temperate_polar","Southern","Coolhouse","Warmhouse",0,0,NA,NA,NA,NA,NA,NA,NA,"Skipped: n < 2",NA
"percentile_latbin_OLS","q75","collection5_k2_tropical_temperate_polar","Southern","Coolhouse","Hothouse",0,0,NA,NA,NA,NA,NA,NA,NA,"Skipped: n < 2",NA
"percentile_latbin_OLS","q75","collection5_k2_tropical_temperate_polar","Southern","Transitional","Warmhouse",0,0,NA,NA,NA,NA,NA,NA,NA,"Skipped: n < 2",NA
"percentile_latbin_OLS","q75","collection5_k2_tropical_temperate_polar","Southern","Transitional","Hothouse",0,0,NA,NA,NA,NA,NA,NA,NA,"Skipped: n < 2",NA
"percentile_latbin_OLS","q75","collection5_k2_tropical_temperate_polar","Southern","Warmhouse","Hothouse",0,0,NA,NA,NA,NA,NA,NA,NA,"Skipped: n < 2",NA
"percentile_latbin_OLS","q75","collection5_k3_tropical_temperate","Northern","Coldhouse","Coolhouse",0,0,NA,NA,NA,NA,NA,NA,NA,"Skipped: n < 2",NA
"percentile_latbin_OLS","q75","collection5_k3_tropical_temperate","Northern","Coldhouse","Transitional",0,0,NA,NA,NA,NA,NA,NA,NA,"Skipped: n < 2",NA
"percentile_latbin_OLS","q75","collection5_k3_tropical_temperate","Northern","Coldhouse","Warmhouse",0,0,NA,NA,NA,NA,NA,NA,NA,"Skipped: n < 2",NA
"percentile_latbin_OLS","q75","collection5_k3_tropical_temperate","Northern","Coldhouse","Hothouse",0,0,NA,NA,NA,NA,NA,NA,NA,"Skipped: n < 2",NA
"percentile_latbin_OLS","q75","collection5_k3_tropical_temperate","Northern","Coolhouse","Transitional",0,0,NA,NA,NA,NA,NA,NA,NA,"Skipped: n < 2",NA
"percentile_latbin_OLS","q75","collection5_k3_tropical_temperate","Northern","Coolhouse","Warmhouse",0,0,NA,NA,NA,NA,NA,NA,NA,"Skipped: n < 2",NA
"percentile_latbin_OLS","q75","collection5_k3_tropical_temperate","Northern","Coolhouse","Hothouse",0,0,NA,NA,NA,NA,NA,NA,NA,"Skipped: n < 2",NA
"percentile_latbin_OLS","q75","collection5_k3_tropical_temperate","Northern","Transitional","Warmhouse",0,0,NA,NA,NA,NA,NA,NA,NA,"Skipped: n < 2",NA
"percentile_latbin_OLS","q75","collection5_k3_tropical_temperate","Northern","Transitional","Hothouse",0,0,NA,NA,NA,NA,NA,NA,NA,"Skipped: n < 2",NA
"percentile_latbin_OLS","q75","collection5_k3_tropical_temperate","Northern","Warmhouse","Hothouse",0,0,NA,NA,NA,NA,NA,NA,NA,"Skipped: n < 2",NA
"percentile_latbin_OLS","q75","collection5_k3_tropical_temperate","Southern","Coldhouse","Coolhouse",0,0,NA,NA,NA,NA,NA,NA,NA,"Skipped: n < 2",NA
"percentile_latbin_OLS","q75","collection5_k3_tropical_temperate","Southern","Coldhouse","Transitional",0,0,NA,NA,NA,NA,NA,NA,NA,"Skipped: n < 2",NA
"percentile_latbin_OLS","q75","collection5_k3_tropical_temperate","Southern","Coldhouse","Warmhouse",0,0,NA,NA,NA,NA,NA,NA,NA,"Skipped: n < 2",NA
"percentile_latbin_OLS","q75","collection5_k3_tropical_temperate","Southern","Coldhouse","Hothouse",0,0,NA,NA,NA,NA,NA,NA,NA,"Skipped: n < 2",NA
"percentile_latbin_OLS","q75","collection5_k3_tropical_temperate","Southern","Coolhouse","Transitional",0,0,NA,NA,NA,NA,NA,NA,NA,"Skipped: n < 2",NA
"percentile_latbin_OLS","q75","collection5_k3_tropical_temperate","Southern","Coolhouse","Warmhouse",0,0,NA,NA,NA,NA,NA,NA,NA,"Skipped: n < 2",NA
"percentile_latbin_OLS","q75","collection5_k3_tropical_temperate","Southern","Coolhouse","Hothouse",0,0,NA,NA,NA,NA,NA,NA,NA,"Skipped: n < 2",NA
"percentile_latbin_OLS","q75","collection5_k3_tropical_temperate","Southern","Transitional","Warmhouse",0,0,NA,NA,NA,NA,NA,NA,NA,"Skipped: n < 2",NA
"percentile_latbin_OLS","q75","collection5_k3_tropical_temperate","Southern","Transitional","Hothouse",0,0,NA,NA,NA,NA,NA,NA,NA,"Skipped: n < 2",NA
"percentile_latbin_OLS","q75","collection5_k3_tropical_temperate","Southern","Warmhouse","Hothouse",0,0,NA,NA,NA,NA,NA,NA,NA,"Skipped: n < 2",NA
"percentile_latbin_OLS","q75","collection5_k3_tropical_temperate_polar","Northern","Coldhouse","Coolhouse",0,0,NA,NA,NA,NA,NA,NA,NA,"Skipped: n < 2",NA
"percentile_latbin_OLS","q75","collection5_k3_tropical_temperate_polar","Northern","Coldhouse","Transitional",0,0,NA,NA,NA,NA,NA,NA,NA,"Skipped: n < 2",NA
"percentile_latbin_OLS","q75","collection5_k3_tropical_temperate_polar","Northern","Coldhouse","Warmhouse",0,0,NA,NA,NA,NA,NA,NA,NA,"Skipped: n < 2",NA
"percentile_latbin_OLS","q75","collection5_k3_tropical_temperate_polar","Northern","Coldhouse","Hothouse",0,0,NA,NA,NA,NA,NA,NA,NA,"Skipped: n < 2",NA
"percentile_latbin_OLS","q75","collection5_k3_tropical_temperate_polar","Northern","Coolhouse","Transitional",0,0,NA,NA,NA,NA,NA,NA,NA,"Skipped: n < 2",NA
"percentile_latbin_OLS","q75","collection5_k3_tropical_temperate_polar","Northern","Coolhouse","Warmhouse",0,0,NA,NA,NA,NA,NA,NA,NA,"Skipped: n < 2",NA
"percentile_latbin_OLS","q75","collection5_k3_tropical_temperate_polar","Northern","Coolhouse","Hothouse",0,0,NA,NA,NA,NA,NA,NA,NA,"Skipped: n < 2",NA
"percentile_latbin_OLS","q75","collection5_k3_tropical_temperate_polar","Northern","Transitional","Warmhouse",0,0,NA,NA,NA,NA,NA,NA,NA,"Skipped: n < 2",NA
"percentile_latbin_OLS","q75","collection5_k3_tropical_temperate_polar","Northern","Transitional","Hothouse",0,0,NA,NA,NA,NA,NA,NA,NA,"Skipped: n < 2",NA
"percentile_latbin_OLS","q75","collection5_k3_tropical_temperate_polar","Northern","Warmhouse","Hothouse",0,0,NA,NA,NA,NA,NA,NA,NA,"Skipped: n < 2",NA
"percentile_latbin_OLS","q75","collection5_k3_tropical_temperate_polar","Southern","Coldhouse","Coolhouse",0,0,NA,NA,NA,NA,NA,NA,NA,"Skipped: n < 2",NA
"percentile_latbin_OLS","q75","collection5_k3_tropical_temperate_polar","Southern","Coldhouse","Transitional",0,0,NA,NA,NA,NA,NA,NA,NA,"Skipped: n < 2",NA
"percentile_latbin_OLS","q75","collection5_k3_tropical_temperate_polar","Southern","Coldhouse","Warmhouse",0,0,NA,NA,NA,NA,NA,NA,NA,"Skipped: n < 2",NA
"percentile_latbin_OLS","q75","collection5_k3_tropical_temperate_polar","Southern","Coldhouse","Hothouse",0,0,NA,NA,NA,NA,NA,NA,NA,"Skipped: n < 2",NA
"percentile_latbin_OLS","q75","collection5_k3_tropical_temperate_polar","Southern","Coolhouse","Transitional",0,0,NA,NA,NA,NA,NA,NA,NA,"Skipped: n < 2",NA
"percentile_latbin_OLS","q75","collection5_k3_tropical_temperate_polar","Southern","Coolhouse","Warmhouse",0,0,NA,NA,NA,NA,NA,NA,NA,"Skipped: n < 2",NA
"percentile_latbin_OLS","q75","collection5_k3_tropical_temperate_polar","Southern","Coolhouse","Hothouse",0,0,NA,NA,NA,NA,NA,NA,NA,"Skipped: n < 2",NA
"percentile_latbin_OLS","q75","collection5_k3_tropical_temperate_polar","Southern","Transitional","Warmhouse",0,0,NA,NA,NA,NA,NA,NA,NA,"Skipped: n < 2",NA
"percentile_latbin_OLS","q75","collection5_k3_tropical_temperate_polar","Southern","Transitional","Hothouse",0,0,NA,NA,NA,NA,NA,NA,NA,"Skipped: n < 2",NA
"percentile_latbin_OLS","q75","collection5_k3_tropical_temperate_polar","Southern","Warmhouse","Hothouse",0,0,NA,NA,NA,NA,NA,NA,NA,"Skipped: n < 2",NA
"percentile_latbin_OLS","q75","collection10_k1_tropical_temperate","Northern","Coldhouse","Coolhouse",0,0,NA,NA,NA,NA,NA,NA,NA,"Skipped: n < 2",NA
"percentile_latbin_OLS","q75","collection10_k1_tropical_temperate","Northern","Coldhouse","Transitional",0,0,NA,NA,NA,NA,NA,NA,NA,"Skipped: n < 2",NA
"percentile_latbin_OLS","q75","collection10_k1_tropical_temperate","Northern","Coldhouse","Warmhouse",0,0,NA,NA,NA,NA,NA,NA,NA,"Skipped: n < 2",NA
"percentile_latbin_OLS","q75","collection10_k1_tropical_temperate","Northern","Coldhouse","Hothouse",0,0,NA,NA,NA,NA,NA,NA,NA,"Skipped: n < 2",NA
"percentile_latbin_OLS","q75","collection10_k1_tropical_temperate","Northern","Coolhouse","Transitional",0,0,NA,NA,NA,NA,NA,NA,NA,"Skipped: n < 2",NA
"percentile_latbin_OLS","q75","collection10_k1_tropical_temperate","Northern","Coolhouse","Warmhouse",0,0,NA,NA,NA,NA,NA,NA,NA,"Skipped: n < 2",NA
"percentile_latbin_OLS","q75","collection10_k1_tropical_temperate","Northern","Coolhouse","Hothouse",0,0,NA,NA,NA,NA,NA,NA,NA,"Skipped: n < 2",NA
"percentile_latbin_OLS","q75","collection10_k1_tropical_temperate","Northern","Transitional","Warmhouse",0,0,NA,NA,NA,NA,NA,NA,NA,"Skipped: n < 2",NA
"percentile_latbin_OLS","q75","collection10_k1_tropical_temperate","Northern","Transitional","Hothouse",0,0,NA,NA,NA,NA,NA,NA,NA,"Skipped: n < 2",NA
"percentile_latbin_OLS","q75","collection10_k1_tropical_temperate","Northern","Warmhouse","Hothouse",0,0,NA,NA,NA,NA,NA,NA,NA,"Skipped: n < 2",NA
"percentile_latbin_OLS","q75","collection10_k1_tropical_temperate","Southern","Coldhouse","Coolhouse",0,0,NA,NA,NA,NA,NA,NA,NA,"Skipped: n < 2",NA
"percentile_latbin_OLS","q75","collection10_k1_tropical_temperate","Southern","Coldhouse","Transitional",0,0,NA,NA,NA,NA,NA,NA,NA,"Skipped: n < 2",NA
"percentile_latbin_OLS","q75","collection10_k1_tropical_temperate","Southern","Coldhouse","Warmhouse",0,0,NA,NA,NA,NA,NA,NA,NA,"Skipped: n < 2",NA
"percentile_latbin_OLS","q75","collection10_k1_tropical_temperate","Southern","Coldhouse","Hothouse",0,0,NA,NA,NA,NA,NA,NA,NA,"Skipped: n < 2",NA
"percentile_latbin_OLS","q75","collection10_k1_tropical_temperate","Southern","Coolhouse","Transitional",0,0,NA,NA,NA,NA,NA,NA,NA,"Skipped: n < 2",NA
"percentile_latbin_OLS","q75","collection10_k1_tropical_temperate","Southern","Coolhouse","Warmhouse",0,0,NA,NA,NA,NA,NA,NA,NA,"Skipped: n < 2",NA
"percentile_latbin_OLS","q75","collection10_k1_tropical_temperate","Southern","Coolhouse","Hothouse",0,0,NA,NA,NA,NA,NA,NA,NA,"Skipped: n < 2",NA
"percentile_latbin_OLS","q75","collection10_k1_tropical_temperate","Southern","Transitional","Warmhouse",0,0,NA,NA,NA,NA,NA,NA,NA,"Skipped: n < 2",NA
"percentile_latbin_OLS","q75","collection10_k1_tropical_temperate","Southern","Transitional","Hothouse",0,0,NA,NA,NA,NA,NA,NA,NA,"Skipped: n < 2",NA
"percentile_latbin_OLS","q75","collection10_k1_tropical_temperate","Southern","Warmhouse","Hothouse",0,0,NA,NA,NA,NA,NA,NA,NA,"Skipped: n < 2",NA
"percentile_latbin_OLS","q75","collection10_k1_tropical_temperate_polar","Northern","Coldhouse","Coolhouse",0,0,NA,NA,NA,NA,NA,NA,NA,"Skipped: n < 2",NA
"percentile_latbin_OLS","q75","collection10_k1_tropical_temperate_polar","Northern","Coldhouse","Transitional",0,0,NA,NA,NA,NA,NA,NA,NA,"Skipped: n < 2",NA
"percentile_latbin_OLS","q75","collection10_k1_tropical_temperate_polar","Northern","Coldhouse","Warmhouse",0,0,NA,NA,NA,NA,NA,NA,NA,"Skipped: n < 2",NA
"percentile_latbin_OLS","q75","collection10_k1_tropical_temperate_polar","Northern","Coldhouse","Hothouse",0,0,NA,NA,NA,NA,NA,NA,NA,"Skipped: n < 2",NA
"percentile_latbin_OLS","q75","collection10_k1_tropical_temperate_polar","Northern","Coolhouse","Transitional",0,0,NA,NA,NA,NA,NA,NA,NA,"Skipped: n < 2",NA
"percentile_latbin_OLS","q75","collection10_k1_tropical_temperate_polar","Northern","Coolhouse","Warmhouse",0,0,NA,NA,NA,NA,NA,NA,NA,"Skipped: n < 2",NA
"percentile_latbin_OLS","q75","collection10_k1_tropical_temperate_polar","Northern","Coolhouse","Hothouse",0,0,NA,NA,NA,NA,NA,NA,NA,"Skipped: n < 2",NA
"percentile_latbin_OLS","q75","collection10_k1_tropical_temperate_polar","Northern","Transitional","Warmhouse",0,0,NA,NA,NA,NA,NA,NA,NA,"Skipped: n < 2",NA
"percentile_latbin_OLS","q75","collection10_k1_tropical_temperate_polar","Northern","Transitional","Hothouse",0,0,NA,NA,NA,NA,NA,NA,NA,"Skipped: n < 2",NA
"percentile_latbin_OLS","q75","collection10_k1_tropical_temperate_polar","Northern","Warmhouse","Hothouse",0,0,NA,NA,NA,NA,NA,NA,NA,"Skipped: n < 2",NA
"percentile_latbin_OLS","q75","collection10_k1_tropical_temperate_polar","Southern","Coldhouse","Coolhouse",0,0,NA,NA,NA,NA,NA,NA,NA,"Skipped: n < 2",NA
"percentile_latbin_OLS","q75","collection10_k1_tropical_temperate_polar","Southern","Coldhouse","Transitional",0,0,NA,NA,NA,NA,NA,NA,NA,"Skipped: n < 2",NA
"percentile_latbin_OLS","q75","collection10_k1_tropical_temperate_polar","Southern","Coldhouse","Warmhouse",0,0,NA,NA,NA,NA,NA,NA,NA,"Skipped: n < 2",NA
"percentile_latbin_OLS","q75","collection10_k1_tropical_temperate_polar","Southern","Coldhouse","Hothouse",0,0,NA,NA,NA,NA,NA,NA,NA,"Skipped: n < 2",NA
"percentile_latbin_OLS","q75","collection10_k1_tropical_temperate_polar","Southern","Coolhouse","Transitional",0,0,NA,NA,NA,NA,NA,NA,NA,"Skipped: n < 2",NA
"percentile_latbin_OLS","q75","collection10_k1_tropical_temperate_polar","Southern","Coolhouse","Warmhouse",0,0,NA,NA,NA,NA,NA,NA,NA,"Skipped: n < 2",NA
"percentile_latbin_OLS","q75","collection10_k1_tropical_temperate_polar","Southern","Coolhouse","Hothouse",0,0,NA,NA,NA,NA,NA,NA,NA,"Skipped: n < 2",NA
"percentile_latbin_OLS","q75","collection10_k1_tropical_temperate_polar","Southern","Transitional","Warmhouse",0,0,NA,NA,NA,NA,NA,NA,NA,"Skipped: n < 2",NA
"percentile_latbin_OLS","q75","collection10_k1_tropical_temperate_polar","Southern","Transitional","Hothouse",0,0,NA,NA,NA,NA,NA,NA,NA,"Skipped: n < 2",NA
"percentile_latbin_OLS","q75","collection10_k1_tropical_temperate_polar","Southern","Warmhouse","Hothouse",0,0,NA,NA,NA,NA,NA,NA,NA,"Skipped: n < 2",NA
"percentile_latbin_OLS","q75","collection10_k2_tropical_temperate","Northern","Coldhouse","Coolhouse",0,0,NA,NA,NA,NA,NA,NA,NA,"Skipped: n < 2",NA
"percentile_latbin_OLS","q75","collection10_k2_tropical_temperate","Northern","Coldhouse","Transitional",0,0,NA,NA,NA,NA,NA,NA,NA,"Skipped: n < 2",NA
"percentile_latbin_OLS","q75","collection10_k2_tropical_temperate","Northern","Coldhouse","Warmhouse",0,0,NA,NA,NA,NA,NA,NA,NA,"Skipped: n < 2",NA
"percentile_latbin_OLS","q75","collection10_k2_tropical_temperate","Northern","Coldhouse","Hothouse",0,0,NA,NA,NA,NA,NA,NA,NA,"Skipped: n < 2",NA
"percentile_latbin_OLS","q75","collection10_k2_tropical_temperate","Northern","Coolhouse","Transitional",0,0,NA,NA,NA,NA,NA,NA,NA,"Skipped: n < 2",NA
"percentile_latbin_OLS","q75","collection10_k2_tropical_temperate","Northern","Coolhouse","Warmhouse",0,0,NA,NA,NA,NA,NA,NA,NA,"Skipped: n < 2",NA
"percentile_latbin_OLS","q75","collection10_k2_tropical_temperate","Northern","Coolhouse","Hothouse",0,0,NA,NA,NA,NA,NA,NA,NA,"Skipped: n < 2",NA
"percentile_latbin_OLS","q75","collection10_k2_tropical_temperate","Northern","Transitional","Warmhouse",0,0,NA,NA,NA,NA,NA,NA,NA,"Skipped: n < 2",NA
"percentile_latbin_OLS","q75","collection10_k2_tropical_temperate","Northern","Transitional","Hothouse",0,0,NA,NA,NA,NA,NA,NA,NA,"Skipped: n < 2",NA
"percentile_latbin_OLS","q75","collection10_k2_tropical_temperate","Northern","Warmhouse","Hothouse",0,0,NA,NA,NA,NA,NA,NA,NA,"Skipped: n < 2",NA
"percentile_latbin_OLS","q75","collection10_k2_tropical_temperate","Southern","Coldhouse","Coolhouse",0,0,NA,NA,NA,NA,NA,NA,NA,"Skipped: n < 2",NA
"percentile_latbin_OLS","q75","collection10_k2_tropical_temperate","Southern","Coldhouse","Transitional",0,0,NA,NA,NA,NA,NA,NA,NA,"Skipped: n < 2",NA
"percentile_latbin_OLS","q75","collection10_k2_tropical_temperate","Southern","Coldhouse","Warmhouse",0,0,NA,NA,NA,NA,NA,NA,NA,"Skipped: n < 2",NA
"percentile_latbin_OLS","q75","collection10_k2_tropical_temperate","Southern","Coldhouse","Hothouse",0,0,NA,NA,NA,NA,NA,NA,NA,"Skipped: n < 2",NA
"percentile_latbin_OLS","q75","collection10_k2_tropical_temperate","Southern","Coolhouse","Transitional",0,0,NA,NA,NA,NA,NA,NA,NA,"Skipped: n < 2",NA
"percentile_latbin_OLS","q75","collection10_k2_tropical_temperate","Southern","Coolhouse","Warmhouse",0,0,NA,NA,NA,NA,NA,NA,NA,"Skipped: n < 2",NA
"percentile_latbin_OLS","q75","collection10_k2_tropical_temperate","Southern","Coolhouse","Hothouse",0,0,NA,NA,NA,NA,NA,NA,NA,"Skipped: n < 2",NA
"percentile_latbin_OLS","q75","collection10_k2_tropical_temperate","Southern","Transitional","Warmhouse",0,0,NA,NA,NA,NA,NA,NA,NA,"Skipped: n < 2",NA
"percentile_latbin_OLS","q75","collection10_k2_tropical_temperate","Southern","Transitional","Hothouse",0,0,NA,NA,NA,NA,NA,NA,NA,"Skipped: n < 2",NA
"percentile_latbin_OLS","q75","collection10_k2_tropical_temperate","Southern","Warmhouse","Hothouse",0,0,NA,NA,NA,NA,NA,NA,NA,"Skipped: n < 2",NA
"percentile_latbin_OLS","q75","collection10_k2_tropical_temperate_polar","Northern","Coldhouse","Coolhouse",0,0,NA,NA,NA,NA,NA,NA,NA,"Skipped: n < 2",NA
"percentile_latbin_OLS","q75","collection10_k2_tropical_temperate_polar","Northern","Coldhouse","Transitional",0,0,NA,NA,NA,NA,NA,NA,NA,"Skipped: n < 2",NA
"percentile_latbin_OLS","q75","collection10_k2_tropical_temperate_polar","Northern","Coldhouse","Warmhouse",0,0,NA,NA,NA,NA,NA,NA,NA,"Skipped: n < 2",NA
"percentile_latbin_OLS","q75","collection10_k2_tropical_temperate_polar","Northern","Coldhouse","Hothouse",0,0,NA,NA,NA,NA,NA,NA,NA,"Skipped: n < 2",NA
"percentile_latbin_OLS","q75","collection10_k2_tropical_temperate_polar","Northern","Coolhouse","Transitional",0,0,NA,NA,NA,NA,NA,NA,NA,"Skipped: n < 2",NA
"percentile_latbin_OLS","q75","collection10_k2_tropical_temperate_polar","Northern","Coolhouse","Warmhouse",0,0,NA,NA,NA,NA,NA,NA,NA,"Skipped: n < 2",NA
"percentile_latbin_OLS","q75","collection10_k2_tropical_temperate_polar","Northern","Coolhouse","Hothouse",0,0,NA,NA,NA,NA,NA,NA,NA,"Skipped: n < 2",NA
"percentile_latbin_OLS","q75","collection10_k2_tropical_temperate_polar","Northern","Transitional","Warmhouse",0,0,NA,NA,NA,NA,NA,NA,NA,"Skipped: n < 2",NA
"percentile_latbin_OLS","q75","collection10_k2_tropical_temperate_polar","Northern","Transitional","Hothouse",0,0,NA,NA,NA,NA,NA,NA,NA,"Skipped: n < 2",NA
"percentile_latbin_OLS","q75","collection10_k2_tropical_temperate_polar","Northern","Warmhouse","Hothouse",0,0,NA,NA,NA,NA,NA,NA,NA,"Skipped: n < 2",NA
"percentile_latbin_OLS","q75","collection10_k2_tropical_temperate_polar","Southern","Coldhouse","Coolhouse",0,0,NA,NA,NA,NA,NA,NA,NA,"Skipped: n < 2",NA
"percentile_latbin_OLS","q75","collection10_k2_tropical_temperate_polar","Southern","Coldhouse","Transitional",0,0,NA,NA,NA,NA,NA,NA,NA,"Skipped: n < 2",NA
"percentile_latbin_OLS","q75","collection10_k2_tropical_temperate_polar","Southern","Coldhouse","Warmhouse",0,0,NA,NA,NA,NA,NA,NA,NA,"Skipped: n < 2",NA
"percentile_latbin_OLS","q75","collection10_k2_tropical_temperate_polar","Southern","Coldhouse","Hothouse",0,0,NA,NA,NA,NA,NA,NA,NA,"Skipped: n < 2",NA
"percentile_latbin_OLS","q75","collection10_k2_tropical_temperate_polar","Southern","Coolhouse","Transitional",0,0,NA,NA,NA,NA,NA,NA,NA,"Skipped: n < 2",NA
"percentile_latbin_OLS","q75","collection10_k2_tropical_temperate_polar","Southern","Coolhouse","Warmhouse",0,0,NA,NA,NA,NA,NA,NA,NA,"Skipped: n < 2",NA
"percentile_latbin_OLS","q75","collection10_k2_tropical_temperate_polar","Southern","Coolhouse","Hothouse",0,0,NA,NA,NA,NA,NA,NA,NA,"Skipped: n < 2",NA
"percentile_latbin_OLS","q75","collection10_k2_tropical_temperate_polar","Southern","Transitional","Warmhouse",0,0,NA,NA,NA,NA,NA,NA,NA,"Skipped: n < 2",NA
"percentile_latbin_OLS","q75","collection10_k2_tropical_temperate_polar","Southern","Transitional","Hothouse",0,0,NA,NA,NA,NA,NA,NA,NA,"Skipped: n < 2",NA
"percentile_latbin_OLS","q75","collection10_k2_tropical_temperate_polar","Southern","Warmhouse","Hothouse",0,0,NA,NA,NA,NA,NA,NA,NA,"Skipped: n < 2",NA
"percentile_latbin_OLS","q75","collection10_k3_tropical_temperate","Northern","Coldhouse","Coolhouse",0,0,NA,NA,NA,NA,NA,NA,NA,"Skipped: n < 2",NA
"percentile_latbin_OLS","q75","collection10_k3_tropical_temperate","Northern","Coldhouse","Transitional",0,0,NA,NA,NA,NA,NA,NA,NA,"Skipped: n < 2",NA
"percentile_latbin_OLS","q75","collection10_k3_tropical_temperate","Northern","Coldhouse","Warmhouse",0,0,NA,NA,NA,NA,NA,NA,NA,"Skipped: n < 2",NA
"percentile_latbin_OLS","q75","collection10_k3_tropical_temperate","Northern","Coldhouse","Hothouse",0,0,NA,NA,NA,NA,NA,NA,NA,"Skipped: n < 2",NA
"percentile_latbin_OLS","q75","collection10_k3_tropical_temperate","Northern","Coolhouse","Transitional",0,0,NA,NA,NA,NA,NA,NA,NA,"Skipped: n < 2",NA
"percentile_latbin_OLS","q75","collection10_k3_tropical_temperate","Northern","Coolhouse","Warmhouse",0,0,NA,NA,NA,NA,NA,NA,NA,"Skipped: n < 2",NA
"percentile_latbin_OLS","q75","collection10_k3_tropical_temperate","Northern","Coolhouse","Hothouse",0,0,NA,NA,NA,NA,NA,NA,NA,"Skipped: n < 2",NA
"percentile_latbin_OLS","q75","collection10_k3_tropical_temperate","Northern","Transitional","Warmhouse",0,0,NA,NA,NA,NA,NA,NA,NA,"Skipped: n < 2",NA
"percentile_latbin_OLS","q75","collection10_k3_tropical_temperate","Northern","Transitional","Hothouse",0,0,NA,NA,NA,NA,NA,NA,NA,"Skipped: n < 2",NA
"percentile_latbin_OLS","q75","collection10_k3_tropical_temperate","Northern","Warmhouse","Hothouse",0,0,NA,NA,NA,NA,NA,NA,NA,"Skipped: n < 2",NA
"percentile_latbin_OLS","q75","collection10_k3_tropical_temperate","Southern","Coldhouse","Coolhouse",0,0,NA,NA,NA,NA,NA,NA,NA,"Skipped: n < 2",NA
"percentile_latbin_OLS","q75","collection10_k3_tropical_temperate","Southern","Coldhouse","Transitional",0,0,NA,NA,NA,NA,NA,NA,NA,"Skipped: n < 2",NA
"percentile_latbin_OLS","q75","collection10_k3_tropical_temperate","Southern","Coldhouse","Warmhouse",0,0,NA,NA,NA,NA,NA,NA,NA,"Skipped: n < 2",NA
"percentile_latbin_OLS","q75","collection10_k3_tropical_temperate","Southern","Coldhouse","Hothouse",0,0,NA,NA,NA,NA,NA,NA,NA,"Skipped: n < 2",NA
"percentile_latbin_OLS","q75","collection10_k3_tropical_temperate","Southern","Coolhouse","Transitional",0,0,NA,NA,NA,NA,NA,NA,NA,"Skipped: n < 2",NA
"percentile_latbin_OLS","q75","collection10_k3_tropical_temperate","Southern","Coolhouse","Warmhouse",0,0,NA,NA,NA,NA,NA,NA,NA,"Skipped: n < 2",NA
"percentile_latbin_OLS","q75","collection10_k3_tropical_temperate","Southern","Coolhouse","Hothouse",0,0,NA,NA,NA,NA,NA,NA,NA,"Skipped: n < 2",NA
"percentile_latbin_OLS","q75","collection10_k3_tropical_temperate","Southern","Transitional","Warmhouse",0,0,NA,NA,NA,NA,NA,NA,NA,"Skipped: n < 2",NA
"percentile_latbin_OLS","q75","collection10_k3_tropical_temperate","Southern","Transitional","Hothouse",0,0,NA,NA,NA,NA,NA,NA,NA,"Skipped: n < 2",NA
"percentile_latbin_OLS","q75","collection10_k3_tropical_temperate","Southern","Warmhouse","Hothouse",0,0,NA,NA,NA,NA,NA,NA,NA,"Skipped: n < 2",NA
"percentile_latbin_OLS","q75","collection10_k3_tropical_temperate_polar","Northern","Coldhouse","Coolhouse",0,0,NA,NA,NA,NA,NA,NA,NA,"Skipped: n < 2",NA
"percentile_latbin_OLS","q75","collection10_k3_tropical_temperate_polar","Northern","Coldhouse","Transitional",0,0,NA,NA,NA,NA,NA,NA,NA,"Skipped: n < 2",NA
"percentile_latbin_OLS","q75","collection10_k3_tropical_temperate_polar","Northern","Coldhouse","Warmhouse",0,0,NA,NA,NA,NA,NA,NA,NA,"Skipped: n < 2",NA
"percentile_latbin_OLS","q75","collection10_k3_tropical_temperate_polar","Northern","Coldhouse","Hothouse",0,0,NA,NA,NA,NA,NA,NA,NA,"Skipped: n < 2",NA
"percentile_latbin_OLS","q75","collection10_k3_tropical_temperate_polar","Northern","Coolhouse","Transitional",0,0,NA,NA,NA,NA,NA,NA,NA,"Skipped: n < 2",NA
"percentile_latbin_OLS","q75","collection10_k3_tropical_temperate_polar","Northern","Coolhouse","Warmhouse",0,0,NA,NA,NA,NA,NA,NA,NA,"Skipped: n < 2",NA
"percentile_latbin_OLS","q75","collection10_k3_tropical_temperate_polar","Northern","Coolhouse","Hothouse",0,0,NA,NA,NA,NA,NA,NA,NA,"Skipped: n < 2",NA
"percentile_latbin_OLS","q75","collection10_k3_tropical_temperate_polar","Northern","Transitional","Warmhouse",0,0,NA,NA,NA,NA,NA,NA,NA,"Skipped: n < 2",NA
"percentile_latbin_OLS","q75","collection10_k3_tropical_temperate_polar","Northern","Transitional","Hothouse",0,0,NA,NA,NA,NA,NA,NA,NA,"Skipped: n < 2",NA
"percentile_latbin_OLS","q75","collection10_k3_tropical_temperate_polar","Northern","Warmhouse","Hothouse",0,0,NA,NA,NA,NA,NA,NA,NA,"Skipped: n < 2",NA
"percentile_latbin_OLS","q75","collection10_k3_tropical_temperate_polar","Southern","Coldhouse","Coolhouse",0,0,NA,NA,NA,NA,NA,NA,NA,"Skipped: n < 2",NA
"percentile_latbin_OLS","q75","collection10_k3_tropical_temperate_polar","Southern","Coldhouse","Transitional",0,0,NA,NA,NA,NA,NA,NA,NA,"Skipped: n < 2",NA
"percentile_latbin_OLS","q75","collection10_k3_tropical_temperate_polar","Southern","Coldhouse","Warmhouse",0,0,NA,NA,NA,NA,NA,NA,NA,"Skipped: n < 2",NA
"percentile_latbin_OLS","q75","collection10_k3_tropical_temperate_polar","Southern","Coldhouse","Hothouse",0,0,NA,NA,NA,NA,NA,NA,NA,"Skipped: n < 2",NA
"percentile_latbin_OLS","q75","collection10_k3_tropical_temperate_polar","Southern","Coolhouse","Transitional",0,0,NA,NA,NA,NA,NA,NA,NA,"Skipped: n < 2",NA
"percentile_latbin_OLS","q75","collection10_k3_tropical_temperate_polar","Southern","Coolhouse","Warmhouse",0,0,NA,NA,NA,NA,NA,NA,NA,"Skipped: n < 2",NA
"percentile_latbin_OLS","q75","collection10_k3_tropical_temperate_polar","Southern","Coolhouse","Hothouse",0,0,NA,NA,NA,NA,NA,NA,NA,"Skipped: n < 2",NA
"percentile_latbin_OLS","q75","collection10_k3_tropical_temperate_polar","Southern","Transitional","Warmhouse",0,0,NA,NA,NA,NA,NA,NA,NA,"Skipped: n < 2",NA
"percentile_latbin_OLS","q75","collection10_k3_tropical_temperate_polar","Southern","Transitional","Hothouse",0,0,NA,NA,NA,NA,NA,NA,NA,"Skipped: n < 2",NA
"percentile_latbin_OLS","q75","collection10_k3_tropical_temperate_polar","Southern","Warmhouse","Hothouse",0,0,NA,NA,NA,NA,NA,NA,NA,"Skipped: n < 2",NA
"percentile_latbin_OLS","q90","occurrence5_k1_tropical_temperate","Northern","Coldhouse","Coolhouse",0,0,NA,NA,NA,NA,NA,NA,NA,"Skipped: n < 2",NA
"percentile_latbin_OLS","q90","occurrence5_k1_tropical_temperate","Northern","Coldhouse","Transitional",0,0,NA,NA,NA,NA,NA,NA,NA,"Skipped: n < 2",NA
"percentile_latbin_OLS","q90","occurrence5_k1_tropical_temperate","Northern","Coldhouse","Warmhouse",0,0,NA,NA,NA,NA,NA,NA,NA,"Skipped: n < 2",NA
"percentile_latbin_OLS","q90","occurrence5_k1_tropical_temperate","Northern","Coldhouse","Hothouse",0,0,NA,NA,NA,NA,NA,NA,NA,"Skipped: n < 2",NA
"percentile_latbin_OLS","q90","occurrence5_k1_tropical_temperate","Northern","Coolhouse","Transitional",0,0,NA,NA,NA,NA,NA,NA,NA,"Skipped: n < 2",NA
"percentile_latbin_OLS","q90","occurrence5_k1_tropical_temperate","Northern","Coolhouse","Warmhouse",0,0,NA,NA,NA,NA,NA,NA,NA,"Skipped: n < 2",NA
"percentile_latbin_OLS","q90","occurrence5_k1_tropical_temperate","Northern","Coolhouse","Hothouse",0,0,NA,NA,NA,NA,NA,NA,NA,"Skipped: n < 2",NA
"percentile_latbin_OLS","q90","occurrence5_k1_tropical_temperate","Northern","Transitional","Warmhouse",0,0,NA,NA,NA,NA,NA,NA,NA,"Skipped: n < 2",NA
"percentile_latbin_OLS","q90","occurrence5_k1_tropical_temperate","Northern","Transitional","Hothouse",0,0,NA,NA,NA,NA,NA,NA,NA,"Skipped: n < 2",NA
"percentile_latbin_OLS","q90","occurrence5_k1_tropical_temperate","Northern","Warmhouse","Hothouse",0,0,NA,NA,NA,NA,NA,NA,NA,"Skipped: n < 2",NA
"percentile_latbin_OLS","q90","occurrence5_k1_tropical_temperate","Southern","Coldhouse","Coolhouse",0,0,NA,NA,NA,NA,NA,NA,NA,"Skipped: n < 2",NA
"percentile_latbin_OLS","q90","occurrence5_k1_tropical_temperate","Southern","Coldhouse","Transitional",0,0,NA,NA,NA,NA,NA,NA,NA,"Skipped: n < 2",NA
"percentile_latbin_OLS","q90","occurrence5_k1_tropical_temperate","Southern","Coldhouse","Warmhouse",0,0,NA,NA,NA,NA,NA,NA,NA,"Skipped: n < 2",NA
"percentile_latbin_OLS","q90","occurrence5_k1_tropical_temperate","Southern","Coldhouse","Hothouse",0,0,NA,NA,NA,NA,NA,NA,NA,"Skipped: n < 2",NA
"percentile_latbin_OLS","q90","occurrence5_k1_tropical_temperate","Southern","Coolhouse","Transitional",0,0,NA,NA,NA,NA,NA,NA,NA,"Skipped: n < 2",NA
"percentile_latbin_OLS","q90","occurrence5_k1_tropical_temperate","Southern","Coolhouse","Warmhouse",0,0,NA,NA,NA,NA,NA,NA,NA,"Skipped: n < 2",NA
"percentile_latbin_OLS","q90","occurrence5_k1_tropical_temperate","Southern","Coolhouse","Hothouse",0,0,NA,NA,NA,NA,NA,NA,NA,"Skipped: n < 2",NA
"percentile_latbin_OLS","q90","occurrence5_k1_tropical_temperate","Southern","Transitional","Warmhouse",0,0,NA,NA,NA,NA,NA,NA,NA,"Skipped: n < 2",NA
"percentile_latbin_OLS","q90","occurrence5_k1_tropical_temperate","Southern","Transitional","Hothouse",0,0,NA,NA,NA,NA,NA,NA,NA,"Skipped: n < 2",NA
"percentile_latbin_OLS","q90","occurrence5_k1_tropical_temperate","Southern","Warmhouse","Hothouse",0,0,NA,NA,NA,NA,NA,NA,NA,"Skipped: n < 2",NA
"percentile_latbin_OLS","q90","occurrence5_k1_tropical_temperate_polar","Northern","Coldhouse","Coolhouse",0,0,NA,NA,NA,NA,NA,NA,NA,"Skipped: n < 2",NA
"percentile_latbin_OLS","q90","occurrence5_k1_tropical_temperate_polar","Northern","Coldhouse","Transitional",0,0,NA,NA,NA,NA,NA,NA,NA,"Skipped: n < 2",NA
"percentile_latbin_OLS","q90","occurrence5_k1_tropical_temperate_polar","Northern","Coldhouse","Warmhouse",0,0,NA,NA,NA,NA,NA,NA,NA,"Skipped: n < 2",NA
"percentile_latbin_OLS","q90","occurrence5_k1_tropical_temperate_polar","Northern","Coldhouse","Hothouse",0,0,NA,NA,NA,NA,NA,NA,NA,"Skipped: n < 2",NA
"percentile_latbin_OLS","q90","occurrence5_k1_tropical_temperate_polar","Northern","Coolhouse","Transitional",0,0,NA,NA,NA,NA,NA,NA,NA,"Skipped: n < 2",NA
"percentile_latbin_OLS","q90","occurrence5_k1_tropical_temperate_polar","Northern","Coolhouse","Warmhouse",0,0,NA,NA,NA,NA,NA,NA,NA,"Skipped: n < 2",NA
"percentile_latbin_OLS","q90","occurrence5_k1_tropical_temperate_polar","Northern","Coolhouse","Hothouse",0,0,NA,NA,NA,NA,NA,NA,NA,"Skipped: n < 2",NA
"percentile_latbin_OLS","q90","occurrence5_k1_tropical_temperate_polar","Northern","Transitional","Warmhouse",0,0,NA,NA,NA,NA,NA,NA,NA,"Skipped: n < 2",NA
"percentile_latbin_OLS","q90","occurrence5_k1_tropical_temperate_polar","Northern","Transitional","Hothouse",0,0,NA,NA,NA,NA,NA,NA,NA,"Skipped: n < 2",NA
"percentile_latbin_OLS","q90","occurrence5_k1_tropical_temperate_polar","Northern","Warmhouse","Hothouse",0,0,NA,NA,NA,NA,NA,NA,NA,"Skipped: n < 2",NA
"percentile_latbin_OLS","q90","occurrence5_k1_tropical_temperate_polar","Southern","Coldhouse","Coolhouse",0,0,NA,NA,NA,NA,NA,NA,NA,"Skipped: n < 2",NA
"percentile_latbin_OLS","q90","occurrence5_k1_tropical_temperate_polar","Southern","Coldhouse","Transitional",0,0,NA,NA,NA,NA,NA,NA,NA,"Skipped: n < 2",NA
"percentile_latbin_OLS","q90","occurrence5_k1_tropical_temperate_polar","Southern","Coldhouse","Warmhouse",0,0,NA,NA,NA,NA,NA,NA,NA,"Skipped: n < 2",NA
"percentile_latbin_OLS","q90","occurrence5_k1_tropical_temperate_polar","Southern","Coldhouse","Hothouse",0,0,NA,NA,NA,NA,NA,NA,NA,"Skipped: n < 2",NA
"percentile_latbin_OLS","q90","occurrence5_k1_tropical_temperate_polar","Southern","Coolhouse","Transitional",0,0,NA,NA,NA,NA,NA,NA,NA,"Skipped: n < 2",NA
"percentile_latbin_OLS","q90","occurrence5_k1_tropical_temperate_polar","Southern","Coolhouse","Warmhouse",0,0,NA,NA,NA,NA,NA,NA,NA,"Skipped: n < 2",NA
"percentile_latbin_OLS","q90","occurrence5_k1_tropical_temperate_polar","Southern","Coolhouse","Hothouse",0,0,NA,NA,NA,NA,NA,NA,NA,"Skipped: n < 2",NA
"percentile_latbin_OLS","q90","occurrence5_k1_tropical_temperate_polar","Southern","Transitional","Warmhouse",0,0,NA,NA,NA,NA,NA,NA,NA,"Skipped: n < 2",NA
"percentile_latbin_OLS","q90","occurrence5_k1_tropical_temperate_polar","Southern","Transitional","Hothouse",0,0,NA,NA,NA,NA,NA,NA,NA,"Skipped: n < 2",NA
"percentile_latbin_OLS","q90","occurrence5_k1_tropical_temperate_polar","Southern","Warmhouse","Hothouse",0,0,NA,NA,NA,NA,NA,NA,NA,"Skipped: n < 2",NA
"percentile_latbin_OLS","q90","occurrence5_k2_tropical_temperate","Northern","Coldhouse","Coolhouse",0,0,NA,NA,NA,NA,NA,NA,NA,"Skipped: n < 2",NA
"percentile_latbin_OLS","q90","occurrence5_k2_tropical_temperate","Northern","Coldhouse","Transitional",0,0,NA,NA,NA,NA,NA,NA,NA,"Skipped: n < 2",NA
"percentile_latbin_OLS","q90","occurrence5_k2_tropical_temperate","Northern","Coldhouse","Warmhouse",0,0,NA,NA,NA,NA,NA,NA,NA,"Skipped: n < 2",NA
"percentile_latbin_OLS","q90","occurrence5_k2_tropical_temperate","Northern","Coldhouse","Hothouse",0,0,NA,NA,NA,NA,NA,NA,NA,"Skipped: n < 2",NA
"percentile_latbin_OLS","q90","occurrence5_k2_tropical_temperate","Northern","Coolhouse","Transitional",0,0,NA,NA,NA,NA,NA,NA,NA,"Skipped: n < 2",NA
"percentile_latbin_OLS","q90","occurrence5_k2_tropical_temperate","Northern","Coolhouse","Warmhouse",0,0,NA,NA,NA,NA,NA,NA,NA,"Skipped: n < 2",NA
"percentile_latbin_OLS","q90","occurrence5_k2_tropical_temperate","Northern","Coolhouse","Hothouse",0,0,NA,NA,NA,NA,NA,NA,NA,"Skipped: n < 2",NA
"percentile_latbin_OLS","q90","occurrence5_k2_tropical_temperate","Northern","Transitional","Warmhouse",0,0,NA,NA,NA,NA,NA,NA,NA,"Skipped: n < 2",NA
"percentile_latbin_OLS","q90","occurrence5_k2_tropical_temperate","Northern","Transitional","Hothouse",0,0,NA,NA,NA,NA,NA,NA,NA,"Skipped: n < 2",NA
"percentile_latbin_OLS","q90","occurrence5_k2_tropical_temperate","Northern","Warmhouse","Hothouse",0,0,NA,NA,NA,NA,NA,NA,NA,"Skipped: n < 2",NA
"percentile_latbin_OLS","q90","occurrence5_k2_tropical_temperate","Southern","Coldhouse","Coolhouse",0,0,NA,NA,NA,NA,NA,NA,NA,"Skipped: n < 2",NA
"percentile_latbin_OLS","q90","occurrence5_k2_tropical_temperate","Southern","Coldhouse","Transitional",0,0,NA,NA,NA,NA,NA,NA,NA,"Skipped: n < 2",NA
"percentile_latbin_OLS","q90","occurrence5_k2_tropical_temperate","Southern","Coldhouse","Warmhouse",0,0,NA,NA,NA,NA,NA,NA,NA,"Skipped: n < 2",NA
"percentile_latbin_OLS","q90","occurrence5_k2_tropical_temperate","Southern","Coldhouse","Hothouse",0,0,NA,NA,NA,NA,NA,NA,NA,"Skipped: n < 2",NA
"percentile_latbin_OLS","q90","occurrence5_k2_tropical_temperate","Southern","Coolhouse","Transitional",0,0,NA,NA,NA,NA,NA,NA,NA,"Skipped: n < 2",NA
"percentile_latbin_OLS","q90","occurrence5_k2_tropical_temperate","Southern","Coolhouse","Warmhouse",0,0,NA,NA,NA,NA,NA,NA,NA,"Skipped: n < 2",NA
"percentile_latbin_OLS","q90","occurrence5_k2_tropical_temperate","Southern","Coolhouse","Hothouse",0,0,NA,NA,NA,NA,NA,NA,NA,"Skipped: n < 2",NA
"percentile_latbin_OLS","q90","occurrence5_k2_tropical_temperate","Southern","Transitional","Warmhouse",0,0,NA,NA,NA,NA,NA,NA,NA,"Skipped: n < 2",NA
"percentile_latbin_OLS","q90","occurrence5_k2_tropical_temperate","Southern","Transitional","Hothouse",0,0,NA,NA,NA,NA,NA,NA,NA,"Skipped: n < 2",NA
"percentile_latbin_OLS","q90","occurrence5_k2_tropical_temperate","Southern","Warmhouse","Hothouse",0,0,NA,NA,NA,NA,NA,NA,NA,"Skipped: n < 2",NA
"percentile_latbin_OLS","q90","occurrence5_k2_tropical_temperate_polar","Northern","Coldhouse","Coolhouse",0,0,NA,NA,NA,NA,NA,NA,NA,"Skipped: n < 2",NA
"percentile_latbin_OLS","q90","occurrence5_k2_tropical_temperate_polar","Northern","Coldhouse","Transitional",0,0,NA,NA,NA,NA,NA,NA,NA,"Skipped: n < 2",NA
"percentile_latbin_OLS","q90","occurrence5_k2_tropical_temperate_polar","Northern","Coldhouse","Warmhouse",0,0,NA,NA,NA,NA,NA,NA,NA,"Skipped: n < 2",NA
"percentile_latbin_OLS","q90","occurrence5_k2_tropical_temperate_polar","Northern","Coldhouse","Hothouse",0,0,NA,NA,NA,NA,NA,NA,NA,"Skipped: n < 2",NA
"percentile_latbin_OLS","q90","occurrence5_k2_tropical_temperate_polar","Northern","Coolhouse","Transitional",0,0,NA,NA,NA,NA,NA,NA,NA,"Skipped: n < 2",NA
"percentile_latbin_OLS","q90","occurrence5_k2_tropical_temperate_polar","Northern","Coolhouse","Warmhouse",0,0,NA,NA,NA,NA,NA,NA,NA,"Skipped: n < 2",NA
"percentile_latbin_OLS","q90","occurrence5_k2_tropical_temperate_polar","Northern","Coolhouse","Hothouse",0,0,NA,NA,NA,NA,NA,NA,NA,"Skipped: n < 2",NA
"percentile_latbin_OLS","q90","occurrence5_k2_tropical_temperate_polar","Northern","Transitional","Warmhouse",0,0,NA,NA,NA,NA,NA,NA,NA,"Skipped: n < 2",NA
"percentile_latbin_OLS","q90","occurrence5_k2_tropical_temperate_polar","Northern","Transitional","Hothouse",0,0,NA,NA,NA,NA,NA,NA,NA,"Skipped: n < 2",NA
"percentile_latbin_OLS","q90","occurrence5_k2_tropical_temperate_polar","Northern","Warmhouse","Hothouse",0,0,NA,NA,NA,NA,NA,NA,NA,"Skipped: n < 2",NA
"percentile_latbin_OLS","q90","occurrence5_k2_tropical_temperate_polar","Southern","Coldhouse","Coolhouse",0,0,NA,NA,NA,NA,NA,NA,NA,"Skipped: n < 2",NA
"percentile_latbin_OLS","q90","occurrence5_k2_tropical_temperate_polar","Southern","Coldhouse","Transitional",0,0,NA,NA,NA,NA,NA,NA,NA,"Skipped: n < 2",NA
"percentile_latbin_OLS","q90","occurrence5_k2_tropical_temperate_polar","Southern","Coldhouse","Warmhouse",0,0,NA,NA,NA,NA,NA,NA,NA,"Skipped: n < 2",NA
"percentile_latbin_OLS","q90","occurrence5_k2_tropical_temperate_polar","Southern","Coldhouse","Hothouse",0,0,NA,NA,NA,NA,NA,NA,NA,"Skipped: n < 2",NA
"percentile_latbin_OLS","q90","occurrence5_k2_tropical_temperate_polar","Southern","Coolhouse","Transitional",0,0,NA,NA,NA,NA,NA,NA,NA,"Skipped: n < 2",NA
"percentile_latbin_OLS","q90","occurrence5_k2_tropical_temperate_polar","Southern","Coolhouse","Warmhouse",0,0,NA,NA,NA,NA,NA,NA,NA,"Skipped: n < 2",NA
"percentile_latbin_OLS","q90","occurrence5_k2_tropical_temperate_polar","Southern","Coolhouse","Hothouse",0,0,NA,NA,NA,NA,NA,NA,NA,"Skipped: n < 2",NA
"percentile_latbin_OLS","q90","occurrence5_k2_tropical_temperate_polar","Southern","Transitional","Warmhouse",0,0,NA,NA,NA,NA,NA,NA,NA,"Skipped: n < 2",NA
"percentile_latbin_OLS","q90","occurrence5_k2_tropical_temperate_polar","Southern","Transitional","Hothouse",0,0,NA,NA,NA,NA,NA,NA,NA,"Skipped: n < 2",NA
"percentile_latbin_OLS","q90","occurrence5_k2_tropical_temperate_polar","Southern","Warmhouse","Hothouse",0,0,NA,NA,NA,NA,NA,NA,NA,"Skipped: n < 2",NA
"percentile_latbin_OLS","q90","occurrence5_k3_tropical_temperate","Northern","Coldhouse","Coolhouse",0,0,NA,NA,NA,NA,NA,NA,NA,"Skipped: n < 2",NA
"percentile_latbin_OLS","q90","occurrence5_k3_tropical_temperate","Northern","Coldhouse","Transitional",0,0,NA,NA,NA,NA,NA,NA,NA,"Skipped: n < 2",NA
"percentile_latbin_OLS","q90","occurrence5_k3_tropical_temperate","Northern","Coldhouse","Warmhouse",0,0,NA,NA,NA,NA,NA,NA,NA,"Skipped: n < 2",NA
"percentile_latbin_OLS","q90","occurrence5_k3_tropical_temperate","Northern","Coldhouse","Hothouse",0,0,NA,NA,NA,NA,NA,NA,NA,"Skipped: n < 2",NA
"percentile_latbin_OLS","q90","occurrence5_k3_tropical_temperate","Northern","Coolhouse","Transitional",0,0,NA,NA,NA,NA,NA,NA,NA,"Skipped: n < 2",NA
"percentile_latbin_OLS","q90","occurrence5_k3_tropical_temperate","Northern","Coolhouse","Warmhouse",0,0,NA,NA,NA,NA,NA,NA,NA,"Skipped: n < 2",NA
"percentile_latbin_OLS","q90","occurrence5_k3_tropical_temperate","Northern","Coolhouse","Hothouse",0,0,NA,NA,NA,NA,NA,NA,NA,"Skipped: n < 2",NA
"percentile_latbin_OLS","q90","occurrence5_k3_tropical_temperate","Northern","Transitional","Warmhouse",0,0,NA,NA,NA,NA,NA,NA,NA,"Skipped: n < 2",NA
"percentile_latbin_OLS","q90","occurrence5_k3_tropical_temperate","Northern","Transitional","Hothouse",0,0,NA,NA,NA,NA,NA,NA,NA,"Skipped: n < 2",NA
"percentile_latbin_OLS","q90","occurrence5_k3_tropical_temperate","Northern","Warmhouse","Hothouse",0,0,NA,NA,NA,NA,NA,NA,NA,"Skipped: n < 2",NA
"percentile_latbin_OLS","q90","occurrence5_k3_tropical_temperate","Southern","Coldhouse","Coolhouse",0,0,NA,NA,NA,NA,NA,NA,NA,"Skipped: n < 2",NA
"percentile_latbin_OLS","q90","occurrence5_k3_tropical_temperate","Southern","Coldhouse","Transitional",0,0,NA,NA,NA,NA,NA,NA,NA,"Skipped: n < 2",NA
"percentile_latbin_OLS","q90","occurrence5_k3_tropical_temperate","Southern","Coldhouse","Warmhouse",0,0,NA,NA,NA,NA,NA,NA,NA,"Skipped: n < 2",NA
"percentile_latbin_OLS","q90","occurrence5_k3_tropical_temperate","Southern","Coldhouse","Hothouse",0,0,NA,NA,NA,NA,NA,NA,NA,"Skipped: n < 2",NA
"percentile_latbin_OLS","q90","occurrence5_k3_tropical_temperate","Southern","Coolhouse","Transitional",0,0,NA,NA,NA,NA,NA,NA,NA,"Skipped: n < 2",NA
"percentile_latbin_OLS","q90","occurrence5_k3_tropical_temperate","Southern","Coolhouse","Warmhouse",0,0,NA,NA,NA,NA,NA,NA,NA,"Skipped: n < 2",NA
"percentile_latbin_OLS","q90","occurrence5_k3_tropical_temperate","Southern","Coolhouse","Hothouse",0,0,NA,NA,NA,NA,NA,NA,NA,"Skipped: n < 2",NA
"percentile_latbin_OLS","q90","occurrence5_k3_tropical_temperate","Southern","Transitional","Warmhouse",0,0,NA,NA,NA,NA,NA,NA,NA,"Skipped: n < 2",NA
"percentile_latbin_OLS","q90","occurrence5_k3_tropical_temperate","Southern","Transitional","Hothouse",0,0,NA,NA,NA,NA,NA,NA,NA,"Skipped: n < 2",NA
"percentile_latbin_OLS","q90","occurrence5_k3_tropical_temperate","Southern","Warmhouse","Hothouse",0,0,NA,NA,NA,NA,NA,NA,NA,"Skipped: n < 2",NA
"percentile_latbin_OLS","q90","occurrence5_k3_tropical_temperate_polar","Northern","Coldhouse","Coolhouse",0,0,NA,NA,NA,NA,NA,NA,NA,"Skipped: n < 2",NA
"percentile_latbin_OLS","q90","occurrence5_k3_tropical_temperate_polar","Northern","Coldhouse","Transitional",0,0,NA,NA,NA,NA,NA,NA,NA,"Skipped: n < 2",NA
"percentile_latbin_OLS","q90","occurrence5_k3_tropical_temperate_polar","Northern","Coldhouse","Warmhouse",0,0,NA,NA,NA,NA,NA,NA,NA,"Skipped: n < 2",NA
"percentile_latbin_OLS","q90","occurrence5_k3_tropical_temperate_polar","Northern","Coldhouse","Hothouse",0,0,NA,NA,NA,NA,NA,NA,NA,"Skipped: n < 2",NA
"percentile_latbin_OLS","q90","occurrence5_k3_tropical_temperate_polar","Northern","Coolhouse","Transitional",0,0,NA,NA,NA,NA,NA,NA,NA,"Skipped: n < 2",NA
"percentile_latbin_OLS","q90","occurrence5_k3_tropical_temperate_polar","Northern","Coolhouse","Warmhouse",0,0,NA,NA,NA,NA,NA,NA,NA,"Skipped: n < 2",NA
"percentile_latbin_OLS","q90","occurrence5_k3_tropical_temperate_polar","Northern","Coolhouse","Hothouse",0,0,NA,NA,NA,NA,NA,NA,NA,"Skipped: n < 2",NA
"percentile_latbin_OLS","q90","occurrence5_k3_tropical_temperate_polar","Northern","Transitional","Warmhouse",0,0,NA,NA,NA,NA,NA,NA,NA,"Skipped: n < 2",NA
"percentile_latbin_OLS","q90","occurrence5_k3_tropical_temperate_polar","Northern","Transitional","Hothouse",0,0,NA,NA,NA,NA,NA,NA,NA,"Skipped: n < 2",NA
"percentile_latbin_OLS","q90","occurrence5_k3_tropical_temperate_polar","Northern","Warmhouse","Hothouse",0,0,NA,NA,NA,NA,NA,NA,NA,"Skipped: n < 2",NA
"percentile_latbin_OLS","q90","occurrence5_k3_tropical_temperate_polar","Southern","Coldhouse","Coolhouse",0,0,NA,NA,NA,NA,NA,NA,NA,"Skipped: n < 2",NA
"percentile_latbin_OLS","q90","occurrence5_k3_tropical_temperate_polar","Southern","Coldhouse","Transitional",0,0,NA,NA,NA,NA,NA,NA,NA,"Skipped: n < 2",NA
"percentile_latbin_OLS","q90","occurrence5_k3_tropical_temperate_polar","Southern","Coldhouse","Warmhouse",0,0,NA,NA,NA,NA,NA,NA,NA,"Skipped: n < 2",NA
"percentile_latbin_OLS","q90","occurrence5_k3_tropical_temperate_polar","Southern","Coldhouse","Hothouse",0,0,NA,NA,NA,NA,NA,NA,NA,"Skipped: n < 2",NA
"percentile_latbin_OLS","q90","occurrence5_k3_tropical_temperate_polar","Southern","Coolhouse","Transitional",0,0,NA,NA,NA,NA,NA,NA,NA,"Skipped: n < 2",NA
"percentile_latbin_OLS","q90","occurrence5_k3_tropical_temperate_polar","Southern","Coolhouse","Warmhouse",0,0,NA,NA,NA,NA,NA,NA,NA,"Skipped: n < 2",NA
"percentile_latbin_OLS","q90","occurrence5_k3_tropical_temperate_polar","Southern","Coolhouse","Hothouse",0,0,NA,NA,NA,NA,NA,NA,NA,"Skipped: n < 2",NA
"percentile_latbin_OLS","q90","occurrence5_k3_tropical_temperate_polar","Southern","Transitional","Warmhouse",0,0,NA,NA,NA,NA,NA,NA,NA,"Skipped: n < 2",NA
"percentile_latbin_OLS","q90","occurrence5_k3_tropical_temperate_polar","Southern","Transitional","Hothouse",0,0,NA,NA,NA,NA,NA,NA,NA,"Skipped: n < 2",NA
"percentile_latbin_OLS","q90","occurrence5_k3_tropical_temperate_polar","Southern","Warmhouse","Hothouse",0,0,NA,NA,NA,NA,NA,NA,NA,"Skipped: n < 2",NA
"percentile_latbin_OLS","q90","occurrence10_k1_tropical_temperate","Northern","Coldhouse","Coolhouse",0,0,NA,NA,NA,NA,NA,NA,NA,"Skipped: n < 2",NA
"percentile_latbin_OLS","q90","occurrence10_k1_tropical_temperate","Northern","Coldhouse","Transitional",0,0,NA,NA,NA,NA,NA,NA,NA,"Skipped: n < 2",NA
"percentile_latbin_OLS","q90","occurrence10_k1_tropical_temperate","Northern","Coldhouse","Warmhouse",0,0,NA,NA,NA,NA,NA,NA,NA,"Skipped: n < 2",NA
"percentile_latbin_OLS","q90","occurrence10_k1_tropical_temperate","Northern","Coldhouse","Hothouse",0,0,NA,NA,NA,NA,NA,NA,NA,"Skipped: n < 2",NA
"percentile_latbin_OLS","q90","occurrence10_k1_tropical_temperate","Northern","Coolhouse","Transitional",0,0,NA,NA,NA,NA,NA,NA,NA,"Skipped: n < 2",NA
"percentile_latbin_OLS","q90","occurrence10_k1_tropical_temperate","Northern","Coolhouse","Warmhouse",0,0,NA,NA,NA,NA,NA,NA,NA,"Skipped: n < 2",NA
"percentile_latbin_OLS","q90","occurrence10_k1_tropical_temperate","Northern","Coolhouse","Hothouse",0,0,NA,NA,NA,NA,NA,NA,NA,"Skipped: n < 2",NA
"percentile_latbin_OLS","q90","occurrence10_k1_tropical_temperate","Northern","Transitional","Warmhouse",0,0,NA,NA,NA,NA,NA,NA,NA,"Skipped: n < 2",NA
"percentile_latbin_OLS","q90","occurrence10_k1_tropical_temperate","Northern","Transitional","Hothouse",0,0,NA,NA,NA,NA,NA,NA,NA,"Skipped: n < 2",NA
"percentile_latbin_OLS","q90","occurrence10_k1_tropical_temperate","Northern","Warmhouse","Hothouse",0,0,NA,NA,NA,NA,NA,NA,NA,"Skipped: n < 2",NA
"percentile_latbin_OLS","q90","occurrence10_k1_tropical_temperate","Southern","Coldhouse","Coolhouse",0,0,NA,NA,NA,NA,NA,NA,NA,"Skipped: n < 2",NA
"percentile_latbin_OLS","q90","occurrence10_k1_tropical_temperate","Southern","Coldhouse","Transitional",0,0,NA,NA,NA,NA,NA,NA,NA,"Skipped: n < 2",NA
"percentile_latbin_OLS","q90","occurrence10_k1_tropical_temperate","Southern","Coldhouse","Warmhouse",0,0,NA,NA,NA,NA,NA,NA,NA,"Skipped: n < 2",NA
"percentile_latbin_OLS","q90","occurrence10_k1_tropical_temperate","Southern","Coldhouse","Hothouse",0,0,NA,NA,NA,NA,NA,NA,NA,"Skipped: n < 2",NA
"percentile_latbin_OLS","q90","occurrence10_k1_tropical_temperate","Southern","Coolhouse","Transitional",0,0,NA,NA,NA,NA,NA,NA,NA,"Skipped: n < 2",NA
"percentile_latbin_OLS","q90","occurrence10_k1_tropical_temperate","Southern","Coolhouse","Warmhouse",0,0,NA,NA,NA,NA,NA,NA,NA,"Skipped: n < 2",NA
"percentile_latbin_OLS","q90","occurrence10_k1_tropical_temperate","Southern","Coolhouse","Hothouse",0,0,NA,NA,NA,NA,NA,NA,NA,"Skipped: n < 2",NA
"percentile_latbin_OLS","q90","occurrence10_k1_tropical_temperate","Southern","Transitional","Warmhouse",0,0,NA,NA,NA,NA,NA,NA,NA,"Skipped: n < 2",NA
"percentile_latbin_OLS","q90","occurrence10_k1_tropical_temperate","Southern","Transitional","Hothouse",0,0,NA,NA,NA,NA,NA,NA,NA,"Skipped: n < 2",NA
"percentile_latbin_OLS","q90","occurrence10_k1_tropical_temperate","Southern","Warmhouse","Hothouse",0,0,NA,NA,NA,NA,NA,NA,NA,"Skipped: n < 2",NA
"percentile_latbin_OLS","q90","occurrence10_k1_tropical_temperate_polar","Northern","Coldhouse","Coolhouse",0,0,NA,NA,NA,NA,NA,NA,NA,"Skipped: n < 2",NA
"percentile_latbin_OLS","q90","occurrence10_k1_tropical_temperate_polar","Northern","Coldhouse","Transitional",0,0,NA,NA,NA,NA,NA,NA,NA,"Skipped: n < 2",NA
"percentile_latbin_OLS","q90","occurrence10_k1_tropical_temperate_polar","Northern","Coldhouse","Warmhouse",0,0,NA,NA,NA,NA,NA,NA,NA,"Skipped: n < 2",NA
"percentile_latbin_OLS","q90","occurrence10_k1_tropical_temperate_polar","Northern","Coldhouse","Hothouse",0,0,NA,NA,NA,NA,NA,NA,NA,"Skipped: n < 2",NA
"percentile_latbin_OLS","q90","occurrence10_k1_tropical_temperate_polar","Northern","Coolhouse","Transitional",0,0,NA,NA,NA,NA,NA,NA,NA,"Skipped: n < 2",NA
"percentile_latbin_OLS","q90","occurrence10_k1_tropical_temperate_polar","Northern","Coolhouse","Warmhouse",0,0,NA,NA,NA,NA,NA,NA,NA,"Skipped: n < 2",NA
"percentile_latbin_OLS","q90","occurrence10_k1_tropical_temperate_polar","Northern","Coolhouse","Hothouse",0,0,NA,NA,NA,NA,NA,NA,NA,"Skipped: n < 2",NA
"percentile_latbin_OLS","q90","occurrence10_k1_tropical_temperate_polar","Northern","Transitional","Warmhouse",0,0,NA,NA,NA,NA,NA,NA,NA,"Skipped: n < 2",NA
"percentile_latbin_OLS","q90","occurrence10_k1_tropical_temperate_polar","Northern","Transitional","Hothouse",0,0,NA,NA,NA,NA,NA,NA,NA,"Skipped: n < 2",NA
"percentile_latbin_OLS","q90","occurrence10_k1_tropical_temperate_polar","Northern","Warmhouse","Hothouse",0,0,NA,NA,NA,NA,NA,NA,NA,"Skipped: n < 2",NA
"percentile_latbin_OLS","q90","occurrence10_k1_tropical_temperate_polar","Southern","Coldhouse","Coolhouse",0,0,NA,NA,NA,NA,NA,NA,NA,"Skipped: n < 2",NA
"percentile_latbin_OLS","q90","occurrence10_k1_tropical_temperate_polar","Southern","Coldhouse","Transitional",0,0,NA,NA,NA,NA,NA,NA,NA,"Skipped: n < 2",NA
"percentile_latbin_OLS","q90","occurrence10_k1_tropical_temperate_polar","Southern","Coldhouse","Warmhouse",0,0,NA,NA,NA,NA,NA,NA,NA,"Skipped: n < 2",NA
"percentile_latbin_OLS","q90","occurrence10_k1_tropical_temperate_polar","Southern","Coldhouse","Hothouse",0,0,NA,NA,NA,NA,NA,NA,NA,"Skipped: n < 2",NA
"percentile_latbin_OLS","q90","occurrence10_k1_tropical_temperate_polar","Southern","Coolhouse","Transitional",0,0,NA,NA,NA,NA,NA,NA,NA,"Skipped: n < 2",NA
"percentile_latbin_OLS","q90","occurrence10_k1_tropical_temperate_polar","Southern","Coolhouse","Warmhouse",0,0,NA,NA,NA,NA,NA,NA,NA,"Skipped: n < 2",NA
"percentile_latbin_OLS","q90","occurrence10_k1_tropical_temperate_polar","Southern","Coolhouse","Hothouse",0,0,NA,NA,NA,NA,NA,NA,NA,"Skipped: n < 2",NA
"percentile_latbin_OLS","q90","occurrence10_k1_tropical_temperate_polar","Southern","Transitional","Warmhouse",0,0,NA,NA,NA,NA,NA,NA,NA,"Skipped: n < 2",NA
"percentile_latbin_OLS","q90","occurrence10_k1_tropical_temperate_polar","Southern","Transitional","Hothouse",0,0,NA,NA,NA,NA,NA,NA,NA,"Skipped: n < 2",NA
"percentile_latbin_OLS","q90","occurrence10_k1_tropical_temperate_polar","Southern","Warmhouse","Hothouse",0,0,NA,NA,NA,NA,NA,NA,NA,"Skipped: n < 2",NA
"percentile_latbin_OLS","q90","occurrence10_k2_tropical_temperate","Northern","Coldhouse","Coolhouse",0,0,NA,NA,NA,NA,NA,NA,NA,"Skipped: n < 2",NA
"percentile_latbin_OLS","q90","occurrence10_k2_tropical_temperate","Northern","Coldhouse","Transitional",0,0,NA,NA,NA,NA,NA,NA,NA,"Skipped: n < 2",NA
"percentile_latbin_OLS","q90","occurrence10_k2_tropical_temperate","Northern","Coldhouse","Warmhouse",0,0,NA,NA,NA,NA,NA,NA,NA,"Skipped: n < 2",NA
"percentile_latbin_OLS","q90","occurrence10_k2_tropical_temperate","Northern","Coldhouse","Hothouse",0,0,NA,NA,NA,NA,NA,NA,NA,"Skipped: n < 2",NA
"percentile_latbin_OLS","q90","occurrence10_k2_tropical_temperate","Northern","Coolhouse","Transitional",0,0,NA,NA,NA,NA,NA,NA,NA,"Skipped: n < 2",NA
"percentile_latbin_OLS","q90","occurrence10_k2_tropical_temperate","Northern","Coolhouse","Warmhouse",0,0,NA,NA,NA,NA,NA,NA,NA,"Skipped: n < 2",NA
"percentile_latbin_OLS","q90","occurrence10_k2_tropical_temperate","Northern","Coolhouse","Hothouse",0,0,NA,NA,NA,NA,NA,NA,NA,"Skipped: n < 2",NA
"percentile_latbin_OLS","q90","occurrence10_k2_tropical_temperate","Northern","Transitional","Warmhouse",0,0,NA,NA,NA,NA,NA,NA,NA,"Skipped: n < 2",NA
"percentile_latbin_OLS","q90","occurrence10_k2_tropical_temperate","Northern","Transitional","Hothouse",0,0,NA,NA,NA,NA,NA,NA,NA,"Skipped: n < 2",NA
"percentile_latbin_OLS","q90","occurrence10_k2_tropical_temperate","Northern","Warmhouse","Hothouse",0,0,NA,NA,NA,NA,NA,NA,NA,"Skipped: n < 2",NA
"percentile_latbin_OLS","q90","occurrence10_k2_tropical_temperate","Southern","Coldhouse","Coolhouse",0,0,NA,NA,NA,NA,NA,NA,NA,"Skipped: n < 2",NA
"percentile_latbin_OLS","q90","occurrence10_k2_tropical_temperate","Southern","Coldhouse","Transitional",0,0,NA,NA,NA,NA,NA,NA,NA,"Skipped: n < 2",NA
"percentile_latbin_OLS","q90","occurrence10_k2_tropical_temperate","Southern","Coldhouse","Warmhouse",0,0,NA,NA,NA,NA,NA,NA,NA,"Skipped: n < 2",NA
"percentile_latbin_OLS","q90","occurrence10_k2_tropical_temperate","Southern","Coldhouse","Hothouse",0,0,NA,NA,NA,NA,NA,NA,NA,"Skipped: n < 2",NA
"percentile_latbin_OLS","q90","occurrence10_k2_tropical_temperate","Southern","Coolhouse","Transitional",0,0,NA,NA,NA,NA,NA,NA,NA,"Skipped: n < 2",NA
"percentile_latbin_OLS","q90","occurrence10_k2_tropical_temperate","Southern","Coolhouse","Warmhouse",0,0,NA,NA,NA,NA,NA,NA,NA,"Skipped: n < 2",NA
"percentile_latbin_OLS","q90","occurrence10_k2_tropical_temperate","Southern","Coolhouse","Hothouse",0,0,NA,NA,NA,NA,NA,NA,NA,"Skipped: n < 2",NA
"percentile_latbin_OLS","q90","occurrence10_k2_tropical_temperate","Southern","Transitional","Warmhouse",0,0,NA,NA,NA,NA,NA,NA,NA,"Skipped: n < 2",NA
"percentile_latbin_OLS","q90","occurrence10_k2_tropical_temperate","Southern","Transitional","Hothouse",0,0,NA,NA,NA,NA,NA,NA,NA,"Skipped: n < 2",NA
"percentile_latbin_OLS","q90","occurrence10_k2_tropical_temperate","Southern","Warmhouse","Hothouse",0,0,NA,NA,NA,NA,NA,NA,NA,"Skipped: n < 2",NA
"percentile_latbin_OLS","q90","occurrence10_k2_tropical_temperate_polar","Northern","Coldhouse","Coolhouse",0,0,NA,NA,NA,NA,NA,NA,NA,"Skipped: n < 2",NA
"percentile_latbin_OLS","q90","occurrence10_k2_tropical_temperate_polar","Northern","Coldhouse","Transitional",0,0,NA,NA,NA,NA,NA,NA,NA,"Skipped: n < 2",NA
"percentile_latbin_OLS","q90","occurrence10_k2_tropical_temperate_polar","Northern","Coldhouse","Warmhouse",0,0,NA,NA,NA,NA,NA,NA,NA,"Skipped: n < 2",NA
"percentile_latbin_OLS","q90","occurrence10_k2_tropical_temperate_polar","Northern","Coldhouse","Hothouse",0,0,NA,NA,NA,NA,NA,NA,NA,"Skipped: n < 2",NA
"percentile_latbin_OLS","q90","occurrence10_k2_tropical_temperate_polar","Northern","Coolhouse","Transitional",0,0,NA,NA,NA,NA,NA,NA,NA,"Skipped: n < 2",NA
"percentile_latbin_OLS","q90","occurrence10_k2_tropical_temperate_polar","Northern","Coolhouse","Warmhouse",0,0,NA,NA,NA,NA,NA,NA,NA,"Skipped: n < 2",NA
"percentile_latbin_OLS","q90","occurrence10_k2_tropical_temperate_polar","Northern","Coolhouse","Hothouse",0,0,NA,NA,NA,NA,NA,NA,NA,"Skipped: n < 2",NA
"percentile_latbin_OLS","q90","occurrence10_k2_tropical_temperate_polar","Northern","Transitional","Warmhouse",0,0,NA,NA,NA,NA,NA,NA,NA,"Skipped: n < 2",NA
"percentile_latbin_OLS","q90","occurrence10_k2_tropical_temperate_polar","Northern","Transitional","Hothouse",0,0,NA,NA,NA,NA,NA,NA,NA,"Skipped: n < 2",NA
"percentile_latbin_OLS","q90","occurrence10_k2_tropical_temperate_polar","Northern","Warmhouse","Hothouse",0,0,NA,NA,NA,NA,NA,NA,NA,"Skipped: n < 2",NA
"percentile_latbin_OLS","q90","occurrence10_k2_tropical_temperate_polar","Southern","Coldhouse","Coolhouse",0,0,NA,NA,NA,NA,NA,NA,NA,"Skipped: n < 2",NA
"percentile_latbin_OLS","q90","occurrence10_k2_tropical_temperate_polar","Southern","Coldhouse","Transitional",0,0,NA,NA,NA,NA,NA,NA,NA,"Skipped: n < 2",NA
"percentile_latbin_OLS","q90","occurrence10_k2_tropical_temperate_polar","Southern","Coldhouse","Warmhouse",0,0,NA,NA,NA,NA,NA,NA,NA,"Skipped: n < 2",NA
"percentile_latbin_OLS","q90","occurrence10_k2_tropical_temperate_polar","Southern","Coldhouse","Hothouse",0,0,NA,NA,NA,NA,NA,NA,NA,"Skipped: n < 2",NA
"percentile_latbin_OLS","q90","occurrence10_k2_tropical_temperate_polar","Southern","Coolhouse","Transitional",0,0,NA,NA,NA,NA,NA,NA,NA,"Skipped: n < 2",NA
"percentile_latbin_OLS","q90","occurrence10_k2_tropical_temperate_polar","Southern","Coolhouse","Warmhouse",0,0,NA,NA,NA,NA,NA,NA,NA,"Skipped: n < 2",NA
"percentile_latbin_OLS","q90","occurrence10_k2_tropical_temperate_polar","Southern","Coolhouse","Hothouse",0,0,NA,NA,NA,NA,NA,NA,NA,"Skipped: n < 2",NA
"percentile_latbin_OLS","q90","occurrence10_k2_tropical_temperate_polar","Southern","Transitional","Warmhouse",0,0,NA,NA,NA,NA,NA,NA,NA,"Skipped: n < 2",NA
"percentile_latbin_OLS","q90","occurrence10_k2_tropical_temperate_polar","Southern","Transitional","Hothouse",0,0,NA,NA,NA,NA,NA,NA,NA,"Skipped: n < 2",NA
"percentile_latbin_OLS","q90","occurrence10_k2_tropical_temperate_polar","Southern","Warmhouse","Hothouse",0,0,NA,NA,NA,NA,NA,NA,NA,"Skipped: n < 2",NA
"percentile_latbin_OLS","q90","occurrence10_k3_tropical_temperate","Northern","Coldhouse","Coolhouse",0,0,NA,NA,NA,NA,NA,NA,NA,"Skipped: n < 2",NA
"percentile_latbin_OLS","q90","occurrence10_k3_tropical_temperate","Northern","Coldhouse","Transitional",0,0,NA,NA,NA,NA,NA,NA,NA,"Skipped: n < 2",NA
"percentile_latbin_OLS","q90","occurrence10_k3_tropical_temperate","Northern","Coldhouse","Warmhouse",0,0,NA,NA,NA,NA,NA,NA,NA,"Skipped: n < 2",NA
"percentile_latbin_OLS","q90","occurrence10_k3_tropical_temperate","Northern","Coldhouse","Hothouse",0,0,NA,NA,NA,NA,NA,NA,NA,"Skipped: n < 2",NA
"percentile_latbin_OLS","q90","occurrence10_k3_tropical_temperate","Northern","Coolhouse","Transitional",0,0,NA,NA,NA,NA,NA,NA,NA,"Skipped: n < 2",NA
"percentile_latbin_OLS","q90","occurrence10_k3_tropical_temperate","Northern","Coolhouse","Warmhouse",0,0,NA,NA,NA,NA,NA,NA,NA,"Skipped: n < 2",NA
"percentile_latbin_OLS","q90","occurrence10_k3_tropical_temperate","Northern","Coolhouse","Hothouse",0,0,NA,NA,NA,NA,NA,NA,NA,"Skipped: n < 2",NA
"percentile_latbin_OLS","q90","occurrence10_k3_tropical_temperate","Northern","Transitional","Warmhouse",0,0,NA,NA,NA,NA,NA,NA,NA,"Skipped: n < 2",NA
"percentile_latbin_OLS","q90","occurrence10_k3_tropical_temperate","Northern","Transitional","Hothouse",0,0,NA,NA,NA,NA,NA,NA,NA,"Skipped: n < 2",NA
"percentile_latbin_OLS","q90","occurrence10_k3_tropical_temperate","Northern","Warmhouse","Hothouse",0,0,NA,NA,NA,NA,NA,NA,NA,"Skipped: n < 2",NA
"percentile_latbin_OLS","q90","occurrence10_k3_tropical_temperate","Southern","Coldhouse","Coolhouse",0,0,NA,NA,NA,NA,NA,NA,NA,"Skipped: n < 2",NA
"percentile_latbin_OLS","q90","occurrence10_k3_tropical_temperate","Southern","Coldhouse","Transitional",0,0,NA,NA,NA,NA,NA,NA,NA,"Skipped: n < 2",NA
"percentile_latbin_OLS","q90","occurrence10_k3_tropical_temperate","Southern","Coldhouse","Warmhouse",0,0,NA,NA,NA,NA,NA,NA,NA,"Skipped: n < 2",NA
"percentile_latbin_OLS","q90","occurrence10_k3_tropical_temperate","Southern","Coldhouse","Hothouse",0,0,NA,NA,NA,NA,NA,NA,NA,"Skipped: n < 2",NA
"percentile_latbin_OLS","q90","occurrence10_k3_tropical_temperate","Southern","Coolhouse","Transitional",0,0,NA,NA,NA,NA,NA,NA,NA,"Skipped: n < 2",NA
"percentile_latbin_OLS","q90","occurrence10_k3_tropical_temperate","Southern","Coolhouse","Warmhouse",0,0,NA,NA,NA,NA,NA,NA,NA,"Skipped: n < 2",NA
"percentile_latbin_OLS","q90","occurrence10_k3_tropical_temperate","Southern","Coolhouse","Hothouse",0,0,NA,NA,NA,NA,NA,NA,NA,"Skipped: n < 2",NA
"percentile_latbin_OLS","q90","occurrence10_k3_tropical_temperate","Southern","Transitional","Warmhouse",0,0,NA,NA,NA,NA,NA,NA,NA,"Skipped: n < 2",NA
"percentile_latbin_OLS","q90","occurrence10_k3_tropical_temperate","Southern","Transitional","Hothouse",0,0,NA,NA,NA,NA,NA,NA,NA,"Skipped: n < 2",NA
"percentile_latbin_OLS","q90","occurrence10_k3_tropical_temperate","Southern","Warmhouse","Hothouse",0,0,NA,NA,NA,NA,NA,NA,NA,"Skipped: n < 2",NA
"percentile_latbin_OLS","q90","occurrence10_k3_tropical_temperate_polar","Northern","Coldhouse","Coolhouse",0,0,NA,NA,NA,NA,NA,NA,NA,"Skipped: n < 2",NA
"percentile_latbin_OLS","q90","occurrence10_k3_tropical_temperate_polar","Northern","Coldhouse","Transitional",0,0,NA,NA,NA,NA,NA,NA,NA,"Skipped: n < 2",NA
"percentile_latbin_OLS","q90","occurrence10_k3_tropical_temperate_polar","Northern","Coldhouse","Warmhouse",0,0,NA,NA,NA,NA,NA,NA,NA,"Skipped: n < 2",NA
"percentile_latbin_OLS","q90","occurrence10_k3_tropical_temperate_polar","Northern","Coldhouse","Hothouse",0,0,NA,NA,NA,NA,NA,NA,NA,"Skipped: n < 2",NA
"percentile_latbin_OLS","q90","occurrence10_k3_tropical_temperate_polar","Northern","Coolhouse","Transitional",0,0,NA,NA,NA,NA,NA,NA,NA,"Skipped: n < 2",NA
"percentile_latbin_OLS","q90","occurrence10_k3_tropical_temperate_polar","Northern","Coolhouse","Warmhouse",0,0,NA,NA,NA,NA,NA,NA,NA,"Skipped: n < 2",NA
"percentile_latbin_OLS","q90","occurrence10_k3_tropical_temperate_polar","Northern","Coolhouse","Hothouse",0,0,NA,NA,NA,NA,NA,NA,NA,"Skipped: n < 2",NA
"percentile_latbin_OLS","q90","occurrence10_k3_tropical_temperate_polar","Northern","Transitional","Warmhouse",0,0,NA,NA,NA,NA,NA,NA,NA,"Skipped: n < 2",NA
"percentile_latbin_OLS","q90","occurrence10_k3_tropical_temperate_polar","Northern","Transitional","Hothouse",0,0,NA,NA,NA,NA,NA,NA,NA,"Skipped: n < 2",NA
"percentile_latbin_OLS","q90","occurrence10_k3_tropical_temperate_polar","Northern","Warmhouse","Hothouse",0,0,NA,NA,NA,NA,NA,NA,NA,"Skipped: n < 2",NA
"percentile_latbin_OLS","q90","occurrence10_k3_tropical_temperate_polar","Southern","Coldhouse","Coolhouse",0,0,NA,NA,NA,NA,NA,NA,NA,"Skipped: n < 2",NA
"percentile_latbin_OLS","q90","occurrence10_k3_tropical_temperate_polar","Southern","Coldhouse","Transitional",0,0,NA,NA,NA,NA,NA,NA,NA,"Skipped: n < 2",NA
"percentile_latbin_OLS","q90","occurrence10_k3_tropical_temperate_polar","Southern","Coldhouse","Warmhouse",0,0,NA,NA,NA,NA,NA,NA,NA,"Skipped: n < 2",NA
"percentile_latbin_OLS","q90","occurrence10_k3_tropical_temperate_polar","Southern","Coldhouse","Hothouse",0,0,NA,NA,NA,NA,NA,NA,NA,"Skipped: n < 2",NA
"percentile_latbin_OLS","q90","occurrence10_k3_tropical_temperate_polar","Southern","Coolhouse","Transitional",0,0,NA,NA,NA,NA,NA,NA,NA,"Skipped: n < 2",NA
"percentile_latbin_OLS","q90","occurrence10_k3_tropical_temperate_polar","Southern","Coolhouse","Warmhouse",0,0,NA,NA,NA,NA,NA,NA,NA,"Skipped: n < 2",NA
"percentile_latbin_OLS","q90","occurrence10_k3_tropical_temperate_polar","Southern","Coolhouse","Hothouse",0,0,NA,NA,NA,NA,NA,NA,NA,"Skipped: n < 2",NA
"percentile_latbin_OLS","q90","occurrence10_k3_tropical_temperate_polar","Southern","Transitional","Warmhouse",0,0,NA,NA,NA,NA,NA,NA,NA,"Skipped: n < 2",NA
"percentile_latbin_OLS","q90","occurrence10_k3_tropical_temperate_polar","Southern","Transitional","Hothouse",0,0,NA,NA,NA,NA,NA,NA,NA,"Skipped: n < 2",NA
"percentile_latbin_OLS","q90","occurrence10_k3_tropical_temperate_polar","Southern","Warmhouse","Hothouse",0,0,NA,NA,NA,NA,NA,NA,NA,"Skipped: n < 2",NA
"percentile_latbin_OLS","q90","collection5_k1_tropical_temperate","Northern","Coldhouse","Coolhouse",0,0,NA,NA,NA,NA,NA,NA,NA,"Skipped: n < 2",NA
"percentile_latbin_OLS","q90","collection5_k1_tropical_temperate","Northern","Coldhouse","Transitional",0,0,NA,NA,NA,NA,NA,NA,NA,"Skipped: n < 2",NA
"percentile_latbin_OLS","q90","collection5_k1_tropical_temperate","Northern","Coldhouse","Warmhouse",0,0,NA,NA,NA,NA,NA,NA,NA,"Skipped: n < 2",NA
"percentile_latbin_OLS","q90","collection5_k1_tropical_temperate","Northern","Coldhouse","Hothouse",0,0,NA,NA,NA,NA,NA,NA,NA,"Skipped: n < 2",NA
"percentile_latbin_OLS","q90","collection5_k1_tropical_temperate","Northern","Coolhouse","Transitional",0,0,NA,NA,NA,NA,NA,NA,NA,"Skipped: n < 2",NA
"percentile_latbin_OLS","q90","collection5_k1_tropical_temperate","Northern","Coolhouse","Warmhouse",0,0,NA,NA,NA,NA,NA,NA,NA,"Skipped: n < 2",NA
"percentile_latbin_OLS","q90","collection5_k1_tropical_temperate","Northern","Coolhouse","Hothouse",0,0,NA,NA,NA,NA,NA,NA,NA,"Skipped: n < 2",NA
"percentile_latbin_OLS","q90","collection5_k1_tropical_temperate","Northern","Transitional","Warmhouse",0,0,NA,NA,NA,NA,NA,NA,NA,"Skipped: n < 2",NA
"percentile_latbin_OLS","q90","collection5_k1_tropical_temperate","Northern","Transitional","Hothouse",0,0,NA,NA,NA,NA,NA,NA,NA,"Skipped: n < 2",NA
"percentile_latbin_OLS","q90","collection5_k1_tropical_temperate","Northern","Warmhouse","Hothouse",0,0,NA,NA,NA,NA,NA,NA,NA,"Skipped: n < 2",NA
"percentile_latbin_OLS","q90","collection5_k1_tropical_temperate","Southern","Coldhouse","Coolhouse",0,0,NA,NA,NA,NA,NA,NA,NA,"Skipped: n < 2",NA
"percentile_latbin_OLS","q90","collection5_k1_tropical_temperate","Southern","Coldhouse","Transitional",0,0,NA,NA,NA,NA,NA,NA,NA,"Skipped: n < 2",NA
"percentile_latbin_OLS","q90","collection5_k1_tropical_temperate","Southern","Coldhouse","Warmhouse",0,0,NA,NA,NA,NA,NA,NA,NA,"Skipped: n < 2",NA
"percentile_latbin_OLS","q90","collection5_k1_tropical_temperate","Southern","Coldhouse","Hothouse",0,0,NA,NA,NA,NA,NA,NA,NA,"Skipped: n < 2",NA
"percentile_latbin_OLS","q90","collection5_k1_tropical_temperate","Southern","Coolhouse","Transitional",0,0,NA,NA,NA,NA,NA,NA,NA,"Skipped: n < 2",NA
"percentile_latbin_OLS","q90","collection5_k1_tropical_temperate","Southern","Coolhouse","Warmhouse",0,0,NA,NA,NA,NA,NA,NA,NA,"Skipped: n < 2",NA
"percentile_latbin_OLS","q90","collection5_k1_tropical_temperate","Southern","Coolhouse","Hothouse",0,0,NA,NA,NA,NA,NA,NA,NA,"Skipped: n < 2",NA
"percentile_latbin_OLS","q90","collection5_k1_tropical_temperate","Southern","Transitional","Warmhouse",0,0,NA,NA,NA,NA,NA,NA,NA,"Skipped: n < 2",NA
"percentile_latbin_OLS","q90","collection5_k1_tropical_temperate","Southern","Transitional","Hothouse",0,0,NA,NA,NA,NA,NA,NA,NA,"Skipped: n < 2",NA
"percentile_latbin_OLS","q90","collection5_k1_tropical_temperate","Southern","Warmhouse","Hothouse",0,0,NA,NA,NA,NA,NA,NA,NA,"Skipped: n < 2",NA
"percentile_latbin_OLS","q90","collection5_k1_tropical_temperate_polar","Northern","Coldhouse","Coolhouse",0,0,NA,NA,NA,NA,NA,NA,NA,"Skipped: n < 2",NA
"percentile_latbin_OLS","q90","collection5_k1_tropical_temperate_polar","Northern","Coldhouse","Transitional",0,0,NA,NA,NA,NA,NA,NA,NA,"Skipped: n < 2",NA
"percentile_latbin_OLS","q90","collection5_k1_tropical_temperate_polar","Northern","Coldhouse","Warmhouse",0,0,NA,NA,NA,NA,NA,NA,NA,"Skipped: n < 2",NA
"percentile_latbin_OLS","q90","collection5_k1_tropical_temperate_polar","Northern","Coldhouse","Hothouse",0,0,NA,NA,NA,NA,NA,NA,NA,"Skipped: n < 2",NA
"percentile_latbin_OLS","q90","collection5_k1_tropical_temperate_polar","Northern","Coolhouse","Transitional",0,0,NA,NA,NA,NA,NA,NA,NA,"Skipped: n < 2",NA
"percentile_latbin_OLS","q90","collection5_k1_tropical_temperate_polar","Northern","Coolhouse","Warmhouse",0,0,NA,NA,NA,NA,NA,NA,NA,"Skipped: n < 2",NA
"percentile_latbin_OLS","q90","collection5_k1_tropical_temperate_polar","Northern","Coolhouse","Hothouse",0,0,NA,NA,NA,NA,NA,NA,NA,"Skipped: n < 2",NA
"percentile_latbin_OLS","q90","collection5_k1_tropical_temperate_polar","Northern","Transitional","Warmhouse",0,0,NA,NA,NA,NA,NA,NA,NA,"Skipped: n < 2",NA
"percentile_latbin_OLS","q90","collection5_k1_tropical_temperate_polar","Northern","Transitional","Hothouse",0,0,NA,NA,NA,NA,NA,NA,NA,"Skipped: n < 2",NA
"percentile_latbin_OLS","q90","collection5_k1_tropical_temperate_polar","Northern","Warmhouse","Hothouse",0,0,NA,NA,NA,NA,NA,NA,NA,"Skipped: n < 2",NA
"percentile_latbin_OLS","q90","collection5_k1_tropical_temperate_polar","Southern","Coldhouse","Coolhouse",0,0,NA,NA,NA,NA,NA,NA,NA,"Skipped: n < 2",NA
"percentile_latbin_OLS","q90","collection5_k1_tropical_temperate_polar","Southern","Coldhouse","Transitional",0,0,NA,NA,NA,NA,NA,NA,NA,"Skipped: n < 2",NA
"percentile_latbin_OLS","q90","collection5_k1_tropical_temperate_polar","Southern","Coldhouse","Warmhouse",0,0,NA,NA,NA,NA,NA,NA,NA,"Skipped: n < 2",NA
"percentile_latbin_OLS","q90","collection5_k1_tropical_temperate_polar","Southern","Coldhouse","Hothouse",0,0,NA,NA,NA,NA,NA,NA,NA,"Skipped: n < 2",NA
"percentile_latbin_OLS","q90","collection5_k1_tropical_temperate_polar","Southern","Coolhouse","Transitional",0,0,NA,NA,NA,NA,NA,NA,NA,"Skipped: n < 2",NA
"percentile_latbin_OLS","q90","collection5_k1_tropical_temperate_polar","Southern","Coolhouse","Warmhouse",0,0,NA,NA,NA,NA,NA,NA,NA,"Skipped: n < 2",NA
"percentile_latbin_OLS","q90","collection5_k1_tropical_temperate_polar","Southern","Coolhouse","Hothouse",0,0,NA,NA,NA,NA,NA,NA,NA,"Skipped: n < 2",NA
"percentile_latbin_OLS","q90","collection5_k1_tropical_temperate_polar","Southern","Transitional","Warmhouse",0,0,NA,NA,NA,NA,NA,NA,NA,"Skipped: n < 2",NA
"percentile_latbin_OLS","q90","collection5_k1_tropical_temperate_polar","Southern","Transitional","Hothouse",0,0,NA,NA,NA,NA,NA,NA,NA,"Skipped: n < 2",NA
"percentile_latbin_OLS","q90","collection5_k1_tropical_temperate_polar","Southern","Warmhouse","Hothouse",0,0,NA,NA,NA,NA,NA,NA,NA,"Skipped: n < 2",NA
"percentile_latbin_OLS","q90","collection5_k2_tropical_temperate","Northern","Coldhouse","Coolhouse",0,0,NA,NA,NA,NA,NA,NA,NA,"Skipped: n < 2",NA
"percentile_latbin_OLS","q90","collection5_k2_tropical_temperate","Northern","Coldhouse","Transitional",0,0,NA,NA,NA,NA,NA,NA,NA,"Skipped: n < 2",NA
"percentile_latbin_OLS","q90","collection5_k2_tropical_temperate","Northern","Coldhouse","Warmhouse",0,0,NA,NA,NA,NA,NA,NA,NA,"Skipped: n < 2",NA
"percentile_latbin_OLS","q90","collection5_k2_tropical_temperate","Northern","Coldhouse","Hothouse",0,0,NA,NA,NA,NA,NA,NA,NA,"Skipped: n < 2",NA
"percentile_latbin_OLS","q90","collection5_k2_tropical_temperate","Northern","Coolhouse","Transitional",0,0,NA,NA,NA,NA,NA,NA,NA,"Skipped: n < 2",NA
"percentile_latbin_OLS","q90","collection5_k2_tropical_temperate","Northern","Coolhouse","Warmhouse",0,0,NA,NA,NA,NA,NA,NA,NA,"Skipped: n < 2",NA
"percentile_latbin_OLS","q90","collection5_k2_tropical_temperate","Northern","Coolhouse","Hothouse",0,0,NA,NA,NA,NA,NA,NA,NA,"Skipped: n < 2",NA
"percentile_latbin_OLS","q90","collection5_k2_tropical_temperate","Northern","Transitional","Warmhouse",0,0,NA,NA,NA,NA,NA,NA,NA,"Skipped: n < 2",NA
"percentile_latbin_OLS","q90","collection5_k2_tropical_temperate","Northern","Transitional","Hothouse",0,0,NA,NA,NA,NA,NA,NA,NA,"Skipped: n < 2",NA
"percentile_latbin_OLS","q90","collection5_k2_tropical_temperate","Northern","Warmhouse","Hothouse",0,0,NA,NA,NA,NA,NA,NA,NA,"Skipped: n < 2",NA
"percentile_latbin_OLS","q90","collection5_k2_tropical_temperate","Southern","Coldhouse","Coolhouse",0,0,NA,NA,NA,NA,NA,NA,NA,"Skipped: n < 2",NA
"percentile_latbin_OLS","q90","collection5_k2_tropical_temperate","Southern","Coldhouse","Transitional",0,0,NA,NA,NA,NA,NA,NA,NA,"Skipped: n < 2",NA
"percentile_latbin_OLS","q90","collection5_k2_tropical_temperate","Southern","Coldhouse","Warmhouse",0,0,NA,NA,NA,NA,NA,NA,NA,"Skipped: n < 2",NA
"percentile_latbin_OLS","q90","collection5_k2_tropical_temperate","Southern","Coldhouse","Hothouse",0,0,NA,NA,NA,NA,NA,NA,NA,"Skipped: n < 2",NA
"percentile_latbin_OLS","q90","collection5_k2_tropical_temperate","Southern","Coolhouse","Transitional",0,0,NA,NA,NA,NA,NA,NA,NA,"Skipped: n < 2",NA
"percentile_latbin_OLS","q90","collection5_k2_tropical_temperate","Southern","Coolhouse","Warmhouse",0,0,NA,NA,NA,NA,NA,NA,NA,"Skipped: n < 2",NA
"percentile_latbin_OLS","q90","collection5_k2_tropical_temperate","Southern","Coolhouse","Hothouse",0,0,NA,NA,NA,NA,NA,NA,NA,"Skipped: n < 2",NA
"percentile_latbin_OLS","q90","collection5_k2_tropical_temperate","Southern","Transitional","Warmhouse",0,0,NA,NA,NA,NA,NA,NA,NA,"Skipped: n < 2",NA
"percentile_latbin_OLS","q90","collection5_k2_tropical_temperate","Southern","Transitional","Hothouse",0,0,NA,NA,NA,NA,NA,NA,NA,"Skipped: n < 2",NA
"percentile_latbin_OLS","q90","collection5_k2_tropical_temperate","Southern","Warmhouse","Hothouse",0,0,NA,NA,NA,NA,NA,NA,NA,"Skipped: n < 2",NA
"percentile_latbin_OLS","q90","collection5_k2_tropical_temperate_polar","Northern","Coldhouse","Coolhouse",0,0,NA,NA,NA,NA,NA,NA,NA,"Skipped: n < 2",NA
"percentile_latbin_OLS","q90","collection5_k2_tropical_temperate_polar","Northern","Coldhouse","Transitional",0,0,NA,NA,NA,NA,NA,NA,NA,"Skipped: n < 2",NA
"percentile_latbin_OLS","q90","collection5_k2_tropical_temperate_polar","Northern","Coldhouse","Warmhouse",0,0,NA,NA,NA,NA,NA,NA,NA,"Skipped: n < 2",NA
"percentile_latbin_OLS","q90","collection5_k2_tropical_temperate_polar","Northern","Coldhouse","Hothouse",0,0,NA,NA,NA,NA,NA,NA,NA,"Skipped: n < 2",NA
"percentile_latbin_OLS","q90","collection5_k2_tropical_temperate_polar","Northern","Coolhouse","Transitional",0,0,NA,NA,NA,NA,NA,NA,NA,"Skipped: n < 2",NA
"percentile_latbin_OLS","q90","collection5_k2_tropical_temperate_polar","Northern","Coolhouse","Warmhouse",0,0,NA,NA,NA,NA,NA,NA,NA,"Skipped: n < 2",NA
"percentile_latbin_OLS","q90","collection5_k2_tropical_temperate_polar","Northern","Coolhouse","Hothouse",0,0,NA,NA,NA,NA,NA,NA,NA,"Skipped: n < 2",NA
"percentile_latbin_OLS","q90","collection5_k2_tropical_temperate_polar","Northern","Transitional","Warmhouse",0,0,NA,NA,NA,NA,NA,NA,NA,"Skipped: n < 2",NA
"percentile_latbin_OLS","q90","collection5_k2_tropical_temperate_polar","Northern","Transitional","Hothouse",0,0,NA,NA,NA,NA,NA,NA,NA,"Skipped: n < 2",NA
"percentile_latbin_OLS","q90","collection5_k2_tropical_temperate_polar","Northern","Warmhouse","Hothouse",0,0,NA,NA,NA,NA,NA,NA,NA,"Skipped: n < 2",NA
"percentile_latbin_OLS","q90","collection5_k2_tropical_temperate_polar","Southern","Coldhouse","Coolhouse",0,0,NA,NA,NA,NA,NA,NA,NA,"Skipped: n < 2",NA
"percentile_latbin_OLS","q90","collection5_k2_tropical_temperate_polar","Southern","Coldhouse","Transitional",0,0,NA,NA,NA,NA,NA,NA,NA,"Skipped: n < 2",NA
"percentile_latbin_OLS","q90","collection5_k2_tropical_temperate_polar","Southern","Coldhouse","Warmhouse",0,0,NA,NA,NA,NA,NA,NA,NA,"Skipped: n < 2",NA
"percentile_latbin_OLS","q90","collection5_k2_tropical_temperate_polar","Southern","Coldhouse","Hothouse",0,0,NA,NA,NA,NA,NA,NA,NA,"Skipped: n < 2",NA
"percentile_latbin_OLS","q90","collection5_k2_tropical_temperate_polar","Southern","Coolhouse","Transitional",0,0,NA,NA,NA,NA,NA,NA,NA,"Skipped: n < 2",NA
"percentile_latbin_OLS","q90","collection5_k2_tropical_temperate_polar","Southern","Coolhouse","Warmhouse",0,0,NA,NA,NA,NA,NA,NA,NA,"Skipped: n < 2",NA
"percentile_latbin_OLS","q90","collection5_k2_tropical_temperate_polar","Southern","Coolhouse","Hothouse",0,0,NA,NA,NA,NA,NA,NA,NA,"Skipped: n < 2",NA
"percentile_latbin_OLS","q90","collection5_k2_tropical_temperate_polar","Southern","Transitional","Warmhouse",0,0,NA,NA,NA,NA,NA,NA,NA,"Skipped: n < 2",NA
"percentile_latbin_OLS","q90","collection5_k2_tropical_temperate_polar","Southern","Transitional","Hothouse",0,0,NA,NA,NA,NA,NA,NA,NA,"Skipped: n < 2",NA
"percentile_latbin_OLS","q90","collection5_k2_tropical_temperate_polar","Southern","Warmhouse","Hothouse",0,0,NA,NA,NA,NA,NA,NA,NA,"Skipped: n < 2",NA
"percentile_latbin_OLS","q90","collection5_k3_tropical_temperate","Northern","Coldhouse","Coolhouse",0,0,NA,NA,NA,NA,NA,NA,NA,"Skipped: n < 2",NA
"percentile_latbin_OLS","q90","collection5_k3_tropical_temperate","Northern","Coldhouse","Transitional",0,0,NA,NA,NA,NA,NA,NA,NA,"Skipped: n < 2",NA
"percentile_latbin_OLS","q90","collection5_k3_tropical_temperate","Northern","Coldhouse","Warmhouse",0,0,NA,NA,NA,NA,NA,NA,NA,"Skipped: n < 2",NA
"percentile_latbin_OLS","q90","collection5_k3_tropical_temperate","Northern","Coldhouse","Hothouse",0,0,NA,NA,NA,NA,NA,NA,NA,"Skipped: n < 2",NA
"percentile_latbin_OLS","q90","collection5_k3_tropical_temperate","Northern","Coolhouse","Transitional",0,0,NA,NA,NA,NA,NA,NA,NA,"Skipped: n < 2",NA
"percentile_latbin_OLS","q90","collection5_k3_tropical_temperate","Northern","Coolhouse","Warmhouse",0,0,NA,NA,NA,NA,NA,NA,NA,"Skipped: n < 2",NA
"percentile_latbin_OLS","q90","collection5_k3_tropical_temperate","Northern","Coolhouse","Hothouse",0,0,NA,NA,NA,NA,NA,NA,NA,"Skipped: n < 2",NA
"percentile_latbin_OLS","q90","collection5_k3_tropical_temperate","Northern","Transitional","Warmhouse",0,0,NA,NA,NA,NA,NA,NA,NA,"Skipped: n < 2",NA
"percentile_latbin_OLS","q90","collection5_k3_tropical_temperate","Northern","Transitional","Hothouse",0,0,NA,NA,NA,NA,NA,NA,NA,"Skipped: n < 2",NA
"percentile_latbin_OLS","q90","collection5_k3_tropical_temperate","Northern","Warmhouse","Hothouse",0,0,NA,NA,NA,NA,NA,NA,NA,"Skipped: n < 2",NA
"percentile_latbin_OLS","q90","collection5_k3_tropical_temperate","Southern","Coldhouse","Coolhouse",0,0,NA,NA,NA,NA,NA,NA,NA,"Skipped: n < 2",NA
"percentile_latbin_OLS","q90","collection5_k3_tropical_temperate","Southern","Coldhouse","Transitional",0,0,NA,NA,NA,NA,NA,NA,NA,"Skipped: n < 2",NA
"percentile_latbin_OLS","q90","collection5_k3_tropical_temperate","Southern","Coldhouse","Warmhouse",0,0,NA,NA,NA,NA,NA,NA,NA,"Skipped: n < 2",NA
"percentile_latbin_OLS","q90","collection5_k3_tropical_temperate","Southern","Coldhouse","Hothouse",0,0,NA,NA,NA,NA,NA,NA,NA,"Skipped: n < 2",NA
"percentile_latbin_OLS","q90","collection5_k3_tropical_temperate","Southern","Coolhouse","Transitional",0,0,NA,NA,NA,NA,NA,NA,NA,"Skipped: n < 2",NA
"percentile_latbin_OLS","q90","collection5_k3_tropical_temperate","Southern","Coolhouse","Warmhouse",0,0,NA,NA,NA,NA,NA,NA,NA,"Skipped: n < 2",NA
"percentile_latbin_OLS","q90","collection5_k3_tropical_temperate","Southern","Coolhouse","Hothouse",0,0,NA,NA,NA,NA,NA,NA,NA,"Skipped: n < 2",NA
"percentile_latbin_OLS","q90","collection5_k3_tropical_temperate","Southern","Transitional","Warmhouse",0,0,NA,NA,NA,NA,NA,NA,NA,"Skipped: n < 2",NA
"percentile_latbin_OLS","q90","collection5_k3_tropical_temperate","Southern","Transitional","Hothouse",0,0,NA,NA,NA,NA,NA,NA,NA,"Skipped: n < 2",NA
"percentile_latbin_OLS","q90","collection5_k3_tropical_temperate","Southern","Warmhouse","Hothouse",0,0,NA,NA,NA,NA,NA,NA,NA,"Skipped: n < 2",NA
"percentile_latbin_OLS","q90","collection5_k3_tropical_temperate_polar","Northern","Coldhouse","Coolhouse",0,0,NA,NA,NA,NA,NA,NA,NA,"Skipped: n < 2",NA
"percentile_latbin_OLS","q90","collection5_k3_tropical_temperate_polar","Northern","Coldhouse","Transitional",0,0,NA,NA,NA,NA,NA,NA,NA,"Skipped: n < 2",NA
"percentile_latbin_OLS","q90","collection5_k3_tropical_temperate_polar","Northern","Coldhouse","Warmhouse",0,0,NA,NA,NA,NA,NA,NA,NA,"Skipped: n < 2",NA
"percentile_latbin_OLS","q90","collection5_k3_tropical_temperate_polar","Northern","Coldhouse","Hothouse",0,0,NA,NA,NA,NA,NA,NA,NA,"Skipped: n < 2",NA
"percentile_latbin_OLS","q90","collection5_k3_tropical_temperate_polar","Northern","Coolhouse","Transitional",0,0,NA,NA,NA,NA,NA,NA,NA,"Skipped: n < 2",NA
"percentile_latbin_OLS","q90","collection5_k3_tropical_temperate_polar","Northern","Coolhouse","Warmhouse",0,0,NA,NA,NA,NA,NA,NA,NA,"Skipped: n < 2",NA
"percentile_latbin_OLS","q90","collection5_k3_tropical_temperate_polar","Northern","Coolhouse","Hothouse",0,0,NA,NA,NA,NA,NA,NA,NA,"Skipped: n < 2",NA
"percentile_latbin_OLS","q90","collection5_k3_tropical_temperate_polar","Northern","Transitional","Warmhouse",0,0,NA,NA,NA,NA,NA,NA,NA,"Skipped: n < 2",NA
"percentile_latbin_OLS","q90","collection5_k3_tropical_temperate_polar","Northern","Transitional","Hothouse",0,0,NA,NA,NA,NA,NA,NA,NA,"Skipped: n < 2",NA
"percentile_latbin_OLS","q90","collection5_k3_tropical_temperate_polar","Northern","Warmhouse","Hothouse",0,0,NA,NA,NA,NA,NA,NA,NA,"Skipped: n < 2",NA
"percentile_latbin_OLS","q90","collection5_k3_tropical_temperate_polar","Southern","Coldhouse","Coolhouse",0,0,NA,NA,NA,NA,NA,NA,NA,"Skipped: n < 2",NA
"percentile_latbin_OLS","q90","collection5_k3_tropical_temperate_polar","Southern","Coldhouse","Transitional",0,0,NA,NA,NA,NA,NA,NA,NA,"Skipped: n < 2",NA
"percentile_latbin_OLS","q90","collection5_k3_tropical_temperate_polar","Southern","Coldhouse","Warmhouse",0,0,NA,NA,NA,NA,NA,NA,NA,"Skipped: n < 2",NA
"percentile_latbin_OLS","q90","collection5_k3_tropical_temperate_polar","Southern","Coldhouse","Hothouse",0,0,NA,NA,NA,NA,NA,NA,NA,"Skipped: n < 2",NA
"percentile_latbin_OLS","q90","collection5_k3_tropical_temperate_polar","Southern","Coolhouse","Transitional",0,0,NA,NA,NA,NA,NA,NA,NA,"Skipped: n < 2",NA
"percentile_latbin_OLS","q90","collection5_k3_tropical_temperate_polar","Southern","Coolhouse","Warmhouse",0,0,NA,NA,NA,NA,NA,NA,NA,"Skipped: n < 2",NA
"percentile_latbin_OLS","q90","collection5_k3_tropical_temperate_polar","Southern","Coolhouse","Hothouse",0,0,NA,NA,NA,NA,NA,NA,NA,"Skipped: n < 2",NA
"percentile_latbin_OLS","q90","collection5_k3_tropical_temperate_polar","Southern","Transitional","Warmhouse",0,0,NA,NA,NA,NA,NA,NA,NA,"Skipped: n < 2",NA
"percentile_latbin_OLS","q90","collection5_k3_tropical_temperate_polar","Southern","Transitional","Hothouse",0,0,NA,NA,NA,NA,NA,NA,NA,"Skipped: n < 2",NA
"percentile_latbin_OLS","q90","collection5_k3_tropical_temperate_polar","Southern","Warmhouse","Hothouse",0,0,NA,NA,NA,NA,NA,NA,NA,"Skipped: n < 2",NA
"percentile_latbin_OLS","q90","collection10_k1_tropical_temperate","Northern","Coldhouse","Coolhouse",0,0,NA,NA,NA,NA,NA,NA,NA,"Skipped: n < 2",NA
"percentile_latbin_OLS","q90","collection10_k1_tropical_temperate","Northern","Coldhouse","Transitional",0,0,NA,NA,NA,NA,NA,NA,NA,"Skipped: n < 2",NA
"percentile_latbin_OLS","q90","collection10_k1_tropical_temperate","Northern","Coldhouse","Warmhouse",0,0,NA,NA,NA,NA,NA,NA,NA,"Skipped: n < 2",NA
"percentile_latbin_OLS","q90","collection10_k1_tropical_temperate","Northern","Coldhouse","Hothouse",0,0,NA,NA,NA,NA,NA,NA,NA,"Skipped: n < 2",NA
"percentile_latbin_OLS","q90","collection10_k1_tropical_temperate","Northern","Coolhouse","Transitional",0,0,NA,NA,NA,NA,NA,NA,NA,"Skipped: n < 2",NA
"percentile_latbin_OLS","q90","collection10_k1_tropical_temperate","Northern","Coolhouse","Warmhouse",0,0,NA,NA,NA,NA,NA,NA,NA,"Skipped: n < 2",NA
"percentile_latbin_OLS","q90","collection10_k1_tropical_temperate","Northern","Coolhouse","Hothouse",0,0,NA,NA,NA,NA,NA,NA,NA,"Skipped: n < 2",NA
"percentile_latbin_OLS","q90","collection10_k1_tropical_temperate","Northern","Transitional","Warmhouse",0,0,NA,NA,NA,NA,NA,NA,NA,"Skipped: n < 2",NA
"percentile_latbin_OLS","q90","collection10_k1_tropical_temperate","Northern","Transitional","Hothouse",0,0,NA,NA,NA,NA,NA,NA,NA,"Skipped: n < 2",NA
"percentile_latbin_OLS","q90","collection10_k1_tropical_temperate","Northern","Warmhouse","Hothouse",0,0,NA,NA,NA,NA,NA,NA,NA,"Skipped: n < 2",NA
"percentile_latbin_OLS","q90","collection10_k1_tropical_temperate","Southern","Coldhouse","Coolhouse",0,0,NA,NA,NA,NA,NA,NA,NA,"Skipped: n < 2",NA
"percentile_latbin_OLS","q90","collection10_k1_tropical_temperate","Southern","Coldhouse","Transitional",0,0,NA,NA,NA,NA,NA,NA,NA,"Skipped: n < 2",NA
"percentile_latbin_OLS","q90","collection10_k1_tropical_temperate","Southern","Coldhouse","Warmhouse",0,0,NA,NA,NA,NA,NA,NA,NA,"Skipped: n < 2",NA
"percentile_latbin_OLS","q90","collection10_k1_tropical_temperate","Southern","Coldhouse","Hothouse",0,0,NA,NA,NA,NA,NA,NA,NA,"Skipped: n < 2",NA
"percentile_latbin_OLS","q90","collection10_k1_tropical_temperate","Southern","Coolhouse","Transitional",0,0,NA,NA,NA,NA,NA,NA,NA,"Skipped: n < 2",NA
"percentile_latbin_OLS","q90","collection10_k1_tropical_temperate","Southern","Coolhouse","Warmhouse",0,0,NA,NA,NA,NA,NA,NA,NA,"Skipped: n < 2",NA
"percentile_latbin_OLS","q90","collection10_k1_tropical_temperate","Southern","Coolhouse","Hothouse",0,0,NA,NA,NA,NA,NA,NA,NA,"Skipped: n < 2",NA
"percentile_latbin_OLS","q90","collection10_k1_tropical_temperate","Southern","Transitional","Warmhouse",0,0,NA,NA,NA,NA,NA,NA,NA,"Skipped: n < 2",NA
"percentile_latbin_OLS","q90","collection10_k1_tropical_temperate","Southern","Transitional","Hothouse",0,0,NA,NA,NA,NA,NA,NA,NA,"Skipped: n < 2",NA
"percentile_latbin_OLS","q90","collection10_k1_tropical_temperate","Southern","Warmhouse","Hothouse",0,0,NA,NA,NA,NA,NA,NA,NA,"Skipped: n < 2",NA
"percentile_latbin_OLS","q90","collection10_k1_tropical_temperate_polar","Northern","Coldhouse","Coolhouse",0,0,NA,NA,NA,NA,NA,NA,NA,"Skipped: n < 2",NA
"percentile_latbin_OLS","q90","collection10_k1_tropical_temperate_polar","Northern","Coldhouse","Transitional",0,0,NA,NA,NA,NA,NA,NA,NA,"Skipped: n < 2",NA
"percentile_latbin_OLS","q90","collection10_k1_tropical_temperate_polar","Northern","Coldhouse","Warmhouse",0,0,NA,NA,NA,NA,NA,NA,NA,"Skipped: n < 2",NA
"percentile_latbin_OLS","q90","collection10_k1_tropical_temperate_polar","Northern","Coldhouse","Hothouse",0,0,NA,NA,NA,NA,NA,NA,NA,"Skipped: n < 2",NA
"percentile_latbin_OLS","q90","collection10_k1_tropical_temperate_polar","Northern","Coolhouse","Transitional",0,0,NA,NA,NA,NA,NA,NA,NA,"Skipped: n < 2",NA
"percentile_latbin_OLS","q90","collection10_k1_tropical_temperate_polar","Northern","Coolhouse","Warmhouse",0,0,NA,NA,NA,NA,NA,NA,NA,"Skipped: n < 2",NA
"percentile_latbin_OLS","q90","collection10_k1_tropical_temperate_polar","Northern","Coolhouse","Hothouse",0,0,NA,NA,NA,NA,NA,NA,NA,"Skipped: n < 2",NA
"percentile_latbin_OLS","q90","collection10_k1_tropical_temperate_polar","Northern","Transitional","Warmhouse",0,0,NA,NA,NA,NA,NA,NA,NA,"Skipped: n < 2",NA
"percentile_latbin_OLS","q90","collection10_k1_tropical_temperate_polar","Northern","Transitional","Hothouse",0,0,NA,NA,NA,NA,NA,NA,NA,"Skipped: n < 2",NA
"percentile_latbin_OLS","q90","collection10_k1_tropical_temperate_polar","Northern","Warmhouse","Hothouse",0,0,NA,NA,NA,NA,NA,NA,NA,"Skipped: n < 2",NA
"percentile_latbin_OLS","q90","collection10_k1_tropical_temperate_polar","Southern","Coldhouse","Coolhouse",0,0,NA,NA,NA,NA,NA,NA,NA,"Skipped: n < 2",NA
"percentile_latbin_OLS","q90","collection10_k1_tropical_temperate_polar","Southern","Coldhouse","Transitional",0,0,NA,NA,NA,NA,NA,NA,NA,"Skipped: n < 2",NA
"percentile_latbin_OLS","q90","collection10_k1_tropical_temperate_polar","Southern","Coldhouse","Warmhouse",0,0,NA,NA,NA,NA,NA,NA,NA,"Skipped: n < 2",NA
"percentile_latbin_OLS","q90","collection10_k1_tropical_temperate_polar","Southern","Coldhouse","Hothouse",0,0,NA,NA,NA,NA,NA,NA,NA,"Skipped: n < 2",NA
"percentile_latbin_OLS","q90","collection10_k1_tropical_temperate_polar","Southern","Coolhouse","Transitional",0,0,NA,NA,NA,NA,NA,NA,NA,"Skipped: n < 2",NA
"percentile_latbin_OLS","q90","collection10_k1_tropical_temperate_polar","Southern","Coolhouse","Warmhouse",0,0,NA,NA,NA,NA,NA,NA,NA,"Skipped: n < 2",NA
"percentile_latbin_OLS","q90","collection10_k1_tropical_temperate_polar","Southern","Coolhouse","Hothouse",0,0,NA,NA,NA,NA,NA,NA,NA,"Skipped: n < 2",NA
"percentile_latbin_OLS","q90","collection10_k1_tropical_temperate_polar","Southern","Transitional","Warmhouse",0,0,NA,NA,NA,NA,NA,NA,NA,"Skipped: n < 2",NA
"percentile_latbin_OLS","q90","collection10_k1_tropical_temperate_polar","Southern","Transitional","Hothouse",0,0,NA,NA,NA,NA,NA,NA,NA,"Skipped: n < 2",NA
"percentile_latbin_OLS","q90","collection10_k1_tropical_temperate_polar","Southern","Warmhouse","Hothouse",0,0,NA,NA,NA,NA,NA,NA,NA,"Skipped: n < 2",NA
"percentile_latbin_OLS","q90","collection10_k2_tropical_temperate","Northern","Coldhouse","Coolhouse",0,0,NA,NA,NA,NA,NA,NA,NA,"Skipped: n < 2",NA
"percentile_latbin_OLS","q90","collection10_k2_tropical_temperate","Northern","Coldhouse","Transitional",0,0,NA,NA,NA,NA,NA,NA,NA,"Skipped: n < 2",NA
"percentile_latbin_OLS","q90","collection10_k2_tropical_temperate","Northern","Coldhouse","Warmhouse",0,0,NA,NA,NA,NA,NA,NA,NA,"Skipped: n < 2",NA
"percentile_latbin_OLS","q90","collection10_k2_tropical_temperate","Northern","Coldhouse","Hothouse",0,0,NA,NA,NA,NA,NA,NA,NA,"Skipped: n < 2",NA
"percentile_latbin_OLS","q90","collection10_k2_tropical_temperate","Northern","Coolhouse","Transitional",0,0,NA,NA,NA,NA,NA,NA,NA,"Skipped: n < 2",NA
"percentile_latbin_OLS","q90","collection10_k2_tropical_temperate","Northern","Coolhouse","Warmhouse",0,0,NA,NA,NA,NA,NA,NA,NA,"Skipped: n < 2",NA
"percentile_latbin_OLS","q90","collection10_k2_tropical_temperate","Northern","Coolhouse","Hothouse",0,0,NA,NA,NA,NA,NA,NA,NA,"Skipped: n < 2",NA
"percentile_latbin_OLS","q90","collection10_k2_tropical_temperate","Northern","Transitional","Warmhouse",0,0,NA,NA,NA,NA,NA,NA,NA,"Skipped: n < 2",NA
"percentile_latbin_OLS","q90","collection10_k2_tropical_temperate","Northern","Transitional","Hothouse",0,0,NA,NA,NA,NA,NA,NA,NA,"Skipped: n < 2",NA
"percentile_latbin_OLS","q90","collection10_k2_tropical_temperate","Northern","Warmhouse","Hothouse",0,0,NA,NA,NA,NA,NA,NA,NA,"Skipped: n < 2",NA
"percentile_latbin_OLS","q90","collection10_k2_tropical_temperate","Southern","Coldhouse","Coolhouse",0,0,NA,NA,NA,NA,NA,NA,NA,"Skipped: n < 2",NA
"percentile_latbin_OLS","q90","collection10_k2_tropical_temperate","Southern","Coldhouse","Transitional",0,0,NA,NA,NA,NA,NA,NA,NA,"Skipped: n < 2",NA
"percentile_latbin_OLS","q90","collection10_k2_tropical_temperate","Southern","Coldhouse","Warmhouse",0,0,NA,NA,NA,NA,NA,NA,NA,"Skipped: n < 2",NA
"percentile_latbin_OLS","q90","collection10_k2_tropical_temperate","Southern","Coldhouse","Hothouse",0,0,NA,NA,NA,NA,NA,NA,NA,"Skipped: n < 2",NA
"percentile_latbin_OLS","q90","collection10_k2_tropical_temperate","Southern","Coolhouse","Transitional",0,0,NA,NA,NA,NA,NA,NA,NA,"Skipped: n < 2",NA
"percentile_latbin_OLS","q90","collection10_k2_tropical_temperate","Southern","Coolhouse","Warmhouse",0,0,NA,NA,NA,NA,NA,NA,NA,"Skipped: n < 2",NA
"percentile_latbin_OLS","q90","collection10_k2_tropical_temperate","Southern","Coolhouse","Hothouse",0,0,NA,NA,NA,NA,NA,NA,NA,"Skipped: n < 2",NA
"percentile_latbin_OLS","q90","collection10_k2_tropical_temperate","Southern","Transitional","Warmhouse",0,0,NA,NA,NA,NA,NA,NA,NA,"Skipped: n < 2",NA
"percentile_latbin_OLS","q90","collection10_k2_tropical_temperate","Southern","Transitional","Hothouse",0,0,NA,NA,NA,NA,NA,NA,NA,"Skipped: n < 2",NA
"percentile_latbin_OLS","q90","collection10_k2_tropical_temperate","Southern","Warmhouse","Hothouse",0,0,NA,NA,NA,NA,NA,NA,NA,"Skipped: n < 2",NA
"percentile_latbin_OLS","q90","collection10_k2_tropical_temperate_polar","Northern","Coldhouse","Coolhouse",0,0,NA,NA,NA,NA,NA,NA,NA,"Skipped: n < 2",NA
"percentile_latbin_OLS","q90","collection10_k2_tropical_temperate_polar","Northern","Coldhouse","Transitional",0,0,NA,NA,NA,NA,NA,NA,NA,"Skipped: n < 2",NA
"percentile_latbin_OLS","q90","collection10_k2_tropical_temperate_polar","Northern","Coldhouse","Warmhouse",0,0,NA,NA,NA,NA,NA,NA,NA,"Skipped: n < 2",NA
"percentile_latbin_OLS","q90","collection10_k2_tropical_temperate_polar","Northern","Coldhouse","Hothouse",0,0,NA,NA,NA,NA,NA,NA,NA,"Skipped: n < 2",NA
"percentile_latbin_OLS","q90","collection10_k2_tropical_temperate_polar","Northern","Coolhouse","Transitional",0,0,NA,NA,NA,NA,NA,NA,NA,"Skipped: n < 2",NA
"percentile_latbin_OLS","q90","collection10_k2_tropical_temperate_polar","Northern","Coolhouse","Warmhouse",0,0,NA,NA,NA,NA,NA,NA,NA,"Skipped: n < 2",NA
"percentile_latbin_OLS","q90","collection10_k2_tropical_temperate_polar","Northern","Coolhouse","Hothouse",0,0,NA,NA,NA,NA,NA,NA,NA,"Skipped: n < 2",NA
"percentile_latbin_OLS","q90","collection10_k2_tropical_temperate_polar","Northern","Transitional","Warmhouse",0,0,NA,NA,NA,NA,NA,NA,NA,"Skipped: n < 2",NA
"percentile_latbin_OLS","q90","collection10_k2_tropical_temperate_polar","Northern","Transitional","Hothouse",0,0,NA,NA,NA,NA,NA,NA,NA,"Skipped: n < 2",NA
"percentile_latbin_OLS","q90","collection10_k2_tropical_temperate_polar","Northern","Warmhouse","Hothouse",0,0,NA,NA,NA,NA,NA,NA,NA,"Skipped: n < 2",NA
"percentile_latbin_OLS","q90","collection10_k2_tropical_temperate_polar","Southern","Coldhouse","Coolhouse",0,0,NA,NA,NA,NA,NA,NA,NA,"Skipped: n < 2",NA
"percentile_latbin_OLS","q90","collection10_k2_tropical_temperate_polar","Southern","Coldhouse","Transitional",0,0,NA,NA,NA,NA,NA,NA,NA,"Skipped: n < 2",NA
"percentile_latbin_OLS","q90","collection10_k2_tropical_temperate_polar","Southern","Coldhouse","Warmhouse",0,0,NA,NA,NA,NA,NA,NA,NA,"Skipped: n < 2",NA
"percentile_latbin_OLS","q90","collection10_k2_tropical_temperate_polar","Southern","Coldhouse","Hothouse",0,0,NA,NA,NA,NA,NA,NA,NA,"Skipped: n < 2",NA
"percentile_latbin_OLS","q90","collection10_k2_tropical_temperate_polar","Southern","Coolhouse","Transitional",0,0,NA,NA,NA,NA,NA,NA,NA,"Skipped: n < 2",NA
"percentile_latbin_OLS","q90","collection10_k2_tropical_temperate_polar","Southern","Coolhouse","Warmhouse",0,0,NA,NA,NA,NA,NA,NA,NA,"Skipped: n < 2",NA
"percentile_latbin_OLS","q90","collection10_k2_tropical_temperate_polar","Southern","Coolhouse","Hothouse",0,0,NA,NA,NA,NA,NA,NA,NA,"Skipped: n < 2",NA
"percentile_latbin_OLS","q90","collection10_k2_tropical_temperate_polar","Southern","Transitional","Warmhouse",0,0,NA,NA,NA,NA,NA,NA,NA,"Skipped: n < 2",NA
"percentile_latbin_OLS","q90","collection10_k2_tropical_temperate_polar","Southern","Transitional","Hothouse",0,0,NA,NA,NA,NA,NA,NA,NA,"Skipped: n < 2",NA
"percentile_latbin_OLS","q90","collection10_k2_tropical_temperate_polar","Southern","Warmhouse","Hothouse",0,0,NA,NA,NA,NA,NA,NA,NA,"Skipped: n < 2",NA
"percentile_latbin_OLS","q90","collection10_k3_tropical_temperate","Northern","Coldhouse","Coolhouse",0,0,NA,NA,NA,NA,NA,NA,NA,"Skipped: n < 2",NA
"percentile_latbin_OLS","q90","collection10_k3_tropical_temperate","Northern","Coldhouse","Transitional",0,0,NA,NA,NA,NA,NA,NA,NA,"Skipped: n < 2",NA
"percentile_latbin_OLS","q90","collection10_k3_tropical_temperate","Northern","Coldhouse","Warmhouse",0,0,NA,NA,NA,NA,NA,NA,NA,"Skipped: n < 2",NA
"percentile_latbin_OLS","q90","collection10_k3_tropical_temperate","Northern","Coldhouse","Hothouse",0,0,NA,NA,NA,NA,NA,NA,NA,"Skipped: n < 2",NA
"percentile_latbin_OLS","q90","collection10_k3_tropical_temperate","Northern","Coolhouse","Transitional",0,0,NA,NA,NA,NA,NA,NA,NA,"Skipped: n < 2",NA
"percentile_latbin_OLS","q90","collection10_k3_tropical_temperate","Northern","Coolhouse","Warmhouse",0,0,NA,NA,NA,NA,NA,NA,NA,"Skipped: n < 2",NA
"percentile_latbin_OLS","q90","collection10_k3_tropical_temperate","Northern","Coolhouse","Hothouse",0,0,NA,NA,NA,NA,NA,NA,NA,"Skipped: n < 2",NA
"percentile_latbin_OLS","q90","collection10_k3_tropical_temperate","Northern","Transitional","Warmhouse",0,0,NA,NA,NA,NA,NA,NA,NA,"Skipped: n < 2",NA
"percentile_latbin_OLS","q90","collection10_k3_tropical_temperate","Northern","Transitional","Hothouse",0,0,NA,NA,NA,NA,NA,NA,NA,"Skipped: n < 2",NA
"percentile_latbin_OLS","q90","collection10_k3_tropical_temperate","Northern","Warmhouse","Hothouse",0,0,NA,NA,NA,NA,NA,NA,NA,"Skipped: n < 2",NA
"percentile_latbin_OLS","q90","collection10_k3_tropical_temperate","Southern","Coldhouse","Coolhouse",0,0,NA,NA,NA,NA,NA,NA,NA,"Skipped: n < 2",NA
"percentile_latbin_OLS","q90","collection10_k3_tropical_temperate","Southern","Coldhouse","Transitional",0,0,NA,NA,NA,NA,NA,NA,NA,"Skipped: n < 2",NA
"percentile_latbin_OLS","q90","collection10_k3_tropical_temperate","Southern","Coldhouse","Warmhouse",0,0,NA,NA,NA,NA,NA,NA,NA,"Skipped: n < 2",NA
"percentile_latbin_OLS","q90","collection10_k3_tropical_temperate","Southern","Coldhouse","Hothouse",0,0,NA,NA,NA,NA,NA,NA,NA,"Skipped: n < 2",NA
"percentile_latbin_OLS","q90","collection10_k3_tropical_temperate","Southern","Coolhouse","Transitional",0,0,NA,NA,NA,NA,NA,NA,NA,"Skipped: n < 2",NA
"percentile_latbin_OLS","q90","collection10_k3_tropical_temperate","Southern","Coolhouse","Warmhouse",0,0,NA,NA,NA,NA,NA,NA,NA,"Skipped: n < 2",NA
"percentile_latbin_OLS","q90","collection10_k3_tropical_temperate","Southern","Coolhouse","Hothouse",0,0,NA,NA,NA,NA,NA,NA,NA,"Skipped: n < 2",NA
"percentile_latbin_OLS","q90","collection10_k3_tropical_temperate","Southern","Transitional","Warmhouse",0,0,NA,NA,NA,NA,NA,NA,NA,"Skipped: n < 2",NA
"percentile_latbin_OLS","q90","collection10_k3_tropical_temperate","Southern","Transitional","Hothouse",0,0,NA,NA,NA,NA,NA,NA,NA,"Skipped: n < 2",NA
"percentile_latbin_OLS","q90","collection10_k3_tropical_temperate","Southern","Warmhouse","Hothouse",0,0,NA,NA,NA,NA,NA,NA,NA,"Skipped: n < 2",NA
"percentile_latbin_OLS","q90","collection10_k3_tropical_temperate_polar","Northern","Coldhouse","Coolhouse",0,0,NA,NA,NA,NA,NA,NA,NA,"Skipped: n < 2",NA
"percentile_latbin_OLS","q90","collection10_k3_tropical_temperate_polar","Northern","Coldhouse","Transitional",0,0,NA,NA,NA,NA,NA,NA,NA,"Skipped: n < 2",NA
"percentile_latbin_OLS","q90","collection10_k3_tropical_temperate_polar","Northern","Coldhouse","Warmhouse",0,0,NA,NA,NA,NA,NA,NA,NA,"Skipped: n < 2",NA
"percentile_latbin_OLS","q90","collection10_k3_tropical_temperate_polar","Northern","Coldhouse","Hothouse",0,0,NA,NA,NA,NA,NA,NA,NA,"Skipped: n < 2",NA
"percentile_latbin_OLS","q90","collection10_k3_tropical_temperate_polar","Northern","Coolhouse","Transitional",0,0,NA,NA,NA,NA,NA,NA,NA,"Skipped: n < 2",NA
"percentile_latbin_OLS","q90","collection10_k3_tropical_temperate_polar","Northern","Coolhouse","Warmhouse",0,0,NA,NA,NA,NA,NA,NA,NA,"Skipped: n < 2",NA
"percentile_latbin_OLS","q90","collection10_k3_tropical_temperate_polar","Northern","Coolhouse","Hothouse",0,0,NA,NA,NA,NA,NA,NA,NA,"Skipped: n < 2",NA
"percentile_latbin_OLS","q90","collection10_k3_tropical_temperate_polar","Northern","Transitional","Warmhouse",0,0,NA,NA,NA,NA,NA,NA,NA,"Skipped: n < 2",NA
"percentile_latbin_OLS","q90","collection10_k3_tropical_temperate_polar","Northern","Transitional","Hothouse",0,0,NA,NA,NA,NA,NA,NA,NA,"Skipped: n < 2",NA
"percentile_latbin_OLS","q90","collection10_k3_tropical_temperate_polar","Northern","Warmhouse","Hothouse",0,0,NA,NA,NA,NA,NA,NA,NA,"Skipped: n < 2",NA
"percentile_latbin_OLS","q90","collection10_k3_tropical_temperate_polar","Southern","Coldhouse","Coolhouse",0,0,NA,NA,NA,NA,NA,NA,NA,"Skipped: n < 2",NA
"percentile_latbin_OLS","q90","collection10_k3_tropical_temperate_polar","Southern","Coldhouse","Transitional",0,0,NA,NA,NA,NA,NA,NA,NA,"Skipped: n < 2",NA
"percentile_latbin_OLS","q90","collection10_k3_tropical_temperate_polar","Southern","Coldhouse","Warmhouse",0,0,NA,NA,NA,NA,NA,NA,NA,"Skipped: n < 2",NA
"percentile_latbin_OLS","q90","collection10_k3_tropical_temperate_polar","Southern","Coldhouse","Hothouse",0,0,NA,NA,NA,NA,NA,NA,NA,"Skipped: n < 2",NA
"percentile_latbin_OLS","q90","collection10_k3_tropical_temperate_polar","Southern","Coolhouse","Transitional",0,0,NA,NA,NA,NA,NA,NA,NA,"Skipped: n < 2",NA
"percentile_latbin_OLS","q90","collection10_k3_tropical_temperate_polar","Southern","Coolhouse","Warmhouse",0,0,NA,NA,NA,NA,NA,NA,NA,"Skipped: n < 2",NA
"percentile_latbin_OLS","q90","collection10_k3_tropical_temperate_polar","Southern","Coolhouse","Hothouse",0,0,NA,NA,NA,NA,NA,NA,NA,"Skipped: n < 2",NA
"percentile_latbin_OLS","q90","collection10_k3_tropical_temperate_polar","Southern","Transitional","Warmhouse",0,0,NA,NA,NA,NA,NA,NA,NA,"Skipped: n < 2",NA
"percentile_latbin_OLS","q90","collection10_k3_tropical_temperate_polar","Southern","Transitional","Hothouse",0,0,NA,NA,NA,NA,NA,NA,NA,"Skipped: n < 2",NA
"percentile_latbin_OLS","q90","collection10_k3_tropical_temperate_polar","Southern","Warmhouse","Hothouse",0,0,NA,NA,NA,NA,NA,NA,NA,"Skipped: n < 2",NA
"percentile_latbin_OLS","q95","occurrence5_k1_tropical_temperate","Northern","Coldhouse","Coolhouse",0,0,NA,NA,NA,NA,NA,NA,NA,"Skipped: n < 2",NA
"percentile_latbin_OLS","q95","occurrence5_k1_tropical_temperate","Northern","Coldhouse","Transitional",0,0,NA,NA,NA,NA,NA,NA,NA,"Skipped: n < 2",NA
"percentile_latbin_OLS","q95","occurrence5_k1_tropical_temperate","Northern","Coldhouse","Warmhouse",0,0,NA,NA,NA,NA,NA,NA,NA,"Skipped: n < 2",NA
"percentile_latbin_OLS","q95","occurrence5_k1_tropical_temperate","Northern","Coldhouse","Hothouse",0,0,NA,NA,NA,NA,NA,NA,NA,"Skipped: n < 2",NA
"percentile_latbin_OLS","q95","occurrence5_k1_tropical_temperate","Northern","Coolhouse","Transitional",0,0,NA,NA,NA,NA,NA,NA,NA,"Skipped: n < 2",NA
"percentile_latbin_OLS","q95","occurrence5_k1_tropical_temperate","Northern","Coolhouse","Warmhouse",0,0,NA,NA,NA,NA,NA,NA,NA,"Skipped: n < 2",NA
"percentile_latbin_OLS","q95","occurrence5_k1_tropical_temperate","Northern","Coolhouse","Hothouse",0,0,NA,NA,NA,NA,NA,NA,NA,"Skipped: n < 2",NA
"percentile_latbin_OLS","q95","occurrence5_k1_tropical_temperate","Northern","Transitional","Warmhouse",0,0,NA,NA,NA,NA,NA,NA,NA,"Skipped: n < 2",NA
"percentile_latbin_OLS","q95","occurrence5_k1_tropical_temperate","Northern","Transitional","Hothouse",0,0,NA,NA,NA,NA,NA,NA,NA,"Skipped: n < 2",NA
"percentile_latbin_OLS","q95","occurrence5_k1_tropical_temperate","Northern","Warmhouse","Hothouse",0,0,NA,NA,NA,NA,NA,NA,NA,"Skipped: n < 2",NA
"percentile_latbin_OLS","q95","occurrence5_k1_tropical_temperate","Southern","Coldhouse","Coolhouse",0,0,NA,NA,NA,NA,NA,NA,NA,"Skipped: n < 2",NA
"percentile_latbin_OLS","q95","occurrence5_k1_tropical_temperate","Southern","Coldhouse","Transitional",0,0,NA,NA,NA,NA,NA,NA,NA,"Skipped: n < 2",NA
"percentile_latbin_OLS","q95","occurrence5_k1_tropical_temperate","Southern","Coldhouse","Warmhouse",0,0,NA,NA,NA,NA,NA,NA,NA,"Skipped: n < 2",NA
"percentile_latbin_OLS","q95","occurrence5_k1_tropical_temperate","Southern","Coldhouse","Hothouse",0,0,NA,NA,NA,NA,NA,NA,NA,"Skipped: n < 2",NA
"percentile_latbin_OLS","q95","occurrence5_k1_tropical_temperate","Southern","Coolhouse","Transitional",0,0,NA,NA,NA,NA,NA,NA,NA,"Skipped: n < 2",NA
"percentile_latbin_OLS","q95","occurrence5_k1_tropical_temperate","Southern","Coolhouse","Warmhouse",0,0,NA,NA,NA,NA,NA,NA,NA,"Skipped: n < 2",NA
"percentile_latbin_OLS","q95","occurrence5_k1_tropical_temperate","Southern","Coolhouse","Hothouse",0,0,NA,NA,NA,NA,NA,NA,NA,"Skipped: n < 2",NA
"percentile_latbin_OLS","q95","occurrence5_k1_tropical_temperate","Southern","Transitional","Warmhouse",0,0,NA,NA,NA,NA,NA,NA,NA,"Skipped: n < 2",NA
"percentile_latbin_OLS","q95","occurrence5_k1_tropical_temperate","Southern","Transitional","Hothouse",0,0,NA,NA,NA,NA,NA,NA,NA,"Skipped: n < 2",NA
"percentile_latbin_OLS","q95","occurrence5_k1_tropical_temperate","Southern","Warmhouse","Hothouse",0,0,NA,NA,NA,NA,NA,NA,NA,"Skipped: n < 2",NA
"percentile_latbin_OLS","q95","occurrence5_k1_tropical_temperate_polar","Northern","Coldhouse","Coolhouse",0,0,NA,NA,NA,NA,NA,NA,NA,"Skipped: n < 2",NA
"percentile_latbin_OLS","q95","occurrence5_k1_tropical_temperate_polar","Northern","Coldhouse","Transitional",0,0,NA,NA,NA,NA,NA,NA,NA,"Skipped: n < 2",NA
"percentile_latbin_OLS","q95","occurrence5_k1_tropical_temperate_polar","Northern","Coldhouse","Warmhouse",0,0,NA,NA,NA,NA,NA,NA,NA,"Skipped: n < 2",NA
"percentile_latbin_OLS","q95","occurrence5_k1_tropical_temperate_polar","Northern","Coldhouse","Hothouse",0,0,NA,NA,NA,NA,NA,NA,NA,"Skipped: n < 2",NA
"percentile_latbin_OLS","q95","occurrence5_k1_tropical_temperate_polar","Northern","Coolhouse","Transitional",0,0,NA,NA,NA,NA,NA,NA,NA,"Skipped: n < 2",NA
"percentile_latbin_OLS","q95","occurrence5_k1_tropical_temperate_polar","Northern","Coolhouse","Warmhouse",0,0,NA,NA,NA,NA,NA,NA,NA,"Skipped: n < 2",NA
"percentile_latbin_OLS","q95","occurrence5_k1_tropical_temperate_polar","Northern","Coolhouse","Hothouse",0,0,NA,NA,NA,NA,NA,NA,NA,"Skipped: n < 2",NA
"percentile_latbin_OLS","q95","occurrence5_k1_tropical_temperate_polar","Northern","Transitional","Warmhouse",0,0,NA,NA,NA,NA,NA,NA,NA,"Skipped: n < 2",NA
"percentile_latbin_OLS","q95","occurrence5_k1_tropical_temperate_polar","Northern","Transitional","Hothouse",0,0,NA,NA,NA,NA,NA,NA,NA,"Skipped: n < 2",NA
"percentile_latbin_OLS","q95","occurrence5_k1_tropical_temperate_polar","Northern","Warmhouse","Hothouse",0,0,NA,NA,NA,NA,NA,NA,NA,"Skipped: n < 2",NA
"percentile_latbin_OLS","q95","occurrence5_k1_tropical_temperate_polar","Southern","Coldhouse","Coolhouse",0,0,NA,NA,NA,NA,NA,NA,NA,"Skipped: n < 2",NA
"percentile_latbin_OLS","q95","occurrence5_k1_tropical_temperate_polar","Southern","Coldhouse","Transitional",0,0,NA,NA,NA,NA,NA,NA,NA,"Skipped: n < 2",NA
"percentile_latbin_OLS","q95","occurrence5_k1_tropical_temperate_polar","Southern","Coldhouse","Warmhouse",0,0,NA,NA,NA,NA,NA,NA,NA,"Skipped: n < 2",NA
"percentile_latbin_OLS","q95","occurrence5_k1_tropical_temperate_polar","Southern","Coldhouse","Hothouse",0,0,NA,NA,NA,NA,NA,NA,NA,"Skipped: n < 2",NA
"percentile_latbin_OLS","q95","occurrence5_k1_tropical_temperate_polar","Southern","Coolhouse","Transitional",0,0,NA,NA,NA,NA,NA,NA,NA,"Skipped: n < 2",NA
"percentile_latbin_OLS","q95","occurrence5_k1_tropical_temperate_polar","Southern","Coolhouse","Warmhouse",0,0,NA,NA,NA,NA,NA,NA,NA,"Skipped: n < 2",NA
"percentile_latbin_OLS","q95","occurrence5_k1_tropical_temperate_polar","Southern","Coolhouse","Hothouse",0,0,NA,NA,NA,NA,NA,NA,NA,"Skipped: n < 2",NA
"percentile_latbin_OLS","q95","occurrence5_k1_tropical_temperate_polar","Southern","Transitional","Warmhouse",0,0,NA,NA,NA,NA,NA,NA,NA,"Skipped: n < 2",NA
"percentile_latbin_OLS","q95","occurrence5_k1_tropical_temperate_polar","Southern","Transitional","Hothouse",0,0,NA,NA,NA,NA,NA,NA,NA,"Skipped: n < 2",NA
"percentile_latbin_OLS","q95","occurrence5_k1_tropical_temperate_polar","Southern","Warmhouse","Hothouse",0,0,NA,NA,NA,NA,NA,NA,NA,"Skipped: n < 2",NA
"percentile_latbin_OLS","q95","occurrence5_k2_tropical_temperate","Northern","Coldhouse","Coolhouse",0,0,NA,NA,NA,NA,NA,NA,NA,"Skipped: n < 2",NA
"percentile_latbin_OLS","q95","occurrence5_k2_tropical_temperate","Northern","Coldhouse","Transitional",0,0,NA,NA,NA,NA,NA,NA,NA,"Skipped: n < 2",NA
"percentile_latbin_OLS","q95","occurrence5_k2_tropical_temperate","Northern","Coldhouse","Warmhouse",0,0,NA,NA,NA,NA,NA,NA,NA,"Skipped: n < 2",NA
"percentile_latbin_OLS","q95","occurrence5_k2_tropical_temperate","Northern","Coldhouse","Hothouse",0,0,NA,NA,NA,NA,NA,NA,NA,"Skipped: n < 2",NA
"percentile_latbin_OLS","q95","occurrence5_k2_tropical_temperate","Northern","Coolhouse","Transitional",0,0,NA,NA,NA,NA,NA,NA,NA,"Skipped: n < 2",NA
"percentile_latbin_OLS","q95","occurrence5_k2_tropical_temperate","Northern","Coolhouse","Warmhouse",0,0,NA,NA,NA,NA,NA,NA,NA,"Skipped: n < 2",NA
"percentile_latbin_OLS","q95","occurrence5_k2_tropical_temperate","Northern","Coolhouse","Hothouse",0,0,NA,NA,NA,NA,NA,NA,NA,"Skipped: n < 2",NA
"percentile_latbin_OLS","q95","occurrence5_k2_tropical_temperate","Northern","Transitional","Warmhouse",0,0,NA,NA,NA,NA,NA,NA,NA,"Skipped: n < 2",NA
"percentile_latbin_OLS","q95","occurrence5_k2_tropical_temperate","Northern","Transitional","Hothouse",0,0,NA,NA,NA,NA,NA,NA,NA,"Skipped: n < 2",NA
"percentile_latbin_OLS","q95","occurrence5_k2_tropical_temperate","Northern","Warmhouse","Hothouse",0,0,NA,NA,NA,NA,NA,NA,NA,"Skipped: n < 2",NA
"percentile_latbin_OLS","q95","occurrence5_k2_tropical_temperate","Southern","Coldhouse","Coolhouse",0,0,NA,NA,NA,NA,NA,NA,NA,"Skipped: n < 2",NA
"percentile_latbin_OLS","q95","occurrence5_k2_tropical_temperate","Southern","Coldhouse","Transitional",0,0,NA,NA,NA,NA,NA,NA,NA,"Skipped: n < 2",NA
"percentile_latbin_OLS","q95","occurrence5_k2_tropical_temperate","Southern","Coldhouse","Warmhouse",0,0,NA,NA,NA,NA,NA,NA,NA,"Skipped: n < 2",NA
"percentile_latbin_OLS","q95","occurrence5_k2_tropical_temperate","Southern","Coldhouse","Hothouse",0,0,NA,NA,NA,NA,NA,NA,NA,"Skipped: n < 2",NA
"percentile_latbin_OLS","q95","occurrence5_k2_tropical_temperate","Southern","Coolhouse","Transitional",0,0,NA,NA,NA,NA,NA,NA,NA,"Skipped: n < 2",NA
"percentile_latbin_OLS","q95","occurrence5_k2_tropical_temperate","Southern","Coolhouse","Warmhouse",0,0,NA,NA,NA,NA,NA,NA,NA,"Skipped: n < 2",NA
"percentile_latbin_OLS","q95","occurrence5_k2_tropical_temperate","Southern","Coolhouse","Hothouse",0,0,NA,NA,NA,NA,NA,NA,NA,"Skipped: n < 2",NA
"percentile_latbin_OLS","q95","occurrence5_k2_tropical_temperate","Southern","Transitional","Warmhouse",0,0,NA,NA,NA,NA,NA,NA,NA,"Skipped: n < 2",NA
"percentile_latbin_OLS","q95","occurrence5_k2_tropical_temperate","Southern","Transitional","Hothouse",0,0,NA,NA,NA,NA,NA,NA,NA,"Skipped: n < 2",NA
"percentile_latbin_OLS","q95","occurrence5_k2_tropical_temperate","Southern","Warmhouse","Hothouse",0,0,NA,NA,NA,NA,NA,NA,NA,"Skipped: n < 2",NA
"percentile_latbin_OLS","q95","occurrence5_k2_tropical_temperate_polar","Northern","Coldhouse","Coolhouse",0,0,NA,NA,NA,NA,NA,NA,NA,"Skipped: n < 2",NA
"percentile_latbin_OLS","q95","occurrence5_k2_tropical_temperate_polar","Northern","Coldhouse","Transitional",0,0,NA,NA,NA,NA,NA,NA,NA,"Skipped: n < 2",NA
"percentile_latbin_OLS","q95","occurrence5_k2_tropical_temperate_polar","Northern","Coldhouse","Warmhouse",0,0,NA,NA,NA,NA,NA,NA,NA,"Skipped: n < 2",NA
"percentile_latbin_OLS","q95","occurrence5_k2_tropical_temperate_polar","Northern","Coldhouse","Hothouse",0,0,NA,NA,NA,NA,NA,NA,NA,"Skipped: n < 2",NA
"percentile_latbin_OLS","q95","occurrence5_k2_tropical_temperate_polar","Northern","Coolhouse","Transitional",0,0,NA,NA,NA,NA,NA,NA,NA,"Skipped: n < 2",NA
"percentile_latbin_OLS","q95","occurrence5_k2_tropical_temperate_polar","Northern","Coolhouse","Warmhouse",0,0,NA,NA,NA,NA,NA,NA,NA,"Skipped: n < 2",NA
"percentile_latbin_OLS","q95","occurrence5_k2_tropical_temperate_polar","Northern","Coolhouse","Hothouse",0,0,NA,NA,NA,NA,NA,NA,NA,"Skipped: n < 2",NA
"percentile_latbin_OLS","q95","occurrence5_k2_tropical_temperate_polar","Northern","Transitional","Warmhouse",0,0,NA,NA,NA,NA,NA,NA,NA,"Skipped: n < 2",NA
"percentile_latbin_OLS","q95","occurrence5_k2_tropical_temperate_polar","Northern","Transitional","Hothouse",0,0,NA,NA,NA,NA,NA,NA,NA,"Skipped: n < 2",NA
"percentile_latbin_OLS","q95","occurrence5_k2_tropical_temperate_polar","Northern","Warmhouse","Hothouse",0,0,NA,NA,NA,NA,NA,NA,NA,"Skipped: n < 2",NA
"percentile_latbin_OLS","q95","occurrence5_k2_tropical_temperate_polar","Southern","Coldhouse","Coolhouse",0,0,NA,NA,NA,NA,NA,NA,NA,"Skipped: n < 2",NA
"percentile_latbin_OLS","q95","occurrence5_k2_tropical_temperate_polar","Southern","Coldhouse","Transitional",0,0,NA,NA,NA,NA,NA,NA,NA,"Skipped: n < 2",NA
"percentile_latbin_OLS","q95","occurrence5_k2_tropical_temperate_polar","Southern","Coldhouse","Warmhouse",0,0,NA,NA,NA,NA,NA,NA,NA,"Skipped: n < 2",NA
"percentile_latbin_OLS","q95","occurrence5_k2_tropical_temperate_polar","Southern","Coldhouse","Hothouse",0,0,NA,NA,NA,NA,NA,NA,NA,"Skipped: n < 2",NA
"percentile_latbin_OLS","q95","occurrence5_k2_tropical_temperate_polar","Southern","Coolhouse","Transitional",0,0,NA,NA,NA,NA,NA,NA,NA,"Skipped: n < 2",NA
"percentile_latbin_OLS","q95","occurrence5_k2_tropical_temperate_polar","Southern","Coolhouse","Warmhouse",0,0,NA,NA,NA,NA,NA,NA,NA,"Skipped: n < 2",NA
"percentile_latbin_OLS","q95","occurrence5_k2_tropical_temperate_polar","Southern","Coolhouse","Hothouse",0,0,NA,NA,NA,NA,NA,NA,NA,"Skipped: n < 2",NA
"percentile_latbin_OLS","q95","occurrence5_k2_tropical_temperate_polar","Southern","Transitional","Warmhouse",0,0,NA,NA,NA,NA,NA,NA,NA,"Skipped: n < 2",NA
"percentile_latbin_OLS","q95","occurrence5_k2_tropical_temperate_polar","Southern","Transitional","Hothouse",0,0,NA,NA,NA,NA,NA,NA,NA,"Skipped: n < 2",NA
"percentile_latbin_OLS","q95","occurrence5_k2_tropical_temperate_polar","Southern","Warmhouse","Hothouse",0,0,NA,NA,NA,NA,NA,NA,NA,"Skipped: n < 2",NA
"percentile_latbin_OLS","q95","occurrence5_k3_tropical_temperate","Northern","Coldhouse","Coolhouse",0,0,NA,NA,NA,NA,NA,NA,NA,"Skipped: n < 2",NA
"percentile_latbin_OLS","q95","occurrence5_k3_tropical_temperate","Northern","Coldhouse","Transitional",0,0,NA,NA,NA,NA,NA,NA,NA,"Skipped: n < 2",NA
"percentile_latbin_OLS","q95","occurrence5_k3_tropical_temperate","Northern","Coldhouse","Warmhouse",0,0,NA,NA,NA,NA,NA,NA,NA,"Skipped: n < 2",NA
"percentile_latbin_OLS","q95","occurrence5_k3_tropical_temperate","Northern","Coldhouse","Hothouse",0,0,NA,NA,NA,NA,NA,NA,NA,"Skipped: n < 2",NA
"percentile_latbin_OLS","q95","occurrence5_k3_tropical_temperate","Northern","Coolhouse","Transitional",0,0,NA,NA,NA,NA,NA,NA,NA,"Skipped: n < 2",NA
"percentile_latbin_OLS","q95","occurrence5_k3_tropical_temperate","Northern","Coolhouse","Warmhouse",0,0,NA,NA,NA,NA,NA,NA,NA,"Skipped: n < 2",NA
"percentile_latbin_OLS","q95","occurrence5_k3_tropical_temperate","Northern","Coolhouse","Hothouse",0,0,NA,NA,NA,NA,NA,NA,NA,"Skipped: n < 2",NA
"percentile_latbin_OLS","q95","occurrence5_k3_tropical_temperate","Northern","Transitional","Warmhouse",0,0,NA,NA,NA,NA,NA,NA,NA,"Skipped: n < 2",NA
"percentile_latbin_OLS","q95","occurrence5_k3_tropical_temperate","Northern","Transitional","Hothouse",0,0,NA,NA,NA,NA,NA,NA,NA,"Skipped: n < 2",NA
"percentile_latbin_OLS","q95","occurrence5_k3_tropical_temperate","Northern","Warmhouse","Hothouse",0,0,NA,NA,NA,NA,NA,NA,NA,"Skipped: n < 2",NA
"percentile_latbin_OLS","q95","occurrence5_k3_tropical_temperate","Southern","Coldhouse","Coolhouse",0,0,NA,NA,NA,NA,NA,NA,NA,"Skipped: n < 2",NA
"percentile_latbin_OLS","q95","occurrence5_k3_tropical_temperate","Southern","Coldhouse","Transitional",0,0,NA,NA,NA,NA,NA,NA,NA,"Skipped: n < 2",NA
"percentile_latbin_OLS","q95","occurrence5_k3_tropical_temperate","Southern","Coldhouse","Warmhouse",0,0,NA,NA,NA,NA,NA,NA,NA,"Skipped: n < 2",NA
"percentile_latbin_OLS","q95","occurrence5_k3_tropical_temperate","Southern","Coldhouse","Hothouse",0,0,NA,NA,NA,NA,NA,NA,NA,"Skipped: n < 2",NA
"percentile_latbin_OLS","q95","occurrence5_k3_tropical_temperate","Southern","Coolhouse","Transitional",0,0,NA,NA,NA,NA,NA,NA,NA,"Skipped: n < 2",NA
"percentile_latbin_OLS","q95","occurrence5_k3_tropical_temperate","Southern","Coolhouse","Warmhouse",0,0,NA,NA,NA,NA,NA,NA,NA,"Skipped: n < 2",NA
"percentile_latbin_OLS","q95","occurrence5_k3_tropical_temperate","Southern","Coolhouse","Hothouse",0,0,NA,NA,NA,NA,NA,NA,NA,"Skipped: n < 2",NA
"percentile_latbin_OLS","q95","occurrence5_k3_tropical_temperate","Southern","Transitional","Warmhouse",0,0,NA,NA,NA,NA,NA,NA,NA,"Skipped: n < 2",NA
"percentile_latbin_OLS","q95","occurrence5_k3_tropical_temperate","Southern","Transitional","Hothouse",0,0,NA,NA,NA,NA,NA,NA,NA,"Skipped: n < 2",NA
"percentile_latbin_OLS","q95","occurrence5_k3_tropical_temperate","Southern","Warmhouse","Hothouse",0,0,NA,NA,NA,NA,NA,NA,NA,"Skipped: n < 2",NA
"percentile_latbin_OLS","q95","occurrence5_k3_tropical_temperate_polar","Northern","Coldhouse","Coolhouse",0,0,NA,NA,NA,NA,NA,NA,NA,"Skipped: n < 2",NA
"percentile_latbin_OLS","q95","occurrence5_k3_tropical_temperate_polar","Northern","Coldhouse","Transitional",0,0,NA,NA,NA,NA,NA,NA,NA,"Skipped: n < 2",NA
"percentile_latbin_OLS","q95","occurrence5_k3_tropical_temperate_polar","Northern","Coldhouse","Warmhouse",0,0,NA,NA,NA,NA,NA,NA,NA,"Skipped: n < 2",NA
"percentile_latbin_OLS","q95","occurrence5_k3_tropical_temperate_polar","Northern","Coldhouse","Hothouse",0,0,NA,NA,NA,NA,NA,NA,NA,"Skipped: n < 2",NA
"percentile_latbin_OLS","q95","occurrence5_k3_tropical_temperate_polar","Northern","Coolhouse","Transitional",0,0,NA,NA,NA,NA,NA,NA,NA,"Skipped: n < 2",NA
"percentile_latbin_OLS","q95","occurrence5_k3_tropical_temperate_polar","Northern","Coolhouse","Warmhouse",0,0,NA,NA,NA,NA,NA,NA,NA,"Skipped: n < 2",NA
"percentile_latbin_OLS","q95","occurrence5_k3_tropical_temperate_polar","Northern","Coolhouse","Hothouse",0,0,NA,NA,NA,NA,NA,NA,NA,"Skipped: n < 2",NA
"percentile_latbin_OLS","q95","occurrence5_k3_tropical_temperate_polar","Northern","Transitional","Warmhouse",0,0,NA,NA,NA,NA,NA,NA,NA,"Skipped: n < 2",NA
"percentile_latbin_OLS","q95","occurrence5_k3_tropical_temperate_polar","Northern","Transitional","Hothouse",0,0,NA,NA,NA,NA,NA,NA,NA,"Skipped: n < 2",NA
"percentile_latbin_OLS","q95","occurrence5_k3_tropical_temperate_polar","Northern","Warmhouse","Hothouse",0,0,NA,NA,NA,NA,NA,NA,NA,"Skipped: n < 2",NA
"percentile_latbin_OLS","q95","occurrence5_k3_tropical_temperate_polar","Southern","Coldhouse","Coolhouse",0,0,NA,NA,NA,NA,NA,NA,NA,"Skipped: n < 2",NA
"percentile_latbin_OLS","q95","occurrence5_k3_tropical_temperate_polar","Southern","Coldhouse","Transitional",0,0,NA,NA,NA,NA,NA,NA,NA,"Skipped: n < 2",NA
"percentile_latbin_OLS","q95","occurrence5_k3_tropical_temperate_polar","Southern","Coldhouse","Warmhouse",0,0,NA,NA,NA,NA,NA,NA,NA,"Skipped: n < 2",NA
"percentile_latbin_OLS","q95","occurrence5_k3_tropical_temperate_polar","Southern","Coldhouse","Hothouse",0,0,NA,NA,NA,NA,NA,NA,NA,"Skipped: n < 2",NA
"percentile_latbin_OLS","q95","occurrence5_k3_tropical_temperate_polar","Southern","Coolhouse","Transitional",0,0,NA,NA,NA,NA,NA,NA,NA,"Skipped: n < 2",NA
"percentile_latbin_OLS","q95","occurrence5_k3_tropical_temperate_polar","Southern","Coolhouse","Warmhouse",0,0,NA,NA,NA,NA,NA,NA,NA,"Skipped: n < 2",NA
"percentile_latbin_OLS","q95","occurrence5_k3_tropical_temperate_polar","Southern","Coolhouse","Hothouse",0,0,NA,NA,NA,NA,NA,NA,NA,"Skipped: n < 2",NA
"percentile_latbin_OLS","q95","occurrence5_k3_tropical_temperate_polar","Southern","Transitional","Warmhouse",0,0,NA,NA,NA,NA,NA,NA,NA,"Skipped: n < 2",NA
"percentile_latbin_OLS","q95","occurrence5_k3_tropical_temperate_polar","Southern","Transitional","Hothouse",0,0,NA,NA,NA,NA,NA,NA,NA,"Skipped: n < 2",NA
"percentile_latbin_OLS","q95","occurrence5_k3_tropical_temperate_polar","Southern","Warmhouse","Hothouse",0,0,NA,NA,NA,NA,NA,NA,NA,"Skipped: n < 2",NA
"percentile_latbin_OLS","q95","occurrence10_k1_tropical_temperate","Northern","Coldhouse","Coolhouse",0,0,NA,NA,NA,NA,NA,NA,NA,"Skipped: n < 2",NA
"percentile_latbin_OLS","q95","occurrence10_k1_tropical_temperate","Northern","Coldhouse","Transitional",0,0,NA,NA,NA,NA,NA,NA,NA,"Skipped: n < 2",NA
"percentile_latbin_OLS","q95","occurrence10_k1_tropical_temperate","Northern","Coldhouse","Warmhouse",0,0,NA,NA,NA,NA,NA,NA,NA,"Skipped: n < 2",NA
"percentile_latbin_OLS","q95","occurrence10_k1_tropical_temperate","Northern","Coldhouse","Hothouse",0,0,NA,NA,NA,NA,NA,NA,NA,"Skipped: n < 2",NA
"percentile_latbin_OLS","q95","occurrence10_k1_tropical_temperate","Northern","Coolhouse","Transitional",0,0,NA,NA,NA,NA,NA,NA,NA,"Skipped: n < 2",NA
"percentile_latbin_OLS","q95","occurrence10_k1_tropical_temperate","Northern","Coolhouse","Warmhouse",0,0,NA,NA,NA,NA,NA,NA,NA,"Skipped: n < 2",NA
"percentile_latbin_OLS","q95","occurrence10_k1_tropical_temperate","Northern","Coolhouse","Hothouse",0,0,NA,NA,NA,NA,NA,NA,NA,"Skipped: n < 2",NA
"percentile_latbin_OLS","q95","occurrence10_k1_tropical_temperate","Northern","Transitional","Warmhouse",0,0,NA,NA,NA,NA,NA,NA,NA,"Skipped: n < 2",NA
"percentile_latbin_OLS","q95","occurrence10_k1_tropical_temperate","Northern","Transitional","Hothouse",0,0,NA,NA,NA,NA,NA,NA,NA,"Skipped: n < 2",NA
"percentile_latbin_OLS","q95","occurrence10_k1_tropical_temperate","Northern","Warmhouse","Hothouse",0,0,NA,NA,NA,NA,NA,NA,NA,"Skipped: n < 2",NA
"percentile_latbin_OLS","q95","occurrence10_k1_tropical_temperate","Southern","Coldhouse","Coolhouse",0,0,NA,NA,NA,NA,NA,NA,NA,"Skipped: n < 2",NA
"percentile_latbin_OLS","q95","occurrence10_k1_tropical_temperate","Southern","Coldhouse","Transitional",0,0,NA,NA,NA,NA,NA,NA,NA,"Skipped: n < 2",NA
"percentile_latbin_OLS","q95","occurrence10_k1_tropical_temperate","Southern","Coldhouse","Warmhouse",0,0,NA,NA,NA,NA,NA,NA,NA,"Skipped: n < 2",NA
"percentile_latbin_OLS","q95","occurrence10_k1_tropical_temperate","Southern","Coldhouse","Hothouse",0,0,NA,NA,NA,NA,NA,NA,NA,"Skipped: n < 2",NA
"percentile_latbin_OLS","q95","occurrence10_k1_tropical_temperate","Southern","Coolhouse","Transitional",0,0,NA,NA,NA,NA,NA,NA,NA,"Skipped: n < 2",NA
"percentile_latbin_OLS","q95","occurrence10_k1_tropical_temperate","Southern","Coolhouse","Warmhouse",0,0,NA,NA,NA,NA,NA,NA,NA,"Skipped: n < 2",NA
"percentile_latbin_OLS","q95","occurrence10_k1_tropical_temperate","Southern","Coolhouse","Hothouse",0,0,NA,NA,NA,NA,NA,NA,NA,"Skipped: n < 2",NA
"percentile_latbin_OLS","q95","occurrence10_k1_tropical_temperate","Southern","Transitional","Warmhouse",0,0,NA,NA,NA,NA,NA,NA,NA,"Skipped: n < 2",NA
"percentile_latbin_OLS","q95","occurrence10_k1_tropical_temperate","Southern","Transitional","Hothouse",0,0,NA,NA,NA,NA,NA,NA,NA,"Skipped: n < 2",NA
"percentile_latbin_OLS","q95","occurrence10_k1_tropical_temperate","Southern","Warmhouse","Hothouse",0,0,NA,NA,NA,NA,NA,NA,NA,"Skipped: n < 2",NA
"percentile_latbin_OLS","q95","occurrence10_k1_tropical_temperate_polar","Northern","Coldhouse","Coolhouse",0,0,NA,NA,NA,NA,NA,NA,NA,"Skipped: n < 2",NA
"percentile_latbin_OLS","q95","occurrence10_k1_tropical_temperate_polar","Northern","Coldhouse","Transitional",0,0,NA,NA,NA,NA,NA,NA,NA,"Skipped: n < 2",NA
"percentile_latbin_OLS","q95","occurrence10_k1_tropical_temperate_polar","Northern","Coldhouse","Warmhouse",0,0,NA,NA,NA,NA,NA,NA,NA,"Skipped: n < 2",NA
"percentile_latbin_OLS","q95","occurrence10_k1_tropical_temperate_polar","Northern","Coldhouse","Hothouse",0,0,NA,NA,NA,NA,NA,NA,NA,"Skipped: n < 2",NA
"percentile_latbin_OLS","q95","occurrence10_k1_tropical_temperate_polar","Northern","Coolhouse","Transitional",0,0,NA,NA,NA,NA,NA,NA,NA,"Skipped: n < 2",NA
"percentile_latbin_OLS","q95","occurrence10_k1_tropical_temperate_polar","Northern","Coolhouse","Warmhouse",0,0,NA,NA,NA,NA,NA,NA,NA,"Skipped: n < 2",NA
"percentile_latbin_OLS","q95","occurrence10_k1_tropical_temperate_polar","Northern","Coolhouse","Hothouse",0,0,NA,NA,NA,NA,NA,NA,NA,"Skipped: n < 2",NA
"percentile_latbin_OLS","q95","occurrence10_k1_tropical_temperate_polar","Northern","Transitional","Warmhouse",0,0,NA,NA,NA,NA,NA,NA,NA,"Skipped: n < 2",NA
"percentile_latbin_OLS","q95","occurrence10_k1_tropical_temperate_polar","Northern","Transitional","Hothouse",0,0,NA,NA,NA,NA,NA,NA,NA,"Skipped: n < 2",NA
"percentile_latbin_OLS","q95","occurrence10_k1_tropical_temperate_polar","Northern","Warmhouse","Hothouse",0,0,NA,NA,NA,NA,NA,NA,NA,"Skipped: n < 2",NA
"percentile_latbin_OLS","q95","occurrence10_k1_tropical_temperate_polar","Southern","Coldhouse","Coolhouse",0,0,NA,NA,NA,NA,NA,NA,NA,"Skipped: n < 2",NA
"percentile_latbin_OLS","q95","occurrence10_k1_tropical_temperate_polar","Southern","Coldhouse","Transitional",0,0,NA,NA,NA,NA,NA,NA,NA,"Skipped: n < 2",NA
"percentile_latbin_OLS","q95","occurrence10_k1_tropical_temperate_polar","Southern","Coldhouse","Warmhouse",0,0,NA,NA,NA,NA,NA,NA,NA,"Skipped: n < 2",NA
"percentile_latbin_OLS","q95","occurrence10_k1_tropical_temperate_polar","Southern","Coldhouse","Hothouse",0,0,NA,NA,NA,NA,NA,NA,NA,"Skipped: n < 2",NA
"percentile_latbin_OLS","q95","occurrence10_k1_tropical_temperate_polar","Southern","Coolhouse","Transitional",0,0,NA,NA,NA,NA,NA,NA,NA,"Skipped: n < 2",NA
"percentile_latbin_OLS","q95","occurrence10_k1_tropical_temperate_polar","Southern","Coolhouse","Warmhouse",0,0,NA,NA,NA,NA,NA,NA,NA,"Skipped: n < 2",NA
"percentile_latbin_OLS","q95","occurrence10_k1_tropical_temperate_polar","Southern","Coolhouse","Hothouse",0,0,NA,NA,NA,NA,NA,NA,NA,"Skipped: n < 2",NA
"percentile_latbin_OLS","q95","occurrence10_k1_tropical_temperate_polar","Southern","Transitional","Warmhouse",0,0,NA,NA,NA,NA,NA,NA,NA,"Skipped: n < 2",NA
"percentile_latbin_OLS","q95","occurrence10_k1_tropical_temperate_polar","Southern","Transitional","Hothouse",0,0,NA,NA,NA,NA,NA,NA,NA,"Skipped: n < 2",NA
"percentile_latbin_OLS","q95","occurrence10_k1_tropical_temperate_polar","Southern","Warmhouse","Hothouse",0,0,NA,NA,NA,NA,NA,NA,NA,"Skipped: n < 2",NA
"percentile_latbin_OLS","q95","occurrence10_k2_tropical_temperate","Northern","Coldhouse","Coolhouse",0,0,NA,NA,NA,NA,NA,NA,NA,"Skipped: n < 2",NA
"percentile_latbin_OLS","q95","occurrence10_k2_tropical_temperate","Northern","Coldhouse","Transitional",0,0,NA,NA,NA,NA,NA,NA,NA,"Skipped: n < 2",NA
"percentile_latbin_OLS","q95","occurrence10_k2_tropical_temperate","Northern","Coldhouse","Warmhouse",0,0,NA,NA,NA,NA,NA,NA,NA,"Skipped: n < 2",NA
"percentile_latbin_OLS","q95","occurrence10_k2_tropical_temperate","Northern","Coldhouse","Hothouse",0,0,NA,NA,NA,NA,NA,NA,NA,"Skipped: n < 2",NA
"percentile_latbin_OLS","q95","occurrence10_k2_tropical_temperate","Northern","Coolhouse","Transitional",0,0,NA,NA,NA,NA,NA,NA,NA,"Skipped: n < 2",NA
"percentile_latbin_OLS","q95","occurrence10_k2_tropical_temperate","Northern","Coolhouse","Warmhouse",0,0,NA,NA,NA,NA,NA,NA,NA,"Skipped: n < 2",NA
"percentile_latbin_OLS","q95","occurrence10_k2_tropical_temperate","Northern","Coolhouse","Hothouse",0,0,NA,NA,NA,NA,NA,NA,NA,"Skipped: n < 2",NA
"percentile_latbin_OLS","q95","occurrence10_k2_tropical_temperate","Northern","Transitional","Warmhouse",0,0,NA,NA,NA,NA,NA,NA,NA,"Skipped: n < 2",NA
"percentile_latbin_OLS","q95","occurrence10_k2_tropical_temperate","Northern","Transitional","Hothouse",0,0,NA,NA,NA,NA,NA,NA,NA,"Skipped: n < 2",NA
"percentile_latbin_OLS","q95","occurrence10_k2_tropical_temperate","Northern","Warmhouse","Hothouse",0,0,NA,NA,NA,NA,NA,NA,NA,"Skipped: n < 2",NA
"percentile_latbin_OLS","q95","occurrence10_k2_tropical_temperate","Southern","Coldhouse","Coolhouse",0,0,NA,NA,NA,NA,NA,NA,NA,"Skipped: n < 2",NA
"percentile_latbin_OLS","q95","occurrence10_k2_tropical_temperate","Southern","Coldhouse","Transitional",0,0,NA,NA,NA,NA,NA,NA,NA,"Skipped: n < 2",NA
"percentile_latbin_OLS","q95","occurrence10_k2_tropical_temperate","Southern","Coldhouse","Warmhouse",0,0,NA,NA,NA,NA,NA,NA,NA,"Skipped: n < 2",NA
"percentile_latbin_OLS","q95","occurrence10_k2_tropical_temperate","Southern","Coldhouse","Hothouse",0,0,NA,NA,NA,NA,NA,NA,NA,"Skipped: n < 2",NA
"percentile_latbin_OLS","q95","occurrence10_k2_tropical_temperate","Southern","Coolhouse","Transitional",0,0,NA,NA,NA,NA,NA,NA,NA,"Skipped: n < 2",NA
"percentile_latbin_OLS","q95","occurrence10_k2_tropical_temperate","Southern","Coolhouse","Warmhouse",0,0,NA,NA,NA,NA,NA,NA,NA,"Skipped: n < 2",NA
"percentile_latbin_OLS","q95","occurrence10_k2_tropical_temperate","Southern","Coolhouse","Hothouse",0,0,NA,NA,NA,NA,NA,NA,NA,"Skipped: n < 2",NA
"percentile_latbin_OLS","q95","occurrence10_k2_tropical_temperate","Southern","Transitional","Warmhouse",0,0,NA,NA,NA,NA,NA,NA,NA,"Skipped: n < 2",NA
"percentile_latbin_OLS","q95","occurrence10_k2_tropical_temperate","Southern","Transitional","Hothouse",0,0,NA,NA,NA,NA,NA,NA,NA,"Skipped: n < 2",NA
"percentile_latbin_OLS","q95","occurrence10_k2_tropical_temperate","Southern","Warmhouse","Hothouse",0,0,NA,NA,NA,NA,NA,NA,NA,"Skipped: n < 2",NA
"percentile_latbin_OLS","q95","occurrence10_k2_tropical_temperate_polar","Northern","Coldhouse","Coolhouse",0,0,NA,NA,NA,NA,NA,NA,NA,"Skipped: n < 2",NA
"percentile_latbin_OLS","q95","occurrence10_k2_tropical_temperate_polar","Northern","Coldhouse","Transitional",0,0,NA,NA,NA,NA,NA,NA,NA,"Skipped: n < 2",NA
"percentile_latbin_OLS","q95","occurrence10_k2_tropical_temperate_polar","Northern","Coldhouse","Warmhouse",0,0,NA,NA,NA,NA,NA,NA,NA,"Skipped: n < 2",NA
"percentile_latbin_OLS","q95","occurrence10_k2_tropical_temperate_polar","Northern","Coldhouse","Hothouse",0,0,NA,NA,NA,NA,NA,NA,NA,"Skipped: n < 2",NA
"percentile_latbin_OLS","q95","occurrence10_k2_tropical_temperate_polar","Northern","Coolhouse","Transitional",0,0,NA,NA,NA,NA,NA,NA,NA,"Skipped: n < 2",NA
"percentile_latbin_OLS","q95","occurrence10_k2_tropical_temperate_polar","Northern","Coolhouse","Warmhouse",0,0,NA,NA,NA,NA,NA,NA,NA,"Skipped: n < 2",NA
"percentile_latbin_OLS","q95","occurrence10_k2_tropical_temperate_polar","Northern","Coolhouse","Hothouse",0,0,NA,NA,NA,NA,NA,NA,NA,"Skipped: n < 2",NA
"percentile_latbin_OLS","q95","occurrence10_k2_tropical_temperate_polar","Northern","Transitional","Warmhouse",0,0,NA,NA,NA,NA,NA,NA,NA,"Skipped: n < 2",NA
"percentile_latbin_OLS","q95","occurrence10_k2_tropical_temperate_polar","Northern","Transitional","Hothouse",0,0,NA,NA,NA,NA,NA,NA,NA,"Skipped: n < 2",NA
"percentile_latbin_OLS","q95","occurrence10_k2_tropical_temperate_polar","Northern","Warmhouse","Hothouse",0,0,NA,NA,NA,NA,NA,NA,NA,"Skipped: n < 2",NA
"percentile_latbin_OLS","q95","occurrence10_k2_tropical_temperate_polar","Southern","Coldhouse","Coolhouse",0,0,NA,NA,NA,NA,NA,NA,NA,"Skipped: n < 2",NA
"percentile_latbin_OLS","q95","occurrence10_k2_tropical_temperate_polar","Southern","Coldhouse","Transitional",0,0,NA,NA,NA,NA,NA,NA,NA,"Skipped: n < 2",NA
"percentile_latbin_OLS","q95","occurrence10_k2_tropical_temperate_polar","Southern","Coldhouse","Warmhouse",0,0,NA,NA,NA,NA,NA,NA,NA,"Skipped: n < 2",NA
"percentile_latbin_OLS","q95","occurrence10_k2_tropical_temperate_polar","Southern","Coldhouse","Hothouse",0,0,NA,NA,NA,NA,NA,NA,NA,"Skipped: n < 2",NA
"percentile_latbin_OLS","q95","occurrence10_k2_tropical_temperate_polar","Southern","Coolhouse","Transitional",0,0,NA,NA,NA,NA,NA,NA,NA,"Skipped: n < 2",NA
"percentile_latbin_OLS","q95","occurrence10_k2_tropical_temperate_polar","Southern","Coolhouse","Warmhouse",0,0,NA,NA,NA,NA,NA,NA,NA,"Skipped: n < 2",NA
"percentile_latbin_OLS","q95","occurrence10_k2_tropical_temperate_polar","Southern","Coolhouse","Hothouse",0,0,NA,NA,NA,NA,NA,NA,NA,"Skipped: n < 2",NA
"percentile_latbin_OLS","q95","occurrence10_k2_tropical_temperate_polar","Southern","Transitional","Warmhouse",0,0,NA,NA,NA,NA,NA,NA,NA,"Skipped: n < 2",NA
"percentile_latbin_OLS","q95","occurrence10_k2_tropical_temperate_polar","Southern","Transitional","Hothouse",0,0,NA,NA,NA,NA,NA,NA,NA,"Skipped: n < 2",NA
"percentile_latbin_OLS","q95","occurrence10_k2_tropical_temperate_polar","Southern","Warmhouse","Hothouse",0,0,NA,NA,NA,NA,NA,NA,NA,"Skipped: n < 2",NA
"percentile_latbin_OLS","q95","occurrence10_k3_tropical_temperate","Northern","Coldhouse","Coolhouse",0,0,NA,NA,NA,NA,NA,NA,NA,"Skipped: n < 2",NA
"percentile_latbin_OLS","q95","occurrence10_k3_tropical_temperate","Northern","Coldhouse","Transitional",0,0,NA,NA,NA,NA,NA,NA,NA,"Skipped: n < 2",NA
"percentile_latbin_OLS","q95","occurrence10_k3_tropical_temperate","Northern","Coldhouse","Warmhouse",0,0,NA,NA,NA,NA,NA,NA,NA,"Skipped: n < 2",NA
"percentile_latbin_OLS","q95","occurrence10_k3_tropical_temperate","Northern","Coldhouse","Hothouse",0,0,NA,NA,NA,NA,NA,NA,NA,"Skipped: n < 2",NA
"percentile_latbin_OLS","q95","occurrence10_k3_tropical_temperate","Northern","Coolhouse","Transitional",0,0,NA,NA,NA,NA,NA,NA,NA,"Skipped: n < 2",NA
"percentile_latbin_OLS","q95","occurrence10_k3_tropical_temperate","Northern","Coolhouse","Warmhouse",0,0,NA,NA,NA,NA,NA,NA,NA,"Skipped: n < 2",NA
"percentile_latbin_OLS","q95","occurrence10_k3_tropical_temperate","Northern","Coolhouse","Hothouse",0,0,NA,NA,NA,NA,NA,NA,NA,"Skipped: n < 2",NA
"percentile_latbin_OLS","q95","occurrence10_k3_tropical_temperate","Northern","Transitional","Warmhouse",0,0,NA,NA,NA,NA,NA,NA,NA,"Skipped: n < 2",NA
"percentile_latbin_OLS","q95","occurrence10_k3_tropical_temperate","Northern","Transitional","Hothouse",0,0,NA,NA,NA,NA,NA,NA,NA,"Skipped: n < 2",NA
"percentile_latbin_OLS","q95","occurrence10_k3_tropical_temperate","Northern","Warmhouse","Hothouse",0,0,NA,NA,NA,NA,NA,NA,NA,"Skipped: n < 2",NA
"percentile_latbin_OLS","q95","occurrence10_k3_tropical_temperate","Southern","Coldhouse","Coolhouse",0,0,NA,NA,NA,NA,NA,NA,NA,"Skipped: n < 2",NA
"percentile_latbin_OLS","q95","occurrence10_k3_tropical_temperate","Southern","Coldhouse","Transitional",0,0,NA,NA,NA,NA,NA,NA,NA,"Skipped: n < 2",NA
"percentile_latbin_OLS","q95","occurrence10_k3_tropical_temperate","Southern","Coldhouse","Warmhouse",0,0,NA,NA,NA,NA,NA,NA,NA,"Skipped: n < 2",NA
"percentile_latbin_OLS","q95","occurrence10_k3_tropical_temperate","Southern","Coldhouse","Hothouse",0,0,NA,NA,NA,NA,NA,NA,NA,"Skipped: n < 2",NA
"percentile_latbin_OLS","q95","occurrence10_k3_tropical_temperate","Southern","Coolhouse","Transitional",0,0,NA,NA,NA,NA,NA,NA,NA,"Skipped: n < 2",NA
"percentile_latbin_OLS","q95","occurrence10_k3_tropical_temperate","Southern","Coolhouse","Warmhouse",0,0,NA,NA,NA,NA,NA,NA,NA,"Skipped: n < 2",NA
"percentile_latbin_OLS","q95","occurrence10_k3_tropical_temperate","Southern","Coolhouse","Hothouse",0,0,NA,NA,NA,NA,NA,NA,NA,"Skipped: n < 2",NA
"percentile_latbin_OLS","q95","occurrence10_k3_tropical_temperate","Southern","Transitional","Warmhouse",0,0,NA,NA,NA,NA,NA,NA,NA,"Skipped: n < 2",NA
"percentile_latbin_OLS","q95","occurrence10_k3_tropical_temperate","Southern","Transitional","Hothouse",0,0,NA,NA,NA,NA,NA,NA,NA,"Skipped: n < 2",NA
"percentile_latbin_OLS","q95","occurrence10_k3_tropical_temperate","Southern","Warmhouse","Hothouse",0,0,NA,NA,NA,NA,NA,NA,NA,"Skipped: n < 2",NA
"percentile_latbin_OLS","q95","occurrence10_k3_tropical_temperate_polar","Northern","Coldhouse","Coolhouse",0,0,NA,NA,NA,NA,NA,NA,NA,"Skipped: n < 2",NA
"percentile_latbin_OLS","q95","occurrence10_k3_tropical_temperate_polar","Northern","Coldhouse","Transitional",0,0,NA,NA,NA,NA,NA,NA,NA,"Skipped: n < 2",NA
"percentile_latbin_OLS","q95","occurrence10_k3_tropical_temperate_polar","Northern","Coldhouse","Warmhouse",0,0,NA,NA,NA,NA,NA,NA,NA,"Skipped: n < 2",NA
"percentile_latbin_OLS","q95","occurrence10_k3_tropical_temperate_polar","Northern","Coldhouse","Hothouse",0,0,NA,NA,NA,NA,NA,NA,NA,"Skipped: n < 2",NA
"percentile_latbin_OLS","q95","occurrence10_k3_tropical_temperate_polar","Northern","Coolhouse","Transitional",0,0,NA,NA,NA,NA,NA,NA,NA,"Skipped: n < 2",NA
"percentile_latbin_OLS","q95","occurrence10_k3_tropical_temperate_polar","Northern","Coolhouse","Warmhouse",0,0,NA,NA,NA,NA,NA,NA,NA,"Skipped: n < 2",NA
"percentile_latbin_OLS","q95","occurrence10_k3_tropical_temperate_polar","Northern","Coolhouse","Hothouse",0,0,NA,NA,NA,NA,NA,NA,NA,"Skipped: n < 2",NA
"percentile_latbin_OLS","q95","occurrence10_k3_tropical_temperate_polar","Northern","Transitional","Warmhouse",0,0,NA,NA,NA,NA,NA,NA,NA,"Skipped: n < 2",NA
"percentile_latbin_OLS","q95","occurrence10_k3_tropical_temperate_polar","Northern","Transitional","Hothouse",0,0,NA,NA,NA,NA,NA,NA,NA,"Skipped: n < 2",NA
"percentile_latbin_OLS","q95","occurrence10_k3_tropical_temperate_polar","Northern","Warmhouse","Hothouse",0,0,NA,NA,NA,NA,NA,NA,NA,"Skipped: n < 2",NA
"percentile_latbin_OLS","q95","occurrence10_k3_tropical_temperate_polar","Southern","Coldhouse","Coolhouse",0,0,NA,NA,NA,NA,NA,NA,NA,"Skipped: n < 2",NA
"percentile_latbin_OLS","q95","occurrence10_k3_tropical_temperate_polar","Southern","Coldhouse","Transitional",0,0,NA,NA,NA,NA,NA,NA,NA,"Skipped: n < 2",NA
"percentile_latbin_OLS","q95","occurrence10_k3_tropical_temperate_polar","Southern","Coldhouse","Warmhouse",0,0,NA,NA,NA,NA,NA,NA,NA,"Skipped: n < 2",NA
"percentile_latbin_OLS","q95","occurrence10_k3_tropical_temperate_polar","Southern","Coldhouse","Hothouse",0,0,NA,NA,NA,NA,NA,NA,NA,"Skipped: n < 2",NA
"percentile_latbin_OLS","q95","occurrence10_k3_tropical_temperate_polar","Southern","Coolhouse","Transitional",0,0,NA,NA,NA,NA,NA,NA,NA,"Skipped: n < 2",NA
"percentile_latbin_OLS","q95","occurrence10_k3_tropical_temperate_polar","Southern","Coolhouse","Warmhouse",0,0,NA,NA,NA,NA,NA,NA,NA,"Skipped: n < 2",NA
"percentile_latbin_OLS","q95","occurrence10_k3_tropical_temperate_polar","Southern","Coolhouse","Hothouse",0,0,NA,NA,NA,NA,NA,NA,NA,"Skipped: n < 2",NA
"percentile_latbin_OLS","q95","occurrence10_k3_tropical_temperate_polar","Southern","Transitional","Warmhouse",0,0,NA,NA,NA,NA,NA,NA,NA,"Skipped: n < 2",NA
"percentile_latbin_OLS","q95","occurrence10_k3_tropical_temperate_polar","Southern","Transitional","Hothouse",0,0,NA,NA,NA,NA,NA,NA,NA,"Skipped: n < 2",NA
"percentile_latbin_OLS","q95","occurrence10_k3_tropical_temperate_polar","Southern","Warmhouse","Hothouse",0,0,NA,NA,NA,NA,NA,NA,NA,"Skipped: n < 2",NA
"percentile_latbin_OLS","q95","collection5_k1_tropical_temperate","Northern","Coldhouse","Coolhouse",0,0,NA,NA,NA,NA,NA,NA,NA,"Skipped: n < 2",NA
"percentile_latbin_OLS","q95","collection5_k1_tropical_temperate","Northern","Coldhouse","Transitional",0,0,NA,NA,NA,NA,NA,NA,NA,"Skipped: n < 2",NA
"percentile_latbin_OLS","q95","collection5_k1_tropical_temperate","Northern","Coldhouse","Warmhouse",0,0,NA,NA,NA,NA,NA,NA,NA,"Skipped: n < 2",NA
"percentile_latbin_OLS","q95","collection5_k1_tropical_temperate","Northern","Coldhouse","Hothouse",0,0,NA,NA,NA,NA,NA,NA,NA,"Skipped: n < 2",NA
"percentile_latbin_OLS","q95","collection5_k1_tropical_temperate","Northern","Coolhouse","Transitional",0,0,NA,NA,NA,NA,NA,NA,NA,"Skipped: n < 2",NA
"percentile_latbin_OLS","q95","collection5_k1_tropical_temperate","Northern","Coolhouse","Warmhouse",0,0,NA,NA,NA,NA,NA,NA,NA,"Skipped: n < 2",NA
"percentile_latbin_OLS","q95","collection5_k1_tropical_temperate","Northern","Coolhouse","Hothouse",0,0,NA,NA,NA,NA,NA,NA,NA,"Skipped: n < 2",NA
"percentile_latbin_OLS","q95","collection5_k1_tropical_temperate","Northern","Transitional","Warmhouse",0,0,NA,NA,NA,NA,NA,NA,NA,"Skipped: n < 2",NA
"percentile_latbin_OLS","q95","collection5_k1_tropical_temperate","Northern","Transitional","Hothouse",0,0,NA,NA,NA,NA,NA,NA,NA,"Skipped: n < 2",NA
"percentile_latbin_OLS","q95","collection5_k1_tropical_temperate","Northern","Warmhouse","Hothouse",0,0,NA,NA,NA,NA,NA,NA,NA,"Skipped: n < 2",NA
"percentile_latbin_OLS","q95","collection5_k1_tropical_temperate","Southern","Coldhouse","Coolhouse",0,0,NA,NA,NA,NA,NA,NA,NA,"Skipped: n < 2",NA
"percentile_latbin_OLS","q95","collection5_k1_tropical_temperate","Southern","Coldhouse","Transitional",0,0,NA,NA,NA,NA,NA,NA,NA,"Skipped: n < 2",NA
"percentile_latbin_OLS","q95","collection5_k1_tropical_temperate","Southern","Coldhouse","Warmhouse",0,0,NA,NA,NA,NA,NA,NA,NA,"Skipped: n < 2",NA
"percentile_latbin_OLS","q95","collection5_k1_tropical_temperate","Southern","Coldhouse","Hothouse",0,0,NA,NA,NA,NA,NA,NA,NA,"Skipped: n < 2",NA
"percentile_latbin_OLS","q95","collection5_k1_tropical_temperate","Southern","Coolhouse","Transitional",0,0,NA,NA,NA,NA,NA,NA,NA,"Skipped: n < 2",NA
"percentile_latbin_OLS","q95","collection5_k1_tropical_temperate","Southern","Coolhouse","Warmhouse",0,0,NA,NA,NA,NA,NA,NA,NA,"Skipped: n < 2",NA
"percentile_latbin_OLS","q95","collection5_k1_tropical_temperate","Southern","Coolhouse","Hothouse",0,0,NA,NA,NA,NA,NA,NA,NA,"Skipped: n < 2",NA
"percentile_latbin_OLS","q95","collection5_k1_tropical_temperate","Southern","Transitional","Warmhouse",0,0,NA,NA,NA,NA,NA,NA,NA,"Skipped: n < 2",NA
"percentile_latbin_OLS","q95","collection5_k1_tropical_temperate","Southern","Transitional","Hothouse",0,0,NA,NA,NA,NA,NA,NA,NA,"Skipped: n < 2",NA
"percentile_latbin_OLS","q95","collection5_k1_tropical_temperate","Southern","Warmhouse","Hothouse",0,0,NA,NA,NA,NA,NA,NA,NA,"Skipped: n < 2",NA
"percentile_latbin_OLS","q95","collection5_k1_tropical_temperate_polar","Northern","Coldhouse","Coolhouse",0,0,NA,NA,NA,NA,NA,NA,NA,"Skipped: n < 2",NA
"percentile_latbin_OLS","q95","collection5_k1_tropical_temperate_polar","Northern","Coldhouse","Transitional",0,0,NA,NA,NA,NA,NA,NA,NA,"Skipped: n < 2",NA
"percentile_latbin_OLS","q95","collection5_k1_tropical_temperate_polar","Northern","Coldhouse","Warmhouse",0,0,NA,NA,NA,NA,NA,NA,NA,"Skipped: n < 2",NA
"percentile_latbin_OLS","q95","collection5_k1_tropical_temperate_polar","Northern","Coldhouse","Hothouse",0,0,NA,NA,NA,NA,NA,NA,NA,"Skipped: n < 2",NA
"percentile_latbin_OLS","q95","collection5_k1_tropical_temperate_polar","Northern","Coolhouse","Transitional",0,0,NA,NA,NA,NA,NA,NA,NA,"Skipped: n < 2",NA
"percentile_latbin_OLS","q95","collection5_k1_tropical_temperate_polar","Northern","Coolhouse","Warmhouse",0,0,NA,NA,NA,NA,NA,NA,NA,"Skipped: n < 2",NA
"percentile_latbin_OLS","q95","collection5_k1_tropical_temperate_polar","Northern","Coolhouse","Hothouse",0,0,NA,NA,NA,NA,NA,NA,NA,"Skipped: n < 2",NA
"percentile_latbin_OLS","q95","collection5_k1_tropical_temperate_polar","Northern","Transitional","Warmhouse",0,0,NA,NA,NA,NA,NA,NA,NA,"Skipped: n < 2",NA
"percentile_latbin_OLS","q95","collection5_k1_tropical_temperate_polar","Northern","Transitional","Hothouse",0,0,NA,NA,NA,NA,NA,NA,NA,"Skipped: n < 2",NA
"percentile_latbin_OLS","q95","collection5_k1_tropical_temperate_polar","Northern","Warmhouse","Hothouse",0,0,NA,NA,NA,NA,NA,NA,NA,"Skipped: n < 2",NA
"percentile_latbin_OLS","q95","collection5_k1_tropical_temperate_polar","Southern","Coldhouse","Coolhouse",0,0,NA,NA,NA,NA,NA,NA,NA,"Skipped: n < 2",NA
"percentile_latbin_OLS","q95","collection5_k1_tropical_temperate_polar","Southern","Coldhouse","Transitional",0,0,NA,NA,NA,NA,NA,NA,NA,"Skipped: n < 2",NA
"percentile_latbin_OLS","q95","collection5_k1_tropical_temperate_polar","Southern","Coldhouse","Warmhouse",0,0,NA,NA,NA,NA,NA,NA,NA,"Skipped: n < 2",NA
"percentile_latbin_OLS","q95","collection5_k1_tropical_temperate_polar","Southern","Coldhouse","Hothouse",0,0,NA,NA,NA,NA,NA,NA,NA,"Skipped: n < 2",NA
"percentile_latbin_OLS","q95","collection5_k1_tropical_temperate_polar","Southern","Coolhouse","Transitional",0,0,NA,NA,NA,NA,NA,NA,NA,"Skipped: n < 2",NA
"percentile_latbin_OLS","q95","collection5_k1_tropical_temperate_polar","Southern","Coolhouse","Warmhouse",0,0,NA,NA,NA,NA,NA,NA,NA,"Skipped: n < 2",NA
"percentile_latbin_OLS","q95","collection5_k1_tropical_temperate_polar","Southern","Coolhouse","Hothouse",0,0,NA,NA,NA,NA,NA,NA,NA,"Skipped: n < 2",NA
"percentile_latbin_OLS","q95","collection5_k1_tropical_temperate_polar","Southern","Transitional","Warmhouse",0,0,NA,NA,NA,NA,NA,NA,NA,"Skipped: n < 2",NA
"percentile_latbin_OLS","q95","collection5_k1_tropical_temperate_polar","Southern","Transitional","Hothouse",0,0,NA,NA,NA,NA,NA,NA,NA,"Skipped: n < 2",NA
"percentile_latbin_OLS","q95","collection5_k1_tropical_temperate_polar","Southern","Warmhouse","Hothouse",0,0,NA,NA,NA,NA,NA,NA,NA,"Skipped: n < 2",NA
"percentile_latbin_OLS","q95","collection5_k2_tropical_temperate","Northern","Coldhouse","Coolhouse",0,0,NA,NA,NA,NA,NA,NA,NA,"Skipped: n < 2",NA
"percentile_latbin_OLS","q95","collection5_k2_tropical_temperate","Northern","Coldhouse","Transitional",0,0,NA,NA,NA,NA,NA,NA,NA,"Skipped: n < 2",NA
"percentile_latbin_OLS","q95","collection5_k2_tropical_temperate","Northern","Coldhouse","Warmhouse",0,0,NA,NA,NA,NA,NA,NA,NA,"Skipped: n < 2",NA
"percentile_latbin_OLS","q95","collection5_k2_tropical_temperate","Northern","Coldhouse","Hothouse",0,0,NA,NA,NA,NA,NA,NA,NA,"Skipped: n < 2",NA
"percentile_latbin_OLS","q95","collection5_k2_tropical_temperate","Northern","Coolhouse","Transitional",0,0,NA,NA,NA,NA,NA,NA,NA,"Skipped: n < 2",NA
"percentile_latbin_OLS","q95","collection5_k2_tropical_temperate","Northern","Coolhouse","Warmhouse",0,0,NA,NA,NA,NA,NA,NA,NA,"Skipped: n < 2",NA
"percentile_latbin_OLS","q95","collection5_k2_tropical_temperate","Northern","Coolhouse","Hothouse",0,0,NA,NA,NA,NA,NA,NA,NA,"Skipped: n < 2",NA
"percentile_latbin_OLS","q95","collection5_k2_tropical_temperate","Northern","Transitional","Warmhouse",0,0,NA,NA,NA,NA,NA,NA,NA,"Skipped: n < 2",NA
"percentile_latbin_OLS","q95","collection5_k2_tropical_temperate","Northern","Transitional","Hothouse",0,0,NA,NA,NA,NA,NA,NA,NA,"Skipped: n < 2",NA
"percentile_latbin_OLS","q95","collection5_k2_tropical_temperate","Northern","Warmhouse","Hothouse",0,0,NA,NA,NA,NA,NA,NA,NA,"Skipped: n < 2",NA
"percentile_latbin_OLS","q95","collection5_k2_tropical_temperate","Southern","Coldhouse","Coolhouse",0,0,NA,NA,NA,NA,NA,NA,NA,"Skipped: n < 2",NA
"percentile_latbin_OLS","q95","collection5_k2_tropical_temperate","Southern","Coldhouse","Transitional",0,0,NA,NA,NA,NA,NA,NA,NA,"Skipped: n < 2",NA
"percentile_latbin_OLS","q95","collection5_k2_tropical_temperate","Southern","Coldhouse","Warmhouse",0,0,NA,NA,NA,NA,NA,NA,NA,"Skipped: n < 2",NA
"percentile_latbin_OLS","q95","collection5_k2_tropical_temperate","Southern","Coldhouse","Hothouse",0,0,NA,NA,NA,NA,NA,NA,NA,"Skipped: n < 2",NA
"percentile_latbin_OLS","q95","collection5_k2_tropical_temperate","Southern","Coolhouse","Transitional",0,0,NA,NA,NA,NA,NA,NA,NA,"Skipped: n < 2",NA
"percentile_latbin_OLS","q95","collection5_k2_tropical_temperate","Southern","Coolhouse","Warmhouse",0,0,NA,NA,NA,NA,NA,NA,NA,"Skipped: n < 2",NA
"percentile_latbin_OLS","q95","collection5_k2_tropical_temperate","Southern","Coolhouse","Hothouse",0,0,NA,NA,NA,NA,NA,NA,NA,"Skipped: n < 2",NA
"percentile_latbin_OLS","q95","collection5_k2_tropical_temperate","Southern","Transitional","Warmhouse",0,0,NA,NA,NA,NA,NA,NA,NA,"Skipped: n < 2",NA
"percentile_latbin_OLS","q95","collection5_k2_tropical_temperate","Southern","Transitional","Hothouse",0,0,NA,NA,NA,NA,NA,NA,NA,"Skipped: n < 2",NA
"percentile_latbin_OLS","q95","collection5_k2_tropical_temperate","Southern","Warmhouse","Hothouse",0,0,NA,NA,NA,NA,NA,NA,NA,"Skipped: n < 2",NA
"percentile_latbin_OLS","q95","collection5_k2_tropical_temperate_polar","Northern","Coldhouse","Coolhouse",0,0,NA,NA,NA,NA,NA,NA,NA,"Skipped: n < 2",NA
"percentile_latbin_OLS","q95","collection5_k2_tropical_temperate_polar","Northern","Coldhouse","Transitional",0,0,NA,NA,NA,NA,NA,NA,NA,"Skipped: n < 2",NA
"percentile_latbin_OLS","q95","collection5_k2_tropical_temperate_polar","Northern","Coldhouse","Warmhouse",0,0,NA,NA,NA,NA,NA,NA,NA,"Skipped: n < 2",NA
"percentile_latbin_OLS","q95","collection5_k2_tropical_temperate_polar","Northern","Coldhouse","Hothouse",0,0,NA,NA,NA,NA,NA,NA,NA,"Skipped: n < 2",NA
"percentile_latbin_OLS","q95","collection5_k2_tropical_temperate_polar","Northern","Coolhouse","Transitional",0,0,NA,NA,NA,NA,NA,NA,NA,"Skipped: n < 2",NA
"percentile_latbin_OLS","q95","collection5_k2_tropical_temperate_polar","Northern","Coolhouse","Warmhouse",0,0,NA,NA,NA,NA,NA,NA,NA,"Skipped: n < 2",NA
"percentile_latbin_OLS","q95","collection5_k2_tropical_temperate_polar","Northern","Coolhouse","Hothouse",0,0,NA,NA,NA,NA,NA,NA,NA,"Skipped: n < 2",NA
"percentile_latbin_OLS","q95","collection5_k2_tropical_temperate_polar","Northern","Transitional","Warmhouse",0,0,NA,NA,NA,NA,NA,NA,NA,"Skipped: n < 2",NA
"percentile_latbin_OLS","q95","collection5_k2_tropical_temperate_polar","Northern","Transitional","Hothouse",0,0,NA,NA,NA,NA,NA,NA,NA,"Skipped: n < 2",NA
"percentile_latbin_OLS","q95","collection5_k2_tropical_temperate_polar","Northern","Warmhouse","Hothouse",0,0,NA,NA,NA,NA,NA,NA,NA,"Skipped: n < 2",NA
"percentile_latbin_OLS","q95","collection5_k2_tropical_temperate_polar","Southern","Coldhouse","Coolhouse",0,0,NA,NA,NA,NA,NA,NA,NA,"Skipped: n < 2",NA
"percentile_latbin_OLS","q95","collection5_k2_tropical_temperate_polar","Southern","Coldhouse","Transitional",0,0,NA,NA,NA,NA,NA,NA,NA,"Skipped: n < 2",NA
"percentile_latbin_OLS","q95","collection5_k2_tropical_temperate_polar","Southern","Coldhouse","Warmhouse",0,0,NA,NA,NA,NA,NA,NA,NA,"Skipped: n < 2",NA
"percentile_latbin_OLS","q95","collection5_k2_tropical_temperate_polar","Southern","Coldhouse","Hothouse",0,0,NA,NA,NA,NA,NA,NA,NA,"Skipped: n < 2",NA
"percentile_latbin_OLS","q95","collection5_k2_tropical_temperate_polar","Southern","Coolhouse","Transitional",0,0,NA,NA,NA,NA,NA,NA,NA,"Skipped: n < 2",NA
"percentile_latbin_OLS","q95","collection5_k2_tropical_temperate_polar","Southern","Coolhouse","Warmhouse",0,0,NA,NA,NA,NA,NA,NA,NA,"Skipped: n < 2",NA
"percentile_latbin_OLS","q95","collection5_k2_tropical_temperate_polar","Southern","Coolhouse","Hothouse",0,0,NA,NA,NA,NA,NA,NA,NA,"Skipped: n < 2",NA
"percentile_latbin_OLS","q95","collection5_k2_tropical_temperate_polar","Southern","Transitional","Warmhouse",0,0,NA,NA,NA,NA,NA,NA,NA,"Skipped: n < 2",NA
"percentile_latbin_OLS","q95","collection5_k2_tropical_temperate_polar","Southern","Transitional","Hothouse",0,0,NA,NA,NA,NA,NA,NA,NA,"Skipped: n < 2",NA
"percentile_latbin_OLS","q95","collection5_k2_tropical_temperate_polar","Southern","Warmhouse","Hothouse",0,0,NA,NA,NA,NA,NA,NA,NA,"Skipped: n < 2",NA
"percentile_latbin_OLS","q95","collection5_k3_tropical_temperate","Northern","Coldhouse","Coolhouse",0,0,NA,NA,NA,NA,NA,NA,NA,"Skipped: n < 2",NA
"percentile_latbin_OLS","q95","collection5_k3_tropical_temperate","Northern","Coldhouse","Transitional",0,0,NA,NA,NA,NA,NA,NA,NA,"Skipped: n < 2",NA
"percentile_latbin_OLS","q95","collection5_k3_tropical_temperate","Northern","Coldhouse","Warmhouse",0,0,NA,NA,NA,NA,NA,NA,NA,"Skipped: n < 2",NA
"percentile_latbin_OLS","q95","collection5_k3_tropical_temperate","Northern","Coldhouse","Hothouse",0,0,NA,NA,NA,NA,NA,NA,NA,"Skipped: n < 2",NA
"percentile_latbin_OLS","q95","collection5_k3_tropical_temperate","Northern","Coolhouse","Transitional",0,0,NA,NA,NA,NA,NA,NA,NA,"Skipped: n < 2",NA
"percentile_latbin_OLS","q95","collection5_k3_tropical_temperate","Northern","Coolhouse","Warmhouse",0,0,NA,NA,NA,NA,NA,NA,NA,"Skipped: n < 2",NA
"percentile_latbin_OLS","q95","collection5_k3_tropical_temperate","Northern","Coolhouse","Hothouse",0,0,NA,NA,NA,NA,NA,NA,NA,"Skipped: n < 2",NA
"percentile_latbin_OLS","q95","collection5_k3_tropical_temperate","Northern","Transitional","Warmhouse",0,0,NA,NA,NA,NA,NA,NA,NA,"Skipped: n < 2",NA
"percentile_latbin_OLS","q95","collection5_k3_tropical_temperate","Northern","Transitional","Hothouse",0,0,NA,NA,NA,NA,NA,NA,NA,"Skipped: n < 2",NA
"percentile_latbin_OLS","q95","collection5_k3_tropical_temperate","Northern","Warmhouse","Hothouse",0,0,NA,NA,NA,NA,NA,NA,NA,"Skipped: n < 2",NA
"percentile_latbin_OLS","q95","collection5_k3_tropical_temperate","Southern","Coldhouse","Coolhouse",0,0,NA,NA,NA,NA,NA,NA,NA,"Skipped: n < 2",NA
"percentile_latbin_OLS","q95","collection5_k3_tropical_temperate","Southern","Coldhouse","Transitional",0,0,NA,NA,NA,NA,NA,NA,NA,"Skipped: n < 2",NA
"percentile_latbin_OLS","q95","collection5_k3_tropical_temperate","Southern","Coldhouse","Warmhouse",0,0,NA,NA,NA,NA,NA,NA,NA,"Skipped: n < 2",NA
"percentile_latbin_OLS","q95","collection5_k3_tropical_temperate","Southern","Coldhouse","Hothouse",0,0,NA,NA,NA,NA,NA,NA,NA,"Skipped: n < 2",NA
"percentile_latbin_OLS","q95","collection5_k3_tropical_temperate","Southern","Coolhouse","Transitional",0,0,NA,NA,NA,NA,NA,NA,NA,"Skipped: n < 2",NA
"percentile_latbin_OLS","q95","collection5_k3_tropical_temperate","Southern","Coolhouse","Warmhouse",0,0,NA,NA,NA,NA,NA,NA,NA,"Skipped: n < 2",NA
"percentile_latbin_OLS","q95","collection5_k3_tropical_temperate","Southern","Coolhouse","Hothouse",0,0,NA,NA,NA,NA,NA,NA,NA,"Skipped: n < 2",NA
"percentile_latbin_OLS","q95","collection5_k3_tropical_temperate","Southern","Transitional","Warmhouse",0,0,NA,NA,NA,NA,NA,NA,NA,"Skipped: n < 2",NA
"percentile_latbin_OLS","q95","collection5_k3_tropical_temperate","Southern","Transitional","Hothouse",0,0,NA,NA,NA,NA,NA,NA,NA,"Skipped: n < 2",NA
"percentile_latbin_OLS","q95","collection5_k3_tropical_temperate","Southern","Warmhouse","Hothouse",0,0,NA,NA,NA,NA,NA,NA,NA,"Skipped: n < 2",NA
"percentile_latbin_OLS","q95","collection5_k3_tropical_temperate_polar","Northern","Coldhouse","Coolhouse",0,0,NA,NA,NA,NA,NA,NA,NA,"Skipped: n < 2",NA
"percentile_latbin_OLS","q95","collection5_k3_tropical_temperate_polar","Northern","Coldhouse","Transitional",0,0,NA,NA,NA,NA,NA,NA,NA,"Skipped: n < 2",NA
"percentile_latbin_OLS","q95","collection5_k3_tropical_temperate_polar","Northern","Coldhouse","Warmhouse",0,0,NA,NA,NA,NA,NA,NA,NA,"Skipped: n < 2",NA
"percentile_latbin_OLS","q95","collection5_k3_tropical_temperate_polar","Northern","Coldhouse","Hothouse",0,0,NA,NA,NA,NA,NA,NA,NA,"Skipped: n < 2",NA
"percentile_latbin_OLS","q95","collection5_k3_tropical_temperate_polar","Northern","Coolhouse","Transitional",0,0,NA,NA,NA,NA,NA,NA,NA,"Skipped: n < 2",NA
"percentile_latbin_OLS","q95","collection5_k3_tropical_temperate_polar","Northern","Coolhouse","Warmhouse",0,0,NA,NA,NA,NA,NA,NA,NA,"Skipped: n < 2",NA
"percentile_latbin_OLS","q95","collection5_k3_tropical_temperate_polar","Northern","Coolhouse","Hothouse",0,0,NA,NA,NA,NA,NA,NA,NA,"Skipped: n < 2",NA
"percentile_latbin_OLS","q95","collection5_k3_tropical_temperate_polar","Northern","Transitional","Warmhouse",0,0,NA,NA,NA,NA,NA,NA,NA,"Skipped: n < 2",NA
"percentile_latbin_OLS","q95","collection5_k3_tropical_temperate_polar","Northern","Transitional","Hothouse",0,0,NA,NA,NA,NA,NA,NA,NA,"Skipped: n < 2",NA
"percentile_latbin_OLS","q95","collection5_k3_tropical_temperate_polar","Northern","Warmhouse","Hothouse",0,0,NA,NA,NA,NA,NA,NA,NA,"Skipped: n < 2",NA
"percentile_latbin_OLS","q95","collection5_k3_tropical_temperate_polar","Southern","Coldhouse","Coolhouse",0,0,NA,NA,NA,NA,NA,NA,NA,"Skipped: n < 2",NA
"percentile_latbin_OLS","q95","collection5_k3_tropical_temperate_polar","Southern","Coldhouse","Transitional",0,0,NA,NA,NA,NA,NA,NA,NA,"Skipped: n < 2",NA
"percentile_latbin_OLS","q95","collection5_k3_tropical_temperate_polar","Southern","Coldhouse","Warmhouse",0,0,NA,NA,NA,NA,NA,NA,NA,"Skipped: n < 2",NA
"percentile_latbin_OLS","q95","collection5_k3_tropical_temperate_polar","Southern","Coldhouse","Hothouse",0,0,NA,NA,NA,NA,NA,NA,NA,"Skipped: n < 2",NA
"percentile_latbin_OLS","q95","collection5_k3_tropical_temperate_polar","Southern","Coolhouse","Transitional",0,0,NA,NA,NA,NA,NA,NA,NA,"Skipped: n < 2",NA
"percentile_latbin_OLS","q95","collection5_k3_tropical_temperate_polar","Southern","Coolhouse","Warmhouse",0,0,NA,NA,NA,NA,NA,NA,NA,"Skipped: n < 2",NA
"percentile_latbin_OLS","q95","collection5_k3_tropical_temperate_polar","Southern","Coolhouse","Hothouse",0,0,NA,NA,NA,NA,NA,NA,NA,"Skipped: n < 2",NA
"percentile_latbin_OLS","q95","collection5_k3_tropical_temperate_polar","Southern","Transitional","Warmhouse",0,0,NA,NA,NA,NA,NA,NA,NA,"Skipped: n < 2",NA
"percentile_latbin_OLS","q95","collection5_k3_tropical_temperate_polar","Southern","Transitional","Hothouse",0,0,NA,NA,NA,NA,NA,NA,NA,"Skipped: n < 2",NA
"percentile_latbin_OLS","q95","collection5_k3_tropical_temperate_polar","Southern","Warmhouse","Hothouse",0,0,NA,NA,NA,NA,NA,NA,NA,"Skipped: n < 2",NA
"percentile_latbin_OLS","q95","collection10_k1_tropical_temperate","Northern","Coldhouse","Coolhouse",0,0,NA,NA,NA,NA,NA,NA,NA,"Skipped: n < 2",NA
"percentile_latbin_OLS","q95","collection10_k1_tropical_temperate","Northern","Coldhouse","Transitional",0,0,NA,NA,NA,NA,NA,NA,NA,"Skipped: n < 2",NA
"percentile_latbin_OLS","q95","collection10_k1_tropical_temperate","Northern","Coldhouse","Warmhouse",0,0,NA,NA,NA,NA,NA,NA,NA,"Skipped: n < 2",NA
"percentile_latbin_OLS","q95","collection10_k1_tropical_temperate","Northern","Coldhouse","Hothouse",0,0,NA,NA,NA,NA,NA,NA,NA,"Skipped: n < 2",NA
"percentile_latbin_OLS","q95","collection10_k1_tropical_temperate","Northern","Coolhouse","Transitional",0,0,NA,NA,NA,NA,NA,NA,NA,"Skipped: n < 2",NA
"percentile_latbin_OLS","q95","collection10_k1_tropical_temperate","Northern","Coolhouse","Warmhouse",0,0,NA,NA,NA,NA,NA,NA,NA,"Skipped: n < 2",NA
"percentile_latbin_OLS","q95","collection10_k1_tropical_temperate","Northern","Coolhouse","Hothouse",0,0,NA,NA,NA,NA,NA,NA,NA,"Skipped: n < 2",NA
"percentile_latbin_OLS","q95","collection10_k1_tropical_temperate","Northern","Transitional","Warmhouse",0,0,NA,NA,NA,NA,NA,NA,NA,"Skipped: n < 2",NA
"percentile_latbin_OLS","q95","collection10_k1_tropical_temperate","Northern","Transitional","Hothouse",0,0,NA,NA,NA,NA,NA,NA,NA,"Skipped: n < 2",NA
"percentile_latbin_OLS","q95","collection10_k1_tropical_temperate","Northern","Warmhouse","Hothouse",0,0,NA,NA,NA,NA,NA,NA,NA,"Skipped: n < 2",NA
"percentile_latbin_OLS","q95","collection10_k1_tropical_temperate","Southern","Coldhouse","Coolhouse",0,0,NA,NA,NA,NA,NA,NA,NA,"Skipped: n < 2",NA
"percentile_latbin_OLS","q95","collection10_k1_tropical_temperate","Southern","Coldhouse","Transitional",0,0,NA,NA,NA,NA,NA,NA,NA,"Skipped: n < 2",NA
"percentile_latbin_OLS","q95","collection10_k1_tropical_temperate","Southern","Coldhouse","Warmhouse",0,0,NA,NA,NA,NA,NA,NA,NA,"Skipped: n < 2",NA
"percentile_latbin_OLS","q95","collection10_k1_tropical_temperate","Southern","Coldhouse","Hothouse",0,0,NA,NA,NA,NA,NA,NA,NA,"Skipped: n < 2",NA
"percentile_latbin_OLS","q95","collection10_k1_tropical_temperate","Southern","Coolhouse","Transitional",0,0,NA,NA,NA,NA,NA,NA,NA,"Skipped: n < 2",NA
"percentile_latbin_OLS","q95","collection10_k1_tropical_temperate","Southern","Coolhouse","Warmhouse",0,0,NA,NA,NA,NA,NA,NA,NA,"Skipped: n < 2",NA
"percentile_latbin_OLS","q95","collection10_k1_tropical_temperate","Southern","Coolhouse","Hothouse",0,0,NA,NA,NA,NA,NA,NA,NA,"Skipped: n < 2",NA
"percentile_latbin_OLS","q95","collection10_k1_tropical_temperate","Southern","Transitional","Warmhouse",0,0,NA,NA,NA,NA,NA,NA,NA,"Skipped: n < 2",NA
"percentile_latbin_OLS","q95","collection10_k1_tropical_temperate","Southern","Transitional","Hothouse",0,0,NA,NA,NA,NA,NA,NA,NA,"Skipped: n < 2",NA
"percentile_latbin_OLS","q95","collection10_k1_tropical_temperate","Southern","Warmhouse","Hothouse",0,0,NA,NA,NA,NA,NA,NA,NA,"Skipped: n < 2",NA
"percentile_latbin_OLS","q95","collection10_k1_tropical_temperate_polar","Northern","Coldhouse","Coolhouse",0,0,NA,NA,NA,NA,NA,NA,NA,"Skipped: n < 2",NA
"percentile_latbin_OLS","q95","collection10_k1_tropical_temperate_polar","Northern","Coldhouse","Transitional",0,0,NA,NA,NA,NA,NA,NA,NA,"Skipped: n < 2",NA
"percentile_latbin_OLS","q95","collection10_k1_tropical_temperate_polar","Northern","Coldhouse","Warmhouse",0,0,NA,NA,NA,NA,NA,NA,NA,"Skipped: n < 2",NA
"percentile_latbin_OLS","q95","collection10_k1_tropical_temperate_polar","Northern","Coldhouse","Hothouse",0,0,NA,NA,NA,NA,NA,NA,NA,"Skipped: n < 2",NA
"percentile_latbin_OLS","q95","collection10_k1_tropical_temperate_polar","Northern","Coolhouse","Transitional",0,0,NA,NA,NA,NA,NA,NA,NA,"Skipped: n < 2",NA
"percentile_latbin_OLS","q95","collection10_k1_tropical_temperate_polar","Northern","Coolhouse","Warmhouse",0,0,NA,NA,NA,NA,NA,NA,NA,"Skipped: n < 2",NA
"percentile_latbin_OLS","q95","collection10_k1_tropical_temperate_polar","Northern","Coolhouse","Hothouse",0,0,NA,NA,NA,NA,NA,NA,NA,"Skipped: n < 2",NA
"percentile_latbin_OLS","q95","collection10_k1_tropical_temperate_polar","Northern","Transitional","Warmhouse",0,0,NA,NA,NA,NA,NA,NA,NA,"Skipped: n < 2",NA
"percentile_latbin_OLS","q95","collection10_k1_tropical_temperate_polar","Northern","Transitional","Hothouse",0,0,NA,NA,NA,NA,NA,NA,NA,"Skipped: n < 2",NA
"percentile_latbin_OLS","q95","collection10_k1_tropical_temperate_polar","Northern","Warmhouse","Hothouse",0,0,NA,NA,NA,NA,NA,NA,NA,"Skipped: n < 2",NA
"percentile_latbin_OLS","q95","collection10_k1_tropical_temperate_polar","Southern","Coldhouse","Coolhouse",0,0,NA,NA,NA,NA,NA,NA,NA,"Skipped: n < 2",NA
"percentile_latbin_OLS","q95","collection10_k1_tropical_temperate_polar","Southern","Coldhouse","Transitional",0,0,NA,NA,NA,NA,NA,NA,NA,"Skipped: n < 2",NA
"percentile_latbin_OLS","q95","collection10_k1_tropical_temperate_polar","Southern","Coldhouse","Warmhouse",0,0,NA,NA,NA,NA,NA,NA,NA,"Skipped: n < 2",NA
"percentile_latbin_OLS","q95","collection10_k1_tropical_temperate_polar","Southern","Coldhouse","Hothouse",0,0,NA,NA,NA,NA,NA,NA,NA,"Skipped: n < 2",NA
"percentile_latbin_OLS","q95","collection10_k1_tropical_temperate_polar","Southern","Coolhouse","Transitional",0,0,NA,NA,NA,NA,NA,NA,NA,"Skipped: n < 2",NA
"percentile_latbin_OLS","q95","collection10_k1_tropical_temperate_polar","Southern","Coolhouse","Warmhouse",0,0,NA,NA,NA,NA,NA,NA,NA,"Skipped: n < 2",NA
"percentile_latbin_OLS","q95","collection10_k1_tropical_temperate_polar","Southern","Coolhouse","Hothouse",0,0,NA,NA,NA,NA,NA,NA,NA,"Skipped: n < 2",NA
"percentile_latbin_OLS","q95","collection10_k1_tropical_temperate_polar","Southern","Transitional","Warmhouse",0,0,NA,NA,NA,NA,NA,NA,NA,"Skipped: n < 2",NA
"percentile_latbin_OLS","q95","collection10_k1_tropical_temperate_polar","Southern","Transitional","Hothouse",0,0,NA,NA,NA,NA,NA,NA,NA,"Skipped: n < 2",NA
"percentile_latbin_OLS","q95","collection10_k1_tropical_temperate_polar","Southern","Warmhouse","Hothouse",0,0,NA,NA,NA,NA,NA,NA,NA,"Skipped: n < 2",NA
"percentile_latbin_OLS","q95","collection10_k2_tropical_temperate","Northern","Coldhouse","Coolhouse",0,0,NA,NA,NA,NA,NA,NA,NA,"Skipped: n < 2",NA
"percentile_latbin_OLS","q95","collection10_k2_tropical_temperate","Northern","Coldhouse","Transitional",0,0,NA,NA,NA,NA,NA,NA,NA,"Skipped: n < 2",NA
"percentile_latbin_OLS","q95","collection10_k2_tropical_temperate","Northern","Coldhouse","Warmhouse",0,0,NA,NA,NA,NA,NA,NA,NA,"Skipped: n < 2",NA
"percentile_latbin_OLS","q95","collection10_k2_tropical_temperate","Northern","Coldhouse","Hothouse",0,0,NA,NA,NA,NA,NA,NA,NA,"Skipped: n < 2",NA
"percentile_latbin_OLS","q95","collection10_k2_tropical_temperate","Northern","Coolhouse","Transitional",0,0,NA,NA,NA,NA,NA,NA,NA,"Skipped: n < 2",NA
"percentile_latbin_OLS","q95","collection10_k2_tropical_temperate","Northern","Coolhouse","Warmhouse",0,0,NA,NA,NA,NA,NA,NA,NA,"Skipped: n < 2",NA
"percentile_latbin_OLS","q95","collection10_k2_tropical_temperate","Northern","Coolhouse","Hothouse",0,0,NA,NA,NA,NA,NA,NA,NA,"Skipped: n < 2",NA
"percentile_latbin_OLS","q95","collection10_k2_tropical_temperate","Northern","Transitional","Warmhouse",0,0,NA,NA,NA,NA,NA,NA,NA,"Skipped: n < 2",NA
"percentile_latbin_OLS","q95","collection10_k2_tropical_temperate","Northern","Transitional","Hothouse",0,0,NA,NA,NA,NA,NA,NA,NA,"Skipped: n < 2",NA
"percentile_latbin_OLS","q95","collection10_k2_tropical_temperate","Northern","Warmhouse","Hothouse",0,0,NA,NA,NA,NA,NA,NA,NA,"Skipped: n < 2",NA
"percentile_latbin_OLS","q95","collection10_k2_tropical_temperate","Southern","Coldhouse","Coolhouse",0,0,NA,NA,NA,NA,NA,NA,NA,"Skipped: n < 2",NA
"percentile_latbin_OLS","q95","collection10_k2_tropical_temperate","Southern","Coldhouse","Transitional",0,0,NA,NA,NA,NA,NA,NA,NA,"Skipped: n < 2",NA
"percentile_latbin_OLS","q95","collection10_k2_tropical_temperate","Southern","Coldhouse","Warmhouse",0,0,NA,NA,NA,NA,NA,NA,NA,"Skipped: n < 2",NA
"percentile_latbin_OLS","q95","collection10_k2_tropical_temperate","Southern","Coldhouse","Hothouse",0,0,NA,NA,NA,NA,NA,NA,NA,"Skipped: n < 2",NA
"percentile_latbin_OLS","q95","collection10_k2_tropical_temperate","Southern","Coolhouse","Transitional",0,0,NA,NA,NA,NA,NA,NA,NA,"Skipped: n < 2",NA
"percentile_latbin_OLS","q95","collection10_k2_tropical_temperate","Southern","Coolhouse","Warmhouse",0,0,NA,NA,NA,NA,NA,NA,NA,"Skipped: n < 2",NA
"percentile_latbin_OLS","q95","collection10_k2_tropical_temperate","Southern","Coolhouse","Hothouse",0,0,NA,NA,NA,NA,NA,NA,NA,"Skipped: n < 2",NA
"percentile_latbin_OLS","q95","collection10_k2_tropical_temperate","Southern","Transitional","Warmhouse",0,0,NA,NA,NA,NA,NA,NA,NA,"Skipped: n < 2",NA
"percentile_latbin_OLS","q95","collection10_k2_tropical_temperate","Southern","Transitional","Hothouse",0,0,NA,NA,NA,NA,NA,NA,NA,"Skipped: n < 2",NA
"percentile_latbin_OLS","q95","collection10_k2_tropical_temperate","Southern","Warmhouse","Hothouse",0,0,NA,NA,NA,NA,NA,NA,NA,"Skipped: n < 2",NA
"percentile_latbin_OLS","q95","collection10_k2_tropical_temperate_polar","Northern","Coldhouse","Coolhouse",0,0,NA,NA,NA,NA,NA,NA,NA,"Skipped: n < 2",NA
"percentile_latbin_OLS","q95","collection10_k2_tropical_temperate_polar","Northern","Coldhouse","Transitional",0,0,NA,NA,NA,NA,NA,NA,NA,"Skipped: n < 2",NA
"percentile_latbin_OLS","q95","collection10_k2_tropical_temperate_polar","Northern","Coldhouse","Warmhouse",0,0,NA,NA,NA,NA,NA,NA,NA,"Skipped: n < 2",NA
"percentile_latbin_OLS","q95","collection10_k2_tropical_temperate_polar","Northern","Coldhouse","Hothouse",0,0,NA,NA,NA,NA,NA,NA,NA,"Skipped: n < 2",NA
"percentile_latbin_OLS","q95","collection10_k2_tropical_temperate_polar","Northern","Coolhouse","Transitional",0,0,NA,NA,NA,NA,NA,NA,NA,"Skipped: n < 2",NA
"percentile_latbin_OLS","q95","collection10_k2_tropical_temperate_polar","Northern","Coolhouse","Warmhouse",0,0,NA,NA,NA,NA,NA,NA,NA,"Skipped: n < 2",NA
"percentile_latbin_OLS","q95","collection10_k2_tropical_temperate_polar","Northern","Coolhouse","Hothouse",0,0,NA,NA,NA,NA,NA,NA,NA,"Skipped: n < 2",NA
"percentile_latbin_OLS","q95","collection10_k2_tropical_temperate_polar","Northern","Transitional","Warmhouse",0,0,NA,NA,NA,NA,NA,NA,NA,"Skipped: n < 2",NA
"percentile_latbin_OLS","q95","collection10_k2_tropical_temperate_polar","Northern","Transitional","Hothouse",0,0,NA,NA,NA,NA,NA,NA,NA,"Skipped: n < 2",NA
"percentile_latbin_OLS","q95","collection10_k2_tropical_temperate_polar","Northern","Warmhouse","Hothouse",0,0,NA,NA,NA,NA,NA,NA,NA,"Skipped: n < 2",NA
"percentile_latbin_OLS","q95","collection10_k2_tropical_temperate_polar","Southern","Coldhouse","Coolhouse",0,0,NA,NA,NA,NA,NA,NA,NA,"Skipped: n < 2",NA
"percentile_latbin_OLS","q95","collection10_k2_tropical_temperate_polar","Southern","Coldhouse","Transitional",0,0,NA,NA,NA,NA,NA,NA,NA,"Skipped: n < 2",NA
"percentile_latbin_OLS","q95","collection10_k2_tropical_temperate_polar","Southern","Coldhouse","Warmhouse",0,0,NA,NA,NA,NA,NA,NA,NA,"Skipped: n < 2",NA
"percentile_latbin_OLS","q95","collection10_k2_tropical_temperate_polar","Southern","Coldhouse","Hothouse",0,0,NA,NA,NA,NA,NA,NA,NA,"Skipped: n < 2",NA
"percentile_latbin_OLS","q95","collection10_k2_tropical_temperate_polar","Southern","Coolhouse","Transitional",0,0,NA,NA,NA,NA,NA,NA,NA,"Skipped: n < 2",NA
"percentile_latbin_OLS","q95","collection10_k2_tropical_temperate_polar","Southern","Coolhouse","Warmhouse",0,0,NA,NA,NA,NA,NA,NA,NA,"Skipped: n < 2",NA
"percentile_latbin_OLS","q95","collection10_k2_tropical_temperate_polar","Southern","Coolhouse","Hothouse",0,0,NA,NA,NA,NA,NA,NA,NA,"Skipped: n < 2",NA
"percentile_latbin_OLS","q95","collection10_k2_tropical_temperate_polar","Southern","Transitional","Warmhouse",0,0,NA,NA,NA,NA,NA,NA,NA,"Skipped: n < 2",NA
"percentile_latbin_OLS","q95","collection10_k2_tropical_temperate_polar","Southern","Transitional","Hothouse",0,0,NA,NA,NA,NA,NA,NA,NA,"Skipped: n < 2",NA
"percentile_latbin_OLS","q95","collection10_k2_tropical_temperate_polar","Southern","Warmhouse","Hothouse",0,0,NA,NA,NA,NA,NA,NA,NA,"Skipped: n < 2",NA
"percentile_latbin_OLS","q95","collection10_k3_tropical_temperate","Northern","Coldhouse","Coolhouse",0,0,NA,NA,NA,NA,NA,NA,NA,"Skipped: n < 2",NA
"percentile_latbin_OLS","q95","collection10_k3_tropical_temperate","Northern","Coldhouse","Transitional",0,0,NA,NA,NA,NA,NA,NA,NA,"Skipped: n < 2",NA
"percentile_latbin_OLS","q95","collection10_k3_tropical_temperate","Northern","Coldhouse","Warmhouse",0,0,NA,NA,NA,NA,NA,NA,NA,"Skipped: n < 2",NA
"percentile_latbin_OLS","q95","collection10_k3_tropical_temperate","Northern","Coldhouse","Hothouse",0,0,NA,NA,NA,NA,NA,NA,NA,"Skipped: n < 2",NA
"percentile_latbin_OLS","q95","collection10_k3_tropical_temperate","Northern","Coolhouse","Transitional",0,0,NA,NA,NA,NA,NA,NA,NA,"Skipped: n < 2",NA
"percentile_latbin_OLS","q95","collection10_k3_tropical_temperate","Northern","Coolhouse","Warmhouse",0,0,NA,NA,NA,NA,NA,NA,NA,"Skipped: n < 2",NA
"percentile_latbin_OLS","q95","collection10_k3_tropical_temperate","Northern","Coolhouse","Hothouse",0,0,NA,NA,NA,NA,NA,NA,NA,"Skipped: n < 2",NA
"percentile_latbin_OLS","q95","collection10_k3_tropical_temperate","Northern","Transitional","Warmhouse",0,0,NA,NA,NA,NA,NA,NA,NA,"Skipped: n < 2",NA
"percentile_latbin_OLS","q95","collection10_k3_tropical_temperate","Northern","Transitional","Hothouse",0,0,NA,NA,NA,NA,NA,NA,NA,"Skipped: n < 2",NA
"percentile_latbin_OLS","q95","collection10_k3_tropical_temperate","Northern","Warmhouse","Hothouse",0,0,NA,NA,NA,NA,NA,NA,NA,"Skipped: n < 2",NA
"percentile_latbin_OLS","q95","collection10_k3_tropical_temperate","Southern","Coldhouse","Coolhouse",0,0,NA,NA,NA,NA,NA,NA,NA,"Skipped: n < 2",NA
"percentile_latbin_OLS","q95","collection10_k3_tropical_temperate","Southern","Coldhouse","Transitional",0,0,NA,NA,NA,NA,NA,NA,NA,"Skipped: n < 2",NA
"percentile_latbin_OLS","q95","collection10_k3_tropical_temperate","Southern","Coldhouse","Warmhouse",0,0,NA,NA,NA,NA,NA,NA,NA,"Skipped: n < 2",NA
"percentile_latbin_OLS","q95","collection10_k3_tropical_temperate","Southern","Coldhouse","Hothouse",0,0,NA,NA,NA,NA,NA,NA,NA,"Skipped: n < 2",NA
"percentile_latbin_OLS","q95","collection10_k3_tropical_temperate","Southern","Coolhouse","Transitional",0,0,NA,NA,NA,NA,NA,NA,NA,"Skipped: n < 2",NA
"percentile_latbin_OLS","q95","collection10_k3_tropical_temperate","Southern","Coolhouse","Warmhouse",0,0,NA,NA,NA,NA,NA,NA,NA,"Skipped: n < 2",NA
"percentile_latbin_OLS","q95","collection10_k3_tropical_temperate","Southern","Coolhouse","Hothouse",0,0,NA,NA,NA,NA,NA,NA,NA,"Skipped: n < 2",NA
"percentile_latbin_OLS","q95","collection10_k3_tropical_temperate","Southern","Transitional","Warmhouse",0,0,NA,NA,NA,NA,NA,NA,NA,"Skipped: n < 2",NA
"percentile_latbin_OLS","q95","collection10_k3_tropical_temperate","Southern","Transitional","Hothouse",0,0,NA,NA,NA,NA,NA,NA,NA,"Skipped: n < 2",NA
"percentile_latbin_OLS","q95","collection10_k3_tropical_temperate","Southern","Warmhouse","Hothouse",0,0,NA,NA,NA,NA,NA,NA,NA,"Skipped: n < 2",NA
"percentile_latbin_OLS","q95","collection10_k3_tropical_temperate_polar","Northern","Coldhouse","Coolhouse",0,0,NA,NA,NA,NA,NA,NA,NA,"Skipped: n < 2",NA
"percentile_latbin_OLS","q95","collection10_k3_tropical_temperate_polar","Northern","Coldhouse","Transitional",0,0,NA,NA,NA,NA,NA,NA,NA,"Skipped: n < 2",NA
"percentile_latbin_OLS","q95","collection10_k3_tropical_temperate_polar","Northern","Coldhouse","Warmhouse",0,0,NA,NA,NA,NA,NA,NA,NA,"Skipped: n < 2",NA
"percentile_latbin_OLS","q95","collection10_k3_tropical_temperate_polar","Northern","Coldhouse","Hothouse",0,0,NA,NA,NA,NA,NA,NA,NA,"Skipped: n < 2",NA
"percentile_latbin_OLS","q95","collection10_k3_tropical_temperate_polar","Northern","Coolhouse","Transitional",0,0,NA,NA,NA,NA,NA,NA,NA,"Skipped: n < 2",NA
"percentile_latbin_OLS","q95","collection10_k3_tropical_temperate_polar","Northern","Coolhouse","Warmhouse",0,0,NA,NA,NA,NA,NA,NA,NA,"Skipped: n < 2",NA
"percentile_latbin_OLS","q95","collection10_k3_tropical_temperate_polar","Northern","Coolhouse","Hothouse",0,0,NA,NA,NA,NA,NA,NA,NA,"Skipped: n < 2",NA
"percentile_latbin_OLS","q95","collection10_k3_tropical_temperate_polar","Northern","Transitional","Warmhouse",0,0,NA,NA,NA,NA,NA,NA,NA,"Skipped: n < 2",NA
"percentile_latbin_OLS","q95","collection10_k3_tropical_temperate_polar","Northern","Transitional","Hothouse",0,0,NA,NA,NA,NA,NA,NA,NA,"Skipped: n < 2",NA
"percentile_latbin_OLS","q95","collection10_k3_tropical_temperate_polar","Northern","Warmhouse","Hothouse",0,0,NA,NA,NA,NA,NA,NA,NA,"Skipped: n < 2",NA
"percentile_latbin_OLS","q95","collection10_k3_tropical_temperate_polar","Southern","Coldhouse","Coolhouse",0,0,NA,NA,NA,NA,NA,NA,NA,"Skipped: n < 2",NA
"percentile_latbin_OLS","q95","collection10_k3_tropical_temperate_polar","Southern","Coldhouse","Transitional",0,0,NA,NA,NA,NA,NA,NA,NA,"Skipped: n < 2",NA
"percentile_latbin_OLS","q95","collection10_k3_tropical_temperate_polar","Southern","Coldhouse","Warmhouse",0,0,NA,NA,NA,NA,NA,NA,NA,"Skipped: n < 2",NA
"percentile_latbin_OLS","q95","collection10_k3_tropical_temperate_polar","Southern","Coldhouse","Hothouse",0,0,NA,NA,NA,NA,NA,NA,NA,"Skipped: n < 2",NA
"percentile_latbin_OLS","q95","collection10_k3_tropical_temperate_polar","Southern","Coolhouse","Transitional",0,0,NA,NA,NA,NA,NA,NA,NA,"Skipped: n < 2",NA
"percentile_latbin_OLS","q95","collection10_k3_tropical_temperate_polar","Southern","Coolhouse","Warmhouse",0,0,NA,NA,NA,NA,NA,NA,NA,"Skipped: n < 2",NA
"percentile_latbin_OLS","q95","collection10_k3_tropical_temperate_polar","Southern","Coolhouse","Hothouse",0,0,NA,NA,NA,NA,NA,NA,NA,"Skipped: n < 2",NA
"percentile_latbin_OLS","q95","collection10_k3_tropical_temperate_polar","Southern","Transitional","Warmhouse",0,0,NA,NA,NA,NA,NA,NA,NA,"Skipped: n < 2",NA
"percentile_latbin_OLS","q95","collection10_k3_tropical_temperate_polar","Southern","Transitional","Hothouse",0,0,NA,NA,NA,NA,NA,NA,NA,"Skipped: n < 2",NA
"percentile_latbin_OLS","q95","collection10_k3_tropical_temperate_polar","Southern","Warmhouse","Hothouse",0,0,NA,NA,NA,NA,NA,NA,NA,"Skipped: n < 2",NA
