"method_group","slope_metric","qc_name","qc_type","occurrence_min","collection_min","min_cells_per_latbin","zone_requirement","test","x_var","y_var","n","estimate","p_value"
"per_cell_all_cells_OLS","all_cells_slope","collection10_k1_tropical_temperate","collection",NA,10,1,"tropical_temperate","NH slope vs SH slope","slope_Northern","slope_Southern",29,0.0379310344827586,0.845119089365354
"per_cell_all_cells_OLS","all_cells_slope","collection10_k1_tropical_temperate","collection",NA,10,1,"tropical_temperate","|NH-SH slope| vs sampling-profile dissimilarity","sampling_profile_dissim","slope_diff_abs",29,0.109140185623114,0.573044853990077
"per_cell_all_cells_OLS","all_cells_slope","collection10_k1_tropical_temperate","collection",NA,10,1,"tropical_temperate","|NH-SH slope| vs k_cv difference","k_cv_diff","slope_diff_abs",29,0.0305418719211823,0.875028365213765
"per_cell_all_cells_OLS","all_cells_slope","collection10_k1_tropical_temperate","collection",NA,10,1,"tropical_temperate","|NH-SH slope| vs k_median asymmetry","k_median_asym","slope_diff_abs",29,-0.138479731988873,0.473746732503072
"per_cell_all_cells_OLS","all_cells_slope","collection10_k1_tropical_temperate","collection",NA,10,1,"tropical_temperate","|NH-SH slope| vs k_median difference","k_median_diff","slope_diff_abs",29,-0.15892547306058,0.410254142142317
"per_cell_all_cells_OLS","all_cells_slope","collection10_k1_tropical_temperate","collection",NA,10,1,"tropical_temperate","NH-SH slope vs sampling-profile dissimilarity","sampling_profile_dissim","slope_diff_signed",29,0.11012565005312,0.569564706995702
"per_cell_all_cells_OLS","all_cells_slope","collection10_k1_tropical_temperate","collection",NA,10,1,"tropical_temperate","NH-SH slope vs signed k_cv difference","k_cv_diff_signed","slope_diff_signed",29,0.183251231527094,0.341340173411734
"per_cell_all_cells_OLS","all_cells_slope","collection10_k1_tropical_temperate","collection",NA,10,1,"tropical_temperate","NH-SH slope vs signed k_median difference","k_median_diff_signed","slope_diff_signed",29,-0.298641766934393,0.115568769140519
"per_cell_all_cells_OLS","all_cells_slope","collection10_k1_tropical_temperate_polar","collection",NA,10,1,"tropical_temperate_polar","NH slope vs SH slope","slope_Northern","slope_Southern",8,-0.452380952380952,0.260404767436885
"per_cell_all_cells_OLS","all_cells_slope","collection10_k1_tropical_temperate_polar","collection",NA,10,1,"tropical_temperate_polar","|NH-SH slope| vs sampling-profile dissimilarity","sampling_profile_dissim","slope_diff_abs",8,0.5,0.20703125
"per_cell_all_cells_OLS","all_cells_slope","collection10_k1_tropical_temperate_polar","collection",NA,10,1,"tropical_temperate_polar","|NH-SH slope| vs k_cv difference","k_cv_diff","slope_diff_abs",8,0,1
"per_cell_all_cells_OLS","all_cells_slope","collection10_k1_tropical_temperate_polar","collection",NA,10,1,"tropical_temperate_polar","|NH-SH slope| vs k_median asymmetry","k_median_asym","slope_diff_abs",8,-0.284145571386755,0.495209384229227
"per_cell_all_cells_OLS","all_cells_slope","collection10_k1_tropical_temperate_polar","collection",NA,10,1,"tropical_temperate_polar","|NH-SH slope| vs k_median difference","k_median_diff","slope_diff_abs",8,0.0274928699614108,0.948476838810781
"per_cell_all_cells_OLS","all_cells_slope","collection10_k1_tropical_temperate_polar","collection",NA,10,1,"tropical_temperate_polar","NH-SH slope vs sampling-profile dissimilarity","sampling_profile_dissim","slope_diff_signed",8,-0.19047619047619,0.651401495702482
"per_cell_all_cells_OLS","all_cells_slope","collection10_k1_tropical_temperate_polar","collection",NA,10,1,"tropical_temperate_polar","NH-SH slope vs signed k_cv difference","k_cv_diff_signed","slope_diff_signed",8,0.0476190476190476,0.910849168519584
"per_cell_all_cells_OLS","all_cells_slope","collection10_k1_tropical_temperate_polar","collection",NA,10,1,"tropical_temperate_polar","NH-SH slope vs signed k_median difference","k_median_diff_signed","slope_diff_signed",8,-0.432395434718976,0.284644423937494
"per_cell_all_cells_OLS","all_cells_slope","collection10_k2_tropical_temperate","collection",NA,10,2,"tropical_temperate","NH slope vs SH slope","slope_Northern","slope_Southern",10,-0.224242424242424,0.533400561272595
"per_cell_all_cells_OLS","all_cells_slope","collection10_k2_tropical_temperate","collection",NA,10,2,"tropical_temperate","|NH-SH slope| vs sampling-profile dissimilarity","sampling_profile_dissim","slope_diff_abs",10,0.0181818181818182,0.960240418128624
"per_cell_all_cells_OLS","all_cells_slope","collection10_k2_tropical_temperate","collection",NA,10,2,"tropical_temperate","|NH-SH slope| vs k_cv difference","k_cv_diff","slope_diff_abs",10,0.163636363636364,0.651477342796243
"per_cell_all_cells_OLS","all_cells_slope","collection10_k2_tropical_temperate","collection",NA,10,2,"tropical_temperate","|NH-SH slope| vs k_median asymmetry","k_median_asym","slope_diff_abs",10,0.214691648620157,0.551416726163851
"per_cell_all_cells_OLS","all_cells_slope","collection10_k2_tropical_temperate","collection",NA,10,2,"tropical_temperate","|NH-SH slope| vs k_median difference","k_median_diff","slope_diff_abs",10,0.27524094128159,0.441487372562929
"per_cell_all_cells_OLS","all_cells_slope","collection10_k2_tropical_temperate","collection",NA,10,2,"tropical_temperate","NH-SH slope vs sampling-profile dissimilarity","sampling_profile_dissim","slope_diff_signed",10,-0.127272727272727,0.72605701476279
"per_cell_all_cells_OLS","all_cells_slope","collection10_k2_tropical_temperate","collection",NA,10,2,"tropical_temperate","NH-SH slope vs signed k_cv difference","k_cv_diff_signed","slope_diff_signed",10,0.2,0.579584
"per_cell_all_cells_OLS","all_cells_slope","collection10_k2_tropical_temperate","collection",NA,10,2,"tropical_temperate","NH-SH slope vs signed k_median difference","k_median_diff_signed","slope_diff_signed",10,-0.303094092169633,0.394606694100423
"per_cell_all_cells_OLS","all_cells_slope","collection10_k2_tropical_temperate_polar","collection",NA,10,2,"tropical_temperate_polar","NH slope vs SH slope","slope_Northern","slope_Southern",2,NA,NA
"per_cell_all_cells_OLS","all_cells_slope","collection10_k2_tropical_temperate_polar","collection",NA,10,2,"tropical_temperate_polar","|NH-SH slope| vs sampling-profile dissimilarity","sampling_profile_dissim","slope_diff_abs",2,NA,NA
"per_cell_all_cells_OLS","all_cells_slope","collection10_k2_tropical_temperate_polar","collection",NA,10,2,"tropical_temperate_polar","|NH-SH slope| vs k_cv difference","k_cv_diff","slope_diff_abs",2,NA,NA
"per_cell_all_cells_OLS","all_cells_slope","collection10_k2_tropical_temperate_polar","collection",NA,10,2,"tropical_temperate_polar","|NH-SH slope| vs k_median asymmetry","k_median_asym","slope_diff_abs",2,NA,NA
"per_cell_all_cells_OLS","all_cells_slope","collection10_k2_tropical_temperate_polar","collection",NA,10,2,"tropical_temperate_polar","|NH-SH slope| vs k_median difference","k_median_diff","slope_diff_abs",2,NA,NA
"per_cell_all_cells_OLS","all_cells_slope","collection10_k2_tropical_temperate_polar","collection",NA,10,2,"tropical_temperate_polar","NH-SH slope vs sampling-profile dissimilarity","sampling_profile_dissim","slope_diff_signed",2,NA,NA
"per_cell_all_cells_OLS","all_cells_slope","collection10_k2_tropical_temperate_polar","collection",NA,10,2,"tropical_temperate_polar","NH-SH slope vs signed k_cv difference","k_cv_diff_signed","slope_diff_signed",2,NA,NA
"per_cell_all_cells_OLS","all_cells_slope","collection10_k2_tropical_temperate_polar","collection",NA,10,2,"tropical_temperate_polar","NH-SH slope vs signed k_median difference","k_median_diff_signed","slope_diff_signed",2,NA,NA
"per_cell_all_cells_OLS","all_cells_slope","collection5_k1_tropical_temperate","collection",NA,5,1,"tropical_temperate","NH slope vs SH slope","slope_Northern","slope_Southern",51,0.117194570135747,0.412777386448017
"per_cell_all_cells_OLS","all_cells_slope","collection5_k1_tropical_temperate","collection",NA,5,1,"tropical_temperate","|NH-SH slope| vs sampling-profile dissimilarity","sampling_profile_dissim","slope_diff_abs",51,0.135294117647059,0.34384155802866
"per_cell_all_cells_OLS","all_cells_slope","collection5_k1_tropical_temperate","collection",NA,5,1,"tropical_temperate","|NH-SH slope| vs k_cv difference","k_cv_diff","slope_diff_abs",51,0.162352941176471,0.25501209977625
"per_cell_all_cells_OLS","all_cells_slope","collection5_k1_tropical_temperate","collection",NA,5,1,"tropical_temperate","|NH-SH slope| vs k_median asymmetry","k_median_asym","slope_diff_abs",51,0.104178789493984,0.466904854282058
"per_cell_all_cells_OLS","all_cells_slope","collection5_k1_tropical_temperate","collection",NA,5,1,"tropical_temperate","|NH-SH slope| vs k_median difference","k_median_diff","slope_diff_abs",51,-0.0376025741477572,0.793343504241351
"per_cell_all_cells_OLS","all_cells_slope","collection5_k1_tropical_temperate","collection",NA,5,1,"tropical_temperate","NH-SH slope vs sampling-profile dissimilarity","sampling_profile_dissim","slope_diff_signed",51,-0.0294117647058823,0.83766660381688
"per_cell_all_cells_OLS","all_cells_slope","collection5_k1_tropical_temperate","collection",NA,5,1,"tropical_temperate","NH-SH slope vs signed k_cv difference","k_cv_diff_signed","slope_diff_signed",51,-0.017737556561086,0.901678865230335
"per_cell_all_cells_OLS","all_cells_slope","collection5_k1_tropical_temperate","collection",NA,5,1,"tropical_temperate","NH-SH slope vs signed k_median difference","k_median_diff_signed","slope_diff_signed",51,0.104527745429448,0.46540570454568
"per_cell_all_cells_OLS","all_cells_slope","collection5_k1_tropical_temperate_polar","collection",NA,5,1,"tropical_temperate_polar","NH slope vs SH slope","slope_Northern","slope_Southern",21,0.122077922077922,0.598086485200657
"per_cell_all_cells_OLS","all_cells_slope","collection5_k1_tropical_temperate_polar","collection",NA,5,1,"tropical_temperate_polar","|NH-SH slope| vs sampling-profile dissimilarity","sampling_profile_dissim","slope_diff_abs",21,0.0051948051948052,0.9821704184352
"per_cell_all_cells_OLS","all_cells_slope","collection5_k1_tropical_temperate_polar","collection",NA,5,1,"tropical_temperate_polar","|NH-SH slope| vs k_cv difference","k_cv_diff","slope_diff_abs",21,0.0558441558441558,0.809999213719994
"per_cell_all_cells_OLS","all_cells_slope","collection5_k1_tropical_temperate_polar","collection",NA,5,1,"tropical_temperate_polar","|NH-SH slope| vs k_median asymmetry","k_median_asym","slope_diff_abs",21,0.0732773042802712,0.752259547338348
"per_cell_all_cells_OLS","all_cells_slope","collection5_k1_tropical_temperate_polar","collection",NA,5,1,"tropical_temperate_polar","|NH-SH slope| vs k_median difference","k_median_diff","slope_diff_abs",21,-0.0718350223858065,0.756992909987695
"per_cell_all_cells_OLS","all_cells_slope","collection5_k1_tropical_temperate_polar","collection",NA,5,1,"tropical_temperate_polar","NH-SH slope vs sampling-profile dissimilarity","sampling_profile_dissim","slope_diff_signed",21,-0.162337662337662,0.482020187235559
"per_cell_all_cells_OLS","all_cells_slope","collection5_k1_tropical_temperate_polar","collection",NA,5,1,"tropical_temperate_polar","NH-SH slope vs signed k_cv difference","k_cv_diff_signed","slope_diff_signed",21,0.381818181818182,0.0876405357845381
"per_cell_all_cells_OLS","all_cells_slope","collection5_k1_tropical_temperate_polar","collection",NA,5,1,"tropical_temperate_polar","NH-SH slope vs signed k_median difference","k_median_diff_signed","slope_diff_signed",21,-0.0859544494960406,0.711039564854855
"per_cell_all_cells_OLS","all_cells_slope","collection5_k2_tropical_temperate","collection",NA,5,2,"tropical_temperate","NH slope vs SH slope","slope_Northern","slope_Southern",16,0.158823529411765,0.556861281085539
"per_cell_all_cells_OLS","all_cells_slope","collection5_k2_tropical_temperate","collection",NA,5,2,"tropical_temperate","|NH-SH slope| vs sampling-profile dissimilarity","sampling_profile_dissim","slope_diff_abs",16,-0.129411764705882,0.63288233246826
"per_cell_all_cells_OLS","all_cells_slope","collection5_k2_tropical_temperate","collection",NA,5,2,"tropical_temperate","|NH-SH slope| vs k_cv difference","k_cv_diff","slope_diff_abs",16,0.205882352941176,0.444284641052144
"per_cell_all_cells_OLS","all_cells_slope","collection5_k2_tropical_temperate","collection",NA,5,2,"tropical_temperate","|NH-SH slope| vs k_median asymmetry","k_median_asym","slope_diff_abs",16,0.200605205143545,0.456299690754999
"per_cell_all_cells_OLS","all_cells_slope","collection5_k2_tropical_temperate","collection",NA,5,2,"tropical_temperate","|NH-SH slope| vs k_median difference","k_median_diff","slope_diff_abs",16,0.0843997301065346,0.755976690952182
"per_cell_all_cells_OLS","all_cells_slope","collection5_k2_tropical_temperate","collection",NA,5,2,"tropical_temperate","NH-SH slope vs sampling-profile dissimilarity","sampling_profile_dissim","slope_diff_signed",16,-0.208823529411765,0.4376585109498
"per_cell_all_cells_OLS","all_cells_slope","collection5_k2_tropical_temperate","collection",NA,5,2,"tropical_temperate","NH-SH slope vs signed k_cv difference","k_cv_diff_signed","slope_diff_signed",16,0.088235294117647,0.745222094367133
"per_cell_all_cells_OLS","all_cells_slope","collection5_k2_tropical_temperate","collection",NA,5,2,"tropical_temperate","NH-SH slope vs signed k_median difference","k_median_diff_signed","slope_diff_signed",16,0.246314633739655,0.357772437852241
"per_cell_all_cells_OLS","all_cells_slope","collection5_k2_tropical_temperate_polar","collection",NA,5,2,"tropical_temperate_polar","NH slope vs SH slope","slope_Northern","slope_Southern",6,0.0285714285714286,0.957154518950437
"per_cell_all_cells_OLS","all_cells_slope","collection5_k2_tropical_temperate_polar","collection",NA,5,2,"tropical_temperate_polar","|NH-SH slope| vs sampling-profile dissimilarity","sampling_profile_dissim","slope_diff_abs",6,-0.314285714285714,0.544093294460641
"per_cell_all_cells_OLS","all_cells_slope","collection5_k2_tropical_temperate_polar","collection",NA,5,2,"tropical_temperate_polar","|NH-SH slope| vs k_cv difference","k_cv_diff","slope_diff_abs",6,0.142857142857143,0.787172011661808
"per_cell_all_cells_OLS","all_cells_slope","collection5_k2_tropical_temperate_polar","collection",NA,5,2,"tropical_temperate_polar","|NH-SH slope| vs k_median asymmetry","k_median_asym","slope_diff_abs",6,-0.0285714285714286,0.957154518950437
"per_cell_all_cells_OLS","all_cells_slope","collection5_k2_tropical_temperate_polar","collection",NA,5,2,"tropical_temperate_polar","|NH-SH slope| vs k_median difference","k_median_diff","slope_diff_abs",6,-0.0617213399848368,0.907535554479859
"per_cell_all_cells_OLS","all_cells_slope","collection5_k2_tropical_temperate_polar","collection",NA,5,2,"tropical_temperate_polar","NH-SH slope vs sampling-profile dissimilarity","sampling_profile_dissim","slope_diff_signed",6,0.428571428571429,0.396501457725947
"per_cell_all_cells_OLS","all_cells_slope","collection5_k2_tropical_temperate_polar","collection",NA,5,2,"tropical_temperate_polar","NH-SH slope vs signed k_cv difference","k_cv_diff_signed","slope_diff_signed",6,0.657142857142857,0.156174927113702
"per_cell_all_cells_OLS","all_cells_slope","collection5_k2_tropical_temperate_polar","collection",NA,5,2,"tropical_temperate_polar","NH-SH slope vs signed k_median difference","k_median_diff_signed","slope_diff_signed",6,-0.64733887497015,0.164624594681378
"per_cell_all_cells_OLS","all_cells_slope","collection5_k3_tropical_temperate","collection",NA,5,3,"tropical_temperate","NH slope vs SH slope","slope_Northern","slope_Southern",3,1,0
"per_cell_all_cells_OLS","all_cells_slope","collection5_k3_tropical_temperate","collection",NA,5,3,"tropical_temperate","|NH-SH slope| vs sampling-profile dissimilarity","sampling_profile_dissim","slope_diff_abs",3,0.5,0.666666666666667
"per_cell_all_cells_OLS","all_cells_slope","collection5_k3_tropical_temperate","collection",NA,5,3,"tropical_temperate","|NH-SH slope| vs k_cv difference","k_cv_diff","slope_diff_abs",3,1,0
"per_cell_all_cells_OLS","all_cells_slope","collection5_k3_tropical_temperate","collection",NA,5,3,"tropical_temperate","|NH-SH slope| vs k_median asymmetry","k_median_asym","slope_diff_abs",3,-0.5,0.666666666666667
"per_cell_all_cells_OLS","all_cells_slope","collection5_k3_tropical_temperate","collection",NA,5,3,"tropical_temperate","|NH-SH slope| vs k_median difference","k_median_diff","slope_diff_abs",3,-0.5,0.666666666666667
"per_cell_all_cells_OLS","all_cells_slope","collection5_k3_tropical_temperate","collection",NA,5,3,"tropical_temperate","NH-SH slope vs sampling-profile dissimilarity","sampling_profile_dissim","slope_diff_signed",3,-0.5,0.666666666666667
"per_cell_all_cells_OLS","all_cells_slope","collection5_k3_tropical_temperate","collection",NA,5,3,"tropical_temperate","NH-SH slope vs signed k_cv difference","k_cv_diff_signed","slope_diff_signed",3,0.5,0.666666666666667
"per_cell_all_cells_OLS","all_cells_slope","collection5_k3_tropical_temperate","collection",NA,5,3,"tropical_temperate","NH-SH slope vs signed k_median difference","k_median_diff_signed","slope_diff_signed",3,-0.5,0.666666666666667
"per_cell_all_cells_OLS","all_cells_slope","collection5_k3_tropical_temperate_polar","collection",NA,5,3,"tropical_temperate_polar","NH slope vs SH slope","slope_Northern","slope_Southern",1,NA,NA
"per_cell_all_cells_OLS","all_cells_slope","collection5_k3_tropical_temperate_polar","collection",NA,5,3,"tropical_temperate_polar","|NH-SH slope| vs sampling-profile dissimilarity","sampling_profile_dissim","slope_diff_abs",1,NA,NA
"per_cell_all_cells_OLS","all_cells_slope","collection5_k3_tropical_temperate_polar","collection",NA,5,3,"tropical_temperate_polar","|NH-SH slope| vs k_cv difference","k_cv_diff","slope_diff_abs",1,NA,NA
"per_cell_all_cells_OLS","all_cells_slope","collection5_k3_tropical_temperate_polar","collection",NA,5,3,"tropical_temperate_polar","|NH-SH slope| vs k_median asymmetry","k_median_asym","slope_diff_abs",1,NA,NA
"per_cell_all_cells_OLS","all_cells_slope","collection5_k3_tropical_temperate_polar","collection",NA,5,3,"tropical_temperate_polar","|NH-SH slope| vs k_median difference","k_median_diff","slope_diff_abs",1,NA,NA
"per_cell_all_cells_OLS","all_cells_slope","collection5_k3_tropical_temperate_polar","collection",NA,5,3,"tropical_temperate_polar","NH-SH slope vs sampling-profile dissimilarity","sampling_profile_dissim","slope_diff_signed",1,NA,NA
"per_cell_all_cells_OLS","all_cells_slope","collection5_k3_tropical_temperate_polar","collection",NA,5,3,"tropical_temperate_polar","NH-SH slope vs signed k_cv difference","k_cv_diff_signed","slope_diff_signed",1,NA,NA
"per_cell_all_cells_OLS","all_cells_slope","collection5_k3_tropical_temperate_polar","collection",NA,5,3,"tropical_temperate_polar","NH-SH slope vs signed k_median difference","k_median_diff_signed","slope_diff_signed",1,NA,NA
"per_cell_all_cells_OLS","all_cells_slope","occurrence10_k1_tropical_temperate","occurrence",10,NA,1,"tropical_temperate","NH slope vs SH slope","slope_Northern","slope_Southern",52,0.0802527106633655,0.57169555436622
"per_cell_all_cells_OLS","all_cells_slope","occurrence10_k1_tropical_temperate","occurrence",10,NA,1,"tropical_temperate","|NH-SH slope| vs sampling-profile dissimilarity","sampling_profile_dissim","slope_diff_abs",52,0.183385981388201,0.193143250386248
"per_cell_all_cells_OLS","all_cells_slope","occurrence10_k1_tropical_temperate","occurrence",10,NA,1,"tropical_temperate","|NH-SH slope| vs k_cv difference","k_cv_diff","slope_diff_abs",52,0.088363356953812,0.533331852316245
"per_cell_all_cells_OLS","all_cells_slope","occurrence10_k1_tropical_temperate","occurrence",10,NA,1,"tropical_temperate","|NH-SH slope| vs k_median asymmetry","k_median_asym","slope_diff_abs",52,-0.102804172343655,0.468307701130631
"per_cell_all_cells_OLS","all_cells_slope","occurrence10_k1_tropical_temperate","occurrence",10,NA,1,"tropical_temperate","|NH-SH slope| vs k_median difference","k_median_diff","slope_diff_abs",52,-0.125466195045851,0.375474567855962
"per_cell_all_cells_OLS","all_cells_slope","occurrence10_k1_tropical_temperate","occurrence",10,NA,1,"tropical_temperate","NH-SH slope vs sampling-profile dissimilarity","sampling_profile_dissim","slope_diff_signed",52,0.0332109621787757,0.815194310560571
"per_cell_all_cells_OLS","all_cells_slope","occurrence10_k1_tropical_temperate","occurrence",10,NA,1,"tropical_temperate","NH-SH slope vs signed k_cv difference","k_cv_diff_signed","slope_diff_signed",52,0.0214291812516008,0.880142288910673
"per_cell_all_cells_OLS","all_cells_slope","occurrence10_k1_tropical_temperate","occurrence",10,NA,1,"tropical_temperate","NH-SH slope vs signed k_median difference","k_median_diff_signed","slope_diff_signed",52,0.0799366451086644,0.57321592623447
"per_cell_all_cells_OLS","all_cells_slope","occurrence10_k1_tropical_temperate_polar","occurrence",10,NA,1,"tropical_temperate_polar","NH slope vs SH slope","slope_Northern","slope_Southern",19,0.115789473684211,0.636895929204322
"per_cell_all_cells_OLS","all_cells_slope","occurrence10_k1_tropical_temperate_polar","occurrence",10,NA,1,"tropical_temperate_polar","|NH-SH slope| vs sampling-profile dissimilarity","sampling_profile_dissim","slope_diff_abs",19,0.228070175438597,0.347678009235039
"per_cell_all_cells_OLS","all_cells_slope","occurrence10_k1_tropical_temperate_polar","occurrence",10,NA,1,"tropical_temperate_polar","|NH-SH slope| vs k_cv difference","k_cv_diff","slope_diff_abs",19,-0.23859649122807,0.325254541178285
"per_cell_all_cells_OLS","all_cells_slope","occurrence10_k1_tropical_temperate_polar","occurrence",10,NA,1,"tropical_temperate_polar","|NH-SH slope| vs k_median asymmetry","k_median_asym","slope_diff_abs",19,-0.093935899053571,0.702085276380137
"per_cell_all_cells_OLS","all_cells_slope","occurrence10_k1_tropical_temperate_polar","occurrence",10,NA,1,"tropical_temperate_polar","|NH-SH slope| vs k_median difference","k_median_diff","slope_diff_abs",19,-0.0399324031419376,0.871062995695736
"per_cell_all_cells_OLS","all_cells_slope","occurrence10_k1_tropical_temperate_polar","occurrence",10,NA,1,"tropical_temperate_polar","NH-SH slope vs sampling-profile dissimilarity","sampling_profile_dissim","slope_diff_signed",19,0.0894736842105263,0.715662748843165
"per_cell_all_cells_OLS","all_cells_slope","occurrence10_k1_tropical_temperate_polar","occurrence",10,NA,1,"tropical_temperate_polar","NH-SH slope vs signed k_cv difference","k_cv_diff_signed","slope_diff_signed",19,0.387719298245614,0.100965150997553
"per_cell_all_cells_OLS","all_cells_slope","occurrence10_k1_tropical_temperate_polar","occurrence",10,NA,1,"tropical_temperate_polar","NH-SH slope vs signed k_median difference","k_median_diff_signed","slope_diff_signed",19,-0.269467805100544,0.264577570256886
"per_cell_all_cells_OLS","all_cells_slope","occurrence10_k2_tropical_temperate","occurrence",10,NA,2,"tropical_temperate","NH slope vs SH slope","slope_Northern","slope_Southern",17,-0.303921568627451,0.235635841277305
"per_cell_all_cells_OLS","all_cells_slope","occurrence10_k2_tropical_temperate","occurrence",10,NA,2,"tropical_temperate","|NH-SH slope| vs sampling-profile dissimilarity","sampling_profile_dissim","slope_diff_abs",17,-0.188725490196078,0.468192284279853
"per_cell_all_cells_OLS","all_cells_slope","occurrence10_k2_tropical_temperate","occurrence",10,NA,2,"tropical_temperate","|NH-SH slope| vs k_cv difference","k_cv_diff","slope_diff_abs",17,0.485294117647059,0.0483081942842584
"per_cell_all_cells_OLS","all_cells_slope","occurrence10_k2_tropical_temperate","occurrence",10,NA,2,"tropical_temperate","|NH-SH slope| vs k_median asymmetry","k_median_asym","slope_diff_abs",17,0.295437512096654,0.249622792240831
"per_cell_all_cells_OLS","all_cells_slope","occurrence10_k2_tropical_temperate","occurrence",10,NA,2,"tropical_temperate","|NH-SH slope| vs k_median difference","k_median_diff","slope_diff_abs",17,0.178563386463889,0.492902408749462
"per_cell_all_cells_OLS","all_cells_slope","occurrence10_k2_tropical_temperate","occurrence",10,NA,2,"tropical_temperate","NH-SH slope vs sampling-profile dissimilarity","sampling_profile_dissim","slope_diff_signed",17,0.276960784313726,0.281843162514077
"per_cell_all_cells_OLS","all_cells_slope","occurrence10_k2_tropical_temperate","occurrence",10,NA,2,"tropical_temperate","NH-SH slope vs signed k_cv difference","k_cv_diff_signed","slope_diff_signed",17,-0.0122549019607843,0.962767575388697
"per_cell_all_cells_OLS","all_cells_slope","occurrence10_k2_tropical_temperate","occurrence",10,NA,2,"tropical_temperate","NH-SH slope vs signed k_median difference","k_median_diff_signed","slope_diff_signed",17,0.268913873726567,0.296628891014681
"per_cell_all_cells_OLS","all_cells_slope","occurrence10_k2_tropical_temperate_polar","occurrence",10,NA,2,"tropical_temperate_polar","NH slope vs SH slope","slope_Northern","slope_Southern",4,-0.8,0.2
"per_cell_all_cells_OLS","all_cells_slope","occurrence10_k2_tropical_temperate_polar","occurrence",10,NA,2,"tropical_temperate_polar","|NH-SH slope| vs sampling-profile dissimilarity","sampling_profile_dissim","slope_diff_abs",4,-0.6,0.4
"per_cell_all_cells_OLS","all_cells_slope","occurrence10_k2_tropical_temperate_polar","occurrence",10,NA,2,"tropical_temperate_polar","|NH-SH slope| vs k_cv difference","k_cv_diff","slope_diff_abs",4,-0.4,0.6
"per_cell_all_cells_OLS","all_cells_slope","occurrence10_k2_tropical_temperate_polar","occurrence",10,NA,2,"tropical_temperate_polar","|NH-SH slope| vs k_median asymmetry","k_median_asym","slope_diff_abs",4,1,0
"per_cell_all_cells_OLS","all_cells_slope","occurrence10_k2_tropical_temperate_polar","occurrence",10,NA,2,"tropical_temperate_polar","|NH-SH slope| vs k_median difference","k_median_diff","slope_diff_abs",4,0.948683298050514,0.0513167019494861
"per_cell_all_cells_OLS","all_cells_slope","occurrence10_k2_tropical_temperate_polar","occurrence",10,NA,2,"tropical_temperate_polar","NH-SH slope vs sampling-profile dissimilarity","sampling_profile_dissim","slope_diff_signed",4,0.4,0.6
"per_cell_all_cells_OLS","all_cells_slope","occurrence10_k2_tropical_temperate_polar","occurrence",10,NA,2,"tropical_temperate_polar","NH-SH slope vs signed k_cv difference","k_cv_diff_signed","slope_diff_signed",4,0.8,0.2
"per_cell_all_cells_OLS","all_cells_slope","occurrence10_k2_tropical_temperate_polar","occurrence",10,NA,2,"tropical_temperate_polar","NH-SH slope vs signed k_median difference","k_median_diff_signed","slope_diff_signed",4,-0.105409255338946,0.894590744661054
"per_cell_all_cells_OLS","all_cells_slope","occurrence10_k3_tropical_temperate","occurrence",10,NA,3,"tropical_temperate","NH slope vs SH slope","slope_Northern","slope_Southern",3,1,0
"per_cell_all_cells_OLS","all_cells_slope","occurrence10_k3_tropical_temperate","occurrence",10,NA,3,"tropical_temperate","|NH-SH slope| vs sampling-profile dissimilarity","sampling_profile_dissim","slope_diff_abs",3,0.5,0.666666666666667
"per_cell_all_cells_OLS","all_cells_slope","occurrence10_k3_tropical_temperate","occurrence",10,NA,3,"tropical_temperate","|NH-SH slope| vs k_cv difference","k_cv_diff","slope_diff_abs",3,0.5,0.666666666666667
"per_cell_all_cells_OLS","all_cells_slope","occurrence10_k3_tropical_temperate","occurrence",10,NA,3,"tropical_temperate","|NH-SH slope| vs k_median asymmetry","k_median_asym","slope_diff_abs",3,0.866025403784439,0.333333333333333
"per_cell_all_cells_OLS","all_cells_slope","occurrence10_k3_tropical_temperate","occurrence",10,NA,3,"tropical_temperate","|NH-SH slope| vs k_median difference","k_median_diff","slope_diff_abs",3,0.866025403784439,0.333333333333333
"per_cell_all_cells_OLS","all_cells_slope","occurrence10_k3_tropical_temperate","occurrence",10,NA,3,"tropical_temperate","NH-SH slope vs sampling-profile dissimilarity","sampling_profile_dissim","slope_diff_signed",3,-0.5,0.666666666666667
"per_cell_all_cells_OLS","all_cells_slope","occurrence10_k3_tropical_temperate","occurrence",10,NA,3,"tropical_temperate","NH-SH slope vs signed k_cv difference","k_cv_diff_signed","slope_diff_signed",3,0.5,0.666666666666667
"per_cell_all_cells_OLS","all_cells_slope","occurrence10_k3_tropical_temperate","occurrence",10,NA,3,"tropical_temperate","NH-SH slope vs signed k_median difference","k_median_diff_signed","slope_diff_signed",3,-0.866025403784439,0.333333333333333
"per_cell_all_cells_OLS","all_cells_slope","occurrence5_k1_tropical_temperate","occurrence",5,NA,1,"tropical_temperate","NH slope vs SH slope","slope_Northern","slope_Southern",55,0.235209235209235,0.0838742463204072
"per_cell_all_cells_OLS","all_cells_slope","occurrence5_k1_tropical_temperate","occurrence",5,NA,1,"tropical_temperate","|NH-SH slope| vs sampling-profile dissimilarity","sampling_profile_dissim","slope_diff_abs",55,0.0452380952380952,0.742944380686684
"per_cell_all_cells_OLS","all_cells_slope","occurrence5_k1_tropical_temperate","occurrence",5,NA,1,"tropical_temperate","|NH-SH slope| vs k_cv difference","k_cv_diff","slope_diff_abs",55,-0.01002886002886,0.942069142035277
"per_cell_all_cells_OLS","all_cells_slope","occurrence5_k1_tropical_temperate","occurrence",5,NA,1,"tropical_temperate","|NH-SH slope| vs k_median asymmetry","k_median_asym","slope_diff_abs",55,-0.0070964707745567,0.958990346225328
"per_cell_all_cells_OLS","all_cells_slope","occurrence5_k1_tropical_temperate","occurrence",5,NA,1,"tropical_temperate","|NH-SH slope| vs k_median difference","k_median_diff","slope_diff_abs",55,-0.0334321799731829,0.808538038145448
"per_cell_all_cells_OLS","all_cells_slope","occurrence5_k1_tropical_temperate","occurrence",5,NA,1,"tropical_temperate","NH-SH slope vs sampling-profile dissimilarity","sampling_profile_dissim","slope_diff_signed",55,0.110822510822511,0.420537194681125
"per_cell_all_cells_OLS","all_cells_slope","occurrence5_k1_tropical_temperate","occurrence",5,NA,1,"tropical_temperate","NH-SH slope vs signed k_cv difference","k_cv_diff_signed","slope_diff_signed",55,0.0383116883116883,0.781240391733672
"per_cell_all_cells_OLS","all_cells_slope","occurrence5_k1_tropical_temperate","occurrence",5,NA,1,"tropical_temperate","NH-SH slope vs signed k_median difference","k_median_diff_signed","slope_diff_signed",55,0.116890326450833,0.395386556147125
"per_cell_all_cells_OLS","all_cells_slope","occurrence5_k1_tropical_temperate_polar","occurrence",5,NA,1,"tropical_temperate_polar","NH slope vs SH slope","slope_Northern","slope_Southern",25,0.226153846153846,0.277019673500719
"per_cell_all_cells_OLS","all_cells_slope","occurrence5_k1_tropical_temperate_polar","occurrence",5,NA,1,"tropical_temperate_polar","|NH-SH slope| vs sampling-profile dissimilarity","sampling_profile_dissim","slope_diff_abs",25,-0.0869230769230769,0.679498024677208
"per_cell_all_cells_OLS","all_cells_slope","occurrence5_k1_tropical_temperate_polar","occurrence",5,NA,1,"tropical_temperate_polar","|NH-SH slope| vs k_cv difference","k_cv_diff","slope_diff_abs",25,0.0115384615384615,0.956345357435828
"per_cell_all_cells_OLS","all_cells_slope","occurrence5_k1_tropical_temperate_polar","occurrence",5,NA,1,"tropical_temperate_polar","|NH-SH slope| vs k_median asymmetry","k_median_asym","slope_diff_abs",25,-0.0376938577957545,0.858029165717303
"per_cell_all_cells_OLS","all_cells_slope","occurrence5_k1_tropical_temperate_polar","occurrence",5,NA,1,"tropical_temperate_polar","|NH-SH slope| vs k_median difference","k_median_diff","slope_diff_abs",25,-0.0462772721809122,0.82613786164024
"per_cell_all_cells_OLS","all_cells_slope","occurrence5_k1_tropical_temperate_polar","occurrence",5,NA,1,"tropical_temperate_polar","NH-SH slope vs sampling-profile dissimilarity","sampling_profile_dissim","slope_diff_signed",25,-0.0246153846153846,0.907023948542434
"per_cell_all_cells_OLS","all_cells_slope","occurrence5_k1_tropical_temperate_polar","occurrence",5,NA,1,"tropical_temperate_polar","NH-SH slope vs signed k_cv difference","k_cv_diff_signed","slope_diff_signed",25,0.0230769230769231,0.912812592529089
"per_cell_all_cells_OLS","all_cells_slope","occurrence5_k1_tropical_temperate_polar","occurrence",5,NA,1,"tropical_temperate_polar","NH-SH slope vs signed k_median difference","k_median_diff_signed","slope_diff_signed",25,0.0606346206344483,0.773410560052161
"per_cell_all_cells_OLS","all_cells_slope","occurrence5_k2_tropical_temperate","occurrence",5,NA,2,"tropical_temperate","NH slope vs SH slope","slope_Northern","slope_Southern",26,0.316239316239316,0.115508833826502
"per_cell_all_cells_OLS","all_cells_slope","occurrence5_k2_tropical_temperate","occurrence",5,NA,2,"tropical_temperate","|NH-SH slope| vs sampling-profile dissimilarity","sampling_profile_dissim","slope_diff_abs",26,-0.0646153846153846,0.753825618259991
"per_cell_all_cells_OLS","all_cells_slope","occurrence5_k2_tropical_temperate","occurrence",5,NA,2,"tropical_temperate","|NH-SH slope| vs k_cv difference","k_cv_diff","slope_diff_abs",26,0.125470085470085,0.541377750932617
"per_cell_all_cells_OLS","all_cells_slope","occurrence5_k2_tropical_temperate","occurrence",5,NA,2,"tropical_temperate","|NH-SH slope| vs k_median asymmetry","k_median_asym","slope_diff_abs",26,0.0750838563535047,0.715454736321872
"per_cell_all_cells_OLS","all_cells_slope","occurrence5_k2_tropical_temperate","occurrence",5,NA,2,"tropical_temperate","|NH-SH slope| vs k_median difference","k_median_diff","slope_diff_abs",26,-0.022698246734828,0.91236139303974
"per_cell_all_cells_OLS","all_cells_slope","occurrence5_k2_tropical_temperate","occurrence",5,NA,2,"tropical_temperate","NH-SH slope vs sampling-profile dissimilarity","sampling_profile_dissim","slope_diff_signed",26,0.122735042735043,0.550297163523992
"per_cell_all_cells_OLS","all_cells_slope","occurrence5_k2_tropical_temperate","occurrence",5,NA,2,"tropical_temperate","NH-SH slope vs signed k_cv difference","k_cv_diff_signed","slope_diff_signed",26,-0.0160683760683761,0.937901079638836
"per_cell_all_cells_OLS","all_cells_slope","occurrence5_k2_tropical_temperate","occurrence",5,NA,2,"tropical_temperate","NH-SH slope vs signed k_median difference","k_median_diff_signed","slope_diff_signed",26,0.296354986565566,0.141545771808128
"per_cell_all_cells_OLS","all_cells_slope","occurrence5_k2_tropical_temperate_polar","occurrence",5,NA,2,"tropical_temperate_polar","NH slope vs SH slope","slope_Northern","slope_Southern",8,0,1
"per_cell_all_cells_OLS","all_cells_slope","occurrence5_k2_tropical_temperate_polar","occurrence",5,NA,2,"tropical_temperate_polar","|NH-SH slope| vs sampling-profile dissimilarity","sampling_profile_dissim","slope_diff_abs",8,-0.214285714285714,0.610344415645267
"per_cell_all_cells_OLS","all_cells_slope","occurrence5_k2_tropical_temperate_polar","occurrence",5,NA,2,"tropical_temperate_polar","|NH-SH slope| vs k_cv difference","k_cv_diff","slope_diff_abs",8,0.142857142857143,0.735764859879812
"per_cell_all_cells_OLS","all_cells_slope","occurrence5_k2_tropical_temperate_polar","occurrence",5,NA,2,"tropical_temperate_polar","|NH-SH slope| vs k_median asymmetry","k_median_asym","slope_diff_abs",8,0.503304331543742,0.203561578278664
"per_cell_all_cells_OLS","all_cells_slope","occurrence5_k2_tropical_temperate_polar","occurrence",5,NA,2,"tropical_temperate_polar","|NH-SH slope| vs k_median difference","k_median_diff","slope_diff_abs",8,0.483196756951126,0.225148916797635
"per_cell_all_cells_OLS","all_cells_slope","occurrence5_k2_tropical_temperate_polar","occurrence",5,NA,2,"tropical_temperate_polar","NH-SH slope vs sampling-profile dissimilarity","sampling_profile_dissim","slope_diff_signed",8,-0.19047619047619,0.651401495702482
"per_cell_all_cells_OLS","all_cells_slope","occurrence5_k2_tropical_temperate_polar","occurrence",5,NA,2,"tropical_temperate_polar","NH-SH slope vs signed k_cv difference","k_cv_diff_signed","slope_diff_signed",8,0.476190476190476,0.232935534650098
"per_cell_all_cells_OLS","all_cells_slope","occurrence5_k2_tropical_temperate_polar","occurrence",5,NA,2,"tropical_temperate_polar","NH-SH slope vs signed k_median difference","k_median_diff_signed","slope_diff_signed",8,-0.306485666543278,0.460311847458112
"per_cell_all_cells_OLS","all_cells_slope","occurrence5_k3_tropical_temperate","occurrence",5,NA,3,"tropical_temperate","NH slope vs SH slope","slope_Northern","slope_Southern",6,0.828571428571429,0.0415626822157434
"per_cell_all_cells_OLS","all_cells_slope","occurrence5_k3_tropical_temperate","occurrence",5,NA,3,"tropical_temperate","|NH-SH slope| vs sampling-profile dissimilarity","sampling_profile_dissim","slope_diff_abs",6,0.0857142857142857,0.871743440233236
"per_cell_all_cells_OLS","all_cells_slope","occurrence5_k3_tropical_temperate","occurrence",5,NA,3,"tropical_temperate","|NH-SH slope| vs k_cv difference","k_cv_diff","slope_diff_abs",6,0.371428571428571,0.468478134110787
"per_cell_all_cells_OLS","all_cells_slope","occurrence5_k3_tropical_temperate","occurrence",5,NA,3,"tropical_temperate","|NH-SH slope| vs k_median asymmetry","k_median_asym","slope_diff_abs",6,0.0857142857142857,0.871743440233236
"per_cell_all_cells_OLS","all_cells_slope","occurrence5_k3_tropical_temperate","occurrence",5,NA,3,"tropical_temperate","|NH-SH slope| vs k_median difference","k_median_diff","slope_diff_abs",6,0,1
"per_cell_all_cells_OLS","all_cells_slope","occurrence5_k3_tropical_temperate","occurrence",5,NA,3,"tropical_temperate","NH-SH slope vs sampling-profile dissimilarity","sampling_profile_dissim","slope_diff_signed",6,-0.0857142857142857,0.871743440233237
"per_cell_all_cells_OLS","all_cells_slope","occurrence5_k3_tropical_temperate","occurrence",5,NA,3,"tropical_temperate","NH-SH slope vs signed k_cv difference","k_cv_diff_signed","slope_diff_signed",6,-0.714285714285714,0.110787172011662
"per_cell_all_cells_OLS","all_cells_slope","occurrence5_k3_tropical_temperate","occurrence",5,NA,3,"tropical_temperate","NH-SH slope vs signed k_median difference","k_median_diff_signed","slope_diff_signed",6,0.142857142857143,0.787172011661808
"per_cell_all_cells_OLS","all_cells_slope","occurrence5_k3_tropical_temperate_polar","occurrence",5,NA,3,"tropical_temperate_polar","NH slope vs SH slope","slope_Northern","slope_Southern",2,NA,NA
"per_cell_all_cells_OLS","all_cells_slope","occurrence5_k3_tropical_temperate_polar","occurrence",5,NA,3,"tropical_temperate_polar","|NH-SH slope| vs sampling-profile dissimilarity","sampling_profile_dissim","slope_diff_abs",2,NA,NA
"per_cell_all_cells_OLS","all_cells_slope","occurrence5_k3_tropical_temperate_polar","occurrence",5,NA,3,"tropical_temperate_polar","|NH-SH slope| vs k_cv difference","k_cv_diff","slope_diff_abs",2,NA,NA
"per_cell_all_cells_OLS","all_cells_slope","occurrence5_k3_tropical_temperate_polar","occurrence",5,NA,3,"tropical_temperate_polar","|NH-SH slope| vs k_median asymmetry","k_median_asym","slope_diff_abs",2,NA,NA
"per_cell_all_cells_OLS","all_cells_slope","occurrence5_k3_tropical_temperate_polar","occurrence",5,NA,3,"tropical_temperate_polar","|NH-SH slope| vs k_median difference","k_median_diff","slope_diff_abs",2,NA,NA
"per_cell_all_cells_OLS","all_cells_slope","occurrence5_k3_tropical_temperate_polar","occurrence",5,NA,3,"tropical_temperate_polar","NH-SH slope vs sampling-profile dissimilarity","sampling_profile_dissim","slope_diff_signed",2,NA,NA
"per_cell_all_cells_OLS","all_cells_slope","occurrence5_k3_tropical_temperate_polar","occurrence",5,NA,3,"tropical_temperate_polar","NH-SH slope vs signed k_cv difference","k_cv_diff_signed","slope_diff_signed",2,NA,NA
"per_cell_all_cells_OLS","all_cells_slope","occurrence5_k3_tropical_temperate_polar","occurrence",5,NA,3,"tropical_temperate_polar","NH-SH slope vs signed k_median difference","k_median_diff_signed","slope_diff_signed",2,NA,NA
"per_cell_balanced_resampling_OLS","median_resampled_slope","collection10_k1_tropical_temperate","collection",NA,10,1,"tropical_temperate","NH slope vs SH slope","slope_Northern","slope_Southern",29,-0.0364532019704433,0.851085476559495
"per_cell_balanced_resampling_OLS","median_resampled_slope","collection10_k1_tropical_temperate","collection",NA,10,1,"tropical_temperate","|NH-SH slope| vs sampling-profile dissimilarity","sampling_profile_dissim","slope_diff_abs",29,0.0633160896278564,0.744199702123114
"per_cell_balanced_resampling_OLS","median_resampled_slope","collection10_k1_tropical_temperate","collection",NA,10,1,"tropical_temperate","|NH-SH slope| vs k_cv difference","k_cv_diff","slope_diff_abs",29,0.0192118226600985,0.921204280751485
"per_cell_balanced_resampling_OLS","median_resampled_slope","collection10_k1_tropical_temperate","collection",NA,10,1,"tropical_temperate","|NH-SH slope| vs k_median asymmetry","k_median_asym","slope_diff_abs",29,-0.228936217471513,0.232253266937475
"per_cell_balanced_resampling_OLS","median_resampled_slope","collection10_k1_tropical_temperate","collection",NA,10,1,"tropical_temperate","|NH-SH slope| vs k_median difference","k_median_diff","slope_diff_abs",29,-0.295424180758952,0.119734706543039
"per_cell_balanced_resampling_OLS","median_resampled_slope","collection10_k1_tropical_temperate","collection",NA,10,1,"tropical_temperate","NH-SH slope vs sampling-profile dissimilarity","sampling_profile_dissim","slope_diff_signed",29,0.0933727547430256,0.629973272747944
"per_cell_balanced_resampling_OLS","median_resampled_slope","collection10_k1_tropical_temperate","collection",NA,10,1,"tropical_temperate","NH-SH slope vs signed k_cv difference","k_cv_diff_signed","slope_diff_signed",29,0.0344827586206896,0.859053129407633
"per_cell_balanced_resampling_OLS","median_resampled_slope","collection10_k1_tropical_temperate","collection",NA,10,1,"tropical_temperate","NH-SH slope vs signed k_median difference","k_median_diff_signed","slope_diff_signed",29,-0.165543083809655,0.390778200162508
"per_cell_balanced_resampling_OLS","median_resampled_slope","collection10_k1_tropical_temperate_polar","collection",NA,10,1,"tropical_temperate_polar","NH slope vs SH slope","slope_Northern","slope_Southern",8,-0.428571428571429,0.28940322484679
"per_cell_balanced_resampling_OLS","median_resampled_slope","collection10_k1_tropical_temperate_polar","collection",NA,10,1,"tropical_temperate_polar","|NH-SH slope| vs sampling-profile dissimilarity","sampling_profile_dissim","slope_diff_abs",8,0.261904761904762,0.530922861565801
"per_cell_balanced_resampling_OLS","median_resampled_slope","collection10_k1_tropical_temperate_polar","collection",NA,10,1,"tropical_temperate_polar","|NH-SH slope| vs k_cv difference","k_cv_diff","slope_diff_abs",8,0.0238095238095238,0.955374011815881
"per_cell_balanced_resampling_OLS","median_resampled_slope","collection10_k1_tropical_temperate_polar","collection",NA,10,1,"tropical_temperate_polar","|NH-SH slope| vs k_median asymmetry","k_median_asym","slope_diff_abs",8,-0.605353608606566,0.111769684340483
"per_cell_balanced_resampling_OLS","median_resampled_slope","collection10_k1_tropical_temperate_polar","collection",NA,10,1,"tropical_temperate_polar","|NH-SH slope| vs k_median difference","k_median_diff","slope_diff_abs",8,-0.426139484401867,0.29244964020284
"per_cell_balanced_resampling_OLS","median_resampled_slope","collection10_k1_tropical_temperate_polar","collection",NA,10,1,"tropical_temperate_polar","NH-SH slope vs sampling-profile dissimilarity","sampling_profile_dissim","slope_diff_signed",8,0.142857142857143,0.735764859879812
"per_cell_balanced_resampling_OLS","median_resampled_slope","collection10_k1_tropical_temperate_polar","collection",NA,10,1,"tropical_temperate_polar","NH-SH slope vs signed k_cv difference","k_cv_diff_signed","slope_diff_signed",8,-0.0714285714285714,0.866526270675909
"per_cell_balanced_resampling_OLS","median_resampled_slope","collection10_k1_tropical_temperate_polar","collection",NA,10,1,"tropical_temperate_polar","NH-SH slope vs signed k_median difference","k_median_diff_signed","slope_diff_signed",8,-0.444749589996661,0.26953464800799
"per_cell_balanced_resampling_OLS","median_resampled_slope","collection10_k2_tropical_temperate","collection",NA,10,2,"tropical_temperate","NH slope vs SH slope","slope_Northern","slope_Southern",10,-0.163636363636364,0.651477342796243
"per_cell_balanced_resampling_OLS","median_resampled_slope","collection10_k2_tropical_temperate","collection",NA,10,2,"tropical_temperate","|NH-SH slope| vs sampling-profile dissimilarity","sampling_profile_dissim","slope_diff_abs",10,0.0303030303030303,0.933772958094147
"per_cell_balanced_resampling_OLS","median_resampled_slope","collection10_k2_tropical_temperate","collection",NA,10,2,"tropical_temperate","|NH-SH slope| vs k_cv difference","k_cv_diff","slope_diff_abs",10,0.381818181818182,0.276255333385436
"per_cell_balanced_resampling_OLS","median_resampled_slope","collection10_k2_tropical_temperate","collection",NA,10,2,"tropical_temperate","|NH-SH slope| vs k_median asymmetry","k_median_asym","slope_diff_abs",10,-0.101031364056544,0.781235992491762
"per_cell_balanced_resampling_OLS","median_resampled_slope","collection10_k2_tropical_temperate","collection",NA,10,2,"tropical_temperate","|NH-SH slope| vs k_median difference","k_median_diff","slope_diff_abs",10,-0.165144564768954,0.648438465382792
"per_cell_balanced_resampling_OLS","median_resampled_slope","collection10_k2_tropical_temperate","collection",NA,10,2,"tropical_temperate","NH-SH slope vs sampling-profile dissimilarity","sampling_profile_dissim","slope_diff_signed",10,-0.115151515151515,0.751419652325848
"per_cell_balanced_resampling_OLS","median_resampled_slope","collection10_k2_tropical_temperate","collection",NA,10,2,"tropical_temperate","NH-SH slope vs signed k_cv difference","k_cv_diff_signed","slope_diff_signed",10,0.0787878787878788,0.828717394697461
"per_cell_balanced_resampling_OLS","median_resampled_slope","collection10_k2_tropical_temperate","collection",NA,10,2,"tropical_temperate","NH-SH slope vs signed k_median difference","k_median_diff_signed","slope_diff_signed",10,-0.0631446025353402,0.86242061847723
"per_cell_balanced_resampling_OLS","median_resampled_slope","collection10_k2_tropical_temperate_polar","collection",NA,10,2,"tropical_temperate_polar","NH slope vs SH slope","slope_Northern","slope_Southern",2,NA,NA
"per_cell_balanced_resampling_OLS","median_resampled_slope","collection10_k2_tropical_temperate_polar","collection",NA,10,2,"tropical_temperate_polar","|NH-SH slope| vs sampling-profile dissimilarity","sampling_profile_dissim","slope_diff_abs",2,NA,NA
"per_cell_balanced_resampling_OLS","median_resampled_slope","collection10_k2_tropical_temperate_polar","collection",NA,10,2,"tropical_temperate_polar","|NH-SH slope| vs k_cv difference","k_cv_diff","slope_diff_abs",2,NA,NA
"per_cell_balanced_resampling_OLS","median_resampled_slope","collection10_k2_tropical_temperate_polar","collection",NA,10,2,"tropical_temperate_polar","|NH-SH slope| vs k_median asymmetry","k_median_asym","slope_diff_abs",2,NA,NA
"per_cell_balanced_resampling_OLS","median_resampled_slope","collection10_k2_tropical_temperate_polar","collection",NA,10,2,"tropical_temperate_polar","|NH-SH slope| vs k_median difference","k_median_diff","slope_diff_abs",2,NA,NA
"per_cell_balanced_resampling_OLS","median_resampled_slope","collection10_k2_tropical_temperate_polar","collection",NA,10,2,"tropical_temperate_polar","NH-SH slope vs sampling-profile dissimilarity","sampling_profile_dissim","slope_diff_signed",2,NA,NA
"per_cell_balanced_resampling_OLS","median_resampled_slope","collection10_k2_tropical_temperate_polar","collection",NA,10,2,"tropical_temperate_polar","NH-SH slope vs signed k_cv difference","k_cv_diff_signed","slope_diff_signed",2,NA,NA
"per_cell_balanced_resampling_OLS","median_resampled_slope","collection10_k2_tropical_temperate_polar","collection",NA,10,2,"tropical_temperate_polar","NH-SH slope vs signed k_median difference","k_median_diff_signed","slope_diff_signed",2,NA,NA
"per_cell_balanced_resampling_OLS","median_resampled_slope","collection5_k1_tropical_temperate","collection",NA,5,1,"tropical_temperate","NH slope vs SH slope","slope_Northern","slope_Southern",51,0.106153846153846,0.458454118995503
"per_cell_balanced_resampling_OLS","median_resampled_slope","collection5_k1_tropical_temperate","collection",NA,5,1,"tropical_temperate","|NH-SH slope| vs sampling-profile dissimilarity","sampling_profile_dissim","slope_diff_abs",51,-0.00461538461538461,0.974357645410383
"per_cell_balanced_resampling_OLS","median_resampled_slope","collection5_k1_tropical_temperate","collection",NA,5,1,"tropical_temperate","|NH-SH slope| vs k_cv difference","k_cv_diff","slope_diff_abs",51,0.0131221719457014,0.927181339390811
"per_cell_balanced_resampling_OLS","median_resampled_slope","collection5_k1_tropical_temperate","collection",NA,5,1,"tropical_temperate","|NH-SH slope| vs k_median asymmetry","k_median_asym","slope_diff_abs",51,-0.132720923601924,0.35318163137192
"per_cell_balanced_resampling_OLS","median_resampled_slope","collection5_k1_tropical_temperate","collection",NA,5,1,"tropical_temperate","|NH-SH slope| vs k_median difference","k_median_diff","slope_diff_abs",51,-0.236580840702534,0.0946306085166654
"per_cell_balanced_resampling_OLS","median_resampled_slope","collection5_k1_tropical_temperate","collection",NA,5,1,"tropical_temperate","NH-SH slope vs sampling-profile dissimilarity","sampling_profile_dissim","slope_diff_signed",51,0.0358371040723982,0.80284758090907
"per_cell_balanced_resampling_OLS","median_resampled_slope","collection5_k1_tropical_temperate","collection",NA,5,1,"tropical_temperate","NH-SH slope vs signed k_cv difference","k_cv_diff_signed","slope_diff_signed",51,-0.0401809954751131,0.779516687399173
"per_cell_balanced_resampling_OLS","median_resampled_slope","collection5_k1_tropical_temperate","collection",NA,5,1,"tropical_temperate","NH-SH slope vs signed k_median difference","k_median_diff_signed","slope_diff_signed",51,0.0660492814147886,0.645160262981125
"per_cell_balanced_resampling_OLS","median_resampled_slope","collection5_k1_tropical_temperate_polar","collection",NA,5,1,"tropical_temperate_polar","NH slope vs SH slope","slope_Northern","slope_Southern",21,0.132467532467532,0.567048530648251
"per_cell_balanced_resampling_OLS","median_resampled_slope","collection5_k1_tropical_temperate_polar","collection",NA,5,1,"tropical_temperate_polar","|NH-SH slope| vs sampling-profile dissimilarity","sampling_profile_dissim","slope_diff_abs",21,-0.131168831168831,0.570889196068409
"per_cell_balanced_resampling_OLS","median_resampled_slope","collection5_k1_tropical_temperate_polar","collection",NA,5,1,"tropical_temperate_polar","|NH-SH slope| vs k_cv difference","k_cv_diff","slope_diff_abs",21,-0.145454545454545,0.529282938980104
"per_cell_balanced_resampling_OLS","median_resampled_slope","collection5_k1_tropical_temperate_polar","collection",NA,5,1,"tropical_temperate_polar","|NH-SH slope| vs k_median asymmetry","k_median_asym","slope_diff_abs",21,-0.159097570554463,0.490923573484776
"per_cell_balanced_resampling_OLS","median_resampled_slope","collection5_k1_tropical_temperate_polar","collection",NA,5,1,"tropical_temperate_polar","|NH-SH slope| vs k_median difference","k_median_diff","slope_diff_abs",21,-0.23852017141695,0.29776809487738
"per_cell_balanced_resampling_OLS","median_resampled_slope","collection5_k1_tropical_temperate_polar","collection",NA,5,1,"tropical_temperate_polar","NH-SH slope vs sampling-profile dissimilarity","sampling_profile_dissim","slope_diff_signed",21,-0.0350649350649351,0.88005926165957
"per_cell_balanced_resampling_OLS","median_resampled_slope","collection5_k1_tropical_temperate_polar","collection",NA,5,1,"tropical_temperate_polar","NH-SH slope vs signed k_cv difference","k_cv_diff_signed","slope_diff_signed",21,0.17012987012987,0.460943183752066
"per_cell_balanced_resampling_OLS","median_resampled_slope","collection5_k1_tropical_temperate_polar","collection",NA,5,1,"tropical_temperate_polar","NH-SH slope vs signed k_median difference","k_median_diff_signed","slope_diff_signed",21,0.0174594975538832,0.940122752421844
"per_cell_balanced_resampling_OLS","median_resampled_slope","collection5_k2_tropical_temperate","collection",NA,5,2,"tropical_temperate","NH slope vs SH slope","slope_Northern","slope_Southern",16,0.0529411764705882,0.845610441149366
"per_cell_balanced_resampling_OLS","median_resampled_slope","collection5_k2_tropical_temperate","collection",NA,5,2,"tropical_temperate","|NH-SH slope| vs sampling-profile dissimilarity","sampling_profile_dissim","slope_diff_abs",16,-0.182352941176471,0.4990748572458
"per_cell_balanced_resampling_OLS","median_resampled_slope","collection5_k2_tropical_temperate","collection",NA,5,2,"tropical_temperate","|NH-SH slope| vs k_cv difference","k_cv_diff","slope_diff_abs",16,0.194117647058824,0.471289728362107
"per_cell_balanced_resampling_OLS","median_resampled_slope","collection5_k2_tropical_temperate","collection",NA,5,2,"tropical_temperate","|NH-SH slope| vs k_median asymmetry","k_median_asym","slope_diff_abs",16,-0.114419265155948,0.673067528950355
"per_cell_balanced_resampling_OLS","median_resampled_slope","collection5_k2_tropical_temperate","collection",NA,5,2,"tropical_temperate","|NH-SH slope| vs k_median difference","k_median_diff","slope_diff_abs",16,-0.159421712423454,0.555357233085224
"per_cell_balanced_resampling_OLS","median_resampled_slope","collection5_k2_tropical_temperate","collection",NA,5,2,"tropical_temperate","NH-SH slope vs sampling-profile dissimilarity","sampling_profile_dissim","slope_diff_signed",16,-0.15,0.579248630664254
"per_cell_balanced_resampling_OLS","median_resampled_slope","collection5_k2_tropical_temperate","collection",NA,5,2,"tropical_temperate","NH-SH slope vs signed k_cv difference","k_cv_diff_signed","slope_diff_signed",16,0.00294117647058824,0.991374804556363
"per_cell_balanced_resampling_OLS","median_resampled_slope","collection5_k2_tropical_temperate","collection",NA,5,2,"tropical_temperate","NH-SH slope vs signed k_median difference","k_median_diff_signed","slope_diff_signed",16,0.157157803122234,0.561058777592491
"per_cell_balanced_resampling_OLS","median_resampled_slope","collection5_k2_tropical_temperate_polar","collection",NA,5,2,"tropical_temperate_polar","NH slope vs SH slope","slope_Northern","slope_Southern",6,-0.657142857142857,0.156174927113702
"per_cell_balanced_resampling_OLS","median_resampled_slope","collection5_k2_tropical_temperate_polar","collection",NA,5,2,"tropical_temperate_polar","|NH-SH slope| vs sampling-profile dissimilarity","sampling_profile_dissim","slope_diff_abs",6,-0.771428571428571,0.0723965014577259
"per_cell_balanced_resampling_OLS","median_resampled_slope","collection5_k2_tropical_temperate_polar","collection",NA,5,2,"tropical_temperate_polar","|NH-SH slope| vs k_cv difference","k_cv_diff","slope_diff_abs",6,-0.2,0.704
"per_cell_balanced_resampling_OLS","median_resampled_slope","collection5_k2_tropical_temperate_polar","collection",NA,5,2,"tropical_temperate_polar","|NH-SH slope| vs k_median asymmetry","k_median_asym","slope_diff_abs",6,-0.142857142857143,0.787172011661808
"per_cell_balanced_resampling_OLS","median_resampled_slope","collection5_k2_tropical_temperate_polar","collection",NA,5,2,"tropical_temperate_polar","|NH-SH slope| vs k_median difference","k_median_diff","slope_diff_abs",6,0.0925820099772552,0.861523765076877
"per_cell_balanced_resampling_OLS","median_resampled_slope","collection5_k2_tropical_temperate_polar","collection",NA,5,2,"tropical_temperate_polar","NH-SH slope vs sampling-profile dissimilarity","sampling_profile_dissim","slope_diff_signed",6,0.428571428571429,0.396501457725947
"per_cell_balanced_resampling_OLS","median_resampled_slope","collection5_k2_tropical_temperate_polar","collection",NA,5,2,"tropical_temperate_polar","NH-SH slope vs signed k_cv difference","k_cv_diff_signed","slope_diff_signed",6,0.6,0.208
"per_cell_balanced_resampling_OLS","median_resampled_slope","collection5_k2_tropical_temperate_polar","collection",NA,5,2,"tropical_temperate_polar","NH-SH slope vs signed k_median difference","k_median_diff_signed","slope_diff_signed",6,-0.500216403386025,0.312256581318608
"per_cell_balanced_resampling_OLS","median_resampled_slope","collection5_k3_tropical_temperate","collection",NA,5,3,"tropical_temperate","NH slope vs SH slope","slope_Northern","slope_Southern",3,-0.5,0.666666666666667
"per_cell_balanced_resampling_OLS","median_resampled_slope","collection5_k3_tropical_temperate","collection",NA,5,3,"tropical_temperate","|NH-SH slope| vs sampling-profile dissimilarity","sampling_profile_dissim","slope_diff_abs",3,-0.5,0.666666666666667
"per_cell_balanced_resampling_OLS","median_resampled_slope","collection5_k3_tropical_temperate","collection",NA,5,3,"tropical_temperate","|NH-SH slope| vs k_cv difference","k_cv_diff","slope_diff_abs",3,0.5,0.666666666666667
"per_cell_balanced_resampling_OLS","median_resampled_slope","collection5_k3_tropical_temperate","collection",NA,5,3,"tropical_temperate","|NH-SH slope| vs k_median asymmetry","k_median_asym","slope_diff_abs",3,-1,0
"per_cell_balanced_resampling_OLS","median_resampled_slope","collection5_k3_tropical_temperate","collection",NA,5,3,"tropical_temperate","|NH-SH slope| vs k_median difference","k_median_diff","slope_diff_abs",3,-1,0
"per_cell_balanced_resampling_OLS","median_resampled_slope","collection5_k3_tropical_temperate","collection",NA,5,3,"tropical_temperate","NH-SH slope vs sampling-profile dissimilarity","sampling_profile_dissim","slope_diff_signed",3,-0.5,0.666666666666667
"per_cell_balanced_resampling_OLS","median_resampled_slope","collection5_k3_tropical_temperate","collection",NA,5,3,"tropical_temperate","NH-SH slope vs signed k_cv difference","k_cv_diff_signed","slope_diff_signed",3,0.5,0.666666666666667
"per_cell_balanced_resampling_OLS","median_resampled_slope","collection5_k3_tropical_temperate","collection",NA,5,3,"tropical_temperate","NH-SH slope vs signed k_median difference","k_median_diff_signed","slope_diff_signed",3,-0.5,0.666666666666667
"per_cell_balanced_resampling_OLS","median_resampled_slope","collection5_k3_tropical_temperate_polar","collection",NA,5,3,"tropical_temperate_polar","NH slope vs SH slope","slope_Northern","slope_Southern",1,NA,NA
"per_cell_balanced_resampling_OLS","median_resampled_slope","collection5_k3_tropical_temperate_polar","collection",NA,5,3,"tropical_temperate_polar","|NH-SH slope| vs sampling-profile dissimilarity","sampling_profile_dissim","slope_diff_abs",1,NA,NA
"per_cell_balanced_resampling_OLS","median_resampled_slope","collection5_k3_tropical_temperate_polar","collection",NA,5,3,"tropical_temperate_polar","|NH-SH slope| vs k_cv difference","k_cv_diff","slope_diff_abs",1,NA,NA
"per_cell_balanced_resampling_OLS","median_resampled_slope","collection5_k3_tropical_temperate_polar","collection",NA,5,3,"tropical_temperate_polar","|NH-SH slope| vs k_median asymmetry","k_median_asym","slope_diff_abs",1,NA,NA
"per_cell_balanced_resampling_OLS","median_resampled_slope","collection5_k3_tropical_temperate_polar","collection",NA,5,3,"tropical_temperate_polar","|NH-SH slope| vs k_median difference","k_median_diff","slope_diff_abs",1,NA,NA
"per_cell_balanced_resampling_OLS","median_resampled_slope","collection5_k3_tropical_temperate_polar","collection",NA,5,3,"tropical_temperate_polar","NH-SH slope vs sampling-profile dissimilarity","sampling_profile_dissim","slope_diff_signed",1,NA,NA
"per_cell_balanced_resampling_OLS","median_resampled_slope","collection5_k3_tropical_temperate_polar","collection",NA,5,3,"tropical_temperate_polar","NH-SH slope vs signed k_cv difference","k_cv_diff_signed","slope_diff_signed",1,NA,NA
"per_cell_balanced_resampling_OLS","median_resampled_slope","collection5_k3_tropical_temperate_polar","collection",NA,5,3,"tropical_temperate_polar","NH-SH slope vs signed k_median difference","k_median_diff_signed","slope_diff_signed",1,NA,NA
"per_cell_balanced_resampling_OLS","median_resampled_slope","occurrence10_k1_tropical_temperate","occurrence",10,NA,1,"tropical_temperate","NH slope vs SH slope","slope_Northern","slope_Southern",52,-0.0430291129514215,0.761977598631224
"per_cell_balanced_resampling_OLS","median_resampled_slope","occurrence10_k1_tropical_temperate","occurrence",10,NA,1,"tropical_temperate","|NH-SH slope| vs sampling-profile dissimilarity","sampling_profile_dissim","slope_diff_abs",52,-0.102877145052506,0.467990313016579
"per_cell_balanced_resampling_OLS","median_resampled_slope","occurrence10_k1_tropical_temperate","occurrence",10,NA,1,"tropical_temperate","|NH-SH slope| vs k_cv difference","k_cv_diff","slope_diff_abs",52,0.0856313497822932,0.546112235807156
"per_cell_balanced_resampling_OLS","median_resampled_slope","occurrence10_k1_tropical_temperate","occurrence",10,NA,1,"tropical_temperate","|NH-SH slope| vs k_median asymmetry","k_median_asym","slope_diff_abs",52,-0.0774718362049656,0.585135705125652
"per_cell_balanced_resampling_OLS","median_resampled_slope","occurrence10_k1_tropical_temperate","occurrence",10,NA,1,"tropical_temperate","|NH-SH slope| vs k_median difference","k_median_diff","slope_diff_abs",52,-0.0872388987216084,0.538574289192524
"per_cell_balanced_resampling_OLS","median_resampled_slope","occurrence10_k1_tropical_temperate","occurrence",10,NA,1,"tropical_temperate","NH-SH slope vs sampling-profile dissimilarity","sampling_profile_dissim","slope_diff_signed",52,-0.0144284128745838,0.919137075210952
"per_cell_balanced_resampling_OLS","median_resampled_slope","occurrence10_k1_tropical_temperate","occurrence",10,NA,1,"tropical_temperate","NH-SH slope vs signed k_cv difference","k_cv_diff_signed","slope_diff_signed",52,-0.0123794074959447,0.93059010500461
"per_cell_balanced_resampling_OLS","median_resampled_slope","occurrence10_k1_tropical_temperate","occurrence",10,NA,1,"tropical_temperate","NH-SH slope vs signed k_median difference","k_median_diff_signed","slope_diff_signed",52,0.137158104730919,0.332240645686843
"per_cell_balanced_resampling_OLS","median_resampled_slope","occurrence10_k1_tropical_temperate_polar","occurrence",10,NA,1,"tropical_temperate_polar","NH slope vs SH slope","slope_Northern","slope_Southern",19,-0.108771929824561,0.657579752891004
"per_cell_balanced_resampling_OLS","median_resampled_slope","occurrence10_k1_tropical_temperate_polar","occurrence",10,NA,1,"tropical_temperate_polar","|NH-SH slope| vs sampling-profile dissimilarity","sampling_profile_dissim","slope_diff_abs",19,-0.291228070175439,0.226397193581256
"per_cell_balanced_resampling_OLS","median_resampled_slope","occurrence10_k1_tropical_temperate_polar","occurrence",10,NA,1,"tropical_temperate_polar","|NH-SH slope| vs k_cv difference","k_cv_diff","slope_diff_abs",19,-0.0192982456140351,0.937497830941584
"per_cell_balanced_resampling_OLS","median_resampled_slope","occurrence10_k1_tropical_temperate_polar","occurrence",10,NA,1,"tropical_temperate_polar","|NH-SH slope| vs k_median asymmetry","k_median_asym","slope_diff_abs",19,-0.0796218572930269,0.745925403626442
"per_cell_balanced_resampling_OLS","median_resampled_slope","occurrence10_k1_tropical_temperate_polar","occurrence",10,NA,1,"tropical_temperate_polar","|NH-SH slope| vs k_median difference","k_median_diff","slope_diff_abs",19,-0.0453777308431108,0.853650303865717
"per_cell_balanced_resampling_OLS","median_resampled_slope","occurrence10_k1_tropical_temperate_polar","occurrence",10,NA,1,"tropical_temperate_polar","NH-SH slope vs sampling-profile dissimilarity","sampling_profile_dissim","slope_diff_signed",19,0.175438596491228,0.472507841145585
"per_cell_balanced_resampling_OLS","median_resampled_slope","occurrence10_k1_tropical_temperate_polar","occurrence",10,NA,1,"tropical_temperate_polar","NH-SH slope vs signed k_cv difference","k_cv_diff_signed","slope_diff_signed",19,0.185964912280702,0.445906275085188
"per_cell_balanced_resampling_OLS","median_resampled_slope","occurrence10_k1_tropical_temperate_polar","occurrence",10,NA,1,"tropical_temperate_polar","NH-SH slope vs signed k_median difference","k_median_diff_signed","slope_diff_signed",19,-0.163122651248156,0.504609045482936
"per_cell_balanced_resampling_OLS","median_resampled_slope","occurrence10_k2_tropical_temperate","occurrence",10,NA,2,"tropical_temperate","NH slope vs SH slope","slope_Northern","slope_Southern",17,-0.41421568627451,0.0983311879496131
"per_cell_balanced_resampling_OLS","median_resampled_slope","occurrence10_k2_tropical_temperate","occurrence",10,NA,2,"tropical_temperate","|NH-SH slope| vs sampling-profile dissimilarity","sampling_profile_dissim","slope_diff_abs",17,-0.259803921568627,0.313917161519425
"per_cell_balanced_resampling_OLS","median_resampled_slope","occurrence10_k2_tropical_temperate","occurrence",10,NA,2,"tropical_temperate","|NH-SH slope| vs k_cv difference","k_cv_diff","slope_diff_abs",17,0.382352941176471,0.129863425822574
"per_cell_balanced_resampling_OLS","median_resampled_slope","occurrence10_k2_tropical_temperate","occurrence",10,NA,2,"tropical_temperate","|NH-SH slope| vs k_median asymmetry","k_median_asym","slope_diff_abs",17,0.267006287083168,0.300200789959609
"per_cell_balanced_resampling_OLS","median_resampled_slope","occurrence10_k2_tropical_temperate","occurrence",10,NA,2,"tropical_temperate","|NH-SH slope| vs k_median difference","k_median_diff","slope_diff_abs",17,0.21251557966477,0.412843761136611
"per_cell_balanced_resampling_OLS","median_resampled_slope","occurrence10_k2_tropical_temperate","occurrence",10,NA,2,"tropical_temperate","NH-SH slope vs sampling-profile dissimilarity","sampling_profile_dissim","slope_diff_signed",17,0.235294117647059,0.363295114375383
"per_cell_balanced_resampling_OLS","median_resampled_slope","occurrence10_k2_tropical_temperate","occurrence",10,NA,2,"tropical_temperate","NH-SH slope vs signed k_cv difference","k_cv_diff_signed","slope_diff_signed",17,-0.100490196078431,0.701166768751069
"per_cell_balanced_resampling_OLS","median_resampled_slope","occurrence10_k2_tropical_temperate","occurrence",10,NA,2,"tropical_temperate","NH-SH slope vs signed k_median difference","k_median_diff_signed","slope_diff_signed",17,0.226779902727935,0.381410104853635
"per_cell_balanced_resampling_OLS","median_resampled_slope","occurrence10_k2_tropical_temperate_polar","occurrence",10,NA,2,"tropical_temperate_polar","NH slope vs SH slope","slope_Northern","slope_Southern",4,-0.8,0.2
"per_cell_balanced_resampling_OLS","median_resampled_slope","occurrence10_k2_tropical_temperate_polar","occurrence",10,NA,2,"tropical_temperate_polar","|NH-SH slope| vs sampling-profile dissimilarity","sampling_profile_dissim","slope_diff_abs",4,-0.8,0.2
"per_cell_balanced_resampling_OLS","median_resampled_slope","occurrence10_k2_tropical_temperate_polar","occurrence",10,NA,2,"tropical_temperate_polar","|NH-SH slope| vs k_cv difference","k_cv_diff","slope_diff_abs",4,-0.2,0.8
"per_cell_balanced_resampling_OLS","median_resampled_slope","occurrence10_k2_tropical_temperate_polar","occurrence",10,NA,2,"tropical_temperate_polar","|NH-SH slope| vs k_median asymmetry","k_median_asym","slope_diff_abs",4,0.8,0.2
"per_cell_balanced_resampling_OLS","median_resampled_slope","occurrence10_k2_tropical_temperate_polar","occurrence",10,NA,2,"tropical_temperate_polar","|NH-SH slope| vs k_median difference","k_median_diff","slope_diff_abs",4,0.737864787372622,0.262135212627378
"per_cell_balanced_resampling_OLS","median_resampled_slope","occurrence10_k2_tropical_temperate_polar","occurrence",10,NA,2,"tropical_temperate_polar","NH-SH slope vs sampling-profile dissimilarity","sampling_profile_dissim","slope_diff_signed",4,0.2,0.8
"per_cell_balanced_resampling_OLS","median_resampled_slope","occurrence10_k2_tropical_temperate_polar","occurrence",10,NA,2,"tropical_temperate_polar","NH-SH slope vs signed k_cv difference","k_cv_diff_signed","slope_diff_signed",4,0.4,0.6
"per_cell_balanced_resampling_OLS","median_resampled_slope","occurrence10_k2_tropical_temperate_polar","occurrence",10,NA,2,"tropical_temperate_polar","NH-SH slope vs signed k_median difference","k_median_diff_signed","slope_diff_signed",4,0.105409255338946,0.894590744661054
"per_cell_balanced_resampling_OLS","median_resampled_slope","occurrence10_k3_tropical_temperate","occurrence",10,NA,3,"tropical_temperate","NH slope vs SH slope","slope_Northern","slope_Southern",3,0.5,0.666666666666667
"per_cell_balanced_resampling_OLS","median_resampled_slope","occurrence10_k3_tropical_temperate","occurrence",10,NA,3,"tropical_temperate","|NH-SH slope| vs sampling-profile dissimilarity","sampling_profile_dissim","slope_diff_abs",3,-0.5,0.666666666666667
"per_cell_balanced_resampling_OLS","median_resampled_slope","occurrence10_k3_tropical_temperate","occurrence",10,NA,3,"tropical_temperate","|NH-SH slope| vs k_cv difference","k_cv_diff","slope_diff_abs",3,1,0
"per_cell_balanced_resampling_OLS","median_resampled_slope","occurrence10_k3_tropical_temperate","occurrence",10,NA,3,"tropical_temperate","|NH-SH slope| vs k_median asymmetry","k_median_asym","slope_diff_abs",3,0.866025403784439,0.333333333333333
"per_cell_balanced_resampling_OLS","median_resampled_slope","occurrence10_k3_tropical_temperate","occurrence",10,NA,3,"tropical_temperate","|NH-SH slope| vs k_median difference","k_median_diff","slope_diff_abs",3,0.866025403784439,0.333333333333333
"per_cell_balanced_resampling_OLS","median_resampled_slope","occurrence10_k3_tropical_temperate","occurrence",10,NA,3,"tropical_temperate","NH-SH slope vs sampling-profile dissimilarity","sampling_profile_dissim","slope_diff_signed",3,-0.5,0.666666666666667
"per_cell_balanced_resampling_OLS","median_resampled_slope","occurrence10_k3_tropical_temperate","occurrence",10,NA,3,"tropical_temperate","NH-SH slope vs signed k_cv difference","k_cv_diff_signed","slope_diff_signed",3,0.5,0.666666666666667
"per_cell_balanced_resampling_OLS","median_resampled_slope","occurrence10_k3_tropical_temperate","occurrence",10,NA,3,"tropical_temperate","NH-SH slope vs signed k_median difference","k_median_diff_signed","slope_diff_signed",3,-0.866025403784439,0.333333333333333
"per_cell_balanced_resampling_OLS","median_resampled_slope","occurrence5_k1_tropical_temperate","occurrence",5,NA,1,"tropical_temperate","NH slope vs SH slope","slope_Northern","slope_Southern",55,0.188961038961039,0.167073630571443
"per_cell_balanced_resampling_OLS","median_resampled_slope","occurrence5_k1_tropical_temperate","occurrence",5,NA,1,"tropical_temperate","|NH-SH slope| vs sampling-profile dissimilarity","sampling_profile_dissim","slope_diff_abs",55,-0.0774891774891775,0.573896575517524
"per_cell_balanced_resampling_OLS","median_resampled_slope","occurrence5_k1_tropical_temperate","occurrence",5,NA,1,"tropical_temperate","|NH-SH slope| vs k_cv difference","k_cv_diff","slope_diff_abs",55,-0.0961038961038961,0.485193949030656
"per_cell_balanced_resampling_OLS","median_resampled_slope","occurrence5_k1_tropical_temperate","occurrence",5,NA,1,"tropical_temperate","|NH-SH slope| vs k_median asymmetry","k_median_asym","slope_diff_abs",55,-0.13126651325039,0.339435952592063
"per_cell_balanced_resampling_OLS","median_resampled_slope","occurrence5_k1_tropical_temperate","occurrence",5,NA,1,"tropical_temperate","|NH-SH slope| vs k_median difference","k_median_diff","slope_diff_abs",55,-0.141355551647411,0.303281267337694
"per_cell_balanced_resampling_OLS","median_resampled_slope","occurrence5_k1_tropical_temperate","occurrence",5,NA,1,"tropical_temperate","NH-SH slope vs sampling-profile dissimilarity","sampling_profile_dissim","slope_diff_signed",55,0.106277056277056,0.439960914764979
"per_cell_balanced_resampling_OLS","median_resampled_slope","occurrence5_k1_tropical_temperate","occurrence",5,NA,1,"tropical_temperate","NH-SH slope vs signed k_cv difference","k_cv_diff_signed","slope_diff_signed",55,-0.0164502164502165,0.90511379938435
"per_cell_balanced_resampling_OLS","median_resampled_slope","occurrence5_k1_tropical_temperate","occurrence",5,NA,1,"tropical_temperate","NH-SH slope vs signed k_median difference","k_median_diff_signed","slope_diff_signed",55,0.155549841595258,0.256790022023522
"per_cell_balanced_resampling_OLS","median_resampled_slope","occurrence5_k1_tropical_temperate_polar","occurrence",5,NA,1,"tropical_temperate_polar","NH slope vs SH slope","slope_Northern","slope_Southern",25,0.164615384615385,0.431676999967924
"per_cell_balanced_resampling_OLS","median_resampled_slope","occurrence5_k1_tropical_temperate_polar","occurrence",5,NA,1,"tropical_temperate_polar","|NH-SH slope| vs sampling-profile dissimilarity","sampling_profile_dissim","slope_diff_abs",25,-0.273846153846154,0.185297151693696
"per_cell_balanced_resampling_OLS","median_resampled_slope","occurrence5_k1_tropical_temperate_polar","occurrence",5,NA,1,"tropical_temperate_polar","|NH-SH slope| vs k_cv difference","k_cv_diff","slope_diff_abs",25,-0.0169230769230769,0.936007509230183
"per_cell_balanced_resampling_OLS","median_resampled_slope","occurrence5_k1_tropical_temperate_polar","occurrence",5,NA,1,"tropical_temperate_polar","|NH-SH slope| vs k_median asymmetry","k_median_asym","slope_diff_abs",25,-0.0851026273945385,0.685871854867607
"per_cell_balanced_resampling_OLS","median_resampled_slope","occurrence5_k1_tropical_temperate_polar","occurrence",5,NA,1,"tropical_temperate_polar","|NH-SH slope| vs k_median difference","k_median_diff","slope_diff_abs",25,-0.0458713311968691,0.827640508991012
"per_cell_balanced_resampling_OLS","median_resampled_slope","occurrence5_k1_tropical_temperate_polar","occurrence",5,NA,1,"tropical_temperate_polar","NH-SH slope vs sampling-profile dissimilarity","sampling_profile_dissim","slope_diff_signed",25,-0.0992307692307692,0.6369836836672
"per_cell_balanced_resampling_OLS","median_resampled_slope","occurrence5_k1_tropical_temperate_polar","occurrence",5,NA,1,"tropical_temperate_polar","NH-SH slope vs signed k_cv difference","k_cv_diff_signed","slope_diff_signed",25,-0.0846153846153846,0.687581373925567
"per_cell_balanced_resampling_OLS","median_resampled_slope","occurrence5_k1_tropical_temperate_polar","occurrence",5,NA,1,"tropical_temperate_polar","NH-SH slope vs signed k_median difference","k_median_diff_signed","slope_diff_signed",25,0.129931329930961,0.535896767386718
"per_cell_balanced_resampling_OLS","median_resampled_slope","occurrence5_k2_tropical_temperate","occurrence",5,NA,2,"tropical_temperate","NH slope vs SH slope","slope_Northern","slope_Southern",26,0.202735042735043,0.320576640153472
"per_cell_balanced_resampling_OLS","median_resampled_slope","occurrence5_k2_tropical_temperate","occurrence",5,NA,2,"tropical_temperate","|NH-SH slope| vs sampling-profile dissimilarity","sampling_profile_dissim","slope_diff_abs",26,-0.137777777777778,0.502097915892155
"per_cell_balanced_resampling_OLS","median_resampled_slope","occurrence5_k2_tropical_temperate","occurrence",5,NA,2,"tropical_temperate","|NH-SH slope| vs k_cv difference","k_cv_diff","slope_diff_abs",26,0.136410256410256,0.506391452215781
"per_cell_balanced_resampling_OLS","median_resampled_slope","occurrence5_k2_tropical_temperate","occurrence",5,NA,2,"tropical_temperate","|NH-SH slope| vs k_median asymmetry","k_median_asym","slope_diff_abs",26,-0.0192875961275058,0.925490945444211
"per_cell_balanced_resampling_OLS","median_resampled_slope","occurrence5_k2_tropical_temperate","occurrence",5,NA,2,"tropical_temperate","|NH-SH slope| vs k_median difference","k_median_diff","slope_diff_abs",26,-0.0915023071497753,0.656637641606052
"per_cell_balanced_resampling_OLS","median_resampled_slope","occurrence5_k2_tropical_temperate","occurrence",5,NA,2,"tropical_temperate","NH-SH slope vs sampling-profile dissimilarity","sampling_profile_dissim","slope_diff_signed",26,0.171282051282051,0.40280293925139
"per_cell_balanced_resampling_OLS","median_resampled_slope","occurrence5_k2_tropical_temperate","occurrence",5,NA,2,"tropical_temperate","NH-SH slope vs signed k_cv difference","k_cv_diff_signed","slope_diff_signed",26,0.0611965811965812,0.76648612536129
"per_cell_balanced_resampling_OLS","median_resampled_slope","occurrence5_k2_tropical_temperate","occurrence",5,NA,2,"tropical_temperate","NH-SH slope vs signed k_median difference","k_median_diff_signed","slope_diff_signed",26,0.199189417199806,0.329291860347203
"per_cell_balanced_resampling_OLS","median_resampled_slope","occurrence5_k2_tropical_temperate_polar","occurrence",5,NA,2,"tropical_temperate_polar","NH slope vs SH slope","slope_Northern","slope_Southern",8,-0.5,0.20703125
"per_cell_balanced_resampling_OLS","median_resampled_slope","occurrence5_k2_tropical_temperate_polar","occurrence",5,NA,2,"tropical_temperate_polar","|NH-SH slope| vs sampling-profile dissimilarity","sampling_profile_dissim","slope_diff_abs",8,-0.285714285714286,0.492726245016957
"per_cell_balanced_resampling_OLS","median_resampled_slope","occurrence5_k2_tropical_temperate_polar","occurrence",5,NA,2,"tropical_temperate_polar","|NH-SH slope| vs k_cv difference","k_cv_diff","slope_diff_abs",8,0.19047619047619,0.651401495702482
"per_cell_balanced_resampling_OLS","median_resampled_slope","occurrence5_k2_tropical_temperate_polar","occurrence",5,NA,2,"tropical_temperate_polar","|NH-SH slope| vs k_median asymmetry","k_median_asym","slope_diff_abs",8,0.417374323719201,0.303557462439237
"per_cell_balanced_resampling_OLS","median_resampled_slope","occurrence5_k2_tropical_temperate_polar","occurrence",5,NA,2,"tropical_temperate_polar","|NH-SH slope| vs k_median difference","k_median_diff","slope_diff_abs",8,0.405261796152557,0.319233622794637
"per_cell_balanced_resampling_OLS","median_resampled_slope","occurrence5_k2_tropical_temperate_polar","occurrence",5,NA,2,"tropical_temperate_polar","NH-SH slope vs sampling-profile dissimilarity","sampling_profile_dissim","slope_diff_signed",8,0.0476190476190476,0.910849168519584
"per_cell_balanced_resampling_OLS","median_resampled_slope","occurrence5_k2_tropical_temperate_polar","occurrence",5,NA,2,"tropical_temperate_polar","NH-SH slope vs signed k_cv difference","k_cv_diff_signed","slope_diff_signed",8,0.523809523809524,0.182720750539715
"per_cell_balanced_resampling_OLS","median_resampled_slope","occurrence5_k2_tropical_temperate_polar","occurrence",5,NA,2,"tropical_temperate_polar","NH-SH slope vs signed k_median difference","k_median_diff_signed","slope_diff_signed",8,-0.153242833271639,0.717136318809761
"per_cell_balanced_resampling_OLS","median_resampled_slope","occurrence5_k3_tropical_temperate","occurrence",5,NA,3,"tropical_temperate","NH slope vs SH slope","slope_Northern","slope_Southern",6,0.828571428571429,0.0415626822157434
"per_cell_balanced_resampling_OLS","median_resampled_slope","occurrence5_k3_tropical_temperate","occurrence",5,NA,3,"tropical_temperate","|NH-SH slope| vs sampling-profile dissimilarity","sampling_profile_dissim","slope_diff_abs",6,-0.257142857142857,0.622787172011662
"per_cell_balanced_resampling_OLS","median_resampled_slope","occurrence5_k3_tropical_temperate","occurrence",5,NA,3,"tropical_temperate","|NH-SH slope| vs k_cv difference","k_cv_diff","slope_diff_abs",6,0.6,0.208
"per_cell_balanced_resampling_OLS","median_resampled_slope","occurrence5_k3_tropical_temperate","occurrence",5,NA,3,"tropical_temperate","|NH-SH slope| vs k_median asymmetry","k_median_asym","slope_diff_abs",6,-0.0285714285714286,0.957154518950437
"per_cell_balanced_resampling_OLS","median_resampled_slope","occurrence5_k3_tropical_temperate","occurrence",5,NA,3,"tropical_temperate","|NH-SH slope| vs k_median difference","k_median_diff","slope_diff_abs",6,-0.17654696590095,0.737930932435343
"per_cell_balanced_resampling_OLS","median_resampled_slope","occurrence5_k3_tropical_temperate","occurrence",5,NA,3,"tropical_temperate","NH-SH slope vs sampling-profile dissimilarity","sampling_profile_dissim","slope_diff_signed",6,0.257142857142857,0.622787172011662
"per_cell_balanced_resampling_OLS","median_resampled_slope","occurrence5_k3_tropical_temperate","occurrence",5,NA,3,"tropical_temperate","NH-SH slope vs signed k_cv difference","k_cv_diff_signed","slope_diff_signed",6,-0.485714285714286,0.328723032069971
"per_cell_balanced_resampling_OLS","median_resampled_slope","occurrence5_k3_tropical_temperate","occurrence",5,NA,3,"tropical_temperate","NH-SH slope vs signed k_median difference","k_median_diff_signed","slope_diff_signed",6,0.257142857142857,0.622787172011662
"per_cell_balanced_resampling_OLS","median_resampled_slope","occurrence5_k3_tropical_temperate_polar","occurrence",5,NA,3,"tropical_temperate_polar","NH slope vs SH slope","slope_Northern","slope_Southern",2,NA,NA
"per_cell_balanced_resampling_OLS","median_resampled_slope","occurrence5_k3_tropical_temperate_polar","occurrence",5,NA,3,"tropical_temperate_polar","|NH-SH slope| vs sampling-profile dissimilarity","sampling_profile_dissim","slope_diff_abs",2,NA,NA
"per_cell_balanced_resampling_OLS","median_resampled_slope","occurrence5_k3_tropical_temperate_polar","occurrence",5,NA,3,"tropical_temperate_polar","|NH-SH slope| vs k_cv difference","k_cv_diff","slope_diff_abs",2,NA,NA
"per_cell_balanced_resampling_OLS","median_resampled_slope","occurrence5_k3_tropical_temperate_polar","occurrence",5,NA,3,"tropical_temperate_polar","|NH-SH slope| vs k_median asymmetry","k_median_asym","slope_diff_abs",2,NA,NA
"per_cell_balanced_resampling_OLS","median_resampled_slope","occurrence5_k3_tropical_temperate_polar","occurrence",5,NA,3,"tropical_temperate_polar","|NH-SH slope| vs k_median difference","k_median_diff","slope_diff_abs",2,NA,NA
"per_cell_balanced_resampling_OLS","median_resampled_slope","occurrence5_k3_tropical_temperate_polar","occurrence",5,NA,3,"tropical_temperate_polar","NH-SH slope vs sampling-profile dissimilarity","sampling_profile_dissim","slope_diff_signed",2,NA,NA
"per_cell_balanced_resampling_OLS","median_resampled_slope","occurrence5_k3_tropical_temperate_polar","occurrence",5,NA,3,"tropical_temperate_polar","NH-SH slope vs signed k_cv difference","k_cv_diff_signed","slope_diff_signed",2,NA,NA
"per_cell_balanced_resampling_OLS","median_resampled_slope","occurrence5_k3_tropical_temperate_polar","occurrence",5,NA,3,"tropical_temperate_polar","NH-SH slope vs signed k_median difference","k_median_diff_signed","slope_diff_signed",2,NA,NA
"percentile_latbin_OLS","q75","collection10_k1_tropical_temperate","collection",NA,10,1,"tropical_temperate","NH slope vs SH slope","slope_Northern","slope_Southern",29,0.0532019704433497,0.784013167588063
"percentile_latbin_OLS","q75","collection10_k1_tropical_temperate","collection",NA,10,1,"tropical_temperate","|NH-SH slope| vs sampling-profile dissimilarity","sampling_profile_dissim","slope_diff_abs",29,-0.059866964122837,0.757710242968226
"percentile_latbin_OLS","q75","collection10_k1_tropical_temperate","collection",NA,10,1,"tropical_temperate","|NH-SH slope| vs k_cv difference","k_cv_diff","slope_diff_abs",29,0.116256157635468,0.548131689471174
"percentile_latbin_OLS","q75","collection10_k1_tropical_temperate","collection",NA,10,1,"tropical_temperate","|NH-SH slope| vs k_median asymmetry","k_median_asym","slope_diff_abs",29,-0.195142081041201,0.310371690439313
"percentile_latbin_OLS","q75","collection10_k1_tropical_temperate","collection",NA,10,1,"tropical_temperate","|NH-SH slope| vs k_median difference","k_median_diff","slope_diff_abs",29,-0.192704057927114,0.316573945204634
"percentile_latbin_OLS","q75","collection10_k1_tropical_temperate","collection",NA,10,1,"tropical_temperate","NH-SH slope vs sampling-profile dissimilarity","sampling_profile_dissim","slope_diff_signed",29,0.17590540075599,0.361370384563711
"percentile_latbin_OLS","q75","collection10_k1_tropical_temperate","collection",NA,10,1,"tropical_temperate","NH-SH slope vs signed k_cv difference","k_cv_diff_signed","slope_diff_signed",29,0.133497536945813,0.489953032710984
"percentile_latbin_OLS","q75","collection10_k1_tropical_temperate","collection",NA,10,1,"tropical_temperate","NH-SH slope vs signed k_median difference","k_median_diff_signed","slope_diff_signed",29,-0.238862320003128,0.21207119365127
"percentile_latbin_OLS","q75","collection10_k1_tropical_temperate_polar","collection",NA,10,1,"tropical_temperate_polar","NH slope vs SH slope","slope_Northern","slope_Southern",8,-0.547619047619048,0.160025642538896
"percentile_latbin_OLS","q75","collection10_k1_tropical_temperate_polar","collection",NA,10,1,"tropical_temperate_polar","|NH-SH slope| vs sampling-profile dissimilarity","sampling_profile_dissim","slope_diff_abs",8,0.142857142857143,0.735764859879812
"percentile_latbin_OLS","q75","collection10_k1_tropical_temperate_polar","collection",NA,10,1,"tropical_temperate_polar","|NH-SH slope| vs k_cv difference","k_cv_diff","slope_diff_abs",8,0,1
"percentile_latbin_OLS","q75","collection10_k1_tropical_temperate_polar","collection",NA,10,1,"tropical_temperate_polar","|NH-SH slope| vs k_median asymmetry","k_median_asym","slope_diff_abs",8,-0.704186850828046,0.0512052995762886
"percentile_latbin_OLS","q75","collection10_k1_tropical_temperate_polar","collection",NA,10,1,"tropical_temperate_polar","|NH-SH slope| vs k_median difference","k_median_diff","slope_diff_abs",8,-0.412393049421161,0.309958735506241
"percentile_latbin_OLS","q75","collection10_k1_tropical_temperate_polar","collection",NA,10,1,"tropical_temperate_polar","NH-SH slope vs sampling-profile dissimilarity","sampling_profile_dissim","slope_diff_signed",8,0.0238095238095238,0.955374011815881
"percentile_latbin_OLS","q75","collection10_k1_tropical_temperate_polar","collection",NA,10,1,"tropical_temperate_polar","NH-SH slope vs signed k_cv difference","k_cv_diff_signed","slope_diff_signed",8,-0.0476190476190476,0.910849168519584
"percentile_latbin_OLS","q75","collection10_k1_tropical_temperate_polar","collection",NA,10,1,"tropical_temperate_polar","NH-SH slope vs signed k_median difference","k_median_diff_signed","slope_diff_signed",8,-0.444749589996661,0.26953464800799
"percentile_latbin_OLS","q75","collection10_k2_tropical_temperate","collection",NA,10,2,"tropical_temperate","NH slope vs SH slope","slope_Northern","slope_Southern",10,-0.284848484848485,0.425038154892146
"percentile_latbin_OLS","q75","collection10_k2_tropical_temperate","collection",NA,10,2,"tropical_temperate","|NH-SH slope| vs sampling-profile dissimilarity","sampling_profile_dissim","slope_diff_abs",10,-0.103030303030303,0.77699846344389
"percentile_latbin_OLS","q75","collection10_k2_tropical_temperate","collection",NA,10,2,"tropical_temperate","|NH-SH slope| vs k_cv difference","k_cv_diff","slope_diff_abs",10,0.309090909090909,0.384841230261283
"percentile_latbin_OLS","q75","collection10_k2_tropical_temperate","collection",NA,10,2,"tropical_temperate","|NH-SH slope| vs k_median asymmetry","k_median_asym","slope_diff_abs",10,-0.214691648620157,0.551416726163851
"percentile_latbin_OLS","q75","collection10_k2_tropical_temperate","collection",NA,10,2,"tropical_temperate","|NH-SH slope| vs k_median difference","k_median_diff","slope_diff_abs",10,-0.220192753025272,0.541010589794929
"percentile_latbin_OLS","q75","collection10_k2_tropical_temperate","collection",NA,10,2,"tropical_temperate","NH-SH slope vs sampling-profile dissimilarity","sampling_profile_dissim","slope_diff_signed",10,-0.00606060606060606,0.986742911194989
"percentile_latbin_OLS","q75","collection10_k2_tropical_temperate","collection",NA,10,2,"tropical_temperate","NH-SH slope vs signed k_cv difference","k_cv_diff_signed","slope_diff_signed",10,0.115151515151515,0.751419652325849
"percentile_latbin_OLS","q75","collection10_k2_tropical_temperate","collection",NA,10,2,"tropical_temperate","NH-SH slope vs signed k_median difference","k_median_diff_signed","slope_diff_signed",10,-0.12628920507068,0.728106384021682
"percentile_latbin_OLS","q75","collection10_k2_tropical_temperate_polar","collection",NA,10,2,"tropical_temperate_polar","NH slope vs SH slope","slope_Northern","slope_Southern",2,NA,NA
"percentile_latbin_OLS","q75","collection10_k2_tropical_temperate_polar","collection",NA,10,2,"tropical_temperate_polar","|NH-SH slope| vs sampling-profile dissimilarity","sampling_profile_dissim","slope_diff_abs",2,NA,NA
"percentile_latbin_OLS","q75","collection10_k2_tropical_temperate_polar","collection",NA,10,2,"tropical_temperate_polar","|NH-SH slope| vs k_cv difference","k_cv_diff","slope_diff_abs",2,NA,NA
"percentile_latbin_OLS","q75","collection10_k2_tropical_temperate_polar","collection",NA,10,2,"tropical_temperate_polar","|NH-SH slope| vs k_median asymmetry","k_median_asym","slope_diff_abs",2,NA,NA
"percentile_latbin_OLS","q75","collection10_k2_tropical_temperate_polar","collection",NA,10,2,"tropical_temperate_polar","|NH-SH slope| vs k_median difference","k_median_diff","slope_diff_abs",2,NA,NA
"percentile_latbin_OLS","q75","collection10_k2_tropical_temperate_polar","collection",NA,10,2,"tropical_temperate_polar","NH-SH slope vs sampling-profile dissimilarity","sampling_profile_dissim","slope_diff_signed",2,NA,NA
"percentile_latbin_OLS","q75","collection10_k2_tropical_temperate_polar","collection",NA,10,2,"tropical_temperate_polar","NH-SH slope vs signed k_cv difference","k_cv_diff_signed","slope_diff_signed",2,NA,NA
"percentile_latbin_OLS","q75","collection10_k2_tropical_temperate_polar","collection",NA,10,2,"tropical_temperate_polar","NH-SH slope vs signed k_median difference","k_median_diff_signed","slope_diff_signed",2,NA,NA
"percentile_latbin_OLS","q75","collection5_k1_tropical_temperate","collection",NA,5,1,"tropical_temperate","NH slope vs SH slope","slope_Northern","slope_Southern",51,-0.00135746606334842,0.992456981388931
"percentile_latbin_OLS","q75","collection5_k1_tropical_temperate","collection",NA,5,1,"tropical_temperate","|NH-SH slope| vs sampling-profile dissimilarity","sampling_profile_dissim","slope_diff_abs",51,0.0743891402714932,0.603904199240463
"percentile_latbin_OLS","q75","collection5_k1_tropical_temperate","collection",NA,5,1,"tropical_temperate","|NH-SH slope| vs k_cv difference","k_cv_diff","slope_diff_abs",51,0.122443438914027,0.392014114981532
"percentile_latbin_OLS","q75","collection5_k1_tropical_temperate","collection",NA,5,1,"tropical_temperate","|NH-SH slope| vs k_median asymmetry","k_median_asym","slope_diff_abs",51,0.0912427577450621,0.524268149545743
"percentile_latbin_OLS","q75","collection5_k1_tropical_temperate","collection",NA,5,1,"tropical_temperate","|NH-SH slope| vs k_median difference","k_median_diff","slope_diff_abs",51,0.0172244049321984,0.904509922848788
"percentile_latbin_OLS","q75","collection5_k1_tropical_temperate","collection",NA,5,1,"tropical_temperate","NH-SH slope vs sampling-profile dissimilarity","sampling_profile_dissim","slope_diff_signed",51,0.0196380090497738,0.891204888848292
"percentile_latbin_OLS","q75","collection5_k1_tropical_temperate","collection",NA,5,1,"tropical_temperate","NH-SH slope vs signed k_cv difference","k_cv_diff_signed","slope_diff_signed",51,-0.0937556561085973,0.512857891863873
"percentile_latbin_OLS","q75","collection5_k1_tropical_temperate","collection",NA,5,1,"tropical_temperate","NH-SH slope vs signed k_median difference","k_median_diff_signed","slope_diff_signed",51,0.125321897273316,0.380893301533226
"percentile_latbin_OLS","q75","collection5_k1_tropical_temperate_polar","collection",NA,5,1,"tropical_temperate_polar","NH slope vs SH slope","slope_Northern","slope_Southern",21,-0.0181818181818182,0.937650103658405
"percentile_latbin_OLS","q75","collection5_k1_tropical_temperate_polar","collection",NA,5,1,"tropical_temperate_polar","|NH-SH slope| vs sampling-profile dissimilarity","sampling_profile_dissim","slope_diff_abs",21,-0.102597402597403,0.658097057707541
"percentile_latbin_OLS","q75","collection5_k1_tropical_temperate_polar","collection",NA,5,1,"tropical_temperate_polar","|NH-SH slope| vs k_cv difference","k_cv_diff","slope_diff_abs",21,-0.198701298701299,0.387882263464557
"percentile_latbin_OLS","q75","collection5_k1_tropical_temperate_polar","collection",NA,5,1,"tropical_temperate_polar","|NH-SH slope| vs k_median asymmetry","k_median_asym","slope_diff_abs",21,-0.242937369145404,0.288640030155002
"percentile_latbin_OLS","q75","collection5_k1_tropical_temperate_polar","collection",NA,5,1,"tropical_temperate_polar","|NH-SH slope| vs k_median difference","k_median_diff","slope_diff_abs",21,-0.309657766400952,0.171940931790225
"percentile_latbin_OLS","q75","collection5_k1_tropical_temperate_polar","collection",NA,5,1,"tropical_temperate_polar","NH-SH slope vs sampling-profile dissimilarity","sampling_profile_dissim","slope_diff_signed",21,0.0142857142857143,0.950993242297203
"percentile_latbin_OLS","q75","collection5_k1_tropical_temperate_polar","collection",NA,5,1,"tropical_temperate_polar","NH-SH slope vs signed k_cv difference","k_cv_diff_signed","slope_diff_signed",21,0.263636363636364,0.24820156437431
"percentile_latbin_OLS","q75","collection5_k1_tropical_temperate_polar","collection",NA,5,1,"tropical_temperate_polar","NH-SH slope vs signed k_median difference","k_median_diff_signed","slope_diff_signed",21,-0.0449917821580837,0.846449358191983
"percentile_latbin_OLS","q75","collection5_k2_tropical_temperate","collection",NA,5,2,"tropical_temperate","NH slope vs SH slope","slope_Northern","slope_Southern",16,-0.264705882352941,0.321804395868616
"percentile_latbin_OLS","q75","collection5_k2_tropical_temperate","collection",NA,5,2,"tropical_temperate","|NH-SH slope| vs sampling-profile dissimilarity","sampling_profile_dissim","slope_diff_abs",16,-0.135294117647059,0.617367408970642
"percentile_latbin_OLS","q75","collection5_k2_tropical_temperate","collection",NA,5,2,"tropical_temperate","|NH-SH slope| vs k_cv difference","k_cv_diff","slope_diff_abs",16,0.176470588235294,0.513250596736467
"percentile_latbin_OLS","q75","collection5_k2_tropical_temperate","collection",NA,5,2,"tropical_temperate","|NH-SH slope| vs k_median asymmetry","k_median_asym","slope_diff_abs",16,0.0980736558479552,0.717841181513544
"percentile_latbin_OLS","q75","collection5_k2_tropical_temperate","collection",NA,5,2,"tropical_temperate","|NH-SH slope| vs k_median difference","k_median_diff","slope_diff_abs",16,0.0421998650532673,0.87668355163561
"percentile_latbin_OLS","q75","collection5_k2_tropical_temperate","collection",NA,5,2,"tropical_temperate","NH-SH slope vs sampling-profile dissimilarity","sampling_profile_dissim","slope_diff_signed",16,-0.108823529411765,0.688288293957414
"percentile_latbin_OLS","q75","collection5_k2_tropical_temperate","collection",NA,5,2,"tropical_temperate","NH-SH slope vs signed k_cv difference","k_cv_diff_signed","slope_diff_signed",16,0.0323529411764706,0.905319518791845
"percentile_latbin_OLS","q75","collection5_k2_tropical_temperate","collection",NA,5,2,"tropical_temperate","NH-SH slope vs signed k_median difference","k_median_diff_signed","slope_diff_signed",16,0.1450687413436,0.591921193147118
"percentile_latbin_OLS","q75","collection5_k2_tropical_temperate_polar","collection",NA,5,2,"tropical_temperate_polar","NH slope vs SH slope","slope_Northern","slope_Southern",6,-0.428571428571429,0.396501457725947
"percentile_latbin_OLS","q75","collection5_k2_tropical_temperate_polar","collection",NA,5,2,"tropical_temperate_polar","|NH-SH slope| vs sampling-profile dissimilarity","sampling_profile_dissim","slope_diff_abs",6,-0.314285714285714,0.544093294460641
"percentile_latbin_OLS","q75","collection5_k2_tropical_temperate_polar","collection",NA,5,2,"tropical_temperate_polar","|NH-SH slope| vs k_cv difference","k_cv_diff","slope_diff_abs",6,0.257142857142857,0.622787172011662
"percentile_latbin_OLS","q75","collection5_k2_tropical_temperate_polar","collection",NA,5,2,"tropical_temperate_polar","|NH-SH slope| vs k_median asymmetry","k_median_asym","slope_diff_abs",6,0.257142857142857,0.622787172011662
"percentile_latbin_OLS","q75","collection5_k2_tropical_temperate_polar","collection",NA,5,2,"tropical_temperate_polar","|NH-SH slope| vs k_median difference","k_median_diff","slope_diff_abs",6,0.370328039909021,0.469901862873088
"percentile_latbin_OLS","q75","collection5_k2_tropical_temperate_polar","collection",NA,5,2,"tropical_temperate_polar","NH-SH slope vs sampling-profile dissimilarity","sampling_profile_dissim","slope_diff_signed",6,0.542857142857143,0.265702623906705
"percentile_latbin_OLS","q75","collection5_k2_tropical_temperate_polar","collection",NA,5,2,"tropical_temperate_polar","NH-SH slope vs signed k_cv difference","k_cv_diff_signed","slope_diff_signed",6,0.771428571428571,0.0723965014577259
"percentile_latbin_OLS","q75","collection5_k2_tropical_temperate_polar","collection",NA,5,2,"tropical_temperate_polar","NH-SH slope vs signed k_median difference","k_median_diff_signed","slope_diff_signed",6,-0.17654696590095,0.737930932435343
"percentile_latbin_OLS","q75","collection5_k3_tropical_temperate","collection",NA,5,3,"tropical_temperate","NH slope vs SH slope","slope_Northern","slope_Southern",3,-0.5,0.666666666666667
"percentile_latbin_OLS","q75","collection5_k3_tropical_temperate","collection",NA,5,3,"tropical_temperate","|NH-SH slope| vs sampling-profile dissimilarity","sampling_profile_dissim","slope_diff_abs",3,1,0
"percentile_latbin_OLS","q75","collection5_k3_tropical_temperate","collection",NA,5,3,"tropical_temperate","|NH-SH slope| vs k_cv difference","k_cv_diff","slope_diff_abs",3,0.5,0.666666666666667
"percentile_latbin_OLS","q75","collection5_k3_tropical_temperate","collection",NA,5,3,"tropical_temperate","|NH-SH slope| vs k_median asymmetry","k_median_asym","slope_diff_abs",3,0.5,0.666666666666667
"percentile_latbin_OLS","q75","collection5_k3_tropical_temperate","collection",NA,5,3,"tropical_temperate","|NH-SH slope| vs k_median difference","k_median_diff","slope_diff_abs",3,0.5,0.666666666666667
"percentile_latbin_OLS","q75","collection5_k3_tropical_temperate","collection",NA,5,3,"tropical_temperate","NH-SH slope vs sampling-profile dissimilarity","sampling_profile_dissim","slope_diff_signed",3,-1,0
"percentile_latbin_OLS","q75","collection5_k3_tropical_temperate","collection",NA,5,3,"tropical_temperate","NH-SH slope vs signed k_cv difference","k_cv_diff_signed","slope_diff_signed",3,-0.5,0.666666666666667
"percentile_latbin_OLS","q75","collection5_k3_tropical_temperate","collection",NA,5,3,"tropical_temperate","NH-SH slope vs signed k_median difference","k_median_diff_signed","slope_diff_signed",3,-1,0
"percentile_latbin_OLS","q75","collection5_k3_tropical_temperate_polar","collection",NA,5,3,"tropical_temperate_polar","NH slope vs SH slope","slope_Northern","slope_Southern",1,NA,NA
"percentile_latbin_OLS","q75","collection5_k3_tropical_temperate_polar","collection",NA,5,3,"tropical_temperate_polar","|NH-SH slope| vs sampling-profile dissimilarity","sampling_profile_dissim","slope_diff_abs",1,NA,NA
"percentile_latbin_OLS","q75","collection5_k3_tropical_temperate_polar","collection",NA,5,3,"tropical_temperate_polar","|NH-SH slope| vs k_cv difference","k_cv_diff","slope_diff_abs",1,NA,NA
"percentile_latbin_OLS","q75","collection5_k3_tropical_temperate_polar","collection",NA,5,3,"tropical_temperate_polar","|NH-SH slope| vs k_median asymmetry","k_median_asym","slope_diff_abs",1,NA,NA
"percentile_latbin_OLS","q75","collection5_k3_tropical_temperate_polar","collection",NA,5,3,"tropical_temperate_polar","|NH-SH slope| vs k_median difference","k_median_diff","slope_diff_abs",1,NA,NA
"percentile_latbin_OLS","q75","collection5_k3_tropical_temperate_polar","collection",NA,5,3,"tropical_temperate_polar","NH-SH slope vs sampling-profile dissimilarity","sampling_profile_dissim","slope_diff_signed",1,NA,NA
"percentile_latbin_OLS","q75","collection5_k3_tropical_temperate_polar","collection",NA,5,3,"tropical_temperate_polar","NH-SH slope vs signed k_cv difference","k_cv_diff_signed","slope_diff_signed",1,NA,NA
"percentile_latbin_OLS","q75","collection5_k3_tropical_temperate_polar","collection",NA,5,3,"tropical_temperate_polar","NH-SH slope vs signed k_median difference","k_median_diff_signed","slope_diff_signed",1,NA,NA
"percentile_latbin_OLS","q75","occurrence10_k1_tropical_temperate","occurrence",10,NA,1,"tropical_temperate","NH slope vs SH slope","slope_Northern","slope_Southern",52,-0.0630069153931529,0.65722630283757
"percentile_latbin_OLS","q75","occurrence10_k1_tropical_temperate","occurrence",10,NA,1,"tropical_temperate","|NH-SH slope| vs sampling-profile dissimilarity","sampling_profile_dissim","slope_diff_abs",52,-0.00461026210193802,0.974123501367652
"percentile_latbin_OLS","q75","occurrence10_k1_tropical_temperate","occurrence",10,NA,1,"tropical_temperate","|NH-SH slope| vs k_cv difference","k_cv_diff","slope_diff_abs",52,0.0454196192265005,0.749173949645235
"percentile_latbin_OLS","q75","occurrence10_k1_tropical_temperate","occurrence",10,NA,1,"tropical_temperate","|NH-SH slope| vs k_median asymmetry","k_median_asym","slope_diff_abs",52,-0.0953432788233564,0.501360169581694
"percentile_latbin_OLS","q75","occurrence10_k1_tropical_temperate","occurrence",10,NA,1,"tropical_temperate","|NH-SH slope| vs k_median difference","k_median_diff","slope_diff_abs",52,-0.118495850876637,0.402779482219623
"percentile_latbin_OLS","q75","occurrence10_k1_tropical_temperate","occurrence",10,NA,1,"tropical_temperate","NH-SH slope vs sampling-profile dissimilarity","sampling_profile_dissim","slope_diff_signed",52,0.0328694612823359,0.817061811687309
"percentile_latbin_OLS","q75","occurrence10_k1_tropical_temperate","occurrence",10,NA,1,"tropical_temperate","NH-SH slope vs signed k_cv difference","k_cv_diff_signed","slope_diff_signed",52,-0.0408093571245624,0.77392361877795
"percentile_latbin_OLS","q75","occurrence10_k1_tropical_temperate","occurrence",10,NA,1,"tropical_temperate","NH-SH slope vs signed k_median difference","k_median_diff_signed","slope_diff_signed",52,0.111971992579002,0.42935063553012
"percentile_latbin_OLS","q75","occurrence10_k1_tropical_temperate_polar","occurrence",10,NA,1,"tropical_temperate_polar","NH slope vs SH slope","slope_Northern","slope_Southern",19,-0.191228070175439,0.432902819250983
"percentile_latbin_OLS","q75","occurrence10_k1_tropical_temperate_polar","occurrence",10,NA,1,"tropical_temperate_polar","|NH-SH slope| vs sampling-profile dissimilarity","sampling_profile_dissim","slope_diff_abs",19,-0.256140350877193,0.289836713322067
"percentile_latbin_OLS","q75","occurrence10_k1_tropical_temperate_polar","occurrence",10,NA,1,"tropical_temperate_polar","|NH-SH slope| vs k_cv difference","k_cv_diff","slope_diff_abs",19,-0.375438596491228,0.113197580068068
"percentile_latbin_OLS","q75","occurrence10_k1_tropical_temperate_polar","occurrence",10,NA,1,"tropical_temperate_polar","|NH-SH slope| vs k_median asymmetry","k_median_asym","slope_diff_abs",19,-0.286280835210883,0.234744923929963
"percentile_latbin_OLS","q75","occurrence10_k1_tropical_temperate_polar","occurrence",10,NA,1,"tropical_temperate_polar","|NH-SH slope| vs k_median difference","k_median_diff","slope_diff_abs",19,-0.275896603526114,0.252902937135175
"percentile_latbin_OLS","q75","occurrence10_k1_tropical_temperate_polar","occurrence",10,NA,1,"tropical_temperate_polar","NH-SH slope vs sampling-profile dissimilarity","sampling_profile_dissim","slope_diff_signed",19,0.170175438596491,0.486099539787445
"percentile_latbin_OLS","q75","occurrence10_k1_tropical_temperate_polar","occurrence",10,NA,1,"tropical_temperate_polar","NH-SH slope vs signed k_cv difference","k_cv_diff_signed","slope_diff_signed",19,0.240350877192982,0.321602437142656
"percentile_latbin_OLS","q75","occurrence10_k1_tropical_temperate_polar","occurrence",10,NA,1,"tropical_temperate_polar","NH-SH slope vs signed k_median difference","k_median_diff_signed","slope_diff_signed",19,-0.236122290756999,0.330446537662151
"percentile_latbin_OLS","q75","occurrence10_k2_tropical_temperate","occurrence",10,NA,2,"tropical_temperate","NH slope vs SH slope","slope_Northern","slope_Southern",17,-0.377450980392157,0.135272639034476
"percentile_latbin_OLS","q75","occurrence10_k2_tropical_temperate","occurrence",10,NA,2,"tropical_temperate","|NH-SH slope| vs sampling-profile dissimilarity","sampling_profile_dissim","slope_diff_abs",17,-0.286764705882353,0.264446347071011
"percentile_latbin_OLS","q75","occurrence10_k2_tropical_temperate","occurrence",10,NA,2,"tropical_temperate","|NH-SH slope| vs k_cv difference","k_cv_diff","slope_diff_abs",17,0.21078431372549,0.416749848551334
"percentile_latbin_OLS","q75","occurrence10_k2_tropical_temperate","occurrence",10,NA,2,"tropical_temperate","|NH-SH slope| vs k_median asymmetry","k_median_asym","slope_diff_abs",17,0.264534006647213,0.304868082559356
"percentile_latbin_OLS","q75","occurrence10_k2_tropical_temperate","occurrence",10,NA,2,"tropical_temperate","|NH-SH slope| vs k_median difference","k_median_diff","slope_diff_abs",17,0.155928590996636,0.550097521690839
"percentile_latbin_OLS","q75","occurrence10_k2_tropical_temperate","occurrence",10,NA,2,"tropical_temperate","NH-SH slope vs sampling-profile dissimilarity","sampling_profile_dissim","slope_diff_signed",17,0.284313725490196,0.268731899367844
"percentile_latbin_OLS","q75","occurrence10_k2_tropical_temperate","occurrence",10,NA,2,"tropical_temperate","NH-SH slope vs signed k_cv difference","k_cv_diff_signed","slope_diff_signed",17,-0.0735294117647059,0.779127287251723
"percentile_latbin_OLS","q75","occurrence10_k2_tropical_temperate","occurrence",10,NA,2,"tropical_temperate","NH-SH slope vs signed k_median difference","k_median_diff_signed","slope_diff_signed",17,0.164818180671122,0.52729060009358
"percentile_latbin_OLS","q75","occurrence10_k2_tropical_temperate_polar","occurrence",10,NA,2,"tropical_temperate_polar","NH slope vs SH slope","slope_Northern","slope_Southern",4,-0.8,0.2
"percentile_latbin_OLS","q75","occurrence10_k2_tropical_temperate_polar","occurrence",10,NA,2,"tropical_temperate_polar","|NH-SH slope| vs sampling-profile dissimilarity","sampling_profile_dissim","slope_diff_abs",4,-0.6,0.4
"percentile_latbin_OLS","q75","occurrence10_k2_tropical_temperate_polar","occurrence",10,NA,2,"tropical_temperate_polar","|NH-SH slope| vs k_cv difference","k_cv_diff","slope_diff_abs",4,-0.4,0.6
"percentile_latbin_OLS","q75","occurrence10_k2_tropical_temperate_polar","occurrence",10,NA,2,"tropical_temperate_polar","|NH-SH slope| vs k_median asymmetry","k_median_asym","slope_diff_abs",4,1,0
"percentile_latbin_OLS","q75","occurrence10_k2_tropical_temperate_polar","occurrence",10,NA,2,"tropical_temperate_polar","|NH-SH slope| vs k_median difference","k_median_diff","slope_diff_abs",4,0.948683298050514,0.0513167019494861
"percentile_latbin_OLS","q75","occurrence10_k2_tropical_temperate_polar","occurrence",10,NA,2,"tropical_temperate_polar","NH-SH slope vs sampling-profile dissimilarity","sampling_profile_dissim","slope_diff_signed",4,0.4,0.6
"percentile_latbin_OLS","q75","occurrence10_k2_tropical_temperate_polar","occurrence",10,NA,2,"tropical_temperate_polar","NH-SH slope vs signed k_cv difference","k_cv_diff_signed","slope_diff_signed",4,0.8,0.2
"percentile_latbin_OLS","q75","occurrence10_k2_tropical_temperate_polar","occurrence",10,NA,2,"tropical_temperate_polar","NH-SH slope vs signed k_median difference","k_median_diff_signed","slope_diff_signed",4,-0.105409255338946,0.894590744661054
"percentile_latbin_OLS","q75","occurrence10_k3_tropical_temperate","occurrence",10,NA,3,"tropical_temperate","NH slope vs SH slope","slope_Northern","slope_Southern",3,-0.5,0.666666666666667
"percentile_latbin_OLS","q75","occurrence10_k3_tropical_temperate","occurrence",10,NA,3,"tropical_temperate","|NH-SH slope| vs sampling-profile dissimilarity","sampling_profile_dissim","slope_diff_abs",3,0.5,0.666666666666667
"percentile_latbin_OLS","q75","occurrence10_k3_tropical_temperate","occurrence",10,NA,3,"tropical_temperate","|NH-SH slope| vs k_cv difference","k_cv_diff","slope_diff_abs",3,-1,0
"percentile_latbin_OLS","q75","occurrence10_k3_tropical_temperate","occurrence",10,NA,3,"tropical_temperate","|NH-SH slope| vs k_median asymmetry","k_median_asym","slope_diff_abs",3,-0.866025403784439,0.333333333333333
"percentile_latbin_OLS","q75","occurrence10_k3_tropical_temperate","occurrence",10,NA,3,"tropical_temperate","|NH-SH slope| vs k_median difference","k_median_diff","slope_diff_abs",3,-0.866025403784439,0.333333333333333
"percentile_latbin_OLS","q75","occurrence10_k3_tropical_temperate","occurrence",10,NA,3,"tropical_temperate","NH-SH slope vs sampling-profile dissimilarity","sampling_profile_dissim","slope_diff_signed",3,-1,0
"percentile_latbin_OLS","q75","occurrence10_k3_tropical_temperate","occurrence",10,NA,3,"tropical_temperate","NH-SH slope vs signed k_cv difference","k_cv_diff_signed","slope_diff_signed",3,-0.5,0.666666666666667
"percentile_latbin_OLS","q75","occurrence10_k3_tropical_temperate","occurrence",10,NA,3,"tropical_temperate","NH-SH slope vs signed k_median difference","k_median_diff_signed","slope_diff_signed",3,0,1
"percentile_latbin_OLS","q75","occurrence5_k1_tropical_temperate","occurrence",5,NA,1,"tropical_temperate","NH slope vs SH slope","slope_Northern","slope_Southern",55,0.0896103896103896,0.51529508357988
"percentile_latbin_OLS","q75","occurrence5_k1_tropical_temperate","occurrence",5,NA,1,"tropical_temperate","|NH-SH slope| vs sampling-profile dissimilarity","sampling_profile_dissim","slope_diff_abs",55,0.0488455988455988,0.723234169647134
"percentile_latbin_OLS","q75","occurrence5_k1_tropical_temperate","occurrence",5,NA,1,"tropical_temperate","|NH-SH slope| vs k_cv difference","k_cv_diff","slope_diff_abs",55,-0.0991341991341991,0.47147026413149
"percentile_latbin_OLS","q75","occurrence5_k1_tropical_temperate","occurrence",5,NA,1,"tropical_temperate","|NH-SH slope| vs k_median asymmetry","k_median_asym","slope_diff_abs",55,-0.19699075027013,0.14943364262701
"percentile_latbin_OLS","q75","occurrence5_k1_tropical_temperate","occurrence",5,NA,1,"tropical_temperate","|NH-SH slope| vs k_median difference","k_median_diff","slope_diff_abs",55,-0.178860311683773,0.191361870124151
"percentile_latbin_OLS","q75","occurrence5_k1_tropical_temperate","occurrence",5,NA,1,"tropical_temperate","NH-SH slope vs sampling-profile dissimilarity","sampling_profile_dissim","slope_diff_signed",55,0.116450216450216,0.397180503393586
"percentile_latbin_OLS","q75","occurrence5_k1_tropical_temperate","occurrence",5,NA,1,"tropical_temperate","NH-SH slope vs signed k_cv difference","k_cv_diff_signed","slope_diff_signed",55,0.00108225108225108,0.993743185721645
"percentile_latbin_OLS","q75","occurrence5_k1_tropical_temperate","occurrence",5,NA,1,"tropical_temperate","NH-SH slope vs signed k_median difference","k_median_diff_signed","slope_diff_signed",55,0.145812020327747,0.288134526512211
"percentile_latbin_OLS","q75","occurrence5_k1_tropical_temperate_polar","occurrence",5,NA,1,"tropical_temperate_polar","NH slope vs SH slope","slope_Northern","slope_Southern",25,0.0515384615384615,0.806718362348041
"percentile_latbin_OLS","q75","occurrence5_k1_tropical_temperate_polar","occurrence",5,NA,1,"tropical_temperate_polar","|NH-SH slope| vs sampling-profile dissimilarity","sampling_profile_dissim","slope_diff_abs",25,-0.0353846153846154,0.866648229603668
"percentile_latbin_OLS","q75","occurrence5_k1_tropical_temperate_polar","occurrence",5,NA,1,"tropical_temperate_polar","|NH-SH slope| vs k_cv difference","k_cv_diff","slope_diff_abs",25,-0.285384615384615,0.166717948031417
"percentile_latbin_OLS","q75","occurrence5_k1_tropical_temperate_polar","occurrence",5,NA,1,"tropical_temperate_polar","|NH-SH slope| vs k_median asymmetry","k_median_asym","slope_diff_abs",25,-0.432896469942995,0.0306574647676351
"percentile_latbin_OLS","q75","occurrence5_k1_tropical_temperate_polar","occurrence",5,NA,1,"tropical_temperate_polar","|NH-SH slope| vs k_median difference","k_median_diff","slope_diff_abs",25,-0.392138990585624,0.0525284482536319
"percentile_latbin_OLS","q75","occurrence5_k1_tropical_temperate_polar","occurrence",5,NA,1,"tropical_temperate_polar","NH-SH slope vs sampling-profile dissimilarity","sampling_profile_dissim","slope_diff_signed",25,-0.0184615384615385,0.93020330070154
"percentile_latbin_OLS","q75","occurrence5_k1_tropical_temperate_polar","occurrence",5,NA,1,"tropical_temperate_polar","NH-SH slope vs signed k_cv difference","k_cv_diff_signed","slope_diff_signed",25,0.0492307692307692,0.815223274483154
"percentile_latbin_OLS","q75","occurrence5_k1_tropical_temperate_polar","occurrence",5,NA,1,"tropical_temperate_polar","NH-SH slope vs signed k_median difference","k_median_diff_signed","slope_diff_signed",25,0.0311047729228663,0.882660878738075
"percentile_latbin_OLS","q75","occurrence5_k2_tropical_temperate","occurrence",5,NA,2,"tropical_temperate","NH slope vs SH slope","slope_Northern","slope_Southern",26,0.00991452991452991,0.961661183496459
"percentile_latbin_OLS","q75","occurrence5_k2_tropical_temperate","occurrence",5,NA,2,"tropical_temperate","|NH-SH slope| vs sampling-profile dissimilarity","sampling_profile_dissim","slope_diff_abs",26,-0.152136752136752,0.458128900537106
"percentile_latbin_OLS","q75","occurrence5_k2_tropical_temperate","occurrence",5,NA,2,"tropical_temperate","|NH-SH slope| vs k_cv difference","k_cv_diff","slope_diff_abs",26,0.0618803418803419,0.763949236874606
"percentile_latbin_OLS","q75","occurrence5_k2_tropical_temperate","occurrence",5,NA,2,"tropical_temperate","|NH-SH slope| vs k_median asymmetry","k_median_asym","slope_diff_abs",26,0.0609625806172951,0.767354854027382
"percentile_latbin_OLS","q75","occurrence5_k2_tropical_temperate","occurrence",5,NA,2,"tropical_temperate","|NH-SH slope| vs k_median difference","k_median_diff","slope_diff_abs",26,-0.00673854199940206,0.97393746095551
"percentile_latbin_OLS","q75","occurrence5_k2_tropical_temperate","occurrence",5,NA,2,"tropical_temperate","NH-SH slope vs sampling-profile dissimilarity","sampling_profile_dissim","slope_diff_signed",26,0.136410256410256,0.506391452215781
"percentile_latbin_OLS","q75","occurrence5_k2_tropical_temperate","occurrence",5,NA,2,"tropical_temperate","NH-SH slope vs signed k_cv difference","k_cv_diff_signed","slope_diff_signed",26,-0.00717948717948718,0.972232649900278
"percentile_latbin_OLS","q75","occurrence5_k2_tropical_temperate","occurrence",5,NA,2,"tropical_temperate","NH-SH slope vs signed k_median difference","k_median_diff_signed","slope_diff_signed",26,0.247425181992094,0.222982316781497
"percentile_latbin_OLS","q75","occurrence5_k2_tropical_temperate_polar","occurrence",5,NA,2,"tropical_temperate_polar","NH slope vs SH slope","slope_Northern","slope_Southern",8,-0.523809523809524,0.182720750539715
"percentile_latbin_OLS","q75","occurrence5_k2_tropical_temperate_polar","occurrence",5,NA,2,"tropical_temperate_polar","|NH-SH slope| vs sampling-profile dissimilarity","sampling_profile_dissim","slope_diff_abs",8,-0.166666666666667,0.693238811728395
"percentile_latbin_OLS","q75","occurrence5_k2_tropical_temperate_polar","occurrence",5,NA,2,"tropical_temperate_polar","|NH-SH slope| vs k_cv difference","k_cv_diff","slope_diff_abs",8,0.285714285714286,0.492726245016957
"percentile_latbin_OLS","q75","occurrence5_k2_tropical_temperate_polar","occurrence",5,NA,2,"tropical_temperate_polar","|NH-SH slope| vs k_median asymmetry","k_median_asym","slope_diff_abs",8,0.454201469929719,0.258249935510601
"percentile_latbin_OLS","q75","occurrence5_k2_tropical_temperate_polar","occurrence",5,NA,2,"tropical_temperate_polar","|NH-SH slope| vs k_median difference","k_median_diff","slope_diff_abs",8,0.483196756951126,0.225148916797635
"percentile_latbin_OLS","q75","occurrence5_k2_tropical_temperate_polar","occurrence",5,NA,2,"tropical_temperate_polar","NH-SH slope vs sampling-profile dissimilarity","sampling_profile_dissim","slope_diff_signed",8,-0.0714285714285714,0.866526270675909
"percentile_latbin_OLS","q75","occurrence5_k2_tropical_temperate_polar","occurrence",5,NA,2,"tropical_temperate_polar","NH-SH slope vs signed k_cv difference","k_cv_diff_signed","slope_diff_signed",8,0.666666666666667,0.0709876543209875
"percentile_latbin_OLS","q75","occurrence5_k2_tropical_temperate_polar","occurrence",5,NA,2,"tropical_temperate_polar","NH-SH slope vs signed k_median difference","k_median_diff_signed","slope_diff_signed",8,-0.153242833271639,0.717136318809761
"percentile_latbin_OLS","q75","occurrence5_k3_tropical_temperate","occurrence",5,NA,3,"tropical_temperate","NH slope vs SH slope","slope_Northern","slope_Southern",6,0.257142857142857,0.622787172011662
"percentile_latbin_OLS","q75","occurrence5_k3_tropical_temperate","occurrence",5,NA,3,"tropical_temperate","|NH-SH slope| vs sampling-profile dissimilarity","sampling_profile_dissim","slope_diff_abs",6,0.0857142857142857,0.871743440233236
"percentile_latbin_OLS","q75","occurrence5_k3_tropical_temperate","occurrence",5,NA,3,"tropical_temperate","|NH-SH slope| vs k_cv difference","k_cv_diff","slope_diff_abs",6,0.371428571428571,0.468478134110787
"percentile_latbin_OLS","q75","occurrence5_k3_tropical_temperate","occurrence",5,NA,3,"tropical_temperate","|NH-SH slope| vs k_median asymmetry","k_median_asym","slope_diff_abs",6,-0.142857142857143,0.787172011661808
"percentile_latbin_OLS","q75","occurrence5_k3_tropical_temperate","occurrence",5,NA,3,"tropical_temperate","|NH-SH slope| vs k_median difference","k_median_diff","slope_diff_abs",6,-0.264820448851425,0.612055238565705
"percentile_latbin_OLS","q75","occurrence5_k3_tropical_temperate","occurrence",5,NA,3,"tropical_temperate","NH-SH slope vs sampling-profile dissimilarity","sampling_profile_dissim","slope_diff_signed",6,-0.0285714285714286,0.957154518950437
"percentile_latbin_OLS","q75","occurrence5_k3_tropical_temperate","occurrence",5,NA,3,"tropical_temperate","NH-SH slope vs signed k_cv difference","k_cv_diff_signed","slope_diff_signed",6,-0.542857142857143,0.265702623906705
"percentile_latbin_OLS","q75","occurrence5_k3_tropical_temperate","occurrence",5,NA,3,"tropical_temperate","NH-SH slope vs signed k_median difference","k_median_diff_signed","slope_diff_signed",6,0.257142857142857,0.622787172011662
"percentile_latbin_OLS","q75","occurrence5_k3_tropical_temperate_polar","occurrence",5,NA,3,"tropical_temperate_polar","NH slope vs SH slope","slope_Northern","slope_Southern",2,NA,NA
"percentile_latbin_OLS","q75","occurrence5_k3_tropical_temperate_polar","occurrence",5,NA,3,"tropical_temperate_polar","|NH-SH slope| vs sampling-profile dissimilarity","sampling_profile_dissim","slope_diff_abs",2,NA,NA
"percentile_latbin_OLS","q75","occurrence5_k3_tropical_temperate_polar","occurrence",5,NA,3,"tropical_temperate_polar","|NH-SH slope| vs k_cv difference","k_cv_diff","slope_diff_abs",2,NA,NA
"percentile_latbin_OLS","q75","occurrence5_k3_tropical_temperate_polar","occurrence",5,NA,3,"tropical_temperate_polar","|NH-SH slope| vs k_median asymmetry","k_median_asym","slope_diff_abs",2,NA,NA
"percentile_latbin_OLS","q75","occurrence5_k3_tropical_temperate_polar","occurrence",5,NA,3,"tropical_temperate_polar","|NH-SH slope| vs k_median difference","k_median_diff","slope_diff_abs",2,NA,NA
"percentile_latbin_OLS","q75","occurrence5_k3_tropical_temperate_polar","occurrence",5,NA,3,"tropical_temperate_polar","NH-SH slope vs sampling-profile dissimilarity","sampling_profile_dissim","slope_diff_signed",2,NA,NA
"percentile_latbin_OLS","q75","occurrence5_k3_tropical_temperate_polar","occurrence",5,NA,3,"tropical_temperate_polar","NH-SH slope vs signed k_cv difference","k_cv_diff_signed","slope_diff_signed",2,NA,NA
"percentile_latbin_OLS","q75","occurrence5_k3_tropical_temperate_polar","occurrence",5,NA,3,"tropical_temperate_polar","NH-SH slope vs signed k_median difference","k_median_diff_signed","slope_diff_signed",2,NA,NA
